nohup: ignoring input
Device: cuda
Tokenizer: gpt2 (vocab_size=50,257)
Dataset: HuggingFaceFW/fineweb-edu (sample-10BT)
  Streaming mode — data loaded on the fly from HuggingFace Hub
Model: 291,169,129 parameters (291.2M)
Config: d_model=768, d_latent=768, n_layers=24, n_heads=12, thought_steps=8, history_len=8, nlm_hidden=64, nlm_groups=1
Optimizer: adamuon — 213.5M params on AdaMuon, 77.7M params on AdamW (embeddings/LM-head/1D)

======================================================================
Starting training for 2,441,406 steps
Target: ~3.7B tokens from FineWeb-Edu
======================================================================

Step      0 | loss 10.9901 | lr 0.00e+00 | grad 1.85 | 0.9k tok/s | cert -10.67→-10.67 | ticks [0.000 0.000 0.000 0.000 0.000 0.000 0.000 10.990] | 0M tok | ETA 16396.3h
Step     10 | loss 10.9975 | lr 1.50e-06 | grad 2.05 | 0.9k tok/s | cert -10.67→-10.67 | ticks [0.000 0.000 0.000 0.000 0.000 0.000 0.000 10.972] | 0M tok | ETA 2762.2h
Step     20 | loss 10.9888 | lr 3.00e-06 | grad 2.00 | 0.9k tok/s | cert -10.67→-10.67 | ticks [0.000 0.000 0.000 0.000 0.000 0.000 0.000 10.994] | 0M tok | ETA 1953.7h
Step     30 | loss 10.9780 | lr 4.50e-06 | grad 2.23 | 0.9k tok/s | cert -10.67→-10.67 | ticks [0.000 0.000 0.000 0.000 0.000 0.000 0.000 10.942] | 0M tok | ETA 1690.7h
Step     40 | loss 10.9556 | lr 6.00e-06 | grad 2.55 | 0.9k tok/s | cert -10.67→-10.67 | ticks [0.000 0.000 0.000 0.000 0.000 0.000 0.000 10.927] | 0M tok | ETA 1560.1h
Step     50 | loss 10.9562 | lr 7.50e-06 | grad 2.34 | 0.9k tok/s | cert -10.67→-10.67 | ticks [0.000 0.000 0.000 0.000 0.000 0.000 0.000 10.951] | 0M tok | ETA 1483.6h
Step     60 | loss 10.9515 | lr 9.00e-06 | grad 2.31 | 0.9k tok/s | cert -10.67→-10.67 | ticks [0.000 0.000 0.000 0.000 0.000 0.000 0.000 10.925] | 0M tok | ETA 1433.6h
Step     70 | loss 10.9453 | lr 1.05e-05 | grad 2.23 | 0.9k tok/s | cert -10.67→-10.67 | ticks [0.000 0.000 0.000 0.000 0.000 0.000 0.000 10.952] | 0M tok | ETA 1398.5h
Step     80 | loss 10.9349 | lr 1.20e-05 | grad 2.33 | 0.9k tok/s | cert -10.67→-10.67 | ticks [0.000 0.000 0.000 0.000 0.000 0.000 0.000 10.921] | 0M tok | ETA 1372.6h
Step     90 | loss 10.9301 | lr 1.35e-05 | grad 2.52 | 0.9k tok/s | cert -10.67→-10.67 | ticks [0.000 0.000 0.000 0.000 0.000 0.000 0.000 10.885] | 0M tok | ETA 1352.8h
Step    100 | loss 10.9075 | lr 1.50e-05 | grad 2.53 | 0.9k tok/s | cert -10.67→-10.67 | ticks [0.000 0.000 0.000 0.000 0.000 0.000 0.000 10.847] | 0M tok | ETA 1337.1h
Step    110 | loss 10.9052 | lr 1.65e-05 | grad 2.33 | 0.9k tok/s | cert -10.67→-10.67 | ticks [0.000 0.000 0.000 0.000 0.000 0.000 0.000 10.897] | 0M tok | ETA 1324.3h
Step    120 | loss 10.8801 | lr 1.80e-05 | grad 2.06 | 0.9k tok/s | cert -10.67→-10.67 | ticks [0.000 0.000 0.000 0.000 0.000 0.000 0.000 10.905] | 0M tok | ETA 1313.8h
Step    130 | loss 10.8705 | lr 1.95e-05 | grad 2.47 | 0.9k tok/s | cert -10.67→-10.67 | ticks [0.000 0.000 0.000 0.000 0.000 0.000 0.000 10.853] | 0M tok | ETA 1304.9h
Step    140 | loss 10.8393 | lr 2.10e-05 | grad 2.34 | 0.9k tok/s | cert -10.67→-10.67 | ticks [0.000 0.000 0.000 0.000 0.000 0.000 0.000 10.826] | 0M tok | ETA 1297.2h
Step    150 | loss 10.8211 | lr 2.25e-05 | grad 2.23 | 0.9k tok/s | cert -10.67→-10.67 | ticks [0.000 0.000 0.000 0.000 0.000 0.000 0.000 10.788] | 0M tok | ETA 1290.5h
Step    160 | loss 10.8089 | lr 2.40e-05 | grad 2.03 | 0.9k tok/s | cert -10.67→-10.67 | ticks [0.000 0.000 0.000 0.000 0.000 0.000 0.000 10.820] | 0M tok | ETA 1284.4h
Step    170 | loss 10.7644 | lr 2.55e-05 | grad 2.12 | 0.9k tok/s | cert -10.67→-10.67 | ticks [0.000 0.000 0.000 0.000 0.000 0.000 0.000 10.748] | 0M tok | ETA 1279.1h
Step    180 | loss 10.7115 | lr 2.70e-05 | grad 2.23 | 0.9k tok/s | cert -10.67→-10.67 | ticks [0.000 0.000 0.000 0.000 0.000 0.000 0.000 10.722] | 0M tok | ETA 1274.2h
Step    190 | loss 10.6934 | lr 2.85e-05 | grad 2.52 | 0.9k tok/s | cert -10.67→-10.67 | ticks [0.000 0.000 0.000 0.000 0.000 0.000 0.000 10.718] | 0M tok | ETA 1269.7h
Step    200 | loss 10.6790 | lr 3.00e-05 | grad 2.42 | 0.9k tok/s | cert -10.67→-10.67 | ticks [0.000 0.000 0.000 0.000 0.000 0.000 0.000 10.720] | 0M tok | ETA 1265.7h
Step    210 | loss 10.6928 | lr 3.15e-05 | grad 2.41 | 0.9k tok/s | cert -10.67→-10.67 | ticks [0.000 0.000 0.000 0.000 0.000 0.000 0.000 10.673] | 0M tok | ETA 1262.0h
Step    220 | loss 10.6044 | lr 3.30e-05 | grad 2.30 | 0.9k tok/s | cert -10.67→-10.67 | ticks [0.000 0.000 0.000 0.000 0.000 0.000 0.000 10.610] | 0M tok | ETA 1258.6h
Step    230 | loss 10.5184 | lr 3.45e-05 | grad 2.31 | 0.9k tok/s | cert -10.67→-10.67 | ticks [0.000 0.000 0.000 0.000 0.000 0.000 0.000 10.534] | 0M tok | ETA 1255.5h
Step    240 | loss 10.4661 | lr 3.60e-05 | grad 2.41 | 0.9k tok/s | cert -10.67→-10.66 | ticks [0.000 0.000 0.000 0.000 0.000 0.000 0.000 10.478] | 0M tok | ETA 1252.6h
Step    250 | loss 10.4059 | lr 3.75e-05 | grad 2.88 | 0.9k tok/s | cert -10.67→-10.66 | ticks [0.000 0.000 0.000 0.000 0.000 0.000 0.000 10.369] | 0M tok | ETA 1250.0h
Step    260 | loss 10.2851 | lr 3.90e-05 | grad 2.91 | 0.9k tok/s | cert -10.66→-10.65 | ticks [0.000 0.000 0.000 0.000 0.000 0.000 0.000 10.235] | 0M tok | ETA 1247.6h
Step    270 | loss 10.2669 | lr 4.05e-05 | grad 2.47 | 0.9k tok/s | cert -10.66→-10.65 | ticks [0.000 0.000 0.000 0.000 0.000 0.000 0.000 10.442] | 0M tok | ETA 1245.3h
Step    280 | loss 10.1365 | lr 4.20e-05 | grad 3.09 | 0.9k tok/s | cert -10.66→-10.63 | ticks [0.000 0.000 0.000 0.000 0.000 0.000 0.000 10.010] | 0M tok | ETA 1243.3h
Step    290 | loss 10.0295 | lr 4.35e-05 | grad 2.53 | 0.9k tok/s | cert -10.65→-10.63 | ticks [0.000 0.000 0.000 0.000 0.000 0.000 0.000 10.075] | 0M tok | ETA 1241.3h
Step    300 | loss 9.8913 | lr 4.50e-05 | grad 2.80 | 0.9k tok/s | cert -10.65→-10.62 | ticks [0.000 0.000 0.000 0.000 0.000 0.000 0.000 9.869] | 0M tok | ETA 1239.5h
Step    310 | loss 9.9226 | lr 4.65e-05 | grad 3.06 | 0.9k tok/s | cert -10.65→-10.63 | ticks [0.000 0.000 0.000 0.000 0.000 0.000 0.000 10.201] | 0M tok | ETA 1237.9h
Step    320 | loss 9.8581 | lr 4.80e-05 | grad 2.95 | 0.9k tok/s | cert -10.64→-10.58 | ticks [0.000 0.000 0.000 0.000 0.000 0.000 0.000 9.601] | 0M tok | ETA 1236.3h
Step    330 | loss 9.6360 | lr 4.95e-05 | grad 3.06 | 0.9k tok/s | cert -10.63→-10.57 | ticks [0.000 0.000 0.000 0.000 0.000 0.000 0.000 9.538] | 1M tok | ETA 1234.8h
Step    340 | loss 9.4422 | lr 5.10e-05 | grad 2.80 | 0.9k tok/s | cert -10.62→-10.55 | ticks [0.000 0.000 0.000 0.000 0.000 0.000 0.000 9.490] | 1M tok | ETA 1233.5h
Step    350 | loss 9.3321 | lr 5.25e-05 | grad 3.19 | 0.9k tok/s | cert -10.61→-10.51 | ticks [0.000 0.000 0.000 0.000 0.000 0.000 0.000 9.193] | 1M tok | ETA 1232.2h
Step    360 | loss 9.1475 | lr 5.40e-05 | grad 3.05 | 0.9k tok/s | cert -10.60→-10.50 | ticks [0.000 0.000 0.000 0.000 0.000 0.000 0.000 9.207] | 1M tok | ETA 1231.0h
Step    370 | loss 9.0720 | lr 5.55e-05 | grad 3.02 | 0.9k tok/s | cert -10.59→-10.44 | ticks [0.000 0.000 0.000 0.000 0.000 0.000 0.000 9.075] | 1M tok | ETA 1229.8h
Step    380 | loss 9.0032 | lr 5.70e-05 | grad 3.11 | 0.9k tok/s | cert -10.57→-10.40 | ticks [0.000 0.000 0.000 0.000 0.000 0.000 0.000 8.851] | 1M tok | ETA 1228.7h
Step    390 | loss 8.8295 | lr 5.85e-05 | grad 3.12 | 0.9k tok/s | cert -10.55→-10.35 | ticks [0.000 0.000 0.000 0.000 0.000 0.000 0.000 8.777] | 1M tok | ETA 1227.7h
Step    400 | loss 8.6066 | lr 6.00e-05 | grad 2.86 | 0.9k tok/s | cert -10.53→-10.29 | ticks [0.000 0.000 0.000 0.000 0.000 0.000 0.000 8.719] | 1M tok | ETA 1226.8h
Step    410 | loss 8.5124 | lr 6.15e-05 | grad 3.77 | 0.9k tok/s | cert -10.50→-10.20 | ticks [0.000 0.000 0.000 0.000 0.000 0.000 0.000 8.484] | 1M tok | ETA 1225.8h
Step    420 | loss 8.5434 | lr 6.30e-05 | grad 2.80 | 0.9k tok/s | cert -10.43→-10.00 | ticks [0.000 0.000 0.000 0.000 0.000 0.000 0.000 8.277] | 1M tok | ETA 1225.0h
Step    430 | loss 8.2520 | lr 6.45e-05 | grad 3.14 | 0.9k tok/s | cert -10.35→-9.75 | ticks [0.000 0.000 0.000 0.000 0.000 0.000 0.000 7.993] | 1M tok | ETA 1224.1h
Step    440 | loss 8.1572 | lr 6.60e-05 | grad 2.14 | 0.9k tok/s | cert -10.27→-9.49 | ticks [0.000 0.000 0.000 0.000 0.000 0.000 0.000 8.045] | 1M tok | ETA 1223.3h
Step    450 | loss 8.0255 | lr 6.75e-05 | grad 2.00 | 0.9k tok/s | cert -10.11→-9.10 | ticks [0.000 0.000 0.000 0.000 0.000 0.000 0.000 7.976] | 1M tok | ETA 1222.6h
Step    460 | loss 7.9263 | lr 6.90e-05 | grad 1.76 | 0.9k tok/s | cert -9.98→-8.75 | ticks [0.000 0.000 0.000 0.000 0.000 0.000 0.000 7.931] | 1M tok | ETA 1221.8h
Step    470 | loss 7.9545 | lr 7.05e-05 | grad 1.66 | 0.9k tok/s | cert -9.84→-8.42 | ticks [0.000 0.000 0.000 0.000 0.000 0.000 0.000 7.707] | 1M tok | ETA 1221.1h
Step    480 | loss 7.7001 | lr 7.20e-05 | grad 1.80 | 0.9k tok/s | cert -9.63→-8.16 | ticks [0.000 0.000 0.000 0.000 0.000 0.000 0.000 7.654] | 1M tok | ETA 1220.5h
Step    490 | loss 7.7358 | lr 7.35e-05 | grad 1.76 | 0.9k tok/s | cert -9.61→-7.99 | ticks [0.000 0.000 0.000 0.000 0.000 0.000 0.000 7.517] | 1M tok | ETA 1219.8h
Step    500 | loss 7.6137 | lr 7.50e-05 | grad 1.79 | 0.9k tok/s | cert -9.38→-7.90 | ticks [0.000 0.000 0.000 0.000 0.000 0.000 0.000 7.588] | 1M tok | ETA 1219.2h
Step    510 | loss 7.5526 | lr 7.65e-05 | grad 1.42 | 0.9k tok/s | cert -9.33→-7.76 | ticks [0.000 0.000 0.000 0.000 0.000 0.000 0.000 7.781] | 1M tok | ETA 1218.6h
Step    520 | loss 7.5874 | lr 7.80e-05 | grad 1.66 | 0.9k tok/s | cert -9.26→-7.71 | ticks [0.000 0.000 0.000 0.000 0.000 0.000 0.000 7.639] | 1M tok | ETA 1218.1h
Step    530 | loss 7.4883 | lr 7.95e-05 | grad 2.39 | 0.9k tok/s | cert -9.22→-7.67 | ticks [0.000 0.000 0.000 0.000 0.000 0.000 0.000 7.732] | 1M tok | ETA 1217.5h
Step    540 | loss 7.7563 | lr 8.10e-05 | grad 2.97 | 0.9k tok/s | cert -9.34→-7.66 | ticks [0.000 0.000 0.000 0.000 0.000 0.000 0.000 8.917] | 1M tok | ETA 1217.0h
Step    550 | loss 7.7072 | lr 8.25e-05 | grad 1.74 | 0.9k tok/s | cert -8.90→-7.57 | ticks [0.000 0.000 0.000 0.000 0.000 0.000 0.000 6.972] | 1M tok | ETA 1216.5h
Step    560 | loss 7.3210 | lr 8.40e-05 | grad 1.69 | 0.9k tok/s | cert -8.89→-7.50 | ticks [0.000 0.000 0.000 0.000 0.000 0.000 0.000 7.570] | 1M tok | ETA 1216.0h
Step    570 | loss 7.6351 | lr 8.55e-05 | grad 2.02 | 0.9k tok/s | cert -8.89→-7.42 | ticks [0.000 0.000 0.000 0.000 0.000 0.000 0.000 7.363] | 1M tok | ETA 1215.6h
Step    580 | loss 7.4136 | lr 8.70e-05 | grad 1.54 | 0.9k tok/s | cert -8.75→-7.36 | ticks [0.000 0.000 0.000 0.000 0.000 0.000 0.000 7.614] | 1M tok | ETA 1215.1h
Step    590 | loss 7.3722 | lr 8.85e-05 | grad 1.60 | 0.9k tok/s | cert -8.75→-7.36 | ticks [0.000 0.000 0.000 0.000 0.000 0.000 0.000 7.666] | 1M tok | ETA 1214.7h
Step    600 | loss 7.6423 | lr 9.00e-05 | grad 1.82 | 0.9k tok/s | cert -8.70→-7.46 | ticks [0.000 0.000 0.000 0.000 0.000 0.000 0.000 7.646] | 1M tok | ETA 1214.2h
Step    610 | loss 7.5825 | lr 9.15e-05 | grad 1.93 | 0.9k tok/s | cert -8.69→-7.51 | ticks [0.000 0.000 0.000 0.000 0.000 0.000 0.000 7.907] | 1M tok | ETA 1213.8h
Step    620 | loss 7.4465 | lr 9.30e-05 | grad 1.79 | 0.9k tok/s | cert -8.62→-7.51 | ticks [0.000 0.000 0.000 0.000 0.000 0.000 0.000 7.089] | 1M tok | ETA 1213.4h
Step    630 | loss 7.5222 | lr 9.45e-05 | grad 1.70 | 0.9k tok/s | cert -8.63→-7.45 | ticks [0.000 0.000 0.000 0.000 0.000 0.000 0.000 7.514] | 1M tok | ETA 1213.0h
Step    640 | loss 7.4612 | lr 9.60e-05 | grad 2.00 | 0.9k tok/s | cert -8.51→-7.41 | ticks [0.000 0.000 0.000 0.000 0.000 0.000 0.000 6.882] | 1M tok | ETA 1212.6h
Step    650 | loss 7.9956 | lr 9.75e-05 | grad 2.08 | 0.9k tok/s | cert -8.68→-7.49 | ticks [0.000 0.000 0.000 0.000 0.000 0.000 0.000 7.530] | 1M tok | ETA 1212.3h
Step    660 | loss 7.2548 | lr 9.90e-05 | grad 2.11 | 0.9k tok/s | cert -8.76→-7.46 | ticks [0.000 0.000 0.000 0.000 0.000 0.000 0.000 7.647] | 1M tok | ETA 1211.9h
Step    670 | loss 7.7677 | lr 1.00e-04 | grad 1.48 | 0.9k tok/s | cert -8.54→-7.48 | ticks [0.000 0.000 0.000 0.000 0.000 0.000 0.000 7.371] | 1M tok | ETA 1211.6h
Step    680 | loss 7.5612 | lr 1.02e-04 | grad 1.72 | 0.9k tok/s | cert -8.61→-7.65 | ticks [0.000 0.000 0.000 0.000 0.000 0.000 0.000 7.646] | 1M tok | ETA 1211.2h
Step    690 | loss 7.4359 | lr 1.03e-04 | grad 1.66 | 0.9k tok/s | cert -8.40→-7.52 | ticks [0.000 0.000 0.000 0.000 0.000 0.000 0.000 7.108] | 1M tok | ETA 1210.9h
Step    700 | loss 7.3721 | lr 1.05e-04 | grad 2.67 | 0.9k tok/s | cert -8.34→-7.25 | ticks [0.000 0.000 0.000 0.000 0.000 0.000 0.000 7.607] | 1M tok | ETA 1210.6h
Step    710 | loss 7.4130 | lr 1.07e-04 | grad 1.57 | 0.9k tok/s | cert -8.34→-7.34 | ticks [0.000 0.000 0.000 0.000 0.000 0.000 0.000 7.337] | 1M tok | ETA 1210.3h
Step    720 | loss 7.4015 | lr 1.08e-04 | grad 2.39 | 0.9k tok/s | cert -8.69→-7.60 | ticks [0.000 0.000 0.000 0.000 0.000 0.000 0.000 8.185] | 1M tok | ETA 1210.0h
Step    730 | loss 7.2823 | lr 1.09e-04 | grad 1.57 | 0.9k tok/s | cert -8.34→-7.43 | ticks [0.000 0.000 0.000 0.000 0.000 0.000 0.000 7.537] | 1M tok | ETA 1209.7h
Step    740 | loss 7.2296 | lr 1.11e-04 | grad 2.70 | 0.9k tok/s | cert -8.10→-7.13 | ticks [0.000 0.000 0.000 0.000 0.000 0.000 0.000 7.654] | 1M tok | ETA 1209.3h
Step    750 | loss 7.2815 | lr 1.12e-04 | grad 1.45 | 0.9k tok/s | cert -8.03→-7.23 | ticks [0.000 0.000 0.000 0.000 0.000 0.000 0.000 7.304] | 1M tok | ETA 1209.1h
Step    760 | loss 7.3506 | lr 1.14e-04 | grad 1.80 | 0.9k tok/s | cert -8.15→-7.51 | ticks [0.000 0.000 0.000 0.000 0.000 0.000 0.000 7.189] | 1M tok | ETA 1208.8h
Step    770 | loss 7.6380 | lr 1.15e-04 | grad 1.50 | 0.9k tok/s | cert -8.28→-7.76 | ticks [0.000 0.000 0.000 0.000 0.000 0.000 0.000 7.587] | 1M tok | ETA 1208.5h
Step    780 | loss 7.2112 | lr 1.17e-04 | grad 2.38 | 0.9k tok/s | cert -7.87→-7.13 | ticks [0.000 0.000 0.000 0.000 0.000 0.000 0.000 6.998] | 1M tok | ETA 1208.2h
Step    790 | loss 7.2004 | lr 1.18e-04 | grad 2.31 | 0.9k tok/s | cert -7.87→-6.99 | ticks [0.000 0.000 0.000 0.000 0.000 0.000 0.000 7.377] | 1M tok | ETA 1208.0h
Step    800 | loss 7.4402 | lr 1.20e-04 | grad 1.78 | 0.9k tok/s | cert -7.99→-7.36 | ticks [0.000 0.000 0.000 0.000 0.000 0.000 0.000 7.204] | 1M tok | ETA 1207.7h
Step    810 | loss 7.2390 | lr 1.21e-04 | grad 1.87 | 0.9k tok/s | cert -8.12→-7.55 | ticks [0.000 0.000 0.000 0.000 0.000 0.000 0.000 7.697] | 1M tok | ETA 1207.4h
Step    820 | loss 7.2972 | lr 1.23e-04 | grad 1.75 | 0.9k tok/s | cert -7.79→-7.13 | ticks [0.000 0.000 0.000 0.000 0.000 0.000 0.000 7.318] | 1M tok | ETA 1207.2h
Step    830 | loss 7.3792 | lr 1.24e-04 | grad 2.12 | 0.9k tok/s | cert -7.93→-7.31 | ticks [0.000 0.000 0.000 0.000 0.000 0.000 0.000 6.991] | 1M tok | ETA 1206.9h
Step    840 | loss 7.1599 | lr 1.26e-04 | grad 1.79 | 0.9k tok/s | cert -7.82→-7.33 | ticks [0.000 0.000 0.000 0.000 0.000 0.000 0.000 6.932] | 1M tok | ETA 1206.6h
Step    850 | loss 7.4050 | lr 1.28e-04 | grad 1.60 | 0.9k tok/s | cert -7.80→-7.11 | ticks [0.000 0.000 0.000 0.000 0.000 0.000 0.000 7.072] | 1M tok | ETA 1206.3h
Step    860 | loss 7.2184 | lr 1.29e-04 | grad 3.08 | 0.9k tok/s | cert -8.16→-7.35 | ticks [0.000 0.000 0.000 0.000 0.000 0.000 0.000 7.131] | 1M tok | ETA 1206.0h
Step    870 | loss 7.2057 | lr 1.30e-04 | grad 2.30 | 0.9k tok/s | cert -7.89→-7.35 | ticks [0.000 0.000 0.000 0.000 0.000 0.000 0.000 7.126] | 1M tok | ETA 1205.7h
Step    880 | loss 7.2009 | lr 1.32e-04 | grad 1.85 | 0.9k tok/s | cert -7.87→-7.08 | ticks [0.000 0.000 0.000 0.000 0.000 0.000 0.000 7.396] | 1M tok | ETA 1205.5h
Step    890 | loss 7.1298 | lr 1.33e-04 | grad 2.06 | 0.9k tok/s | cert -7.93→-7.24 | ticks [0.000 0.000 0.000 0.000 0.000 0.000 0.000 6.724] | 1M tok | ETA 1205.2h
Step    900 | loss 7.4391 | lr 1.35e-04 | grad 2.16 | 0.9k tok/s | cert -7.83→-7.19 | ticks [0.000 0.000 0.000 0.000 0.000 0.000 0.000 6.970] | 1M tok | ETA 1205.0h
Step    910 | loss 7.3337 | lr 1.36e-04 | grad 2.53 | 0.9k tok/s | cert -8.00→-7.45 | ticks [0.000 0.000 0.000 0.000 0.000 0.000 0.000 7.763] | 1M tok | ETA 1204.7h
Step    920 | loss 7.5023 | lr 1.38e-04 | grad 2.89 | 0.9k tok/s | cert -7.84→-7.30 | ticks [0.000 0.000 0.000 0.000 0.000 0.000 0.000 6.834] | 1M tok | ETA 1204.5h
Step    930 | loss 7.5150 | lr 1.39e-04 | grad 2.48 | 0.9k tok/s | cert -8.08→-7.63 | ticks [0.000 0.000 0.000 0.000 0.000 0.000 0.000 7.062] | 1M tok | ETA 1204.3h
Step    940 | loss 7.2037 | lr 1.41e-04 | grad 2.19 | 0.9k tok/s | cert -7.49→-6.95 | ticks [0.000 0.000 0.000 0.000 0.000 0.000 0.000 7.247] | 1M tok | ETA 1204.0h
Step    950 | loss 7.1765 | lr 1.42e-04 | grad 1.52 | 0.9k tok/s | cert -7.50→-7.01 | ticks [0.000 0.000 0.000 0.000 0.000 0.000 0.000 6.978] | 1M tok | ETA 1203.8h
Step    960 | loss 7.1369 | lr 1.44e-04 | grad 1.84 | 0.9k tok/s | cert -7.48→-7.35 | ticks [0.000 0.000 0.000 0.000 0.000 0.000 0.000 7.097] | 1M tok | ETA 1204.1h
Step    970 | loss 7.1507 | lr 1.45e-04 | grad 2.00 | 0.9k tok/s | cert -7.56→-7.04 | ticks [0.000 0.000 0.000 0.000 0.000 0.000 0.000 7.013] | 1M tok | ETA 1203.9h
Step    980 | loss 7.1510 | lr 1.47e-04 | grad 1.62 | 0.9k tok/s | cert -7.38→-7.05 | ticks [0.000 0.000 0.000 0.000 0.000 0.000 0.000 7.011] | 2M tok | ETA 1203.7h
Step    990 | loss 7.2972 | lr 1.49e-04 | grad 1.89 | 0.9k tok/s | cert -7.72→-7.74 | ticks [0.000 0.000 0.000 0.000 0.000 0.000 0.000 7.740] | 2M tok | ETA 1203.5h
Step   1000 | loss 7.2944 | lr 1.50e-04 | grad 1.80 | 0.9k tok/s | cert -7.31→-7.28 | ticks [0.000 0.000 0.000 0.000 0.000 0.000 0.000 7.179] | 2M tok | ETA 1203.4h
Step   1010 | loss 7.0876 | lr 1.51e-04 | grad 2.22 | 0.9k tok/s | cert -7.00→-6.81 | ticks [0.000 0.000 0.000 0.000 0.000 0.000 0.000 6.526] | 2M tok | ETA 1203.2h
Step   1020 | loss 7.0371 | lr 1.53e-04 | grad 2.42 | 0.9k tok/s | cert -7.24→-7.13 | ticks [0.000 0.000 0.000 0.000 0.000 0.000 0.000 7.563] | 2M tok | ETA 1203.0h
Step   1030 | loss 7.1242 | lr 1.54e-04 | grad 2.00 | 0.9k tok/s | cert -7.25→-7.27 | ticks [0.000 0.000 0.000 0.000 0.000 0.000 0.000 6.886] | 2M tok | ETA 1203.2h
Step   1040 | loss 7.1013 | lr 1.56e-04 | grad 1.89 | 0.9k tok/s | cert -7.24→-7.20 | ticks [0.000 0.000 0.000 0.000 0.000 0.000 0.000 7.444] | 2M tok | ETA 1203.1h
Step   1050 | loss 7.3152 | lr 1.57e-04 | grad 2.73 | 0.9k tok/s | cert -7.11→-7.23 | ticks [0.000 0.000 0.000 0.000 0.000 0.000 0.000 6.638] | 2M tok | ETA 1202.9h
Step   1060 | loss 7.4467 | lr 1.59e-04 | grad 1.91 | 0.9k tok/s | cert -6.98→-7.09 | ticks [0.000 0.000 0.000 0.000 0.000 0.000 0.000 6.849] | 2M tok | ETA 1202.8h
Step   1070 | loss 7.0085 | lr 1.60e-04 | grad 1.88 | 0.9k tok/s | cert -6.60→-6.55 | ticks [0.000 0.000 0.000 0.000 0.000 0.000 0.000 6.429] | 2M tok | ETA 1202.7h
Step   1080 | loss 7.2148 | lr 1.62e-04 | grad 2.42 | 0.9k tok/s | cert -7.27→-7.35 | ticks [0.000 0.000 0.000 0.000 0.000 0.000 0.000 7.649] | 2M tok | ETA 1202.5h
Step   1090 | loss 7.0700 | lr 1.63e-04 | grad 2.61 | 0.9k tok/s | cert -7.58→-7.87 | ticks [0.000 0.000 0.000 0.000 0.000 0.000 0.000 7.386] | 2M tok | ETA 1202.4h
Step   1100 | loss 6.9174 | lr 1.65e-04 | grad 3.30 | 0.9k tok/s | cert -6.82→-6.61 | ticks [0.000 0.000 0.000 0.000 0.000 0.000 0.000 7.315] | 2M tok | ETA 1202.3h
Step   1110 | loss 7.0194 | lr 1.66e-04 | grad 1.60 | 0.9k tok/s | cert -7.23→-7.19 | ticks [0.000 0.000 0.000 0.000 0.000 0.000 0.000 7.056] | 2M tok | ETA 1202.1h
Step   1120 | loss 7.1109 | lr 1.68e-04 | grad 3.97 | 0.9k tok/s | cert -7.37→-7.65 | ticks [0.000 0.000 0.000 0.000 0.000 0.000 0.000 6.809] | 2M tok | ETA 1202.0h
Step   1130 | loss 6.7924 | lr 1.69e-04 | grad 2.81 | 0.9k tok/s | cert -6.56→-6.55 | ticks [0.000 0.000 0.000 0.000 0.000 0.000 0.000 7.052] | 2M tok | ETA 1201.9h
Step   1140 | loss 7.0443 | lr 1.71e-04 | grad 2.06 | 0.9k tok/s | cert -6.69→-7.25 | ticks [0.000 0.000 0.000 0.000 0.000 0.000 0.000 7.177] | 2M tok | ETA 1201.8h
Step   1150 | loss 6.9118 | lr 1.72e-04 | grad 1.77 | 0.9k tok/s | cert -7.05→-7.25 | ticks [0.000 0.000 0.000 0.000 0.000 0.000 0.000 6.989] | 2M tok | ETA 1201.8h
Step   1160 | loss 7.1240 | lr 1.74e-04 | grad 2.81 | 0.9k tok/s | cert -6.76→-6.84 | ticks [0.000 0.000 0.000 0.000 0.000 0.000 0.000 7.191] | 2M tok | ETA 1201.8h
Step   1170 | loss 7.5786 | lr 1.75e-04 | grad 3.02 | 0.9k tok/s | cert -7.44→-7.72 | ticks [0.000 0.000 0.000 0.000 0.000 0.000 0.000 7.026] | 2M tok | ETA 1201.7h
Step   1180 | loss 7.2429 | lr 1.77e-04 | grad 2.02 | 0.9k tok/s | cert -7.08→-7.23 | ticks [0.000 0.000 0.000 0.000 0.000 0.000 0.000 7.002] | 2M tok | ETA 1201.6h
Step   1190 | loss 7.1056 | lr 1.79e-04 | grad 1.95 | 0.9k tok/s | cert -6.61→-6.79 | ticks [0.000 0.000 0.000 0.000 0.000 0.000 0.000 7.019] | 2M tok | ETA 1201.5h
Step   1200 | loss 6.8719 | lr 1.80e-04 | grad 2.00 | 0.9k tok/s | cert -6.83→-7.28 | ticks [0.000 0.000 0.000 0.000 0.000 0.000 0.000 7.051] | 2M tok | ETA 1201.4h
Step   1210 | loss 7.0833 | lr 1.81e-04 | grad 3.06 | 0.9k tok/s | cert -6.42→-6.61 | ticks [0.000 0.000 0.000 0.000 0.000 0.000 0.000 7.181] | 2M tok | ETA 1201.3h
Step   1220 | loss 7.2947 | lr 1.83e-04 | grad 3.31 | 0.9k tok/s | cert -6.76→-7.20 | ticks [0.000 0.000 0.000 0.000 0.000 0.000 0.000 7.461] | 2M tok | ETA 1201.1h
Step   1230 | loss 6.8788 | lr 1.84e-04 | grad 2.33 | 0.9k tok/s | cert -6.61→-7.05 | ticks [0.000 0.000 0.000 0.000 0.000 0.000 0.000 6.804] | 2M tok | ETA 1201.0h
Step   1240 | loss 7.0990 | lr 1.86e-04 | grad 2.83 | 0.9k tok/s | cert -6.59→-6.84 | ticks [0.000 0.000 0.000 0.000 0.000 0.000 0.000 7.274] | 2M tok | ETA 1200.8h
Step   1250 | loss 7.1605 | lr 1.87e-04 | grad 4.00 | 0.9k tok/s | cert -7.50→-8.03 | ticks [0.000 0.000 0.000 0.000 0.000 0.000 0.000 7.219] | 2M tok | ETA 1200.7h
Step   1260 | loss 6.9271 | lr 1.89e-04 | grad 2.42 | 0.9k tok/s | cert -6.76→-7.05 | ticks [0.000 0.000 0.000 0.000 0.000 0.000 0.000 7.053] | 2M tok | ETA 1200.5h
Step   1270 | loss 7.0601 | lr 1.90e-04 | grad 2.92 | 0.9k tok/s | cert -6.23→-6.58 | ticks [0.000 0.000 0.000 0.000 0.000 0.000 0.000 6.446] | 2M tok | ETA 1200.4h
Step   1280 | loss 6.9853 | lr 1.92e-04 | grad 2.47 | 0.9k tok/s | cert -7.26→-7.69 | ticks [0.000 0.000 0.000 0.000 0.000 0.000 0.000 7.388] | 2M tok | ETA 1200.2h
Step   1290 | loss 7.0008 | lr 1.93e-04 | grad 2.08 | 0.9k tok/s | cert -6.50→-6.80 | ticks [0.000 0.000 0.000 0.000 0.000 0.000 0.000 6.917] | 2M tok | ETA 1200.0h
Step   1300 | loss 6.9773 | lr 1.95e-04 | grad 2.05 | 0.9k tok/s | cert -6.40→-6.57 | ticks [0.000 0.000 0.000 0.000 0.000 0.000 0.000 6.350] | 2M tok | ETA 1199.9h
Step   1310 | loss 6.6951 | lr 1.96e-04 | grad 2.22 | 0.9k tok/s | cert -6.94→-7.23 | ticks [0.000 0.000 0.000 0.000 0.000 0.000 0.000 7.039] | 2M tok | ETA 1199.7h
Step   1320 | loss 7.2299 | lr 1.98e-04 | grad 2.72 | 0.9k tok/s | cert -6.86→-7.09 | ticks [0.000 0.000 0.000 0.000 0.000 0.000 0.000 7.240] | 2M tok | ETA 1199.6h
Step   1330 | loss 6.8642 | lr 1.99e-04 | grad 2.89 | 0.9k tok/s | cert -7.21→-7.38 | ticks [0.000 0.000 0.000 0.000 0.000 0.000 0.000 6.769] | 2M tok | ETA 1199.5h
Step   1340 | loss 7.1519 | lr 2.01e-04 | grad 2.09 | 0.9k tok/s | cert -6.90→-7.12 | ticks [0.000 0.000 0.000 0.000 0.000 0.000 0.000 6.670] | 2M tok | ETA 1199.3h
Step   1350 | loss 6.6660 | lr 2.02e-04 | grad 2.27 | 0.9k tok/s | cert -6.39→-6.48 | ticks [0.000 0.000 0.000 0.000 0.000 0.000 0.000 6.663] | 2M tok | ETA 1199.2h
Step   1360 | loss 6.9749 | lr 2.04e-04 | grad 3.52 | 0.9k tok/s | cert -7.32→-7.67 | ticks [0.000 0.000 0.000 0.000 0.000 0.000 0.000 7.040] | 2M tok | ETA 1199.1h
Step   1370 | loss 6.9415 | lr 2.05e-04 | grad 1.98 | 0.9k tok/s | cert -6.63→-6.77 | ticks [0.000 0.000 0.000 0.000 0.000 0.000 0.000 6.639] | 2M tok | ETA 1199.0h
Step   1380 | loss 6.9532 | lr 2.07e-04 | grad 2.33 | 0.9k tok/s | cert -6.75→-6.88 | ticks [0.000 0.000 0.000 0.000 0.000 0.000 0.000 7.064] | 2M tok | ETA 1198.8h
Step   1390 | loss 6.8182 | lr 2.08e-04 | grad 2.02 | 0.9k tok/s | cert -6.80→-7.02 | ticks [0.000 0.000 0.000 0.000 0.000 0.000 0.000 6.836] | 2M tok | ETA 1198.7h
Step   1400 | loss 6.7415 | lr 2.10e-04 | grad 3.38 | 0.9k tok/s | cert -6.11→-6.27 | ticks [0.000 0.000 0.000 0.000 0.000 0.000 0.000 6.929] | 2M tok | ETA 1198.6h
Step   1410 | loss 6.9846 | lr 2.11e-04 | grad 3.66 | 0.9k tok/s | cert -6.88→-7.21 | ticks [0.000 0.000 0.000 0.000 0.000 0.000 0.000 6.533] | 2M tok | ETA 1198.5h
Step   1420 | loss 6.8797 | lr 2.13e-04 | grad 2.27 | 0.9k tok/s | cert -6.65→-6.94 | ticks [0.000 0.000 0.000 0.000 0.000 0.000 0.000 7.104] | 2M tok | ETA 1198.4h
Step   1430 | loss 7.0073 | lr 2.14e-04 | grad 2.36 | 0.9k tok/s | cert -6.87→-7.08 | ticks [0.000 0.000 0.000 0.000 0.000 0.000 0.000 7.271] | 2M tok | ETA 1198.2h
Step   1440 | loss 6.8840 | lr 2.16e-04 | grad 2.94 | 0.9k tok/s | cert -7.72→-8.05 | ticks [0.000 0.000 0.000 0.000 0.000 0.000 0.000 7.556] | 2M tok | ETA 1198.1h
Step   1450 | loss 6.7381 | lr 2.17e-04 | grad 2.28 | 0.9k tok/s | cert -6.04→-6.18 | ticks [0.000 0.000 0.000 0.000 0.000 0.000 0.000 6.524] | 2M tok | ETA 1198.0h
Step   1460 | loss 6.6586 | lr 2.19e-04 | grad 2.59 | 0.9k tok/s | cert -7.05→-7.26 | ticks [0.000 0.000 0.000 0.000 0.000 0.000 0.000 6.832] | 2M tok | ETA 1197.9h
Step   1470 | loss 6.6743 | lr 2.20e-04 | grad 1.69 | 0.9k tok/s | cert -6.39→-6.45 | ticks [0.000 0.000 0.000 0.000 0.000 0.000 0.000 6.583] | 2M tok | ETA 1197.7h
Step   1480 | loss 6.9403 | lr 2.22e-04 | grad 2.98 | 0.9k tok/s | cert -6.59→-6.68 | ticks [0.000 0.000 0.000 0.000 0.000 0.000 0.000 6.974] | 2M tok | ETA 1197.6h
Step   1490 | loss 7.2960 | lr 2.23e-04 | grad 4.69 | 0.9k tok/s | cert -7.72→-7.73 | ticks [0.000 0.000 0.000 0.000 0.000 0.000 0.000 6.917] | 2M tok | ETA 1197.5h
Step   1500 | loss 7.1624 | lr 2.25e-04 | grad 2.80 | 0.9k tok/s | cert -6.81→-6.87 | ticks [0.000 0.000 0.000 0.000 0.000 0.000 0.000 7.244] | 2M tok | ETA 1197.4h
Step   1510 | loss 7.1278 | lr 2.26e-04 | grad 2.48 | 0.9k tok/s | cert -7.39→-7.53 | ticks [0.000 0.000 0.000 0.000 0.000 0.000 0.000 7.381] | 2M tok | ETA 1197.2h
Step   1520 | loss 6.8991 | lr 2.28e-04 | grad 2.47 | 0.9k tok/s | cert -7.31→-7.51 | ticks [0.000 0.000 0.000 0.000 0.000 0.000 0.000 7.123] | 2M tok | ETA 1197.1h
Step   1530 | loss 6.8229 | lr 2.29e-04 | grad 2.80 | 0.9k tok/s | cert -6.06→-6.14 | ticks [0.000 0.000 0.000 0.000 0.000 0.000 0.000 6.715] | 2M tok | ETA 1197.0h
Step   1540 | loss 6.8364 | lr 2.31e-04 | grad 3.19 | 0.9k tok/s | cert -7.28→-7.29 | ticks [0.000 0.000 0.000 0.000 0.000 0.000 0.000 6.742] | 2M tok | ETA 1196.9h
Step   1550 | loss 6.5001 | lr 2.32e-04 | grad 1.80 | 0.9k tok/s | cert -6.83→-6.77 | ticks [0.000 0.000 0.000 0.000 0.000 0.000 0.000 6.665] | 2M tok | ETA 1196.7h
Step   1560 | loss 6.6777 | lr 2.34e-04 | grad 2.50 | 0.9k tok/s | cert -6.31→-6.28 | ticks [0.000 0.000 0.000 0.000 0.000 0.000 0.000 6.213] | 2M tok | ETA 1196.6h
Step   1570 | loss 6.9534 | lr 2.35e-04 | grad 3.27 | 0.9k tok/s | cert -7.57→-7.43 | ticks [0.000 0.000 0.000 0.000 0.000 0.000 0.000 6.904] | 2M tok | ETA 1196.5h
Step   1580 | loss 6.6664 | lr 2.37e-04 | grad 2.17 | 0.9k tok/s | cert -6.70→-6.47 | ticks [0.000 0.000 0.000 0.000 0.000 0.000 0.000 6.696] | 2M tok | ETA 1196.4h
Step   1590 | loss 6.8548 | lr 2.38e-04 | grad 1.75 | 0.9k tok/s | cert -6.85→-6.60 | ticks [0.000 0.000 0.000 0.000 0.000 0.000 0.000 6.680] | 2M tok | ETA 1196.3h
Step   1600 | loss 6.8475 | lr 2.40e-04 | grad 2.59 | 0.9k tok/s | cert -7.63→-7.37 | ticks [0.000 0.000 0.000 0.000 0.000 0.000 0.000 7.091] | 2M tok | ETA 1196.1h
Step   1610 | loss 6.8498 | lr 2.41e-04 | grad 3.16 | 0.9k tok/s | cert -7.00→-6.66 | ticks [0.000 0.000 0.000 0.000 0.000 0.000 0.000 7.287] | 2M tok | ETA 1196.0h
Step   1620 | loss 6.7552 | lr 2.43e-04 | grad 3.00 | 0.9k tok/s | cert -7.98→-7.84 | ticks [0.000 0.000 0.000 0.000 0.000 0.000 0.000 7.381] | 2M tok | ETA 1195.9h
Step   1630 | loss 6.6728 | lr 2.44e-04 | grad 2.36 | 0.9k tok/s | cert -6.93→-6.81 | ticks [0.000 0.000 0.000 0.000 0.000 0.000 0.000 6.943] | 3M tok | ETA 1195.8h
Step   1640 | loss 6.7537 | lr 2.46e-04 | grad 2.39 | 0.9k tok/s | cert -7.08→-6.96 | ticks [0.000 0.000 0.000 0.000 0.000 0.000 0.000 6.961] | 3M tok | ETA 1195.7h
Step   1650 | loss 6.8126 | lr 2.47e-04 | grad 2.09 | 0.9k tok/s | cert -7.23→-7.03 | ticks [0.000 0.000 0.000 0.000 0.000 0.000 0.000 6.877] | 3M tok | ETA 1195.6h
Step   1660 | loss 6.7928 | lr 2.49e-04 | grad 2.06 | 0.9k tok/s | cert -6.83→-6.62 | ticks [0.000 0.000 0.000 0.000 0.000 0.000 0.000 6.869] | 3M tok | ETA 1195.4h
Step   1670 | loss 6.6479 | lr 2.51e-04 | grad 1.95 | 0.9k tok/s | cert -7.30→-7.06 | ticks [0.000 0.000 0.000 0.000 0.000 0.000 0.000 6.821] | 3M tok | ETA 1195.3h
Step   1680 | loss 6.9021 | lr 2.52e-04 | grad 2.08 | 0.9k tok/s | cert -6.74→-6.56 | ticks [0.000 0.000 0.000 0.000 0.000 0.000 0.000 6.335] | 3M tok | ETA 1195.2h
Step   1690 | loss 6.6911 | lr 2.53e-04 | grad 1.77 | 0.9k tok/s | cert -6.87→-6.56 | ticks [0.000 0.000 0.000 0.000 0.000 0.000 0.000 6.298] | 3M tok | ETA 1195.1h
Step   1700 | loss 6.8561 | lr 2.55e-04 | grad 2.23 | 0.9k tok/s | cert -6.52→-6.40 | ticks [0.000 0.000 0.000 0.000 0.000 0.000 0.000 6.670] | 3M tok | ETA 1195.0h
Step   1710 | loss 6.8408 | lr 2.56e-04 | grad 3.45 | 0.9k tok/s | cert -7.79→-7.70 | ticks [0.000 0.000 0.000 0.000 0.000 0.000 0.000 7.111] | 3M tok | ETA 1194.9h
Step   1720 | loss 6.9837 | lr 2.58e-04 | grad 2.70 | 0.9k tok/s | cert -7.48→-7.19 | ticks [0.000 0.000 0.000 0.000 0.000 0.000 0.000 6.855] | 3M tok | ETA 1194.7h
Step   1730 | loss 6.9420 | lr 2.59e-04 | grad 1.84 | 0.9k tok/s | cert -7.20→-6.78 | ticks [0.000 0.000 0.000 0.000 0.000 0.000 0.000 6.888] | 3M tok | ETA 1194.6h
Step   1740 | loss 7.1083 | lr 2.61e-04 | grad 2.94 | 0.9k tok/s | cert -8.13→-7.75 | ticks [0.000 0.000 0.000 0.000 0.000 0.000 0.000 7.621] | 3M tok | ETA 1194.6h
Step   1750 | loss 6.7855 | lr 2.62e-04 | grad 3.53 | 0.9k tok/s | cert -7.08→-6.76 | ticks [0.000 0.000 0.000 0.000 0.000 0.000 0.000 7.350] | 3M tok | ETA 1194.4h
Step   1760 | loss 6.7818 | lr 2.64e-04 | grad 2.03 | 0.9k tok/s | cert -6.52→-6.42 | ticks [0.000 0.000 0.000 0.000 0.000 0.000 0.000 6.739] | 3M tok | ETA 1194.3h
Step   1770 | loss 6.6691 | lr 2.65e-04 | grad 3.58 | 0.9k tok/s | cert -7.40→-7.13 | ticks [0.000 0.000 0.000 0.000 0.000 0.000 0.000 6.389] | 3M tok | ETA 1194.2h
Step   1780 | loss 6.6576 | lr 2.67e-04 | grad 3.80 | 0.9k tok/s | cert -6.54→-6.28 | ticks [0.000 0.000 0.000 0.000 0.000 0.000 0.000 6.924] | 3M tok | ETA 1194.1h
Step   1790 | loss 6.9779 | lr 2.68e-04 | grad 2.30 | 0.9k tok/s | cert -7.17→-6.72 | ticks [0.000 0.000 0.000 0.000 0.000 0.000 0.000 6.672] | 3M tok | ETA 1194.0h
Step   1800 | loss 6.6072 | lr 2.70e-04 | grad 3.20 | 0.9k tok/s | cert -6.41→-5.94 | ticks [0.000 0.000 0.000 0.000 0.000 0.000 0.000 6.647] | 3M tok | ETA 1193.9h
Step   1810 | loss 6.9023 | lr 2.71e-04 | grad 2.22 | 0.9k tok/s | cert -7.38→-6.96 | ticks [0.000 0.000 0.000 0.000 0.000 0.000 0.000 6.920] | 3M tok | ETA 1193.8h
Step   1820 | loss 6.7138 | lr 2.73e-04 | grad 1.95 | 0.9k tok/s | cert -7.24→-6.78 | ticks [0.000 0.000 0.000 0.000 0.000 0.000 0.000 6.871] | 3M tok | ETA 1193.7h
Step   1830 | loss 6.7088 | lr 2.74e-04 | grad 2.77 | 0.9k tok/s | cert -6.48→-6.23 | ticks [0.000 0.000 0.000 0.000 0.000 0.000 0.000 6.754] | 3M tok | ETA 1193.6h
Step   1840 | loss 6.7497 | lr 2.76e-04 | grad 2.08 | 0.9k tok/s | cert -7.55→-7.30 | ticks [0.000 0.000 0.000 0.000 0.000 0.000 0.000 7.045] | 3M tok | ETA 1193.5h
Step   1850 | loss 6.4226 | lr 2.77e-04 | grad 1.73 | 0.9k tok/s | cert -6.43→-6.26 | ticks [0.000 0.000 0.000 0.000 0.000 0.000 0.000 6.226] | 3M tok | ETA 1193.4h
Step   1860 | loss 6.5281 | lr 2.79e-04 | grad 2.00 | 0.9k tok/s | cert -6.36→-6.45 | ticks [0.000 0.000 0.000 0.000 0.000 0.000 0.000 6.449] | 3M tok | ETA 1193.3h
Step   1870 | loss 6.7353 | lr 2.80e-04 | grad 4.66 | 0.9k tok/s | cert -8.01→-8.11 | ticks [0.000 0.000 0.000 0.000 0.000 0.000 0.000 7.306] | 3M tok | ETA 1193.3h
Step   1880 | loss 6.6103 | lr 2.82e-04 | grad 2.41 | 0.9k tok/s | cert -6.37→-6.35 | ticks [0.000 0.000 0.000 0.000 0.000 0.000 0.000 6.645] | 3M tok | ETA 1193.2h
Step   1890 | loss 6.5909 | lr 2.83e-04 | grad 1.97 | 0.9k tok/s | cert -7.37→-7.15 | ticks [0.000 0.000 0.000 0.000 0.000 0.000 0.000 6.974] | 3M tok | ETA 1193.1h
Step   1900 | loss 6.6794 | lr 2.85e-04 | grad 1.68 | 0.9k tok/s | cert -6.53→-6.39 | ticks [0.000 0.000 0.000 0.000 0.000 0.000 0.000 6.429] | 3M tok | ETA 1193.0h
Step   1910 | loss 6.8532 | lr 2.86e-04 | grad 2.62 | 0.9k tok/s | cert -7.15→-6.95 | ticks [0.000 0.000 0.000 0.000 0.000 0.000 0.000 6.562] | 3M tok | ETA 1192.9h
Step   1920 | loss 6.8688 | lr 2.88e-04 | grad 1.91 | 0.9k tok/s | cert -7.02→-6.88 | ticks [0.000 0.000 0.000 0.000 0.000 0.000 0.000 6.797] | 3M tok | ETA 1192.9h
Step   1930 | loss 6.6553 | lr 2.89e-04 | grad 1.78 | 0.9k tok/s | cert -6.59→-6.41 | ticks [0.000 0.000 0.000 0.000 0.000 0.000 0.000 6.528] | 3M tok | ETA 1192.8h
Step   1940 | loss 6.6861 | lr 2.91e-04 | grad 2.48 | 0.9k tok/s | cert -7.21→-7.00 | ticks [0.000 0.000 0.000 0.000 0.000 0.000 0.000 6.743] | 3M tok | ETA 1192.7h
Step   1950 | loss 6.6939 | lr 2.93e-04 | grad 4.31 | 0.9k tok/s | cert -6.67→-6.45 | ticks [0.000 0.000 0.000 0.000 0.000 0.000 0.000 7.171] | 3M tok | ETA 1192.6h
Step   1960 | loss 6.8266 | lr 2.94e-04 | grad 2.75 | 0.9k tok/s | cert -7.71→-7.37 | ticks [0.000 0.000 0.000 0.000 0.000 0.000 0.000 6.918] | 3M tok | ETA 1192.6h
Step   1970 | loss 6.7369 | lr 2.95e-04 | grad 1.78 | 0.9k tok/s | cert -6.83→-6.50 | ticks [0.000 0.000 0.000 0.000 0.000 0.000 0.000 6.317] | 3M tok | ETA 1192.5h
Step   1980 | loss 6.4881 | lr 2.97e-04 | grad 2.09 | 0.9k tok/s | cert -6.43→-6.08 | ticks [0.000 0.000 0.000 0.000 0.000 0.000 0.000 6.174] | 3M tok | ETA 1192.4h
Step   1990 | loss 6.6672 | lr 2.98e-04 | grad 2.19 | 0.9k tok/s | cert -7.74→-7.59 | ticks [0.000 0.000 0.000 0.000 0.000 0.000 0.000 7.260] | 3M tok | ETA 1192.4h
Step   2000 | loss 6.7462 | lr 3.00e-04 | grad 3.22 | 0.9k tok/s | cert -6.58→-6.42 | ticks [0.000 0.000 0.000 0.000 0.000 0.000 0.000 6.964] | 3M tok | ETA 1192.3h
Step   2010 | loss 6.7320 | lr 3.00e-04 | grad 1.89 | 0.9k tok/s | cert -7.41→-7.21 | ticks [0.000 0.000 0.000 0.000 0.000 0.000 0.000 7.422] | 3M tok | ETA 1192.2h
Step   2020 | loss 6.7158 | lr 3.00e-04 | grad 2.03 | 0.9k tok/s | cert -6.83→-6.60 | ticks [0.000 0.000 0.000 0.000 0.000 0.000 0.000 6.732] | 3M tok | ETA 1192.2h
Step   2030 | loss 6.6608 | lr 3.00e-04 | grad 2.23 | 0.9k tok/s | cert -6.53→-6.35 | ticks [0.000 0.000 0.000 0.000 0.000 0.000 0.000 6.692] | 3M tok | ETA 1192.1h
Step   2040 | loss 6.6739 | lr 3.00e-04 | grad 2.45 | 0.9k tok/s | cert -7.78→-7.41 | ticks [0.000 0.000 0.000 0.000 0.000 0.000 0.000 7.122] | 3M tok | ETA 1192.0h
Step   2050 | loss 6.8230 | lr 3.00e-04 | grad 3.02 | 0.9k tok/s | cert -6.63→-6.32 | ticks [0.000 0.000 0.000 0.000 0.000 0.000 0.000 6.855] | 3M tok | ETA 1192.0h
Step   2060 | loss 6.6949 | lr 3.00e-04 | grad 2.05 | 0.9k tok/s | cert -7.09→-6.72 | ticks [0.000 0.000 0.000 0.000 0.000 0.000 0.000 6.437] | 3M tok | ETA 1191.9h
Step   2070 | loss 6.7510 | lr 3.00e-04 | grad 1.79 | 0.9k tok/s | cert -7.15→-6.86 | ticks [0.000 0.000 0.000 0.000 0.000 0.000 0.000 6.891] | 3M tok | ETA 1191.9h
Step   2080 | loss 6.8115 | lr 3.00e-04 | grad 2.25 | 0.9k tok/s | cert -6.93→-6.73 | ticks [0.000 0.000 0.000 0.000 0.000 0.000 0.000 6.502] | 3M tok | ETA 1191.8h
Step   2090 | loss 6.5584 | lr 3.00e-04 | grad 2.73 | 0.9k tok/s | cert -6.79→-6.49 | ticks [0.000 0.000 0.000 0.000 0.000 0.000 0.000 6.742] | 3M tok | ETA 1191.7h
Step   2100 | loss 6.7522 | lr 3.00e-04 | grad 2.89 | 0.9k tok/s | cert -6.87→-6.58 | ticks [0.000 0.000 0.000 0.000 0.000 0.000 0.000 6.522] | 3M tok | ETA 1191.7h
Step   2110 | loss 6.6634 | lr 3.00e-04 | grad 1.99 | 0.9k tok/s | cert -6.63→-6.39 | ticks [0.000 0.000 0.000 0.000 0.000 0.000 0.000 6.532] | 3M tok | ETA 1191.6h
Step   2120 | loss 6.5386 | lr 3.00e-04 | grad 2.48 | 0.9k tok/s | cert -6.88→-6.67 | ticks [0.000 0.000 0.000 0.000 0.000 0.000 0.000 6.284] | 3M tok | ETA 1191.6h
Step   2130 | loss 6.7642 | lr 3.00e-04 | grad 2.52 | 0.9k tok/s | cert -6.59→-6.60 | ticks [0.000 0.000 0.000 0.000 0.000 0.000 0.000 6.843] | 3M tok | ETA 1191.5h
Step   2140 | loss 6.8411 | lr 3.00e-04 | grad 1.66 | 0.9k tok/s | cert -6.84→-6.83 | ticks [0.000 0.000 0.000 0.000 0.000 0.000 0.000 6.775] | 3M tok | ETA 1191.5h
Step   2150 | loss 6.5064 | lr 3.00e-04 | grad 4.59 | 0.9k tok/s | cert -6.95→-7.02 | ticks [0.000 0.000 0.000 0.000 0.000 0.000 0.000 6.231] | 3M tok | ETA 1191.5h
Step   2160 | loss 6.8324 | lr 3.00e-04 | grad 3.17 | 0.9k tok/s | cert -6.22→-6.17 | ticks [0.000 0.000 0.000 0.000 0.000 0.000 0.000 6.820] | 3M tok | ETA 1191.4h
Step   2170 | loss 6.3916 | lr 3.00e-04 | grad 1.71 | 0.9k tok/s | cert -6.68→-6.53 | ticks [0.000 0.000 0.000 0.000 0.000 0.000 0.000 6.484] | 3M tok | ETA 1191.4h
Step   2180 | loss 6.5320 | lr 3.00e-04 | grad 2.34 | 0.9k tok/s | cert -6.53→-6.55 | ticks [0.000 0.000 0.000 0.000 0.000 0.000 0.000 6.355] | 3M tok | ETA 1191.4h
Step   2190 | loss 6.3573 | lr 3.00e-04 | grad 2.03 | 0.9k tok/s | cert -6.70→-6.33 | ticks [0.000 0.000 0.000 0.000 0.000 0.000 0.000 6.392] | 3M tok | ETA 1191.5h
Step   2200 | loss 6.6795 | lr 3.00e-04 | grad 1.86 | 0.9k tok/s | cert -7.10→-6.89 | ticks [0.000 0.000 0.000 0.000 0.000 0.000 0.000 6.697] | 3M tok | ETA 1191.5h
Step   2210 | loss 6.6132 | lr 3.00e-04 | grad 2.86 | 0.9k tok/s | cert -6.56→-6.45 | ticks [0.000 0.000 0.000 0.000 0.000 0.000 0.000 6.736] | 3M tok | ETA 1191.5h
Step   2220 | loss 6.6081 | lr 3.00e-04 | grad 3.16 | 0.9k tok/s | cert -7.34→-7.14 | ticks [0.000 0.000 0.000 0.000 0.000 0.000 0.000 6.414] | 3M tok | ETA 1191.4h
Step   2230 | loss 6.5213 | lr 3.00e-04 | grad 3.73 | 0.9k tok/s | cert -6.24→-6.15 | ticks [0.000 0.000 0.000 0.000 0.000 0.000 0.000 6.817] | 3M tok | ETA 1191.4h
Step   2240 | loss 6.5162 | lr 3.00e-04 | grad 1.97 | 0.9k tok/s | cert -6.41→-6.39 | ticks [0.000 0.000 0.000 0.000 0.000 0.000 0.000 6.554] | 3M tok | ETA 1191.3h
Step   2250 | loss 6.5643 | lr 3.00e-04 | grad 3.61 | 0.9k tok/s | cert -7.37→-7.24 | ticks [0.000 0.000 0.000 0.000 0.000 0.000 0.000 6.655] | 3M tok | ETA 1191.3h
Step   2260 | loss 6.4281 | lr 3.00e-04 | grad 2.61 | 0.9k tok/s | cert -6.15→-6.21 | ticks [0.000 0.000 0.000 0.000 0.000 0.000 0.000 6.658] | 3M tok | ETA 1191.2h
Step   2270 | loss 6.7083 | lr 3.00e-04 | grad 1.60 | 0.9k tok/s | cert -6.86→-6.77 | ticks [0.000 0.000 0.000 0.000 0.000 0.000 0.000 6.717] | 3M tok | ETA 1191.1h
Step   2280 | loss 6.5786 | lr 3.00e-04 | grad 1.71 | 0.9k tok/s | cert -6.94→-6.86 | ticks [0.000 0.000 0.000 0.000 0.000 0.000 0.000 6.636] | 4M tok | ETA 1191.1h
Step   2290 | loss 6.3642 | lr 3.00e-04 | grad 2.62 | 0.9k tok/s | cert -6.24→-6.09 | ticks [0.000 0.000 0.000 0.000 0.000 0.000 0.000 6.550] | 4M tok | ETA 1191.0h
Step   2300 | loss 6.5838 | lr 3.00e-04 | grad 4.22 | 0.9k tok/s | cert -7.85→-7.27 | ticks [0.000 0.000 0.000 0.000 0.000 0.000 0.000 6.602] | 4M tok | ETA 1191.0h
Step   2310 | loss 6.5681 | lr 3.00e-04 | grad 4.56 | 0.9k tok/s | cert -6.45→-6.23 | ticks [0.000 0.000 0.000 0.000 0.000 0.000 0.000 6.866] | 4M tok | ETA 1190.9h
Step   2320 | loss 6.6468 | lr 3.00e-04 | grad 2.27 | 0.9k tok/s | cert -7.52→-7.09 | ticks [0.000 0.000 0.000 0.000 0.000 0.000 0.000 7.028] | 4M tok | ETA 1190.8h
Step   2330 | loss 6.7466 | lr 3.00e-04 | grad 1.90 | 0.9k tok/s | cert -7.41→-6.91 | ticks [0.000 0.000 0.000 0.000 0.000 0.000 0.000 6.480] | 4M tok | ETA 1190.8h
Step   2340 | loss 6.4893 | lr 3.00e-04 | grad 1.64 | 0.9k tok/s | cert -6.72→-6.26 | ticks [0.000 0.000 0.000 0.000 0.000 0.000 0.000 6.287] | 4M tok | ETA 1190.7h
Step   2350 | loss 6.5675 | lr 3.00e-04 | grad 4.47 | 0.9k tok/s | cert -8.18→-7.67 | ticks [0.000 0.000 0.000 0.000 0.000 0.000 0.000 6.636] | 4M tok | ETA 1190.7h
Step   2360 | loss 6.4471 | lr 3.00e-04 | grad 4.69 | 0.9k tok/s | cert -6.99→-6.52 | ticks [0.000 0.000 0.000 0.000 0.000 0.000 0.000 6.670] | 4M tok | ETA 1190.6h
Step   2370 | loss 6.2523 | lr 3.00e-04 | grad 2.47 | 0.9k tok/s | cert -7.60→-7.13 | ticks [0.000 0.000 0.000 0.000 0.000 0.000 0.000 5.899] | 4M tok | ETA 1190.6h
Step   2380 | loss 6.6470 | lr 3.00e-04 | grad 2.88 | 0.9k tok/s | cert -6.71→-6.47 | ticks [0.000 0.000 0.000 0.000 0.000 0.000 0.000 6.952] | 4M tok | ETA 1190.5h
Step   2390 | loss 6.5695 | lr 3.00e-04 | grad 1.86 | 0.9k tok/s | cert -7.05→-6.89 | ticks [0.000 0.000 0.000 0.000 0.000 0.000 0.000 6.566] | 4M tok | ETA 1190.5h
Step   2400 | loss 6.5734 | lr 3.00e-04 | grad 1.70 | 0.9k tok/s | cert -6.81→-6.74 | ticks [0.000 0.000 0.000 0.000 0.000 0.000 0.000 6.604] | 4M tok | ETA 1190.4h
Step   2410 | loss 6.4742 | lr 3.00e-04 | grad 2.91 | 0.9k tok/s | cert -5.76→-5.68 | ticks [0.000 0.000 0.000 0.000 0.000 0.000 0.000 6.247] | 4M tok | ETA 1190.4h
Step   2420 | loss 6.4547 | lr 3.00e-04 | grad 2.27 | 0.9k tok/s | cert -7.25→-6.93 | ticks [0.000 0.000 0.000 0.000 0.000 0.000 0.000 6.696] | 4M tok | ETA 1190.3h
Step   2430 | loss 6.5843 | lr 3.00e-04 | grad 2.12 | 0.9k tok/s | cert -6.78→-6.58 | ticks [0.000 0.000 0.000 0.000 0.000 0.000 0.000 6.769] | 4M tok | ETA 1190.3h
Step   2440 | loss 6.6413 | lr 3.00e-04 | grad 2.62 | 0.9k tok/s | cert -7.58→-7.01 | ticks [0.000 0.000 0.000 0.000 0.000 0.000 0.000 7.248] | 4M tok | ETA 1190.2h
Step   2450 | loss 6.3102 | lr 3.00e-04 | grad 2.94 | 0.9k tok/s | cert -6.74→-6.47 | ticks [0.000 0.000 0.000 0.000 0.000 0.000 0.000 5.806] | 4M tok | ETA 1190.2h
Step   2460 | loss 6.4324 | lr 3.00e-04 | grad 2.17 | 0.9k tok/s | cert -6.45→-6.18 | ticks [0.000 0.000 0.000 0.000 0.000 0.000 0.000 6.445] | 4M tok | ETA 1190.2h
Step   2470 | loss 6.5056 | lr 3.00e-04 | grad 2.50 | 0.9k tok/s | cert -7.43→-7.02 | ticks [0.000 0.000 0.000 0.000 0.000 0.000 0.000 6.721] | 4M tok | ETA 1190.1h
Step   2480 | loss 6.8298 | lr 3.00e-04 | grad 1.86 | 0.9k tok/s | cert -7.12→-6.83 | ticks [0.000 0.000 0.000 0.000 0.000 0.000 0.000 6.857] | 4M tok | ETA 1190.1h
Step   2490 | loss 6.5702 | lr 3.00e-04 | grad 2.02 | 0.9k tok/s | cert -6.52→-6.12 | ticks [0.000 0.000 0.000 0.000 0.000 0.000 0.000 6.399] | 4M tok | ETA 1190.0h
Step   2500 | loss 6.6008 | lr 3.00e-04 | grad 3.95 | 0.9k tok/s | cert -7.64→-7.08 | ticks [0.000 0.000 0.000 0.000 0.000 0.000 0.000 6.464] | 4M tok | ETA 1190.0h
Step   2510 | loss 6.7367 | lr 3.00e-04 | grad 1.73 | 0.9k tok/s | cert -6.97→-6.70 | ticks [0.000 0.000 0.000 0.000 0.000 0.000 0.000 6.690] | 4M tok | ETA 1189.9h
Step   2520 | loss 6.4822 | lr 3.00e-04 | grad 2.14 | 0.9k tok/s | cert -6.49→-6.37 | ticks [0.000 0.000 0.000 0.000 0.000 0.000 0.000 6.616] | 4M tok | ETA 1189.9h
Step   2530 | loss 6.4742 | lr 3.00e-04 | grad 1.48 | 0.9k tok/s | cert -6.95→-6.60 | ticks [0.000 0.000 0.000 0.000 0.000 0.000 0.000 6.592] | 4M tok | ETA 1189.8h
Step   2540 | loss 6.3220 | lr 3.00e-04 | grad 3.17 | 0.9k tok/s | cert -6.49→-6.28 | ticks [0.000 0.000 0.000 0.000 0.000 0.000 0.000 6.728] | 4M tok | ETA 1189.8h
Step   2550 | loss 6.6936 | lr 3.00e-04 | grad 2.39 | 0.9k tok/s | cert -7.44→-7.30 | ticks [0.000 0.000 0.000 0.000 0.000 0.000 0.000 6.952] | 4M tok | ETA 1189.8h
Step   2560 | loss 6.5965 | lr 3.00e-04 | grad 1.62 | 0.9k tok/s | cert -6.83→-6.66 | ticks [0.000 0.000 0.000 0.000 0.000 0.000 0.000 6.841] | 4M tok | ETA 1189.7h
Step   2570 | loss 6.3280 | lr 3.00e-04 | grad 3.44 | 0.9k tok/s | cert -6.42→-6.17 | ticks [0.000 0.000 0.000 0.000 0.000 0.000 0.000 6.814] | 4M tok | ETA 1189.7h
Step   2580 | loss 6.3323 | lr 3.00e-04 | grad 2.11 | 0.9k tok/s | cert -6.63→-6.36 | ticks [0.000 0.000 0.000 0.000 0.000 0.000 0.000 5.950] | 4M tok | ETA 1189.6h
Step   2590 | loss 6.5418 | lr 3.00e-04 | grad 1.73 | 0.9k tok/s | cert -6.98→-6.48 | ticks [0.000 0.000 0.000 0.000 0.000 0.000 0.000 6.347] | 4M tok | ETA 1189.6h
Step   2600 | loss 6.6826 | lr 3.00e-04 | grad 2.50 | 0.9k tok/s | cert -7.10→-6.66 | ticks [0.000 0.000 0.000 0.000 0.000 0.000 0.000 6.398] | 4M tok | ETA 1189.6h
Step   2610 | loss 6.3747 | lr 3.00e-04 | grad 3.77 | 0.9k tok/s | cert -7.83→-7.18 | ticks [0.000 0.000 0.000 0.000 0.000 0.000 0.000 6.478] | 4M tok | ETA 1189.5h
Step   2620 | loss 6.5231 | lr 3.00e-04 | grad 1.90 | 0.9k tok/s | cert -7.19→-6.49 | ticks [0.000 0.000 0.000 0.000 0.000 0.000 0.000 6.632] | 4M tok | ETA 1189.5h
Step   2630 | loss 6.7072 | lr 3.00e-04 | grad 1.86 | 0.9k tok/s | cert -7.38→-6.85 | ticks [0.000 0.000 0.000 0.000 0.000 0.000 0.000 6.821] | 4M tok | ETA 1189.5h
Step   2640 | loss 6.2336 | lr 3.00e-04 | grad 1.60 | 0.9k tok/s | cert -6.72→-6.14 | ticks [0.000 0.000 0.000 0.000 0.000 0.000 0.000 6.091] | 4M tok | ETA 1189.4h
Step   2650 | loss 6.2796 | lr 3.00e-04 | grad 3.14 | 0.9k tok/s | cert -7.18→-6.49 | ticks [0.000 0.000 0.000 0.000 0.000 0.000 0.000 6.758] | 4M tok | ETA 1189.4h
Step   2660 | loss 6.5704 | lr 3.00e-04 | grad 3.03 | 0.9k tok/s | cert -7.72→-7.00 | ticks [0.000 0.000 0.000 0.000 0.000 0.000 0.000 6.381] | 4M tok | ETA 1189.3h
Step   2670 | loss 6.4107 | lr 3.00e-04 | grad 2.81 | 0.9k tok/s | cert -7.03→-6.47 | ticks [0.000 0.000 0.000 0.000 0.000 0.000 0.000 6.543] | 4M tok | ETA 1189.3h
Step   2680 | loss 6.4573 | lr 3.00e-04 | grad 2.67 | 0.9k tok/s | cert -7.34→-6.47 | ticks [0.000 0.000 0.000 0.000 0.000 0.000 0.000 6.546] | 4M tok | ETA 1189.3h
Step   2690 | loss 6.3909 | lr 3.00e-04 | grad 5.56 | 0.9k tok/s | cert -7.87→-7.06 | ticks [0.000 0.000 0.000 0.000 0.000 0.000 0.000 6.232] | 4M tok | ETA 1189.2h
Step   2700 | loss 6.3275 | lr 3.00e-04 | grad 1.77 | 0.9k tok/s | cert -6.52→-5.98 | ticks [0.000 0.000 0.000 0.000 0.000 0.000 0.000 6.002] | 4M tok | ETA 1189.2h
Step   2710 | loss 6.2750 | lr 3.00e-04 | grad 2.81 | 0.9k tok/s | cert -6.51→-5.96 | ticks [0.000 0.000 0.000 0.000 0.000 0.000 0.000 6.519] | 4M tok | ETA 1189.2h
Step   2720 | loss 6.6092 | lr 3.00e-04 | grad 2.48 | 0.9k tok/s | cert -7.59→-6.72 | ticks [0.000 0.000 0.000 0.000 0.000 0.000 0.000 6.526] | 4M tok | ETA 1189.1h
Step   2730 | loss 6.5849 | lr 3.00e-04 | grad 2.34 | 0.9k tok/s | cert -6.95→-6.46 | ticks [0.000 0.000 0.000 0.000 0.000 0.000 0.000 6.726] | 4M tok | ETA 1189.1h
Step   2740 | loss 6.4723 | lr 3.00e-04 | grad 2.48 | 0.9k tok/s | cert -7.32→-6.76 | ticks [0.000 0.000 0.000 0.000 0.000 0.000 0.000 6.881] | 4M tok | ETA 1189.1h
Step   2750 | loss 6.5152 | lr 3.00e-04 | grad 5.28 | 0.9k tok/s | cert -7.92→-7.35 | ticks [0.000 0.000 0.000 0.000 0.000 0.000 0.000 6.379] | 4M tok | ETA 1189.0h
Step   2760 | loss 6.5971 | lr 3.00e-04 | grad 1.70 | 0.9k tok/s | cert -7.07→-6.50 | ticks [0.000 0.000 0.000 0.000 0.000 0.000 0.000 6.539] | 4M tok | ETA 1189.0h
Step   2770 | loss 6.6654 | lr 3.00e-04 | grad 3.72 | 0.9k tok/s | cert -6.76→-6.34 | ticks [0.000 0.000 0.000 0.000 0.000 0.000 0.000 6.684] | 4M tok | ETA 1188.9h
Step   2780 | loss 6.6493 | lr 3.00e-04 | grad 3.25 | 0.9k tok/s | cert -7.46→-6.88 | ticks [0.000 0.000 0.000 0.000 0.000 0.000 0.000 6.408] | 4M tok | ETA 1188.9h
Step   2790 | loss 6.4665 | lr 3.00e-04 | grad 1.89 | 0.9k tok/s | cert -7.01→-6.45 | ticks [0.000 0.000 0.000 0.000 0.000 0.000 0.000 6.406] | 4M tok | ETA 1188.9h
Step   2800 | loss 6.3059 | lr 3.00e-04 | grad 1.81 | 0.9k tok/s | cert -6.50→-6.04 | ticks [0.000 0.000 0.000 0.000 0.000 0.000 0.000 6.191] | 4M tok | ETA 1188.8h
Step   2810 | loss 6.4786 | lr 3.00e-04 | grad 3.95 | 0.9k tok/s | cert -7.65→-7.06 | ticks [0.000 0.000 0.000 0.000 0.000 0.000 0.000 6.604] | 4M tok | ETA 1188.8h
Step   2820 | loss 6.3540 | lr 3.00e-04 | grad 2.78 | 0.9k tok/s | cert -7.00→-6.52 | ticks [0.000 0.000 0.000 0.000 0.000 0.000 0.000 6.692] | 4M tok | ETA 1188.8h
Step   2830 | loss 6.3134 | lr 3.00e-04 | grad 3.67 | 0.9k tok/s | cert -6.72→-6.19 | ticks [0.000 0.000 0.000 0.000 0.000 0.000 0.000 6.655] | 4M tok | ETA 1188.7h
Step   2840 | loss 6.1002 | lr 3.00e-04 | grad 4.06 | 0.9k tok/s | cert -7.56→-7.18 | ticks [0.000 0.000 0.000 0.000 0.000 0.000 0.000 6.486] | 4M tok | ETA 1188.7h
Step   2850 | loss 5.9906 | lr 3.00e-04 | grad 6.19 | 0.9k tok/s | cert -8.45→-8.00 | ticks [0.000 0.000 0.000 0.000 0.000 0.000 0.000 6.615] | 4M tok | ETA 1188.7h
Step   2860 | loss 6.0661 | lr 3.00e-04 | grad 3.11 | 0.9k tok/s | cert -6.26→-6.04 | ticks [0.000 0.000 0.000 0.000 0.000 0.000 0.000 6.723] | 4M tok | ETA 1188.7h
Step   2870 | loss 6.0687 | lr 3.00e-04 | grad 2.22 | 0.9k tok/s | cert -7.24→-6.85 | ticks [0.000 0.000 0.000 0.000 0.000 0.000 0.000 6.839] | 4M tok | ETA 1188.6h
Step   2880 | loss 5.8873 | lr 3.00e-04 | grad 2.52 | 0.9k tok/s | cert -6.25→-6.18 | ticks [0.000 0.000 0.000 0.000 0.000 0.000 0.000 6.723] | 4M tok | ETA 1188.6h
Step   2890 | loss 5.9993 | lr 3.00e-04 | grad 4.16 | 0.9k tok/s | cert -5.71→-6.00 | ticks [0.000 0.000 0.000 0.000 0.000 0.000 0.000 6.749] | 4M tok | ETA 1188.6h
Step   2900 | loss 6.0258 | lr 3.00e-04 | grad 4.38 | 0.9k tok/s | cert -7.35→-7.46 | ticks [0.000 0.000 0.000 0.000 0.000 0.000 0.000 6.938] | 4M tok | ETA 1188.5h
Step   2910 | loss 5.8164 | lr 3.00e-04 | grad 2.39 | 0.9k tok/s | cert -6.18→-6.54 | ticks [0.000 0.000 0.000 0.000 0.000 0.000 0.000 6.944] | 4M tok | ETA 1188.5h
Step   2920 | loss 5.7987 | lr 3.00e-04 | grad 1.99 | 0.9k tok/s | cert -6.27→-6.41 | ticks [0.000 0.000 0.000 0.000 0.000 0.000 0.000 6.573] | 4M tok | ETA 1188.5h
Step   2930 | loss 5.8202 | lr 3.00e-04 | grad 3.72 | 0.9k tok/s | cert -7.13→-6.84 | ticks [0.000 0.000 0.000 0.000 0.000 0.000 0.000 5.933] | 5M tok | ETA 1188.4h
Step   2940 | loss 6.0051 | lr 3.00e-04 | grad 2.75 | 0.9k tok/s | cert -6.25→-6.20 | ticks [0.000 0.000 0.000 0.000 0.000 0.000 0.000 6.762] | 5M tok | ETA 1188.4h
Step   2950 | loss 6.2607 | lr 3.00e-04 | grad 2.23 | 0.9k tok/s | cert -5.95→-6.07 | ticks [0.000 0.000 0.000 0.000 0.000 0.000 0.000 6.467] | 5M tok | ETA 1188.4h
Step   2960 | loss 6.5388 | lr 3.00e-04 | grad 3.22 | 0.9k tok/s | cert -7.08→-7.00 | ticks [0.000 0.000 0.000 0.000 0.000 0.000 0.000 6.577] | 5M tok | ETA 1188.4h
Step   2970 | loss 6.6745 | lr 3.00e-04 | grad 2.36 | 0.9k tok/s | cert -6.50→-6.57 | ticks [0.000 0.000 0.000 0.000 0.000 0.000 0.000 6.255] | 5M tok | ETA 1188.3h
Step   2980 | loss 6.5561 | lr 3.00e-04 | grad 1.71 | 0.9k tok/s | cert -6.07→-6.13 | ticks [0.000 0.000 0.000 0.000 0.000 0.000 0.000 6.333] | 5M tok | ETA 1188.4h
Step   2990 | loss 6.6478 | lr 3.00e-04 | grad 2.70 | 0.9k tok/s | cert -7.12→-6.93 | ticks [0.000 0.000 0.000 0.000 0.000 0.000 0.000 6.370] | 5M tok | ETA 1188.4h
Step   3000 | loss 6.5314 | lr 3.00e-04 | grad 2.66 | 0.9k tok/s | cert -6.39→-6.24 | ticks [0.000 0.000 0.000 0.000 0.000 0.000 0.000 6.694] | 5M tok | ETA 1188.5h
Step   3010 | loss 6.6424 | lr 3.00e-04 | grad 1.81 | 0.9k tok/s | cert -7.07→-6.82 | ticks [0.000 0.000 0.000 0.000 0.000 0.000 0.000 6.685] | 5M tok | ETA 1188.5h
Step   3020 | loss 6.5398 | lr 3.00e-04 | grad 4.38 | 0.9k tok/s | cert -7.69→-7.22 | ticks [0.000 0.000 0.000 0.000 0.000 0.000 0.000 6.305] | 5M tok | ETA 1188.4h
Step   3030 | loss 6.4030 | lr 3.00e-04 | grad 2.53 | 0.9k tok/s | cert -6.40→-6.30 | ticks [0.000 0.000 0.000 0.000 0.000 0.000 0.000 6.682] | 5M tok | ETA 1188.4h
Step   3040 | loss 6.6182 | lr 3.00e-04 | grad 2.45 | 0.9k tok/s | cert -7.86→-7.51 | ticks [0.000 0.000 0.000 0.000 0.000 0.000 0.000 7.754] | 5M tok | ETA 1188.4h
Step   3050 | loss 6.8226 | lr 3.00e-04 | grad 2.41 | 0.9k tok/s | cert -7.71→-7.30 | ticks [0.000 0.000 0.000 0.000 0.000 0.000 0.000 6.985] | 5M tok | ETA 1188.3h
Step   3060 | loss 6.6421 | lr 3.00e-04 | grad 1.77 | 0.9k tok/s | cert -6.52→-6.35 | ticks [0.000 0.000 0.000 0.000 0.000 0.000 0.000 6.194] | 5M tok | ETA 1188.3h
Step   3070 | loss 6.3624 | lr 3.00e-04 | grad 2.16 | 0.9k tok/s | cert -7.15→-6.57 | ticks [0.000 0.000 0.000 0.000 0.000 0.000 0.000 6.225] | 5M tok | ETA 1188.2h
Step   3080 | loss 6.7093 | lr 3.00e-04 | grad 1.59 | 0.9k tok/s | cert -6.99→-6.77 | ticks [0.000 0.000 0.000 0.000 0.000 0.000 0.000 6.612] | 5M tok | ETA 1188.2h
Step   3090 | loss 6.3066 | lr 3.00e-04 | grad 3.02 | 0.9k tok/s | cert -6.11→-5.93 | ticks [0.000 0.000 0.000 0.000 0.000 0.000 0.000 6.280] | 5M tok | ETA 1188.2h
Step   3100 | loss 6.6079 | lr 3.00e-04 | grad 2.19 | 0.9k tok/s | cert -7.10→-6.83 | ticks [0.000 0.000 0.000 0.000 0.000 0.000 0.000 6.514] | 5M tok | ETA 1188.1h
Step   3110 | loss 6.5908 | lr 3.00e-04 | grad 1.95 | 0.9k tok/s | cert -7.44→-7.17 | ticks [0.000 0.000 0.000 0.000 0.000 0.000 0.000 6.769] | 5M tok | ETA 1188.1h
Step   3120 | loss 6.5700 | lr 3.00e-04 | grad 2.62 | 0.9k tok/s | cert -6.81→-6.54 | ticks [0.000 0.000 0.000 0.000 0.000 0.000 0.000 6.755] | 5M tok | ETA 1188.1h
Step   3130 | loss 6.6033 | lr 3.00e-04 | grad 1.73 | 0.9k tok/s | cert -7.29→-6.85 | ticks [0.000 0.000 0.000 0.000 0.000 0.000 0.000 6.654] | 5M tok | ETA 1188.0h
Step   3140 | loss 6.4957 | lr 3.00e-04 | grad 2.11 | 0.9k tok/s | cert -7.32→-6.93 | ticks [0.000 0.000 0.000 0.000 0.000 0.000 0.000 6.663] | 5M tok | ETA 1188.0h
Step   3150 | loss 6.6817 | lr 3.00e-04 | grad 2.14 | 0.9k tok/s | cert -6.93→-6.40 | ticks [0.000 0.000 0.000 0.000 0.000 0.000 0.000 6.680] | 5M tok | ETA 1188.0h
Step   3160 | loss 6.3631 | lr 3.00e-04 | grad 2.12 | 0.9k tok/s | cert -7.16→-6.68 | ticks [0.000 0.000 0.000 0.000 0.000 0.000 0.000 6.756] | 5M tok | ETA 1188.0h
Step   3170 | loss 6.5235 | lr 3.00e-04 | grad 2.39 | 0.9k tok/s | cert -6.52→-6.39 | ticks [0.000 0.000 0.000 0.000 0.000 0.000 0.000 6.694] | 5M tok | ETA 1187.9h
Step   3180 | loss 6.4224 | lr 3.00e-04 | grad 2.62 | 0.9k tok/s | cert -7.28→-6.96 | ticks [0.000 0.000 0.000 0.000 0.000 0.000 0.000 6.386] | 5M tok | ETA 1187.9h
Step   3190 | loss 6.5121 | lr 3.00e-04 | grad 2.31 | 0.9k tok/s | cert -7.27→-6.97 | ticks [0.000 0.000 0.000 0.000 0.000 0.000 0.000 6.682] | 5M tok | ETA 1187.9h
Step   3200 | loss 6.3672 | lr 3.00e-04 | grad 2.77 | 0.9k tok/s | cert -6.60→-6.28 | ticks [0.000 0.000 0.000 0.000 0.000 0.000 0.000 6.525] | 5M tok | ETA 1187.9h
Step   3210 | loss 6.4512 | lr 3.00e-04 | grad 3.11 | 0.9k tok/s | cert -7.49→-7.10 | ticks [0.000 0.000 0.000 0.000 0.000 0.000 0.000 6.448] | 5M tok | ETA 1187.8h
Step   3220 | loss 6.4287 | lr 3.00e-04 | grad 2.80 | 0.9k tok/s | cert -7.67→-7.33 | ticks [0.000 0.000 0.000 0.000 0.000 0.000 0.000 7.101] | 5M tok | ETA 1187.8h
Step   3230 | loss 6.4381 | lr 3.00e-04 | grad 1.85 | 0.9k tok/s | cert -6.71→-6.33 | ticks [0.000 0.000 0.000 0.000 0.000 0.000 0.000 6.474] | 5M tok | ETA 1187.8h
Step   3240 | loss 6.4282 | lr 3.00e-04 | grad 1.59 | 0.9k tok/s | cert -6.86→-6.48 | ticks [0.000 0.000 0.000 0.000 0.000 0.000 0.000 6.239] | 5M tok | ETA 1187.8h
Step   3250 | loss 6.5128 | lr 3.00e-04 | grad 3.69 | 0.9k tok/s | cert -7.30→-6.93 | ticks [0.000 0.000 0.000 0.000 0.000 0.000 0.000 6.239] | 5M tok | ETA 1187.9h
Step   3260 | loss 6.3885 | lr 3.00e-04 | grad 2.31 | 0.9k tok/s | cert -6.56→-6.25 | ticks [0.000 0.000 0.000 0.000 0.000 0.000 0.000 6.436] | 5M tok | ETA 1187.9h
Step   3270 | loss 6.2941 | lr 3.00e-04 | grad 1.84 | 0.9k tok/s | cert -7.07→-6.82 | ticks [0.000 0.000 0.000 0.000 0.000 0.000 0.000 6.589] | 5M tok | ETA 1187.9h
Step   3280 | loss 6.6734 | lr 3.00e-04 | grad 2.88 | 0.9k tok/s | cert -7.69→-7.18 | ticks [0.000 0.000 0.000 0.000 0.000 0.000 0.000 6.652] | 5M tok | ETA 1187.9h
Step   3290 | loss 6.6136 | lr 3.00e-04 | grad 4.91 | 0.9k tok/s | cert -7.36→-6.87 | ticks [0.000 0.000 0.000 0.000 0.000 0.000 0.000 7.130] | 5M tok | ETA 1187.8h
Step   3300 | loss 6.3376 | lr 3.00e-04 | grad 2.44 | 0.9k tok/s | cert -6.68→-6.43 | ticks [0.000 0.000 0.000 0.000 0.000 0.000 0.000 6.690] | 5M tok | ETA 1187.8h
Step   3310 | loss 6.4963 | lr 3.00e-04 | grad 1.99 | 0.9k tok/s | cert -7.66→-7.28 | ticks [0.000 0.000 0.000 0.000 0.000 0.000 0.000 7.133] | 5M tok | ETA 1187.8h
Step   3320 | loss 6.6117 | lr 3.00e-04 | grad 2.05 | 0.9k tok/s | cert -6.69→-6.35 | ticks [0.000 0.000 0.000 0.000 0.000 0.000 0.000 6.478] | 5M tok | ETA 1187.7h
Step   3330 | loss 6.4666 | lr 3.00e-04 | grad 1.54 | 0.9k tok/s | cert -7.18→-6.57 | ticks [0.000 0.000 0.000 0.000 0.000 0.000 0.000 6.479] | 5M tok | ETA 1187.7h
Step   3340 | loss 6.3814 | lr 3.00e-04 | grad 1.79 | 0.9k tok/s | cert -7.01→-6.50 | ticks [0.000 0.000 0.000 0.000 0.000 0.000 0.000 6.557] | 5M tok | ETA 1187.7h
Step   3350 | loss 6.6254 | lr 3.00e-04 | grad 2.48 | 0.9k tok/s | cert -7.19→-6.67 | ticks [0.000 0.000 0.000 0.000 0.000 0.000 0.000 6.666] | 5M tok | ETA 1187.6h
Step   3360 | loss 6.1417 | lr 3.00e-04 | grad 2.84 | 0.9k tok/s | cert -6.89→-6.79 | ticks [0.000 0.000 0.000 0.000 0.000 0.000 0.000 6.157] | 5M tok | ETA 1187.6h
Step   3370 | loss 6.3797 | lr 3.00e-04 | grad 3.03 | 0.9k tok/s | cert -6.73→-6.46 | ticks [0.000 0.000 0.000 0.000 0.000 0.000 0.000 6.532] | 5M tok | ETA 1187.6h
Step   3380 | loss 6.5527 | lr 3.00e-04 | grad 5.19 | 0.9k tok/s | cert -8.19→-7.82 | ticks [0.000 0.000 0.000 0.000 0.000 0.000 0.000 7.002] | 5M tok | ETA 1187.6h
Step   3390 | loss 6.2779 | lr 3.00e-04 | grad 3.22 | 0.9k tok/s | cert -7.21→-6.83 | ticks [0.000 0.000 0.000 0.000 0.000 0.000 0.000 6.264] | 5M tok | ETA 1187.5h
Step   3400 | loss 6.4162 | lr 3.00e-04 | grad 2.23 | 0.9k tok/s | cert -6.95→-6.51 | ticks [0.000 0.000 0.000 0.000 0.000 0.000 0.000 6.504] | 5M tok | ETA 1187.5h
Step   3410 | loss 6.5120 | lr 3.00e-04 | grad 2.08 | 0.9k tok/s | cert -7.07→-6.80 | ticks [0.000 0.000 0.000 0.000 0.000 0.000 0.000 6.791] | 5M tok | ETA 1187.5h
Step   3420 | loss 6.7515 | lr 3.00e-04 | grad 2.80 | 0.9k tok/s | cert -8.19→-7.83 | ticks [0.000 0.000 0.000 0.000 0.000 0.000 0.000 6.905] | 5M tok | ETA 1187.5h
Step   3430 | loss 6.4816 | lr 3.00e-04 | grad 7.59 | 0.9k tok/s | cert -6.34→-6.16 | ticks [0.000 0.000 0.000 0.000 0.000 0.000 0.000 5.665] | 5M tok | ETA 1187.4h
Step   3440 | loss 6.4264 | lr 3.00e-04 | grad 2.50 | 0.9k tok/s | cert -6.14→-5.92 | ticks [0.000 0.000 0.000 0.000 0.000 0.000 0.000 6.249] | 5M tok | ETA 1187.4h
Step   3450 | loss 6.4285 | lr 3.00e-04 | grad 2.88 | 0.9k tok/s | cert -7.70→-7.14 | ticks [0.000 0.000 0.000 0.000 0.000 0.000 0.000 6.441] | 5M tok | ETA 1187.4h
Step   3460 | loss 6.3920 | lr 3.00e-04 | grad 1.84 | 0.9k tok/s | cert -7.09→-6.64 | ticks [0.000 0.000 0.000 0.000 0.000 0.000 0.000 6.448] | 5M tok | ETA 1187.4h
Step   3470 | loss 6.4832 | lr 3.00e-04 | grad 2.50 | 0.9k tok/s | cert -7.92→-7.49 | ticks [0.000 0.000 0.000 0.000 0.000 0.000 0.000 7.602] | 5M tok | ETA 1187.3h
Step   3480 | loss 6.8029 | lr 3.00e-04 | grad 2.05 | 0.9k tok/s | cert -6.65→-6.41 | ticks [0.000 0.000 0.000 0.000 0.000 0.000 0.000 6.614] | 5M tok | ETA 1187.3h
Step   3490 | loss 6.6682 | lr 3.00e-04 | grad 3.56 | 0.9k tok/s | cert -6.98→-6.45 | ticks [0.000 0.000 0.000 0.000 0.000 0.000 0.000 5.626] | 5M tok | ETA 1187.3h
Step   3500 | loss 6.3930 | lr 3.00e-04 | grad 3.30 | 0.9k tok/s | cert -6.52→-6.27 | ticks [0.000 0.000 0.000 0.000 0.000 0.000 0.000 6.515] | 5M tok | ETA 1187.3h
Step   3510 | loss 6.3903 | lr 3.00e-04 | grad 3.25 | 0.9k tok/s | cert -6.32→-6.08 | ticks [0.000 0.000 0.000 0.000 0.000 0.000 0.000 6.595] | 5M tok | ETA 1187.3h
Step   3520 | loss 6.4926 | lr 3.00e-04 | grad 2.00 | 0.9k tok/s | cert -7.68→-7.14 | ticks [0.000 0.000 0.000 0.000 0.000 0.000 0.000 6.665] | 5M tok | ETA 1187.2h
Step   3530 | loss 6.4524 | lr 3.00e-04 | grad 2.92 | 0.9k tok/s | cert -7.29→-6.73 | ticks [0.000 0.000 0.000 0.000 0.000 0.000 0.000 6.398] | 5M tok | ETA 1187.2h
Step   3540 | loss 6.4644 | lr 3.00e-04 | grad 1.95 | 0.9k tok/s | cert -6.62→-6.18 | ticks [0.000 0.000 0.000 0.000 0.000 0.000 0.000 6.332] | 5M tok | ETA 1187.2h
Step   3550 | loss 6.4957 | lr 3.00e-04 | grad 2.23 | 0.9k tok/s | cert -6.45→-6.11 | ticks [0.000 0.000 0.000 0.000 0.000 0.000 0.000 6.214] | 5M tok | ETA 1187.2h
Step   3560 | loss 6.4137 | lr 3.00e-04 | grad 2.58 | 0.9k tok/s | cert -7.52→-7.17 | ticks [0.000 0.000 0.000 0.000 0.000 0.000 0.000 6.681] | 5M tok | ETA 1187.1h
Step   3570 | loss 6.4176 | lr 3.00e-04 | grad 2.58 | 0.9k tok/s | cert -6.45→-6.02 | ticks [0.000 0.000 0.000 0.000 0.000 0.000 0.000 6.405] | 5M tok | ETA 1187.1h
Step   3580 | loss 6.3912 | lr 3.00e-04 | grad 2.16 | 0.9k tok/s | cert -6.71→-6.58 | ticks [0.000 0.000 0.000 0.000 0.000 0.000 0.000 6.320] | 6M tok | ETA 1187.1h
Step   3590 | loss 6.2546 | lr 3.00e-04 | grad 2.39 | 0.9k tok/s | cert -6.88→-6.68 | ticks [0.000 0.000 0.000 0.000 0.000 0.000 0.000 6.547] | 6M tok | ETA 1187.1h
Step   3600 | loss 6.4957 | lr 3.00e-04 | grad 1.63 | 0.9k tok/s | cert -6.80→-6.53 | ticks [0.000 0.000 0.000 0.000 0.000 0.000 0.000 6.480] | 6M tok | ETA 1187.1h
Step   3610 | loss 6.2911 | lr 3.00e-04 | grad 2.69 | 0.9k tok/s | cert -7.08→-6.70 | ticks [0.000 0.000 0.000 0.000 0.000 0.000 0.000 6.110] | 6M tok | ETA 1187.0h
Step   3620 | loss 6.6259 | lr 3.00e-04 | grad 1.77 | 0.9k tok/s | cert -6.92→-6.64 | ticks [0.000 0.000 0.000 0.000 0.000 0.000 0.000 6.601] | 6M tok | ETA 1187.0h
Step   3630 | loss 6.4796 | lr 3.00e-04 | grad 3.73 | 0.9k tok/s | cert -6.38→-6.15 | ticks [0.000 0.000 0.000 0.000 0.000 0.000 0.000 6.754] | 6M tok | ETA 1187.0h
Step   3640 | loss 6.7303 | lr 3.00e-04 | grad 3.45 | 0.9k tok/s | cert -7.47→-7.08 | ticks [0.000 0.000 0.000 0.000 0.000 0.000 0.000 6.398] | 6M tok | ETA 1187.0h
Step   3650 | loss 6.4370 | lr 3.00e-04 | grad 1.98 | 0.9k tok/s | cert -6.61→-6.41 | ticks [0.000 0.000 0.000 0.000 0.000 0.000 0.000 6.131] | 6M tok | ETA 1187.0h
Step   3660 | loss 6.0854 | lr 3.00e-04 | grad 2.61 | 0.9k tok/s | cert -5.85→-5.76 | ticks [0.000 0.000 0.000 0.000 0.000 0.000 0.000 5.964] | 6M tok | ETA 1187.0h
Step   3670 | loss 6.1472 | lr 3.00e-04 | grad 1.52 | 0.9k tok/s | cert -6.39→-6.15 | ticks [0.000 0.000 0.000 0.000 0.000 0.000 0.000 6.174] | 6M tok | ETA 1187.0h
Step   3680 | loss 6.4374 | lr 3.00e-04 | grad 2.91 | 0.9k tok/s | cert -7.12→-6.90 | ticks [0.000 0.000 0.000 0.000 0.000 0.000 0.000 6.250] | 6M tok | ETA 1187.1h
Step   3690 | loss 6.3638 | lr 3.00e-04 | grad 2.28 | 0.9k tok/s | cert -6.58→-6.34 | ticks [0.000 0.000 0.000 0.000 0.000 0.000 0.000 6.140] | 6M tok | ETA 1187.1h
Step   3700 | loss 6.5828 | lr 3.00e-04 | grad 1.92 | 0.9k tok/s | cert -6.64→-6.43 | ticks [0.000 0.000 0.000 0.000 0.000 0.000 0.000 6.503] | 6M tok | ETA 1187.1h
Step   3710 | loss 6.5179 | lr 3.00e-04 | grad 2.06 | 0.9k tok/s | cert -6.87→-6.55 | ticks [0.000 0.000 0.000 0.000 0.000 0.000 0.000 6.142] | 6M tok | ETA 1187.1h
Step   3720 | loss 6.2508 | lr 3.00e-04 | grad 2.39 | 0.9k tok/s | cert -6.85→-6.70 | ticks [0.000 0.000 0.000 0.000 0.000 0.000 0.000 6.192] | 6M tok | ETA 1187.0h
Step   3730 | loss 6.3158 | lr 3.00e-04 | grad 2.34 | 0.9k tok/s | cert -6.39→-6.10 | ticks [0.000 0.000 0.000 0.000 0.000 0.000 0.000 6.326] | 6M tok | ETA 1187.0h
Step   3740 | loss 6.2165 | lr 3.00e-04 | grad 2.86 | 0.9k tok/s | cert -7.17→-6.82 | ticks [0.000 0.000 0.000 0.000 0.000 0.000 0.000 6.032] | 6M tok | ETA 1187.0h
Step   3750 | loss 6.1599 | lr 3.00e-04 | grad 1.58 | 0.9k tok/s | cert -6.57→-5.93 | ticks [0.000 0.000 0.000 0.000 0.000 0.000 0.000 6.021] | 6M tok | ETA 1186.9h
Step   3760 | loss 6.2713 | lr 3.00e-04 | grad 2.17 | 0.9k tok/s | cert -6.84→-6.14 | ticks [0.000 0.000 0.000 0.000 0.000 0.000 0.000 6.340] | 6M tok | ETA 1186.9h
Step   3770 | loss 6.1280 | lr 3.00e-04 | grad 2.47 | 0.9k tok/s | cert -7.42→-6.85 | ticks [0.000 0.000 0.000 0.000 0.000 0.000 0.000 6.026] | 6M tok | ETA 1186.9h
Step   3780 | loss 6.3802 | lr 3.00e-04 | grad 1.65 | 0.9k tok/s | cert -7.21→-6.71 | ticks [0.000 0.000 0.000 0.000 0.000 0.000 0.000 6.542] | 6M tok | ETA 1186.9h
Step   3790 | loss 6.0962 | lr 3.00e-04 | grad 1.63 | 0.9k tok/s | cert -6.68→-6.44 | ticks [0.000 0.000 0.000 0.000 0.000 0.000 0.000 6.460] | 6M tok | ETA 1186.8h
Step   3800 | loss 6.3113 | lr 3.00e-04 | grad 1.93 | 0.9k tok/s | cert -6.86→-6.62 | ticks [0.000 0.000 0.000 0.000 0.000 0.000 0.000 6.764] | 6M tok | ETA 1186.8h
Step   3810 | loss 6.6355 | lr 3.00e-04 | grad 3.12 | 0.9k tok/s | cert -7.38→-7.00 | ticks [0.000 0.000 0.000 0.000 0.000 0.000 0.000 6.352] | 6M tok | ETA 1186.8h
Step   3820 | loss 6.3775 | lr 3.00e-04 | grad 1.84 | 0.9k tok/s | cert -6.71→-6.33 | ticks [0.000 0.000 0.000 0.000 0.000 0.000 0.000 6.355] | 6M tok | ETA 1186.8h
Step   3830 | loss 6.1559 | lr 3.00e-04 | grad 3.38 | 0.9k tok/s | cert -5.98→-5.80 | ticks [0.000 0.000 0.000 0.000 0.000 0.000 0.000 6.272] | 6M tok | ETA 1186.9h
Step   3840 | loss 6.4229 | lr 3.00e-04 | grad 1.65 | 0.9k tok/s | cert -7.18→-6.92 | ticks [0.000 0.000 0.000 0.000 0.000 0.000 0.000 6.579] | 6M tok | ETA 1186.9h
Step   3850 | loss 6.3373 | lr 3.00e-04 | grad 3.12 | 0.9k tok/s | cert -7.37→-7.11 | ticks [0.000 0.000 0.000 0.000 0.000 0.000 0.000 6.443] | 6M tok | ETA 1186.9h
Step   3860 | loss 6.2310 | lr 3.00e-04 | grad 2.94 | 0.9k tok/s | cert -6.03→-5.84 | ticks [0.000 0.000 0.000 0.000 0.000 0.000 0.000 6.351] | 6M tok | ETA 1186.9h
Step   3870 | loss 6.2295 | lr 3.00e-04 | grad 2.20 | 0.9k tok/s | cert -6.56→-6.35 | ticks [0.000 0.000 0.000 0.000 0.000 0.000 0.000 6.289] | 6M tok | ETA 1186.9h
Step   3880 | loss 6.3285 | lr 3.00e-04 | grad 2.48 | 0.9k tok/s | cert -6.99→-6.85 | ticks [0.000 0.000 0.000 0.000 0.000 0.000 0.000 6.332] | 6M tok | ETA 1186.9h
Step   3890 | loss 6.3305 | lr 3.00e-04 | grad 2.02 | 0.9k tok/s | cert -6.56→-6.45 | ticks [0.000 0.000 0.000 0.000 0.000 0.000 0.000 6.468] | 6M tok | ETA 1186.9h
Step   3900 | loss 6.3935 | lr 3.00e-04 | grad 2.64 | 0.9k tok/s | cert -6.37→-6.34 | ticks [0.000 0.000 0.000 0.000 0.000 0.000 0.000 6.648] | 6M tok | ETA 1186.9h
Step   3910 | loss 6.3067 | lr 3.00e-04 | grad 4.16 | 0.9k tok/s | cert -7.22→-7.13 | ticks [0.000 0.000 0.000 0.000 0.000 0.000 0.000 6.446] | 6M tok | ETA 1186.8h
Step   3920 | loss 6.6664 | lr 3.00e-04 | grad 1.84 | 0.9k tok/s | cert -6.72→-6.54 | ticks [0.000 0.000 0.000 0.000 0.000 0.000 0.000 6.495] | 6M tok | ETA 1186.8h
Step   3930 | loss 6.7474 | lr 3.00e-04 | grad 1.91 | 0.9k tok/s | cert -6.81→-6.79 | ticks [0.000 0.000 0.000 0.000 0.000 0.000 0.000 6.953] | 6M tok | ETA 1186.8h
Step   3940 | loss 6.2872 | lr 3.00e-04 | grad 2.86 | 0.9k tok/s | cert -7.27→-6.83 | ticks [0.000 0.000 0.000 0.000 0.000 0.000 0.000 7.100] | 6M tok | ETA 1186.7h
Step   3950 | loss 6.1348 | lr 3.00e-04 | grad 1.55 | 0.9k tok/s | cert -6.59→-6.36 | ticks [0.000 0.000 0.000 0.000 0.000 0.000 0.000 6.435] | 6M tok | ETA 1186.7h
Step   3960 | loss 6.5898 | lr 3.00e-04 | grad 2.19 | 0.9k tok/s | cert -6.96→-6.73 | ticks [0.000 0.000 0.000 0.000 0.000 0.000 0.000 6.425] | 6M tok | ETA 1186.7h
Step   3970 | loss 6.6247 | lr 3.00e-04 | grad 1.98 | 0.9k tok/s | cert -6.97→-6.82 | ticks [0.000 0.000 0.000 0.000 0.000 0.000 0.000 6.785] | 6M tok | ETA 1186.7h
Step   3980 | loss 6.8185 | lr 3.00e-04 | grad 3.27 | 0.9k tok/s | cert -7.72→-7.47 | ticks [0.000 0.000 0.000 0.000 0.000 0.000 0.000 6.702] | 6M tok | ETA 1186.6h
Step   3990 | loss 6.4216 | lr 3.00e-04 | grad 2.48 | 0.9k tok/s | cert -7.18→-6.84 | ticks [0.000 0.000 0.000 0.000 0.000 0.000 0.000 6.378] | 6M tok | ETA 1186.7h
Step   4000 | loss 6.3675 | lr 3.00e-04 | grad 4.12 | 0.9k tok/s | cert -6.59→-6.26 | ticks [0.000 0.000 0.000 0.000 0.000 0.000 0.000 6.603] | 6M tok | ETA 1186.7h
Step   4010 | loss 6.5459 | lr 3.00e-04 | grad 2.98 | 0.9k tok/s | cert -6.51→-6.35 | ticks [0.000 0.000 0.000 0.000 0.000 0.000 0.000 6.639] | 6M tok | ETA 1186.7h
Step   4020 | loss 6.3805 | lr 3.00e-04 | grad 3.83 | 0.9k tok/s | cert -7.34→-7.12 | ticks [0.000 0.000 0.000 0.000 0.000 0.000 0.000 6.348] | 6M tok | ETA 1186.8h
Step   4030 | loss 6.4875 | lr 3.00e-04 | grad 2.06 | 0.9k tok/s | cert -7.04→-6.91 | ticks [0.000 0.000 0.000 0.000 0.000 0.000 0.000 6.585] | 6M tok | ETA 1186.7h
Step   4040 | loss 6.4051 | lr 3.00e-04 | grad 2.53 | 0.9k tok/s | cert -6.58→-6.52 | ticks [0.000 0.000 0.000 0.000 0.000 0.000 0.000 6.522] | 6M tok | ETA 1186.7h
Step   4050 | loss 6.2243 | lr 3.00e-04 | grad 2.05 | 0.9k tok/s | cert -7.10→-6.85 | ticks [0.000 0.000 0.000 0.000 0.000 0.000 0.000 6.592] | 6M tok | ETA 1186.6h
Step   4060 | loss 6.1366 | lr 3.00e-04 | grad 2.83 | 0.9k tok/s | cert -7.11→-6.81 | ticks [0.000 0.000 0.000 0.000 0.000 0.000 0.000 6.157] | 6M tok | ETA 1186.6h
Step   4070 | loss 6.2782 | lr 3.00e-04 | grad 1.79 | 0.9k tok/s | cert -6.50→-6.30 | ticks [0.000 0.000 0.000 0.000 0.000 0.000 0.000 6.295] | 6M tok | ETA 1186.6h
Step   4080 | loss 6.2826 | lr 3.00e-04 | grad 2.12 | 0.9k tok/s | cert -6.74→-6.22 | ticks [0.000 0.000 0.000 0.000 0.000 0.000 0.000 6.367] | 6M tok | ETA 1186.6h
Step   4090 | loss 6.5307 | lr 3.00e-04 | grad 4.06 | 0.9k tok/s | cert -7.41→-7.04 | ticks [0.000 0.000 0.000 0.000 0.000 0.000 0.000 6.237] | 6M tok | ETA 1186.5h
Step   4100 | loss 6.4322 | lr 3.00e-04 | grad 2.28 | 0.9k tok/s | cert -7.02→-6.81 | ticks [0.000 0.000 0.000 0.000 0.000 0.000 0.000 6.791] | 6M tok | ETA 1186.5h
Step   4110 | loss 6.3592 | lr 3.00e-04 | grad 2.44 | 0.9k tok/s | cert -6.34→-5.97 | ticks [0.000 0.000 0.000 0.000 0.000 0.000 0.000 6.156] | 6M tok | ETA 1186.5h
Step   4120 | loss 6.2878 | lr 3.00e-04 | grad 1.88 | 0.9k tok/s | cert -7.27→-6.90 | ticks [0.000 0.000 0.000 0.000 0.000 0.000 0.000 6.593] | 6M tok | ETA 1186.5h
Step   4130 | loss 6.3005 | lr 3.00e-04 | grad 1.54 | 0.9k tok/s | cert -6.93→-6.54 | ticks [0.000 0.000 0.000 0.000 0.000 0.000 0.000 6.531] | 6M tok | ETA 1186.5h
Step   4140 | loss 6.4722 | lr 3.00e-04 | grad 3.06 | 0.9k tok/s | cert -6.57→-6.19 | ticks [0.000 0.000 0.000 0.000 0.000 0.000 0.000 6.531] | 6M tok | ETA 1186.4h
Step   4150 | loss 6.1737 | lr 3.00e-04 | grad 4.59 | 0.9k tok/s | cert -7.70→-7.18 | ticks [0.000 0.000 0.000 0.000 0.000 0.000 0.000 6.302] | 6M tok | ETA 1186.4h
Step   4160 | loss 6.3301 | lr 3.00e-04 | grad 2.50 | 0.9k tok/s | cert -7.15→-6.85 | ticks [0.000 0.000 0.000 0.000 0.000 0.000 0.000 6.258] | 6M tok | ETA 1186.4h
Step   4170 | loss 6.3756 | lr 3.00e-04 | grad 2.44 | 0.9k tok/s | cert -6.59→-6.11 | ticks [0.000 0.000 0.000 0.000 0.000 0.000 0.000 6.125] | 6M tok | ETA 1186.4h
Step   4180 | loss 6.2785 | lr 3.00e-04 | grad 1.60 | 0.9k tok/s | cert -6.79→-6.52 | ticks [0.000 0.000 0.000 0.000 0.000 0.000 0.000 6.297] | 6M tok | ETA 1186.4h
Step   4190 | loss 6.3607 | lr 3.00e-04 | grad 2.34 | 0.9k tok/s | cert -7.00→-6.62 | ticks [0.000 0.000 0.000 0.000 0.000 0.000 0.000 6.296] | 6M tok | ETA 1186.3h
Step   4200 | loss 6.7948 | lr 3.00e-04 | grad 2.64 | 0.9k tok/s | cert -6.67→-6.60 | ticks [0.000 0.000 0.000 0.000 0.000 0.000 0.000 6.601] | 6M tok | ETA 1186.4h
Step   4210 | loss 6.5966 | lr 3.00e-04 | grad 2.62 | 0.9k tok/s | cert -7.04→-6.89 | ticks [0.000 0.000 0.000 0.000 0.000 0.000 0.000 6.801] | 6M tok | ETA 1186.4h
Step   4220 | loss 6.3350 | lr 3.00e-04 | grad 2.39 | 0.9k tok/s | cert -6.91→-6.91 | ticks [0.000 0.000 0.000 0.000 0.000 0.000 0.000 6.726] | 6M tok | ETA 1186.5h
Step   4230 | loss 6.5270 | lr 3.00e-04 | grad 2.17 | 0.9k tok/s | cert -6.45→-6.57 | ticks [0.000 0.000 0.000 0.000 0.000 0.000 0.000 6.539] | 6M tok | ETA 1186.5h
Step   4240 | loss 6.5420 | lr 3.00e-04 | grad 3.48 | 0.9k tok/s | cert -7.39→-7.39 | ticks [0.000 0.000 0.000 0.000 0.000 0.000 0.000 6.706] | 7M tok | ETA 1186.5h
Step   4250 | loss 6.4969 | lr 3.00e-04 | grad 2.27 | 0.9k tok/s | cert -6.92→-6.92 | ticks [0.000 0.000 0.000 0.000 0.000 0.000 0.000 6.608] | 7M tok | ETA 1186.4h
Step   4260 | loss 6.5464 | lr 3.00e-04 | grad 3.02 | 0.9k tok/s | cert -6.41→-6.42 | ticks [0.000 0.000 0.000 0.000 0.000 0.000 0.000 6.590] | 7M tok | ETA 1186.4h
Step   4270 | loss 6.3880 | lr 3.00e-04 | grad 2.02 | 0.9k tok/s | cert -6.66→-6.46 | ticks [0.000 0.000 0.000 0.000 0.000 0.000 0.000 5.844] | 7M tok | ETA 1186.4h
Step   4280 | loss 6.2778 | lr 3.00e-04 | grad 2.83 | 0.9k tok/s | cert -6.85→-6.70 | ticks [0.000 0.000 0.000 0.000 0.000 0.000 0.000 6.165] | 7M tok | ETA 1186.3h
Step   4290 | loss 6.2045 | lr 3.00e-04 | grad 4.03 | 0.9k tok/s | cert -7.42→-7.15 | ticks [0.000 0.000 0.000 0.000 0.000 0.000 0.000 6.100] | 7M tok | ETA 1186.3h
Step   4300 | loss 6.4646 | lr 3.00e-04 | grad 1.95 | 0.9k tok/s | cert -6.38→-6.10 | ticks [0.000 0.000 0.000 0.000 0.000 0.000 0.000 5.824] | 7M tok | ETA 1186.3h
Step   4310 | loss 6.3469 | lr 3.00e-04 | grad 2.34 | 0.9k tok/s | cert -6.86→-6.58 | ticks [0.000 0.000 0.000 0.000 0.000 0.000 0.000 5.938] | 7M tok | ETA 1186.3h
Step   4320 | loss 6.3434 | lr 3.00e-04 | grad 1.55 | 0.9k tok/s | cert -6.42→-6.22 | ticks [0.000 0.000 0.000 0.000 0.000 0.000 0.000 6.098] | 7M tok | ETA 1186.3h
Step   4330 | loss 6.3766 | lr 3.00e-04 | grad 3.72 | 0.9k tok/s | cert -6.22→-5.97 | ticks [0.000 0.000 0.000 0.000 0.000 0.000 0.000 6.565] | 7M tok | ETA 1186.3h
Step   4340 | loss 6.6322 | lr 3.00e-04 | grad 1.81 | 0.9k tok/s | cert -7.43→-7.23 | ticks [0.000 0.000 0.000 0.000 0.000 0.000 0.000 6.699] | 7M tok | ETA 1186.2h
Step   4350 | loss 6.5247 | lr 3.00e-04 | grad 4.53 | 0.9k tok/s | cert -7.65→-7.35 | ticks [0.000 0.000 0.000 0.000 0.000 0.000 0.000 6.581] | 7M tok | ETA 1186.2h
Step   4360 | loss 6.3938 | lr 3.00e-04 | grad 2.02 | 0.9k tok/s | cert -6.46→-6.08 | ticks [0.000 0.000 0.000 0.000 0.000 0.000 0.000 6.246] | 7M tok | ETA 1186.2h
Step   4370 | loss 6.5509 | lr 3.00e-04 | grad 1.64 | 0.9k tok/s | cert -6.93→-6.50 | ticks [0.000 0.000 0.000 0.000 0.000 0.000 0.000 6.479] | 7M tok | ETA 1186.2h
Step   4380 | loss 6.3548 | lr 3.00e-04 | grad 2.27 | 0.9k tok/s | cert -7.14→-6.66 | ticks [0.000 0.000 0.000 0.000 0.000 0.000 0.000 6.586] | 7M tok | ETA 1186.2h
Step   4390 | loss 6.3984 | lr 3.00e-04 | grad 1.95 | 0.9k tok/s | cert -6.52→-6.31 | ticks [0.000 0.000 0.000 0.000 0.000 0.000 0.000 6.283] | 7M tok | ETA 1186.2h
Step   4400 | loss 6.4282 | lr 3.00e-04 | grad 3.05 | 0.9k tok/s | cert -6.70→-6.58 | ticks [0.000 0.000 0.000 0.000 0.000 0.000 0.000 6.880] | 7M tok | ETA 1186.1h
Step   4410 | loss 6.2478 | lr 3.00e-04 | grad 2.47 | 0.9k tok/s | cert -6.91→-6.89 | ticks [0.000 0.000 0.000 0.000 0.000 0.000 0.000 6.467] | 7M tok | ETA 1186.1h
Step   4420 | loss 6.2602 | lr 3.00e-04 | grad 1.86 | 0.9k tok/s | cert -6.37→-6.11 | ticks [0.000 0.000 0.000 0.000 0.000 0.000 0.000 5.823] | 7M tok | ETA 1186.2h
Step   4430 | loss 6.4420 | lr 3.00e-04 | grad 3.31 | 0.9k tok/s | cert -6.44→-6.41 | ticks [0.000 0.000 0.000 0.000 0.000 0.000 0.000 6.731] | 7M tok | ETA 1186.2h
Step   4440 | loss 6.6093 | lr 3.00e-04 | grad 3.25 | 0.9k tok/s | cert -7.02→-6.98 | ticks [0.000 0.000 0.000 0.000 0.000 0.000 0.000 6.403] | 7M tok | ETA 1186.2h
Step   4450 | loss 6.4683 | lr 3.00e-04 | grad 1.68 | 0.9k tok/s | cert -6.66→-6.47 | ticks [0.000 0.000 0.000 0.000 0.000 0.000 0.000 6.241] | 7M tok | ETA 1186.3h
Step   4460 | loss 6.6600 | lr 3.00e-04 | grad 3.73 | 0.9k tok/s | cert -6.20→-6.07 | ticks [0.000 0.000 0.000 0.000 0.000 0.000 0.000 6.539] | 7M tok | ETA 1186.3h
Step   4470 | loss 6.5606 | lr 3.00e-04 | grad 2.41 | 0.9k tok/s | cert -7.47→-7.31 | ticks [0.000 0.000 0.000 0.000 0.000 0.000 0.000 7.103] | 7M tok | ETA 1186.2h
Step   4480 | loss 6.4726 | lr 3.00e-04 | grad 2.11 | 0.9k tok/s | cert -6.56→-6.37 | ticks [0.000 0.000 0.000 0.000 0.000 0.000 0.000 5.982] | 7M tok | ETA 1186.2h
Step   4490 | loss 6.4739 | lr 3.00e-04 | grad 3.73 | 0.9k tok/s | cert -6.28→-6.29 | ticks [0.000 0.000 0.000 0.000 0.000 0.000 0.000 6.560] | 7M tok | ETA 1186.2h
Step   4500 | loss 6.3436 | lr 3.00e-04 | grad 2.11 | 0.9k tok/s | cert -6.45→-6.27 | ticks [0.000 0.000 0.000 0.000 0.000 0.000 0.000 6.359] | 7M tok | ETA 1186.1h
Step   4510 | loss 6.4149 | lr 3.00e-04 | grad 2.80 | 0.9k tok/s | cert -7.65→-7.32 | ticks [0.000 0.000 0.000 0.000 0.000 0.000 0.000 6.712] | 7M tok | ETA 1186.1h
Step   4520 | loss 6.3783 | lr 3.00e-04 | grad 2.89 | 0.9k tok/s | cert -7.04→-6.73 | ticks [0.000 0.000 0.000 0.000 0.000 0.000 0.000 6.077] | 7M tok | ETA 1186.1h
Step   4530 | loss 6.3073 | lr 3.00e-04 | grad 3.98 | 0.9k tok/s | cert -5.80→-5.64 | ticks [0.000 0.000 0.000 0.000 0.000 0.000 0.000 6.426] | 7M tok | ETA 1186.1h
Step   4540 | loss 6.4634 | lr 3.00e-04 | grad 2.31 | 0.9k tok/s | cert -6.47→-6.19 | ticks [0.000 0.000 0.000 0.000 0.000 0.000 0.000 6.429] | 7M tok | ETA 1186.0h
Step   4550 | loss 6.4846 | lr 3.00e-04 | grad 2.64 | 0.9k tok/s | cert -7.30→-6.97 | ticks [0.000 0.000 0.000 0.000 0.000 0.000 0.000 6.212] | 7M tok | ETA 1186.0h
Step   4560 | loss 6.5171 | lr 3.00e-04 | grad 2.08 | 0.9k tok/s | cert -6.70→-6.39 | ticks [0.000 0.000 0.000 0.000 0.000 0.000 0.000 6.183] | 7M tok | ETA 1186.1h
Step   4570 | loss 6.3367 | lr 3.00e-04 | grad 2.94 | 0.9k tok/s | cert -5.68→-5.69 | ticks [0.000 0.000 0.000 0.000 0.000 0.000 0.000 6.167] | 7M tok | ETA 1186.1h
Step   4580 | loss 6.4263 | lr 3.00e-04 | grad 1.70 | 0.9k tok/s | cert -6.48→-6.42 | ticks [0.000 0.000 0.000 0.000 0.000 0.000 0.000 6.165] | 7M tok | ETA 1186.1h
Step   4590 | loss 6.3591 | lr 3.00e-04 | grad 4.19 | 0.9k tok/s | cert -7.42→-7.15 | ticks [0.000 0.000 0.000 0.000 0.000 0.000 0.000 6.391] | 7M tok | ETA 1186.1h
Step   4600 | loss 6.2505 | lr 3.00e-04 | grad 1.59 | 0.9k tok/s | cert -6.47→-6.34 | ticks [0.000 0.000 0.000 0.000 0.000 0.000 0.000 6.068] | 7M tok | ETA 1186.1h
Step   4610 | loss 6.3889 | lr 3.00e-04 | grad 3.62 | 0.9k tok/s | cert -5.67→-5.53 | ticks [0.000 0.000 0.000 0.000 0.000 0.000 0.000 6.428] | 7M tok | ETA 1186.1h
Step   4620 | loss 6.6749 | lr 3.00e-04 | grad 2.50 | 0.9k tok/s | cert -6.35→-6.22 | ticks [0.000 0.000 0.000 0.000 0.000 0.000 0.000 6.317] | 7M tok | ETA 1186.1h
Step   4630 | loss 6.7322 | lr 3.00e-04 | grad 2.94 | 0.9k tok/s | cert -7.75→-7.33 | ticks [0.000 0.000 0.000 0.000 0.000 0.000 0.000 6.650] | 7M tok | ETA 1186.1h
Step   4640 | loss 6.7014 | lr 3.00e-04 | grad 4.06 | 0.9k tok/s | cert -7.64→-7.21 | ticks [0.000 0.000 0.000 0.000 0.000 0.000 0.000 6.293] | 7M tok | ETA 1186.0h
Step   4650 | loss 6.2624 | lr 3.00e-04 | grad 2.92 | 0.9k tok/s | cert -6.55→-6.18 | ticks [0.000 0.000 0.000 0.000 0.000 0.000 0.000 6.461] | 7M tok | ETA 1186.0h
Step   4660 | loss 6.3253 | lr 3.00e-04 | grad 3.66 | 0.9k tok/s | cert -6.30→-5.88 | ticks [0.000 0.000 0.000 0.000 0.000 0.000 0.000 6.466] | 7M tok | ETA 1186.0h
Step   4670 | loss 6.5247 | lr 3.00e-04 | grad 2.88 | 0.9k tok/s | cert -7.26→-6.73 | ticks [0.000 0.000 0.000 0.000 0.000 0.000 0.000 6.561] | 7M tok | ETA 1185.9h
Step   4680 | loss 6.5976 | lr 3.00e-04 | grad 3.58 | 0.9k tok/s | cert -7.23→-6.78 | ticks [0.000 0.000 0.000 0.000 0.000 0.000 0.000 6.034] | 7M tok | ETA 1185.9h
Step   4690 | loss 5.9583 | lr 3.00e-04 | grad 2.14 | 0.9k tok/s | cert -7.03→-6.71 | ticks [0.000 0.000 0.000 0.000 0.000 0.000 0.000 6.198] | 7M tok | ETA 1185.9h
Step   4700 | loss 6.3693 | lr 3.00e-04 | grad 2.22 | 0.9k tok/s | cert -6.40→-6.01 | ticks [0.000 0.000 0.000 0.000 0.000 0.000 0.000 6.201] | 7M tok | ETA 1185.9h
Step   4710 | loss 6.3485 | lr 3.00e-04 | grad 2.23 | 0.9k tok/s | cert -7.06→-6.68 | ticks [0.000 0.000 0.000 0.000 0.000 0.000 0.000 6.246] | 7M tok | ETA 1185.9h
Step   4720 | loss 6.3227 | lr 3.00e-04 | grad 2.81 | 0.9k tok/s | cert -7.11→-6.64 | ticks [0.000 0.000 0.000 0.000 0.000 0.000 0.000 6.232] | 7M tok | ETA 1185.9h
Step   4730 | loss 6.2616 | lr 3.00e-04 | grad 2.05 | 0.9k tok/s | cert -6.48→-6.06 | ticks [0.000 0.000 0.000 0.000 0.000 0.000 0.000 6.101] | 7M tok | ETA 1185.9h
Step   4740 | loss 6.4678 | lr 3.00e-04 | grad 2.47 | 0.9k tok/s | cert -6.99→-6.58 | ticks [0.000 0.000 0.000 0.000 0.000 0.000 0.000 6.822] | 7M tok | ETA 1185.9h
Step   4750 | loss 6.5198 | lr 3.00e-04 | grad 2.45 | 0.9k tok/s | cert -7.42→-6.85 | ticks [0.000 0.000 0.000 0.000 0.000 0.000 0.000 6.487] | 7M tok | ETA 1186.0h
Step   4760 | loss 6.5662 | lr 3.00e-04 | grad 2.78 | 0.9k tok/s | cert -7.48→-6.94 | ticks [0.000 0.000 0.000 0.000 0.000 0.000 0.000 6.437] | 7M tok | ETA 1186.0h
Step   4770 | loss 6.4480 | lr 3.00e-04 | grad 1.93 | 0.9k tok/s | cert -6.58→-6.04 | ticks [0.000 0.000 0.000 0.000 0.000 0.000 0.000 6.074] | 7M tok | ETA 1186.0h
Step   4780 | loss 6.2237 | lr 3.00e-04 | grad 1.69 | 0.9k tok/s | cert -6.63→-6.02 | ticks [0.000 0.000 0.000 0.000 0.000 0.000 0.000 5.597] | 7M tok | ETA 1186.0h
Step   4790 | loss 6.2834 | lr 3.00e-04 | grad 2.78 | 0.9k tok/s | cert -7.25→-7.15 | ticks [0.000 0.000 0.000 0.000 0.000 0.000 0.000 6.466] | 7M tok | ETA 1185.9h
Step   4800 | loss 6.2682 | lr 3.00e-04 | grad 2.16 | 0.9k tok/s | cert -6.56→-6.21 | ticks [0.000 0.000 0.000 0.000 0.000 0.000 0.000 6.142] | 7M tok | ETA 1185.9h
Step   4810 | loss 6.3238 | lr 3.00e-04 | grad 1.51 | 0.9k tok/s | cert -6.60→-6.58 | ticks [0.000 0.000 0.000 0.000 0.000 0.000 0.000 6.485] | 7M tok | ETA 1185.9h
Step   4820 | loss 6.5384 | lr 3.00e-04 | grad 3.39 | 0.9k tok/s | cert -7.54→-7.33 | ticks [0.000 0.000 0.000 0.000 0.000 0.000 0.000 6.683] | 7M tok | ETA 1185.9h
Step   4830 | loss 6.1876 | lr 3.00e-04 | grad 2.42 | 0.9k tok/s | cert -6.57→-6.35 | ticks [0.000 0.000 0.000 0.000 0.000 0.000 0.000 6.445] | 7M tok | ETA 1185.8h
Step   4840 | loss 6.3108 | lr 3.00e-04 | grad 3.58 | 0.9k tok/s | cert -6.19→-6.08 | ticks [0.000 0.000 0.000 0.000 0.000 0.000 0.000 6.566] | 7M tok | ETA 1185.8h
Step   4850 | loss 6.4090 | lr 3.00e-04 | grad 1.91 | 0.9k tok/s | cert -7.10→-6.90 | ticks [0.000 0.000 0.000 0.000 0.000 0.000 0.000 6.612] | 7M tok | ETA 1185.8h
Step   4860 | loss 6.3342 | lr 3.00e-04 | grad 1.67 | 0.9k tok/s | cert -6.50→-6.29 | ticks [0.000 0.000 0.000 0.000 0.000 0.000 0.000 6.354] | 7M tok | ETA 1185.8h
Step   4870 | loss 6.3782 | lr 3.00e-04 | grad 3.23 | 0.9k tok/s | cert -6.50→-6.32 | ticks [0.000 0.000 0.000 0.000 0.000 0.000 0.000 6.806] | 7M tok | ETA 1185.8h
Step   4880 | loss 6.3640 | lr 3.00e-04 | grad 1.58 | 0.9k tok/s | cert -6.55→-6.40 | ticks [0.000 0.000 0.000 0.000 0.000 0.000 0.000 6.270] | 7M tok | ETA 1185.7h
Step   4890 | loss 6.3711 | lr 3.00e-04 | grad 4.34 | 0.9k tok/s | cert -8.21→-7.80 | ticks [0.000 0.000 0.000 0.000 0.000 0.000 0.000 6.791] | 8M tok | ETA 1185.7h
Step   4900 | loss 6.6080 | lr 3.00e-04 | grad 4.75 | 0.9k tok/s | cert -7.10→-6.97 | ticks [0.000 0.000 0.000 0.000 0.000 0.000 0.000 7.321] | 8M tok | ETA 1185.7h
Step   4910 | loss 6.4557 | lr 3.00e-04 | grad 4.72 | 0.9k tok/s | cert -6.36→-6.29 | ticks [0.000 0.000 0.000 0.000 0.000 0.000 0.000 6.998] | 8M tok | ETA 1185.7h
Step   4920 | loss 6.5025 | lr 3.00e-04 | grad 2.48 | 0.9k tok/s | cert -7.15→-6.81 | ticks [0.000 0.000 0.000 0.000 0.000 0.000 0.000 6.317] | 8M tok | ETA 1185.7h
Step   4930 | loss 6.3992 | lr 3.00e-04 | grad 1.52 | 0.9k tok/s | cert -6.90→-6.60 | ticks [0.000 0.000 0.000 0.000 0.000 0.000 0.000 6.327] | 8M tok | ETA 1185.7h
Step   4940 | loss 6.5490 | lr 3.00e-04 | grad 2.38 | 0.9k tok/s | cert -6.80→-6.42 | ticks [0.000 0.000 0.000 0.000 0.000 0.000 0.000 6.585] | 8M tok | ETA 1185.7h
Step   4950 | loss 6.3663 | lr 3.00e-04 | grad 3.02 | 0.9k tok/s | cert -7.41→-6.96 | ticks [0.000 0.000 0.000 0.000 0.000 0.000 0.000 6.348] | 8M tok | ETA 1185.7h
Step   4960 | loss 6.4366 | lr 3.00e-04 | grad 1.66 | 0.9k tok/s | cert -7.20→-6.67 | ticks [0.000 0.000 0.000 0.000 0.000 0.000 0.000 6.637] | 8M tok | ETA 1185.7h
Step   4970 | loss 6.2735 | lr 3.00e-04 | grad 2.81 | 0.9k tok/s | cert -6.11→-5.77 | ticks [0.000 0.000 0.000 0.000 0.000 0.000 0.000 6.095] | 8M tok | ETA 1185.7h
Step   4980 | loss 6.4059 | lr 3.00e-04 | grad 1.63 | 0.9k tok/s | cert -6.53→-5.96 | ticks [0.000 0.000 0.000 0.000 0.000 0.000 0.000 6.012] | 8M tok | ETA 1185.7h
Step   4990 | loss 6.5307 | lr 3.00e-04 | grad 1.80 | 0.9k tok/s | cert -7.50→-6.85 | ticks [0.000 0.000 0.000 0.000 0.000 0.000 0.000 6.670] | 8M tok | ETA 1185.7h
Step   5000 | loss 6.2822 | lr 3.00e-04 | grad 1.59 | 0.9k tok/s | cert -6.68→-6.16 | ticks [0.000 0.000 0.000 0.000 0.000 0.000 0.000 6.045] | 8M tok | ETA 1185.7h
'[Errno 9] Bad file descriptor' thrown while requesting GET https://huggingface.co/datasets/HuggingFaceFW/fineweb-edu/resolve/87f09149ef4734204d70ed1d046ddc9ca3f2b8f9/sample/10BT/000_00000.parquet

  >>> Eval loss: 6.9641 (best: inf)
  >>> Saved best checkpoint at step 5000
  >>> Sample: 'The most important thing to understand about science is' → ' necessary to the “And it” he was so far as soon as they are the “I” was a little in the next year or a “The project, but there is a “You” he'

Step   5010 | loss 6.3468 | lr 3.00e-04 | grad 2.06 | 0.9k tok/s | cert -6.56→-6.18 | ticks [0.000 0.000 0.000 0.000 0.000 0.000 0.000 6.173] | 8M tok | ETA 1196.9h
Step   5020 | loss 6.4383 | lr 3.00e-04 | grad 2.77 | 0.9k tok/s | cert -7.27→-6.88 | ticks [0.000 0.000 0.000 0.000 0.000 0.000 0.000 6.202] | 8M tok | ETA 1196.9h
Step   5030 | loss 6.5952 | lr 3.00e-04 | grad 2.55 | 0.9k tok/s | cert -7.48→-6.96 | ticks [0.000 0.000 0.000 0.000 0.000 0.000 0.000 6.438] | 8M tok | ETA 1196.9h
Step   5040 | loss 6.5671 | lr 3.00e-04 | grad 1.94 | 0.9k tok/s | cert -6.46→-6.25 | ticks [0.000 0.000 0.000 0.000 0.000 0.000 0.000 6.261] | 8M tok | ETA 1196.9h
Step   5050 | loss 6.5934 | lr 3.00e-04 | grad 1.65 | 0.9k tok/s | cert -6.90→-6.74 | ticks [0.000 0.000 0.000 0.000 0.000 0.000 0.000 6.652] | 8M tok | ETA 1196.9h
Step   5060 | loss 6.5502 | lr 3.00e-04 | grad 4.59 | 0.8k tok/s | cert -7.46→-7.38 | ticks [0.000 0.000 0.000 0.000 0.000 0.000 0.000 6.430] | 8M tok | ETA 1196.9h
Step   5070 | loss 6.5007 | lr 3.00e-04 | grad 1.76 | 0.8k tok/s | cert -6.95→-6.74 | ticks [0.000 0.000 0.000 0.000 0.000 0.000 0.000 6.417] | 8M tok | ETA 1197.0h
Step   5080 | loss 6.3792 | lr 3.00e-04 | grad 2.80 | 0.8k tok/s | cert -6.32→-6.09 | ticks [0.000 0.000 0.000 0.000 0.000 0.000 0.000 6.159] | 8M tok | ETA 1197.0h
Step   5090 | loss 6.5797 | lr 3.00e-04 | grad 1.63 | 0.9k tok/s | cert -6.91→-6.65 | ticks [0.000 0.000 0.000 0.000 0.000 0.000 0.000 6.350] | 8M tok | ETA 1197.0h
Step   5100 | loss 6.4909 | lr 3.00e-04 | grad 3.83 | 0.9k tok/s | cert -7.70→-7.48 | ticks [0.000 0.000 0.000 0.000 0.000 0.000 0.000 6.690] | 8M tok | ETA 1197.0h
Step   5110 | loss 6.3842 | lr 3.00e-04 | grad 2.31 | 0.9k tok/s | cert -6.82→-6.41 | ticks [0.000 0.000 0.000 0.000 0.000 0.000 0.000 6.665] | 8M tok | ETA 1197.0h
Step   5120 | loss 6.2718 | lr 3.00e-04 | grad 1.86 | 0.9k tok/s | cert -6.32→-6.16 | ticks [0.000 0.000 0.000 0.000 0.000 0.000 0.000 6.246] | 8M tok | ETA 1196.9h
Step   5130 | loss 6.2188 | lr 3.00e-04 | grad 4.19 | 0.9k tok/s | cert -7.89→-7.50 | ticks [0.000 0.000 0.000 0.000 0.000 0.000 0.000 6.765] | 8M tok | ETA 1196.9h
Step   5140 | loss 6.3367 | lr 3.00e-04 | grad 2.97 | 0.9k tok/s | cert -7.47→-7.35 | ticks [0.000 0.000 0.000 0.000 0.000 0.000 0.000 6.823] | 8M tok | ETA 1196.8h
Step   5150 | loss 6.0947 | lr 3.00e-04 | grad 1.95 | 0.9k tok/s | cert -6.29→-5.98 | ticks [0.000 0.000 0.000 0.000 0.000 0.000 0.000 6.340] | 8M tok | ETA 1196.8h
Step   5160 | loss 6.3925 | lr 3.00e-04 | grad 1.52 | 0.9k tok/s | cert -6.68→-6.52 | ticks [0.000 0.000 0.000 0.000 0.000 0.000 0.000 6.199] | 8M tok | ETA 1196.8h
Step   5170 | loss 6.3794 | lr 3.00e-04 | grad 1.74 | 0.9k tok/s | cert -7.06→-6.66 | ticks [0.000 0.000 0.000 0.000 0.000 0.000 0.000 6.403] | 8M tok | ETA 1196.7h
Step   5180 | loss 6.2234 | lr 3.00e-04 | grad 1.65 | 0.9k tok/s | cert -6.85→-6.22 | ticks [0.000 0.000 0.000 0.000 0.000 0.000 0.000 5.921] | 8M tok | ETA 1196.7h
Step   5190 | loss 6.4295 | lr 3.00e-04 | grad 2.02 | 0.9k tok/s | cert -7.04→-6.45 | ticks [0.000 0.000 0.000 0.000 0.000 0.000 0.000 6.542] | 8M tok | ETA 1196.7h
Step   5200 | loss 6.3750 | lr 3.00e-04 | grad 1.69 | 0.9k tok/s | cert -7.43→-6.83 | ticks [0.000 0.000 0.000 0.000 0.000 0.000 0.000 6.366] | 8M tok | ETA 1196.6h
Step   5210 | loss 6.2306 | lr 3.00e-04 | grad 2.20 | 0.9k tok/s | cert -7.13→-6.38 | ticks [0.000 0.000 0.000 0.000 0.000 0.000 0.000 5.492] | 8M tok | ETA 1196.6h
Step   5220 | loss 6.4851 | lr 3.00e-04 | grad 3.06 | 0.9k tok/s | cert -7.05→-6.78 | ticks [0.000 0.000 0.000 0.000 0.000 0.000 0.000 7.196] | 8M tok | ETA 1196.6h
Step   5230 | loss 6.4167 | lr 3.00e-04 | grad 3.66 | 0.9k tok/s | cert -6.84→-6.50 | ticks [0.000 0.000 0.000 0.000 0.000 0.000 0.000 6.883] | 8M tok | ETA 1196.5h
Step   5240 | loss 6.2608 | lr 3.00e-04 | grad 1.70 | 0.9k tok/s | cert -6.68→-6.23 | ticks [0.000 0.000 0.000 0.000 0.000 0.000 0.000 6.323] | 8M tok | ETA 1196.5h
Step   5250 | loss 6.2716 | lr 3.00e-04 | grad 1.69 | 0.9k tok/s | cert -6.63→-6.31 | ticks [0.000 0.000 0.000 0.000 0.000 0.000 0.000 6.006] | 8M tok | ETA 1196.4h
Step   5260 | loss 6.4283 | lr 3.00e-04 | grad 3.08 | 0.9k tok/s | cert -6.66→-6.43 | ticks [0.000 0.000 0.000 0.000 0.000 0.000 0.000 6.830] | 8M tok | ETA 1196.4h
Step   5270 | loss 6.1525 | lr 3.00e-04 | grad 1.90 | 0.9k tok/s | cert -6.83→-6.85 | ticks [0.000 0.000 0.000 0.000 0.000 0.000 0.000 6.436] | 8M tok | ETA 1196.4h
Step   5280 | loss 6.3173 | lr 3.00e-04 | grad 1.58 | 0.9k tok/s | cert -7.37→-6.93 | ticks [0.000 0.000 0.000 0.000 0.000 0.000 0.000 6.638] | 8M tok | ETA 1196.3h
Step   5290 | loss 6.3265 | lr 3.00e-04 | grad 1.70 | 0.9k tok/s | cert -6.90→-6.37 | ticks [0.000 0.000 0.000 0.000 0.000 0.000 0.000 5.928] | 8M tok | ETA 1196.3h
Step   5300 | loss 6.2446 | lr 3.00e-04 | grad 1.61 | 0.9k tok/s | cert -6.73→-6.41 | ticks [0.000 0.000 0.000 0.000 0.000 0.000 0.000 6.126] | 8M tok | ETA 1196.3h
Step   5310 | loss 6.4346 | lr 3.00e-04 | grad 5.06 | 0.9k tok/s | cert -6.60→-6.32 | ticks [0.000 0.000 0.000 0.000 0.000 0.000 0.000 7.106] | 8M tok | ETA 1196.2h
Step   5320 | loss 6.2477 | lr 3.00e-04 | grad 1.65 | 0.9k tok/s | cert -6.69→-6.42 | ticks [0.000 0.000 0.000 0.000 0.000 0.000 0.000 6.177] | 8M tok | ETA 1196.2h
Step   5330 | loss 6.3800 | lr 3.00e-04 | grad 2.19 | 0.9k tok/s | cert -6.79→-6.63 | ticks [0.000 0.000 0.000 0.000 0.000 0.000 0.000 6.225] | 8M tok | ETA 1196.2h
Step   5340 | loss 6.5003 | lr 3.00e-04 | grad 1.87 | 0.9k tok/s | cert -6.86→-6.55 | ticks [0.000 0.000 0.000 0.000 0.000 0.000 0.000 6.543] | 8M tok | ETA 1196.1h
Step   5350 | loss 6.3722 | lr 3.00e-04 | grad 1.88 | 0.9k tok/s | cert -6.78→-6.54 | ticks [0.000 0.000 0.000 0.000 0.000 0.000 0.000 6.253] | 8M tok | ETA 1196.1h
Step   5360 | loss 6.2837 | lr 3.00e-04 | grad 2.36 | 0.9k tok/s | cert -7.58→-6.80 | ticks [0.000 0.000 0.000 0.000 0.000 0.000 0.000 6.236] | 8M tok | ETA 1196.1h
Step   5370 | loss 6.1876 | lr 3.00e-04 | grad 1.59 | 0.9k tok/s | cert -6.99→-6.60 | ticks [0.000 0.000 0.000 0.000 0.000 0.000 0.000 6.303] | 8M tok | ETA 1196.0h
Step   5380 | loss 6.5251 | lr 3.00e-04 | grad 2.05 | 0.9k tok/s | cert -6.46→-6.35 | ticks [0.000 0.000 0.000 0.000 0.000 0.000 0.000 6.553] | 8M tok | ETA 1196.0h
Step   5390 | loss 6.3685 | lr 3.00e-04 | grad 1.84 | 0.9k tok/s | cert -7.20→-6.90 | ticks [0.000 0.000 0.000 0.000 0.000 0.000 0.000 6.572] | 8M tok | ETA 1196.0h
Step   5400 | loss 6.3227 | lr 3.00e-04 | grad 1.73 | 0.9k tok/s | cert -6.87→-6.61 | ticks [0.000 0.000 0.000 0.000 0.000 0.000 0.000 6.357] | 8M tok | ETA 1195.9h
Step   5410 | loss 6.3782 | lr 3.00e-04 | grad 2.02 | 0.9k tok/s | cert -6.20→-6.05 | ticks [0.000 0.000 0.000 0.000 0.000 0.000 0.000 5.993] | 8M tok | ETA 1195.9h
Step   5420 | loss 6.4187 | lr 3.00e-04 | grad 2.14 | 0.9k tok/s | cert -6.90→-6.81 | ticks [0.000 0.000 0.000 0.000 0.000 0.000 0.000 6.380] | 8M tok | ETA 1195.8h
Step   5430 | loss 6.4348 | lr 3.00e-04 | grad 3.16 | 0.9k tok/s | cert -7.48→-7.15 | ticks [0.000 0.000 0.000 0.000 0.000 0.000 0.000 6.605] | 8M tok | ETA 1195.8h
Step   5440 | loss 6.4880 | lr 3.00e-04 | grad 3.08 | 0.9k tok/s | cert -6.25→-5.97 | ticks [0.000 0.000 0.000 0.000 0.000 0.000 0.000 6.328] | 8M tok | ETA 1195.8h
Step   5450 | loss 6.5278 | lr 3.00e-04 | grad 1.90 | 0.9k tok/s | cert -6.56→-6.73 | ticks [0.000 0.000 0.000 0.000 0.000 0.000 0.000 6.817] | 8M tok | ETA 1195.7h
Step   5460 | loss 6.5987 | lr 3.00e-04 | grad 2.42 | 0.9k tok/s | cert -7.12→-6.93 | ticks [0.000 0.000 0.000 0.000 0.000 0.000 0.000 6.358] | 8M tok | ETA 1195.7h
Step   5470 | loss 6.2447 | lr 3.00e-04 | grad 2.47 | 0.9k tok/s | cert -6.64→-6.62 | ticks [0.000 0.000 0.000 0.000 0.000 0.000 0.000 6.864] | 8M tok | ETA 1195.7h
Step   5480 | loss 6.2868 | lr 3.00e-04 | grad 3.36 | 0.9k tok/s | cert -6.32→-6.37 | ticks [0.000 0.000 0.000 0.000 0.000 0.000 0.000 6.739] | 8M tok | ETA 1195.6h
Step   5490 | loss 5.9631 | lr 3.00e-04 | grad 2.77 | 0.9k tok/s | cert -7.18→-6.86 | ticks [0.000 0.000 0.000 0.000 0.000 0.000 0.000 6.141] | 8M tok | ETA 1195.6h
Step   5500 | loss 6.1940 | lr 3.00e-04 | grad 1.59 | 0.9k tok/s | cert -6.46→-6.19 | ticks [0.000 0.000 0.000 0.000 0.000 0.000 0.000 6.246] | 8M tok | ETA 1195.6h
Step   5510 | loss 6.3350 | lr 3.00e-04 | grad 1.46 | 0.9k tok/s | cert -6.75→-6.40 | ticks [0.000 0.000 0.000 0.000 0.000 0.000 0.000 6.167] | 8M tok | ETA 1195.5h
Step   5520 | loss 6.2840 | lr 3.00e-04 | grad 1.93 | 0.9k tok/s | cert -7.37→-6.84 | ticks [0.000 0.000 0.000 0.000 0.000 0.000 0.000 6.401] | 8M tok | ETA 1195.5h
Step   5530 | loss 6.3912 | lr 3.00e-04 | grad 1.98 | 0.9k tok/s | cert -7.23→-6.46 | ticks [0.000 0.000 0.000 0.000 0.000 0.000 0.000 6.406] | 8M tok | ETA 1195.4h
Step   5540 | loss 6.5690 | lr 3.00e-04 | grad 1.66 | 0.9k tok/s | cert -6.79→-6.51 | ticks [0.000 0.000 0.000 0.000 0.000 0.000 0.000 6.575] | 9M tok | ETA 1195.4h
Step   5550 | loss 6.2954 | lr 3.00e-04 | grad 1.63 | 0.9k tok/s | cert -6.74→-6.39 | ticks [0.000 0.000 0.000 0.000 0.000 0.000 0.000 6.088] | 9M tok | ETA 1195.4h
Step   5560 | loss 6.4806 | lr 3.00e-04 | grad 2.06 | 0.9k tok/s | cert -7.29→-6.99 | ticks [0.000 0.000 0.000 0.000 0.000 0.000 0.000 6.440] | 9M tok | ETA 1195.3h
Step   5570 | loss 6.4490 | lr 3.00e-04 | grad 2.50 | 0.9k tok/s | cert -5.91→-6.10 | ticks [0.000 0.000 0.000 0.000 0.000 0.000 0.000 6.449] | 9M tok | ETA 1195.3h
Step   5580 | loss 6.3517 | lr 3.00e-04 | grad 1.78 | 0.9k tok/s | cert -6.48→-6.42 | ticks [0.000 0.000 0.000 0.000 0.000 0.000 0.000 6.238] | 9M tok | ETA 1195.2h
Step   5590 | loss 6.1887 | lr 3.00e-04 | grad 2.56 | 0.9k tok/s | cert -6.82→-6.50 | ticks [0.000 0.000 0.000 0.000 0.000 0.000 0.000 5.968] | 9M tok | ETA 1195.2h
Step   5600 | loss 6.2375 | lr 3.00e-04 | grad 2.39 | 0.9k tok/s | cert -6.54→-6.41 | ticks [0.000 0.000 0.000 0.000 0.000 0.000 0.000 6.582] | 9M tok | ETA 1195.1h
Step   5610 | loss 6.4308 | lr 3.00e-04 | grad 3.59 | 0.9k tok/s | cert -6.33→-6.35 | ticks [0.000 0.000 0.000 0.000 0.000 0.000 0.000 6.650] | 9M tok | ETA 1195.1h
Step   5620 | loss 6.5747 | lr 3.00e-04 | grad 2.55 | 0.9k tok/s | cert -6.96→-6.66 | ticks [0.000 0.000 0.000 0.000 0.000 0.000 0.000 6.083] | 9M tok | ETA 1195.1h
Step   5630 | loss 6.5096 | lr 3.00e-04 | grad 2.06 | 0.9k tok/s | cert -7.08→-6.67 | ticks [0.000 0.000 0.000 0.000 0.000 0.000 0.000 6.417] | 9M tok | ETA 1195.0h
Step   5640 | loss 6.2903 | lr 3.00e-04 | grad 1.82 | 0.9k tok/s | cert -6.57→-6.24 | ticks [0.000 0.000 0.000 0.000 0.000 0.000 0.000 6.343] | 9M tok | ETA 1195.0h
Step   5650 | loss 6.1978 | lr 3.00e-04 | grad 1.62 | 0.9k tok/s | cert -6.71→-6.29 | ticks [0.000 0.000 0.000 0.000 0.000 0.000 0.000 6.005] | 9M tok | ETA 1194.9h
Step   5660 | loss 6.3589 | lr 3.00e-04 | grad 1.80 | 0.9k tok/s | cert -7.09→-6.55 | ticks [0.000 0.000 0.000 0.000 0.000 0.000 0.000 6.039] | 9M tok | ETA 1194.9h
Step   5670 | loss 6.2835 | lr 3.00e-04 | grad 1.77 | 0.9k tok/s | cert -7.04→-6.38 | ticks [0.000 0.000 0.000 0.000 0.000 0.000 0.000 6.205] | 9M tok | ETA 1194.8h
Step   5680 | loss 6.2669 | lr 3.00e-04 | grad 1.76 | 0.9k tok/s | cert -6.87→-6.48 | ticks [0.000 0.000 0.000 0.000 0.000 0.000 0.000 6.298] | 9M tok | ETA 1194.8h
Step   5690 | loss 6.4700 | lr 3.00e-04 | grad 1.41 | 0.9k tok/s | cert -6.62→-6.44 | ticks [0.000 0.000 0.000 0.000 0.000 0.000 0.000 6.291] | 9M tok | ETA 1194.8h
Step   5700 | loss 6.5077 | lr 3.00e-04 | grad 3.52 | 0.9k tok/s | cert -7.53→-7.15 | ticks [0.000 0.000 0.000 0.000 0.000 0.000 0.000 6.411] | 9M tok | ETA 1194.7h
Step   5710 | loss 6.3404 | lr 3.00e-04 | grad 1.50 | 0.9k tok/s | cert -6.79→-6.45 | ticks [0.000 0.000 0.000 0.000 0.000 0.000 0.000 6.236] | 9M tok | ETA 1194.7h
Step   5720 | loss 6.4072 | lr 3.00e-04 | grad 3.20 | 0.9k tok/s | cert -6.91→-6.83 | ticks [0.000 0.000 0.000 0.000 0.000 0.000 0.000 7.137] | 9M tok | ETA 1194.6h
Step   5730 | loss 6.2656 | lr 3.00e-04 | grad 3.30 | 0.9k tok/s | cert -7.47→-7.41 | ticks [0.000 0.000 0.000 0.000 0.000 0.000 0.000 6.349] | 9M tok | ETA 1194.6h
Step   5740 | loss 6.2446 | lr 3.00e-04 | grad 1.59 | 0.9k tok/s | cert -6.38→-6.37 | ticks [0.000 0.000 0.000 0.000 0.000 0.000 0.000 6.226] | 9M tok | ETA 1194.5h
Step   5750 | loss 6.3266 | lr 3.00e-04 | grad 2.80 | 0.9k tok/s | cert -6.01→-5.69 | ticks [0.000 0.000 0.000 0.000 0.000 0.000 0.000 6.020] | 9M tok | ETA 1194.5h
Step   5760 | loss 6.5427 | lr 3.00e-04 | grad 2.08 | 0.9k tok/s | cert -6.60→-6.87 | ticks [0.000 0.000 0.000 0.000 0.000 0.000 0.000 6.404] | 9M tok | ETA 1194.5h
Step   5770 | loss 6.4402 | lr 3.00e-04 | grad 2.00 | 0.9k tok/s | cert -7.24→-7.13 | ticks [0.000 0.000 0.000 0.000 0.000 0.000 0.000 6.797] | 9M tok | ETA 1194.4h
Step   5780 | loss 6.2185 | lr 3.00e-04 | grad 3.16 | 0.9k tok/s | cert -6.70→-6.66 | ticks [0.000 0.000 0.000 0.000 0.000 0.000 0.000 6.493] | 9M tok | ETA 1194.4h
Step   5790 | loss 6.1139 | lr 3.00e-04 | grad 2.66 | 0.9k tok/s | cert -6.34→-6.04 | ticks [0.000 0.000 0.000 0.000 0.000 0.000 0.000 6.341] | 9M tok | ETA 1194.3h
Step   5800 | loss 6.0883 | lr 3.00e-04 | grad 1.62 | 0.9k tok/s | cert -6.84→-6.63 | ticks [0.000 0.000 0.000 0.000 0.000 0.000 0.000 6.470] | 9M tok | ETA 1194.3h
Step   5810 | loss 6.3860 | lr 3.00e-04 | grad 2.81 | 0.9k tok/s | cert -7.79→-7.51 | ticks [0.000 0.000 0.000 0.000 0.000 0.000 0.000 6.979] | 9M tok | ETA 1194.3h
Step   5820 | loss 6.2825 | lr 3.00e-04 | grad 2.05 | 0.9k tok/s | cert -7.03→-6.81 | ticks [0.000 0.000 0.000 0.000 0.000 0.000 0.000 6.766] | 9M tok | ETA 1194.2h
Step   5830 | loss 6.2930 | lr 3.00e-04 | grad 4.25 | 0.9k tok/s | cert -6.03→-5.74 | ticks [0.000 0.000 0.000 0.000 0.000 0.000 0.000 6.407] | 9M tok | ETA 1194.2h
Step   5840 | loss 6.2580 | lr 3.00e-04 | grad 1.47 | 0.9k tok/s | cert -6.46→-6.22 | ticks [0.000 0.000 0.000 0.000 0.000 0.000 0.000 6.249] | 9M tok | ETA 1194.1h
Step   5850 | loss 6.2923 | lr 3.00e-04 | grad 2.69 | 0.9k tok/s | cert -6.85→-6.84 | ticks [0.000 0.000 0.000 0.000 0.000 0.000 0.000 6.506] | 9M tok | ETA 1194.1h
Step   5860 | loss 6.3962 | lr 3.00e-04 | grad 2.86 | 0.9k tok/s | cert -6.32→-6.18 | ticks [0.000 0.000 0.000 0.000 0.000 0.000 0.000 6.480] | 9M tok | ETA 1194.1h
Step   5870 | loss 6.5652 | lr 3.00e-04 | grad 3.23 | 0.9k tok/s | cert -6.39→-6.09 | ticks [0.000 0.000 0.000 0.000 0.000 0.000 0.000 6.499] | 9M tok | ETA 1194.0h
Step   5880 | loss 6.5259 | lr 3.00e-04 | grad 2.05 | 0.9k tok/s | cert -7.54→-7.10 | ticks [0.000 0.000 0.000 0.000 0.000 0.000 0.000 6.466] | 9M tok | ETA 1194.0h
Step   5890 | loss 6.3833 | lr 3.00e-04 | grad 3.50 | 0.9k tok/s | cert -7.77→-7.15 | ticks [0.000 0.000 0.000 0.000 0.000 0.000 0.000 6.538] | 9M tok | ETA 1194.0h
Step   5900 | loss 6.2464 | lr 3.00e-04 | grad 2.67 | 0.9k tok/s | cert -6.45→-6.18 | ticks [0.000 0.000 0.000 0.000 0.000 0.000 0.000 6.564] | 9M tok | ETA 1193.9h
Step   5910 | loss 6.3302 | lr 3.00e-04 | grad 2.73 | 0.9k tok/s | cert -6.33→-6.05 | ticks [0.000 0.000 0.000 0.000 0.000 0.000 0.000 6.067] | 9M tok | ETA 1193.9h
Step   5920 | loss 6.3274 | lr 3.00e-04 | grad 1.75 | 0.9k tok/s | cert -7.08→-6.70 | ticks [0.000 0.000 0.000 0.000 0.000 0.000 0.000 6.115] | 9M tok | ETA 1193.9h
Step   5930 | loss 6.3701 | lr 3.00e-04 | grad 2.84 | 0.9k tok/s | cert -7.68→-7.03 | ticks [0.000 0.000 0.000 0.000 0.000 0.000 0.000 6.347] | 9M tok | ETA 1193.9h
Step   5940 | loss 6.5187 | lr 3.00e-04 | grad 2.39 | 0.9k tok/s | cert -7.77→-7.24 | ticks [0.000 0.000 0.000 0.000 0.000 0.000 0.000 6.820] | 9M tok | ETA 1193.9h
Step   5950 | loss 6.1834 | lr 3.00e-04 | grad 3.20 | 0.9k tok/s | cert -6.42→-6.09 | ticks [0.000 0.000 0.000 0.000 0.000 0.000 0.000 6.361] | 9M tok | ETA 1193.9h
Step   5960 | loss 6.4131 | lr 3.00e-04 | grad 1.32 | 0.9k tok/s | cert -7.02→-6.60 | ticks [0.000 0.000 0.000 0.000 0.000 0.000 0.000 6.406] | 9M tok | ETA 1193.9h
Step   5970 | loss 6.2661 | lr 3.00e-04 | grad 1.98 | 0.9k tok/s | cert -7.25→-6.85 | ticks [0.000 0.000 0.000 0.000 0.000 0.000 0.000 6.512] | 9M tok | ETA 1193.9h
Step   5980 | loss 6.1858 | lr 3.00e-04 | grad 1.66 | 0.9k tok/s | cert -6.37→-6.25 | ticks [0.000 0.000 0.000 0.000 0.000 0.000 0.000 5.782] | 9M tok | ETA 1194.0h
Step   5990 | loss 6.2742 | lr 3.00e-04 | grad 2.50 | 0.9k tok/s | cert -6.40→-6.12 | ticks [0.000 0.000 0.000 0.000 0.000 0.000 0.000 6.194] | 9M tok | ETA 1194.0h
Step   6000 | loss 6.3347 | lr 3.00e-04 | grad 2.28 | 0.9k tok/s | cert -7.08→-6.69 | ticks [0.000 0.000 0.000 0.000 0.000 0.000 0.000 6.046] | 9M tok | ETA 1194.0h
Step   6010 | loss 6.2332 | lr 3.00e-04 | grad 1.95 | 0.9k tok/s | cert -6.74→-6.52 | ticks [0.000 0.000 0.000 0.000 0.000 0.000 0.000 6.117] | 9M tok | ETA 1194.0h
Step   6020 | loss 6.2771 | lr 3.00e-04 | grad 2.19 | 0.9k tok/s | cert -5.90→-5.83 | ticks [0.000 0.000 0.000 0.000 0.000 0.000 0.000 6.027] | 9M tok | ETA 1194.0h
Step   6030 | loss 6.4314 | lr 3.00e-04 | grad 2.64 | 0.9k tok/s | cert -7.54→-7.31 | ticks [0.000 0.000 0.000 0.000 0.000 0.000 0.000 7.824] | 9M tok | ETA 1194.1h
Step   6040 | loss 6.3037 | lr 3.00e-04 | grad 2.16 | 0.9k tok/s | cert -7.22→-7.09 | ticks [0.000 0.000 0.000 0.000 0.000 0.000 0.000 6.728] | 9M tok | ETA 1194.1h
Step   6050 | loss 6.2634 | lr 3.00e-04 | grad 2.44 | 0.9k tok/s | cert -6.79→-6.57 | ticks [0.000 0.000 0.000 0.000 0.000 0.000 0.000 6.020] | 9M tok | ETA 1194.1h
Step   6060 | loss 6.1876 | lr 3.00e-04 | grad 2.62 | 0.9k tok/s | cert -6.46→-6.26 | ticks [0.000 0.000 0.000 0.000 0.000 0.000 0.000 6.300] | 9M tok | ETA 1194.1h
Step   6070 | loss 6.3234 | lr 3.00e-04 | grad 1.41 | 0.9k tok/s | cert -6.73→-6.52 | ticks [0.000 0.000 0.000 0.000 0.000 0.000 0.000 6.072] | 9M tok | ETA 1194.1h
Step   6080 | loss 6.2454 | lr 3.00e-04 | grad 2.58 | 0.9k tok/s | cert -7.12→-7.12 | ticks [0.000 0.000 0.000 0.000 0.000 0.000 0.000 6.583] | 9M tok | ETA 1194.2h
Step   6090 | loss 6.2738 | lr 3.00e-04 | grad 1.77 | 0.9k tok/s | cert -6.29→-6.12 | ticks [0.000 0.000 0.000 0.000 0.000 0.000 0.000 6.130] | 9M tok | ETA 1194.2h
Step   6100 | loss 6.3336 | lr 3.00e-04 | grad 1.51 | 0.9k tok/s | cert -6.20→-6.12 | ticks [0.000 0.000 0.000 0.000 0.000 0.000 0.000 6.315] | 9M tok | ETA 1194.2h
Step   6110 | loss 6.2745 | lr 3.00e-04 | grad 4.41 | 0.9k tok/s | cert -7.54→-7.29 | ticks [0.000 0.000 0.000 0.000 0.000 0.000 0.000 6.184] | 9M tok | ETA 1194.2h
Step   6120 | loss 6.4089 | lr 3.00e-04 | grad 1.73 | 0.9k tok/s | cert -6.51→-6.31 | ticks [0.000 0.000 0.000 0.000 0.000 0.000 0.000 6.316] | 9M tok | ETA 1194.2h
Step   6130 | loss 6.3638 | lr 3.00e-04 | grad 1.58 | 0.9k tok/s | cert -6.33→-6.18 | ticks [0.000 0.000 0.000 0.000 0.000 0.000 0.000 5.993] | 9M tok | ETA 1194.3h
Step   6140 | loss 6.2926 | lr 3.00e-04 | grad 2.08 | 0.9k tok/s | cert -6.26→-6.42 | ticks [0.000 0.000 0.000 0.000 0.000 0.000 0.000 5.916] | 9M tok | ETA 1194.3h
Step   6150 | loss 6.3279 | lr 3.00e-04 | grad 1.68 | 0.9k tok/s | cert -6.69→-6.40 | ticks [0.000 0.000 0.000 0.000 0.000 0.000 0.000 5.862] | 9M tok | ETA 1194.3h
Step   6160 | loss 6.3669 | lr 3.00e-04 | grad 1.83 | 0.9k tok/s | cert -6.62→-6.31 | ticks [0.000 0.000 0.000 0.000 0.000 0.000 0.000 6.340] | 9M tok | ETA 1194.3h
Step   6170 | loss 6.4589 | lr 3.00e-04 | grad 1.56 | 0.9k tok/s | cert -7.32→-6.86 | ticks [0.000 0.000 0.000 0.000 0.000 0.000 0.000 6.819] | 9M tok | ETA 1194.3h
Step   6180 | loss 6.3203 | lr 3.00e-04 | grad 1.58 | 0.9k tok/s | cert -7.22→-6.59 | ticks [0.000 0.000 0.000 0.000 0.000 0.000 0.000 6.177] | 9M tok | ETA 1194.4h
Step   6190 | loss 6.4689 | lr 3.00e-04 | grad 1.63 | 0.9k tok/s | cert -6.49→-6.19 | ticks [0.000 0.000 0.000 0.000 0.000 0.000 0.000 6.131] | 10M tok | ETA 1194.4h
Step   6200 | loss 6.2532 | lr 3.00e-04 | grad 1.62 | 0.9k tok/s | cert -6.88→-6.53 | ticks [0.000 0.000 0.000 0.000 0.000 0.000 0.000 6.244] | 10M tok | ETA 1194.4h
Step   6210 | loss 6.3978 | lr 3.00e-04 | grad 2.72 | 0.9k tok/s | cert -7.08→-6.94 | ticks [0.000 0.000 0.000 0.000 0.000 0.000 0.000 6.225] | 10M tok | ETA 1194.4h
Step   6220 | loss 6.2739 | lr 3.00e-04 | grad 1.88 | 0.8k tok/s | cert -6.44→-6.17 | ticks [0.000 0.000 0.000 0.000 0.000 0.000 0.000 5.775] | 10M tok | ETA 1194.5h
Step   6230 | loss 6.2644 | lr 3.00e-04 | grad 2.62 | 0.8k tok/s | cert -6.30→-5.99 | ticks [0.000 0.000 0.000 0.000 0.000 0.000 0.000 6.195] | 10M tok | ETA 1194.6h
Step   6240 | loss 6.4264 | lr 3.00e-04 | grad 1.82 | 0.8k tok/s | cert -6.77→-6.52 | ticks [0.000 0.000 0.000 0.000 0.000 0.000 0.000 6.324] | 10M tok | ETA 1194.6h
Step   6250 | loss 6.2295 | lr 3.00e-04 | grad 4.66 | 0.8k tok/s | cert -7.55→-7.24 | ticks [0.000 0.000 0.000 0.000 0.000 0.000 0.000 6.403] | 10M tok | ETA 1194.7h
Step   6260 | loss 6.2190 | lr 3.00e-04 | grad 1.70 | 0.8k tok/s | cert -6.70→-6.30 | ticks [0.000 0.000 0.000 0.000 0.000 0.000 0.000 5.970] | 10M tok | ETA 1194.7h
Step   6270 | loss 6.0412 | lr 3.00e-04 | grad 2.48 | 0.8k tok/s | cert -5.88→-5.70 | ticks [0.000 0.000 0.000 0.000 0.000 0.000 0.000 5.737] | 10M tok | ETA 1194.8h
Step   6280 | loss 6.2225 | lr 3.00e-04 | grad 3.23 | 0.8k tok/s | cert -6.05→-6.17 | ticks [0.000 0.000 0.000 0.000 0.000 0.000 0.000 6.553] | 10M tok | ETA 1194.9h
Step   6290 | loss 6.6186 | lr 3.00e-04 | grad 1.70 | 0.8k tok/s | cert -7.25→-6.93 | ticks [0.000 0.000 0.000 0.000 0.000 0.000 0.000 6.641] | 10M tok | ETA 1194.9h
Step   6300 | loss 6.1881 | lr 3.00e-04 | grad 3.30 | 0.8k tok/s | cert -7.60→-7.28 | ticks [0.000 0.000 0.000 0.000 0.000 0.000 0.000 6.828] | 10M tok | ETA 1195.0h
Step   6310 | loss 6.2614 | lr 3.00e-04 | grad 2.66 | 0.8k tok/s | cert -6.70→-6.46 | ticks [0.000 0.000 0.000 0.000 0.000 0.000 0.000 6.613] | 10M tok | ETA 1195.0h
Step   6320 | loss 6.2489 | lr 3.00e-04 | grad 1.50 | 0.9k tok/s | cert -6.55→-6.23 | ticks [0.000 0.000 0.000 0.000 0.000 0.000 0.000 6.084] | 10M tok | ETA 1195.0h
Step   6330 | loss 6.7398 | lr 3.00e-04 | grad 3.77 | 0.9k tok/s | cert -7.50→-7.23 | ticks [0.000 0.000 0.000 0.000 0.000 0.000 0.000 6.440] | 10M tok | ETA 1195.1h
Step   6340 | loss 6.7462 | lr 3.00e-04 | grad 2.44 | 0.9k tok/s | cert -7.13→-6.95 | ticks [0.000 0.000 0.000 0.000 0.000 0.000 0.000 6.446] | 10M tok | ETA 1195.1h
Step   6350 | loss 6.5665 | lr 3.00e-04 | grad 2.56 | 0.9k tok/s | cert -6.74→-6.73 | ticks [0.000 0.000 0.000 0.000 0.000 0.000 0.000 6.793] | 10M tok | ETA 1195.1h
Step   6360 | loss 6.5202 | lr 3.00e-04 | grad 2.53 | 0.9k tok/s | cert -6.23→-6.20 | ticks [0.000 0.000 0.000 0.000 0.000 0.000 0.000 6.450] | 10M tok | ETA 1195.1h
Step   6370 | loss 6.4000 | lr 3.00e-04 | grad 1.89 | 0.9k tok/s | cert -7.02→-6.85 | ticks [0.000 0.000 0.000 0.000 0.000 0.000 0.000 6.512] | 10M tok | ETA 1195.1h
Step   6380 | loss 6.2928 | lr 3.00e-04 | grad 3.20 | 0.9k tok/s | cert -7.31→-7.06 | ticks [0.000 0.000 0.000 0.000 0.000 0.000 0.000 6.360] | 10M tok | ETA 1195.1h
Step   6390 | loss 6.3914 | lr 3.00e-04 | grad 2.05 | 0.9k tok/s | cert -6.10→-6.02 | ticks [0.000 0.000 0.000 0.000 0.000 0.000 0.000 6.095] | 10M tok | ETA 1195.1h
Step   6400 | loss 6.0353 | lr 3.00e-04 | grad 1.68 | 0.9k tok/s | cert -6.22→-6.09 | ticks [0.000 0.000 0.000 0.000 0.000 0.000 0.000 6.137] | 10M tok | ETA 1195.1h
Step   6410 | loss 6.2444 | lr 3.00e-04 | grad 2.38 | 0.9k tok/s | cert -7.33→-7.05 | ticks [0.000 0.000 0.000 0.000 0.000 0.000 0.000 6.690] | 10M tok | ETA 1195.2h
Step   6420 | loss 6.2771 | lr 3.00e-04 | grad 1.62 | 0.9k tok/s | cert -7.09→-6.45 | ticks [0.000 0.000 0.000 0.000 0.000 0.000 0.000 6.002] | 10M tok | ETA 1195.2h
Step   6430 | loss 6.1426 | lr 3.00e-04 | grad 1.86 | 0.9k tok/s | cert -6.33→-6.03 | ticks [0.000 0.000 0.000 0.000 0.000 0.000 0.000 6.330] | 10M tok | ETA 1195.2h
Step   6440 | loss 6.3246 | lr 3.00e-04 | grad 2.50 | 0.9k tok/s | cert -6.53→-6.16 | ticks [0.000 0.000 0.000 0.000 0.000 0.000 0.000 6.267] | 10M tok | ETA 1195.2h
Step   6450 | loss 6.2679 | lr 3.00e-04 | grad 3.78 | 0.8k tok/s | cert -7.64→-7.54 | ticks [0.000 0.000 0.000 0.000 0.000 0.000 0.000 6.394] | 10M tok | ETA 1195.2h
Step   6460 | loss 6.4512 | lr 3.00e-04 | grad 1.54 | 0.8k tok/s | cert -7.08→-6.77 | ticks [0.000 0.000 0.000 0.000 0.000 0.000 0.000 6.438] | 10M tok | ETA 1195.3h
Step   6470 | loss 6.2619 | lr 3.00e-04 | grad 2.53 | 0.8k tok/s | cert -6.20→-5.93 | ticks [0.000 0.000 0.000 0.000 0.000 0.000 0.000 6.186] | 10M tok | ETA 1195.4h
Step   6480 | loss 6.5299 | lr 3.00e-04 | grad 4.84 | 0.8k tok/s | cert -6.66→-6.49 | ticks [0.000 0.000 0.000 0.000 0.000 0.000 0.000 7.062] | 10M tok | ETA 1195.5h
Step   6490 | loss 6.2365 | lr 3.00e-04 | grad 3.25 | 0.9k tok/s | cert -6.85→-6.47 | ticks [0.000 0.000 0.000 0.000 0.000 0.000 0.000 5.780] | 10M tok | ETA 1195.6h
Step   6500 | loss 6.2887 | lr 3.00e-04 | grad 2.20 | 0.9k tok/s | cert -7.13→-6.79 | ticks [0.000 0.000 0.000 0.000 0.000 0.000 0.000 6.035] | 10M tok | ETA 1195.6h
Step   6510 | loss 6.1740 | lr 3.00e-04 | grad 5.25 | 0.9k tok/s | cert -5.75→-5.96 | ticks [0.000 0.000 0.000 0.000 0.000 0.000 0.000 6.761] | 10M tok | ETA 1195.6h
Step   6520 | loss 6.4169 | lr 3.00e-04 | grad 1.79 | 0.9k tok/s | cert -6.39→-6.51 | ticks [0.000 0.000 0.000 0.000 0.000 0.000 0.000 6.283] | 10M tok | ETA 1195.7h
Step   6530 | loss 6.1716 | lr 3.00e-04 | grad 2.61 | 0.9k tok/s | cert -7.03→-6.71 | ticks [0.000 0.000 0.000 0.000 0.000 0.000 0.000 5.988] | 10M tok | ETA 1195.7h
Step   6540 | loss 6.3831 | lr 3.00e-04 | grad 1.95 | 0.9k tok/s | cert -6.79→-6.57 | ticks [0.000 0.000 0.000 0.000 0.000 0.000 0.000 6.427] | 10M tok | ETA 1195.7h
Step   6550 | loss 6.2070 | lr 3.00e-04 | grad 4.03 | 0.8k tok/s | cert -5.93→-5.65 | ticks [0.000 0.000 0.000 0.000 0.000 0.000 0.000 6.313] | 10M tok | ETA 1195.8h
Step   6560 | loss 6.2156 | lr 3.00e-04 | grad 1.50 | 0.8k tok/s | cert -7.00→-6.52 | ticks [0.000 0.000 0.000 0.000 0.000 0.000 0.000 6.244] | 10M tok | ETA 1195.9h
Step   6570 | loss 6.4600 | lr 3.00e-04 | grad 5.38 | 0.8k tok/s | cert -7.76→-7.32 | ticks [0.000 0.000 0.000 0.000 0.000 0.000 0.000 6.301] | 10M tok | ETA 1195.9h
Step   6580 | loss 6.2677 | lr 3.00e-04 | grad 2.02 | 0.8k tok/s | cert -6.66→-6.55 | ticks [0.000 0.000 0.000 0.000 0.000 0.000 0.000 6.248] | 10M tok | ETA 1196.0h
Step   6590 | loss 6.2800 | lr 3.00e-04 | grad 2.66 | 0.8k tok/s | cert -5.93→-5.94 | ticks [0.000 0.000 0.000 0.000 0.000 0.000 0.000 6.230] | 10M tok | ETA 1196.0h
Step   6600 | loss 6.2207 | lr 3.00e-04 | grad 1.74 | 0.8k tok/s | cert -6.94→-6.48 | ticks [0.000 0.000 0.000 0.000 0.000 0.000 0.000 6.306] | 10M tok | ETA 1196.1h
Step   6610 | loss 6.2858 | lr 3.00e-04 | grad 1.91 | 0.8k tok/s | cert -7.17→-6.93 | ticks [0.000 0.000 0.000 0.000 0.000 0.000 0.000 6.435] | 10M tok | ETA 1196.1h
Step   6620 | loss 6.3726 | lr 3.00e-04 | grad 1.74 | 0.9k tok/s | cert -6.98→-6.58 | ticks [0.000 0.000 0.000 0.000 0.000 0.000 0.000 6.486] | 10M tok | ETA 1196.2h
Step   6630 | loss 6.2694 | lr 3.00e-04 | grad 1.41 | 0.9k tok/s | cert -6.13→-6.00 | ticks [0.000 0.000 0.000 0.000 0.000 0.000 0.000 5.884] | 10M tok | ETA 1196.2h
Step   6640 | loss 6.2093 | lr 3.00e-04 | grad 2.08 | 0.9k tok/s | cert -7.11→-6.64 | ticks [0.000 0.000 0.000 0.000 0.000 0.000 0.000 6.437] | 10M tok | ETA 1196.2h
Step   6650 | loss 6.2729 | lr 3.00e-04 | grad 4.03 | 0.9k tok/s | cert -7.07→-6.86 | ticks [0.000 0.000 0.000 0.000 0.000 0.000 0.000 5.969] | 10M tok | ETA 1196.3h
Step   6660 | loss 6.5291 | lr 3.00e-04 | grad 3.41 | 0.9k tok/s | cert -6.08→-5.89 | ticks [0.000 0.000 0.000 0.000 0.000 0.000 0.000 6.310] | 10M tok | ETA 1196.3h
Step   6670 | loss 6.4657 | lr 3.00e-04 | grad 2.38 | 0.8k tok/s | cert -6.99→-6.61 | ticks [0.000 0.000 0.000 0.000 0.000 0.000 0.000 6.821] | 10M tok | ETA 1196.4h
Step   6680 | loss 6.4034 | lr 3.00e-04 | grad 2.20 | 0.8k tok/s | cert -6.63→-6.54 | ticks [0.000 0.000 0.000 0.000 0.000 0.000 0.000 5.972] | 10M tok | ETA 1196.5h
Step   6690 | loss 6.3108 | lr 3.00e-04 | grad 1.87 | 0.8k tok/s | cert -6.52→-6.31 | ticks [0.000 0.000 0.000 0.000 0.000 0.000 0.000 6.407] | 10M tok | ETA 1196.6h
Step   6700 | loss 6.4831 | lr 3.00e-04 | grad 3.50 | 0.8k tok/s | cert -6.67→-6.50 | ticks [0.000 0.000 0.000 0.000 0.000 0.000 0.000 6.617] | 10M tok | ETA 1196.7h
Step   6710 | loss 6.3604 | lr 3.00e-04 | grad 2.11 | 0.9k tok/s | cert -6.20→-6.05 | ticks [0.000 0.000 0.000 0.000 0.000 0.000 0.000 6.011] | 10M tok | ETA 1196.7h
Step   6720 | loss 6.1067 | lr 3.00e-04 | grad 1.97 | 0.9k tok/s | cert -6.77→-6.58 | ticks [0.000 0.000 0.000 0.000 0.000 0.000 0.000 6.099] | 10M tok | ETA 1196.7h
Step   6730 | loss 5.7765 | lr 3.00e-04 | grad 1.54 | 0.9k tok/s | cert -6.16→-5.97 | ticks [0.000 0.000 0.000 0.000 0.000 0.000 0.000 5.979] | 10M tok | ETA 1196.8h
Step   6740 | loss 6.5530 | lr 3.00e-04 | grad 2.48 | 0.9k tok/s | cert -6.36→-6.22 | ticks [0.000 0.000 0.000 0.000 0.000 0.000 0.000 6.194] | 10M tok | ETA 1196.8h
Step   6750 | loss 6.4198 | lr 3.00e-04 | grad 3.36 | 0.9k tok/s | cert -6.89→-6.52 | ticks [0.000 0.000 0.000 0.000 0.000 0.000 0.000 6.739] | 10M tok | ETA 1196.8h
Step   6760 | loss 6.3542 | lr 3.00e-04 | grad 1.49 | 0.9k tok/s | cert -6.81→-6.44 | ticks [0.000 0.000 0.000 0.000 0.000 0.000 0.000 6.389] | 10M tok | ETA 1196.8h
Step   6770 | loss 6.3850 | lr 3.00e-04 | grad 1.56 | 0.8k tok/s | cert -6.83→-6.25 | ticks [0.000 0.000 0.000 0.000 0.000 0.000 0.000 5.758] | 10M tok | ETA 1196.9h
Step   6780 | loss 6.1947 | lr 3.00e-04 | grad 2.39 | 0.9k tok/s | cert -6.07→-5.91 | ticks [0.000 0.000 0.000 0.000 0.000 0.000 0.000 6.158] | 10M tok | ETA 1196.9h
Step   6790 | loss 6.0820 | lr 3.00e-04 | grad 2.00 | 0.9k tok/s | cert -6.21→-6.05 | ticks [0.000 0.000 0.000 0.000 0.000 0.000 0.000 6.093] | 10M tok | ETA 1196.9h
Step   6800 | loss 6.3404 | lr 3.00e-04 | grad 2.84 | 0.9k tok/s | cert -7.29→-7.00 | ticks [0.000 0.000 0.000 0.000 0.000 0.000 0.000 6.423] | 10M tok | ETA 1197.0h
Step   6810 | loss 6.4820 | lr 3.00e-04 | grad 1.76 | 0.8k tok/s | cert -6.86→-6.67 | ticks [0.000 0.000 0.000 0.000 0.000 0.000 0.000 6.681] | 10M tok | ETA 1197.0h
Step   6820 | loss 6.2075 | lr 3.00e-04 | grad 2.62 | 0.8k tok/s | cert -6.12→-6.03 | ticks [0.000 0.000 0.000 0.000 0.000 0.000 0.000 6.402] | 10M tok | ETA 1197.1h
Step   6830 | loss 5.9789 | lr 3.00e-04 | grad 1.76 | 0.8k tok/s | cert -5.98→-5.96 | ticks [0.000 0.000 0.000 0.000 0.000 0.000 0.000 6.090] | 10M tok | ETA 1197.2h
Step   6840 | loss 6.3683 | lr 3.00e-04 | grad 1.63 | 0.8k tok/s | cert -6.73→-6.67 | ticks [0.000 0.000 0.000 0.000 0.000 0.000 0.000 6.297] | 11M tok | ETA 1197.2h
Step   6850 | loss 6.1778 | lr 3.00e-04 | grad 1.95 | 0.8k tok/s | cert -6.58→-6.60 | ticks [0.000 0.000 0.000 0.000 0.000 0.000 0.000 6.092] | 11M tok | ETA 1197.3h
Step   6860 | loss 5.9174 | lr 3.00e-04 | grad 2.41 | 0.8k tok/s | cert -5.97→-5.96 | ticks [0.000 0.000 0.000 0.000 0.000 0.000 0.000 6.117] | 11M tok | ETA 1197.4h
Step   6870 | loss 6.3232 | lr 3.00e-04 | grad 3.61 | 0.9k tok/s | cert -6.31→-6.41 | ticks [0.000 0.000 0.000 0.000 0.000 0.000 0.000 6.884] | 11M tok | ETA 1197.4h
Step   6880 | loss 6.3230 | lr 3.00e-04 | grad 1.57 | 0.9k tok/s | cert -6.40→-6.47 | ticks [0.000 0.000 0.000 0.000 0.000 0.000 0.000 6.161] | 11M tok | ETA 1197.5h
Step   6890 | loss 6.1312 | lr 3.00e-04 | grad 2.08 | 0.9k tok/s | cert -6.84→-6.71 | ticks [0.000 0.000 0.000 0.000 0.000 0.000 0.000 6.377] | 11M tok | ETA 1197.5h
Step   6900 | loss 6.2394 | lr 3.00e-04 | grad 3.20 | 0.9k tok/s | cert -6.01→-6.20 | ticks [0.000 0.000 0.000 0.000 0.000 0.000 0.000 6.457] | 11M tok | ETA 1197.5h
Step   6910 | loss 6.4373 | lr 3.00e-04 | grad 3.39 | 0.9k tok/s | cert -7.32→-7.13 | ticks [0.000 0.000 0.000 0.000 0.000 0.000 0.000 6.873] | 11M tok | ETA 1197.5h
Step   6920 | loss 6.3066 | lr 3.00e-04 | grad 1.89 | 0.9k tok/s | cert -6.95→-6.81 | ticks [0.000 0.000 0.000 0.000 0.000 0.000 0.000 6.300] | 11M tok | ETA 1197.5h
Step   6930 | loss 6.4702 | lr 3.00e-04 | grad 1.72 | 0.9k tok/s | cert -6.35→-6.16 | ticks [0.000 0.000 0.000 0.000 0.000 0.000 0.000 6.169] | 11M tok | ETA 1197.5h
Step   6940 | loss 6.3217 | lr 3.00e-04 | grad 2.06 | 0.9k tok/s | cert -6.15→-6.10 | ticks [0.000 0.000 0.000 0.000 0.000 0.000 0.000 6.216] | 11M tok | ETA 1197.5h
Step   6950 | loss 6.3949 | lr 3.00e-04 | grad 2.81 | 0.8k tok/s | cert -6.87→-6.72 | ticks [0.000 0.000 0.000 0.000 0.000 0.000 0.000 6.032] | 11M tok | ETA 1197.6h
Step   6960 | loss 6.4521 | lr 3.00e-04 | grad 3.03 | 0.8k tok/s | cert -7.40→-7.02 | ticks [0.000 0.000 0.000 0.000 0.000 0.000 0.000 6.461] | 11M tok | ETA 1197.7h
Step   6970 | loss 6.2243 | lr 3.00e-04 | grad 1.72 | 0.8k tok/s | cert -6.26→-6.03 | ticks [0.000 0.000 0.000 0.000 0.000 0.000 0.000 6.079] | 11M tok | ETA 1197.7h
Step   6980 | loss 6.4262 | lr 3.00e-04 | grad 3.05 | 0.8k tok/s | cert -6.37→-6.14 | ticks [0.000 0.000 0.000 0.000 0.000 0.000 0.000 6.444] | 11M tok | ETA 1197.8h
Step   6990 | loss 6.2596 | lr 3.00e-04 | grad 1.81 | 0.8k tok/s | cert -6.77→-6.64 | ticks [0.000 0.000 0.000 0.000 0.000 0.000 0.000 6.125] | 11M tok | ETA 1197.8h
Step   7000 | loss 6.2459 | lr 3.00e-04 | grad 3.55 | 0.9k tok/s | cert -7.27→-7.04 | ticks [0.000 0.000 0.000 0.000 0.000 0.000 0.000 6.175] | 11M tok | ETA 1197.9h
Step   7010 | loss 6.1551 | lr 3.00e-04 | grad 3.14 | 0.9k tok/s | cert -6.02→-5.83 | ticks [0.000 0.000 0.000 0.000 0.000 0.000 0.000 5.968] | 11M tok | ETA 1197.9h
Step   7020 | loss 5.9996 | lr 3.00e-04 | grad 3.22 | 0.8k tok/s | cert -5.72→-5.45 | ticks [0.000 0.000 0.000 0.000 0.000 0.000 0.000 5.410] | 11M tok | ETA 1197.9h
Step   7030 | loss 6.5399 | lr 3.00e-04 | grad 1.70 | 0.9k tok/s | cert -6.53→-6.57 | ticks [0.000 0.000 0.000 0.000 0.000 0.000 0.000 6.315] | 11M tok | ETA 1198.0h
Step   7040 | loss 6.1660 | lr 3.00e-04 | grad 3.92 | 0.8k tok/s | cert -6.87→-6.95 | ticks [0.000 0.000 0.000 0.000 0.000 0.000 0.000 6.300] | 11M tok | ETA 1198.0h
Step   7050 | loss 6.0658 | lr 3.00e-04 | grad 1.75 | 0.8k tok/s | cert -6.97→-6.77 | ticks [0.000 0.000 0.000 0.000 0.000 0.000 0.000 6.434] | 11M tok | ETA 1198.0h
Step   7060 | loss 6.0620 | lr 3.00e-04 | grad 11.00 | 0.9k tok/s | cert -8.60→-8.24 | ticks [0.000 0.000 0.000 0.000 0.000 0.000 0.000 6.908] | 11M tok | ETA 1198.1h
Step   7070 | loss 5.8198 | lr 3.00e-04 | grad 3.94 | 0.8k tok/s | cert -5.89→-5.66 | ticks [0.000 0.000 0.000 0.000 0.000 0.000 0.000 6.301] | 11M tok | ETA 1198.1h
Step   7080 | loss 5.8420 | lr 3.00e-04 | grad 1.53 | 0.9k tok/s | cert -6.67→-6.21 | ticks [0.000 0.000 0.000 0.000 0.000 0.000 0.000 6.326] | 11M tok | ETA 1198.1h
Step   7090 | loss 6.2367 | lr 3.00e-04 | grad 2.33 | 0.9k tok/s | cert -7.41→-6.73 | ticks [0.000 0.000 0.000 0.000 0.000 0.000 0.000 6.380] | 11M tok | ETA 1198.1h
Step   7100 | loss 6.2658 | lr 3.00e-04 | grad 2.09 | 0.8k tok/s | cert -7.27→-6.79 | ticks [0.000 0.000 0.000 0.000 0.000 0.000 0.000 6.200] | 11M tok | ETA 1198.2h
Step   7110 | loss 6.3030 | lr 3.00e-04 | grad 2.09 | 0.8k tok/s | cert -6.37→-6.09 | ticks [0.000 0.000 0.000 0.000 0.000 0.000 0.000 5.892] | 11M tok | ETA 1198.2h
Step   7120 | loss 6.2888 | lr 3.00e-04 | grad 1.94 | 0.9k tok/s | cert -6.94→-6.42 | ticks [0.000 0.000 0.000 0.000 0.000 0.000 0.000 6.073] | 11M tok | ETA 1198.2h
Step   7130 | loss 6.4385 | lr 3.00e-04 | grad 2.95 | 0.8k tok/s | cert -6.62→-6.33 | ticks [0.000 0.000 0.000 0.000 0.000 0.000 0.000 6.617] | 11M tok | ETA 1198.3h
Step   7140 | loss 6.4936 | lr 3.00e-04 | grad 3.83 | 0.8k tok/s | cert -7.78→-7.29 | ticks [0.000 0.000 0.000 0.000 0.000 0.000 0.000 6.323] | 11M tok | ETA 1198.3h
Step   7150 | loss 6.3898 | lr 3.00e-04 | grad 1.95 | 0.8k tok/s | cert -7.38→-6.92 | ticks [0.000 0.000 0.000 0.000 0.000 0.000 0.000 6.706] | 11M tok | ETA 1198.4h
Step   7160 | loss 6.4448 | lr 3.00e-04 | grad 1.81 | 0.8k tok/s | cert -6.53→-6.39 | ticks [0.000 0.000 0.000 0.000 0.000 0.000 0.000 6.456] | 11M tok | ETA 1198.5h
Step   7170 | loss 6.4319 | lr 3.00e-04 | grad 3.91 | 0.8k tok/s | cert -6.00→-5.73 | ticks [0.000 0.000 0.000 0.000 0.000 0.000 0.000 6.334] | 11M tok | ETA 1198.5h
Step   7180 | loss 6.5276 | lr 3.00e-04 | grad 2.20 | 0.8k tok/s | cert -6.91→-7.08 | ticks [0.000 0.000 0.000 0.000 0.000 0.000 0.000 7.126] | 11M tok | ETA 1198.6h
Step   7190 | loss 6.3201 | lr 3.00e-04 | grad 1.95 | 0.9k tok/s | cert -6.83→-6.56 | ticks [0.000 0.000 0.000 0.000 0.000 0.000 0.000 6.318] | 11M tok | ETA 1198.6h
Step   7200 | loss 6.2014 | lr 3.00e-04 | grad 1.64 | 0.9k tok/s | cert -6.29→-6.24 | ticks [0.000 0.000 0.000 0.000 0.000 0.000 0.000 5.995] | 11M tok | ETA 1198.6h
Step   7210 | loss 6.2797 | lr 3.00e-04 | grad 3.44 | 0.9k tok/s | cert -5.93→-5.93 | ticks [0.000 0.000 0.000 0.000 0.000 0.000 0.000 6.420] | 11M tok | ETA 1198.6h
Step   7220 | loss 6.0928 | lr 3.00e-04 | grad 1.39 | 0.9k tok/s | cert -6.34→-6.28 | ticks [0.000 0.000 0.000 0.000 0.000 0.000 0.000 5.990] | 11M tok | ETA 1198.7h
Step   7230 | loss 6.3431 | lr 3.00e-04 | grad 3.69 | 0.9k tok/s | cert -6.71→-6.82 | ticks [0.000 0.000 0.000 0.000 0.000 0.000 0.000 5.767] | 11M tok | ETA 1198.7h
Step   7240 | loss 6.6111 | lr 3.00e-04 | grad 1.64 | 0.9k tok/s | cert -6.73→-6.83 | ticks [0.000 0.000 0.000 0.000 0.000 0.000 0.000 6.810] | 11M tok | ETA 1198.7h
Step   7250 | loss 6.4504 | lr 3.00e-04 | grad 1.83 | 0.9k tok/s | cert -7.07→-6.89 | ticks [0.000 0.000 0.000 0.000 0.000 0.000 0.000 6.537] | 11M tok | ETA 1198.7h
Step   7260 | loss 6.1785 | lr 3.00e-04 | grad 1.55 | 0.9k tok/s | cert -6.30→-6.37 | ticks [0.000 0.000 0.000 0.000 0.000 0.000 0.000 6.018] | 11M tok | ETA 1198.7h
Step   7270 | loss 6.3817 | lr 3.00e-04 | grad 3.25 | 0.9k tok/s | cert -7.03→-7.10 | ticks [0.000 0.000 0.000 0.000 0.000 0.000 0.000 6.348] | 11M tok | ETA 1198.7h
Step   7280 | loss 6.2712 | lr 3.00e-04 | grad 1.66 | 0.9k tok/s | cert -6.60→-6.41 | ticks [0.000 0.000 0.000 0.000 0.000 0.000 0.000 6.219] | 11M tok | ETA 1198.7h
Step   7290 | loss 6.1927 | lr 3.00e-04 | grad 2.00 | 0.9k tok/s | cert -6.31→-6.17 | ticks [0.000 0.000 0.000 0.000 0.000 0.000 0.000 6.265] | 11M tok | ETA 1198.7h
Step   7300 | loss 6.3535 | lr 3.00e-04 | grad 3.23 | 0.9k tok/s | cert -6.82→-6.36 | ticks [0.000 0.000 0.000 0.000 0.000 0.000 0.000 6.613] | 11M tok | ETA 1198.7h
Step   7310 | loss 6.4053 | lr 3.00e-04 | grad 1.95 | 0.9k tok/s | cert -6.93→-6.64 | ticks [0.000 0.000 0.000 0.000 0.000 0.000 0.000 6.557] | 11M tok | ETA 1198.7h
Step   7320 | loss 6.3583 | lr 3.00e-04 | grad 1.40 | 0.9k tok/s | cert -6.08→-5.88 | ticks [0.000 0.000 0.000 0.000 0.000 0.000 0.000 5.894] | 11M tok | ETA 1198.8h
Step   7330 | loss 6.5405 | lr 3.00e-04 | grad 3.64 | 0.9k tok/s | cert -5.92→-5.98 | ticks [0.000 0.000 0.000 0.000 0.000 0.000 0.000 6.533] | 11M tok | ETA 1198.8h
Step   7340 | loss 6.3028 | lr 3.00e-04 | grad 1.88 | 0.9k tok/s | cert -6.43→-6.42 | ticks [0.000 0.000 0.000 0.000 0.000 0.000 0.000 5.858] | 11M tok | ETA 1198.8h
Step   7350 | loss 6.1718 | lr 3.00e-04 | grad 4.22 | 0.9k tok/s | cert -6.54→-6.77 | ticks [0.000 0.000 0.000 0.000 0.000 0.000 0.000 5.990] | 11M tok | ETA 1198.8h
Step   7360 | loss 6.1831 | lr 3.00e-04 | grad 1.82 | 0.9k tok/s | cert -5.86→-6.04 | ticks [0.000 0.000 0.000 0.000 0.000 0.000 0.000 6.214] | 11M tok | ETA 1198.8h
Step   7370 | loss 6.2233 | lr 3.00e-04 | grad 2.97 | 0.9k tok/s | cert -6.06→-6.12 | ticks [0.000 0.000 0.000 0.000 0.000 0.000 0.000 6.551] | 11M tok | ETA 1198.8h
Step   7380 | loss 6.5332 | lr 3.00e-04 | grad 3.39 | 0.9k tok/s | cert -6.58→-6.71 | ticks [0.000 0.000 0.000 0.000 0.000 0.000 0.000 5.924] | 11M tok | ETA 1198.8h
Step   7390 | loss 5.8344 | lr 3.00e-04 | grad 1.52 | 0.9k tok/s | cert -6.42→-6.39 | ticks [0.000 0.000 0.000 0.000 0.000 0.000 0.000 6.038] | 11M tok | ETA 1198.8h
Step   7400 | loss 5.9337 | lr 3.00e-04 | grad 1.49 | 0.9k tok/s | cert -5.91→-5.89 | ticks [0.000 0.000 0.000 0.000 0.000 0.000 0.000 6.122] | 11M tok | ETA 1198.8h
Step   7410 | loss 6.4427 | lr 3.00e-04 | grad 2.98 | 0.9k tok/s | cert -5.91→-6.10 | ticks [0.000 0.000 0.000 0.000 0.000 0.000 0.000 6.472] | 11M tok | ETA 1198.8h
Step   7420 | loss 6.2297 | lr 3.00e-04 | grad 2.47 | 0.9k tok/s | cert -6.17→-6.38 | ticks [0.000 0.000 0.000 0.000 0.000 0.000 0.000 6.056] | 11M tok | ETA 1198.8h
Step   7430 | loss 6.1240 | lr 3.00e-04 | grad 3.17 | 0.9k tok/s | cert -6.32→-6.78 | ticks [0.000 0.000 0.000 0.000 0.000 0.000 0.000 6.454] | 11M tok | ETA 1198.9h
Step   7440 | loss 6.4221 | lr 3.00e-04 | grad 1.66 | 0.9k tok/s | cert -5.92→-6.08 | ticks [0.000 0.000 0.000 0.000 0.000 0.000 0.000 6.243] | 11M tok | ETA 1198.9h
Step   7450 | loss 6.2953 | lr 3.00e-04 | grad 2.38 | 0.9k tok/s | cert -6.38→-6.61 | ticks [0.000 0.000 0.000 0.000 0.000 0.000 0.000 6.485] | 11M tok | ETA 1198.9h
Step   7460 | loss 6.2782 | lr 3.00e-04 | grad 3.28 | 0.9k tok/s | cert -7.11→-7.22 | ticks [0.000 0.000 0.000 0.000 0.000 0.000 0.000 6.330] | 11M tok | ETA 1198.9h
Step   7470 | loss 6.5670 | lr 3.00e-04 | grad 1.88 | 0.9k tok/s | cert -6.89→-6.94 | ticks [0.000 0.000 0.000 0.000 0.000 0.000 0.000 6.587] | 11M tok | ETA 1198.9h
Step   7480 | loss 6.5086 | lr 3.00e-04 | grad 1.51 | 0.9k tok/s | cert -5.96→-5.95 | ticks [0.000 0.000 0.000 0.000 0.000 0.000 0.000 6.132] | 11M tok | ETA 1198.9h
Step   7490 | loss 6.2889 | lr 3.00e-04 | grad 2.48 | 0.9k tok/s | cert -6.00→-6.17 | ticks [0.000 0.000 0.000 0.000 0.000 0.000 0.000 6.239] | 12M tok | ETA 1198.9h
Step   7500 | loss 6.1942 | lr 3.00e-04 | grad 2.33 | 0.9k tok/s | cert -7.52→-7.20 | ticks [0.000 0.000 0.000 0.000 0.000 0.000 0.000 6.678] | 12M tok | ETA 1198.9h
Step   7510 | loss 6.4069 | lr 3.00e-04 | grad 3.61 | 0.9k tok/s | cert -6.47→-6.78 | ticks [0.000 0.000 0.000 0.000 0.000 0.000 0.000 6.878] | 12M tok | ETA 1198.9h
Step   7520 | loss 6.5100 | lr 3.00e-04 | grad 2.75 | 0.9k tok/s | cert -6.89→-6.75 | ticks [0.000 0.000 0.000 0.000 0.000 0.000 0.000 6.611] | 12M tok | ETA 1199.0h
Step   7530 | loss 6.5299 | lr 3.00e-04 | grad 2.61 | 0.9k tok/s | cert -6.76→-6.87 | ticks [0.000 0.000 0.000 0.000 0.000 0.000 0.000 6.385] | 12M tok | ETA 1199.0h
Step   7540 | loss 6.4466 | lr 3.00e-04 | grad 3.94 | 0.9k tok/s | cert -6.75→-6.85 | ticks [0.000 0.000 0.000 0.000 0.000 0.000 0.000 6.055] | 12M tok | ETA 1199.0h
Step   7550 | loss 6.4578 | lr 3.00e-04 | grad 1.84 | 0.8k tok/s | cert -6.45→-6.70 | ticks [0.000 0.000 0.000 0.000 0.000 0.000 0.000 6.628] | 12M tok | ETA 1199.1h
Step   7560 | loss 6.3789 | lr 3.00e-04 | grad 1.71 | 0.8k tok/s | cert -6.12→-6.17 | ticks [0.000 0.000 0.000 0.000 0.000 0.000 0.000 6.127] | 12M tok | ETA 1199.1h
Step   7570 | loss 6.3631 | lr 3.00e-04 | grad 4.69 | 0.8k tok/s | cert -6.84→-7.16 | ticks [0.000 0.000 0.000 0.000 0.000 0.000 0.000 6.072] | 12M tok | ETA 1199.2h
Step   7580 | loss 6.2931 | lr 3.00e-04 | grad 1.72 | 0.8k tok/s | cert -6.87→-6.65 | ticks [0.000 0.000 0.000 0.000 0.000 0.000 0.000 6.367] | 12M tok | ETA 1199.2h
Step   7590 | loss 6.2475 | lr 3.00e-04 | grad 1.83 | 0.9k tok/s | cert -6.43→-6.44 | ticks [0.000 0.000 0.000 0.000 0.000 0.000 0.000 6.527] | 12M tok | ETA 1199.2h
Step   7600 | loss 6.4498 | lr 3.00e-04 | grad 1.31 | 0.9k tok/s | cert -6.30→-6.22 | ticks [0.000 0.000 0.000 0.000 0.000 0.000 0.000 5.999] | 12M tok | ETA 1199.2h
Step   7610 | loss 6.3166 | lr 3.00e-04 | grad 2.55 | 0.9k tok/s | cert -7.14→-6.83 | ticks [0.000 0.000 0.000 0.000 0.000 0.000 0.000 6.058] | 12M tok | ETA 1199.2h
Step   7620 | loss 6.1242 | lr 3.00e-04 | grad 2.16 | 0.9k tok/s | cert -6.27→-6.04 | ticks [0.000 0.000 0.000 0.000 0.000 0.000 0.000 6.122] | 12M tok | ETA 1199.2h
Step   7630 | loss 6.3194 | lr 3.00e-04 | grad 3.19 | 0.9k tok/s | cert -6.05→-6.06 | ticks [0.000 0.000 0.000 0.000 0.000 0.000 0.000 6.292] | 12M tok | ETA 1199.2h
Step   7640 | loss 6.3589 | lr 3.00e-04 | grad 1.66 | 0.9k tok/s | cert -6.35→-6.15 | ticks [0.000 0.000 0.000 0.000 0.000 0.000 0.000 6.249] | 12M tok | ETA 1199.2h
Step   7650 | loss 6.3711 | lr 3.00e-04 | grad 3.12 | 0.9k tok/s | cert -6.87→-6.92 | ticks [0.000 0.000 0.000 0.000 0.000 0.000 0.000 6.178] | 12M tok | ETA 1199.2h
Step   7660 | loss 6.4699 | lr 3.00e-04 | grad 1.65 | 0.9k tok/s | cert -6.88→-6.74 | ticks [0.000 0.000 0.000 0.000 0.000 0.000 0.000 6.398] | 12M tok | ETA 1199.2h
Step   7670 | loss 5.9529 | lr 3.00e-04 | grad 2.58 | 0.9k tok/s | cert -5.85→-5.73 | ticks [0.000 0.000 0.000 0.000 0.000 0.000 0.000 5.550] | 12M tok | ETA 1199.1h
Step   7680 | loss 6.1716 | lr 3.00e-04 | grad 1.34 | 0.9k tok/s | cert -6.14→-5.95 | ticks [0.000 0.000 0.000 0.000 0.000 0.000 0.000 5.704] | 12M tok | ETA 1199.1h
Step   7690 | loss 6.4182 | lr 3.00e-04 | grad 2.50 | 0.9k tok/s | cert -6.73→-6.87 | ticks [0.000 0.000 0.000 0.000 0.000 0.000 0.000 6.432] | 12M tok | ETA 1199.1h
Step   7700 | loss 6.3118 | lr 3.00e-04 | grad 1.50 | 0.9k tok/s | cert -6.29→-6.01 | ticks [0.000 0.000 0.000 0.000 0.000 0.000 0.000 5.946] | 12M tok | ETA 1199.0h
Step   7710 | loss 6.4105 | lr 3.00e-04 | grad 3.52 | 0.9k tok/s | cert -6.55→-6.43 | ticks [0.000 0.000 0.000 0.000 0.000 0.000 0.000 6.518] | 12M tok | ETA 1199.0h
Step   7720 | loss 6.2763 | lr 3.00e-04 | grad 3.20 | 0.9k tok/s | cert -7.21→-7.20 | ticks [0.000 0.000 0.000 0.000 0.000 0.000 0.000 6.881] | 12M tok | ETA 1199.0h
Step   7730 | loss 6.4468 | lr 3.00e-04 | grad 2.09 | 0.9k tok/s | cert -7.17→-7.03 | ticks [0.000 0.000 0.000 0.000 0.000 0.000 0.000 6.520] | 12M tok | ETA 1198.9h
Step   7740 | loss 6.3940 | lr 3.00e-04 | grad 1.68 | 0.9k tok/s | cert -6.75→-6.59 | ticks [0.000 0.000 0.000 0.000 0.000 0.000 0.000 6.490] | 12M tok | ETA 1198.9h
Step   7750 | loss 6.2284 | lr 3.00e-04 | grad 1.55 | 0.9k tok/s | cert -6.50→-6.31 | ticks [0.000 0.000 0.000 0.000 0.000 0.000 0.000 5.921] | 12M tok | ETA 1198.9h
Step   7760 | loss 6.3467 | lr 3.00e-04 | grad 2.12 | 0.9k tok/s | cert -6.31→-6.19 | ticks [0.000 0.000 0.000 0.000 0.000 0.000 0.000 6.234] | 12M tok | ETA 1198.9h
Step   7770 | loss 5.9268 | lr 3.00e-04 | grad 3.47 | 0.9k tok/s | cert -6.96→-6.90 | ticks [0.000 0.000 0.000 0.000 0.000 0.000 0.000 6.184] | 12M tok | ETA 1198.8h
Step   7780 | loss 6.2119 | lr 3.00e-04 | grad 1.98 | 0.9k tok/s | cert -6.49→-6.52 | ticks [0.000 0.000 0.000 0.000 0.000 0.000 0.000 6.174] | 12M tok | ETA 1198.8h
Step   7790 | loss 6.4238 | lr 3.00e-04 | grad 1.75 | 0.9k tok/s | cert -6.54→-6.61 | ticks [0.000 0.000 0.000 0.000 0.000 0.000 0.000 6.299] | 12M tok | ETA 1198.8h
Step   7800 | loss 6.1936 | lr 3.00e-04 | grad 2.73 | 0.9k tok/s | cert -6.79→-6.86 | ticks [0.000 0.000 0.000 0.000 0.000 0.000 0.000 5.996] | 12M tok | ETA 1198.8h
Step   7810 | loss 6.1675 | lr 3.00e-04 | grad 2.39 | 0.9k tok/s | cert -6.59→-6.20 | ticks [0.000 0.000 0.000 0.000 0.000 0.000 0.000 6.249] | 12M tok | ETA 1198.8h
Step   7820 | loss 6.2742 | lr 3.00e-04 | grad 1.76 | 0.9k tok/s | cert -6.45→-6.36 | ticks [0.000 0.000 0.000 0.000 0.000 0.000 0.000 6.038] | 12M tok | ETA 1198.8h
Step   7830 | loss 6.3547 | lr 3.00e-04 | grad 1.80 | 0.9k tok/s | cert -6.88→-6.63 | ticks [0.000 0.000 0.000 0.000 0.000 0.000 0.000 6.273] | 12M tok | ETA 1198.8h
Step   7840 | loss 6.4729 | lr 3.00e-04 | grad 2.59 | 0.9k tok/s | cert -7.14→-7.09 | ticks [0.000 0.000 0.000 0.000 0.000 0.000 0.000 6.370] | 12M tok | ETA 1198.8h
Step   7850 | loss 6.2375 | lr 3.00e-04 | grad 1.91 | 0.9k tok/s | cert -6.34→-6.02 | ticks [0.000 0.000 0.000 0.000 0.000 0.000 0.000 6.091] | 12M tok | ETA 1198.9h
Step   7860 | loss 6.2948 | lr 3.00e-04 | grad 1.73 | 0.9k tok/s | cert -5.94→-6.00 | ticks [0.000 0.000 0.000 0.000 0.000 0.000 0.000 6.059] | 12M tok | ETA 1198.9h
Step   7870 | loss 6.3920 | lr 3.00e-04 | grad 1.38 | 0.9k tok/s | cert -6.41→-6.46 | ticks [0.000 0.000 0.000 0.000 0.000 0.000 0.000 6.239] | 12M tok | ETA 1198.9h
Step   7880 | loss 6.3136 | lr 3.00e-04 | grad 1.53 | 0.9k tok/s | cert -6.40→-6.40 | ticks [0.000 0.000 0.000 0.000 0.000 0.000 0.000 6.066] | 12M tok | ETA 1198.9h
Step   7890 | loss 6.0746 | lr 3.00e-04 | grad 2.69 | 0.9k tok/s | cert -5.86→-5.78 | ticks [0.000 0.000 0.000 0.000 0.000 0.000 0.000 5.904] | 12M tok | ETA 1198.9h
Step   7900 | loss 6.1974 | lr 3.00e-04 | grad 1.95 | 0.9k tok/s | cert -6.75→-6.56 | ticks [0.000 0.000 0.000 0.000 0.000 0.000 0.000 6.139] | 12M tok | ETA 1198.9h
Step   7910 | loss 6.2767 | lr 3.00e-04 | grad 2.52 | 0.9k tok/s | cert -6.87→-6.78 | ticks [0.000 0.000 0.000 0.000 0.000 0.000 0.000 6.044] | 12M tok | ETA 1198.9h
Step   7920 | loss 6.1571 | lr 3.00e-04 | grad 1.70 | 0.9k tok/s | cert -6.76→-6.55 | ticks [0.000 0.000 0.000 0.000 0.000 0.000 0.000 6.477] | 12M tok | ETA 1198.9h
Step   7930 | loss 6.2334 | lr 3.00e-04 | grad 3.12 | 0.9k tok/s | cert -6.34→-6.07 | ticks [0.000 0.000 0.000 0.000 0.000 0.000 0.000 6.174] | 12M tok | ETA 1198.9h
Step   7940 | loss 6.3381 | lr 3.00e-04 | grad 1.70 | 0.9k tok/s | cert -6.93→-6.82 | ticks [0.000 0.000 0.000 0.000 0.000 0.000 0.000 6.626] | 12M tok | ETA 1198.9h
Step   7950 | loss 6.3783 | lr 3.00e-04 | grad 3.08 | 0.9k tok/s | cert -7.55→-7.46 | ticks [0.000 0.000 0.000 0.000 0.000 0.000 0.000 6.980] | 12M tok | ETA 1198.9h
Step   7960 | loss 6.3969 | lr 3.00e-04 | grad 3.03 | 0.9k tok/s | cert -6.21→-6.27 | ticks [0.000 0.000 0.000 0.000 0.000 0.000 0.000 6.518] | 12M tok | ETA 1198.9h
Step   7970 | loss 6.5320 | lr 3.00e-04 | grad 2.30 | 0.8k tok/s | cert -6.18→-6.21 | ticks [0.000 0.000 0.000 0.000 0.000 0.000 0.000 6.510] | 12M tok | ETA 1198.9h
Step   7980 | loss 6.5163 | lr 3.00e-04 | grad 1.84 | 0.9k tok/s | cert -6.64→-6.58 | ticks [0.000 0.000 0.000 0.000 0.000 0.000 0.000 6.469] | 12M tok | ETA 1198.9h
Step   7990 | loss 6.1961 | lr 3.00e-04 | grad 3.41 | 0.9k tok/s | cert -6.59→-6.51 | ticks [0.000 0.000 0.000 0.000 0.000 0.000 0.000 5.867] | 12M tok | ETA 1198.9h
Step   8000 | loss 6.2216 | lr 3.00e-04 | grad 2.52 | 0.9k tok/s | cert -5.77→-5.78 | ticks [0.000 0.000 0.000 0.000 0.000 0.000 0.000 6.225] | 12M tok | ETA 1199.0h
Step   8010 | loss 6.3314 | lr 3.00e-04 | grad 2.45 | 0.9k tok/s | cert -6.16→-5.99 | ticks [0.000 0.000 0.000 0.000 0.000 0.000 0.000 5.816] | 12M tok | ETA 1199.0h
Step   8020 | loss 6.1955 | lr 3.00e-04 | grad 2.25 | 0.8k tok/s | cert -6.03→-5.96 | ticks [0.000 0.000 0.000 0.000 0.000 0.000 0.000 5.837] | 12M tok | ETA 1199.0h
Step   8030 | loss 6.2597 | lr 3.00e-04 | grad 2.44 | 0.9k tok/s | cert -6.87→-6.98 | ticks [0.000 0.000 0.000 0.000 0.000 0.000 0.000 6.619] | 12M tok | ETA 1199.0h
Step   8040 | loss 6.5666 | lr 3.00e-04 | grad 8.44 | 0.9k tok/s | cert -7.80→-7.54 | ticks [0.000 0.000 0.000 0.000 0.000 0.000 0.000 5.843] | 12M tok | ETA 1199.0h
Step   8050 | loss 6.4113 | lr 3.00e-04 | grad 1.99 | 0.9k tok/s | cert -6.88→-6.63 | ticks [0.000 0.000 0.000 0.000 0.000 0.000 0.000 6.189] | 12M tok | ETA 1199.0h
Step   8060 | loss 6.3577 | lr 3.00e-04 | grad 2.14 | 0.9k tok/s | cert -6.94→-6.61 | ticks [0.000 0.000 0.000 0.000 0.000 0.000 0.000 6.641] | 12M tok | ETA 1199.0h
Step   8070 | loss 6.2973 | lr 3.00e-04 | grad 1.45 | 0.9k tok/s | cert -6.56→-6.41 | ticks [0.000 0.000 0.000 0.000 0.000 0.000 0.000 6.251] | 12M tok | ETA 1199.0h
Step   8080 | loss 6.1774 | lr 3.00e-04 | grad 3.77 | 0.9k tok/s | cert -6.55→-6.41 | ticks [0.000 0.000 0.000 0.000 0.000 0.000 0.000 6.663] | 12M tok | ETA 1199.0h
Step   8090 | loss 6.0653 | lr 3.00e-04 | grad 6.88 | 0.9k tok/s | cert -7.67→-7.38 | ticks [0.000 0.000 0.000 0.000 0.000 0.000 0.000 6.312] | 12M tok | ETA 1199.0h
Step   8100 | loss 6.1613 | lr 3.00e-04 | grad 1.80 | 0.9k tok/s | cert -6.63→-6.31 | ticks [0.000 0.000 0.000 0.000 0.000 0.000 0.000 6.320] | 12M tok | ETA 1199.0h
Step   8110 | loss 6.3044 | lr 3.00e-04 | grad 2.05 | 0.9k tok/s | cert -6.26→-6.15 | ticks [0.000 0.000 0.000 0.000 0.000 0.000 0.000 6.272] | 12M tok | ETA 1199.0h
Step   8120 | loss 6.4052 | lr 3.00e-04 | grad 1.58 | 0.9k tok/s | cert -6.54→-6.58 | ticks [0.000 0.000 0.000 0.000 0.000 0.000 0.000 6.417] | 12M tok | ETA 1198.9h
Step   8130 | loss 6.3624 | lr 3.00e-04 | grad 2.70 | 0.9k tok/s | cert -7.07→-6.96 | ticks [0.000 0.000 0.000 0.000 0.000 0.000 0.000 6.377] | 12M tok | ETA 1198.9h
Step   8140 | loss 6.2917 | lr 3.00e-04 | grad 1.71 | 0.9k tok/s | cert -6.45→-6.55 | ticks [0.000 0.000 0.000 0.000 0.000 0.000 0.000 6.525] | 13M tok | ETA 1198.9h
Step   8150 | loss 6.2594 | lr 3.00e-04 | grad 2.95 | 0.9k tok/s | cert -5.75→-5.57 | ticks [0.000 0.000 0.000 0.000 0.000 0.000 0.000 5.819] | 13M tok | ETA 1198.9h
Step   8160 | loss 6.1760 | lr 3.00e-04 | grad 2.66 | 0.9k tok/s | cert -6.47→-6.44 | ticks [0.000 0.000 0.000 0.000 0.000 0.000 0.000 6.728] | 13M tok | ETA 1198.9h
Step   8170 | loss 6.5920 | lr 3.00e-04 | grad 2.09 | 0.9k tok/s | cert -7.82→-7.61 | ticks [0.000 0.000 0.000 0.000 0.000 0.000 0.000 7.138] | 13M tok | ETA 1198.9h
Step   8180 | loss 6.3587 | lr 3.00e-04 | grad 2.92 | 0.9k tok/s | cert -6.84→-6.95 | ticks [0.000 0.000 0.000 0.000 0.000 0.000 0.000 6.159] | 13M tok | ETA 1198.9h
Step   8190 | loss 6.3987 | lr 3.00e-04 | grad 2.59 | 0.9k tok/s | cert -6.25→-6.33 | ticks [0.000 0.000 0.000 0.000 0.000 0.000 0.000 6.506] | 13M tok | ETA 1198.9h
Step   8200 | loss 6.2333 | lr 3.00e-04 | grad 1.95 | 0.9k tok/s | cert -6.24→-6.14 | ticks [0.000 0.000 0.000 0.000 0.000 0.000 0.000 5.623] | 13M tok | ETA 1198.9h
Step   8210 | loss 6.2677 | lr 3.00e-04 | grad 1.64 | 0.9k tok/s | cert -6.97→-6.89 | ticks [0.000 0.000 0.000 0.000 0.000 0.000 0.000 6.733] | 13M tok | ETA 1198.9h
Step   8220 | loss 6.1650 | lr 3.00e-04 | grad 1.44 | 0.9k tok/s | cert -6.00→-6.14 | ticks [0.000 0.000 0.000 0.000 0.000 0.000 0.000 5.752] | 13M tok | ETA 1198.9h
Step   8230 | loss 6.3573 | lr 3.00e-04 | grad 2.03 | 0.9k tok/s | cert -6.11→-5.97 | ticks [0.000 0.000 0.000 0.000 0.000 0.000 0.000 6.022] | 13M tok | ETA 1198.9h
Step   8240 | loss 6.2515 | lr 3.00e-04 | grad 2.61 | 0.9k tok/s | cert -6.01→-6.11 | ticks [0.000 0.000 0.000 0.000 0.000 0.000 0.000 6.241] | 13M tok | ETA 1198.9h
Step   8250 | loss 6.3425 | lr 3.00e-04 | grad 4.72 | 0.9k tok/s | cert -7.38→-7.18 | ticks [0.000 0.000 0.000 0.000 0.000 0.000 0.000 6.020] | 13M tok | ETA 1198.8h
Step   8260 | loss 6.4694 | lr 3.00e-04 | grad 1.88 | 0.9k tok/s | cert -7.16→-6.96 | ticks [0.000 0.000 0.000 0.000 0.000 0.000 0.000 6.530] | 13M tok | ETA 1198.8h
Step   8270 | loss 6.2763 | lr 3.00e-04 | grad 1.99 | 0.9k tok/s | cert -6.24→-6.01 | ticks [0.000 0.000 0.000 0.000 0.000 0.000 0.000 6.202] | 13M tok | ETA 1198.8h
Step   8280 | loss 6.2298 | lr 3.00e-04 | grad 1.94 | 0.9k tok/s | cert -6.71→-6.36 | ticks [0.000 0.000 0.000 0.000 0.000 0.000 0.000 5.775] | 13M tok | ETA 1198.8h
Step   8290 | loss 6.4074 | lr 3.00e-04 | grad 2.66 | 0.9k tok/s | cert -7.50→-6.86 | ticks [0.000 0.000 0.000 0.000 0.000 0.000 0.000 6.296] | 13M tok | ETA 1198.8h
Step   8300 | loss 6.1324 | lr 3.00e-04 | grad 1.54 | 0.9k tok/s | cert -6.71→-6.29 | ticks [0.000 0.000 0.000 0.000 0.000 0.000 0.000 5.987] | 13M tok | ETA 1198.8h
Step   8310 | loss 6.1778 | lr 3.00e-04 | grad 2.64 | 0.8k tok/s | cert -6.28→-6.15 | ticks [0.000 0.000 0.000 0.000 0.000 0.000 0.000 6.298] | 13M tok | ETA 1198.8h
Step   8320 | loss 6.2910 | lr 3.00e-04 | grad 2.47 | 0.8k tok/s | cert -7.24→-6.79 | ticks [0.000 0.000 0.000 0.000 0.000 0.000 0.000 6.103] | 13M tok | ETA 1198.9h
Step   8330 | loss 6.2524 | lr 3.00e-04 | grad 1.91 | 0.8k tok/s | cert -6.75→-6.68 | ticks [0.000 0.000 0.000 0.000 0.000 0.000 0.000 6.345] | 13M tok | ETA 1198.9h
Step   8340 | loss 6.3097 | lr 3.00e-04 | grad 2.42 | 0.8k tok/s | cert -6.43→-6.09 | ticks [0.000 0.000 0.000 0.000 0.000 0.000 0.000 6.155] | 13M tok | ETA 1198.9h
Step   8350 | loss 6.3772 | lr 3.00e-04 | grad 1.83 | 0.9k tok/s | cert -6.62→-6.19 | ticks [0.000 0.000 0.000 0.000 0.000 0.000 0.000 5.795] | 13M tok | ETA 1198.9h
Step   8360 | loss 6.1541 | lr 3.00e-04 | grad 1.90 | 0.9k tok/s | cert -6.80→-6.60 | ticks [0.000 0.000 0.000 0.000 0.000 0.000 0.000 6.067] | 13M tok | ETA 1198.9h
Step   8370 | loss 6.2031 | lr 3.00e-04 | grad 2.44 | 0.9k tok/s | cert -6.39→-6.04 | ticks [0.000 0.000 0.000 0.000 0.000 0.000 0.000 6.045] | 13M tok | ETA 1198.9h
Step   8380 | loss 6.4999 | lr 3.00e-04 | grad 1.56 | 0.9k tok/s | cert -7.05→-6.42 | ticks [0.000 0.000 0.000 0.000 0.000 0.000 0.000 6.174] | 13M tok | ETA 1198.9h
Step   8390 | loss 6.0385 | lr 3.00e-04 | grad 2.69 | 0.9k tok/s | cert -7.13→-6.99 | ticks [0.000 0.000 0.000 0.000 0.000 0.000 0.000 6.312] | 13M tok | ETA 1198.9h
Step   8400 | loss 6.2532 | lr 3.00e-04 | grad 3.44 | 0.9k tok/s | cert -6.09→-6.12 | ticks [0.000 0.000 0.000 0.000 0.000 0.000 0.000 6.640] | 13M tok | ETA 1198.9h
Step   8410 | loss 6.2893 | lr 3.00e-04 | grad 1.66 | 0.9k tok/s | cert -6.03→-5.89 | ticks [0.000 0.000 0.000 0.000 0.000 0.000 0.000 5.772] | 13M tok | ETA 1198.9h
Step   8420 | loss 6.0142 | lr 3.00e-04 | grad 2.14 | 0.9k tok/s | cert -5.89→-6.20 | ticks [0.000 0.000 0.000 0.000 0.000 0.000 0.000 6.108] | 13M tok | ETA 1198.8h
Step   8430 | loss 6.1489 | lr 3.00e-04 | grad 2.44 | 0.9k tok/s | cert -6.92→-7.00 | ticks [0.000 0.000 0.000 0.000 0.000 0.000 0.000 6.499] | 13M tok | ETA 1198.8h
Step   8440 | loss 6.4189 | lr 3.00e-04 | grad 1.49 | 0.9k tok/s | cert -6.42→-6.36 | ticks [0.000 0.000 0.000 0.000 0.000 0.000 0.000 6.134] | 13M tok | ETA 1198.8h
Step   8450 | loss 6.3112 | lr 3.00e-04 | grad 1.56 | 0.9k tok/s | cert -6.23→-6.10 | ticks [0.000 0.000 0.000 0.000 0.000 0.000 0.000 6.040] | 13M tok | ETA 1198.8h
Step   8460 | loss 6.2733 | lr 3.00e-04 | grad 2.73 | 0.9k tok/s | cert -6.86→-6.71 | ticks [0.000 0.000 0.000 0.000 0.000 0.000 0.000 6.341] | 13M tok | ETA 1198.8h
Step   8470 | loss 6.0806 | lr 3.00e-04 | grad 1.63 | 0.8k tok/s | cert -6.18→-6.14 | ticks [0.000 0.000 0.000 0.000 0.000 0.000 0.000 6.044] | 13M tok | ETA 1198.8h
Step   8480 | loss 6.1743 | lr 3.00e-04 | grad 1.90 | 0.8k tok/s | cert -6.34→-6.08 | ticks [0.000 0.000 0.000 0.000 0.000 0.000 0.000 6.090] | 13M tok | ETA 1198.8h
Step   8490 | loss 6.2694 | lr 3.00e-04 | grad 2.16 | 0.9k tok/s | cert -6.24→-6.36 | ticks [0.000 0.000 0.000 0.000 0.000 0.000 0.000 6.466] | 13M tok | ETA 1198.9h
Step   8500 | loss 6.3159 | lr 3.00e-04 | grad 3.14 | 0.9k tok/s | cert -6.83→-6.85 | ticks [0.000 0.000 0.000 0.000 0.000 0.000 0.000 6.334] | 13M tok | ETA 1198.9h
Step   8510 | loss 6.3282 | lr 3.00e-04 | grad 1.82 | 0.9k tok/s | cert -6.64→-6.67 | ticks [0.000 0.000 0.000 0.000 0.000 0.000 0.000 6.543] | 13M tok | ETA 1198.8h
Step   8520 | loss 6.2113 | lr 3.00e-04 | grad 2.72 | 0.9k tok/s | cert -6.35→-6.45 | ticks [0.000 0.000 0.000 0.000 0.000 0.000 0.000 6.460] | 13M tok | ETA 1198.8h
Step   8530 | loss 6.1451 | lr 3.00e-04 | grad 1.55 | 0.9k tok/s | cert -6.37→-6.05 | ticks [0.000 0.000 0.000 0.000 0.000 0.000 0.000 5.578] | 13M tok | ETA 1198.8h
Step   8540 | loss 6.2429 | lr 3.00e-04 | grad 2.53 | 0.9k tok/s | cert -7.14→-6.73 | ticks [0.000 0.000 0.000 0.000 0.000 0.000 0.000 5.995] | 13M tok | ETA 1198.8h
Step   8550 | loss 6.1796 | lr 3.00e-04 | grad 1.52 | 0.9k tok/s | cert -6.63→-6.16 | ticks [0.000 0.000 0.000 0.000 0.000 0.000 0.000 6.309] | 13M tok | ETA 1198.8h
Step   8560 | loss 6.2758 | lr 3.00e-04 | grad 2.98 | 0.9k tok/s | cert -6.13→-5.98 | ticks [0.000 0.000 0.000 0.000 0.000 0.000 0.000 6.287] | 13M tok | ETA 1198.8h
Step   8570 | loss 6.2175 | lr 3.00e-04 | grad 1.80 | 0.9k tok/s | cert -6.84→-6.59 | ticks [0.000 0.000 0.000 0.000 0.000 0.000 0.000 6.339] | 13M tok | ETA 1198.8h
Step   8580 | loss 6.3824 | lr 3.00e-04 | grad 3.56 | 0.9k tok/s | cert -7.56→-7.26 | ticks [0.000 0.000 0.000 0.000 0.000 0.000 0.000 6.642] | 13M tok | ETA 1198.8h
Step   8590 | loss 6.1509 | lr 3.00e-04 | grad 3.25 | 0.9k tok/s | cert -6.85→-6.59 | ticks [0.000 0.000 0.000 0.000 0.000 0.000 0.000 6.673] | 13M tok | ETA 1198.8h
Step   8600 | loss 6.4041 | lr 3.00e-04 | grad 3.50 | 0.9k tok/s | cert -6.22→-5.94 | ticks [0.000 0.000 0.000 0.000 0.000 0.000 0.000 6.324] | 13M tok | ETA 1198.8h
Step   8610 | loss 6.1928 | lr 3.00e-04 | grad 2.20 | 0.9k tok/s | cert -6.52→-6.68 | ticks [0.000 0.000 0.000 0.000 0.000 0.000 0.000 6.315] | 13M tok | ETA 1198.8h
Step   8620 | loss 6.1044 | lr 3.00e-04 | grad 1.36 | 0.9k tok/s | cert -6.20→-6.25 | ticks [0.000 0.000 0.000 0.000 0.000 0.000 0.000 5.923] | 13M tok | ETA 1198.8h
Step   8630 | loss 6.1548 | lr 3.00e-04 | grad 2.70 | 0.9k tok/s | cert -5.93→-5.83 | ticks [0.000 0.000 0.000 0.000 0.000 0.000 0.000 6.065] | 13M tok | ETA 1198.7h
Step   8640 | loss 6.5923 | lr 3.00e-04 | grad 1.44 | 0.8k tok/s | cert -6.59→-6.44 | ticks [0.000 0.000 0.000 0.000 0.000 0.000 0.000 6.166] | 13M tok | ETA 1198.8h
Step   8650 | loss 6.0669 | lr 3.00e-04 | grad 2.75 | 0.9k tok/s | cert -6.74→-6.64 | ticks [0.000 0.000 0.000 0.000 0.000 0.000 0.000 5.962] | 13M tok | ETA 1198.8h
Step   8660 | loss 6.2089 | lr 3.00e-04 | grad 1.60 | 0.9k tok/s | cert -6.35→-6.19 | ticks [0.000 0.000 0.000 0.000 0.000 0.000 0.000 6.310] | 13M tok | ETA 1198.8h
Step   8670 | loss 6.3542 | lr 3.00e-04 | grad 4.12 | 0.8k tok/s | cert -6.35→-6.24 | ticks [0.000 0.000 0.000 0.000 0.000 0.000 0.000 6.586] | 13M tok | ETA 1198.8h
Step   8680 | loss 6.2389 | lr 3.00e-04 | grad 2.45 | 0.9k tok/s | cert -7.34→-6.78 | ticks [0.000 0.000 0.000 0.000 0.000 0.000 0.000 6.121] | 13M tok | ETA 1198.8h
Step   8690 | loss 6.2717 | lr 3.00e-04 | grad 2.69 | 0.9k tok/s | cert -7.08→-6.82 | ticks [0.000 0.000 0.000 0.000 0.000 0.000 0.000 6.076] | 13M tok | ETA 1198.8h
Step   8700 | loss 6.4996 | lr 3.00e-04 | grad 2.77 | 0.9k tok/s | cert -6.47→-6.10 | ticks [0.000 0.000 0.000 0.000 0.000 0.000 0.000 6.045] | 13M tok | ETA 1198.8h
Step   8710 | loss 6.4096 | lr 3.00e-04 | grad 2.80 | 0.9k tok/s | cert -7.09→-7.00 | ticks [0.000 0.000 0.000 0.000 0.000 0.000 0.000 6.258] | 13M tok | ETA 1198.9h
Step   8720 | loss 6.3523 | lr 3.00e-04 | grad 1.66 | 0.9k tok/s | cert -6.69→-6.34 | ticks [0.000 0.000 0.000 0.000 0.000 0.000 0.000 6.475] | 13M tok | ETA 1198.8h
Step   8730 | loss 6.2940 | lr 3.00e-04 | grad 4.34 | 0.9k tok/s | cert -6.77→-6.03 | ticks [0.000 0.000 0.000 0.000 0.000 0.000 0.000 6.672] | 13M tok | ETA 1198.8h
Step   8740 | loss 6.4353 | lr 3.00e-04 | grad 1.70 | 0.9k tok/s | cert -7.27→-6.67 | ticks [0.000 0.000 0.000 0.000 0.000 0.000 0.000 6.563] | 13M tok | ETA 1198.8h
Step   8750 | loss 6.3286 | lr 3.00e-04 | grad 2.50 | 0.9k tok/s | cert -7.22→-6.99 | ticks [0.000 0.000 0.000 0.000 0.000 0.000 0.000 6.615] | 13M tok | ETA 1198.8h
Step   8760 | loss 6.3928 | lr 3.00e-04 | grad 1.84 | 0.9k tok/s | cert -7.11→-6.68 | ticks [0.000 0.000 0.000 0.000 0.000 0.000 0.000 6.182] | 13M tok | ETA 1198.8h
Step   8770 | loss 6.2351 | lr 3.00e-04 | grad 2.11 | 0.9k tok/s | cert -6.24→-5.95 | ticks [0.000 0.000 0.000 0.000 0.000 0.000 0.000 5.326] | 13M tok | ETA 1198.8h
Step   8780 | loss 5.7248 | lr 3.00e-04 | grad 1.39 | 0.9k tok/s | cert -5.52→-5.27 | ticks [0.000 0.000 0.000 0.000 0.000 0.000 0.000 4.858] | 13M tok | ETA 1198.8h
Step   8790 | loss 5.6496 | lr 3.00e-04 | grad 1.48 | 0.9k tok/s | cert -5.57→-5.58 | ticks [0.000 0.000 0.000 0.000 0.000 0.000 0.000 5.563] | 14M tok | ETA 1198.8h
Step   8800 | loss 6.2534 | lr 3.00e-04 | grad 1.66 | 0.8k tok/s | cert -6.04→-6.41 | ticks [0.000 0.000 0.000 0.000 0.000 0.000 0.000 6.461] | 14M tok | ETA 1198.8h
Step   8810 | loss 5.9206 | lr 3.00e-04 | grad 1.74 | 0.8k tok/s | cert -6.19→-6.21 | ticks [0.000 0.000 0.000 0.000 0.000 0.000 0.000 5.905] | 14M tok | ETA 1198.9h
Step   8820 | loss 6.1353 | lr 3.00e-04 | grad 1.45 | 0.8k tok/s | cert -6.67→-6.67 | ticks [0.000 0.000 0.000 0.000 0.000 0.000 0.000 6.376] | 14M tok | ETA 1198.9h
Step   8830 | loss 6.3909 | lr 3.00e-04 | grad 2.27 | 0.8k tok/s | cert -6.69→-6.89 | ticks [0.000 0.000 0.000 0.000 0.000 0.000 0.000 6.507] | 14M tok | ETA 1199.0h
Step   8840 | loss 6.0855 | lr 3.00e-04 | grad 1.62 | 0.9k tok/s | cert -5.81→-5.96 | ticks [0.000 0.000 0.000 0.000 0.000 0.000 0.000 5.775] | 14M tok | ETA 1199.0h
Step   8850 | loss 6.0262 | lr 3.00e-04 | grad 2.77 | 0.9k tok/s | cert -6.32→-6.00 | ticks [0.000 0.000 0.000 0.000 0.000 0.000 0.000 6.480] | 14M tok | ETA 1199.0h
Step   8860 | loss 6.3980 | lr 3.00e-04 | grad 3.11 | 0.9k tok/s | cert -7.22→-6.80 | ticks [0.000 0.000 0.000 0.000 0.000 0.000 0.000 6.139] | 14M tok | ETA 1199.0h
Step   8870 | loss 6.0889 | lr 3.00e-04 | grad 4.56 | 0.9k tok/s | cert -7.73→-7.11 | ticks [0.000 0.000 0.000 0.000 0.000 0.000 0.000 6.005] | 14M tok | ETA 1198.9h
Step   8880 | loss 6.3790 | lr 3.00e-04 | grad 1.69 | 0.9k tok/s | cert -6.46→-6.40 | ticks [0.000 0.000 0.000 0.000 0.000 0.000 0.000 6.470] | 14M tok | ETA 1198.9h
Step   8890 | loss 6.3375 | lr 3.00e-04 | grad 2.44 | 0.9k tok/s | cert -6.84→-6.27 | ticks [0.000 0.000 0.000 0.000 0.000 0.000 0.000 6.467] | 14M tok | ETA 1198.9h
Step   8900 | loss 6.3239 | lr 3.00e-04 | grad 2.16 | 0.9k tok/s | cert -6.84→-6.92 | ticks [0.000 0.000 0.000 0.000 0.000 0.000 0.000 6.436] | 14M tok | ETA 1198.9h
Step   8910 | loss 6.2765 | lr 3.00e-04 | grad 2.64 | 0.9k tok/s | cert -6.61→-6.75 | ticks [0.000 0.000 0.000 0.000 0.000 0.000 0.000 6.174] | 14M tok | ETA 1198.9h
Step   8920 | loss 6.1228 | lr 3.00e-04 | grad 1.45 | 0.9k tok/s | cert -6.23→-6.16 | ticks [0.000 0.000 0.000 0.000 0.000 0.000 0.000 6.016] | 14M tok | ETA 1198.9h
Step   8930 | loss 6.2497 | lr 3.00e-04 | grad 2.06 | 0.9k tok/s | cert -5.95→-5.81 | ticks [0.000 0.000 0.000 0.000 0.000 0.000 0.000 5.725] | 14M tok | ETA 1198.9h
Step   8940 | loss 6.2829 | lr 3.00e-04 | grad 1.72 | 0.8k tok/s | cert -6.16→-6.17 | ticks [0.000 0.000 0.000 0.000 0.000 0.000 0.000 5.999] | 14M tok | ETA 1198.9h
Step   8950 | loss 6.1262 | lr 3.00e-04 | grad 2.52 | 0.8k tok/s | cert -6.53→-6.26 | ticks [0.000 0.000 0.000 0.000 0.000 0.000 0.000 5.622] | 14M tok | ETA 1199.0h
Step   8960 | loss 6.0916 | lr 3.00e-04 | grad 1.50 | 0.8k tok/s | cert -6.23→-5.89 | ticks [0.000 0.000 0.000 0.000 0.000 0.000 0.000 5.730] | 14M tok | ETA 1199.0h
Step   8970 | loss 6.2226 | lr 3.00e-04 | grad 2.00 | 0.8k tok/s | cert -6.62→-6.55 | ticks [0.000 0.000 0.000 0.000 0.000 0.000 0.000 6.394] | 14M tok | ETA 1199.0h
Step   8980 | loss 6.2368 | lr 3.00e-04 | grad 2.58 | 0.9k tok/s | cert -6.55→-6.29 | ticks [0.000 0.000 0.000 0.000 0.000 0.000 0.000 6.303] | 14M tok | ETA 1199.0h
Step   8990 | loss 6.3279 | lr 3.00e-04 | grad 3.98 | 0.9k tok/s | cert -7.29→-7.30 | ticks [0.000 0.000 0.000 0.000 0.000 0.000 0.000 6.482] | 14M tok | ETA 1199.0h
Step   9000 | loss 6.3856 | lr 3.00e-04 | grad 2.06 | 0.9k tok/s | cert -6.42→-6.54 | ticks [0.000 0.000 0.000 0.000 0.000 0.000 0.000 6.632] | 14M tok | ETA 1199.0h
Step   9010 | loss 6.0205 | lr 3.00e-04 | grad 2.23 | 0.9k tok/s | cert -5.96→-5.92 | ticks [0.000 0.000 0.000 0.000 0.000 0.000 0.000 5.996] | 14M tok | ETA 1199.0h
Step   9020 | loss 6.1759 | lr 3.00e-04 | grad 1.60 | 0.9k tok/s | cert -6.02→-6.05 | ticks [0.000 0.000 0.000 0.000 0.000 0.000 0.000 5.949] | 14M tok | ETA 1199.0h
Step   9030 | loss 6.0899 | lr 3.00e-04 | grad 3.25 | 0.9k tok/s | cert -6.66→-6.32 | ticks [0.000 0.000 0.000 0.000 0.000 0.000 0.000 5.388] | 14M tok | ETA 1199.0h
Step   9040 | loss 6.1693 | lr 3.00e-04 | grad 2.39 | 0.9k tok/s | cert -6.98→-6.53 | ticks [0.000 0.000 0.000 0.000 0.000 0.000 0.000 6.114] | 14M tok | ETA 1199.0h
Step   9050 | loss 6.1929 | lr 3.00e-04 | grad 2.22 | 0.9k tok/s | cert -6.56→-6.35 | ticks [0.000 0.000 0.000 0.000 0.000 0.000 0.000 6.420] | 14M tok | ETA 1199.0h
Step   9060 | loss 6.3481 | lr 3.00e-04 | grad 2.14 | 0.9k tok/s | cert -7.00→-6.69 | ticks [0.000 0.000 0.000 0.000 0.000 0.000 0.000 6.364] | 14M tok | ETA 1199.0h
Step   9070 | loss 6.2795 | lr 3.00e-04 | grad 3.69 | 0.8k tok/s | cert -7.24→-6.94 | ticks [0.000 0.000 0.000 0.000 0.000 0.000 0.000 6.219] | 14M tok | ETA 1199.0h
Step   9080 | loss 6.2977 | lr 3.00e-04 | grad 2.72 | 0.8k tok/s | cert -6.11→-5.76 | ticks [0.000 0.000 0.000 0.000 0.000 0.000 0.000 5.872] | 14M tok | ETA 1199.1h
Step   9090 | loss 6.4425 | lr 3.00e-04 | grad 2.98 | 0.8k tok/s | cert -6.43→-6.05 | ticks [0.000 0.000 0.000 0.000 0.000 0.000 0.000 6.423] | 14M tok | ETA 1199.1h
Step   9100 | loss 6.3541 | lr 3.00e-04 | grad 2.67 | 0.9k tok/s | cert -7.29→-6.85 | ticks [0.000 0.000 0.000 0.000 0.000 0.000 0.000 6.364] | 14M tok | ETA 1199.1h
Step   9110 | loss 6.1115 | lr 3.00e-04 | grad 1.91 | 0.9k tok/s | cert -7.53→-6.74 | ticks [0.000 0.000 0.000 0.000 0.000 0.000 0.000 6.481] | 14M tok | ETA 1199.1h
Step   9120 | loss 6.1572 | lr 3.00e-04 | grad 1.52 | 0.9k tok/s | cert -6.60→-6.50 | ticks [0.000 0.000 0.000 0.000 0.000 0.000 0.000 6.227] | 14M tok | ETA 1199.1h
Step   9130 | loss 6.4426 | lr 3.00e-04 | grad 3.97 | 0.9k tok/s | cert -6.27→-6.15 | ticks [0.000 0.000 0.000 0.000 0.000 0.000 0.000 6.723] | 14M tok | ETA 1199.1h
Step   9140 | loss 6.1376 | lr 3.00e-04 | grad 1.84 | 0.9k tok/s | cert -6.46→-6.03 | ticks [0.000 0.000 0.000 0.000 0.000 0.000 0.000 5.812] | 14M tok | ETA 1199.1h
Step   9150 | loss 6.0082 | lr 3.00e-04 | grad 2.20 | 0.9k tok/s | cert -7.37→-6.81 | ticks [0.000 0.000 0.000 0.000 0.000 0.000 0.000 6.065] | 14M tok | ETA 1199.1h
Step   9160 | loss 6.2378 | lr 3.00e-04 | grad 2.28 | 0.9k tok/s | cert -6.71→-6.50 | ticks [0.000 0.000 0.000 0.000 0.000 0.000 0.000 6.191] | 14M tok | ETA 1199.1h
Step   9170 | loss 6.1734 | lr 3.00e-04 | grad 1.85 | 0.9k tok/s | cert -6.54→-6.00 | ticks [0.000 0.000 0.000 0.000 0.000 0.000 0.000 5.747] | 14M tok | ETA 1199.1h
Step   9180 | loss 6.4390 | lr 3.00e-04 | grad 1.61 | 0.9k tok/s | cert -6.79→-6.69 | ticks [0.000 0.000 0.000 0.000 0.000 0.000 0.000 6.391] | 14M tok | ETA 1199.1h
Step   9190 | loss 6.2997 | lr 3.00e-04 | grad 3.17 | 0.8k tok/s | cert -6.86→-6.82 | ticks [0.000 0.000 0.000 0.000 0.000 0.000 0.000 6.120] | 14M tok | ETA 1199.1h
Step   9200 | loss 6.4382 | lr 3.00e-04 | grad 2.34 | 0.8k tok/s | cert -6.40→-6.08 | ticks [0.000 0.000 0.000 0.000 0.000 0.000 0.000 6.407] | 14M tok | ETA 1199.1h
Step   9210 | loss 6.1450 | lr 3.00e-04 | grad 1.54 | 0.8k tok/s | cert -6.31→-6.14 | ticks [0.000 0.000 0.000 0.000 0.000 0.000 0.000 5.985] | 14M tok | ETA 1199.1h
Step   9220 | loss 6.3536 | lr 3.00e-04 | grad 3.08 | 0.9k tok/s | cert -6.77→-6.54 | ticks [0.000 0.000 0.000 0.000 0.000 0.000 0.000 5.816] | 14M tok | ETA 1199.2h
Step   9230 | loss 6.0667 | lr 3.00e-04 | grad 1.47 | 0.9k tok/s | cert -6.55→-6.18 | ticks [0.000 0.000 0.000 0.000 0.000 0.000 0.000 6.050] | 14M tok | ETA 1199.2h
Step   9240 | loss 6.1800 | lr 3.00e-04 | grad 2.27 | 0.9k tok/s | cert -6.06→-5.95 | ticks [0.000 0.000 0.000 0.000 0.000 0.000 0.000 6.260] | 14M tok | ETA 1199.2h
Step   9250 | loss 6.2056 | lr 3.00e-04 | grad 1.59 | 0.9k tok/s | cert -6.43→-6.13 | ticks [0.000 0.000 0.000 0.000 0.000 0.000 0.000 6.039] | 14M tok | ETA 1199.2h
Step   9260 | loss 6.2698 | lr 3.00e-04 | grad 2.08 | 0.9k tok/s | cert -7.12→-6.57 | ticks [0.000 0.000 0.000 0.000 0.000 0.000 0.000 6.074] | 14M tok | ETA 1199.2h
Step   9270 | loss 6.5946 | lr 3.00e-04 | grad 2.05 | 0.9k tok/s | cert -7.04→-6.65 | ticks [0.000 0.000 0.000 0.000 0.000 0.000 0.000 6.672] | 14M tok | ETA 1199.2h
Step   9280 | loss 6.7474 | lr 3.00e-04 | grad 1.63 | 0.9k tok/s | cert -6.44→-5.90 | ticks [0.000 0.000 0.000 0.000 0.000 0.000 0.000 5.695] | 14M tok | ETA 1199.2h
Step   9290 | loss 6.4213 | lr 3.00e-04 | grad 1.86 | 0.9k tok/s | cert -7.26→-6.94 | ticks [0.000 0.000 0.000 0.000 0.000 0.000 0.000 6.496] | 14M tok | ETA 1199.2h
Step   9300 | loss 6.4090 | lr 3.00e-04 | grad 2.73 | 0.9k tok/s | cert -7.60→-6.94 | ticks [0.000 0.000 0.000 0.000 0.000 0.000 0.000 6.128] | 14M tok | ETA 1199.2h
Step   9310 | loss 6.2260 | lr 3.00e-04 | grad 2.80 | 0.9k tok/s | cert -6.38→-6.16 | ticks [0.000 0.000 0.000 0.000 0.000 0.000 0.000 6.378] | 14M tok | ETA 1199.2h
Step   9320 | loss 6.3450 | lr 3.00e-04 | grad 2.48 | 0.9k tok/s | cert -6.18→-6.10 | ticks [0.000 0.000 0.000 0.000 0.000 0.000 0.000 6.222] | 14M tok | ETA 1199.1h
Step   9330 | loss 6.2781 | lr 3.00e-04 | grad 1.77 | 0.9k tok/s | cert -6.70→-6.52 | ticks [0.000 0.000 0.000 0.000 0.000 0.000 0.000 6.256] | 14M tok | ETA 1199.1h
Step   9340 | loss 6.4493 | lr 3.00e-04 | grad 3.27 | 0.9k tok/s | cert -7.25→-6.99 | ticks [0.000 0.000 0.000 0.000 0.000 0.000 0.000 6.360] | 14M tok | ETA 1199.1h
Step   9350 | loss 6.4941 | lr 3.00e-04 | grad 1.79 | 0.9k tok/s | cert -6.95→-6.55 | ticks [0.000 0.000 0.000 0.000 0.000 0.000 0.000 6.430] | 14M tok | ETA 1199.1h
Step   9360 | loss 6.2284 | lr 3.00e-04 | grad 4.94 | 0.9k tok/s | cert -5.73→-5.76 | ticks [0.000 0.000 0.000 0.000 0.000 0.000 0.000 6.433] | 14M tok | ETA 1199.1h
Step   9370 | loss 6.5501 | lr 3.00e-04 | grad 2.83 | 0.9k tok/s | cert -6.84→-6.40 | ticks [0.000 0.000 0.000 0.000 0.000 0.000 0.000 6.345] | 14M tok | ETA 1199.1h
Step   9380 | loss 6.4493 | lr 3.00e-04 | grad 2.33 | 0.9k tok/s | cert -7.61→-7.17 | ticks [0.000 0.000 0.000 0.000 0.000 0.000 0.000 6.270] | 14M tok | ETA 1199.1h
Step   9390 | loss 6.7065 | lr 3.00e-04 | grad 3.09 | 0.9k tok/s | cert -7.97→-7.72 | ticks [0.000 0.000 0.000 0.000 0.000 0.000 0.000 7.259] | 14M tok | ETA 1199.1h
Step   9400 | loss 6.3921 | lr 3.00e-04 | grad 2.59 | 0.9k tok/s | cert -7.06→-6.49 | ticks [0.000 0.000 0.000 0.000 0.000 0.000 0.000 6.643] | 14M tok | ETA 1199.1h
Step   9410 | loss 6.1992 | lr 3.00e-04 | grad 4.28 | 0.9k tok/s | cert -6.63→-5.94 | ticks [0.000 0.000 0.000 0.000 0.000 0.000 0.000 6.454] | 14M tok | ETA 1199.1h
Step   9420 | loss 6.3230 | lr 3.00e-04 | grad 1.56 | 0.9k tok/s | cert -6.82→-6.24 | ticks [0.000 0.000 0.000 0.000 0.000 0.000 0.000 6.290] | 14M tok | ETA 1199.1h
Step   9430 | loss 5.9658 | lr 3.00e-04 | grad 2.58 | 0.9k tok/s | cert -6.26→-5.68 | ticks [0.000 0.000 0.000 0.000 0.000 0.000 0.000 5.051] | 14M tok | ETA 1199.1h
Step   9440 | loss 5.9819 | lr 3.00e-04 | grad 1.96 | 0.9k tok/s | cert -6.93→-6.56 | ticks [0.000 0.000 0.000 0.000 0.000 0.000 0.000 6.100] | 15M tok | ETA 1199.1h
Step   9450 | loss 6.1801 | lr 3.00e-04 | grad 2.67 | 0.9k tok/s | cert -6.06→-5.75 | ticks [0.000 0.000 0.000 0.000 0.000 0.000 0.000 6.136] | 15M tok | ETA 1199.1h
Step   9460 | loss 6.0514 | lr 3.00e-04 | grad 1.62 | 0.8k tok/s | cert -6.24→-5.90 | ticks [0.000 0.000 0.000 0.000 0.000 0.000 0.000 6.129] | 15M tok | ETA 1199.1h
Step   9470 | loss 6.0505 | lr 3.00e-04 | grad 1.77 | 0.8k tok/s | cert -7.23→-6.76 | ticks [0.000 0.000 0.000 0.000 0.000 0.000 0.000 6.529] | 15M tok | ETA 1199.1h
Step   9480 | loss 6.3561 | lr 3.00e-04 | grad 1.74 | 0.8k tok/s | cert -6.76→-6.38 | ticks [0.000 0.000 0.000 0.000 0.000 0.000 0.000 6.303] | 15M tok | ETA 1199.2h
Step   9490 | loss 6.1020 | lr 3.00e-04 | grad 3.17 | 0.8k tok/s | cert -6.59→-6.29 | ticks [0.000 0.000 0.000 0.000 0.000 0.000 0.000 6.825] | 15M tok | ETA 1199.2h
Step   9500 | loss 6.2812 | lr 3.00e-04 | grad 1.95 | 0.8k tok/s | cert -6.85→-6.45 | ticks [0.000 0.000 0.000 0.000 0.000 0.000 0.000 5.915] | 15M tok | ETA 1199.2h
Step   9510 | loss 6.3856 | lr 3.00e-04 | grad 1.99 | 0.8k tok/s | cert -7.71→-7.23 | ticks [0.000 0.000 0.000 0.000 0.000 0.000 0.000 6.667] | 15M tok | ETA 1199.2h
Step   9520 | loss 6.3782 | lr 3.00e-04 | grad 2.22 | 0.9k tok/s | cert -6.62→-6.37 | ticks [0.000 0.000 0.000 0.000 0.000 0.000 0.000 6.514] | 15M tok | ETA 1199.3h
Step   9530 | loss 6.3830 | lr 3.00e-04 | grad 1.90 | 0.9k tok/s | cert -7.19→-6.58 | ticks [0.000 0.000 0.000 0.000 0.000 0.000 0.000 6.624] | 15M tok | ETA 1199.3h
Step   9540 | loss 6.2470 | lr 3.00e-04 | grad 1.45 | 0.9k tok/s | cert -6.86→-6.47 | ticks [0.000 0.000 0.000 0.000 0.000 0.000 0.000 6.148] | 15M tok | ETA 1199.3h
Step   9550 | loss 6.2998 | lr 3.00e-04 | grad 2.72 | 0.9k tok/s | cert -6.76→-6.63 | ticks [0.000 0.000 0.000 0.000 0.000 0.000 0.000 5.873] | 15M tok | ETA 1199.3h
Step   9560 | loss 6.3232 | lr 3.00e-04 | grad 1.56 | 0.9k tok/s | cert -6.58→-6.05 | ticks [0.000 0.000 0.000 0.000 0.000 0.000 0.000 5.910] | 15M tok | ETA 1199.3h
Step   9570 | loss 6.1642 | lr 3.00e-04 | grad 2.23 | 0.9k tok/s | cert -6.51→-6.07 | ticks [0.000 0.000 0.000 0.000 0.000 0.000 0.000 6.165] | 15M tok | ETA 1199.3h
Step   9580 | loss 6.2586 | lr 3.00e-04 | grad 1.67 | 0.9k tok/s | cert -6.28→-6.09 | ticks [0.000 0.000 0.000 0.000 0.000 0.000 0.000 5.700] | 15M tok | ETA 1199.3h
Step   9590 | loss 6.1882 | lr 3.00e-04 | grad 4.62 | 0.9k tok/s | cert -7.67→-7.02 | ticks [0.000 0.000 0.000 0.000 0.000 0.000 0.000 5.876] | 15M tok | ETA 1199.3h
Step   9600 | loss 6.3726 | lr 3.00e-04 | grad 1.95 | 0.9k tok/s | cert -6.35→-6.01 | ticks [0.000 0.000 0.000 0.000 0.000 0.000 0.000 5.852] | 15M tok | ETA 1199.3h
Step   9610 | loss 6.1699 | lr 3.00e-04 | grad 2.33 | 0.9k tok/s | cert -6.54→-6.34 | ticks [0.000 0.000 0.000 0.000 0.000 0.000 0.000 6.294] | 15M tok | ETA 1199.3h
Step   9620 | loss 6.1803 | lr 3.00e-04 | grad 1.38 | 0.9k tok/s | cert -7.15→-6.66 | ticks [0.000 0.000 0.000 0.000 0.000 0.000 0.000 6.298] | 15M tok | ETA 1199.3h
Step   9630 | loss 6.2992 | lr 3.00e-04 | grad 3.75 | 0.9k tok/s | cert -7.14→-6.95 | ticks [0.000 0.000 0.000 0.000 0.000 0.000 0.000 5.947] | 15M tok | ETA 1199.3h
Step   9640 | loss 6.2955 | lr 3.00e-04 | grad 2.64 | 0.9k tok/s | cert -7.29→-6.82 | ticks [0.000 0.000 0.000 0.000 0.000 0.000 0.000 6.239] | 15M tok | ETA 1199.3h
Step   9650 | loss 6.3496 | lr 3.00e-04 | grad 2.78 | 0.9k tok/s | cert -6.30→-6.00 | ticks [0.000 0.000 0.000 0.000 0.000 0.000 0.000 6.076] | 15M tok | ETA 1199.3h
Step   9660 | loss 6.2643 | lr 3.00e-04 | grad 2.14 | 0.9k tok/s | cert -6.12→-5.86 | ticks [0.000 0.000 0.000 0.000 0.000 0.000 0.000 6.080] | 15M tok | ETA 1199.4h
Step   9670 | loss 6.2703 | lr 3.00e-04 | grad 2.33 | 0.9k tok/s | cert -7.11→-6.97 | ticks [0.000 0.000 0.000 0.000 0.000 0.000 0.000 6.564] | 15M tok | ETA 1199.4h
Step   9680 | loss 6.3015 | lr 3.00e-04 | grad 1.48 | 0.9k tok/s | cert -6.74→-6.41 | ticks [0.000 0.000 0.000 0.000 0.000 0.000 0.000 6.363] | 15M tok | ETA 1199.4h
Step   9690 | loss 6.2623 | lr 3.00e-04 | grad 2.67 | 0.9k tok/s | cert -6.33→-6.05 | ticks [0.000 0.000 0.000 0.000 0.000 0.000 0.000 6.348] | 15M tok | ETA 1199.4h
Step   9700 | loss 6.1173 | lr 3.00e-04 | grad 1.52 | 0.9k tok/s | cert -7.49→-6.55 | ticks [0.000 0.000 0.000 0.000 0.000 0.000 0.000 6.139] | 15M tok | ETA 1199.4h
Step   9710 | loss 6.3895 | lr 3.00e-04 | grad 2.30 | 0.9k tok/s | cert -7.25→-6.82 | ticks [0.000 0.000 0.000 0.000 0.000 0.000 0.000 6.593] | 15M tok | ETA 1199.4h
Step   9720 | loss 6.3552 | lr 3.00e-04 | grad 1.70 | 0.9k tok/s | cert -6.52→-6.18 | ticks [0.000 0.000 0.000 0.000 0.000 0.000 0.000 5.787] | 15M tok | ETA 1199.4h
Step   9730 | loss 6.1527 | lr 3.00e-04 | grad 1.73 | 0.9k tok/s | cert -6.60→-6.22 | ticks [0.000 0.000 0.000 0.000 0.000 0.000 0.000 6.009] | 15M tok | ETA 1199.4h
Step   9740 | loss 6.2928 | lr 3.00e-04 | grad 1.55 | 0.9k tok/s | cert -6.75→-6.44 | ticks [0.000 0.000 0.000 0.000 0.000 0.000 0.000 6.064] | 15M tok | ETA 1199.4h
Step   9750 | loss 6.1489 | lr 3.00e-04 | grad 4.47 | 0.8k tok/s | cert -7.21→-6.98 | ticks [0.000 0.000 0.000 0.000 0.000 0.000 0.000 6.010] | 15M tok | ETA 1199.4h
Step   9760 | loss 6.1166 | lr 3.00e-04 | grad 1.70 | 0.8k tok/s | cert -6.63→-6.32 | ticks [0.000 0.000 0.000 0.000 0.000 0.000 0.000 6.115] | 15M tok | ETA 1199.5h
Step   9770 | loss 6.1465 | lr 3.00e-04 | grad 1.89 | 0.8k tok/s | cert -6.02→-5.60 | ticks [0.000 0.000 0.000 0.000 0.000 0.000 0.000 5.449] | 15M tok | ETA 1199.5h
Step   9780 | loss 6.2722 | lr 3.00e-04 | grad 1.53 | 0.8k tok/s | cert -6.89→-6.28 | ticks [0.000 0.000 0.000 0.000 0.000 0.000 0.000 5.930] | 15M tok | ETA 1199.5h
Step   9790 | loss 6.2767 | lr 3.00e-04 | grad 2.94 | 0.8k tok/s | cert -6.81→-6.48 | ticks [0.000 0.000 0.000 0.000 0.000 0.000 0.000 5.689] | 15M tok | ETA 1199.6h
Step   9800 | loss 6.3142 | lr 3.00e-04 | grad 1.59 | 0.9k tok/s | cert -6.69→-6.43 | ticks [0.000 0.000 0.000 0.000 0.000 0.000 0.000 6.361] | 15M tok | ETA 1199.6h
Step   9810 | loss 6.3375 | lr 3.00e-04 | grad 2.27 | 0.9k tok/s | cert -6.34→-6.03 | ticks [0.000 0.000 0.000 0.000 0.000 0.000 0.000 5.992] | 15M tok | ETA 1199.6h
Step   9820 | loss 6.1355 | lr 3.00e-04 | grad 3.02 | 0.9k tok/s | cert -7.06→-6.47 | ticks [0.000 0.000 0.000 0.000 0.000 0.000 0.000 5.903] | 15M tok | ETA 1199.6h
Step   9830 | loss 6.1447 | lr 3.00e-04 | grad 1.54 | 0.9k tok/s | cert -7.16→-6.76 | ticks [0.000 0.000 0.000 0.000 0.000 0.000 0.000 6.425] | 15M tok | ETA 1199.6h
Step   9840 | loss 6.4688 | lr 3.00e-04 | grad 1.58 | 0.9k tok/s | cert -6.54→-6.53 | ticks [0.000 0.000 0.000 0.000 0.000 0.000 0.000 6.360] | 15M tok | ETA 1199.6h
Step   9850 | loss 6.1835 | lr 3.00e-04 | grad 1.71 | 0.9k tok/s | cert -6.70→-6.01 | ticks [0.000 0.000 0.000 0.000 0.000 0.000 0.000 5.876] | 15M tok | ETA 1199.6h
Step   9860 | loss 6.2292 | lr 3.00e-04 | grad 2.23 | 0.9k tok/s | cert -6.98→-6.60 | ticks [0.000 0.000 0.000 0.000 0.000 0.000 0.000 6.074] | 15M tok | ETA 1199.6h
Step   9870 | loss 6.2393 | lr 3.00e-04 | grad 2.33 | 0.9k tok/s | cert -6.56→-6.38 | ticks [0.000 0.000 0.000 0.000 0.000 0.000 0.000 6.412] | 15M tok | ETA 1199.6h
Step   9880 | loss 6.3222 | lr 3.00e-04 | grad 2.16 | 0.8k tok/s | cert -6.31→-5.93 | ticks [0.000 0.000 0.000 0.000 0.000 0.000 0.000 6.089] | 15M tok | ETA 1199.6h
Step   9890 | loss 6.3537 | lr 3.00e-04 | grad 2.06 | 0.8k tok/s | cert -6.86→-6.43 | ticks [0.000 0.000 0.000 0.000 0.000 0.000 0.000 6.457] | 15M tok | ETA 1199.7h
Step   9900 | loss 6.2897 | lr 3.00e-04 | grad 3.56 | 0.8k tok/s | cert -7.71→-7.36 | ticks [0.000 0.000 0.000 0.000 0.000 0.000 0.000 6.636] | 15M tok | ETA 1199.7h
Step   9910 | loss 6.3354 | lr 3.00e-04 | grad 1.60 | 0.9k tok/s | cert -6.74→-6.12 | ticks [0.000 0.000 0.000 0.000 0.000 0.000 0.000 6.215] | 15M tok | ETA 1199.8h
Step   9920 | loss 6.2342 | lr 3.00e-04 | grad 3.34 | 0.9k tok/s | cert -6.10→-5.79 | ticks [0.000 0.000 0.000 0.000 0.000 0.000 0.000 6.120] | 15M tok | ETA 1199.8h
Step   9930 | loss 6.2141 | lr 3.00e-04 | grad 3.23 | 0.9k tok/s | cert -6.24→-5.93 | ticks [0.000 0.000 0.000 0.000 0.000 0.000 0.000 6.083] | 15M tok | ETA 1199.7h
Step   9940 | loss 6.2965 | lr 3.00e-04 | grad 3.03 | 0.9k tok/s | cert -7.56→-6.86 | ticks [0.000 0.000 0.000 0.000 0.000 0.000 0.000 6.121] | 15M tok | ETA 1199.7h
Step   9950 | loss 6.0800 | lr 3.00e-04 | grad 2.28 | 0.9k tok/s | cert -7.37→-6.95 | ticks [0.000 0.000 0.000 0.000 0.000 0.000 0.000 6.493] | 15M tok | ETA 1199.7h
Step   9960 | loss 6.3053 | lr 3.00e-04 | grad 1.80 | 0.9k tok/s | cert -7.37→-6.87 | ticks [0.000 0.000 0.000 0.000 0.000 0.000 0.000 6.771] | 15M tok | ETA 1199.7h
Step   9970 | loss 6.2876 | lr 3.00e-04 | grad 2.84 | 0.9k tok/s | cert -6.24→-6.06 | ticks [0.000 0.000 0.000 0.000 0.000 0.000 0.000 6.313] | 15M tok | ETA 1199.7h
Step   9980 | loss 6.1611 | lr 3.00e-04 | grad 2.16 | 0.9k tok/s | cert -6.93→-6.72 | ticks [0.000 0.000 0.000 0.000 0.000 0.000 0.000 6.113] | 15M tok | ETA 1199.7h
Step   9990 | loss 6.1581 | lr 3.00e-04 | grad 1.64 | 0.9k tok/s | cert -6.20→-6.20 | ticks [0.000 0.000 0.000 0.000 0.000 0.000 0.000 5.873] | 15M tok | ETA 1199.7h
Step  10000 | loss 6.2262 | lr 3.00e-04 | grad 2.69 | 0.9k tok/s | cert -6.60→-6.36 | ticks [0.000 0.000 0.000 0.000 0.000 0.000 0.000 6.617] | 15M tok | ETA 1199.7h

  >>> Eval loss: 6.8632 (best: 6.9641)
  >>> Saved best checkpoint at step 10000
  >>> Sample: 'The most important thing to understand about science is' → ' a more information about the first time, and then that there's not just as the most likely as the first thing that it would take a number, it's most of how these are going to be there's and it is that they want'

Step  10010 | loss 6.2766 | lr 3.00e-04 | grad 1.66 | 0.9k tok/s | cert -6.69→-6.62 | ticks [0.000 0.000 0.000 0.000 0.000 0.000 0.000 6.309] | 15M tok | ETA 1205.6h
Step  10020 | loss 6.0976 | lr 3.00e-04 | grad 2.56 | 0.9k tok/s | cert -6.75→-6.57 | ticks [0.000 0.000 0.000 0.000 0.000 0.000 0.000 5.852] | 15M tok | ETA 1205.6h
Step  10030 | loss 6.1980 | lr 3.00e-04 | grad 1.92 | 0.9k tok/s | cert -6.54→-6.39 | ticks [0.000 0.000 0.000 0.000 0.000 0.000 0.000 6.133] | 15M tok | ETA 1205.6h
Step  10040 | loss 6.3221 | lr 3.00e-04 | grad 4.00 | 0.9k tok/s | cert -6.45→-6.49 | ticks [0.000 0.000 0.000 0.000 0.000 0.000 0.000 6.864] | 15M tok | ETA 1205.6h
Step  10050 | loss 6.2731 | lr 3.00e-04 | grad 4.19 | 0.8k tok/s | cert -6.99→-6.87 | ticks [0.000 0.000 0.000 0.000 0.000 0.000 0.000 5.959] | 15M tok | ETA 1205.7h
Step  10060 | loss 6.2084 | lr 3.00e-04 | grad 1.34 | 0.8k tok/s | cert -6.41→-5.89 | ticks [0.000 0.000 0.000 0.000 0.000 0.000 0.000 5.695] | 15M tok | ETA 1205.7h
Step  10070 | loss 6.3201 | lr 3.00e-04 | grad 3.06 | 0.8k tok/s | cert -6.00→-5.77 | ticks [0.000 0.000 0.000 0.000 0.000 0.000 0.000 6.100] | 15M tok | ETA 1205.8h
Step  10080 | loss 6.3055 | lr 3.00e-04 | grad 2.53 | 0.8k tok/s | cert -6.05→-5.92 | ticks [0.000 0.000 0.000 0.000 0.000 0.000 0.000 6.068] | 15M tok | ETA 1205.8h
Step  10090 | loss 6.2414 | lr 3.00e-04 | grad 2.12 | 0.9k tok/s | cert -7.33→-6.95 | ticks [0.000 0.000 0.000 0.000 0.000 0.000 0.000 6.539] | 15M tok | ETA 1205.8h
Step  10100 | loss 6.3963 | lr 3.00e-04 | grad 8.31 | 0.9k tok/s | cert -7.80→-7.95 | ticks [0.000 0.000 0.000 0.000 0.000 0.000 0.000 6.318] | 16M tok | ETA 1205.8h
Step  10110 | loss 6.3681 | lr 3.00e-04 | grad 1.91 | 0.9k tok/s | cert -6.75→-6.46 | ticks [0.000 0.000 0.000 0.000 0.000 0.000 0.000 6.067] | 16M tok | ETA 1205.8h
Step  10120 | loss 6.4389 | lr 3.00e-04 | grad 4.25 | 0.9k tok/s | cert -6.21→-5.95 | ticks [0.000 0.000 0.000 0.000 0.000 0.000 0.000 6.371] | 16M tok | ETA 1205.8h
Step  10130 | loss 6.1216 | lr 3.00e-04 | grad 1.55 | 0.9k tok/s | cert -6.12→-5.96 | ticks [0.000 0.000 0.000 0.000 0.000 0.000 0.000 5.872] | 16M tok | ETA 1205.8h
Step  10140 | loss 6.1394 | lr 3.00e-04 | grad 1.67 | 0.9k tok/s | cert -6.76→-6.55 | ticks [0.000 0.000 0.000 0.000 0.000 0.000 0.000 6.187] | 16M tok | ETA 1205.7h
Step  10150 | loss 6.2181 | lr 3.00e-04 | grad 1.81 | 0.9k tok/s | cert -6.63→-6.44 | ticks [0.000 0.000 0.000 0.000 0.000 0.000 0.000 6.003] | 16M tok | ETA 1205.7h
Step  10160 | loss 6.3745 | lr 3.00e-04 | grad 2.38 | 0.8k tok/s | cert -6.19→-6.12 | ticks [0.000 0.000 0.000 0.000 0.000 0.000 0.000 6.294] | 16M tok | ETA 1205.7h
Step  10170 | loss 6.3792 | lr 3.00e-04 | grad 1.73 | 0.8k tok/s | cert -6.53→-6.52 | ticks [0.000 0.000 0.000 0.000 0.000 0.000 0.000 6.437] | 16M tok | ETA 1205.8h
Step  10180 | loss 6.2330 | lr 3.00e-04 | grad 2.38 | 0.8k tok/s | cert -6.98→-6.78 | ticks [0.000 0.000 0.000 0.000 0.000 0.000 0.000 6.394] | 16M tok | ETA 1205.8h
Step  10190 | loss 6.1491 | lr 3.00e-04 | grad 1.65 | 0.8k tok/s | cert -6.30→-6.11 | ticks [0.000 0.000 0.000 0.000 0.000 0.000 0.000 5.581] | 16M tok | ETA 1205.8h
Step  10200 | loss 6.2789 | lr 3.00e-04 | grad 3.25 | 0.8k tok/s | cert -6.67→-6.18 | ticks [0.000 0.000 0.000 0.000 0.000 0.000 0.000 6.240] | 16M tok | ETA 1205.8h
Step  10210 | loss 6.3319 | lr 3.00e-04 | grad 2.14 | 0.8k tok/s | cert -6.96→-6.85 | ticks [0.000 0.000 0.000 0.000 0.000 0.000 0.000 6.378] | 16M tok | ETA 1205.8h
Step  10220 | loss 6.3044 | lr 3.00e-04 | grad 3.05 | 0.8k tok/s | cert -7.39→-7.08 | ticks [0.000 0.000 0.000 0.000 0.000 0.000 0.000 6.446] | 16M tok | ETA 1205.8h
Step  10230 | loss 6.0861 | lr 3.00e-04 | grad 2.44 | 0.8k tok/s | cert -7.04→-6.78 | ticks [0.000 0.000 0.000 0.000 0.000 0.000 0.000 6.300] | 16M tok | ETA 1205.9h
Step  10240 | loss 6.3596 | lr 3.00e-04 | grad 2.95 | 0.8k tok/s | cert -6.83→-6.12 | ticks [0.000 0.000 0.000 0.000 0.000 0.000 0.000 6.338] | 16M tok | ETA 1205.9h
Step  10250 | loss 6.2761 | lr 3.00e-04 | grad 2.61 | 0.8k tok/s | cert -7.03→-6.61 | ticks [0.000 0.000 0.000 0.000 0.000 0.000 0.000 6.032] | 16M tok | ETA 1205.9h
Step  10260 | loss 6.3584 | lr 3.00e-04 | grad 3.36 | 0.8k tok/s | cert -7.43→-6.91 | ticks [0.000 0.000 0.000 0.000 0.000 0.000 0.000 6.025] | 16M tok | ETA 1205.9h
Step  10270 | loss 6.2877 | lr 3.00e-04 | grad 1.38 | 0.9k tok/s | cert -6.55→-6.39 | ticks [0.000 0.000 0.000 0.000 0.000 0.000 0.000 6.282] | 16M tok | ETA 1205.9h
Step  10280 | loss 6.1639 | lr 3.00e-04 | grad 2.45 | 0.9k tok/s | cert -6.49→-6.35 | ticks [0.000 0.000 0.000 0.000 0.000 0.000 0.000 6.248] | 16M tok | ETA 1205.9h
Step  10290 | loss 6.3362 | lr 3.00e-04 | grad 1.91 | 0.9k tok/s | cert -6.60→-6.51 | ticks [0.000 0.000 0.000 0.000 0.000 0.000 0.000 6.482] | 16M tok | ETA 1205.9h
Step  10300 | loss 6.2924 | lr 3.00e-04 | grad 2.98 | 0.9k tok/s | cert -7.44→-7.15 | ticks [0.000 0.000 0.000 0.000 0.000 0.000 0.000 6.510] | 16M tok | ETA 1205.9h
Step  10310 | loss 6.2499 | lr 3.00e-04 | grad 1.58 | 0.9k tok/s | cert -6.64→-6.64 | ticks [0.000 0.000 0.000 0.000 0.000 0.000 0.000 6.293] | 16M tok | ETA 1205.9h
Step  10320 | loss 6.0912 | lr 3.00e-04 | grad 1.99 | 0.9k tok/s | cert -6.17→-6.05 | ticks [0.000 0.000 0.000 0.000 0.000 0.000 0.000 6.309] | 16M tok | ETA 1205.9h
Step  10330 | loss 6.1259 | lr 3.00e-04 | grad 1.55 | 0.9k tok/s | cert -6.39→-6.29 | ticks [0.000 0.000 0.000 0.000 0.000 0.000 0.000 6.151] | 16M tok | ETA 1205.9h
Step  10340 | loss 6.1430 | lr 3.00e-04 | grad 2.48 | 0.9k tok/s | cert -7.18→-6.76 | ticks [0.000 0.000 0.000 0.000 0.000 0.000 0.000 6.138] | 16M tok | ETA 1205.9h
Step  10350 | loss 6.1422 | lr 3.00e-04 | grad 2.19 | 0.9k tok/s | cert -6.62→-6.26 | ticks [0.000 0.000 0.000 0.000 0.000 0.000 0.000 5.565] | 16M tok | ETA 1205.9h
Step  10360 | loss 6.0749 | lr 3.00e-04 | grad 3.27 | 0.9k tok/s | cert -6.44→-5.96 | ticks [0.000 0.000 0.000 0.000 0.000 0.000 0.000 6.193] | 16M tok | ETA 1206.0h
Step  10370 | loss 6.2206 | lr 3.00e-04 | grad 2.53 | 0.9k tok/s | cert -6.00→-5.93 | ticks [0.000 0.000 0.000 0.000 0.000 0.000 0.000 6.080] | 16M tok | ETA 1206.0h
Step  10380 | loss 6.1767 | lr 3.00e-04 | grad 2.27 | 0.9k tok/s | cert -7.47→-6.92 | ticks [0.000 0.000 0.000 0.000 0.000 0.000 0.000 6.314] | 16M tok | ETA 1206.0h
Step  10390 | loss 6.2691 | lr 3.00e-04 | grad 1.81 | 0.9k tok/s | cert -7.51→-7.07 | ticks [0.000 0.000 0.000 0.000 0.000 0.000 0.000 6.595] | 16M tok | ETA 1206.0h
Step  10400 | loss 6.1374 | lr 3.00e-04 | grad 1.52 | 0.9k tok/s | cert -6.49→-6.10 | ticks [0.000 0.000 0.000 0.000 0.000 0.000 0.000 6.028] | 16M tok | ETA 1206.0h
Step  10410 | loss 6.3546 | lr 3.00e-04 | grad 1.75 | 0.9k tok/s | cert -6.48→-6.10 | ticks [0.000 0.000 0.000 0.000 0.000 0.000 0.000 5.992] | 16M tok | ETA 1206.0h
Step  10420 | loss 6.2324 | lr 3.00e-04 | grad 2.50 | 0.9k tok/s | cert -6.63→-6.58 | ticks [0.000 0.000 0.000 0.000 0.000 0.000 0.000 6.035] | 16M tok | ETA 1206.0h
Step  10430 | loss 6.0492 | lr 3.00e-04 | grad 1.48 | 0.9k tok/s | cert -6.68→-6.08 | ticks [0.000 0.000 0.000 0.000 0.000 0.000 0.000 5.908] | 16M tok | ETA 1206.0h
Step  10440 | loss 6.2716 | lr 3.00e-04 | grad 2.28 | 0.9k tok/s | cert -6.61→-6.29 | ticks [0.000 0.000 0.000 0.000 0.000 0.000 0.000 6.308] | 16M tok | ETA 1206.0h
Step  10450 | loss 6.1415 | lr 3.00e-04 | grad 2.22 | 0.9k tok/s | cert -6.52→-6.35 | ticks [0.000 0.000 0.000 0.000 0.000 0.000 0.000 6.382] | 16M tok | ETA 1206.0h
Step  10460 | loss 6.2445 | lr 3.00e-04 | grad 2.84 | 0.9k tok/s | cert -7.24→-6.68 | ticks [0.000 0.000 0.000 0.000 0.000 0.000 0.000 6.005] | 16M tok | ETA 1206.0h
Step  10470 | loss 6.0198 | lr 3.00e-04 | grad 1.68 | 0.9k tok/s | cert -6.47→-6.08 | ticks [0.000 0.000 0.000 0.000 0.000 0.000 0.000 5.667] | 16M tok | ETA 1206.0h
Step  10480 | loss 6.2485 | lr 3.00e-04 | grad 1.83 | 0.8k tok/s | cert -6.09→-5.79 | ticks [0.000 0.000 0.000 0.000 0.000 0.000 0.000 5.654] | 16M tok | ETA 1206.1h
Step  10490 | loss 5.9793 | lr 3.00e-04 | grad 3.00 | 0.8k tok/s | cert -6.77→-6.39 | ticks [0.000 0.000 0.000 0.000 0.000 0.000 0.000 6.471] | 16M tok | ETA 1206.1h
Step  10500 | loss 6.2088 | lr 3.00e-04 | grad 1.45 | 0.8k tok/s | cert -6.94→-6.46 | ticks [0.000 0.000 0.000 0.000 0.000 0.000 0.000 6.289] | 16M tok | ETA 1206.1h
Step  10510 | loss 6.0982 | lr 3.00e-04 | grad 1.96 | 0.8k tok/s | cert -6.81→-6.23 | ticks [0.000 0.000 0.000 0.000 0.000 0.000 0.000 5.739] | 16M tok | ETA 1206.2h
Step  10520 | loss 6.1427 | lr 3.00e-04 | grad 3.42 | 0.8k tok/s | cert -6.45→-5.98 | ticks [0.000 0.000 0.000 0.000 0.000 0.000 0.000 6.307] | 16M tok | ETA 1206.2h
Step  10530 | loss 6.1503 | lr 3.00e-04 | grad 1.38 | 0.9k tok/s | cert -6.55→-5.96 | ticks [0.000 0.000 0.000 0.000 0.000 0.000 0.000 5.681] | 16M tok | ETA 1206.2h
Step  10540 | loss 6.2075 | lr 3.00e-04 | grad 2.33 | 0.9k tok/s | cert -6.68→-6.79 | ticks [0.000 0.000 0.000 0.000 0.000 0.000 0.000 6.210] | 16M tok | ETA 1206.2h
Step  10550 | loss 6.4276 | lr 3.00e-04 | grad 1.88 | 0.9k tok/s | cert -7.51→-7.04 | ticks [0.000 0.000 0.000 0.000 0.000 0.000 0.000 6.501] | 16M tok | ETA 1206.2h
Step  10560 | loss 6.4402 | lr 3.00e-04 | grad 1.54 | 0.9k tok/s | cert -7.14→-6.72 | ticks [0.000 0.000 0.000 0.000 0.000 0.000 0.000 6.508] | 16M tok | ETA 1206.2h
Step  10570 | loss 6.1803 | lr 3.00e-04 | grad 2.23 | 0.9k tok/s | cert -7.03→-6.66 | ticks [0.000 0.000 0.000 0.000 0.000 0.000 0.000 5.961] | 16M tok | ETA 1206.2h
Step  10580 | loss 6.2626 | lr 3.00e-04 | grad 1.70 | 0.9k tok/s | cert -6.60→-6.01 | ticks [0.000 0.000 0.000 0.000 0.000 0.000 0.000 6.003] | 16M tok | ETA 1206.2h
Step  10590 | loss 6.2114 | lr 3.00e-04 | grad 2.08 | 0.8k tok/s | cert -7.52→-7.19 | ticks [0.000 0.000 0.000 0.000 0.000 0.000 0.000 6.639] | 16M tok | ETA 1206.2h
Step  10600 | loss 6.2135 | lr 3.00e-04 | grad 3.89 | 0.8k tok/s | cert -7.19→-6.82 | ticks [0.000 0.000 0.000 0.000 0.000 0.000 0.000 5.738] | 16M tok | ETA 1206.3h
Step  10610 | loss 6.2808 | lr 3.00e-04 | grad 1.95 | 0.8k tok/s | cert -7.21→-6.76 | ticks [0.000 0.000 0.000 0.000 0.000 0.000 0.000 6.806] | 16M tok | ETA 1206.3h
Step  10620 | loss 6.2364 | lr 3.00e-04 | grad 1.38 | 0.8k tok/s | cert -6.08→-5.79 | ticks [0.000 0.000 0.000 0.000 0.000 0.000 0.000 5.808] | 16M tok | ETA 1206.3h
Step  10630 | loss 6.2471 | lr 3.00e-04 | grad 1.84 | 0.9k tok/s | cert -7.09→-6.51 | ticks [0.000 0.000 0.000 0.000 0.000 0.000 0.000 6.041] | 16M tok | ETA 1206.3h
Step  10640 | loss 6.2337 | lr 3.00e-04 | grad 1.86 | 0.9k tok/s | cert -6.70→-6.72 | ticks [0.000 0.000 0.000 0.000 0.000 0.000 0.000 6.360] | 16M tok | ETA 1206.3h
Step  10650 | loss 6.0861 | lr 3.00e-04 | grad 1.48 | 0.9k tok/s | cert -6.70→-6.31 | ticks [0.000 0.000 0.000 0.000 0.000 0.000 0.000 5.936] | 16M tok | ETA 1206.3h
Step  10660 | loss 6.2324 | lr 3.00e-04 | grad 1.69 | 0.9k tok/s | cert -6.61→-6.68 | ticks [0.000 0.000 0.000 0.000 0.000 0.000 0.000 6.570] | 16M tok | ETA 1206.3h
Step  10670 | loss 6.1894 | lr 3.00e-04 | grad 1.62 | 0.9k tok/s | cert -6.79→-6.34 | ticks [0.000 0.000 0.000 0.000 0.000 0.000 0.000 5.986] | 16M tok | ETA 1206.3h
Step  10680 | loss 6.1555 | lr 3.00e-04 | grad 1.59 | 0.9k tok/s | cert -6.49→-6.34 | ticks [0.000 0.000 0.000 0.000 0.000 0.000 0.000 6.302] | 16M tok | ETA 1206.4h
Step  10690 | loss 6.2575 | lr 3.00e-04 | grad 3.97 | 0.9k tok/s | cert -7.01→-6.85 | ticks [0.000 0.000 0.000 0.000 0.000 0.000 0.000 6.952] | 16M tok | ETA 1206.4h
Step  10700 | loss 6.7451 | lr 3.00e-04 | grad 4.97 | 0.9k tok/s | cert -7.45→-7.58 | ticks [0.000 0.000 0.000 0.000 0.000 0.000 0.000 7.580] | 16M tok | ETA 1206.4h
Step  10710 | loss 6.5251 | lr 3.00e-04 | grad 2.98 | 0.9k tok/s | cert -8.15→-8.14 | ticks [0.000 0.000 0.000 0.000 0.000 0.000 0.000 7.233] | 16M tok | ETA 1206.4h
Step  10720 | loss 6.1752 | lr 3.00e-04 | grad 2.16 | 0.9k tok/s | cert -6.32→-6.46 | ticks [0.000 0.000 0.000 0.000 0.000 0.000 0.000 5.889] | 16M tok | ETA 1206.4h
Step  10730 | loss 6.2630 | lr 3.00e-04 | grad 2.06 | 0.9k tok/s | cert -5.92→-5.89 | ticks [0.000 0.000 0.000 0.000 0.000 0.000 0.000 5.863] | 16M tok | ETA 1206.4h
Step  10740 | loss 6.4080 | lr 3.00e-04 | grad 2.22 | 0.9k tok/s | cert -6.23→-6.00 | ticks [0.000 0.000 0.000 0.000 0.000 0.000 0.000 6.102] | 16M tok | ETA 1206.4h
Step  10750 | loss 6.2733 | lr 3.00e-04 | grad 2.33 | 0.9k tok/s | cert -6.44→-6.54 | ticks [0.000 0.000 0.000 0.000 0.000 0.000 0.000 6.050] | 17M tok | ETA 1206.4h
Step  10760 | loss 6.2499 | lr 3.00e-04 | grad 5.78 | 0.9k tok/s | cert -7.86→-7.13 | ticks [0.000 0.000 0.000 0.000 0.000 0.000 0.000 6.289] | 17M tok | ETA 1206.4h
Step  10770 | loss 6.1465 | lr 3.00e-04 | grad 1.54 | 0.9k tok/s | cert -6.74→-6.22 | ticks [0.000 0.000 0.000 0.000 0.000 0.000 0.000 6.056] | 17M tok | ETA 1206.4h
Step  10780 | loss 6.1581 | lr 3.00e-04 | grad 2.03 | 0.9k tok/s | cert -6.34→-5.94 | ticks [0.000 0.000 0.000 0.000 0.000 0.000 0.000 5.846] | 17M tok | ETA 1206.4h
Step  10790 | loss 6.1427 | lr 3.00e-04 | grad 3.03 | 0.9k tok/s | cert -6.82→-6.55 | ticks [0.000 0.000 0.000 0.000 0.000 0.000 0.000 6.892] | 17M tok | ETA 1206.4h
Step  10800 | loss 6.2133 | lr 3.00e-04 | grad 5.09 | 0.9k tok/s | cert -7.84→-7.45 | ticks [0.000 0.000 0.000 0.000 0.000 0.000 0.000 6.239] | 17M tok | ETA 1206.4h
Step  10810 | loss 6.4217 | lr 3.00e-04 | grad 2.66 | 0.9k tok/s | cert -6.92→-7.16 | ticks [0.000 0.000 0.000 0.000 0.000 0.000 0.000 6.626] | 17M tok | ETA 1206.3h
Step  10820 | loss 6.4465 | lr 3.00e-04 | grad 3.03 | 0.9k tok/s | cert -6.28→-5.99 | ticks [0.000 0.000 0.000 0.000 0.000 0.000 0.000 6.242] | 17M tok | ETA 1206.3h
Step  10830 | loss 6.1878 | lr 3.00e-04 | grad 1.69 | 0.9k tok/s | cert -6.10→-6.14 | ticks [0.000 0.000 0.000 0.000 0.000 0.000 0.000 6.167] | 17M tok | ETA 1206.3h
Step  10840 | loss 6.2139 | lr 3.00e-04 | grad 1.46 | 0.9k tok/s | cert -6.91→-6.68 | ticks [0.000 0.000 0.000 0.000 0.000 0.000 0.000 6.184] | 17M tok | ETA 1206.2h
Step  10850 | loss 6.1495 | lr 3.00e-04 | grad 2.31 | 0.9k tok/s | cert -6.35→-6.42 | ticks [0.000 0.000 0.000 0.000 0.000 0.000 0.000 6.009] | 17M tok | ETA 1206.2h
Step  10860 | loss 6.2575 | lr 3.00e-04 | grad 1.47 | 0.9k tok/s | cert -6.25→-6.24 | ticks [0.000 0.000 0.000 0.000 0.000 0.000 0.000 6.025] | 17M tok | ETA 1206.2h
Step  10870 | loss 6.2985 | lr 3.00e-04 | grad 1.52 | 0.9k tok/s | cert -6.11→-6.34 | ticks [0.000 0.000 0.000 0.000 0.000 0.000 0.000 6.137] | 17M tok | ETA 1206.2h
Step  10880 | loss 6.3634 | lr 3.00e-04 | grad 2.30 | 0.9k tok/s | cert -7.10→-6.98 | ticks [0.000 0.000 0.000 0.000 0.000 0.000 0.000 6.346] | 17M tok | ETA 1206.1h
Step  10890 | loss 6.3115 | lr 3.00e-04 | grad 2.30 | 0.9k tok/s | cert -6.85→-6.73 | ticks [0.000 0.000 0.000 0.000 0.000 0.000 0.000 6.651] | 17M tok | ETA 1206.1h
Step  10900 | loss 6.0301 | lr 3.00e-04 | grad 1.34 | 0.9k tok/s | cert -6.13→-5.88 | ticks [0.000 0.000 0.000 0.000 0.000 0.000 0.000 5.693] | 17M tok | ETA 1206.1h
Step  10910 | loss 6.1669 | lr 3.00e-04 | grad 2.84 | 0.9k tok/s | cert -6.58→-6.36 | ticks [0.000 0.000 0.000 0.000 0.000 0.000 0.000 6.513] | 17M tok | ETA 1206.0h
Step  10920 | loss 6.1481 | lr 3.00e-04 | grad 2.34 | 0.9k tok/s | cert -6.44→-6.33 | ticks [0.000 0.000 0.000 0.000 0.000 0.000 0.000 5.738] | 17M tok | ETA 1206.0h
Step  10930 | loss 6.1074 | lr 3.00e-04 | grad 3.59 | 0.9k tok/s | cert -6.92→-6.52 | ticks [0.000 0.000 0.000 0.000 0.000 0.000 0.000 6.772] | 17M tok | ETA 1206.0h
Step  10940 | loss 6.0865 | lr 3.00e-04 | grad 1.63 | 0.9k tok/s | cert -5.99→-5.72 | ticks [0.000 0.000 0.000 0.000 0.000 0.000 0.000 5.652] | 17M tok | ETA 1205.9h
Step  10950 | loss 6.0887 | lr 3.00e-04 | grad 1.71 | 0.9k tok/s | cert -7.21→-6.66 | ticks [0.000 0.000 0.000 0.000 0.000 0.000 0.000 6.122] | 17M tok | ETA 1205.9h
Step  10960 | loss 6.3108 | lr 3.00e-04 | grad 4.62 | 0.9k tok/s | cert -7.56→-7.33 | ticks [0.000 0.000 0.000 0.000 0.000 0.000 0.000 6.627] | 17M tok | ETA 1205.8h
Step  10970 | loss 6.1689 | lr 3.00e-04 | grad 2.27 | 0.9k tok/s | cert -7.02→-6.60 | ticks [0.000 0.000 0.000 0.000 0.000 0.000 0.000 6.290] | 17M tok | ETA 1205.8h
Step  10980 | loss 5.9751 | lr 3.00e-04 | grad 1.74 | 0.9k tok/s | cert -6.29→-5.78 | ticks [0.000 0.000 0.000 0.000 0.000 0.000 0.000 5.506] | 17M tok | ETA 1205.8h
Step  10990 | loss 6.4105 | lr 3.00e-04 | grad 2.61 | 0.9k tok/s | cert -6.30→-6.12 | ticks [0.000 0.000 0.000 0.000 0.000 0.000 0.000 6.298] | 17M tok | ETA 1205.7h
Step  11000 | loss 6.1855 | lr 3.00e-04 | grad 2.17 | 0.9k tok/s | cert -6.79→-6.26 | ticks [0.000 0.000 0.000 0.000 0.000 0.000 0.000 6.247] | 17M tok | ETA 1205.7h
Step  11010 | loss 5.9090 | lr 3.00e-04 | grad 2.19 | 0.9k tok/s | cert -6.74→-6.26 | ticks [0.000 0.000 0.000 0.000 0.000 0.000 0.000 5.604] | 17M tok | ETA 1205.6h
Step  11020 | loss 6.1516 | lr 3.00e-04 | grad 1.42 | 0.9k tok/s | cert -6.60→-6.24 | ticks [0.000 0.000 0.000 0.000 0.000 0.000 0.000 5.981] | 17M tok | ETA 1205.6h
Step  11030 | loss 6.0866 | lr 3.00e-04 | grad 3.62 | 0.9k tok/s | cert -6.14→-5.94 | ticks [0.000 0.000 0.000 0.000 0.000 0.000 0.000 6.181] | 17M tok | ETA 1205.5h
Step  11040 | loss 6.2003 | lr 3.00e-04 | grad 2.11 | 0.9k tok/s | cert -6.14→-6.10 | ticks [0.000 0.000 0.000 0.000 0.000 0.000 0.000 6.075] | 17M tok | ETA 1205.5h
Step  11050 | loss 6.2557 | lr 3.00e-04 | grad 1.81 | 0.9k tok/s | cert -6.97→-6.61 | ticks [0.000 0.000 0.000 0.000 0.000 0.000 0.000 6.266] | 17M tok | ETA 1205.5h
Step  11060 | loss 6.2621 | lr 3.00e-04 | grad 2.30 | 0.9k tok/s | cert -7.21→-7.02 | ticks [0.000 0.000 0.000 0.000 0.000 0.000 0.000 6.587] | 17M tok | ETA 1205.4h
Step  11070 | loss 6.1826 | lr 3.00e-04 | grad 2.69 | 0.9k tok/s | cert -7.11→-6.51 | ticks [0.000 0.000 0.000 0.000 0.000 0.000 0.000 5.797] | 17M tok | ETA 1205.4h
Step  11080 | loss 6.2387 | lr 3.00e-04 | grad 2.08 | 0.9k tok/s | cert -6.61→-6.19 | ticks [0.000 0.000 0.000 0.000 0.000 0.000 0.000 6.173] | 17M tok | ETA 1205.3h
Step  11090 | loss 6.2327 | lr 3.00e-04 | grad 1.45 | 0.9k tok/s | cert -6.60→-6.16 | ticks [0.000 0.000 0.000 0.000 0.000 0.000 0.000 5.807] | 17M tok | ETA 1205.3h
Step  11100 | loss 6.1386 | lr 3.00e-04 | grad 3.39 | 0.9k tok/s | cert -7.17→-6.97 | ticks [0.000 0.000 0.000 0.000 0.000 0.000 0.000 6.073] | 17M tok | ETA 1205.3h
Step  11110 | loss 6.3475 | lr 3.00e-04 | grad 1.52 | 0.9k tok/s | cert -7.09→-6.42 | ticks [0.000 0.000 0.000 0.000 0.000 0.000 0.000 6.218] | 17M tok | ETA 1205.2h
Step  11120 | loss 6.1549 | lr 3.00e-04 | grad 1.57 | 0.9k tok/s | cert -6.65→-6.10 | ticks [0.000 0.000 0.000 0.000 0.000 0.000 0.000 6.052] | 17M tok | ETA 1205.2h
Step  11130 | loss 6.1227 | lr 3.00e-04 | grad 1.69 | 0.9k tok/s | cert -6.74→-6.33 | ticks [0.000 0.000 0.000 0.000 0.000 0.000 0.000 6.026] | 17M tok | ETA 1205.1h
Step  11140 | loss 6.1272 | lr 3.00e-04 | grad 2.67 | 0.9k tok/s | cert -7.15→-6.67 | ticks [0.000 0.000 0.000 0.000 0.000 0.000 0.000 5.985] | 17M tok | ETA 1205.1h
Step  11150 | loss 6.4277 | lr 3.00e-04 | grad 1.64 | 0.9k tok/s | cert -6.84→-6.27 | ticks [0.000 0.000 0.000 0.000 0.000 0.000 0.000 5.783] | 17M tok | ETA 1205.1h
Step  11160 | loss 6.2468 | lr 3.00e-04 | grad 2.25 | 0.9k tok/s | cert -6.88→-6.10 | ticks [0.000 0.000 0.000 0.000 0.000 0.000 0.000 6.058] | 17M tok | ETA 1205.0h
Step  11170 | loss 6.3306 | lr 3.00e-04 | grad 1.55 | 0.9k tok/s | cert -7.14→-6.29 | ticks [0.000 0.000 0.000 0.000 0.000 0.000 0.000 6.068] | 17M tok | ETA 1205.0h
Step  11180 | loss 6.2224 | lr 3.00e-04 | grad 2.83 | 0.9k tok/s | cert -7.76→-6.96 | ticks [0.000 0.000 0.000 0.000 0.000 0.000 0.000 6.398] | 17M tok | ETA 1204.9h
Step  11190 | loss 6.2227 | lr 3.00e-04 | grad 2.38 | 0.9k tok/s | cert -6.84→-6.22 | ticks [0.000 0.000 0.000 0.000 0.000 0.000 0.000 6.119] | 17M tok | ETA 1204.9h
Step  11200 | loss 6.2967 | lr 3.00e-04 | grad 1.49 | 0.9k tok/s | cert -6.39→-6.06 | ticks [0.000 0.000 0.000 0.000 0.000 0.000 0.000 5.750] | 17M tok | ETA 1204.8h
/usr/lib/python3.14/multiprocessing/resource_tracker.py:396: UserWarning: resource_tracker: There appear to be 16 leaked semaphore objects to clean up at shutdown: {'/mp-bqax5p3n', '/mp-vln40r79', '/mp-gxl9avmf', '/mp-g4_u3c8d', '/mp-b8vhswkq', '/mp-rqnpcmgk', '/mp-ebt01e8x', '/mp-3xz8vpx3', '/mp-1dzbzop6', '/mp-w_naevwh', '/mp-im0izm0c', '/mp-i4j49ljc', '/mp-8l2cbb6o', '/mp-4ukeczda', '/mp-g3v3nra_', '/mp-vwftcslt'}
  warnings.warn(
