Spawning 2 workers...
archlinux:176170:176170 [0] NCCL INFO ENV/Plugin: Could not find: libnccl-env.so
archlinux:176170:176170 [0] NCCL INFO Bootstrap: Using enp11s0:192.168.86.31<0>
archlinux:176170:176170 [0] NCCL INFO cudaDriverVersion 13020
archlinux:176171:176171 [1] NCCL INFO ENV/Plugin: Could not find: libnccl-env.so
archlinux:176171:176171 [1] NCCL INFO cudaDriverVersion 13020
archlinux:176170:176170 [0] NCCL INFO NCCL version 2.28.9+cuda13.0
archlinux:176171:176171 [1] NCCL INFO Bootstrap: Using enp11s0:192.168.86.31<0>
archlinux:176171:176171 [1] NCCL INFO NCCL version 2.28.9+cuda13.0
archlinux:176170:176170 [0] NCCL INFO Comm config Blocking set to 1
archlinux:176171:176171 [1] NCCL INFO Comm config Blocking set to 1
archlinux:176170:176170 [0] NCCL INFO NET/Plugin: Could not find: libnccl-net.so
archlinux:176170:176170 [0] NCCL INFO NET/IB : No device found.
archlinux:176170:176170 [0] NCCL INFO NET/IB : Using [RO]; OOB enp11s0:192.168.86.31<0>
archlinux:176170:176170 [0] NCCL INFO Failed to initialize NET plugin IB
archlinux:176170:176170 [0] NCCL INFO NET/Socket : Using [0]enp11s0:192.168.86.31<0> [1]tailscale0:100.117.13.102<0>
archlinux:176170:176170 [0] NCCL INFO Initialized NET plugin Socket
archlinux:176170:176170 [0] NCCL INFO Assigned NET plugin Socket to comm
archlinux:176170:176170 [0] NCCL INFO Using network Socket
archlinux:176170:176170 [0] NCCL INFO ncclCommInitRankConfig comm 0x56230428bd20 rank 0 nranks 2 cudaDev 0 nvmlDev 0 busId 1000 commId 0x8043d6f65879b11 - Init START
archlinux:176171:176171 [1] NCCL INFO NET/Plugin: Could not find: libnccl-net.so
archlinux:176171:176171 [1] NCCL INFO NET/IB : No device found.
archlinux:176171:176171 [1] NCCL INFO NET/IB : Using [RO]; OOB enp11s0:192.168.86.31<0>
archlinux:176171:176171 [1] NCCL INFO Failed to initialize NET plugin IB
archlinux:176171:176171 [1] NCCL INFO NET/Socket : Using [0]enp11s0:192.168.86.31<0> [1]tailscale0:100.117.13.102<0>
archlinux:176171:176171 [1] NCCL INFO Initialized NET plugin Socket
archlinux:176171:176171 [1] NCCL INFO Assigned NET plugin Socket to comm
archlinux:176171:176171 [1] NCCL INFO Using network Socket
archlinux:176171:176171 [1] NCCL INFO ncclCommInitRankConfig comm 0x5561e5737cf0 rank 1 nranks 2 cudaDev 1 nvmlDev 1 busId a000 commId 0x8043d6f65879b11 - Init START
archlinux:176171:176171 [1] NCCL INFO RAS client listening socket at ::1<28028>
archlinux:176170:176170 [0] NCCL INFO RAS client listening socket at ::1<28028>
archlinux:176171:176171 [1] NCCL INFO Bootstrap timings total 0.000595 (create 0.000014, send 0.000087, recv 0.000075, ring 0.000013, delay 0.000000)
archlinux:176170:176170 [0] NCCL INFO Bootstrap timings total 0.071156 (create 0.000014, send 0.000080, recv 0.070635, ring 0.000014, delay 0.000000)
archlinux:176171:176171 [1] NCCL INFO P2P is disabled between connected GPUs 1 and 0. You can repress this message with NCCL_IGNORE_DISABLED_P2P=1.
archlinux:176171:176171 [1] NCCL INFO P2P is disabled between connected GPUs 1 and 0. You can repress this message with NCCL_IGNORE_DISABLED_P2P=1.
archlinux:176171:176171 [1] NCCL INFO P2P is disabled between connected GPUs 0 and 1. You can repress this message with NCCL_IGNORE_DISABLED_P2P=1.
archlinux:176171:176171 [1] NCCL INFO P2P is disabled between connected GPUs 0 and 1. You can repress this message with NCCL_IGNORE_DISABLED_P2P=1.
archlinux:176171:176171 [1] NCCL INFO P2P is disabled between connected GPUs 1 and 0. You can repress this message with NCCL_IGNORE_DISABLED_P2P=1.
archlinux:176171:176171 [1] NCCL INFO P2P is disabled between connected GPUs 1 and 0. You can repress this message with NCCL_IGNORE_DISABLED_P2P=1.
archlinux:176171:176171 [1] NCCL INFO P2P is disabled between connected GPUs 0 and 1. You can repress this message with NCCL_IGNORE_DISABLED_P2P=1.
archlinux:176171:176171 [1] NCCL INFO P2P is disabled between connected GPUs 0 and 1. You can repress this message with NCCL_IGNORE_DISABLED_P2P=1.
archlinux:176170:176170 [0] NCCL INFO P2P is disabled between connected GPUs 1 and 0. You can repress this message with NCCL_IGNORE_DISABLED_P2P=1.
archlinux:176171:176171 [1] NCCL INFO ncclTopoGetCpuAffinity: Affinity for GPU 1 is empty, ignoring. (GPU affinity =  ; CPU affinity = 0-31).
archlinux:176170:176170 [0] NCCL INFO P2P is disabled between connected GPUs 1 and 0. You can repress this message with NCCL_IGNORE_DISABLED_P2P=1.
archlinux:176171:176171 [1] NCCL INFO NVLS multicast support is not available on dev 1 (NVLS_NCHANNELS 0)
archlinux:176170:176170 [0] NCCL INFO P2P is disabled between connected GPUs 0 and 1. You can repress this message with NCCL_IGNORE_DISABLED_P2P=1.
archlinux:176170:176170 [0] NCCL INFO P2P is disabled between connected GPUs 0 and 1. You can repress this message with NCCL_IGNORE_DISABLED_P2P=1.
archlinux:176170:176170 [0] NCCL INFO P2P is disabled between connected GPUs 1 and 0. You can repress this message with NCCL_IGNORE_DISABLED_P2P=1.
archlinux:176170:176170 [0] NCCL INFO P2P is disabled between connected GPUs 1 and 0. You can repress this message with NCCL_IGNORE_DISABLED_P2P=1.
archlinux:176170:176170 [0] NCCL INFO P2P is disabled between connected GPUs 0 and 1. You can repress this message with NCCL_IGNORE_DISABLED_P2P=1.
archlinux:176170:176170 [0] NCCL INFO P2P is disabled between connected GPUs 0 and 1. You can repress this message with NCCL_IGNORE_DISABLED_P2P=1.
archlinux:176170:176170 [0] NCCL INFO ncclTopoGetCpuAffinity: Affinity for GPU 0 is empty, ignoring. (GPU affinity =  ; CPU affinity = 0-31).
archlinux:176170:176170 [0] NCCL INFO NVLS multicast support is not available on dev 0 (NVLS_NCHANNELS 0)
archlinux:176171:176171 [1] NCCL INFO comm 0x5561e5737cf0 rank 1 nRanks 2 nNodes 1 localRanks 2 localRank 1 MNNVL 0
archlinux:176170:176170 [0] NCCL INFO comm 0x56230428bd20 rank 0 nRanks 2 nNodes 1 localRanks 2 localRank 0 MNNVL 0
archlinux:176170:176170 [0] NCCL INFO Channel 00/02 : 0 1
archlinux:176171:176171 [1] NCCL INFO Trees [0] -1/-1/-1->1->0 [1] -1/-1/-1->1->0
archlinux:176170:176170 [0] NCCL INFO Channel 01/02 : 0 1
archlinux:176171:176171 [1] NCCL INFO P2P Chunksize set to 131072
archlinux:176170:176170 [0] NCCL INFO Trees [0] 1/-1/-1->0->-1 [1] 1/-1/-1->0->-1
archlinux:176170:176170 [0] NCCL INFO P2P Chunksize set to 131072
archlinux:176171:176171 [1] NCCL INFO PROFILER/Plugin: Could not find: libnccl-profiler.so
archlinux:176171:176171 [1] NCCL INFO P2P is disabled between connected GPUs 0 and 1. You can repress this message with NCCL_IGNORE_DISABLED_P2P=1.
archlinux:176170:176170 [0] NCCL INFO PROFILER/Plugin: Could not find: libnccl-profiler.so
archlinux:176171:176171 [1] NCCL INFO Check P2P Type isAllDirectP2p 0 directMode 0 isAllCudaP2p 0
archlinux:176170:176170 [0] NCCL INFO P2P is disabled between connected GPUs 0 and 1. You can repress this message with NCCL_IGNORE_DISABLED_P2P=1.
archlinux:176170:176170 [0] NCCL INFO Check P2P Type isAllDirectP2p 0 directMode 0 isAllCudaP2p 0
archlinux:176171:176273 [0] NCCL INFO [Proxy Service] Device 1 CPU core 2
archlinux:176171:176275 [0] NCCL INFO [Proxy Service UDS] Device 1 CPU core 7
archlinux:176170:176276 [0] NCCL INFO [Proxy Service UDS] Device 0 CPU core 1
archlinux:176170:176274 [0] NCCL INFO [Proxy Service] Device 0 CPU core 2
archlinux:176170:176170 [0] NCCL INFO TUNER/Plugin: Could not find: libnccl-tuner.so
archlinux:176170:176170 [0] NCCL INFO threadThresholds 8/8/64 | 16/8/64 | 512 | 512
archlinux:176170:176170 [0] NCCL INFO 2 coll channels, 2 collnet channels, 0 nvls channels, 2 p2p channels, 2 p2p channels per peer
archlinux:176171:176171 [1] NCCL INFO TUNER/Plugin: Could not find: libnccl-tuner.so
archlinux:176170:176170 [0] NCCL INFO CC Off, workFifoBytes 1048576
archlinux:176171:176171 [1] NCCL INFO threadThresholds 8/8/64 | 16/8/64 | 512 | 512
archlinux:176171:176171 [1] NCCL INFO 2 coll channels, 2 collnet channels, 0 nvls channels, 2 p2p channels, 2 p2p channels per peer
archlinux:176171:176171 [1] NCCL INFO ncclCommInitRankConfig comm 0x5561e5737cf0 rank 1 nranks 2 cudaDev 1 nvmlDev 1 busId a000 commId 0x8043d6f65879b11 - Init COMPLETE
archlinux:176171:176171 [1] NCCL INFO Init timings - ncclCommInitRankConfig: rank 1 nranks 2 total 0.18 (kernels 0.17, alloc 0.00, bootstrap 0.00, allgathers 0.00, topo 0.01, graphs 0.00, connections 0.00, rest 0.00)
archlinux:176170:176170 [0] NCCL INFO ncclCommInitRankConfig comm 0x56230428bd20 rank 0 nranks 2 cudaDev 0 nvmlDev 0 busId 1000 commId 0x8043d6f65879b11 - Init COMPLETE
archlinux:176170:176170 [0] NCCL INFO Init timings - ncclCommInitRankConfig: rank 0 nranks 2 total 0.19 (kernels 0.09, alloc 0.02, bootstrap 0.07, allgathers 0.00, topo 0.01, graphs 0.00, connections 0.00, rest 0.00)
[worker 0] Building model on cuda:0...
Model: 641.8M params × 2 workers
archlinux:176170:176170 [0] NCCL INFO P2P is disabled between connected GPUs 0 and 1. You can repress this message with NCCL_IGNORE_DISABLED_P2P=1.
archlinux:176170:176170 [0] NCCL INFO P2P is disabled between connected GPUs 0 and 1. You can repress this message with NCCL_IGNORE_DISABLED_P2P=1.
archlinux:176170:176170 [0] NCCL INFO P2P is disabled between connected GPUs 0 and 1. You can repress this message with NCCL_IGNORE_DISABLED_P2P=1.
archlinux:176170:176170 [0] NCCL INFO Channel 00 : 0[0] -> 1[1] via SHM/direct/direct
archlinux:176170:176170 [0] NCCL INFO P2P is disabled between connected GPUs 0 and 1. You can repress this message with NCCL_IGNORE_DISABLED_P2P=1.
archlinux:176170:176170 [0] NCCL INFO Channel 01 : 0[0] -> 1[1] via SHM/direct/direct
archlinux:176171:176171 [1] NCCL INFO P2P is disabled between connected GPUs 1 and 0. You can repress this message with NCCL_IGNORE_DISABLED_P2P=1.
archlinux:176171:176171 [1] NCCL INFO P2P is disabled between connected GPUs 1 and 0. You can repress this message with NCCL_IGNORE_DISABLED_P2P=1.
archlinux:176171:176171 [1] NCCL INFO P2P is disabled between connected GPUs 1 and 0. You can repress this message with NCCL_IGNORE_DISABLED_P2P=1.
archlinux:176171:176171 [1] NCCL INFO Channel 00 : 1[1] -> 0[0] via SHM/direct/direct
archlinux:176171:176171 [1] NCCL INFO P2P is disabled between connected GPUs 1 and 0. You can repress this message with NCCL_IGNORE_DISABLED_P2P=1.
archlinux:176171:176171 [1] NCCL INFO Channel 01 : 1[1] -> 0[0] via SHM/direct/direct
archlinux:176171:176171 [1] NCCL INFO Connected all rings, use ring PXN 0 GDR 1
archlinux:176170:176170 [0] NCCL INFO Connected all rings, use ring PXN 0 GDR 1
  Optimizer: AdamW8bit (8-bit moments) + NeuroPlasticOptimizer
[CachedTeacherDataset/train] 190 shards (of 199 total) under teacher_cache/phase1 | seq_len=512 top_k=128
[CachedTeacherDataset/train] 190 shards (of 199 total) under teacher_cache/phase1 | seq_len=512 top_k=128

============================================================
CTM-Transformer Dual-GPU Training (nccl, no DDP)
  Steps: 0 → 10000000
  Batch: 2 × 512 tokens
  Thought ticks: 100
  Gradient checkpointing: True
============================================================

step      0 | loss 12.6250 | lr 0.00e+00 | grad 0.00 | 0.5k tok/s (avg 0.5k) | cert 0.02→0.02 | hpc_loss 5.000 | F 5.000 | inf_steps 12 | amort 0.9961 | π_scale 1.000 | NE 1.000 | bcm 0.0000 | θ_M 0.902 | ETA 5741.3h
step     10 | loss 12.6250 | lr 1.50e-06 | grad 0.00 | 1.3k tok/s (avg 1.0k) | cert 0.02→0.02 | hpc_loss 5.000 | F 5.000 | inf_steps 18 | amort 1.0391 | π_scale 1.000 | NE 1.000 | bcm 0.0000 | θ_M 0.262 | ETA 2777.3h
step     20 | loss 12.5000 | lr 3.00e-06 | grad 1.53 | 0.5k tok/s (avg 0.7k) | cert 0.02→0.02 | hpc_loss 5.000 | F 5.000 | inf_steps 9 | amort 1.1484 | π_scale 1.093 | NE 1.980 | bcm 0.0000 | θ_M 0.129 | ETA 4246.2h
step     30 | loss 12.5625 | lr 4.50e-06 | grad 1.53 | 1.5k tok/s (avg 0.8k) | cert 0.02→0.02 | hpc_loss 5.000 | F 5.000 | inf_steps 9 | amort 1.1484 | π_scale 1.093 | NE 1.980 | bcm 0.0000 | θ_M 0.107 | ETA 3456.9h
step     40 | loss 12.5625 | lr 6.00e-06 | grad 1.37 | 0.4k tok/s (avg 0.7k) | cert 0.02→0.02 | hpc_loss 5.000 | F 5.000 | inf_steps 18 | amort 1.0391 | π_scale 1.093 | NE 1.980 | bcm 0.0000 | θ_M 0.073 | ETA 4221.4h
step     50 | loss 12.5625 | lr 7.50e-06 | grad 1.29 | 0.6k tok/s (avg 0.6k) | cert 0.02→0.02 | hpc_loss 5.000 | F 5.000 | inf_steps 15 | amort 1.0469 | π_scale 1.093 | NE 1.980 | bcm 0.0000 | θ_M 0.073 | ETA 4402.4h
step     60 | loss 12.5625 | lr 9.00e-06 | grad 1.29 | 1.1k tok/s (avg 0.7k) | cert 0.02→0.02 | hpc_loss 5.000 | F 5.000 | inf_steps 20 | amort 1.0391 | π_scale 1.093 | NE 1.980 | bcm 0.0000 | θ_M 0.073 | ETA 4108.4h
step     70 | loss 12.6250 | lr 1.05e-05 | grad 1.23 | 0.5k tok/s (avg 0.7k) | cert 0.02→0.02 | hpc_loss 5.000 | F 5.000 | inf_steps 9 | amort 1.1641 | π_scale 1.093 | NE 1.980 | bcm 0.0000 | θ_M 0.073 | ETA 4275.8h
step     80 | loss 12.6250 | lr 1.20e-05 | grad 1.34 | 0.5k tok/s (avg 0.6k) | cert 0.02→0.02 | hpc_loss 5.000 | F 5.000 | inf_steps 21 | amort 1.0312 | π_scale 1.093 | NE 1.980 | bcm 0.0000 | θ_M 0.073 | ETA 4498.1h
step     90 | loss 12.5625 | lr 1.35e-05 | grad 1.34 | 1.1k tok/s (avg 0.7k) | cert 0.02→0.02 | hpc_loss 5.000 | F 5.000 | inf_steps 18 | amort 1.0312 | π_scale 1.093 | NE 1.980 | bcm 0.0000 | θ_M 0.073 | ETA 4291.3h
step    100 | loss 12.5625 | lr 1.50e-05 | grad 1.19 | 0.5k tok/s (avg 0.6k) | cert 0.02→0.02 | hpc_loss 5.000 | F 5.000 | inf_steps 13 | amort 1.0391 | π_scale 1.093 | NE 1.980 | bcm 0.0000 | θ_M 0.073 | ETA 4398.6h
step    110 | loss 12.5625 | lr 1.65e-05 | grad 1.19 | 1.0k tok/s (avg 0.7k) | cert 0.02→0.02 | hpc_loss 5.000 | F 5.000 | inf_steps 18 | amort 1.0312 | π_scale 1.093 | NE 1.980 | bcm 0.0000 | θ_M 0.073 | ETA 4257.2h
step    120 | loss 12.5625 | lr 1.80e-05 | grad 1.31 | 0.7k tok/s (avg 0.7k) | cert 0.02→0.02 | hpc_loss 5.000 | F 5.000 | inf_steps 18 | amort 1.0234 | π_scale 1.093 | NE 1.980 | bcm 0.0000 | θ_M 0.073 | ETA 4263.9h
step    130 | loss 12.6250 | lr 1.95e-05 | grad 1.46 | 0.5k tok/s (avg 0.7k) | cert 0.02→0.02 | hpc_loss 5.000 | F 5.000 | inf_steps 19 | amort 1.0391 | π_scale 1.093 | NE 1.980 | bcm 0.0000 | θ_M 0.073 | ETA 4365.6h
step    140 | loss 12.5625 | lr 2.10e-05 | grad 1.46 | 1.2k tok/s (avg 0.7k) | cert 0.02→0.02 | hpc_loss 5.000 | F 5.000 | inf_steps 9 | amort 1.1484 | π_scale 1.093 | NE 1.980 | bcm 0.0000 | θ_M 0.073 | ETA 4227.6h
step    150 | loss 12.3750 | lr 2.25e-05 | grad 1.23 | 0.5k tok/s (avg 0.7k) | cert 0.02→0.02 | hpc_loss 5.000 | F 5.000 | inf_steps 19 | amort 1.0391 | π_scale 1.093 | NE 1.980 | bcm 0.0000 | θ_M 0.073 | ETA 4323.0h
step    160 | loss 12.5000 | lr 2.40e-05 | grad 1.83 | 0.5k tok/s (avg 0.6k) | cert 0.02→0.02 | hpc_loss 5.000 | F 5.000 | inf_steps 13 | amort 1.0547 | π_scale 1.093 | NE 1.980 | bcm 0.0000 | θ_M 0.073 | ETA 4395.1h
step    170 | loss 12.5000 | lr 2.55e-05 | grad 1.83 | 1.2k tok/s (avg 0.7k) | cert 0.02→0.02 | hpc_loss 5.000 | F 5.000 | inf_steps 18 | amort 1.0234 | π_scale 1.093 | NE 1.980 | bcm 0.0000 | θ_M 0.073 | ETA 4275.1h
step    180 | loss 12.5625 | lr 2.70e-05 | grad 1.35 | 0.5k tok/s (avg 0.7k) | cert 0.02→0.02 | hpc_loss 5.000 | F 5.000 | inf_steps 18 | amort 1.0312 | π_scale 1.093 | NE 1.980 | bcm 0.0000 | θ_M 0.073 | ETA 4349.5h
step    190 | loss 12.5625 | lr 2.85e-05 | grad 1.35 | 1.1k tok/s (avg 0.7k) | cert 0.02→0.02 | hpc_loss 5.000 | F 5.000 | inf_steps 18 | amort 1.0156 | π_scale 1.093 | NE 1.980 | bcm 0.0000 | θ_M 0.073 | ETA 4262.2h
step    200 | loss 12.5000 | lr 3.00e-05 | grad 1.29 | 0.5k tok/s (avg 0.7k) | cert 0.02→0.02 | hpc_loss 5.000 | F 5.000 | inf_steps 18 | amort 1.0391 | π_scale 1.093 | NE 1.980 | bcm 0.0000 | θ_M 0.073 | ETA 4318.5h
step    210 | loss 12.4375 | lr 3.15e-05 | grad 1.22 | 0.5k tok/s (avg 0.7k) | cert 0.02→0.02 | hpc_loss 5.000 | F 5.000 | inf_steps 18 | amort 1.0156 | π_scale 1.093 | NE 1.980 | bcm 0.0000 | θ_M 0.073 | ETA 4366.9h
step    220 | loss 12.5000 | lr 3.30e-05 | grad 1.22 | 1.1k tok/s (avg 0.7k) | cert 0.02→0.02 | hpc_loss 4.969 | F 5.000 | inf_steps 20 | amort 1.0391 | π_scale 1.093 | NE 1.980 | bcm 0.0000 | θ_M 0.073 | ETA 4283.9h
step    230 | loss 12.5000 | lr 3.45e-05 | grad 1.24 | 0.5k tok/s (avg 0.7k) | cert 0.02→0.02 | hpc_loss 5.000 | F 5.000 | inf_steps 18 | amort 1.0312 | π_scale 1.093 | NE 1.981 | bcm 0.0000 | θ_M 0.073 | ETA 4324.3h
step    240 | loss 12.3750 | lr 3.60e-05 | grad 1.27 | 0.5k tok/s (avg 0.7k) | cert 0.02→0.02 | hpc_loss 5.000 | F 5.000 | inf_steps 18 | amort 1.0156 | π_scale 1.093 | NE 1.981 | bcm 0.0000 | θ_M 0.073 | ETA 4373.6h
step    250 | loss 12.3125 | lr 3.75e-05 | grad 1.27 | 1.1k tok/s (avg 0.7k) | cert 0.02→0.02 | hpc_loss 4.969 | F 5.000 | inf_steps 13 | amort 1.0547 | π_scale 1.093 | NE 1.981 | bcm 0.0000 | θ_M 0.073 | ETA 4300.3h
step    260 | loss 12.3125 | lr 3.90e-05 | grad 1.34 | 0.6k tok/s (avg 0.7k) | cert 0.02→0.02 | hpc_loss 4.969 | F 5.000 | inf_steps 18 | amort 1.0156 | π_scale 1.093 | NE 1.981 | bcm 0.0000 | θ_M 0.073 | ETA 4331.1h
step    270 | loss 12.3750 | lr 4.05e-05 | grad 1.34 | 1.0k tok/s (avg 0.7k) | cert 0.02→0.02 | hpc_loss 4.969 | F 5.000 | inf_steps 19 | amort 1.0469 | π_scale 1.093 | NE 1.981 | bcm 0.0000 | θ_M 0.073 | ETA 4278.4h
step    280 | loss 12.3125 | lr 4.20e-05 | grad 1.20 | 0.6k tok/s (avg 0.7k) | cert 0.02→0.02 | hpc_loss 4.969 | F 5.000 | inf_steps 18 | amort 1.0156 | π_scale 1.093 | NE 1.981 | bcm 0.0000 | θ_M 0.073 | ETA 4297.8h
step    290 | loss 12.5000 | lr 4.35e-05 | grad 1.31 | 0.5k tok/s (avg 0.7k) | cert 0.02→0.02 | hpc_loss 4.969 | F 5.000 | inf_steps 19 | amort 1.0391 | π_scale 1.093 | NE 1.981 | bcm 0.0000 | θ_M 0.073 | ETA 4332.9h
step    300 | loss 12.4375 | lr 4.50e-05 | grad 1.31 | 1.1k tok/s (avg 0.7k) | cert 0.02→0.02 | hpc_loss 4.969 | F 5.000 | inf_steps 18 | amort 1.0234 | π_scale 1.093 | NE 1.981 | bcm 0.0000 | θ_M 0.073 | ETA 4277.9h
step    310 | loss 12.0625 | lr 4.65e-05 | grad 1.27 | 0.5k tok/s (avg 0.7k) | cert 0.02→0.02 | hpc_loss 4.969 | F 5.000 | inf_steps 18 | amort 1.0312 | π_scale 1.093 | NE 1.981 | bcm 0.0000 | θ_M 0.073 | ETA 4309.9h
step    320 | loss 11.7500 | lr 4.80e-05 | grad 1.28 | 0.5k tok/s (avg 0.7k) | cert 0.02→0.02 | hpc_loss 4.969 | F 5.000 | inf_steps 20 | amort 1.0312 | π_scale 1.093 | NE 1.981 | bcm 0.0000 | θ_M 0.073 | ETA 4355.1h
step    330 | loss 12.3750 | lr 4.95e-05 | grad 1.28 | 1.1k tok/s (avg 0.7k) | cert 0.02→0.02 | hpc_loss 4.969 | F 5.000 | inf_steps 13 | amort 1.0469 | π_scale 1.093 | NE 1.981 | bcm 0.0000 | θ_M 0.073 | ETA 4304.0h
step    340 | loss 12.3750 | lr 5.10e-05 | grad 1.27 | 0.5k tok/s (avg 0.7k) | cert 0.02→0.02 | hpc_loss 4.969 | F 5.000 | inf_steps 9 | amort 1.1562 | π_scale 1.093 | NE 1.981 | bcm 0.0000 | θ_M 0.073 | ETA 4330.4h
step    350 | loss 12.2500 | lr 5.25e-05 | grad 1.27 | 1.0k tok/s (avg 0.7k) | cert 0.02→0.02 | hpc_loss 4.969 | F 5.000 | inf_steps 18 | amort 1.0312 | π_scale 1.093 | NE 1.981 | bcm 0.0000 | θ_M 0.073 | ETA 4289.0h
step    360 | loss 11.9375 | lr 5.40e-05 | grad 1.17 | 0.5k tok/s (avg 0.7k) | cert 0.02→0.02 | hpc_loss 4.969 | F 5.000 | inf_steps 15 | amort 1.0391 | π_scale 1.093 | NE 1.981 | bcm 0.0000 | θ_M 0.073 | ETA 4318.9h
step    370 | loss 12.2500 | lr 5.55e-05 | grad 1.19 | 0.5k tok/s (avg 0.7k) | cert 0.02→0.02 | hpc_loss 4.969 | F 5.000 | inf_steps 21 | amort 1.0234 | π_scale 1.093 | NE 1.981 | bcm 0.0000 | θ_M 0.073 | ETA 4350.3h
step    380 | loss 12.1875 | lr 5.70e-05 | grad 1.19 | 1.0k tok/s (avg 0.7k) | cert 0.02→0.02 | hpc_loss 4.969 | F 5.000 | inf_steps 21 | amort 1.0234 | π_scale 1.093 | NE 1.981 | bcm 0.0000 | θ_M 0.073 | ETA 4310.3h
step    390 | loss 11.8750 | lr 5.85e-05 | grad 1.26 | 0.5k tok/s (avg 0.7k) | cert 0.02→0.02 | hpc_loss 4.969 | F 5.000 | inf_steps 9 | amort 1.1562 | π_scale 1.093 | NE 1.981 | bcm 0.0000 | θ_M 0.073 | ETA 4335.8h
step    400 | loss 12.3125 | lr 6.00e-05 | grad 1.13 | 0.5k tok/s (avg 0.7k) | cert 0.02→0.02 | hpc_loss 4.969 | F 5.000 | inf_steps 18 | amort 1.0234 | π_scale 1.093 | NE 1.981 | bcm 0.0000 | θ_M 0.073 | ETA 4358.1h
step    410 | loss 12.3125 | lr 6.15e-05 | grad 1.13 | 1.0k tok/s (avg 0.7k) | cert 0.02→0.02 | hpc_loss 4.969 | F 5.000 | inf_steps 19 | amort 1.0391 | π_scale 1.093 | NE 1.981 | bcm 0.0000 | θ_M 0.073 | ETA 4318.0h
step    420 | loss 12.1250 | lr 6.30e-05 | grad 1.07 | 0.8k tok/s (avg 0.7k) | cert 0.02→0.02 | hpc_loss 4.969 | F 5.000 | inf_steps 18 | amort 1.0234 | π_scale 1.093 | NE 1.982 | bcm 0.0000 | θ_M 0.073 | ETA 4302.6h
step    430 | loss 12.0625 | lr 6.45e-05 | grad 1.07 | 1.0k tok/s (avg 0.7k) | cert 0.02→0.02 | hpc_loss 4.969 | F 5.000 | inf_steps 19 | amort 1.0312 | π_scale 1.093 | NE 1.982 | bcm 0.0000 | θ_M 0.073 | ETA 4267.7h
step    440 | loss 11.2500 | lr 6.60e-05 | grad 1.18 | 0.8k tok/s (avg 0.7k) | cert 0.02→0.02 | hpc_loss 4.938 | F 4.938 | inf_steps 9 | amort 1.1484 | π_scale 1.093 | NE 1.982 | bcm 0.0000 | θ_M 0.073 | ETA 4252.2h
step    450 | loss 11.2500 | lr 6.75e-05 | grad 1.23 | 0.6k tok/s (avg 0.7k) | cert 0.02→0.02 | hpc_loss 4.938 | F 4.938 | inf_steps 18 | amort 1.0156 | π_scale 1.093 | NE 1.982 | bcm 0.0000 | θ_M 0.073 | ETA 4270.4h
step    460 | loss 12.0625 | lr 6.90e-05 | grad 1.23 | 1.0k tok/s (avg 0.7k) | cert 0.02→0.02 | hpc_loss 4.938 | F 4.938 | inf_steps 19 | amort 1.0312 | π_scale 1.093 | NE 1.982 | bcm 0.0000 | θ_M 0.073 | ETA 4237.3h
step    470 | loss 11.6875 | lr 7.05e-05 | grad 1.39 | 0.6k tok/s (avg 0.7k) | cert 0.02→0.02 | hpc_loss 4.938 | F 4.938 | inf_steps 20 | amort 1.0234 | π_scale 1.093 | NE 1.982 | bcm 0.0000 | θ_M 0.073 | ETA 4251.3h
step    480 | loss 11.8125 | lr 7.20e-05 | grad 1.16 | 0.5k tok/s (avg 0.7k) | cert 0.02→0.02 | hpc_loss 4.938 | F 4.938 | inf_steps 18 | amort 1.0234 | π_scale 1.093 | NE 1.982 | bcm 0.0000 | θ_M 0.073 | ETA 4273.7h
step    490 | loss 10.8125 | lr 7.35e-05 | grad 1.16 | 1.0k tok/s (avg 0.7k) | cert 0.02→0.02 | hpc_loss 4.938 | F 4.938 | inf_steps 9 | amort 1.1562 | π_scale 1.093 | NE 1.982 | bcm 0.0000 | θ_M 0.073 | ETA 4242.6h
step    500 | loss 12.1875 | lr 7.50e-05 | grad 1.28 | 0.6k tok/s (avg 0.7k) | cert 0.02→0.02 | hpc_loss 4.938 | F 4.938 | inf_steps 12 | amort 0.9844 | π_scale 1.093 | NE 1.982 | bcm 0.0000 | θ_M 0.073 | ETA 4256.9h
step    510 | loss 12.2500 | lr 7.65e-05 | grad 1.28 | 1.1k tok/s (avg 0.7k) | cert 0.02→0.02 | hpc_loss 4.938 | F 4.938 | inf_steps 15 | amort 1.0312 | π_scale 1.093 | NE 1.982 | bcm 0.0000 | θ_M 0.073 | ETA 4225.6h
step    520 | loss 11.5625 | lr 7.80e-05 | grad 1.25 | 0.6k tok/s (avg 0.7k) | cert 0.02→0.02 | hpc_loss 4.938 | F 4.938 | inf_steps 18 | amort 1.0156 | π_scale 1.093 | NE 1.982 | bcm 0.0000 | θ_M 0.073 | ETA 4242.3h
step    530 | loss 12.1250 | lr 7.95e-05 | grad 1.23 | 0.6k tok/s (avg 0.7k) | cert 0.02→0.02 | hpc_loss 4.938 | F 4.938 | inf_steps 13 | amort 1.0391 | π_scale 1.093 | NE 1.982 | bcm 0.0000 | θ_M 0.073 | ETA 4255.7h
step    540 | loss 12.0625 | lr 8.10e-05 | grad 1.23 | 1.0k tok/s (avg 0.7k) | cert 0.02→0.02 | hpc_loss 4.938 | F 4.938 | inf_steps 18 | amort 1.0156 | π_scale 1.093 | NE 1.982 | bcm 0.0000 | θ_M 0.073 | ETA 4229.1h
step    550 | loss 11.0625 | lr 8.25e-05 | grad 1.29 | 0.5k tok/s (avg 0.7k) | cert 0.02→0.02 | hpc_loss 4.938 | F 4.938 | inf_steps 18 | amort 1.0156 | π_scale 1.093 | NE 1.982 | bcm 0.0000 | θ_M 0.073 | ETA 4257.1h
step    560 | loss 11.4375 | lr 8.40e-05 | grad 1.26 | 0.6k tok/s (avg 0.7k) | cert 0.02→0.02 | hpc_loss 4.938 | F 4.938 | inf_steps 20 | amort 1.0234 | π_scale 1.093 | NE 1.982 | bcm 0.0000 | θ_M 0.073 | ETA 4265.6h
step    570 | loss 10.3750 | lr 8.55e-05 | grad 1.26 | 1.0k tok/s (avg 0.7k) | cert 0.03→0.03 | hpc_loss 4.938 | F 4.938 | inf_steps 19 | amort 1.0234 | π_scale 1.093 | NE 1.982 | bcm 0.0000 | θ_M 0.073 | ETA 4241.6h
step    580 | loss 12.0000 | lr 8.70e-05 | grad 1.34 | 0.8k tok/s (avg 0.7k) | cert 0.02→0.02 | hpc_loss 4.938 | F 4.938 | inf_steps 18 | amort 1.0156 | π_scale 1.093 | NE 1.981 | bcm 0.0000 | θ_M 0.073 | ETA 4230.8h
step    590 | loss 11.1875 | lr 8.85e-05 | grad 1.34 | 1.1k tok/s (avg 0.7k) | cert 0.03→0.03 | hpc_loss 4.938 | F 4.938 | inf_steps 18 | amort 1.0078 | π_scale 1.093 | NE 1.981 | bcm 0.0000 | θ_M 0.073 | ETA 4204.0h
step    600 | loss 11.1250 | lr 9.00e-05 | grad 1.39 | 0.8k tok/s (avg 0.7k) | cert 0.03→0.03 | hpc_loss 4.938 | F 4.938 | inf_steps 12 | amort 0.9844 | π_scale 1.093 | NE 1.981 | bcm 0.0000 | θ_M 0.073 | ETA 4191.9h
step    610 | loss 11.7500 | lr 9.15e-05 | grad 1.23 | 0.8k tok/s (avg 0.7k) | cert 0.03→0.03 | hpc_loss 4.938 | F 4.938 | inf_steps 9 | amort 1.1328 | π_scale 1.093 | NE 1.981 | bcm 0.0000 | θ_M 0.073 | ETA 4178.9h
step    620 | loss 10.8125 | lr 9.30e-05 | grad 1.23 | 1.1k tok/s (avg 0.7k) | cert 0.03→0.03 | hpc_loss 4.938 | F 4.938 | inf_steps 12 | amort 0.9805 | π_scale 1.093 | NE 1.981 | bcm 0.0000 | θ_M 0.073 | ETA 4152.7h
step    630 | loss 11.0000 | lr 9.45e-05 | grad 1.28 | 0.8k tok/s (avg 0.7k) | cert 0.03→0.03 | hpc_loss 4.938 | F 4.938 | inf_steps 18 | amort 1.0156 | π_scale 1.093 | NE 1.980 | bcm 0.0000 | θ_M 0.073 | ETA 4144.6h
step    640 | loss 9.3750 | lr 9.60e-05 | grad 1.25 | 0.7k tok/s (avg 0.7k) | cert 0.06→0.06 | hpc_loss 4.938 | F 4.938 | inf_steps 19 | amort 1.0156 | π_scale 1.093 | NE 1.980 | bcm 0.0000 | θ_M 0.073 | ETA 4139.4h
step    650 | loss 9.5625 | lr 9.75e-05 | grad 1.25 | 1.1k tok/s (avg 0.7k) | cert 0.06→0.06 | hpc_loss 4.938 | F 4.938 | inf_steps 18 | amort 1.0156 | π_scale 1.093 | NE 1.980 | bcm 0.0000 | θ_M 0.073 | ETA 4116.3h
step    660 | loss 9.3750 | lr 9.90e-05 | grad 1.26 | 0.8k tok/s (avg 0.7k) | cert 0.07→0.07 | hpc_loss 4.938 | F 4.938 | inf_steps 18 | amort 0.9922 | π_scale 1.093 | NE 1.979 | bcm 0.0000 | θ_M 0.073 | ETA 4110.6h
step    670 | loss 11.5625 | lr 1.00e-04 | grad 1.26 | 1.1k tok/s (avg 0.7k) | cert 0.02→0.02 | hpc_loss 4.938 | F 4.938 | inf_steps 18 | amort 1.0078 | π_scale 1.093 | NE 1.979 | bcm 0.0000 | θ_M 0.073 | ETA 4086.4h
step    680 | loss 10.1875 | lr 1.02e-04 | grad 1.31 | 0.7k tok/s (avg 0.7k) | cert 0.06→0.06 | hpc_loss 4.938 | F 4.938 | inf_steps 18 | amort 1.0156 | π_scale 1.093 | NE 1.978 | bcm 0.0000 | θ_M 0.073 | ETA 4084.5h
step    690 | loss 10.1250 | lr 1.03e-04 | grad 1.31 | 0.9k tok/s (avg 0.7k) | cert 0.07→0.07 | hpc_loss 4.938 | F 4.938 | inf_steps 12 | amort 0.9570 | π_scale 1.093 | NE 1.977 | bcm 0.0000 | θ_M 0.073 | ETA 4071.6h
step    700 | loss 9.0000 | lr 1.05e-04 | grad 1.31 | 1.1k tok/s (avg 0.7k) | cert 0.07→0.07 | hpc_loss 4.906 | F 4.906 | inf_steps 20 | amort 1.0234 | π_scale 1.093 | NE 1.977 | bcm 0.0000 | θ_M 0.073 | ETA 4050.7h
step    710 | loss 9.7500 | lr 1.07e-04 | grad 1.79 | 0.7k tok/s (avg 0.7k) | cert 0.05→0.05 | hpc_loss 4.938 | F 4.938 | inf_steps 21 | amort 1.0078 | π_scale 1.093 | NE 1.976 | bcm 0.0000 | θ_M 0.073 | ETA 4047.1h
step    720 | loss 9.1875 | lr 1.08e-04 | grad 1.34 | 0.9k tok/s (avg 0.7k) | cert 0.05→0.05 | hpc_loss 4.906 | F 4.906 | inf_steps 9 | amort 1.1484 | π_scale 1.093 | NE 1.975 | bcm 0.0000 | θ_M 0.074 | ETA 4034.0h
step    730 | loss 10.5000 | lr 1.09e-04 | grad 1.34 | 1.0k tok/s (avg 0.7k) | cert 0.07→0.07 | hpc_loss 4.906 | F 4.906 | inf_steps 21 | amort 1.0078 | π_scale 1.093 | NE 1.975 | bcm 0.0000 | θ_M 0.073 | ETA 4016.6h
step    740 | loss 8.6875 | lr 1.11e-04 | grad 1.39 | 0.8k tok/s (avg 0.7k) | cert 0.08→0.08 | hpc_loss 4.906 | F 4.875 | inf_steps 19 | amort 0.9961 | π_scale 1.093 | NE 1.971 | bcm 0.0000 | θ_M 0.073 | ETA 4011.0h
step    750 | loss 10.7500 | lr 1.12e-04 | grad 1.39 | 1.2k tok/s (avg 0.7k) | cert 0.06→0.06 | hpc_loss 4.906 | F 4.906 | inf_steps 18 | amort 1.0078 | π_scale 1.093 | NE 1.971 | bcm 0.0000 | θ_M 0.073 | ETA 3988.9h
step    760 | loss 10.6875 | lr 1.14e-04 | grad 1.40 | 0.9k tok/s (avg 0.7k) | cert 0.06→0.06 | hpc_loss 4.906 | F 4.906 | inf_steps 12 | amort 0.9766 | π_scale 1.093 | NE 1.970 | bcm 0.0000 | θ_M 0.073 | ETA 3980.3h
step    770 | loss 9.8750 | lr 1.15e-04 | grad 1.32 | 0.8k tok/s (avg 0.7k) | cert 0.06→0.06 | hpc_loss 4.906 | F 4.906 | inf_steps 12 | amort 0.9609 | π_scale 1.093 | NE 1.969 | bcm 0.0000 | θ_M 0.073 | ETA 3976.5h
step    780 | loss 10.6875 | lr 1.17e-04 | grad 1.32 | 1.1k tok/s (avg 0.7k) | cert 0.05→0.05 | hpc_loss 4.906 | F 4.906 | inf_steps 19 | amort 1.0156 | π_scale 1.093 | NE 1.969 | bcm 0.0000 | θ_M 0.073 | ETA 3959.2h
step    790 | loss 7.9062 | lr 1.18e-04 | grad 1.33 | 0.9k tok/s (avg 0.7k) | cert 0.13→0.13 | hpc_loss 4.875 | F 4.875 | inf_steps 12 | amort 0.9570 | π_scale 1.093 | NE 1.967 | bcm 0.0000 | θ_M 0.073 | ETA 3949.1h
step    800 | loss 7.9375 | lr 1.20e-04 | grad 1.32 | 0.9k tok/s (avg 0.7k) | cert 0.08→0.08 | hpc_loss 4.875 | F 4.875 | inf_steps 20 | amort 0.9805 | π_scale 1.093 | NE 1.962 | bcm 0.0000 | θ_M 0.073 | ETA 3939.6h
step    810 | loss 8.2500 | lr 1.21e-04 | grad 1.32 | 1.1k tok/s (avg 0.7k) | cert 0.11→0.11 | hpc_loss 4.875 | F 4.906 | inf_steps 19 | amort 1.0156 | π_scale 1.093 | NE 1.962 | bcm 0.0000 | θ_M 0.073 | ETA 3922.4h
step    820 | loss 9.0000 | lr 1.23e-04 | grad 1.47 | 0.9k tok/s (avg 0.7k) | cert 0.09→0.09 | hpc_loss 4.875 | F 4.875 | inf_steps 18 | amort 0.9844 | π_scale 1.093 | NE 1.960 | bcm 0.0000 | θ_M 0.073 | ETA 3913.8h
step    830 | loss 8.0000 | lr 1.24e-04 | grad 1.47 | 1.1k tok/s (avg 0.7k) | cert 0.12→0.12 | hpc_loss 4.875 | F 4.875 | inf_steps 18 | amort 1.0000 | π_scale 1.093 | NE 1.960 | bcm 0.0000 | θ_M 0.073 | ETA 3897.6h
step    840 | loss 9.6250 | lr 1.26e-04 | grad 1.31 | 0.9k tok/s (avg 0.7k) | cert 0.08→0.08 | hpc_loss 4.875 | F 4.875 | inf_steps 10 | amort 1.0000 | π_scale 1.093 | NE 1.956 | bcm 0.0000 | θ_M 0.073 | ETA 3888.9h
step    850 | loss 9.6250 | lr 1.28e-04 | grad 1.29 | 0.9k tok/s (avg 0.7k) | cert 0.09→0.09 | hpc_loss 4.875 | F 4.875 | inf_steps 12 | amort 0.9570 | π_scale 1.093 | NE 1.953 | bcm 0.0000 | θ_M 0.073 | ETA 3881.2h
step    860 | loss 7.5938 | lr 1.29e-04 | grad 1.29 | 1.3k tok/s (avg 0.7k) | cert 0.14→0.14 | hpc_loss 4.875 | F 4.875 | inf_steps 9 | amort 1.1719 | π_scale 1.093 | NE 1.953 | bcm 0.0000 | θ_M 0.075 | ETA 3861.5h
step    870 | loss 9.1250 | lr 1.30e-04 | grad 1.14 | 0.7k tok/s (avg 0.7k) | cert 0.10→0.10 | hpc_loss 4.906 | F 4.906 | inf_steps 19 | amort 0.9766 | π_scale 1.093 | NE 1.951 | bcm 0.0000 | θ_M 0.073 | ETA 3862.3h
step    880 | loss 7.9062 | lr 1.32e-04 | grad 1.56 | 0.9k tok/s (avg 0.7k) | cert 0.14→0.14 | hpc_loss 4.875 | F 4.844 | inf_steps 9 | amort 1.1484 | π_scale 1.093 | NE 1.948 | bcm 0.0000 | θ_M 0.074 | ETA 3854.4h
step    890 | loss 6.8125 | lr 1.33e-04 | grad 1.56 | 1.4k tok/s (avg 0.7k) | cert 0.23→0.23 | hpc_loss 4.875 | F 4.844 | inf_steps 19 | amort 0.9922 | π_scale 1.093 | NE 1.948 | bcm 0.0000 | θ_M 0.073 | ETA 3834.1h
step    900 | loss 9.1875 | lr 1.35e-04 | grad 1.16 | 0.7k tok/s (avg 0.7k) | cert 0.08→0.08 | hpc_loss 4.875 | F 4.875 | inf_steps 10 | amort 0.9844 | π_scale 1.093 | NE 1.946 | bcm 0.0000 | θ_M 0.073 | ETA 3838.7h
step    910 | loss 8.5625 | lr 1.36e-04 | grad 1.16 | 1.1k tok/s (avg 0.7k) | cert 0.14→0.14 | hpc_loss 4.875 | F 4.844 | inf_steps 12 | amort 0.9688 | π_scale 1.093 | NE 1.946 | bcm 0.0000 | θ_M 0.073 | ETA 3825.4h
step    920 | loss 8.5625 | lr 1.38e-04 | grad 1.09 | 1.0k tok/s (avg 0.7k) | cert 0.17→0.17 | hpc_loss 4.875 | F 4.844 | inf_steps 16 | amort 0.9727 | π_scale 1.093 | NE 1.937 | bcm 0.0000 | θ_M 0.073 | ETA 3816.4h
step    930 | loss 7.3438 | lr 1.39e-04 | grad 1.04 | 0.9k tok/s (avg 0.7k) | cert 0.18→0.18 | hpc_loss 4.844 | F 4.844 | inf_steps 12 | amort 0.9648 | π_scale 1.093 | NE 1.931 | bcm 0.0000 | θ_M 0.073 | ETA 3811.2h
step    940 | loss 7.0312 | lr 1.41e-04 | grad 1.04 | 1.2k tok/s (avg 0.7k) | cert 0.21→0.21 | hpc_loss 4.844 | F 4.844 | inf_steps 12 | amort 0.9648 | π_scale 1.093 | NE 1.931 | bcm 0.0000 | θ_M 0.073 | ETA 3796.9h
step    950 | loss 6.6562 | lr 1.42e-04 | grad 1.06 | 0.9k tok/s (avg 0.8k) | cert 0.22→0.22 | hpc_loss 4.844 | F 4.844 | inf_steps 12 | amort 0.9336 | π_scale 1.093 | NE 1.923 | bcm 0.0000 | θ_M 0.073 | ETA 3791.2h
step    960 | loss 6.0938 | lr 1.44e-04 | grad 1.05 | 1.0k tok/s (avg 0.8k) | cert 0.24→0.24 | hpc_loss 4.844 | F 4.844 | inf_steps 10 | amort 0.9961 | π_scale 1.093 | NE 1.921 | bcm 0.0000 | θ_M 0.074 | ETA 3780.8h
step    970 | loss 6.7812 | lr 1.45e-04 | grad 1.05 | 1.1k tok/s (avg 0.8k) | cert 0.23→0.23 | hpc_loss 4.844 | F 4.844 | inf_steps 19 | amort 0.9844 | π_scale 1.093 | NE 1.921 | bcm 0.0000 | θ_M 0.073 | ETA 3767.8h
step    980 | loss 7.9688 | lr 1.47e-04 | grad 1.02 | 0.8k tok/s (avg 0.8k) | cert 0.18→0.18 | hpc_loss 4.844 | F 4.812 | inf_steps 18 | amort 0.9609 | π_scale 1.093 | NE 1.917 | bcm 0.0000 | θ_M 0.073 | ETA 3763.7h
step    990 | loss 6.4688 | lr 1.49e-04 | grad 1.02 | 1.1k tok/s (avg 0.8k) | cert 0.28→0.28 | hpc_loss 4.844 | F 4.812 | inf_steps 18 | amort 0.9727 | π_scale 1.093 | NE 1.917 | bcm 0.0000 | θ_M 0.073 | ETA 3751.4h
step   1000 | loss 7.7188 | lr 1.50e-04 | grad 1.12 | 0.9k tok/s (avg 0.8k) | cert 0.19→0.19 | hpc_loss 4.844 | F 4.844 | inf_steps 17 | amort 0.9570 | π_scale 1.093 | NE 1.915 | bcm 0.0000 | θ_M 0.073 | ETA 3745.6h
[CachedTeacherDataset/eval] 9 shards (of 199 total) under teacher_cache/phase1 | seq_len=512 top_k=128
  >>> val @ step 1000:
  T=dyn | CE=6.3362 | PPL=564.66 | top1=17.4% | top5=32.8% | (25600 tok)
step   1010 | loss 5.2812 | lr 1.51e-04 | grad 1.33 | 0.4k tok/s (avg 0.8k) | cert 0.33→0.33 | hpc_loss 4.812 | F 4.812 | inf_steps 10 | amort 0.9922 | π_scale 1.093 | NE 1.916 | bcm 0.0000 | θ_M 0.108 | ETA 3785.8h
step   1020 | loss 6.2500 | lr 1.53e-04 | grad 1.33 | 1.1k tok/s (avg 0.8k) | cert 0.29→0.29 | hpc_loss 4.812 | F 4.812 | inf_steps 18 | amort 0.9844 | π_scale 1.093 | NE 1.916 | bcm 0.0000 | θ_M 0.073 | ETA 3775.1h
step   1030 | loss 9.1250 | lr 1.54e-04 | grad 0.94 | 0.9k tok/s (avg 0.8k) | cert 0.15→0.15 | hpc_loss 4.812 | F 4.812 | inf_steps 10 | amort 0.9922 | π_scale 1.093 | NE 1.905 | bcm 0.0000 | θ_M 0.073 | ETA 3767.7h
step   1040 | loss 8.1875 | lr 1.56e-04 | grad 1.00 | 0.9k tok/s (avg 0.8k) | cert 0.22→0.22 | hpc_loss 4.812 | F 4.812 | inf_steps 20 | amort 0.9766 | π_scale 1.093 | NE 1.897 | bcm 0.0000 | θ_M 0.073 | ETA 3762.5h
step   1050 | loss 7.5000 | lr 1.57e-04 | grad 1.00 | 1.1k tok/s (avg 0.8k) | cert 0.15→0.15 | hpc_loss 4.812 | F 4.812 | inf_steps 10 | amort 1.0000 | π_scale 1.093 | NE 1.897 | bcm 0.0000 | θ_M 0.073 | ETA 3751.4h
step   1060 | loss 7.7188 | lr 1.59e-04 | grad 0.96 | 0.9k tok/s (avg 0.8k) | cert 0.19→0.19 | hpc_loss 4.812 | F 4.812 | inf_steps 10 | amort 0.9844 | π_scale 1.093 | NE 1.894 | bcm 0.0000 | θ_M 0.073 | ETA 3745.6h
step   1070 | loss 6.5938 | lr 1.60e-04 | grad 0.96 | 1.1k tok/s (avg 0.8k) | cert 0.34→0.34 | hpc_loss 4.812 | F 4.812 | inf_steps 18 | amort 0.9922 | π_scale 1.093 | NE 1.894 | bcm 0.0000 | θ_M 0.073 | ETA 3734.0h
step   1080 | loss 8.4375 | lr 1.62e-04 | grad 1.00 | 0.9k tok/s (avg 0.8k) | cert 0.19→0.19 | hpc_loss 4.812 | F 4.812 | inf_steps 10 | amort 0.9844 | π_scale 1.093 | NE 1.884 | bcm 0.0000 | θ_M 0.073 | ETA 3727.1h
step   1090 | loss 7.6875 | lr 1.63e-04 | grad 0.95 | 0.8k tok/s (avg 0.8k) | cert 0.21→0.21 | hpc_loss 4.812 | F 4.812 | inf_steps 16 | amort 0.9375 | π_scale 1.093 | NE 1.878 | bcm 0.0000 | θ_M 0.073 | ETA 3724.3h
step   1100 | loss 8.0625 | lr 1.65e-04 | grad 0.95 | 1.1k tok/s (avg 0.8k) | cert 0.28→0.28 | hpc_loss 4.812 | F 4.812 | inf_steps 18 | amort 0.9922 | π_scale 1.093 | NE 1.878 | bcm 0.0000 | θ_M 0.073 | ETA 3715.0h
step   1110 | loss 8.0000 | lr 1.66e-04 | grad 0.94 | 0.9k tok/s (avg 0.8k) | cert 0.20→0.20 | hpc_loss 4.812 | F 4.812 | inf_steps 17 | amort 0.9336 | π_scale 1.093 | NE 1.872 | bcm 0.0000 | θ_M 0.073 | ETA 3710.9h
step   1120 | loss 7.5625 | lr 1.68e-04 | grad 0.96 | 0.8k tok/s (avg 0.8k) | cert 0.32→0.32 | hpc_loss 4.812 | F 4.812 | inf_steps 20 | amort 1.0078 | π_scale 1.093 | NE 1.862 | bcm 0.0000 | θ_M 0.073 | ETA 3708.9h
step   1130 | loss 6.4062 | lr 1.69e-04 | grad 0.96 | 1.2k tok/s (avg 0.8k) | cert 0.28→0.28 | hpc_loss 4.812 | F 4.812 | inf_steps 10 | amort 0.9805 | π_scale 1.093 | NE 1.862 | bcm 0.0000 | θ_M 0.073 | ETA 3696.3h
step   1140 | loss 7.4688 | lr 1.71e-04 | grad 0.92 | 0.9k tok/s (avg 0.8k) | cert 0.23→0.23 | hpc_loss 4.812 | F 4.781 | inf_steps 12 | amort 0.9102 | π_scale 1.093 | NE 1.853 | bcm 0.0000 | θ_M 0.073 | ETA 3692.8h
step   1150 | loss 6.3750 | lr 1.72e-04 | grad 0.92 | 1.1k tok/s (avg 0.8k) | cert 0.35→0.35 | hpc_loss 4.781 | F 4.781 | inf_steps 12 | amort 0.9766 | π_scale 1.093 | NE 1.853 | bcm 0.0000 | θ_M 0.073 | ETA 3682.9h
step   1160 | loss 5.4375 | lr 1.74e-04 | grad 1.02 | 1.1k tok/s (avg 0.8k) | cert 0.38→0.38 | hpc_loss 4.781 | F 4.781 | inf_steps 12 | amort 0.9180 | π_scale 1.093 | NE 1.844 | bcm 0.0000 | θ_M 0.073 | ETA 3674.1h
step   1170 | loss 5.1875 | lr 1.75e-04 | grad 0.87 | 0.7k tok/s (avg 0.8k) | cert 0.41→0.41 | hpc_loss 4.781 | F 4.781 | inf_steps 12 | amort 0.9414 | π_scale 1.093 | NE 1.838 | bcm 0.0000 | θ_M 0.073 | ETA 3677.7h
step   1180 | loss 6.0000 | lr 1.77e-04 | grad 0.87 | 1.1k tok/s (avg 0.8k) | cert 0.35→0.35 | hpc_loss 4.781 | F 4.781 | inf_steps 9 | amort 1.1562 | π_scale 1.093 | NE 1.838 | bcm 0.0000 | θ_M 0.074 | ETA 3668.0h
step   1190 | loss 8.1250 | lr 1.79e-04 | grad 0.89 | 1.0k tok/s (avg 0.8k) | cert 0.17→0.17 | hpc_loss 4.781 | F 4.781 | inf_steps 20 | amort 0.9336 | π_scale 1.093 | NE 1.829 | bcm 0.0000 | θ_M 0.073 | ETA 3662.3h
step   1200 | loss 8.5000 | lr 1.80e-04 | grad 0.82 | 0.8k tok/s (avg 0.8k) | cert 0.22→0.22 | hpc_loss 4.781 | F 4.781 | inf_steps 18 | amort 0.9688 | π_scale 1.093 | NE 1.825 | bcm 0.0000 | θ_M 0.073 | ETA 3661.9h
step   1210 | loss 6.9375 | lr 1.81e-04 | grad 0.82 | 1.3k tok/s (avg 0.8k) | cert 0.29→0.29 | hpc_loss 4.781 | F 4.781 | inf_steps 12 | amort 0.9492 | π_scale 1.093 | NE 1.825 | bcm 0.0000 | θ_M 0.073 | ETA 3649.7h
step   1220 | loss 8.0625 | lr 1.83e-04 | grad 0.79 | 0.8k tok/s (avg 0.8k) | cert 0.15→0.15 | hpc_loss 4.781 | F 4.781 | inf_steps 16 | amort 0.9336 | π_scale 1.093 | NE 1.825 | bcm 0.0000 | θ_M 0.073 | ETA 3648.9h
step   1230 | loss 5.0625 | lr 1.84e-04 | grad 0.79 | 1.1k tok/s (avg 0.8k) | cert 0.33→0.33 | hpc_loss 4.781 | F 4.781 | inf_steps 18 | amort 0.9766 | π_scale 1.093 | NE 1.825 | bcm 0.0000 | θ_M 0.073 | ETA 3640.5h
step   1240 | loss 5.5312 | lr 1.86e-04 | grad 0.89 | 0.9k tok/s (avg 0.8k) | cert 0.25→0.25 | hpc_loss 4.781 | F 4.750 | inf_steps 18 | amort 0.9531 | π_scale 1.093 | NE 1.822 | bcm 0.0000 | θ_M 0.073 | ETA 3637.1h
step   1250 | loss 5.6562 | lr 1.87e-04 | grad 0.83 | 0.8k tok/s (avg 0.8k) | cert 0.31→0.31 | hpc_loss 4.750 | F 4.719 | inf_steps 18 | amort 0.9766 | π_scale 1.093 | NE 1.822 | bcm 0.0000 | θ_M 0.073 | ETA 3637.6h
step   1260 | loss 7.1250 | lr 1.89e-04 | grad 0.83 | 1.3k tok/s (avg 0.8k) | cert 0.22→0.22 | hpc_loss 4.750 | F 4.750 | inf_steps 9 | amort 1.1328 | π_scale 1.093 | NE 1.822 | bcm 0.0000 | θ_M 0.075 | ETA 3625.6h
step   1270 | loss 5.7188 | lr 1.90e-04 | grad 0.83 | 0.8k tok/s (avg 0.8k) | cert 0.21→0.21 | hpc_loss 4.750 | F 4.719 | inf_steps 16 | amort 0.9414 | π_scale 1.093 | NE 1.822 | bcm 0.0000 | θ_M 0.073 | ETA 3625.3h
step   1280 | loss 7.9375 | lr 1.92e-04 | grad 0.77 | 0.8k tok/s (avg 0.8k) | cert 0.16→0.16 | hpc_loss 4.750 | F 4.750 | inf_steps 18 | amort 0.9688 | π_scale 1.093 | NE 1.822 | bcm 0.0000 | θ_M 0.073 | ETA 3623.4h
step   1290 | loss 7.0000 | lr 1.93e-04 | grad 0.77 | 1.2k tok/s (avg 0.8k) | cert 0.14→0.14 | hpc_loss 4.750 | F 4.750 | inf_steps 9 | amort 1.1094 | π_scale 1.093 | NE 1.822 | bcm 0.0000 | θ_M 0.073 | ETA 3613.4h
step   1300 | loss 5.2500 | lr 1.95e-04 | grad 0.87 | 0.8k tok/s (avg 0.8k) | cert 0.27→0.27 | hpc_loss 4.750 | F 4.719 | inf_steps 16 | amort 0.9648 | π_scale 1.092 | NE 1.822 | bcm 0.0000 | θ_M 0.073 | ETA 3614.0h
step   1310 | loss 7.7812 | lr 1.96e-04 | grad 0.87 | 1.1k tok/s (avg 0.8k) | cert 0.12→0.12 | hpc_loss 4.750 | F 4.750 | inf_steps 9 | amort 1.1328 | π_scale 1.092 | NE 1.822 | bcm 0.0000 | θ_M 0.074 | ETA 3606.2h
step   1320 | loss 6.9688 | lr 1.98e-04 | grad 0.84 | 0.9k tok/s (avg 0.8k) | cert 0.14→0.14 | hpc_loss 4.750 | F 4.719 | inf_steps 16 | amort 0.9375 | π_scale 1.092 | NE 1.822 | bcm 0.0000 | θ_M 0.073 | ETA 3603.0h
step   1330 | loss 7.8750 | lr 1.99e-04 | grad 0.78 | 0.9k tok/s (avg 0.8k) | cert 0.05→0.05 | hpc_loss 4.750 | F 4.719 | inf_steps 10 | amort 0.9805 | π_scale 1.092 | NE 1.818 | bcm 0.0000 | θ_M 0.073 | ETA 3599.6h
step   1340 | loss 6.7812 | lr 2.01e-04 | grad 0.78 | 1.2k tok/s (avg 0.8k) | cert 0.11→0.11 | hpc_loss 4.750 | F 4.719 | inf_steps 12 | amort 0.9414 | π_scale 1.092 | NE 1.818 | bcm 0.0000 | θ_M 0.073 | ETA 3590.4h
step   1350 | loss 5.7188 | lr 2.02e-04 | grad 0.82 | 0.8k tok/s (avg 0.8k) | cert 0.21→0.21 | hpc_loss 4.719 | F 4.719 | inf_steps 18 | amort 0.9609 | π_scale 1.092 | NE 1.824 | bcm 0.0000 | θ_M 0.073 | ETA 3591.6h
step   1360 | loss 6.4062 | lr 2.04e-04 | grad 0.78 | 0.9k tok/s (avg 0.8k) | cert 0.15→0.15 | hpc_loss 4.719 | F 4.719 | inf_steps 12 | amort 0.9453 | π_scale 1.092 | NE 1.828 | bcm 0.0000 | θ_M 0.073 | ETA 3588.5h
step   1370 | loss 7.7812 | lr 2.05e-04 | grad 0.78 | 1.0k tok/s (avg 0.8k) | cert 0.09→0.09 | hpc_loss 4.719 | F 4.719 | inf_steps 18 | amort 0.9648 | π_scale 1.092 | NE 1.828 | bcm 0.0000 | θ_M 0.073 | ETA 3583.9h
step   1380 | loss 5.2500 | lr 2.07e-04 | grad 0.76 | 1.0k tok/s (avg 0.8k) | cert 0.27→0.27 | hpc_loss 4.719 | F 4.719 | inf_steps 12 | amort 0.9102 | π_scale 1.092 | NE 1.830 | bcm 0.0000 | θ_M 0.073 | ETA 3579.1h
step   1390 | loss 8.0625 | lr 2.08e-04 | grad 0.76 | 1.2k tok/s (avg 0.8k) | cert 0.02→0.02 | hpc_loss 4.719 | F 4.719 | inf_steps 16 | amort 0.9375 | π_scale 1.092 | NE 1.830 | bcm 0.0000 | θ_M 0.073 | ETA 3570.4h
step   1400 | loss 7.5625 | lr 2.10e-04 | grad 0.80 | 0.8k tok/s (avg 0.8k) | cert 0.11→0.11 | hpc_loss 4.719 | F 4.719 | inf_steps 18 | amort 0.9805 | π_scale 1.092 | NE 1.837 | bcm 0.0000 | θ_M 0.073 | ETA 3571.5h
step   1410 | loss 6.0000 | lr 2.11e-04 | grad 0.73 | 0.9k tok/s (avg 0.8k) | cert 0.08→0.08 | hpc_loss 4.688 | F 4.688 | inf_steps 17 | amort 0.9023 | π_scale 1.092 | NE 1.835 | bcm 0.0000 | θ_M 0.073 | ETA 3567.6h
step   1420 | loss 6.0000 | lr 2.13e-04 | grad 0.73 | 1.2k tok/s (avg 0.8k) | cert 0.05→0.05 | hpc_loss 4.688 | F 4.688 | inf_steps 18 | amort 0.9492 | π_scale 1.092 | NE 1.835 | bcm 0.0000 | θ_M 0.073 | ETA 3559.0h
step   1430 | loss 5.6250 | lr 2.14e-04 | grad 0.79 | 0.8k tok/s (avg 0.8k) | cert 0.16→0.16 | hpc_loss 4.688 | F 4.688 | inf_steps 19 | amort 0.9648 | π_scale 1.092 | NE 1.840 | bcm 0.0000 | θ_M 0.073 | ETA 3558.3h
step   1440 | loss 7.6250 | lr 2.16e-04 | grad 0.70 | 0.8k tok/s (avg 0.8k) | cert 0.04→0.04 | hpc_loss 4.688 | F 4.688 | inf_steps 16 | amort 0.9414 | π_scale 1.092 | NE 1.843 | bcm 0.0000 | θ_M 0.073 | ETA 3557.0h
step   1450 | loss 5.0000 | lr 2.17e-04 | grad 0.70 | 1.2k tok/s (avg 0.8k) | cert 0.15→0.15 | hpc_loss 4.688 | F 4.688 | inf_steps 13 | amort 1.0078 | π_scale 1.092 | NE 1.843 | bcm 0.0000 | θ_M 0.073 | ETA 3549.2h
step   1460 | loss 6.6875 | lr 2.19e-04 | grad 0.74 | 0.8k tok/s (avg 0.8k) | cert 0.10→0.10 | hpc_loss 4.688 | F 4.688 | inf_steps 16 | amort 0.9336 | π_scale 1.092 | NE 1.846 | bcm 0.0000 | θ_M 0.073 | ETA 3548.7h
step   1470 | loss 5.4375 | lr 2.20e-04 | grad 0.74 | 1.5k tok/s (avg 0.8k) | cert 0.06→0.06 | hpc_loss 4.688 | F 4.688 | inf_steps 18 | amort 0.9453 | π_scale 1.092 | NE 1.846 | bcm 0.0000 | θ_M 0.073 | ETA 3537.8h
step   1480 | loss 5.0938 | lr 2.22e-04 | grad 0.80 | 0.8k tok/s (avg 0.8k) | cert 0.12→0.12 | hpc_loss 4.688 | F 4.688 | inf_steps 13 | amort 1.0000 | π_scale 1.092 | NE 1.852 | bcm 0.0000 | θ_M 0.073 | ETA 3538.6h
step   1490 | loss 6.1562 | lr 2.23e-04 | grad 0.86 | 0.8k tok/s (avg 0.8k) | cert 0.10→0.10 | hpc_loss 4.656 | F 4.656 | inf_steps 12 | amort 0.9062 | π_scale 1.092 | NE 1.858 | bcm 0.0000 | θ_M 0.073 | ETA 3537.8h
step   1500 | loss 5.5312 | lr 2.25e-04 | grad 0.86 | 1.2k tok/s (avg 0.8k) | cert 0.10→0.10 | hpc_loss 4.656 | F 4.656 | inf_steps 20 | amort 0.9609 | π_scale 1.092 | NE 1.858 | bcm 0.0000 | θ_M 0.073 | ETA 3530.3h
step   1510 | loss 5.2188 | lr 2.26e-04 | grad 0.81 | 0.9k tok/s (avg 0.8k) | cert 0.07→0.07 | hpc_loss 4.656 | F 4.656 | inf_steps 10 | amort 0.9766 | π_scale 1.092 | NE 1.862 | bcm 0.0000 | θ_M 0.073 | ETA 3528.2h
step   1520 | loss 5.3125 | lr 2.28e-04 | grad 0.73 | 1.0k tok/s (avg 0.8k) | cert 0.09→0.09 | hpc_loss 4.656 | F 4.656 | inf_steps 9 | amort 1.0938 | π_scale 1.092 | NE 1.867 | bcm 0.0000 | θ_M 0.074 | ETA 3524.6h
step   1530 | loss 4.7188 | lr 2.29e-04 | grad 0.73 | 1.3k tok/s (avg 0.8k) | cert 0.03→0.03 | hpc_loss 4.656 | F 4.656 | inf_steps 10 | amort 0.9766 | π_scale 1.092 | NE 1.867 | bcm 0.0000 | θ_M 0.073 | ETA 3516.2h
step   1540 | loss 5.0625 | lr 2.31e-04 | grad 0.80 | 0.7k tok/s (avg 0.8k) | cert 0.12→0.12 | hpc_loss 4.656 | F 4.656 | inf_steps 12 | amort 0.9336 | π_scale 1.092 | NE 1.870 | bcm 0.0000 | θ_M 0.073 | ETA 3518.3h
step   1550 | loss 5.6875 | lr 2.32e-04 | grad 0.80 | 1.2k tok/s (avg 0.8k) | cert 0.04→0.04 | hpc_loss 4.656 | F 4.656 | inf_steps 23 | amort 0.9258 | π_scale 1.092 | NE 1.870 | bcm 0.0000 | θ_M 0.073 | ETA 3511.4h
step   1560 | loss 6.5938 | lr 2.34e-04 | grad 0.80 | 0.9k tok/s (avg 0.8k) | cert 0.02→0.02 | hpc_loss 4.656 | F 4.656 | inf_steps 10 | amort 0.9844 | π_scale 1.092 | NE 1.876 | bcm 0.0000 | θ_M 0.073 | ETA 3508.2h
step   1570 | loss 6.9062 | lr 2.35e-04 | grad 0.82 | 0.8k tok/s (avg 0.8k) | cert 0.08→0.08 | hpc_loss 4.625 | F 4.625 | inf_steps 19 | amort 0.9648 | π_scale 1.092 | NE 1.875 | bcm 0.0000 | θ_M 0.073 | ETA 3507.5h
step   1580 | loss 6.6562 | lr 2.37e-04 | grad 0.82 | 1.2k tok/s (avg 0.8k) | cert 0.03→0.03 | hpc_loss 4.625 | F 4.625 | inf_steps 10 | amort 0.9648 | π_scale 1.092 | NE 1.875 | bcm 0.0000 | θ_M 0.073 | ETA 3500.8h
step   1590 | loss 5.7500 | lr 2.38e-04 | grad 0.69 | 0.8k tok/s (avg 0.8k) | cert 0.05→0.05 | hpc_loss 4.625 | F 4.625 | inf_steps 19 | amort 0.9453 | π_scale 1.092 | NE 1.876 | bcm 0.0000 | θ_M 0.073 | ETA 3499.9h
step   1600 | loss 7.5000 | lr 2.40e-04 | grad 0.81 | 0.9k tok/s (avg 0.8k) | cert 0.09→0.09 | hpc_loss 4.625 | F 4.625 | inf_steps 16 | amort 0.9570 | π_scale 1.092 | NE 1.874 | bcm 0.0000 | θ_M 0.073 | ETA 3497.8h
step   1610 | loss 6.0625 | lr 2.41e-04 | grad 0.81 | 1.1k tok/s (avg 0.8k) | cert 0.10→0.10 | hpc_loss 4.625 | F 4.625 | inf_steps 18 | amort 0.9141 | π_scale 1.092 | NE 1.874 | bcm 0.0000 | θ_M 0.073 | ETA 3491.7h
step   1620 | loss 5.3438 | lr 2.43e-04 | grad 0.66 | 0.8k tok/s (avg 0.8k) | cert 0.11→0.11 | hpc_loss 4.625 | F 4.625 | inf_steps 12 | amort 0.9609 | π_scale 1.092 | NE 1.878 | bcm 0.0000 | θ_M 0.073 | ETA 3491.1h
step   1630 | loss 8.1875 | lr 2.44e-04 | grad 0.66 | 1.3k tok/s (avg 0.8k) | cert 0.05→0.05 | hpc_loss 4.625 | F 4.625 | inf_steps 20 | amort 0.9062 | π_scale 1.092 | NE 1.878 | bcm 0.0000 | θ_M 0.073 | ETA 3483.6h
step   1640 | loss 7.3750 | lr 2.46e-04 | grad 0.72 | 0.8k tok/s (avg 0.8k) | cert 0.05→0.05 | hpc_loss 4.594 | F 4.594 | inf_steps 19 | amort 0.9492 | π_scale 1.092 | NE 1.880 | bcm 0.0000 | θ_M 0.073 | ETA 3484.0h
step   1650 | loss 4.6250 | lr 2.47e-04 | grad 0.74 | 0.8k tok/s (avg 0.8k) | cert 0.23→0.23 | hpc_loss 4.594 | F 4.594 | inf_steps 12 | amort 0.9570 | π_scale 1.092 | NE 1.881 | bcm 0.0000 | θ_M 0.073 | ETA 3483.3h
step   1660 | loss 7.2188 | lr 2.49e-04 | grad 0.74 | 1.1k tok/s (avg 0.8k) | cert 0.06→0.06 | hpc_loss 4.594 | F 4.594 | inf_steps 18 | amort 0.9102 | π_scale 1.092 | NE 1.881 | bcm 0.0000 | θ_M 0.073 | ETA 3477.7h
step   1670 | loss 4.9375 | lr 2.51e-04 | grad 0.76 | 0.8k tok/s (avg 0.8k) | cert 0.12→0.12 | hpc_loss 4.594 | F 4.594 | inf_steps 20 | amort 0.9805 | π_scale 1.092 | NE 1.885 | bcm 0.0000 | θ_M 0.073 | ETA 3477.8h
step   1680 | loss 5.8750 | lr 2.52e-04 | grad 0.70 | 1.0k tok/s (avg 0.8k) | cert 0.12→0.12 | hpc_loss 4.562 | F 4.562 | inf_steps 17 | amort 0.9062 | π_scale 1.092 | NE 1.887 | bcm 0.0000 | θ_M 0.073 | ETA 3474.7h
step   1690 | loss 5.8438 | lr 2.53e-04 | grad 0.70 | 1.2k tok/s (avg 0.8k) | cert 0.21→0.21 | hpc_loss 4.562 | F 4.562 | inf_steps 12 | amort 0.9297 | π_scale 1.092 | NE 1.887 | bcm 0.0000 | θ_M 0.073 | ETA 3468.6h
step   1700 | loss 6.4062 | lr 2.55e-04 | grad 0.82 | 0.9k tok/s (avg 0.8k) | cert 0.12→0.12 | hpc_loss 4.562 | F 4.562 | inf_steps 18 | amort 0.9727 | π_scale 1.092 | NE 1.890 | bcm 0.0000 | θ_M 0.073 | ETA 3467.5h
step   1710 | loss 7.2500 | lr 2.56e-04 | grad 0.82 | 1.2k tok/s (avg 0.8k) | cert 0.05→0.05 | hpc_loss 4.562 | F 4.562 | inf_steps 18 | amort 0.8906 | π_scale 1.092 | NE 1.890 | bcm 0.0000 | θ_M 0.073 | ETA 3461.2h
step   1720 | loss 4.9688 | lr 2.58e-04 | grad 0.77 | 0.8k tok/s (avg 0.8k) | cert 0.12→0.12 | hpc_loss 4.562 | F 4.562 | inf_steps 19 | amort 0.9688 | π_scale 1.092 | NE 1.891 | bcm 0.0000 | θ_M 0.073 | ETA 3460.8h
step   1730 | loss 8.1250 | lr 2.59e-04 | grad 0.77 | 0.9k tok/s (avg 0.8k) | cert 0.11→0.11 | hpc_loss 4.562 | F 4.562 | inf_steps 12 | amort 0.8945 | π_scale 1.092 | NE 1.893 | bcm 0.0000 | θ_M 0.073 | ETA 3458.2h
step   1740 | loss 5.9062 | lr 2.61e-04 | grad 0.77 | 1.1k tok/s (avg 0.8k) | cert 0.16→0.16 | hpc_loss 4.531 | F 4.562 | inf_steps 19 | amort 0.9375 | π_scale 1.092 | NE 1.893 | bcm 0.0000 | θ_M 0.073 | ETA 3452.7h
step   1750 | loss 5.4688 | lr 2.62e-04 | grad 0.79 | 1.0k tok/s (avg 0.8k) | cert 0.11→0.11 | hpc_loss 4.531 | F 4.562 | inf_steps 12 | amort 0.9219 | π_scale 1.092 | NE 1.893 | bcm 0.0000 | θ_M 0.073 | ETA 3449.9h
step   1760 | loss 4.6562 | lr 2.64e-04 | grad 0.74 | 0.8k tok/s (avg 0.8k) | cert 0.03→0.03 | hpc_loss 4.531 | F 4.531 | inf_steps 10 | amort 0.9609 | π_scale 1.092 | NE 1.897 | bcm 0.0000 | θ_M 0.073 | ETA 3449.7h
step   1770 | loss 5.3438 | lr 2.65e-04 | grad 0.74 | 1.1k tok/s (avg 0.8k) | cert 0.08→0.08 | hpc_loss 4.531 | F 4.531 | inf_steps 12 | amort 0.9180 | π_scale 1.092 | NE 1.897 | bcm 0.0000 | θ_M 0.073 | ETA 3444.6h
step   1780 | loss 5.0938 | lr 2.67e-04 | grad 0.67 | 0.8k tok/s (avg 0.8k) | cert 0.11→0.11 | hpc_loss 4.531 | F 4.531 | inf_steps 16 | amort 0.9414 | π_scale 1.092 | NE 1.896 | bcm 0.0000 | θ_M 0.073 | ETA 3444.6h
step   1790 | loss 4.7188 | lr 2.68e-04 | grad 0.67 | 1.2k tok/s (avg 0.8k) | cert 0.07→0.07 | hpc_loss 4.531 | F 4.531 | inf_steps 17 | amort 0.9180 | π_scale 1.092 | NE 1.896 | bcm 0.0000 | θ_M 0.073 | ETA 3438.5h
step   1800 | loss 6.9688 | lr 2.70e-04 | grad 0.87 | 0.7k tok/s (avg 0.8k) | cert 0.09→0.09 | hpc_loss 4.500 | F 4.531 | inf_steps 17 | amort 0.9297 | π_scale 1.092 | NE 1.896 | bcm 0.0000 | θ_M 0.073 | ETA 3442.1h
step   1810 | loss 7.4688 | lr 2.71e-04 | grad 0.74 | 0.9k tok/s (avg 0.8k) | cert 0.05→0.05 | hpc_loss 4.500 | F 4.531 | inf_steps 10 | amort 0.9570 | π_scale 1.092 | NE 1.893 | bcm 0.0000 | θ_M 0.073 | ETA 3441.2h
step   1820 | loss 6.6562 | lr 2.73e-04 | grad 0.74 | 1.2k tok/s (avg 0.8k) | cert 0.06→0.06 | hpc_loss 4.500 | F 4.531 | inf_steps 12 | amort 0.9062 | π_scale 1.092 | NE 1.893 | bcm 0.0000 | θ_M 0.073 | ETA 3434.8h
step   1830 | loss 7.4688 | lr 2.74e-04 | grad 0.67 | 0.8k tok/s (avg 0.8k) | cert 0.08→0.08 | hpc_loss 4.500 | F 4.531 | inf_steps 16 | amort 0.9297 | π_scale 1.092 | NE 1.894 | bcm 0.0000 | θ_M 0.073 | ETA 3435.8h
step   1840 | loss 6.1875 | lr 2.76e-04 | grad 0.72 | 0.8k tok/s (avg 0.8k) | cert 0.11→0.11 | hpc_loss 4.500 | F 4.500 | inf_steps 16 | amort 0.9258 | π_scale 1.092 | NE 1.886 | bcm 0.0000 | θ_M 0.073 | ETA 3435.7h
step   1850 | loss 5.7812 | lr 2.77e-04 | grad 0.72 | 1.3k tok/s (avg 0.8k) | cert 0.05→0.05 | hpc_loss 4.500 | F 4.531 | inf_steps 9 | amort 1.0547 | π_scale 1.092 | NE 1.886 | bcm 0.0000 | θ_M 0.073 | ETA 3428.9h
step   1860 | loss 4.7500 | lr 2.79e-04 | grad 0.74 | 0.7k tok/s (avg 0.8k) | cert 0.15→0.15 | hpc_loss 4.469 | F 4.500 | inf_steps 12 | amort 0.9180 | π_scale 1.092 | NE 1.888 | bcm 0.0000 | θ_M 0.073 | ETA 3431.1h
step   1870 | loss 5.5938 | lr 2.80e-04 | grad 0.74 | 1.0k tok/s (avg 0.8k) | cert 0.16→0.16 | hpc_loss 4.469 | F 4.500 | inf_steps 18 | amort 0.9414 | π_scale 1.092 | NE 1.888 | bcm 0.0000 | θ_M 0.073 | ETA 3427.2h
step   1880 | loss 4.7500 | lr 2.82e-04 | grad 0.79 | 1.0k tok/s (avg 0.8k) | cert 0.17→0.17 | hpc_loss 4.469 | F 4.469 | inf_steps 16 | amort 0.9219 | π_scale 1.092 | NE 1.889 | bcm 0.0000 | θ_M 0.073 | ETA 3424.6h
step   1890 | loss 5.7188 | lr 2.83e-04 | grad 0.86 | 0.7k tok/s (avg 0.8k) | cert 0.13→0.13 | hpc_loss 4.438 | F 4.438 | inf_steps 20 | amort 0.9375 | π_scale 1.092 | NE 1.889 | bcm 0.0000 | θ_M 0.073 | ETA 3427.2h
step   1900 | loss 4.7500 | lr 2.85e-04 | grad 0.86 | 1.1k tok/s (avg 0.8k) | cert 0.12→0.12 | hpc_loss 4.438 | F 4.438 | inf_steps 18 | amort 0.9492 | π_scale 1.092 | NE 1.889 | bcm 0.0000 | θ_M 0.073 | ETA 3423.2h
step   1910 | loss 5.0312 | lr 2.86e-04 | grad 0.82 | 0.8k tok/s (avg 0.8k) | cert 0.14→0.14 | hpc_loss 4.438 | F 4.438 | inf_steps 12 | amort 0.8945 | π_scale 1.092 | NE 1.890 | bcm 0.0000 | θ_M 0.073 | ETA 3423.3h
step   1920 | loss 4.5312 | lr 2.88e-04 | grad 0.78 | 0.8k tok/s (avg 0.8k) | cert 0.28→0.28 | hpc_loss 4.438 | F 4.438 | inf_steps 20 | amort 0.9297 | π_scale 1.092 | NE 1.889 | bcm 0.0000 | θ_M 0.073 | ETA 3423.1h
step   1930 | loss 4.6875 | lr 2.89e-04 | grad 0.78 | 1.0k tok/s (avg 0.8k) | cert 0.13→0.13 | hpc_loss 4.438 | F 4.438 | inf_steps 20 | amort 0.9492 | π_scale 1.092 | NE 1.889 | bcm 0.0000 | θ_M 0.073 | ETA 3419.6h
step   1940 | loss 6.6875 | lr 2.91e-04 | grad 0.76 | 0.9k tok/s (avg 0.8k) | cert 0.17→0.17 | hpc_loss 4.406 | F 4.438 | inf_steps 9 | amort 1.0781 | π_scale 1.091 | NE 1.888 | bcm 0.0000 | θ_M 0.073 | ETA 3417.4h
step   1950 | loss 4.8750 | lr 2.93e-04 | grad 0.76 | 1.3k tok/s (avg 0.8k) | cert 0.14→0.14 | hpc_loss 4.406 | F 4.406 | inf_steps 12 | amort 0.8906 | π_scale 1.091 | NE 1.888 | bcm 0.0000 | θ_M 0.073 | ETA 3411.0h
step   1960 | loss 5.2188 | lr 2.94e-04 | grad 0.73 | 0.7k tok/s (avg 0.8k) | cert 0.18→0.18 | hpc_loss 4.406 | F 4.406 | inf_steps 12 | amort 0.9102 | π_scale 1.091 | NE 1.890 | bcm 0.0000 | θ_M 0.073 | ETA 3413.0h
step   1970 | loss 7.0312 | lr 2.95e-04 | grad 0.73 | 0.9k tok/s (avg 0.8k) | cert 0.19→0.19 | hpc_loss 4.406 | F 4.406 | inf_steps 18 | amort 0.9297 | π_scale 1.091 | NE 1.886 | bcm 0.0000 | θ_M 0.073 | ETA 3411.6h
step   1980 | loss 5.1875 | lr 2.97e-04 | grad 0.73 | 1.2k tok/s (avg 0.8k) | cert 0.24→0.24 | hpc_loss 4.375 | F 4.406 | inf_steps 19 | amort 0.9297 | π_scale 1.091 | NE 1.886 | bcm 0.0000 | θ_M 0.073 | ETA 3406.6h
step   1990 | loss 5.7500 | lr 2.98e-04 | grad 0.76 | 0.8k tok/s (avg 0.8k) | cert 0.19→0.19 | hpc_loss 4.375 | F 4.406 | inf_steps 18 | amort 0.9336 | π_scale 1.091 | NE 1.878 | bcm 0.0000 | θ_M 0.073 | ETA 3406.9h
step   2000 | loss 6.2188 | lr 3.00e-04 | grad 0.79 | 1.0k tok/s (avg 0.8k) | cert 0.19→0.19 | hpc_loss 4.375 | F 4.375 | inf_steps 9 | amort 1.0547 | π_scale 1.091 | NE 1.873 | bcm 0.0000 | θ_M 0.073 | ETA 3404.5h
[CachedTeacherDataset/eval] 9 shards (of 199 total) under teacher_cache/phase1 | seq_len=512 top_k=128
  >>> val @ step 2000:
  T=dyn | CE=5.0477 | PPL=155.67 | top1=22.6% | top5=41.6% | (25600 tok)
step   2010 | loss 4.7188 | lr 3.00e-04 | grad 0.79 | 0.4k tok/s (avg 0.8k) | cert 0.32→0.32 | hpc_loss 4.375 | F 4.375 | inf_steps 19 | amort 0.9414 | π_scale 1.091 | NE 1.873 | bcm 0.0000 | θ_M 0.086 | ETA 3424.8h
step   2020 | loss 4.6875 | lr 3.00e-04 | grad 0.72 | 0.9k tok/s (avg 0.8k) | cert 0.18→0.18 | hpc_loss 4.375 | F 4.375 | inf_steps 12 | amort 0.8984 | π_scale 1.091 | NE 1.872 | bcm 0.0000 | θ_M 0.073 | ETA 3424.0h
step   2030 | loss 4.7812 | lr 3.00e-04 | grad 0.72 | 1.3k tok/s (avg 0.8k) | cert 0.15→0.15 | hpc_loss 4.375 | F 4.375 | inf_steps 20 | amort 0.9258 | π_scale 1.091 | NE 1.872 | bcm 0.0000 | θ_M 0.073 | ETA 3418.2h
step   2040 | loss 4.7188 | lr 3.00e-04 | grad 0.75 | 0.7k tok/s (avg 0.8k) | cert 0.17→0.17 | hpc_loss 4.375 | F 4.375 | inf_steps 18 | amort 0.9336 | π_scale 1.091 | NE 1.873 | bcm 0.0000 | θ_M 0.073 | ETA 3420.6h
step   2050 | loss 4.8125 | lr 3.00e-04 | grad 0.79 | 1.0k tok/s (avg 0.8k) | cert 0.26→0.26 | hpc_loss 4.344 | F 4.375 | inf_steps 12 | amort 0.8828 | π_scale 1.091 | NE 1.875 | bcm 0.0000 | θ_M 0.073 | ETA 3418.5h
step   2060 | loss 5.1875 | lr 3.00e-04 | grad 0.79 | 1.3k tok/s (avg 0.8k) | cert 0.13→0.13 | hpc_loss 4.344 | F 4.375 | inf_steps 18 | amort 0.9180 | π_scale 1.091 | NE 1.875 | bcm 0.0000 | θ_M 0.073 | ETA 3412.2h
step   2070 | loss 5.4375 | lr 3.00e-04 | grad 0.79 | 0.7k tok/s (avg 0.8k) | cert 0.23→0.23 | hpc_loss 4.344 | F 4.344 | inf_steps 20 | amort 0.9375 | π_scale 1.091 | NE 1.870 | bcm 0.0000 | θ_M 0.073 | ETA 3414.2h
step   2080 | loss 5.4062 | lr 3.00e-04 | grad 0.79 | 1.0k tok/s (avg 0.8k) | cert 0.09→0.09 | hpc_loss 4.312 | F 4.344 | inf_steps 16 | amort 0.8906 | π_scale 1.091 | NE 1.871 | bcm 0.0000 | θ_M 0.073 | ETA 3412.0h
step   2090 | loss 5.5938 | lr 3.00e-04 | grad 0.79 | 1.3k tok/s (avg 0.8k) | cert 0.07→0.07 | hpc_loss 4.312 | F 4.344 | inf_steps 10 | amort 0.9453 | π_scale 1.091 | NE 1.871 | bcm 0.0000 | θ_M 0.073 | ETA 3405.9h
step   2100 | loss 5.1875 | lr 3.00e-04 | grad 0.87 | 0.8k tok/s (avg 0.8k) | cert 0.21→0.21 | hpc_loss 4.312 | F 4.312 | inf_steps 18 | amort 0.9258 | π_scale 1.091 | NE 1.868 | bcm 0.0000 | θ_M 0.073 | ETA 3406.0h
step   2110 | loss 8.3125 | lr 3.00e-04 | grad 0.87 | 1.1k tok/s (avg 0.8k) | cert 0.16→0.16 | hpc_loss 4.312 | F 4.312 | inf_steps 17 | amort 0.9102 | π_scale 1.091 | NE 1.868 | bcm 0.0000 | θ_M 0.073 | ETA 3401.7h
step   2120 | loss 9.3125 | lr 3.00e-04 | grad 0.75 | 0.8k tok/s (avg 0.8k) | cert 0.15→0.15 | hpc_loss 4.312 | F 4.312 | inf_steps 16 | amort 0.9141 | π_scale 1.091 | NE 1.865 | bcm 0.0000 | θ_M 0.073 | ETA 3402.6h
step   2130 | loss 5.1562 | lr 3.00e-04 | grad 0.77 | 0.9k tok/s (avg 0.8k) | cert 0.14→0.14 | hpc_loss 4.281 | F 4.312 | inf_steps 16 | amort 0.8984 | π_scale 1.091 | NE 1.864 | bcm 0.0000 | θ_M 0.073 | ETA 3401.4h
step   2140 | loss 5.8125 | lr 3.00e-04 | grad 0.77 | 1.2k tok/s (avg 0.8k) | cert 0.17→0.17 | hpc_loss 4.281 | F 4.312 | inf_steps 12 | amort 0.9102 | π_scale 1.091 | NE 1.864 | bcm 0.0000 | θ_M 0.073 | ETA 3396.6h
step   2150 | loss 5.7812 | lr 3.00e-04 | grad 0.69 | 0.8k tok/s (avg 0.8k) | cert 0.08→0.08 | hpc_loss 4.281 | F 4.281 | inf_steps 10 | amort 0.9375 | π_scale 1.091 | NE 1.862 | bcm 0.0000 | θ_M 0.073 | ETA 3397.2h
step   2160 | loss 7.3125 | lr 3.00e-04 | grad 0.73 | 0.9k tok/s (avg 0.8k) | cert 0.19→0.19 | hpc_loss 4.250 | F 4.281 | inf_steps 9 | amort 1.0703 | π_scale 1.091 | NE 1.860 | bcm 0.0000 | θ_M 0.073 | ETA 3395.7h
step   2170 | loss 4.9375 | lr 3.00e-04 | grad 0.73 | 1.1k tok/s (avg 0.8k) | cert 0.19→0.19 | hpc_loss 4.250 | F 4.250 | inf_steps 22 | amort 0.9141 | π_scale 1.091 | NE 1.860 | bcm 0.0000 | θ_M 0.073 | ETA 3392.3h
step   2180 | loss 7.5312 | lr 3.00e-04 | grad 0.80 | 0.8k tok/s (avg 0.8k) | cert 0.16→0.16 | hpc_loss 4.250 | F 4.250 | inf_steps 19 | amort 0.9258 | π_scale 1.091 | NE 1.861 | bcm 0.0000 | θ_M 0.073 | ETA 3392.7h
step   2190 | loss 5.5625 | lr 3.00e-04 | grad 0.80 | 1.2k tok/s (avg 0.8k) | cert 0.28→0.28 | hpc_loss 4.250 | F 4.250 | inf_steps 20 | amort 0.9531 | π_scale 1.091 | NE 1.861 | bcm 0.0000 | θ_M 0.073 | ETA 3388.4h
step   2200 | loss 6.6875 | lr 3.00e-04 | grad 0.75 | 0.9k tok/s (avg 0.8k) | cert 0.16→0.16 | hpc_loss 4.281 | F 4.281 | inf_steps 9 | amort 1.0156 | π_scale 1.091 | NE 1.861 | bcm 0.0000 | θ_M 0.073 | ETA 3387.6h
step   2210 | loss 5.6250 | lr 3.00e-04 | grad 0.77 | 0.8k tok/s (avg 0.8k) | cert 0.25→0.25 | hpc_loss 4.250 | F 4.219 | inf_steps 18 | amort 0.9492 | π_scale 1.091 | NE 1.855 | bcm 0.0000 | θ_M 0.073 | ETA 3387.8h
step   2220 | loss 5.2812 | lr 3.00e-04 | grad 0.77 | 1.3k tok/s (avg 0.8k) | cert 0.14→0.14 | hpc_loss 4.250 | F 4.219 | inf_steps 9 | amort 1.0391 | π_scale 1.091 | NE 1.855 | bcm 0.0000 | θ_M 0.073 | ETA 3382.1h
step   2230 | loss 5.0938 | lr 3.00e-04 | grad 0.79 | 0.8k tok/s (avg 0.8k) | cert 0.13→0.13 | hpc_loss 4.219 | F 4.219 | inf_steps 19 | amort 0.9180 | π_scale 1.091 | NE 1.856 | bcm 0.0000 | θ_M 0.073 | ETA 3383.0h
step   2240 | loss 4.7188 | lr 3.00e-04 | grad 0.70 | 0.9k tok/s (avg 0.8k) | cert 0.35→0.35 | hpc_loss 4.219 | F 4.219 | inf_steps 13 | amort 0.9609 | π_scale 1.091 | NE 1.848 | bcm 0.0000 | θ_M 0.073 | ETA 3382.6h
step   2250 | loss 5.6562 | lr 3.00e-04 | grad 0.70 | 1.4k tok/s (avg 0.8k) | cert 0.12→0.12 | hpc_loss 4.219 | F 4.219 | inf_steps 12 | amort 0.8516 | π_scale 1.091 | NE 1.848 | bcm 0.0000 | θ_M 0.073 | ETA 3376.6h
step   2260 | loss 5.2812 | lr 3.00e-04 | grad 0.69 | 0.7k tok/s (avg 0.8k) | cert 0.25→0.25 | hpc_loss 4.219 | F 4.219 | inf_steps 13 | amort 0.9688 | π_scale 1.091 | NE 1.845 | bcm 0.0000 | θ_M 0.073 | ETA 3379.4h
step   2270 | loss 8.0625 | lr 3.00e-04 | grad 0.69 | 1.1k tok/s (avg 0.8k) | cert 0.21→0.21 | hpc_loss 4.219 | F 4.250 | inf_steps 12 | amort 0.8789 | π_scale 1.091 | NE 1.845 | bcm 0.0000 | θ_M 0.073 | ETA 3375.7h
step   2280 | loss 6.3125 | lr 3.00e-04 | grad 0.75 | 0.9k tok/s (avg 0.8k) | cert 0.26→0.26 | hpc_loss 4.188 | F 4.219 | inf_steps 9 | amort 1.0625 | π_scale 1.091 | NE 1.841 | bcm 0.0000 | θ_M 0.073 | ETA 3375.4h
step   2290 | loss 4.6875 | lr 3.00e-04 | grad 0.77 | 0.7k tok/s (avg 0.8k) | cert 0.14→0.14 | hpc_loss 4.156 | F 4.188 | inf_steps 16 | amort 0.9062 | π_scale 1.091 | NE 1.836 | bcm 0.0000 | θ_M 0.073 | ETA 3377.2h
step   2300 | loss 5.5000 | lr 3.00e-04 | grad 0.77 | 1.2k tok/s (avg 0.8k) | cert 0.18→0.18 | hpc_loss 4.156 | F 4.188 | inf_steps 12 | amort 0.8906 | π_scale 1.091 | NE 1.836 | bcm 0.0000 | θ_M 0.073 | ETA 3372.7h
step   2310 | loss 4.9375 | lr 3.00e-04 | grad 0.80 | 0.6k tok/s (avg 0.8k) | cert 0.30→0.30 | hpc_loss 4.156 | F 4.188 | inf_steps 13 | amort 0.9492 | π_scale 1.091 | NE 1.837 | bcm 0.0000 | θ_M 0.073 | ETA 3379.1h
step   2320 | loss 6.9062 | lr 3.00e-04 | grad 0.85 | 0.6k tok/s (avg 0.8k) | cert 0.18→0.18 | hpc_loss 4.156 | F 4.188 | inf_steps 16 | amort 0.8906 | π_scale 1.091 | NE 1.833 | bcm 0.0000 | θ_M 0.073 | ETA 3384.8h
step   2330 | loss 6.0312 | lr 3.00e-04 | grad 0.85 | 1.3k tok/s (avg 0.8k) | cert 0.25→0.25 | hpc_loss 4.156 | F 4.188 | inf_steps 12 | amort 0.8828 | π_scale 1.091 | NE 1.833 | bcm 0.0000 | θ_M 0.073 | ETA 3379.9h
step   2340 | loss 4.6250 | lr 3.00e-04 | grad 0.79 | 0.5k tok/s (avg 0.8k) | cert 0.22→0.22 | hpc_loss 4.156 | F 4.156 | inf_steps 18 | amort 0.9180 | π_scale 1.091 | NE 1.828 | bcm 0.0000 | θ_M 0.073 | ETA 3387.8h
step   2350 | loss 5.1562 | lr 3.00e-04 | grad 0.79 | 1.2k tok/s (avg 0.8k) | cert 0.25→0.25 | hpc_loss 4.156 | F 4.156 | inf_steps 9 | amort 1.0469 | π_scale 1.091 | NE 1.828 | bcm 0.0000 | θ_M 0.073 | ETA 3383.3h
step   2360 | loss 6.6875 | lr 3.00e-04 | grad 0.71 | 0.6k tok/s (avg 0.8k) | cert 0.23→0.23 | hpc_loss 4.125 | F 4.125 | inf_steps 16 | amort 0.9062 | π_scale 1.091 | NE 1.829 | bcm 0.0000 | θ_M 0.073 | ETA 3388.5h
step   2370 | loss 4.5000 | lr 3.00e-04 | grad 0.74 | 0.7k tok/s (avg 0.8k) | cert 0.10→0.10 | hpc_loss 4.125 | F 4.125 | inf_steps 10 | amort 0.9375 | π_scale 1.091 | NE 1.829 | bcm 0.0000 | θ_M 0.073 | ETA 3391.0h
step   2380 | loss 5.3438 | lr 3.00e-04 | grad 0.74 | 1.3k tok/s (avg 0.8k) | cert 0.23→0.23 | hpc_loss 4.125 | F 4.125 | inf_steps 9 | amort 1.0469 | π_scale 1.091 | NE 1.829 | bcm 0.0000 | θ_M 0.073 | ETA 3385.8h
step   2390 | loss 7.1250 | lr 3.00e-04 | grad 0.74 | 0.8k tok/s (avg 0.8k) | cert 0.21→0.21 | hpc_loss 4.125 | F 4.125 | inf_steps 12 | amort 0.8711 | π_scale 1.091 | NE 1.831 | bcm 0.0000 | θ_M 0.073 | ETA 3385.7h
step   2400 | loss 6.0938 | lr 3.00e-04 | grad 0.75 | 0.7k tok/s (avg 0.8k) | cert 0.06→0.06 | hpc_loss 4.094 | F 4.094 | inf_steps 10 | amort 0.9297 | π_scale 1.091 | NE 1.833 | bcm 0.0000 | θ_M 0.073 | ETA 3387.8h
step   2410 | loss 4.3125 | lr 3.00e-04 | grad 0.75 | 1.2k tok/s (avg 0.8k) | cert 0.26→0.26 | hpc_loss 4.094 | F 4.062 | inf_steps 9 | amort 1.0703 | π_scale 1.091 | NE 1.833 | bcm 0.0000 | θ_M 0.073 | ETA 3383.9h
step   2420 | loss 5.7812 | lr 3.00e-04 | grad 0.72 | 0.6k tok/s (avg 0.8k) | cert 0.27→0.27 | hpc_loss 4.094 | F 4.094 | inf_steps 18 | amort 0.9102 | π_scale 1.090 | NE 1.826 | bcm 0.0000 | θ_M 0.073 | ETA 3388.4h
step   2430 | loss 4.7500 | lr 3.00e-04 | grad 0.72 | 1.3k tok/s (avg 0.8k) | cert 0.33→0.33 | hpc_loss 4.094 | F 4.062 | inf_steps 19 | amort 0.9219 | π_scale 1.090 | NE 1.826 | bcm 0.0000 | θ_M 0.073 | ETA 3383.7h
step   2440 | loss 5.0938 | lr 3.00e-04 | grad 0.82 | 0.6k tok/s (avg 0.8k) | cert 0.26→0.26 | hpc_loss 4.062 | F 4.062 | inf_steps 12 | amort 0.8750 | π_scale 1.090 | NE 1.829 | bcm 0.0000 | θ_M 0.073 | ETA 3388.0h
step   2450 | loss 5.0312 | lr 3.00e-04 | grad 0.73 | 0.5k tok/s (avg 0.8k) | cert 0.21→0.21 | hpc_loss 4.062 | F 4.062 | inf_steps 18 | amort 0.9023 | π_scale 1.090 | NE 1.829 | bcm 0.0000 | θ_M 0.073 | ETA 3396.8h
step   2460 | loss 4.9688 | lr 3.00e-04 | grad 0.73 | 1.0k tok/s (avg 0.8k) | cert 0.16→0.16 | hpc_loss 4.062 | F 4.062 | inf_steps 16 | amort 0.8945 | π_scale 1.090 | NE 1.829 | bcm 0.0000 | θ_M 0.073 | ETA 3394.3h
step   2470 | loss 4.9062 | lr 3.00e-04 | grad 0.72 | 0.6k tok/s (avg 0.8k) | cert 0.24→0.24 | hpc_loss 4.062 | F 4.062 | inf_steps 18 | amort 0.9141 | π_scale 1.090 | NE 1.826 | bcm 0.0000 | θ_M 0.073 | ETA 3398.5h
step   2480 | loss 6.5625 | lr 3.00e-04 | grad 0.70 | 0.6k tok/s (avg 0.8k) | cert 0.14→0.14 | hpc_loss 4.031 | F 4.031 | inf_steps 10 | amort 0.9258 | π_scale 1.090 | NE 1.826 | bcm 0.0000 | θ_M 0.073 | ETA 3404.1h
step   2490 | loss 5.0312 | lr 3.00e-04 | grad 0.70 | 1.1k tok/s (avg 0.8k) | cert 0.22→0.22 | hpc_loss 4.031 | F 4.031 | inf_steps 9 | amort 1.0469 | π_scale 1.090 | NE 1.826 | bcm 0.0000 | θ_M 0.073 | ETA 3400.5h
step   2500 | loss 5.9062 | lr 3.00e-04 | grad 0.80 | 0.6k tok/s (avg 0.8k) | cert 0.22→0.22 | hpc_loss 4.031 | F 4.031 | inf_steps 9 | amort 1.0156 | π_scale 1.090 | NE 1.823 | bcm 0.0000 | θ_M 0.073 | ETA 3406.6h
step   2510 | loss 5.2188 | lr 3.00e-04 | grad 0.80 | 1.3k tok/s (avg 0.8k) | cert 0.12→0.12 | hpc_loss 4.031 | F 4.000 | inf_steps 10 | amort 0.9258 | π_scale 1.090 | NE 1.823 | bcm 0.0000 | θ_M 0.073 | ETA 3401.7h
step   2520 | loss 6.8125 | lr 3.00e-04 | grad 0.70 | 0.6k tok/s (avg 0.8k) | cert 0.15→0.15 | hpc_loss 4.031 | F 4.000 | inf_steps 12 | amort 0.8828 | π_scale 1.090 | NE 1.821 | bcm 0.0000 | θ_M 0.073 | ETA 3408.3h
step   2530 | loss 5.1250 | lr 3.00e-04 | grad 0.75 | 0.6k tok/s (avg 0.8k) | cert 0.30→0.30 | hpc_loss 4.000 | F 4.000 | inf_steps 9 | amort 1.0156 | π_scale 1.090 | NE 1.818 | bcm 0.0000 | θ_M 0.073 | ETA 3414.3h
step   2540 | loss 5.9375 | lr 3.00e-04 | grad 0.75 | 1.2k tok/s (avg 0.8k) | cert 0.21→0.21 | hpc_loss 4.000 | F 4.000 | inf_steps 19 | amort 0.9102 | π_scale 1.090 | NE 1.818 | bcm 0.0000 | θ_M 0.073 | ETA 3410.6h
step   2550 | loss 5.2188 | lr 3.00e-04 | grad 0.84 | 0.7k tok/s (avg 0.8k) | cert 0.18→0.18 | hpc_loss 4.000 | F 4.000 | inf_steps 9 | amort 1.0391 | π_scale 1.090 | NE 1.811 | bcm 0.0000 | θ_M 0.073 | ETA 3412.8h
step   2560 | loss 4.6875 | lr 3.00e-04 | grad 0.67 | 0.5k tok/s (avg 0.8k) | cert 0.25→0.25 | hpc_loss 3.984 | F 3.984 | inf_steps 18 | amort 0.8711 | π_scale 1.090 | NE 1.808 | bcm 0.0000 | θ_M 0.073 | ETA 3420.3h
step   2570 | loss 7.2812 | lr 3.00e-04 | grad 0.67 | 1.1k tok/s (avg 0.8k) | cert 0.16→0.16 | hpc_loss 3.984 | F 3.984 | inf_steps 9 | amort 1.0469 | π_scale 1.090 | NE 1.808 | bcm 0.0000 | θ_M 0.073 | ETA 3416.9h
step   2580 | loss 4.2812 | lr 3.00e-04 | grad 0.68 | 0.6k tok/s (avg 0.8k) | cert 0.15→0.15 | hpc_loss 3.969 | F 3.969 | inf_steps 16 | amort 0.8828 | π_scale 1.090 | NE 1.809 | bcm 0.0000 | θ_M 0.073 | ETA 3422.0h
step   2590 | loss 6.5000 | lr 3.00e-04 | grad 0.68 | 1.3k tok/s (avg 0.8k) | cert 0.13→0.13 | hpc_loss 3.984 | F 3.984 | inf_steps 10 | amort 0.9062 | π_scale 1.090 | NE 1.809 | bcm 0.0000 | θ_M 0.073 | ETA 3417.4h
step   2600 | loss 5.4688 | lr 3.00e-04 | grad 0.65 | 0.5k tok/s (avg 0.8k) | cert 0.24→0.24 | hpc_loss 3.969 | F 3.938 | inf_steps 18 | amort 0.9180 | π_scale 1.090 | NE 1.808 | bcm 0.0000 | θ_M 0.073 | ETA 3424.4h
step   2610 | loss 6.5938 | lr 3.00e-04 | grad 0.73 | 0.6k tok/s (avg 0.8k) | cert 0.18→0.18 | hpc_loss 3.953 | F 3.984 | inf_steps 9 | amort 1.0000 | π_scale 1.090 | NE 1.813 | bcm 0.0000 | θ_M 0.073 | ETA 3430.9h
step   2620 | loss 5.6562 | lr 3.00e-04 | grad 0.73 | 1.4k tok/s (avg 0.8k) | cert 0.14→0.14 | hpc_loss 3.953 | F 3.938 | inf_steps 10 | amort 0.9062 | π_scale 1.090 | NE 1.813 | bcm 0.0000 | θ_M 0.073 | ETA 3425.4h
step   2630 | loss 5.1562 | lr 3.00e-04 | grad 0.72 | 0.5k tok/s (avg 0.8k) | cert 0.23→0.23 | hpc_loss 3.938 | F 3.938 | inf_steps 18 | amort 0.9180 | π_scale 1.090 | NE 1.812 | bcm 0.0000 | θ_M 0.073 | ETA 3432.1h
step   2640 | loss 4.7188 | lr 3.00e-04 | grad 0.79 | 0.5k tok/s (avg 0.8k) | cert 0.23→0.23 | hpc_loss 3.922 | F 3.906 | inf_steps 16 | amort 0.8750 | π_scale 1.090 | NE 1.811 | bcm 0.0000 | θ_M 0.073 | ETA 3439.7h
step   2650 | loss 4.7188 | lr 3.00e-04 | grad 0.79 | 1.3k tok/s (avg 0.8k) | cert 0.28→0.28 | hpc_loss 3.922 | F 3.906 | inf_steps 9 | amort 1.0469 | π_scale 1.090 | NE 1.811 | bcm 0.0000 | θ_M 0.073 | ETA 3435.0h
step   2660 | loss 4.5625 | lr 3.00e-04 | grad 0.82 | 0.5k tok/s (avg 0.8k) | cert 0.21→0.21 | hpc_loss 3.922 | F 3.906 | inf_steps 19 | amort 0.9023 | π_scale 1.090 | NE 1.814 | bcm 0.0000 | θ_M 0.073 | ETA 3443.7h
step   2670 | loss 6.1250 | lr 3.00e-04 | grad 0.82 | 1.2k tok/s (avg 0.8k) | cert 0.26→0.26 | hpc_loss 3.922 | F 3.906 | inf_steps 17 | amort 0.8828 | π_scale 1.090 | NE 1.814 | bcm 0.0000 | θ_M 0.073 | ETA 3439.9h
step   2680 | loss 5.5312 | lr 3.00e-04 | grad 0.71 | 0.6k tok/s (avg 0.8k) | cert 0.33→0.33 | hpc_loss 3.906 | F 3.906 | inf_steps 19 | amort 0.8984 | π_scale 1.090 | NE 1.814 | bcm 0.0000 | θ_M 0.073 | ETA 3443.5h
step   2690 | loss 5.7500 | lr 3.00e-04 | grad 0.68 | 0.6k tok/s (avg 0.8k) | cert 0.30→0.30 | hpc_loss 3.891 | F 3.875 | inf_steps 18 | amort 0.8984 | π_scale 1.090 | NE 1.817 | bcm 0.0000 | θ_M 0.073 | ETA 3448.6h
step   2700 | loss 5.0625 | lr 3.00e-04 | grad 0.68 | 1.1k tok/s (avg 0.8k) | cert 0.25→0.25 | hpc_loss 3.891 | F 3.875 | inf_steps 12 | amort 0.8828 | π_scale 1.090 | NE 1.817 | bcm 0.0000 | θ_M 0.073 | ETA 3445.6h
step   2710 | loss 6.3125 | lr 3.00e-04 | grad 0.74 | 0.7k tok/s (avg 0.8k) | cert 0.21→0.21 | hpc_loss 3.875 | F 3.875 | inf_steps 16 | amort 0.8672 | π_scale 1.090 | NE 1.810 | bcm 0.0000 | θ_M 0.073 | ETA 3448.8h
step   2720 | loss 5.2500 | lr 3.00e-04 | grad 0.93 | 0.5k tok/s (avg 0.8k) | cert 0.10→0.10 | hpc_loss 3.859 | F 3.859 | inf_steps 10 | amort 0.9102 | π_scale 1.090 | NE 1.810 | bcm 0.0000 | θ_M 0.073 | ETA 3457.5h
step   2730 | loss 4.8125 | lr 3.00e-04 | grad 0.93 | 1.5k tok/s (avg 0.8k) | cert 0.13→0.13 | hpc_loss 3.859 | F 3.859 | inf_steps 10 | amort 0.9023 | π_scale 1.090 | NE 1.810 | bcm 0.0000 | θ_M 0.073 | ETA 3451.8h
step   2740 | loss 4.9688 | lr 3.00e-04 | grad 0.70 | 0.5k tok/s (avg 0.8k) | cert 0.29→0.29 | hpc_loss 3.859 | F 3.859 | inf_steps 21 | amort 0.9141 | π_scale 1.090 | NE 1.803 | bcm 0.0000 | θ_M 0.073 | ETA 3460.5h
step   2750 | loss 4.5000 | lr 3.00e-04 | grad 0.70 | 1.1k tok/s (avg 0.8k) | cert 0.20→0.20 | hpc_loss 3.859 | F 3.859 | inf_steps 18 | amort 0.8906 | π_scale 1.090 | NE 1.803 | bcm 0.0000 | θ_M 0.073 | ETA 3457.0h
step   2760 | loss 5.0000 | lr 3.00e-04 | grad 0.72 | 0.6k tok/s (avg 0.8k) | cert 0.33→0.33 | hpc_loss 3.844 | F 3.828 | inf_steps 16 | amort 0.8672 | π_scale 1.090 | NE 1.804 | bcm 0.0000 | θ_M 0.073 | ETA 3460.8h
step   2770 | loss 4.2500 | lr 3.00e-04 | grad 0.74 | 0.6k tok/s (avg 0.8k) | cert 0.34→0.34 | hpc_loss 3.828 | F 3.828 | inf_steps 18 | amort 0.9062 | π_scale 1.090 | NE 1.799 | bcm 0.0000 | θ_M 0.073 | ETA 3466.8h
step   2780 | loss 5.9062 | lr 3.00e-04 | grad 0.74 | 1.3k tok/s (avg 0.8k) | cert 0.20→0.20 | hpc_loss 3.844 | F 3.859 | inf_steps 18 | amort 0.8672 | π_scale 1.090 | NE 1.799 | bcm 0.0000 | θ_M 0.073 | ETA 3462.3h
step   2790 | loss 6.6562 | lr 3.00e-04 | grad 0.67 | 0.5k tok/s (avg 0.8k) | cert 0.27→0.27 | hpc_loss 3.828 | F 3.828 | inf_steps 12 | amort 0.8789 | π_scale 1.090 | NE 1.797 | bcm 0.0000 | θ_M 0.073 | ETA 3469.4h
step   2800 | loss 5.6875 | lr 3.00e-04 | grad 0.87 | 0.6k tok/s (avg 0.8k) | cert 0.21→0.21 | hpc_loss 3.812 | F 3.812 | inf_steps 18 | amort 0.8867 | π_scale 1.090 | NE 1.796 | bcm 0.0000 | θ_M 0.073 | ETA 3475.0h
step   2810 | loss 6.4062 | lr 3.00e-04 | grad 0.87 | 1.3k tok/s (avg 0.8k) | cert 0.26→0.26 | hpc_loss 3.812 | F 3.812 | inf_steps 9 | amort 1.0078 | π_scale 1.090 | NE 1.796 | bcm 0.0000 | θ_M 0.073 | ETA 3470.5h
step   2820 | loss 5.8750 | lr 3.00e-04 | grad 0.81 | 0.5k tok/s (avg 0.8k) | cert 0.29→0.29 | hpc_loss 3.797 | F 3.781 | inf_steps 18 | amort 0.9023 | π_scale 1.089 | NE 1.795 | bcm 0.0000 | θ_M 0.073 | ETA 3476.7h
step   2830 | loss 6.0938 | lr 3.00e-04 | grad 0.81 | 1.1k tok/s (avg 0.8k) | cert 0.21→0.21 | hpc_loss 3.797 | F 3.781 | inf_steps 10 | amort 0.8945 | π_scale 1.089 | NE 1.795 | bcm 0.0000 | θ_M 0.073 | ETA 3473.3h
step   2840 | loss 5.6250 | lr 3.00e-04 | grad 0.69 | 0.6k tok/s (avg 0.8k) | cert 0.18→0.18 | hpc_loss 3.781 | F 3.781 | inf_steps 16 | amort 0.8477 | π_scale 1.089 | NE 1.794 | bcm 0.0000 | θ_M 0.073 | ETA 3476.7h
step   2850 | loss 6.5938 | lr 3.00e-04 | grad 0.83 | 0.6k tok/s (avg 0.8k) | cert 0.27→0.27 | hpc_loss 3.781 | F 3.781 | inf_steps 12 | amort 0.8711 | π_scale 1.089 | NE 1.788 | bcm 0.0000 | θ_M 0.073 | ETA 3482.4h
step   2860 | loss 5.5938 | lr 3.00e-04 | grad 0.83 | 1.2k tok/s (avg 0.8k) | cert 0.23→0.23 | hpc_loss 3.781 | F 3.781 | inf_steps 9 | amort 1.0000 | π_scale 1.089 | NE 1.788 | bcm 0.0000 | θ_M 0.073 | ETA 3478.7h
step   2870 | loss 4.4062 | lr 3.00e-04 | grad 0.79 | 0.6k tok/s (avg 0.8k) | cert 0.25→0.25 | hpc_loss 3.766 | F 3.750 | inf_steps 10 | amort 0.8984 | π_scale 1.089 | NE 1.789 | bcm 0.0000 | θ_M 0.073 | ETA 3483.7h
step   2880 | loss 4.9062 | lr 3.00e-04 | grad 0.71 | 0.6k tok/s (avg 0.8k) | cert 0.38→0.38 | hpc_loss 3.750 | F 3.750 | inf_steps 19 | amort 0.8984 | π_scale 1.089 | NE 1.783 | bcm 0.0000 | θ_M 0.073 | ETA 3489.0h
step   2890 | loss 4.2812 | lr 3.00e-04 | grad 0.71 | 1.1k tok/s (avg 0.8k) | cert 0.14→0.14 | hpc_loss 3.750 | F 3.750 | inf_steps 10 | amort 0.8906 | π_scale 1.089 | NE 1.783 | bcm 0.0000 | θ_M 0.073 | ETA 3485.5h
step   2900 | loss 6.4688 | lr 3.00e-04 | grad 0.73 | 0.6k tok/s (avg 0.8k) | cert 0.33→0.33 | hpc_loss 3.750 | F 3.750 | inf_steps 12 | amort 0.8672 | π_scale 1.089 | NE 1.781 | bcm 0.0000 | θ_M 0.073 | ETA 3489.9h
step   2910 | loss 5.3750 | lr 3.00e-04 | grad 0.73 | 1.1k tok/s (avg 0.8k) | cert 0.17→0.17 | hpc_loss 3.750 | F 3.750 | inf_steps 17 | amort 0.8633 | π_scale 1.089 | NE 1.781 | bcm 0.0000 | θ_M 0.073 | ETA 3487.0h
step   2920 | loss 4.7500 | lr 3.00e-04 | grad 0.72 | 0.6k tok/s (avg 0.8k) | cert 0.30→0.30 | hpc_loss 3.734 | F 3.750 | inf_steps 20 | amort 0.8633 | π_scale 1.089 | NE 1.777 | bcm 0.0000 | θ_M 0.073 | ETA 3491.2h
step   2930 | loss 6.4375 | lr 3.00e-04 | grad 0.79 | 0.5k tok/s (avg 0.8k) | cert 0.30→0.30 | hpc_loss 3.719 | F 3.719 | inf_steps 12 | amort 0.8672 | π_scale 1.089 | NE 1.767 | bcm 0.0000 | θ_M 0.073 | ETA 3497.1h
step   2940 | loss 6.5312 | lr 3.00e-04 | grad 0.79 | 1.1k tok/s (avg 0.8k) | cert 0.22→0.22 | hpc_loss 3.719 | F 3.719 | inf_steps 17 | amort 0.8594 | π_scale 1.089 | NE 1.767 | bcm 0.0000 | θ_M 0.073 | ETA 3493.7h
step   2950 | loss 4.8438 | lr 3.00e-04 | grad 0.84 | 0.6k tok/s (avg 0.8k) | cert 0.30→0.30 | hpc_loss 3.703 | F 3.719 | inf_steps 12 | amort 0.8477 | π_scale 1.089 | NE 1.764 | bcm 0.0000 | θ_M 0.073 | ETA 3498.2h
step   2960 | loss 5.1250 | lr 3.00e-04 | grad 0.75 | 0.5k tok/s (avg 0.8k) | cert 0.23→0.23 | hpc_loss 3.688 | F 3.688 | inf_steps 18 | amort 0.8828 | π_scale 1.089 | NE 1.761 | bcm 0.0000 | θ_M 0.073 | ETA 3503.9h
step   2970 | loss 4.2812 | lr 3.00e-04 | grad 0.75 | 1.2k tok/s (avg 0.8k) | cert 0.27→0.27 | hpc_loss 3.672 | F 3.688 | inf_steps 16 | amort 0.8750 | π_scale 1.089 | NE 1.761 | bcm 0.0000 | θ_M 0.073 | ETA 3499.8h
step   2980 | loss 4.7812 | lr 3.00e-04 | grad 0.68 | 0.6k tok/s (avg 0.8k) | cert 0.27→0.27 | hpc_loss 3.672 | F 3.688 | inf_steps 10 | amort 0.8906 | π_scale 1.089 | NE 1.758 | bcm 0.0000 | θ_M 0.073 | ETA 3504.4h
step   2990 | loss 4.0938 | lr 3.00e-04 | grad 0.68 | 1.3k tok/s (avg 0.8k) | cert 0.28→0.28 | hpc_loss 3.672 | F 3.688 | inf_steps 18 | amort 0.8789 | π_scale 1.089 | NE 1.758 | bcm 0.0000 | θ_M 0.073 | ETA 3500.2h
step   3000 | loss 4.9062 | lr 3.00e-04 | grad 0.71 | 0.6k tok/s (avg 0.8k) | cert 0.33→0.33 | hpc_loss 3.672 | F 3.688 | inf_steps 18 | amort 0.8750 | π_scale 1.089 | NE 1.758 | bcm 0.0000 | θ_M 0.073 | ETA 3505.5h
[CachedTeacherDataset/eval] 9 shards (of 199 total) under teacher_cache/phase1 | seq_len=512 top_k=128
  >>> val @ step 3000:
  T=dyn | CE=4.8361 | PPL=125.98 | top1=23.8% | top5=44.3% | (25600 tok)
step   3010 | loss 4.6875 | lr 3.00e-04 | grad 0.69 | 0.4k tok/s (avg 0.8k) | cert 0.35→0.35 | hpc_loss 3.656 | F 3.656 | inf_steps 12 | amort 0.8398 | π_scale 1.089 | NE 1.756 | bcm 0.0000 | θ_M 0.095 | ETA 3520.5h
step   3020 | loss 5.3750 | lr 3.00e-04 | grad 0.69 | 1.2k tok/s (avg 0.8k) | cert 0.26→0.26 | hpc_loss 3.656 | F 3.656 | inf_steps 20 | amort 0.8906 | π_scale 1.089 | NE 1.756 | bcm 0.0000 | θ_M 0.073 | ETA 3517.0h
step   3030 | loss 5.0312 | lr 3.00e-04 | grad 0.80 | 0.5k tok/s (avg 0.8k) | cert 0.31→0.31 | hpc_loss 3.641 | F 3.656 | inf_steps 16 | amort 0.8438 | π_scale 1.089 | NE 1.754 | bcm 0.0000 | θ_M 0.073 | ETA 3522.5h
step   3040 | loss 6.3438 | lr 3.00e-04 | grad 0.69 | 0.6k tok/s (avg 0.8k) | cert 0.22→0.22 | hpc_loss 3.641 | F 3.641 | inf_steps 18 | amort 0.8672 | π_scale 1.089 | NE 1.756 | bcm 0.0000 | θ_M 0.073 | ETA 3526.8h
step   3050 | loss 4.7188 | lr 3.00e-04 | grad 0.69 | 1.1k tok/s (avg 0.8k) | cert 0.37→0.37 | hpc_loss 3.625 | F 3.641 | inf_steps 12 | amort 0.8672 | π_scale 1.089 | NE 1.756 | bcm 0.0000 | θ_M 0.073 | ETA 3524.0h
step   3060 | loss 4.3438 | lr 3.00e-04 | grad 0.72 | 0.7k tok/s (avg 0.8k) | cert 0.32→0.32 | hpc_loss 3.625 | F 3.641 | inf_steps 10 | amort 0.8828 | π_scale 1.089 | NE 1.752 | bcm 0.0000 | θ_M 0.073 | ETA 3525.6h
step   3070 | loss 4.6875 | lr 3.00e-04 | grad 0.72 | 1.2k tok/s (avg 0.8k) | cert 0.23→0.23 | hpc_loss 3.625 | F 3.641 | inf_steps 19 | amort 0.8711 | π_scale 1.089 | NE 1.752 | bcm 0.0000 | θ_M 0.073 | ETA 3522.1h
step   3080 | loss 4.7500 | lr 3.00e-04 | grad 0.83 | 0.6k tok/s (avg 0.8k) | cert 0.36→0.36 | hpc_loss 3.609 | F 3.609 | inf_steps 9 | amort 1.0312 | π_scale 1.089 | NE 1.748 | bcm 0.0000 | θ_M 0.073 | ETA 3527.0h
step   3090 | loss 6.0312 | lr 3.00e-04 | grad 0.84 | 0.6k tok/s (avg 0.8k) | cert 0.25→0.25 | hpc_loss 3.594 | F 3.609 | inf_steps 12 | amort 0.8203 | π_scale 1.089 | NE 1.749 | bcm 0.0000 | θ_M 0.073 | ETA 3531.9h
step   3100 | loss 4.5312 | lr 3.00e-04 | grad 0.84 | 1.2k tok/s (avg 0.8k) | cert 0.39→0.39 | hpc_loss 3.594 | F 3.609 | inf_steps 20 | amort 0.8945 | π_scale 1.089 | NE 1.749 | bcm 0.0000 | θ_M 0.073 | ETA 3528.1h
step   3110 | loss 7.7188 | lr 3.00e-04 | grad 0.79 | 0.8k tok/s (avg 0.8k) | cert 0.27→0.27 | hpc_loss 3.594 | F 3.609 | inf_steps 19 | amort 0.8672 | π_scale 1.089 | NE 1.742 | bcm 0.0000 | θ_M 0.073 | ETA 3527.7h
step   3120 | loss 6.5625 | lr 3.00e-04 | grad 0.78 | 0.8k tok/s (avg 0.8k) | cert 0.25→0.25 | hpc_loss 3.578 | F 3.578 | inf_steps 16 | amort 0.8438 | π_scale 1.089 | NE 1.741 | bcm 0.0000 | θ_M 0.073 | ETA 3527.2h
step   3130 | loss 5.2500 | lr 3.00e-04 | grad 0.78 | 1.0k tok/s (avg 0.8k) | cert 0.26→0.26 | hpc_loss 3.578 | F 3.578 | inf_steps 19 | amort 0.8672 | π_scale 1.089 | NE 1.741 | bcm 0.0000 | θ_M 0.073 | ETA 3524.8h
step   3140 | loss 5.2188 | lr 3.00e-04 | grad 0.75 | 0.8k tok/s (avg 0.8k) | cert 0.29→0.29 | hpc_loss 3.562 | F 3.578 | inf_steps 19 | amort 0.8789 | π_scale 1.089 | NE 1.744 | bcm 0.0000 | θ_M 0.073 | ETA 3524.7h
step   3150 | loss 6.3750 | lr 3.00e-04 | grad 0.75 | 1.2k tok/s (avg 0.8k) | cert 0.37→0.37 | hpc_loss 3.562 | F 3.578 | inf_steps 19 | amort 0.8789 | π_scale 1.089 | NE 1.744 | bcm 0.0000 | θ_M 0.073 | ETA 3521.3h
step   3160 | loss 5.8750 | lr 3.00e-04 | grad 0.75 | 0.8k tok/s (avg 0.8k) | cert 0.21→0.21 | hpc_loss 3.562 | F 3.578 | inf_steps 9 | amort 0.9766 | π_scale 1.089 | NE 1.737 | bcm 0.0000 | θ_M 0.073 | ETA 3520.8h
step   3170 | loss 7.1250 | lr 3.00e-04 | grad 0.75 | 0.8k tok/s (avg 0.8k) | cert 0.23→0.23 | hpc_loss 3.547 | F 3.547 | inf_steps 10 | amort 0.8750 | π_scale 1.089 | NE 1.737 | bcm 0.0000 | θ_M 0.073 | ETA 3520.8h
step   3180 | loss 5.5000 | lr 3.00e-04 | grad 0.75 | 1.1k tok/s (avg 0.8k) | cert 0.36→0.36 | hpc_loss 3.547 | F 3.547 | inf_steps 9 | amort 1.0000 | π_scale 1.089 | NE 1.737 | bcm 0.0000 | θ_M 0.073 | ETA 3518.1h
step   3190 | loss 5.0000 | lr 3.00e-04 | grad 0.70 | 0.9k tok/s (avg 0.8k) | cert 0.27→0.27 | hpc_loss 3.531 | F 3.531 | inf_steps 19 | amort 0.8594 | π_scale 1.089 | NE 1.736 | bcm 0.0000 | θ_M 0.073 | ETA 3516.9h
step   3200 | loss 6.1250 | lr 3.00e-04 | grad 0.86 | 0.8k tok/s (avg 0.8k) | cert 0.34→0.34 | hpc_loss 3.516 | F 3.516 | inf_steps 9 | amort 1.0000 | π_scale 1.089 | NE 1.735 | bcm 0.0000 | θ_M 0.073 | ETA 3516.8h
step   3210 | loss 4.7188 | lr 3.00e-04 | grad 0.86 | 1.1k tok/s (avg 0.8k) | cert 0.27→0.27 | hpc_loss 3.500 | F 3.500 | inf_steps 19 | amort 0.8750 | π_scale 1.089 | NE 1.735 | bcm 0.0000 | θ_M 0.073 | ETA 3514.1h
step   3220 | loss 7.4688 | lr 3.00e-04 | grad 0.80 | 0.9k tok/s (avg 0.8k) | cert 0.27→0.27 | hpc_loss 3.500 | F 3.500 | inf_steps 9 | amort 0.9766 | π_scale 1.088 | NE 1.739 | bcm 0.0000 | θ_M 0.073 | ETA 3512.7h
step   3230 | loss 4.0625 | lr 3.00e-04 | grad 0.80 | 1.1k tok/s (avg 0.8k) | cert 0.34→0.34 | hpc_loss 3.500 | F 3.500 | inf_steps 18 | amort 0.8633 | π_scale 1.088 | NE 1.739 | bcm 0.0000 | θ_M 0.073 | ETA 3509.6h
step   3240 | loss 5.1562 | lr 3.00e-04 | grad 0.80 | 0.7k tok/s (avg 0.8k) | cert 0.28→0.28 | hpc_loss 3.484 | F 3.484 | inf_steps 12 | amort 0.8125 | π_scale 1.088 | NE 1.737 | bcm 0.0000 | θ_M 0.073 | ETA 3512.0h
step   3250 | loss 7.0000 | lr 3.00e-04 | grad 0.67 | 0.5k tok/s (avg 0.8k) | cert 0.25→0.25 | hpc_loss 3.484 | F 3.469 | inf_steps 9 | amort 1.0234 | π_scale 1.088 | NE 1.739 | bcm 0.0000 | θ_M 0.073 | ETA 3517.4h
step   3260 | loss 4.8125 | lr 3.00e-04 | grad 0.67 | 1.1k tok/s (avg 0.8k) | cert 0.37→0.37 | hpc_loss 3.469 | F 3.453 | inf_steps 16 | amort 0.8594 | π_scale 1.088 | NE 1.739 | bcm 0.0000 | θ_M 0.073 | ETA 3514.4h
step   3270 | loss 6.7812 | lr 3.00e-04 | grad 0.70 | 0.6k tok/s (avg 0.8k) | cert 0.20→0.20 | hpc_loss 3.469 | F 3.453 | inf_steps 12 | amort 0.8281 | π_scale 1.088 | NE 1.735 | bcm 0.0000 | θ_M 0.073 | ETA 3519.1h
step   3280 | loss 4.9062 | lr 3.00e-04 | grad 0.72 | 0.4k tok/s (avg 0.8k) | cert 0.39→0.39 | hpc_loss 3.453 | F 3.453 | inf_steps 18 | amort 0.8672 | π_scale 1.088 | NE 1.730 | bcm 0.0000 | θ_M 0.073 | ETA 3528.0h
step   3290 | loss 7.7500 | lr 3.00e-04 | grad 0.72 | 1.2k tok/s (avg 0.8k) | cert 0.29→0.29 | hpc_loss 3.453 | F 3.469 | inf_steps 9 | amort 0.9414 | π_scale 1.088 | NE 1.730 | bcm 0.0000 | θ_M 0.073 | ETA 3524.6h
step   3300 | loss 6.1875 | lr 3.00e-04 | grad 0.93 | 0.5k tok/s (avg 0.8k) | cert 0.24→0.24 | hpc_loss 3.438 | F 3.438 | inf_steps 18 | amort 0.8789 | π_scale 1.088 | NE 1.733 | bcm 0.0000 | θ_M 0.073 | ETA 3530.4h
step   3310 | loss 4.5625 | lr 3.00e-04 | grad 0.93 | 1.0k tok/s (avg 0.8k) | cert 0.44→0.44 | hpc_loss 3.438 | F 3.422 | inf_steps 20 | amort 0.8672 | π_scale 1.088 | NE 1.733 | bcm 0.0000 | θ_M 0.073 | ETA 3528.2h
step   3320 | loss 4.4688 | lr 3.00e-04 | grad 0.75 | 0.6k tok/s (avg 0.8k) | cert 0.24→0.24 | hpc_loss 3.422 | F 3.422 | inf_steps 18 | amort 0.8555 | π_scale 1.088 | NE 1.727 | bcm 0.0000 | θ_M 0.073 | ETA 3531.5h
step   3330 | loss 4.3438 | lr 3.00e-04 | grad 0.81 | 0.5k tok/s (avg 0.8k) | cert 0.36→0.36 | hpc_loss 3.406 | F 3.406 | inf_steps 19 | amort 0.8789 | π_scale 1.088 | NE 1.719 | bcm 0.0000 | θ_M 0.073 | ETA 3538.3h
step   3340 | loss 5.8125 | lr 3.00e-04 | grad 0.81 | 1.2k tok/s (avg 0.8k) | cert 0.28→0.28 | hpc_loss 3.422 | F 3.406 | inf_steps 9 | amort 0.9688 | π_scale 1.088 | NE 1.719 | bcm 0.0000 | θ_M 0.073 | ETA 3535.0h
step   3350 | loss 4.5938 | lr 3.00e-04 | grad 0.74 | 0.5k tok/s (avg 0.8k) | cert 0.27→0.27 | hpc_loss 3.406 | F 3.406 | inf_steps 19 | amort 0.8594 | π_scale 1.088 | NE 1.727 | bcm 0.0000 | θ_M 0.073 | ETA 3541.2h
step   3360 | loss 7.9375 | lr 3.00e-04 | grad 0.68 | 0.5k tok/s (avg 0.8k) | cert 0.18→0.18 | hpc_loss 3.391 | F 3.391 | inf_steps 10 | amort 0.8633 | π_scale 1.088 | NE 1.725 | bcm 0.0000 | θ_M 0.073 | ETA 3546.2h
step   3370 | loss 4.6875 | lr 3.00e-04 | grad 0.68 | 1.2k tok/s (avg 0.8k) | cert 0.25→0.25 | hpc_loss 3.391 | F 3.391 | inf_steps 19 | amort 0.8516 | π_scale 1.088 | NE 1.725 | bcm 0.0000 | θ_M 0.073 | ETA 3542.7h
step   3380 | loss 6.0000 | lr 3.00e-04 | grad 0.67 | 0.5k tok/s (avg 0.8k) | cert 0.36→0.36 | hpc_loss 3.375 | F 3.391 | inf_steps 9 | amort 0.9844 | π_scale 1.088 | NE 1.720 | bcm 0.0000 | θ_M 0.073 | ETA 3549.9h
step   3390 | loss 4.2500 | lr 3.00e-04 | grad 0.67 | 1.1k tok/s (avg 0.8k) | cert 0.30→0.30 | hpc_loss 3.375 | F 3.359 | inf_steps 17 | amort 0.8672 | π_scale 1.088 | NE 1.720 | bcm 0.0000 | θ_M 0.073 | ETA 3546.9h
step   3400 | loss 4.6562 | lr 3.00e-04 | grad 0.76 | 0.5k tok/s (avg 0.8k) | cert 0.33→0.33 | hpc_loss 3.359 | F 3.359 | inf_steps 19 | amort 0.8594 | π_scale 1.088 | NE 1.720 | bcm 0.0000 | θ_M 0.073 | ETA 3552.7h
step   3410 | loss 5.0625 | lr 3.00e-04 | grad 0.64 | 0.6k tok/s (avg 0.8k) | cert 0.31→0.31 | hpc_loss 3.359 | F 3.359 | inf_steps 12 | amort 0.8398 | π_scale 1.088 | NE 1.714 | bcm 0.0000 | θ_M 0.073 | ETA 3556.0h
step   3420 | loss 6.8125 | lr 3.00e-04 | grad 0.64 | 1.1k tok/s (avg 0.8k) | cert 0.27→0.27 | hpc_loss 3.359 | F 3.344 | inf_steps 19 | amort 0.8516 | π_scale 1.088 | NE 1.714 | bcm 0.0000 | θ_M 0.073 | ETA 3552.9h
step   3430 | loss 5.5938 | lr 3.00e-04 | grad 0.71 | 0.5k tok/s (avg 0.8k) | cert 0.40→0.40 | hpc_loss 3.344 | F 3.328 | inf_steps 18 | amort 0.8750 | π_scale 1.088 | NE 1.713 | bcm 0.0000 | θ_M 0.073 | ETA 3558.2h
step   3440 | loss 4.5000 | lr 3.00e-04 | grad 0.71 | 0.5k tok/s (avg 0.8k) | cert 0.33→0.33 | hpc_loss 3.312 | F 3.312 | inf_steps 18 | amort 0.8359 | π_scale 1.088 | NE 1.713 | bcm 0.0000 | θ_M 0.073 | ETA 3564.5h
step   3450 | loss 6.8438 | lr 3.00e-04 | grad 0.71 | 1.1k tok/s (avg 0.8k) | cert 0.29→0.29 | hpc_loss 3.328 | F 3.328 | inf_steps 20 | amort 0.8633 | π_scale 1.088 | NE 1.713 | bcm 0.0000 | θ_M 0.073 | ETA 3561.9h
step   3460 | loss 5.5938 | lr 3.00e-04 | grad 0.69 | 0.5k tok/s (avg 0.8k) | cert 0.36→0.36 | hpc_loss 3.312 | F 3.312 | inf_steps 16 | amort 0.8516 | π_scale 1.088 | NE 1.710 | bcm 0.0000 | θ_M 0.073 | ETA 3567.1h
step   3470 | loss 7.0000 | lr 3.00e-04 | grad 0.69 | 1.0k tok/s (avg 0.8k) | cert 0.22→0.22 | hpc_loss 3.312 | F 3.312 | inf_steps 16 | amort 0.8359 | π_scale 1.088 | NE 1.710 | bcm 0.0000 | θ_M 0.073 | ETA 3564.7h
step   3480 | loss 6.2812 | lr 3.00e-04 | grad 0.70 | 0.6k tok/s (avg 0.8k) | cert 0.32→0.32 | hpc_loss 3.297 | F 3.297 | inf_steps 9 | amort 0.9883 | π_scale 1.088 | NE 1.711 | bcm 0.0000 | θ_M 0.073 | ETA 3568.2h
step   3490 | loss 6.9688 | lr 3.00e-04 | grad 0.77 | 0.6k tok/s (avg 0.8k) | cert 0.29→0.29 | hpc_loss 3.297 | F 3.297 | inf_steps 16 | amort 0.8203 | π_scale 1.088 | NE 1.708 | bcm 0.0000 | θ_M 0.073 | ETA 3572.4h
step   3500 | loss 6.4688 | lr 3.00e-04 | grad 0.77 | 1.1k tok/s (avg 0.8k) | cert 0.30→0.30 | hpc_loss 3.281 | F 3.297 | inf_steps 17 | amort 0.8555 | π_scale 1.088 | NE 1.708 | bcm 0.0000 | θ_M 0.073 | ETA 3569.6h
step   3510 | loss 5.9062 | lr 3.00e-04 | grad 0.73 | 0.5k tok/s (avg 0.8k) | cert 0.30→0.30 | hpc_loss 3.281 | F 3.281 | inf_steps 10 | amort 0.8555 | π_scale 1.088 | NE 1.706 | bcm 0.0000 | θ_M 0.073 | ETA 3574.3h
step   3520 | loss 4.5312 | lr 3.00e-04 | grad 0.75 | 0.6k tok/s (avg 0.8k) | cert 0.34→0.34 | hpc_loss 3.266 | F 3.266 | inf_steps 18 | amort 0.8477 | π_scale 1.088 | NE 1.704 | bcm 0.0000 | θ_M 0.073 | ETA 3577.5h
step   3530 | loss 4.1250 | lr 3.00e-04 | grad 0.75 | 1.1k tok/s (avg 0.8k) | cert 0.41→0.41 | hpc_loss 3.266 | F 3.266 | inf_steps 20 | amort 0.8633 | π_scale 1.088 | NE 1.704 | bcm 0.0000 | θ_M 0.073 | ETA 3574.7h
step   3540 | loss 5.3438 | lr 3.00e-04 | grad 0.69 | 0.5k tok/s (avg 0.8k) | cert 0.30→0.30 | hpc_loss 3.250 | F 3.266 | inf_steps 18 | amort 0.8359 | π_scale 1.088 | NE 1.698 | bcm 0.0000 | θ_M 0.073 | ETA 3579.5h
step   3550 | loss 4.2188 | lr 3.00e-04 | grad 0.69 | 1.1k tok/s (avg 0.8k) | cert 0.43→0.43 | hpc_loss 3.250 | F 3.266 | inf_steps 19 | amort 0.8516 | π_scale 1.088 | NE 1.698 | bcm 0.0000 | θ_M 0.073 | ETA 3576.4h
step   3560 | loss 4.1562 | lr 3.00e-04 | grad 0.69 | 0.5k tok/s (avg 0.8k) | cert 0.42→0.42 | hpc_loss 3.234 | F 3.234 | inf_steps 20 | amort 0.8594 | π_scale 1.088 | NE 1.695 | bcm 0.0000 | θ_M 0.073 | ETA 3581.2h
step   3570 | loss 4.0938 | lr 3.00e-04 | grad 0.64 | 0.6k tok/s (avg 0.8k) | cert 0.35→0.35 | hpc_loss 3.219 | F 3.219 | inf_steps 12 | amort 0.8164 | π_scale 1.088 | NE 1.701 | bcm 0.0000 | θ_M 0.073 | ETA 3584.1h
step   3580 | loss 4.2812 | lr 3.00e-04 | grad 0.64 | 1.1k tok/s (avg 0.8k) | cert 0.37→0.37 | hpc_loss 3.219 | F 3.219 | inf_steps 17 | amort 0.8281 | π_scale 1.088 | NE 1.701 | bcm 0.0000 | θ_M 0.073 | ETA 3581.5h
step   3590 | loss 4.7500 | lr 3.00e-04 | grad 0.80 | 0.5k tok/s (avg 0.8k) | cert 0.39→0.39 | hpc_loss 3.203 | F 3.188 | inf_steps 18 | amort 0.8477 | π_scale 1.087 | NE 1.698 | bcm 0.0000 | θ_M 0.073 | ETA 3588.2h
step   3600 | loss 5.8438 | lr 3.00e-04 | grad 0.71 | 0.6k tok/s (avg 0.8k) | cert 0.34→0.34 | hpc_loss 3.203 | F 3.188 | inf_steps 12 | amort 0.8125 | π_scale 1.087 | NE 1.696 | bcm 0.0000 | θ_M 0.073 | ETA 3590.8h
step   3610 | loss 4.4062 | lr 3.00e-04 | grad 0.71 | 1.1k tok/s (avg 0.8k) | cert 0.38→0.38 | hpc_loss 3.188 | F 3.188 | inf_steps 20 | amort 0.8477 | π_scale 1.087 | NE 1.696 | bcm 0.0000 | θ_M 0.073 | ETA 3588.1h
step   3620 | loss 5.3438 | lr 3.00e-04 | grad 0.71 | 0.5k tok/s (avg 0.8k) | cert 0.38→0.38 | hpc_loss 3.188 | F 3.188 | inf_steps 12 | amort 0.8242 | π_scale 1.087 | NE 1.694 | bcm 0.0000 | θ_M 0.073 | ETA 3594.1h
step   3630 | loss 6.3750 | lr 3.00e-04 | grad 0.71 | 1.3k tok/s (avg 0.8k) | cert 0.34→0.34 | hpc_loss 3.188 | F 3.188 | inf_steps 16 | amort 0.8281 | π_scale 1.087 | NE 1.694 | bcm 0.0000 | θ_M 0.073 | ETA 3590.2h
step   3640 | loss 5.6250 | lr 3.00e-04 | grad 0.68 | 0.5k tok/s (avg 0.8k) | cert 0.40→0.40 | hpc_loss 3.172 | F 3.156 | inf_steps 18 | amort 0.8398 | π_scale 1.087 | NE 1.690 | bcm 0.0000 | θ_M 0.073 | ETA 3596.1h
step   3650 | loss 5.0625 | lr 3.00e-04 | grad 0.68 | 0.6k tok/s (avg 0.8k) | cert 0.28→0.28 | hpc_loss 3.156 | F 3.156 | inf_steps 16 | amort 0.8477 | π_scale 1.087 | NE 1.690 | bcm 0.0000 | θ_M 0.073 | ETA 3600.1h
step   3660 | loss 3.5781 | lr 3.00e-04 | grad 0.68 | 1.1k tok/s (avg 0.8k) | cert 0.43→0.43 | hpc_loss 3.156 | F 3.156 | inf_steps 12 | amort 0.8477 | π_scale 1.087 | NE 1.690 | bcm 0.0000 | θ_M 0.073 | ETA 3597.6h
step   3670 | loss 4.4375 | lr 3.00e-04 | grad 0.70 | 0.5k tok/s (avg 0.8k) | cert 0.31→0.31 | hpc_loss 3.156 | F 3.156 | inf_steps 10 | amort 0.8438 | π_scale 1.087 | NE 1.687 | bcm 0.0000 | θ_M 0.073 | ETA 3602.0h
step   3680 | loss 4.6562 | lr 3.00e-04 | grad 0.82 | 0.5k tok/s (avg 0.8k) | cert 0.34→0.34 | hpc_loss 3.125 | F 3.125 | inf_steps 20 | amort 0.8281 | π_scale 1.087 | NE 1.687 | bcm 0.0000 | θ_M 0.073 | ETA 3606.7h
step   3690 | loss 6.5312 | lr 3.00e-04 | grad 0.82 | 1.2k tok/s (avg 0.8k) | cert 0.35→0.35 | hpc_loss 3.141 | F 3.141 | inf_steps 12 | amort 0.8320 | π_scale 1.087 | NE 1.687 | bcm 0.0000 | θ_M 0.073 | ETA 3603.5h
step   3700 | loss 6.2812 | lr 3.00e-04 | grad 0.68 | 0.5k tok/s (avg 0.8k) | cert 0.38→0.38 | hpc_loss 3.125 | F 3.125 | inf_steps 9 | amort 0.9219 | π_scale 1.087 | NE 1.685 | bcm 0.0000 | θ_M 0.073 | ETA 3608.0h
step   3710 | loss 4.7500 | lr 3.00e-04 | grad 0.68 | 1.1k tok/s (avg 0.8k) | cert 0.33→0.33 | hpc_loss 3.109 | F 3.125 | inf_steps 19 | amort 0.8516 | π_scale 1.087 | NE 1.685 | bcm 0.0000 | θ_M 0.073 | ETA 3605.2h
step   3720 | loss 5.9375 | lr 3.00e-04 | grad 0.74 | 0.6k tok/s (avg 0.8k) | cert 0.38→0.38 | hpc_loss 3.094 | F 3.094 | inf_steps 20 | amort 0.8398 | π_scale 1.087 | NE 1.683 | bcm 0.0000 | θ_M 0.073 | ETA 3609.0h
step   3730 | loss 4.3750 | lr 3.00e-04 | grad 0.77 | 0.7k tok/s (avg 0.8k) | cert 0.33→0.33 | hpc_loss 3.094 | F 3.094 | inf_steps 16 | amort 0.8047 | π_scale 1.087 | NE 1.682 | bcm 0.0000 | θ_M 0.073 | ETA 3610.0h
step   3740 | loss 5.6250 | lr 3.00e-04 | grad 0.77 | 1.2k tok/s (avg 0.8k) | cert 0.40→0.40 | hpc_loss 3.094 | F 3.094 | inf_steps 12 | amort 0.8398 | π_scale 1.087 | NE 1.682 | bcm 0.0000 | θ_M 0.073 | ETA 3606.5h
step   3750 | loss 4.5938 | lr 3.00e-04 | grad 0.74 | 0.6k tok/s (avg 0.8k) | cert 0.39→0.39 | hpc_loss 3.078 | F 3.078 | inf_steps 16 | amort 0.8047 | π_scale 1.087 | NE 1.680 | bcm 0.0000 | θ_M 0.073 | ETA 3610.2h
step   3760 | loss 4.9375 | lr 3.00e-04 | grad 0.77 | 0.6k tok/s (avg 0.8k) | cert 0.33→0.33 | hpc_loss 3.062 | F 3.062 | inf_steps 16 | amort 0.8281 | π_scale 1.087 | NE 1.684 | bcm 0.0000 | θ_M 0.073 | ETA 3613.0h
step   3770 | loss 5.6250 | lr 3.00e-04 | grad 0.77 | 1.1k tok/s (avg 0.8k) | cert 0.39→0.39 | hpc_loss 3.062 | F 3.078 | inf_steps 19 | amort 0.8398 | π_scale 1.087 | NE 1.684 | bcm 0.0000 | θ_M 0.073 | ETA 3610.5h
step   3780 | loss 3.9219 | lr 3.00e-04 | grad 0.72 | 0.6k tok/s (avg 0.8k) | cert 0.40→0.40 | hpc_loss 3.047 | F 3.047 | inf_steps 12 | amort 0.8047 | π_scale 1.087 | NE 1.681 | bcm 0.0000 | θ_M 0.073 | ETA 3613.7h
step   3790 | loss 4.3438 | lr 3.00e-04 | grad 0.72 | 1.3k tok/s (avg 0.8k) | cert 0.32→0.32 | hpc_loss 3.047 | F 3.047 | inf_steps 20 | amort 0.8359 | π_scale 1.087 | NE 1.681 | bcm 0.0000 | θ_M 0.073 | ETA 3609.8h
step   3800 | loss 5.0625 | lr 3.00e-04 | grad 0.69 | 0.5k tok/s (avg 0.8k) | cert 0.39→0.39 | hpc_loss 3.031 | F 3.031 | inf_steps 19 | amort 0.8398 | π_scale 1.087 | NE 1.677 | bcm 0.0000 | θ_M 0.073 | ETA 3615.3h
step   3810 | loss 3.7812 | lr 3.00e-04 | grad 0.66 | 0.6k tok/s (avg 0.8k) | cert 0.37→0.37 | hpc_loss 3.016 | F 3.016 | inf_steps 22 | amort 0.8203 | π_scale 1.087 | NE 1.675 | bcm 0.0000 | θ_M 0.073 | ETA 3619.1h
step   3820 | loss 5.0625 | lr 3.00e-04 | grad 0.66 | 1.1k tok/s (avg 0.8k) | cert 0.30→0.30 | hpc_loss 3.016 | F 3.016 | inf_steps 20 | amort 0.8438 | π_scale 1.087 | NE 1.675 | bcm 0.0000 | θ_M 0.073 | ETA 3616.4h
step   3830 | loss 5.6875 | lr 3.00e-04 | grad 0.70 | 0.6k tok/s (avg 0.8k) | cert 0.37→0.37 | hpc_loss 3.016 | F 3.016 | inf_steps 17 | amort 0.7969 | π_scale 1.087 | NE 1.670 | bcm 0.0000 | θ_M 0.073 | ETA 3619.8h
step   3840 | loss 4.1250 | lr 3.00e-04 | grad 0.75 | 0.6k tok/s (avg 0.8k) | cert 0.32→0.32 | hpc_loss 3.000 | F 2.984 | inf_steps 20 | amort 0.8281 | π_scale 1.087 | NE 1.669 | bcm 0.0000 | θ_M 0.073 | ETA 3623.2h
step   3850 | loss 5.5938 | lr 3.00e-04 | grad 0.75 | 1.2k tok/s (avg 0.8k) | cert 0.36→0.36 | hpc_loss 3.000 | F 3.016 | inf_steps 19 | amort 0.8438 | π_scale 1.087 | NE 1.669 | bcm 0.0000 | θ_M 0.073 | ETA 3619.9h
step   3860 | loss 7.0625 | lr 3.00e-04 | grad 0.70 | 0.6k tok/s (avg 0.8k) | cert 0.36→0.36 | hpc_loss 3.000 | F 3.000 | inf_steps 12 | amort 0.7969 | π_scale 1.087 | NE 1.666 | bcm 0.0000 | θ_M 0.073 | ETA 3623.3h
step   3870 | loss 3.9531 | lr 3.00e-04 | grad 0.70 | 1.3k tok/s (avg 0.8k) | cert 0.39→0.39 | hpc_loss 2.984 | F 2.984 | inf_steps 9 | amort 0.9688 | π_scale 1.087 | NE 1.666 | bcm 0.0000 | θ_M 0.073 | ETA 3619.8h
step   3880 | loss 5.4688 | lr 3.00e-04 | grad 0.66 | 0.5k tok/s (avg 0.8k) | cert 0.36→0.36 | hpc_loss 2.984 | F 2.984 | inf_steps 19 | amort 0.8164 | π_scale 1.087 | NE 1.664 | bcm 0.0000 | θ_M 0.073 | ETA 3624.9h
step   3890 | loss 6.0938 | lr 3.00e-04 | grad 0.70 | 0.6k tok/s (avg 0.8k) | cert 0.37→0.37 | hpc_loss 2.969 | F 2.953 | inf_steps 12 | amort 0.7969 | π_scale 1.087 | NE 1.661 | bcm 0.0000 | θ_M 0.073 | ETA 3628.2h
step   3900 | loss 4.6875 | lr 3.00e-04 | grad 0.70 | 1.2k tok/s (avg 0.8k) | cert 0.30→0.30 | hpc_loss 2.953 | F 2.953 | inf_steps 16 | amort 0.8281 | π_scale 1.087 | NE 1.661 | bcm 0.0000 | θ_M 0.073 | ETA 3625.0h
step   3910 | loss 3.8281 | lr 3.00e-04 | grad 0.71 | 0.5k tok/s (avg 0.8k) | cert 0.45→0.45 | hpc_loss 2.938 | F 2.953 | inf_steps 18 | amort 0.8320 | π_scale 1.087 | NE 1.660 | bcm 0.0000 | θ_M 0.073 | ETA 3629.3h
step   3920 | loss 5.9062 | lr 3.00e-04 | grad 0.70 | 0.7k tok/s (avg 0.8k) | cert 0.38→0.38 | hpc_loss 2.922 | F 2.922 | inf_steps 12 | amort 0.8047 | π_scale 1.086 | NE 1.658 | bcm 0.0000 | θ_M 0.073 | ETA 3630.3h
step   3930 | loss 5.9062 | lr 3.00e-04 | grad 0.70 | 1.0k tok/s (avg 0.8k) | cert 0.28→0.28 | hpc_loss 2.922 | F 2.922 | inf_steps 10 | amort 0.8242 | π_scale 1.086 | NE 1.658 | bcm 0.0000 | θ_M 0.073 | ETA 3628.2h
step   3940 | loss 4.3125 | lr 3.00e-04 | grad 0.73 | 0.6k tok/s (avg 0.8k) | cert 0.43→0.43 | hpc_loss 2.906 | F 2.922 | inf_steps 12 | amort 0.8203 | π_scale 1.086 | NE 1.655 | bcm 0.0000 | θ_M 0.073 | ETA 3630.9h
step   3950 | loss 3.9531 | lr 3.00e-04 | grad 0.73 | 1.2k tok/s (avg 0.8k) | cert 0.41→0.41 | hpc_loss 2.906 | F 2.922 | inf_steps 18 | amort 0.8320 | π_scale 1.086 | NE 1.655 | bcm 0.0000 | θ_M 0.073 | ETA 3627.9h
step   3960 | loss 5.6875 | lr 3.00e-04 | grad 0.69 | 0.6k tok/s (avg 0.8k) | cert 0.34→0.34 | hpc_loss 2.906 | F 2.906 | inf_steps 10 | amort 0.8281 | π_scale 1.086 | NE 1.653 | bcm 0.0000 | θ_M 0.073 | ETA 3630.9h
step   3970 | loss 4.9375 | lr 3.00e-04 | grad 0.77 | 0.6k tok/s (avg 0.8k) | cert 0.32→0.32 | hpc_loss 2.891 | F 2.906 | inf_steps 10 | amort 0.8320 | π_scale 1.086 | NE 1.650 | bcm 0.0000 | θ_M 0.073 | ETA 3633.6h
step   3980 | loss 4.3750 | lr 3.00e-04 | grad 0.77 | 1.1k tok/s (avg 0.8k) | cert 0.36→0.36 | hpc_loss 2.891 | F 2.875 | inf_steps 18 | amort 0.8281 | π_scale 1.086 | NE 1.650 | bcm 0.0000 | θ_M 0.073 | ETA 3631.1h
step   3990 | loss 5.0000 | lr 3.00e-04 | grad 0.75 | 0.6k tok/s (avg 0.8k) | cert 0.44→0.44 | hpc_loss 2.875 | F 2.875 | inf_steps 12 | amort 0.7930 | π_scale 1.086 | NE 1.645 | bcm 0.0000 | θ_M 0.073 | ETA 3634.6h
step   4000 | loss 4.9688 | lr 3.00e-04 | grad 0.68 | 0.5k tok/s (avg 0.8k) | cert 0.37→0.37 | hpc_loss 2.859 | F 2.875 | inf_steps 18 | amort 0.8320 | π_scale 1.086 | NE 1.644 | bcm 0.0000 | θ_M 0.073 | ETA 3638.4h
[CachedTeacherDataset/eval] 9 shards (of 199 total) under teacher_cache/phase1 | seq_len=512 top_k=128
  >>> val @ step 4000:
  T=dyn | CE=4.6101 | PPL=100.49 | top1=24.8% | top5=44.8% | (25600 tok)
step   4010 | loss 3.8125 | lr 3.00e-04 | grad 0.68 | 0.4k tok/s (avg 0.8k) | cert 0.42→0.42 | hpc_loss 2.859 | F 2.875 | inf_steps 18 | amort 0.8164 | π_scale 1.086 | NE 1.644 | bcm 0.0000 | θ_M 0.083 | ETA 3647.9h
step   4020 | loss 3.8281 | lr 3.00e-04 | grad 0.70 | 0.9k tok/s (avg 0.8k) | cert 0.42→0.42 | hpc_loss 2.844 | F 2.844 | inf_steps 19 | amort 0.8242 | π_scale 1.086 | NE 1.637 | bcm 0.0000 | θ_M 0.073 | ETA 3647.0h
step   4030 | loss 5.0312 | lr 3.00e-04 | grad 0.70 | 1.1k tok/s (avg 0.8k) | cert 0.35→0.35 | hpc_loss 2.859 | F 2.844 | inf_steps 20 | amort 0.8242 | π_scale 1.086 | NE 1.637 | bcm 0.0000 | θ_M 0.073 | ETA 3644.4h
step   4040 | loss 3.7812 | lr 3.00e-04 | grad 0.66 | 0.6k tok/s (avg 0.8k) | cert 0.45→0.45 | hpc_loss 2.828 | F 2.844 | inf_steps 12 | amort 0.8047 | π_scale 1.086 | NE 1.636 | bcm 0.0000 | θ_M 0.073 | ETA 3647.4h
step   4050 | loss 4.9062 | lr 3.00e-04 | grad 0.67 | 0.5k tok/s (avg 0.8k) | cert 0.41→0.41 | hpc_loss 2.828 | F 2.844 | inf_steps 12 | amort 0.8203 | π_scale 1.086 | NE 1.633 | bcm 0.0000 | θ_M 0.073 | ETA 3653.7h
step   4060 | loss 3.6406 | lr 3.00e-04 | grad 0.67 | 1.2k tok/s (avg 0.8k) | cert 0.36→0.36 | hpc_loss 2.828 | F 2.812 | inf_steps 16 | amort 0.8164 | π_scale 1.086 | NE 1.633 | bcm 0.0000 | θ_M 0.073 | ETA 3650.6h
step   4070 | loss 5.1250 | lr 3.00e-04 | grad 0.73 | 0.5k tok/s (avg 0.8k) | cert 0.36→0.36 | hpc_loss 2.797 | F 2.812 | inf_steps 18 | amort 0.8203 | π_scale 1.086 | NE 1.632 | bcm 0.0000 | θ_M 0.073 | ETA 3656.1h
step   4080 | loss 3.9688 | lr 3.00e-04 | grad 0.68 | 0.6k tok/s (avg 0.8k) | cert 0.30→0.30 | hpc_loss 2.781 | F 2.781 | inf_steps 16 | amort 0.8203 | π_scale 1.086 | NE 1.635 | bcm 0.0000 | θ_M 0.073 | ETA 3659.1h
step   4090 | loss 5.6562 | lr 3.00e-04 | grad 0.68 | 1.2k tok/s (avg 0.8k) | cert 0.40→0.40 | hpc_loss 2.797 | F 2.812 | inf_steps 17 | amort 0.7852 | π_scale 1.086 | NE 1.635 | bcm 0.0000 | θ_M 0.073 | ETA 3655.9h
step   4100 | loss 5.4688 | lr 3.00e-04 | grad 0.68 | 0.6k tok/s (avg 0.8k) | cert 0.44→0.44 | hpc_loss 2.766 | F 2.766 | inf_steps 18 | amort 0.8398 | π_scale 1.086 | NE 1.634 | bcm 0.0000 | θ_M 0.073 | ETA 3659.3h
step   4110 | loss 4.2500 | lr 3.00e-04 | grad 0.68 | 1.1k tok/s (avg 0.8k) | cert 0.36→0.36 | hpc_loss 2.766 | F 2.766 | inf_steps 19 | amort 0.8281 | π_scale 1.086 | NE 1.634 | bcm 0.0000 | θ_M 0.073 | ETA 3656.6h
step   4120 | loss 7.1250 | lr 3.00e-04 | grad 0.73 | 0.5k tok/s (avg 0.8k) | cert 0.35→0.35 | hpc_loss 2.766 | F 2.766 | inf_steps 12 | amort 0.7891 | π_scale 1.086 | NE 1.633 | bcm 0.0000 | θ_M 0.073 | ETA 3660.5h
step   4130 | loss 5.5938 | lr 3.00e-04 | grad 0.84 | 0.6k tok/s (avg 0.8k) | cert 0.46→0.46 | hpc_loss 2.750 | F 2.766 | inf_steps 17 | amort 0.8164 | π_scale 1.086 | NE 1.629 | bcm 0.0000 | θ_M 0.073 | ETA 3663.5h
step   4140 | loss 4.9688 | lr 3.00e-04 | grad 0.84 | 1.1k tok/s (avg 0.8k) | cert 0.33→0.33 | hpc_loss 2.750 | F 2.750 | inf_steps 18 | amort 0.8008 | π_scale 1.086 | NE 1.629 | bcm 0.0000 | θ_M 0.073 | ETA 3661.2h
step   4150 | loss 7.2500 | lr 3.00e-04 | grad 0.73 | 0.5k tok/s (avg 0.8k) | cert 0.31→0.31 | hpc_loss 2.750 | F 2.750 | inf_steps 15 | amort 0.8359 | π_scale 1.086 | NE 1.629 | bcm 0.0000 | θ_M 0.073 | ETA 3665.8h
step   4160 | loss 4.2500 | lr 3.00e-04 | grad 0.82 | 0.5k tok/s (avg 0.8k) | cert 0.35→0.35 | hpc_loss 2.719 | F 2.703 | inf_steps 20 | amort 0.8203 | π_scale 1.086 | NE 1.630 | bcm 0.0000 | θ_M 0.073 | ETA 3669.8h
step   4170 | loss 4.4062 | lr 3.00e-04 | grad 0.82 | 1.2k tok/s (avg 0.8k) | cert 0.46→0.46 | hpc_loss 2.719 | F 2.703 | inf_steps 18 | amort 0.8047 | π_scale 1.086 | NE 1.630 | bcm 0.0000 | θ_M 0.073 | ETA 3666.7h
step   4180 | loss 6.2188 | lr 3.00e-04 | grad 0.72 | 0.6k tok/s (avg 0.8k) | cert 0.36→0.36 | hpc_loss 2.703 | F 2.688 | inf_steps 9 | amort 0.9531 | π_scale 1.085 | NE 1.631 | bcm 0.0000 | θ_M 0.073 | ETA 3670.2h
