Spawning 2 workers...
archlinux:1356238:1356238 [0] NCCL INFO ENV/Plugin: Could not find: libnccl-env.so
archlinux:1356238:1356238 [0] NCCL INFO Bootstrap: Using enp11s0:192.168.86.31<0>
archlinux:1356238:1356238 [0] NCCL INFO cudaDriverVersion 13020
archlinux:1356239:1356239 [1] NCCL INFO ENV/Plugin: Could not find: libnccl-env.so
archlinux:1356239:1356239 [1] NCCL INFO cudaDriverVersion 13020
archlinux:1356238:1356238 [0] NCCL INFO NCCL version 2.28.9+cuda13.0
archlinux:1356239:1356239 [1] NCCL INFO Bootstrap: Using enp11s0:192.168.86.31<0>
archlinux:1356239:1356239 [1] NCCL INFO NCCL version 2.28.9+cuda13.0
archlinux:1356238:1356238 [0] NCCL INFO Comm config Blocking set to 1
archlinux:1356239:1356239 [1] NCCL INFO Comm config Blocking set to 1
archlinux:1356238:1356238 [0] NCCL INFO NET/Plugin: Could not find: libnccl-net.so
archlinux:1356239:1356239 [1] NCCL INFO NET/Plugin: Could not find: libnccl-net.so
archlinux:1356239:1356239 [1] NCCL INFO NET/IB : No device found.
archlinux:1356239:1356239 [1] NCCL INFO NET/IB : Using [RO]; OOB enp11s0:192.168.86.31<0>
archlinux:1356238:1356238 [0] NCCL INFO NET/IB : No device found.
archlinux:1356239:1356239 [1] NCCL INFO Failed to initialize NET plugin IB
archlinux:1356238:1356238 [0] NCCL INFO NET/IB : Using [RO]; OOB enp11s0:192.168.86.31<0>
archlinux:1356238:1356238 [0] NCCL INFO Failed to initialize NET plugin IB
archlinux:1356239:1356239 [1] NCCL INFO NET/Socket : Using [0]enp11s0:192.168.86.31<0> [1]tailscale0:100.117.13.102<0>
archlinux:1356239:1356239 [1] NCCL INFO Initialized NET plugin Socket
archlinux:1356239:1356239 [1] NCCL INFO Assigned NET plugin Socket to comm
archlinux:1356239:1356239 [1] NCCL INFO Using network Socket
archlinux:1356238:1356238 [0] NCCL INFO NET/Socket : Using [0]enp11s0:192.168.86.31<0> [1]tailscale0:100.117.13.102<0>
archlinux:1356238:1356238 [0] NCCL INFO Initialized NET plugin Socket
archlinux:1356238:1356238 [0] NCCL INFO Assigned NET plugin Socket to comm
archlinux:1356238:1356238 [0] NCCL INFO Using network Socket
archlinux:1356239:1356239 [1] NCCL INFO ncclCommInitRankConfig comm 0x562d31f291e0 rank 1 nranks 2 cudaDev 1 nvmlDev 1 busId a000 commId 0x8d6aff92e87eca82 - Init START
archlinux:1356238:1356238 [0] NCCL INFO ncclCommInitRankConfig comm 0x55cb5a6026e0 rank 0 nranks 2 cudaDev 0 nvmlDev 0 busId 1000 commId 0x8d6aff92e87eca82 - Init START
archlinux:1356238:1356238 [0] NCCL INFO RAS client listening socket at ::1<28028>
archlinux:1356239:1356239 [1] NCCL INFO RAS client listening socket at ::1<28028>
archlinux:1356239:1356239 [1] NCCL INFO Bootstrap timings total 0.000582 (create 0.000013, send 0.000057, recv 0.000118, ring 0.000011, delay 0.000000)
archlinux:1356238:1356238 [0] NCCL INFO Bootstrap timings total 0.000552 (create 0.000011, send 0.000043, recv 0.000131, ring 0.000010, delay 0.000000)
archlinux:1356239:1356239 [1] NCCL INFO P2P is disabled between connected GPUs 1 and 0. You can repress this message with NCCL_IGNORE_DISABLED_P2P=1.
archlinux:1356239:1356239 [1] NCCL INFO P2P is disabled between connected GPUs 1 and 0. You can repress this message with NCCL_IGNORE_DISABLED_P2P=1.
archlinux:1356239:1356239 [1] NCCL INFO P2P is disabled between connected GPUs 0 and 1. You can repress this message with NCCL_IGNORE_DISABLED_P2P=1.
archlinux:1356239:1356239 [1] NCCL INFO P2P is disabled between connected GPUs 0 and 1. You can repress this message with NCCL_IGNORE_DISABLED_P2P=1.
archlinux:1356238:1356238 [0] NCCL INFO P2P is disabled between connected GPUs 1 and 0. You can repress this message with NCCL_IGNORE_DISABLED_P2P=1.
archlinux:1356239:1356239 [1] NCCL INFO P2P is disabled between connected GPUs 1 and 0. You can repress this message with NCCL_IGNORE_DISABLED_P2P=1.
archlinux:1356239:1356239 [1] NCCL INFO P2P is disabled between connected GPUs 1 and 0. You can repress this message with NCCL_IGNORE_DISABLED_P2P=1.
archlinux:1356238:1356238 [0] NCCL INFO P2P is disabled between connected GPUs 1 and 0. You can repress this message with NCCL_IGNORE_DISABLED_P2P=1.
archlinux:1356239:1356239 [1] NCCL INFO P2P is disabled between connected GPUs 0 and 1. You can repress this message with NCCL_IGNORE_DISABLED_P2P=1.
archlinux:1356238:1356238 [0] NCCL INFO P2P is disabled between connected GPUs 0 and 1. You can repress this message with NCCL_IGNORE_DISABLED_P2P=1.
archlinux:1356239:1356239 [1] NCCL INFO P2P is disabled between connected GPUs 0 and 1. You can repress this message with NCCL_IGNORE_DISABLED_P2P=1.
archlinux:1356238:1356238 [0] NCCL INFO P2P is disabled between connected GPUs 0 and 1. You can repress this message with NCCL_IGNORE_DISABLED_P2P=1.
archlinux:1356239:1356239 [1] NCCL INFO ncclTopoGetCpuAffinity: Affinity for GPU 1 is empty, ignoring. (GPU affinity =  ; CPU affinity = 0-31).
archlinux:1356239:1356239 [1] NCCL INFO NVLS multicast support is not available on dev 1 (NVLS_NCHANNELS 0)
archlinux:1356238:1356238 [0] NCCL INFO P2P is disabled between connected GPUs 1 and 0. You can repress this message with NCCL_IGNORE_DISABLED_P2P=1.
archlinux:1356238:1356238 [0] NCCL INFO P2P is disabled between connected GPUs 1 and 0. You can repress this message with NCCL_IGNORE_DISABLED_P2P=1.
archlinux:1356238:1356238 [0] NCCL INFO P2P is disabled between connected GPUs 0 and 1. You can repress this message with NCCL_IGNORE_DISABLED_P2P=1.
archlinux:1356238:1356238 [0] NCCL INFO P2P is disabled between connected GPUs 0 and 1. You can repress this message with NCCL_IGNORE_DISABLED_P2P=1.
archlinux:1356238:1356238 [0] NCCL INFO ncclTopoGetCpuAffinity: Affinity for GPU 0 is empty, ignoring. (GPU affinity =  ; CPU affinity = 0-31).
archlinux:1356238:1356238 [0] NCCL INFO NVLS multicast support is not available on dev 0 (NVLS_NCHANNELS 0)
archlinux:1356239:1356239 [1] NCCL INFO comm 0x562d31f291e0 rank 1 nRanks 2 nNodes 1 localRanks 2 localRank 1 MNNVL 0
archlinux:1356238:1356238 [0] NCCL INFO comm 0x55cb5a6026e0 rank 0 nRanks 2 nNodes 1 localRanks 2 localRank 0 MNNVL 0
archlinux:1356238:1356238 [0] NCCL INFO Channel 00/02 : 0 1
archlinux:1356239:1356239 [1] NCCL INFO Trees [0] -1/-1/-1->1->0 [1] -1/-1/-1->1->0
archlinux:1356238:1356238 [0] NCCL INFO Channel 01/02 : 0 1
archlinux:1356239:1356239 [1] NCCL INFO P2P Chunksize set to 131072
archlinux:1356238:1356238 [0] NCCL INFO Trees [0] 1/-1/-1->0->-1 [1] 1/-1/-1->0->-1
archlinux:1356238:1356238 [0] NCCL INFO P2P Chunksize set to 131072
archlinux:1356239:1356239 [1] NCCL INFO PROFILER/Plugin: Could not find: libnccl-profiler.so
archlinux:1356238:1356238 [0] NCCL INFO PROFILER/Plugin: Could not find: libnccl-profiler.so
archlinux:1356238:1356238 [0] NCCL INFO P2P is disabled between connected GPUs 0 and 1. You can repress this message with NCCL_IGNORE_DISABLED_P2P=1.
archlinux:1356239:1356239 [1] NCCL INFO P2P is disabled between connected GPUs 0 and 1. You can repress this message with NCCL_IGNORE_DISABLED_P2P=1.
archlinux:1356238:1356238 [0] NCCL INFO Check P2P Type isAllDirectP2p 0 directMode 0 isAllCudaP2p 0
archlinux:1356239:1356239 [1] NCCL INFO Check P2P Type isAllDirectP2p 0 directMode 0 isAllCudaP2p 0
archlinux:1356239:1356337 [0] NCCL INFO [Proxy Service] Device 1 CPU core 0
archlinux:1356238:1356340 [0] NCCL INFO [Proxy Service UDS] Device 0 CPU core 22
archlinux:1356239:1356339 [0] NCCL INFO [Proxy Service UDS] Device 1 CPU core 15
archlinux:1356238:1356338 [0] NCCL INFO [Proxy Service] Device 0 CPU core 0
archlinux:1356238:1356238 [0] NCCL INFO TUNER/Plugin: Could not find: libnccl-tuner.so
archlinux:1356238:1356238 [0] NCCL INFO threadThresholds 8/8/64 | 16/8/64 | 512 | 512
archlinux:1356238:1356238 [0] NCCL INFO 2 coll channels, 2 collnet channels, 0 nvls channels, 2 p2p channels, 2 p2p channels per peer
archlinux:1356238:1356238 [0] NCCL INFO CC Off, workFifoBytes 1048576
archlinux:1356239:1356239 [1] NCCL INFO TUNER/Plugin: Could not find: libnccl-tuner.so
archlinux:1356239:1356239 [1] NCCL INFO threadThresholds 8/8/64 | 16/8/64 | 512 | 512
archlinux:1356239:1356239 [1] NCCL INFO 2 coll channels, 2 collnet channels, 0 nvls channels, 2 p2p channels, 2 p2p channels per peer
archlinux:1356238:1356238 [0] NCCL INFO ncclCommInitRankConfig comm 0x55cb5a6026e0 rank 0 nranks 2 cudaDev 0 nvmlDev 0 busId 1000 commId 0x8d6aff92e87eca82 - Init COMPLETE
archlinux:1356239:1356239 [1] NCCL INFO ncclCommInitRankConfig comm 0x562d31f291e0 rank 1 nranks 2 cudaDev 1 nvmlDev 1 busId a000 commId 0x8d6aff92e87eca82 - Init COMPLETE
archlinux:1356238:1356238 [0] NCCL INFO Init timings - ncclCommInitRankConfig: rank 0 nranks 2 total 0.82 (kernels 0.81, alloc 0.00, bootstrap 0.00, allgathers 0.00, topo 0.01, graphs 0.00, connections 0.00, rest 0.00)
archlinux:1356239:1356239 [1] NCCL INFO Init timings - ncclCommInitRankConfig: rank 1 nranks 2 total 0.82 (kernels 0.81, alloc 0.00, bootstrap 0.00, allgathers 0.00, topo 0.01, graphs 0.00, connections 0.00, rest 0.00)
[worker 0] Building model on cuda:0...
Model: 492.5M params × 2 workers
archlinux:1356238:1356238 [0] NCCL INFO P2P is disabled between connected GPUs 0 and 1. You can repress this message with NCCL_IGNORE_DISABLED_P2P=1.
archlinux:1356238:1356238 [0] NCCL INFO P2P is disabled between connected GPUs 0 and 1. You can repress this message with NCCL_IGNORE_DISABLED_P2P=1.
archlinux:1356238:1356238 [0] NCCL INFO P2P is disabled between connected GPUs 0 and 1. You can repress this message with NCCL_IGNORE_DISABLED_P2P=1.
archlinux:1356238:1356238 [0] NCCL INFO Channel 00 : 0[0] -> 1[1] via SHM/direct/direct
archlinux:1356238:1356238 [0] NCCL INFO P2P is disabled between connected GPUs 0 and 1. You can repress this message with NCCL_IGNORE_DISABLED_P2P=1.
archlinux:1356238:1356238 [0] NCCL INFO Channel 01 : 0[0] -> 1[1] via SHM/direct/direct
archlinux:1356239:1356239 [1] NCCL INFO P2P is disabled between connected GPUs 1 and 0. You can repress this message with NCCL_IGNORE_DISABLED_P2P=1.
archlinux:1356239:1356239 [1] NCCL INFO P2P is disabled between connected GPUs 1 and 0. You can repress this message with NCCL_IGNORE_DISABLED_P2P=1.
archlinux:1356239:1356239 [1] NCCL INFO P2P is disabled between connected GPUs 1 and 0. You can repress this message with NCCL_IGNORE_DISABLED_P2P=1.
archlinux:1356239:1356239 [1] NCCL INFO Channel 00 : 1[1] -> 0[0] via SHM/direct/direct
archlinux:1356239:1356239 [1] NCCL INFO P2P is disabled between connected GPUs 1 and 0. You can repress this message with NCCL_IGNORE_DISABLED_P2P=1.
archlinux:1356239:1356239 [1] NCCL INFO Channel 01 : 1[1] -> 0[0] via SHM/direct/direct
archlinux:1356238:1356238 [0] NCCL INFO Connected all rings, use ring PXN 0 GDR 1
archlinux:1356239:1356239 [1] NCCL INFO Connected all rings, use ring PXN 0 GDR 1
  Optimizer: AdamW8bit (8-bit moments)
[CachedTeacherDataset/train] 190 shards (of 199 total) under teacher_cache/phase1 | seq_len=512 top_k=128
[CachedTeacherDataset/train] 190 shards (of 199 total) under teacher_cache/phase1 | seq_len=512 top_k=128

============================================================
CTM-Transformer Dual-GPU Training (nccl, no DDP)
  Steps: 0 → 10000000
  Batch: 2 × 512 tokens
  Thought ticks: 8
  Gradient checkpointing: True
============================================================

step      0 | T=4 | loss 20.6399 | lr 0.00e+00 | grad 0.00 | 1.0k tok/s (avg 1.0k) | cert 0.02→0.02 | ticks [11.938 11.938 11.938 11.938] | Δticks +0.000 | dist 8.464 | ETA 2754.5h
step     10 | T=4 | loss 19.1861 | lr 1.50e-06 | grad 0.00 | 3.4k tok/s (avg 2.5k) | cert 0.02→0.02 | ticks [12.000 12.000 12.000 12.000] | Δticks +0.000 | dist 6.934 | ETA 1116.1h
step     20 | T=4 | loss 20.9321 | lr 3.00e-06 | grad 27.00 | 1.6k tok/s (avg 2.0k) | cert 0.02→0.02 | ticks [12.000 12.000 12.000 12.000] | Δticks +0.000 | dist 8.702 | ETA 1448.5h
step     30 | T=4 | loss 20.8984 | lr 4.50e-06 | grad 27.00 | 3.3k tok/s (avg 2.3k) | cert 0.02→0.02 | ticks [12.000 12.000 12.000 12.000] | Δticks +0.000 | dist 8.602 | ETA 1250.6h
step     40 | T=4 | loss 18.7151 | lr 6.00e-06 | grad 27.25 | 1.7k tok/s (avg 2.1k) | cert 0.02→0.02 | ticks [11.938 11.938 11.938 11.938] | Δticks +0.000 | dist 6.561 | ETA 1367.8h
step     50 | T=4 | loss 24.7236 | lr 7.50e-06 | grad 28.25 | 1.7k tok/s (avg 2.0k) | cert 0.02→0.02 | ticks [11.938 11.875 11.875 11.875] | Δticks -0.062 | dist 12.573 | ETA 1428.1h
step     60 | T=4 | loss 26.7210 | lr 9.00e-06 | grad 28.25 | 3.3k tok/s (avg 2.1k) | cert 0.02→0.02 | ticks [12.000 11.938 11.938 12.000] | Δticks +0.000 | dist 14.498 | ETA 1333.0h
step     70 | T=4 | loss 17.8274 | lr 1.05e-05 | grad 21.62 | 1.6k tok/s (avg 2.0k) | cert 0.02→0.02 | ticks [11.938 11.875 11.875 11.875] | Δticks -0.062 | dist 5.697 | ETA 1399.8h
step     80 | T=4 | loss 19.0208 | lr 1.20e-05 | grad 19.12 | 1.6k tok/s (avg 2.0k) | cert 0.02→0.02 | ticks [11.938 11.875 11.875 11.875] | Δticks -0.062 | dist 6.882 | ETA 1440.7h
step     90 | T=4 | loss 24.9171 | lr 1.35e-05 | grad 19.12 | 3.3k tok/s (avg 2.1k) | cert 0.02→0.02 | ticks [12.000 11.938 11.875 11.938] | Δticks -0.062 | dist 12.719 | ETA 1376.0h
step    100 | T=4 | loss 21.6151 | lr 1.50e-05 | grad 16.12 | 1.6k tok/s (avg 2.0k) | cert 0.02→0.02 | ticks [11.875 11.750 11.750 11.812] | Δticks -0.062 | dist 9.585 | ETA 1415.6h
step    110 | T=4 | loss 21.1013 | lr 1.65e-05 | grad 16.12 | 3.3k tok/s (avg 2.1k) | cert 0.02→0.02 | ticks [11.938 11.812 11.750 11.812] | Δticks -0.125 | dist 8.999 | ETA 1365.0h
step    120 | T=4 | loss 22.5024 | lr 1.80e-05 | grad 13.06 | 1.6k tok/s (avg 2.0k) | cert 0.02→0.02 | ticks [11.938 11.875 11.875 11.875] | Δticks -0.062 | dist 10.317 | ETA 1396.0h
step    130 | T=4 | loss 20.2829 | lr 1.95e-05 | grad 11.81 | 1.7k tok/s (avg 2.0k) | cert 0.02→0.02 | ticks [11.938 11.750 11.750 11.812] | Δticks -0.125 | dist 8.112 | ETA 1415.1h
step    140 | T=4 | loss 21.2936 | lr 2.10e-05 | grad 11.81 | 3.3k tok/s (avg 2.1k) | cert 0.02→0.02 | ticks [11.938 11.812 11.750 11.812] | Δticks -0.125 | dist 9.146 | ETA 1376.2h
step    150 | T=4 | loss 35.0884 | lr 2.25e-05 | grad 11.94 | 1.6k tok/s (avg 2.0k) | cert 0.02→0.02 | ticks [11.875 11.812 11.812 11.875] | Δticks +0.000 | dist 22.976 | ETA 1404.2h
step    160 | T=4 | loss 18.3304 | lr 2.40e-05 | grad 13.69 | 1.6k tok/s (avg 2.0k) | cert 0.02→0.02 | ticks [11.875 11.688 11.625 11.688] | Δticks -0.188 | dist 6.285 | ETA 1428.6h
step    170 | T=4 | loss 16.7866 | lr 2.55e-05 | grad 13.69 | 3.3k tok/s (avg 2.0k) | cert 0.02→0.02 | ticks [11.875 11.812 11.750 11.812] | Δticks -0.062 | dist 4.563 | ETA 1396.0h
step    180 | T=4 | loss 20.8074 | lr 2.70e-05 | grad 12.88 | 1.8k tok/s (avg 2.0k) | cert 0.02→0.02 | ticks [11.812 11.688 11.625 11.688] | Δticks -0.125 | dist 8.770 | ETA 1407.3h
step    190 | T=4 | loss 23.1861 | lr 2.85e-05 | grad 12.88 | 3.2k tok/s (avg 2.1k) | cert 0.02→0.02 | ticks [11.875 11.688 11.625 11.688] | Δticks -0.188 | dist 11.101 | ETA 1379.7h
step    200 | T=4 | loss 19.4212 | lr 3.00e-05 | grad 10.62 | 1.8k tok/s (avg 2.0k) | cert 0.02→0.02 | ticks [11.938 11.812 11.750 11.750] | Δticks -0.188 | dist 7.263 | ETA 1390.0h
step    210 | T=4 | loss 18.0947 | lr 3.15e-05 | grad 10.88 | 1.7k tok/s (avg 2.0k) | cert 0.02→0.02 | ticks [11.688 11.438 11.312 11.375] | Δticks -0.312 | dist 6.291 | ETA 1404.3h
step    220 | T=4 | loss 19.1115 | lr 3.30e-05 | grad 10.88 | 3.2k tok/s (avg 2.1k) | cert 0.02→0.02 | ticks [11.875 11.688 11.688 11.688] | Δticks -0.188 | dist 7.053 | ETA 1380.9h
step    230 | T=4 | loss 18.6990 | lr 3.45e-05 | grad 9.44 | 1.7k tok/s (avg 2.0k) | cert 0.02→0.02 | ticks [11.750 11.562 11.500 11.500] | Δticks -0.250 | dist 6.896 | ETA 1391.8h
step    240 | T=4 | loss 20.6568 | lr 3.60e-05 | grad 8.44 | 1.8k tok/s (avg 2.0k) | cert 0.02→0.02 | ticks [11.875 11.688 11.625 11.625] | Δticks -0.250 | dist 8.729 | ETA 1398.4h
step    250 | T=4 | loss 17.2423 | lr 3.75e-05 | grad 8.44 | 3.2k tok/s (avg 2.1k) | cert 0.02→0.02 | ticks [11.750 11.500 11.375 11.375] | Δticks -0.375 | dist 5.510 | ETA 1378.0h
step    260 | T=4 | loss 23.2214 | lr 3.90e-05 | grad 8.12 | 1.8k tok/s (avg 2.1k) | cert 0.02→0.02 | ticks [11.750 11.562 11.500 11.562] | Δticks -0.188 | dist 11.413 | ETA 1384.6h
step    270 | T=4 | loss 17.2594 | lr 4.05e-05 | grad 8.12 | 3.2k tok/s (avg 2.1k) | cert 0.02→0.02 | ticks [11.750 11.562 11.438 11.438] | Δticks -0.312 | dist 5.479 | ETA 1366.5h
step    280 | T=4 | loss 23.3751 | lr 4.20e-05 | grad 6.84 | 1.8k tok/s (avg 2.1k) | cert 0.02→0.02 | ticks [11.688 11.500 11.375 11.438] | Δticks -0.250 | dist 11.626 | ETA 1373.2h
step    290 | T=4 | loss 17.0017 | lr 4.35e-05 | grad 6.75 | 1.8k tok/s (avg 2.1k) | cert 0.02→0.02 | ticks [11.875 11.688 11.625 11.625] | Δticks -0.250 | dist 5.095 | ETA 1379.3h
step    300 | T=4 | loss 16.2527 | lr 4.50e-05 | grad 6.75 | 3.2k tok/s (avg 2.1k) | cert 0.02→0.02 | ticks [11.812 11.688 11.625 11.625] | Δticks -0.188 | dist 4.338 | ETA 1363.2h
step    310 | T=4 | loss 18.4213 | lr 4.65e-05 | grad 6.69 | 1.8k tok/s (avg 2.1k) | cert 0.02→0.02 | ticks [11.688 11.438 11.312 11.312] | Δticks -0.375 | dist 6.707 | ETA 1369.0h
step    320 | T=4 | loss 22.9775 | lr 4.80e-05 | grad 6.59 | 1.8k tok/s (avg 2.1k) | cert 0.02→0.02 | ticks [11.312 10.875 10.750 10.812] | Δticks -0.500 | dist 11.674 | ETA 1374.4h
step    330 | T=4 | loss 20.4105 | lr 4.95e-05 | grad 6.59 | 3.2k tok/s (avg 2.1k) | cert 0.02→0.02 | ticks [11.750 11.625 11.562 11.562] | Δticks -0.188 | dist 8.571 | ETA 1359.9h
step    340 | T=4 | loss 26.7560 | lr 5.10e-05 | grad 4.66 | 1.7k tok/s (avg 2.1k) | cert 0.02→0.02 | ticks [11.812 11.625 11.562 11.562] | Δticks -0.250 | dist 14.858 | ETA 1368.7h
step    350 | T=4 | loss 21.4437 | lr 5.25e-05 | grad 4.66 | 3.2k tok/s (avg 2.1k) | cert 0.02→0.02 | ticks [11.750 11.625 11.562 11.562] | Δticks -0.188 | dist 9.601 | ETA 1355.2h
step    360 | T=4 | loss 21.2435 | lr 5.40e-05 | grad 5.47 | 1.8k tok/s (avg 2.1k) | cert 0.02→0.02 | ticks [11.500 11.188 11.062 11.062] | Δticks -0.438 | dist 9.732 | ETA 1361.7h
step    370 | T=4 | loss 18.5099 | lr 5.55e-05 | grad 4.50 | 1.8k tok/s (avg 2.1k) | cert 0.02→0.02 | ticks [11.688 11.438 11.375 11.375] | Δticks -0.312 | dist 6.752 | ETA 1367.3h
step    380 | T=4 | loss 20.5964 | lr 5.70e-05 | grad 4.50 | 3.2k tok/s (avg 2.1k) | cert 0.02→0.02 | ticks [11.750 11.500 11.438 11.500] | Δticks -0.250 | dist 8.766 | ETA 1354.8h
step    390 | T=4 | loss 19.1125 | lr 5.85e-05 | grad 4.62 | 1.8k tok/s (avg 2.1k) | cert 0.02→0.02 | ticks [11.312 10.938 10.750 10.750] | Δticks -0.562 | dist 7.859 | ETA 1360.6h
step    400 | T=4 | loss 18.0344 | lr 6.00e-05 | grad 5.94 | 1.8k tok/s (avg 2.1k) | cert 0.02→0.02 | ticks [11.750 11.562 11.562 11.562] | Δticks -0.188 | dist 6.157 | ETA 1366.2h
step    410 | T=4 | loss 16.1481 | lr 6.15e-05 | grad 5.94 | 3.2k tok/s (avg 2.1k) | cert 0.02→0.02 | ticks [11.500 11.312 11.312 11.312] | Δticks -0.188 | dist 4.513 | ETA 1354.7h
step    420 | T=4 | loss 26.0137 | lr 6.30e-05 | grad 3.81 | 1.8k tok/s (avg 2.1k) | cert 0.02→0.02 | ticks [11.562 11.375 11.250 11.312] | Δticks -0.250 | dist 14.388 | ETA 1359.5h
step    430 | T=4 | loss 19.7117 | lr 6.45e-05 | grad 3.81 | 3.1k tok/s (avg 2.1k) | cert 0.02→0.02 | ticks [11.438 11.188 11.125 11.125] | Δticks -0.312 | dist 8.215 | ETA 1348.9h
step    440 | T=4 | loss 19.4314 | lr 6.60e-05 | grad 5.47 | 1.8k tok/s (avg 2.1k) | cert 0.02→0.02 | ticks [11.188 10.812 10.688 10.688] | Δticks -0.500 | dist 8.281 | ETA 1353.8h
step    450 | T=4 | loss 18.7524 | lr 6.75e-05 | grad 4.38 | 1.8k tok/s (avg 2.1k) | cert 0.02→0.02 | ticks [10.750 10.125 9.938 10.000] | Δticks -0.750 | dist 8.010 | ETA 1359.0h
step    460 | T=4 | loss 18.1807 | lr 6.90e-05 | grad 4.38 | 3.2k tok/s (avg 2.1k) | cert 0.02→0.02 | ticks [11.562 11.312 11.250 11.250] | Δticks -0.312 | dist 6.557 | ETA 1349.0h
step    470 | T=4 | loss 23.5857 | lr 7.05e-05 | grad 5.59 | 1.8k tok/s (avg 2.1k) | cert 0.02→0.02 | ticks [11.125 10.750 10.625 10.625] | Δticks -0.500 | dist 12.465 | ETA 1354.3h
step    480 | T=4 | loss 17.1530 | lr 7.20e-05 | grad 4.81 | 1.8k tok/s (avg 2.1k) | cert 0.02→0.02 | ticks [11.250 10.938 10.812 10.812] | Δticks -0.438 | dist 5.903 | ETA 1359.1h
step    490 | T=4 | loss 20.2001 | lr 7.35e-05 | grad 4.81 | 3.2k tok/s (avg 2.1k) | cert 0.02→0.02 | ticks [10.625 10.250 10.125 10.188] | Δticks -0.438 | dist 9.539 | ETA 1349.5h
step    500 | T=4 | loss 17.7267 | lr 7.50e-05 | grad 4.34 | 1.8k tok/s (avg 2.1k) | cert 0.02→0.02 | ticks [11.500 11.250 11.250 11.250] | Δticks -0.250 | dist 6.154 | ETA 1354.4h
step    510 | T=4 | loss 18.4336 | lr 7.65e-05 | grad 4.34 | 3.2k tok/s (avg 2.1k) | cert 0.02→0.02 | ticks [11.562 11.375 11.312 11.312] | Δticks -0.250 | dist 6.799 | ETA 1345.4h
step    520 | T=4 | loss 18.9495 | lr 7.80e-05 | grad 4.53 | 1.7k tok/s (avg 2.1k) | cert 0.02→0.02 | ticks [11.062 10.688 10.625 10.625] | Δticks -0.438 | dist 7.862 | ETA 1351.1h
step    530 | T=4 | loss 16.7002 | lr 7.95e-05 | grad 3.98 | 1.8k tok/s (avg 2.1k) | cert 0.02→0.02 | ticks [11.375 11.062 11.000 11.000] | Δticks -0.375 | dist 5.257 | ETA 1355.1h
step    540 | T=4 | loss 15.1714 | lr 8.10e-05 | grad 3.98 | 3.2k tok/s (avg 2.1k) | cert 0.02→0.02 | ticks [11.250 10.938 10.812 10.812] | Δticks -0.438 | dist 3.902 | ETA 1346.6h
step    550 | T=4 | loss 21.4792 | lr 8.25e-05 | grad 4.56 | 1.9k tok/s (avg 2.1k) | cert 0.02→0.02 | ticks [10.750 10.375 10.312 10.312] | Δticks -0.438 | dist 10.780 | ETA 1349.9h
step    560 | T=4 | loss 18.6354 | lr 8.40e-05 | grad 4.31 | 1.8k tok/s (avg 2.1k) | cert 0.02→0.02 | ticks [10.750 10.375 10.250 10.250] | Δticks -0.500 | dist 7.911 | ETA 1353.4h
step    570 | T=4 | loss 16.9683 | lr 8.55e-05 | grad 4.31 | 3.2k tok/s (avg 2.1k) | cert 0.02→0.02 | ticks [10.188 9.750 9.625 9.625] | Δticks -0.562 | dist 6.851 | ETA 1345.4h
step    580 | T=4 | loss 17.5624 | lr 8.70e-05 | grad 5.03 | 1.8k tok/s (avg 2.1k) | cert 0.02→0.02 | ticks [11.312 11.062 11.000 11.000] | Δticks -0.312 | dist 6.234 | ETA 1349.0h
step    590 | T=4 | loss 19.3862 | lr 8.85e-05 | grad 5.03 | 3.2k tok/s (avg 2.1k) | cert 0.02→0.02 | ticks [10.438 10.000 9.938 9.938] | Δticks -0.500 | dist 9.025 | ETA 1341.3h
step    600 | T=4 | loss 20.1788 | lr 9.00e-05 | grad 3.95 | 1.8k tok/s (avg 2.1k) | cert 0.02→0.02 | ticks [10.438 10.125 10.062 10.062] | Δticks -0.375 | dist 9.782 | ETA 1344.8h
step    610 | T=4 | loss 14.8239 | lr 9.15e-05 | grad 4.06 | 1.8k tok/s (avg 2.1k) | cert 0.02→0.02 | ticks [10.875 10.562 10.500 10.500] | Δticks -0.375 | dist 4.064 | ETA 1348.0h
step    620 | T=4 | loss 18.1939 | lr 9.30e-05 | grad 4.06 | 3.2k tok/s (avg 2.1k) | cert 0.02→0.03 | ticks [10.438 10.062 10.000 10.000] | Δticks -0.438 | dist 7.917 | ETA 1340.7h
step    630 | T=4 | loss 21.4611 | lr 9.45e-05 | grad 3.28 | 1.8k tok/s (avg 2.1k) | cert 0.02→0.03 | ticks [10.625 10.312 10.250 10.250] | Δticks -0.375 | dist 10.949 | ETA 1344.1h
step    640 | T=4 | loss 19.1014 | lr 9.60e-05 | grad 3.23 | 1.8k tok/s (avg 2.1k) | cert 0.03→0.03 | ticks [9.250 8.875 8.812 8.812] | Δticks -0.438 | dist 10.049 | ETA 1347.3h
step    650 | T=4 | loss 21.0774 | lr 9.75e-05 | grad 3.23 | 3.2k tok/s (avg 2.1k) | cert 0.03→0.03 | ticks [9.062 8.688 8.625 8.688] | Δticks -0.375 | dist 12.073 | ETA 1340.4h
step    660 | T=4 | loss 15.9084 | lr 9.90e-05 | grad 3.38 | 1.8k tok/s (avg 2.1k) | cert 0.03→0.04 | ticks [8.875 8.375 8.250 8.312] | Δticks -0.562 | dist 7.324 | ETA 1343.5h
step    670 | T=4 | loss 16.7721 | lr 1.00e-04 | grad 3.38 | 3.2k tok/s (avg 2.1k) | cert 0.02→0.03 | ticks [10.750 10.438 10.375 10.375] | Δticks -0.375 | dist 6.128 | ETA 1336.8h
step    680 | T=4 | loss 14.5482 | lr 1.02e-04 | grad 3.73 | 1.8k tok/s (avg 2.1k) | cert 0.03→0.04 | ticks [9.625 9.250 9.188 9.188] | Δticks -0.438 | dist 5.005 | ETA 1339.8h
step    690 | T=4 | loss 17.1917 | lr 1.03e-04 | grad 3.77 | 1.8k tok/s (avg 2.1k) | cert 0.03→0.04 | ticks [9.375 8.938 8.875 8.938] | Δticks -0.438 | dist 7.996 | ETA 1342.9h
step    700 | T=4 | loss 14.1394 | lr 1.05e-04 | grad 3.77 | 3.2k tok/s (avg 2.1k) | cert 0.03→0.04 | ticks [8.875 8.500 8.375 8.375] | Δticks -0.500 | dist 5.491 | ETA 1336.6h
step    710 | T=4 | loss 16.0128 | lr 1.07e-04 | grad 4.34 | 1.8k tok/s (avg 2.1k) | cert 0.03→0.04 | ticks [9.562 9.250 9.250 9.250] | Δticks -0.312 | dist 6.546 | ETA 1339.6h
step    720 | T=4 | loss 17.5020 | lr 1.08e-04 | grad 3.25 | 1.9k tok/s (avg 2.1k) | cert 0.03→0.05 | ticks [9.250 8.938 8.812 8.875] | Δticks -0.375 | dist 8.392 | ETA 1342.3h
step    730 | T=4 | loss 15.9419 | lr 1.09e-04 | grad 3.25 | 3.2k tok/s (avg 2.1k) | cert 0.03→0.04 | ticks [9.688 9.375 9.375 9.375] | Δticks -0.312 | dist 6.342 | ETA 1336.2h
step    740 | T=4 | loss 15.6761 | lr 1.11e-04 | grad 3.66 | 1.8k tok/s (avg 2.1k) | cert 0.03→0.06 | ticks [8.750 8.438 8.375 8.375] | Δticks -0.375 | dist 7.088 | ETA 1339.7h
step    750 | T=4 | loss 15.2272 | lr 1.12e-04 | grad 3.66 | 3.2k tok/s (avg 2.1k) | cert 0.03→0.05 | ticks [10.062 9.750 9.688 9.750] | Δticks -0.312 | dist 5.277 | ETA 1333.8h
step    760 | T=4 | loss 19.5854 | lr 1.14e-04 | grad 3.20 | 1.8k tok/s (avg 2.1k) | cert 0.03→0.05 | ticks [10.062 9.812 9.750 9.812] | Δticks -0.250 | dist 9.581 | ETA 1336.6h
step    770 | T=4 | loss 17.9676 | lr 1.15e-04 | grad 3.28 | 1.8k tok/s (avg 2.1k) | cert 0.03→0.07 | ticks [9.375 9.062 9.000 9.000] | Δticks -0.375 | dist 8.751 | ETA 1339.5h
step    780 | T=4 | loss 14.9100 | lr 1.17e-04 | grad 3.28 | 3.2k tok/s (avg 2.1k) | cert 0.03→0.06 | ticks [10.000 9.688 9.625 9.625] | Δticks -0.375 | dist 5.025 | ETA 1333.8h
step    790 | T=4 | loss 13.3427 | lr 1.18e-04 | grad 3.22 | 1.8k tok/s (avg 2.1k) | cert 0.06→0.08 | ticks [8.125 7.844 7.812 7.812] | Δticks -0.312 | dist 5.331 | ETA 1336.9h
step    800 | T=4 | loss 14.6328 | lr 1.20e-04 | grad 2.73 | 1.8k tok/s (avg 2.1k) | cert 0.04→0.10 | ticks [8.375 8.062 7.969 7.969] | Δticks -0.406 | dist 6.437 | ETA 1339.5h
step    810 | T=4 | loss 13.5238 | lr 1.21e-04 | grad 2.73 | 3.2k tok/s (avg 2.1k) | cert 0.05→0.09 | ticks [8.500 8.188 8.062 8.062] | Δticks -0.438 | dist 5.256 | ETA 1334.0h
step    820 | T=4 | loss 16.1743 | lr 1.23e-04 | grad 2.94 | 1.8k tok/s (avg 2.1k) | cert 0.05→0.10 | ticks [9.000 8.688 8.625 8.625] | Δticks -0.375 | dist 7.338 | ETA 1336.6h
step    830 | T=4 | loss 13.4888 | lr 1.24e-04 | grad 2.94 | 3.2k tok/s (avg 2.1k) | cert 0.05→0.10 | ticks [8.312 8.000 7.906 7.906] | Δticks -0.406 | dist 5.370 | ETA 1331.3h
step    840 | T=4 | loss 12.6637 | lr 1.26e-04 | grad 2.97 | 1.8k tok/s (avg 2.1k) | cert 0.05→0.09 | ticks [9.312 9.000 8.875 8.938] | Δticks -0.375 | dist 3.537 | ETA 1333.9h
step    850 | T=4 | loss 19.7551 | lr 1.28e-04 | grad 2.47 | 1.8k tok/s (avg 2.1k) | cert 0.05→0.11 | ticks [9.312 9.062 9.000 9.000] | Δticks -0.312 | dist 10.571 | ETA 1336.4h
step    860 | T=4 | loss 13.3040 | lr 1.29e-04 | grad 2.47 | 3.2k tok/s (avg 2.1k) | cert 0.06→0.13 | ticks [8.125 7.812 7.719 7.719] | Δticks -0.406 | dist 5.378 | ETA 1331.3h
step    870 | T=4 | loss 16.3253 | lr 1.30e-04 | grad 2.64 | 1.8k tok/s (avg 2.1k) | cert 0.06→0.10 | ticks [8.500 8.062 7.938 8.000] | Δticks -0.500 | dist 8.081 | ETA 1333.8h
step    880 | T=4 | loss 14.9158 | lr 1.32e-04 | grad 2.78 | 1.8k tok/s (avg 2.1k) | cert 0.09→0.16 | ticks [8.250 8.000 7.938 7.938] | Δticks -0.312 | dist 6.808 | ETA 1336.3h
step    890 | T=4 | loss 14.6825 | lr 1.33e-04 | grad 2.78 | 3.2k tok/s (avg 2.1k) | cert 0.13→0.19 | ticks [7.375 7.062 6.938 6.938] | Δticks -0.438 | dist 7.563 | ETA 1331.3h
step    900 | T=4 | loss 21.3176 | lr 1.35e-04 | grad 2.31 | 1.8k tok/s (avg 2.1k) | cert 0.06→0.13 | ticks [9.250 8.938 8.875 8.875] | Δticks -0.375 | dist 12.202 | ETA 1333.6h
step    910 | T=4 | loss 13.3033 | lr 1.36e-04 | grad 2.31 | 3.2k tok/s (avg 2.1k) | cert 0.07→0.16 | ticks [8.688 8.312 8.188 8.125] | Δticks -0.562 | dist 4.940 | ETA 1328.8h
step    920 | T=4 | loss 13.9527 | lr 1.38e-04 | grad 2.30 | 1.8k tok/s (avg 2.1k) | cert 0.08→0.17 | ticks [8.375 8.000 7.844 7.812] | Δticks -0.562 | dist 5.979 | ETA 1331.1h
step    930 | T=4 | loss 15.2754 | lr 1.39e-04 | grad 2.23 | 1.8k tok/s (avg 2.1k) | cert 0.09→0.20 | ticks [8.062 7.625 7.469 7.469] | Δticks -0.594 | dist 7.645 | ETA 1333.5h
step    940 | T=4 | loss 13.3386 | lr 1.41e-04 | grad 2.23 | 3.2k tok/s (avg 2.1k) | cert 0.09→0.21 | ticks [7.844 7.406 7.250 7.219] | Δticks -0.625 | dist 5.955 | ETA 1328.9h
step    950 | T=4 | loss 14.6893 | lr 1.42e-04 | grad 2.67 | 1.8k tok/s (avg 2.1k) | cert 0.10→0.25 | ticks [7.594 7.062 6.875 6.875] | Δticks -0.719 | dist 7.653 | ETA 1331.1h
step    960 | T=4 | loss 12.9031 | lr 1.44e-04 | grad 2.17 | 1.8k tok/s (avg 2.1k) | cert 0.11→0.25 | ticks [7.188 6.688 6.531 6.500] | Δticks -0.688 | dist 6.256 | ETA 1333.4h
step    970 | T=4 | loss 14.6669 | lr 1.45e-04 | grad 2.17 | 3.2k tok/s (avg 2.1k) | cert 0.12→0.26 | ticks [7.719 7.188 7.000 7.000] | Δticks -0.719 | dist 7.505 | ETA 1328.8h
step    980 | T=4 | loss 15.7940 | lr 1.47e-04 | grad 2.23 | 1.8k tok/s (avg 2.1k) | cert 0.07→0.23 | ticks [8.438 7.938 7.781 7.781] | Δticks -0.656 | dist 7.857 | ETA 1331.1h
step    990 | T=4 | loss 13.8325 | lr 1.49e-04 | grad 2.23 | 3.2k tok/s (avg 2.1k) | cert 0.10→0.27 | ticks [7.594 7.031 6.875 6.875] | Δticks -0.719 | dist 6.807 | ETA 1326.7h
step   1000 | T=4 | loss 14.6854 | lr 1.50e-04 | grad 2.28 | 1.8k tok/s (avg 2.1k) | cert 0.07→0.16 | ticks [7.906 7.156 6.781 6.781] | Δticks -1.125 | dist 7.574 | ETA 1328.9h
[CachedTeacherDataset/eval] 9 shards (of 199 total) under teacher_cache/phase1 | seq_len=512 top_k=128
  >>> val @ step 1000:
  T=4 | CE=6.8339 | PPL=928.80 | top1=14.1% | top5=30.0% | (25600 tok)
step   1010 | T=4 | loss 12.2887 | lr 1.51e-04 | grad 2.75 | 0.8k tok/s (avg 2.1k) | cert 0.15→0.32 | ticks [6.375 5.875 5.688 5.688] | Δticks -0.688 | dist 6.510 | ETA 1350.1h
step   1020 | T=4 | loss 17.3474 | lr 1.53e-04 | grad 2.75 | 3.2k tok/s (avg 2.1k) | cert 0.13→0.29 | ticks [7.062 6.500 6.344 6.344] | Δticks -0.719 | dist 10.914 | ETA 1345.6h
step   1030 | T=4 | loss 13.3034 | lr 1.54e-04 | grad 2.39 | 1.8k tok/s (avg 2.1k) | cert 0.12→0.31 | ticks [7.188 6.594 6.406 6.375] | Δticks -0.812 | dist 6.808 | ETA 1347.5h
step   1040 | T=4 | loss 12.9994 | lr 1.56e-04 | grad 1.96 | 1.8k tok/s (avg 2.1k) | cert 0.07→0.28 | ticks [8.500 7.938 7.750 7.781] | Δticks -0.719 | dist 5.132 | ETA 1349.5h
step   1050 | T=4 | loss 14.2693 | lr 1.57e-04 | grad 1.96 | 3.2k tok/s (avg 2.1k) | cert 0.11→0.30 | ticks [8.250 7.656 7.438 7.438] | Δticks -0.812 | dist 6.717 | ETA 1345.1h
step   1060 | T=4 | loss 13.4339 | lr 1.59e-04 | grad 2.02 | 1.8k tok/s (avg 2.1k) | cert 0.08→0.29 | ticks [8.250 7.656 7.469 7.469] | Δticks -0.781 | dist 5.894 | ETA 1347.0h
step   1070 | T=4 | loss 12.2375 | lr 1.60e-04 | grad 2.02 | 3.2k tok/s (avg 2.1k) | cert 0.07→0.26 | ticks [8.625 8.062 7.750 7.719] | Δticks -0.906 | dist 4.428 | ETA 1342.8h
step   1080 | T=4 | loss 11.9507 | lr 1.62e-04 | grad 2.00 | 1.9k tok/s (avg 2.1k) | cert 0.13→0.33 | ticks [6.906 6.344 6.094 6.094] | Δticks -0.812 | dist 5.791 | ETA 1344.6h
step   1090 | T=4 | loss 18.8022 | lr 1.63e-04 | grad 1.84 | 1.8k tok/s (avg 2.1k) | cert 0.10→0.30 | ticks [8.500 7.969 7.688 7.625] | Δticks -0.875 | dist 11.059 | ETA 1346.5h
step   1100 | T=4 | loss 15.2819 | lr 1.65e-04 | grad 1.84 | 3.2k tok/s (avg 2.1k) | cert 0.09→0.30 | ticks [8.188 7.594 7.344 7.312] | Δticks -0.875 | dist 7.887 | ETA 1342.4h
step   1110 | T=4 | loss 11.7678 | lr 1.66e-04 | grad 2.38 | 1.8k tok/s (avg 2.1k) | cert 0.23→0.43 | ticks [6.625 6.188 5.969 5.938] | Δticks -0.688 | dist 5.702 | ETA 1344.3h
step   1120 | T=4 | loss 19.8970 | lr 1.68e-04 | grad 2.31 | 1.8k tok/s (avg 2.1k) | cert 0.14→0.34 | ticks [7.625 7.031 6.781 6.781] | Δticks -0.844 | dist 13.000 | ETA 1346.0h
step   1130 | T=4 | loss 14.8620 | lr 1.69e-04 | grad 2.31 | 3.2k tok/s (avg 2.1k) | cert 0.11→0.34 | ticks [8.062 7.438 7.125 7.062] | Δticks -1.000 | dist 7.718 | ETA 1342.0h
step   1140 | T=4 | loss 13.1911 | lr 1.71e-04 | grad 2.48 | 1.8k tok/s (avg 2.1k) | cert 0.16→0.37 | ticks [7.656 7.188 6.969 7.000] | Δticks -0.656 | dist 6.109 | ETA 1343.8h
step   1150 | T=4 | loss 12.9078 | lr 1.72e-04 | grad 2.48 | 3.2k tok/s (avg 2.1k) | cert 0.08→0.31 | ticks [9.125 8.500 8.125 8.062] | Δticks -1.062 | dist 4.770 | ETA 1339.9h
step   1160 | T=4 | loss 11.2885 | lr 1.74e-04 | grad 2.02 | 1.8k tok/s (avg 2.1k) | cert 0.16→0.40 | ticks [6.594 5.875 5.625 5.625] | Δticks -0.969 | dist 5.618 | ETA 1341.7h
step   1170 | T=4 | loss 10.5477 | lr 1.75e-04 | grad 2.33 | 1.8k tok/s (avg 2.1k) | cert 0.28→0.46 | ticks [6.406 5.812 5.500 5.469] | Δticks -0.938 | dist 4.991 | ETA 1343.5h
step   1180 | T=4 | loss 10.3647 | lr 1.77e-04 | grad 2.33 | 3.2k tok/s (avg 2.1k) | cert 0.10→0.38 | ticks [7.969 7.094 6.594 6.469] | Δticks -1.500 | dist 3.801 | ETA 1339.7h
step   1190 | T=4 | loss 11.4257 | lr 1.79e-04 | grad 3.05 | 1.8k tok/s (avg 2.1k) | cert 0.17→0.41 | ticks [7.188 6.500 6.250 6.188] | Δticks -1.000 | dist 5.177 | ETA 1341.4h
step   1200 | T=4 | loss 12.2772 | lr 1.80e-04 | grad 2.02 | 1.8k tok/s (avg 2.1k) | cert 0.20→0.41 | ticks [6.812 6.281 6.156 6.125] | Δticks -0.688 | dist 6.092 | ETA 1343.1h
step   1210 | T=4 | loss 14.0843 | lr 1.81e-04 | grad 2.02 | 2.9k tok/s (avg 2.1k) | cert 0.08→0.34 | ticks [9.312 8.562 8.250 8.250] | Δticks -1.062 | dist 5.830 | ETA 1340.1h
step   1220 | T=4 | loss 12.2847 | lr 1.83e-04 | grad 3.08 | 1.9k tok/s (avg 2.1k) | cert 0.10→0.35 | ticks [8.625 7.906 7.656 7.656] | Δticks -0.969 | dist 4.589 | ETA 1341.1h
step   1230 | T=4 | loss 11.4257 | lr 1.84e-04 | grad 3.08 | 3.2k tok/s (avg 2.1k) | cert 0.26→0.45 | ticks [6.375 5.844 5.688 5.656] | Δticks -0.719 | dist 5.738 | ETA 1337.5h
step   1240 | T=4 | loss 11.3283 | lr 1.86e-04 | grad 2.12 | 1.8k tok/s (avg 2.1k) | cert 0.08→0.37 | ticks [8.125 7.219 6.938 6.938] | Δticks -1.188 | dist 4.363 | ETA 1339.2h
step   1250 | T=4 | loss 16.0065 | lr 1.87e-04 | grad 3.64 | 1.9k tok/s (avg 2.1k) | cert 0.11→0.39 | ticks [7.938 7.188 7.000 7.000] | Δticks -0.938 | dist 8.991 | ETA 1340.7h
step   1260 | T=4 | loss 13.1085 | lr 1.89e-04 | grad 3.64 | 3.2k tok/s (avg 2.1k) | cert 0.06→0.35 | ticks [9.000 8.062 7.719 7.719] | Δticks -1.281 | dist 5.380 | ETA 1337.2h
step   1270 | T=4 | loss 13.6106 | lr 1.90e-04 | grad 2.06 | 1.8k tok/s (avg 2.1k) | cert 0.14→0.38 | ticks [7.719 7.094 6.938 6.938] | Δticks -0.781 | dist 6.628 | ETA 1338.9h
step   1280 | T=4 | loss 12.2857 | lr 1.92e-04 | grad 2.95 | 1.8k tok/s (avg 2.1k) | cert 0.13→0.39 | ticks [8.312 7.688 7.562 7.594] | Δticks -0.719 | dist 4.668 | ETA 1340.5h
step   1290 | T=4 | loss 12.3543 | lr 1.93e-04 | grad 2.95 | 3.2k tok/s (avg 2.1k) | cert 0.07→0.37 | ticks [8.312 7.469 7.281 7.281] | Δticks -1.031 | dist 5.086 | ETA 1337.1h
step   1300 | T=4 | loss 13.1643 | lr 1.95e-04 | grad 4.31 | 1.9k tok/s (avg 2.1k) | cert 0.11→0.39 | ticks [8.125 7.312 7.125 7.125] | Δticks -1.000 | dist 6.021 | ETA 1338.6h
step   1310 | T=4 | loss 10.6467 | lr 1.96e-04 | grad 4.31 | 3.2k tok/s (avg 2.1k) | cert 0.12→0.41 | ticks [7.750 6.812 6.438 6.438] | Δticks -1.312 | dist 4.225 | ETA 1335.2h
step   1320 | T=4 | loss 11.2096 | lr 1.98e-04 | grad 2.42 | 1.8k tok/s (avg 2.1k) | cert 0.06→0.30 | ticks [8.375 7.438 6.938 6.812] | Δticks -1.562 | dist 4.338 | ETA 1336.8h
step   1330 | T=4 | loss 11.3439 | lr 1.99e-04 | grad 7.88 | 1.8k tok/s (avg 2.1k) | cert 0.04→0.32 | ticks [9.500 8.500 7.781 7.656] | Δticks -1.844 | dist 3.660 | ETA 1338.4h
step   1340 | T=4 | loss 12.9576 | lr 2.01e-04 | grad 7.88 | 3.2k tok/s (avg 2.1k) | cert 0.14→0.41 | ticks [7.969 7.156 6.688 6.625] | Δticks -1.344 | dist 6.293 | ETA 1335.1h
step   1350 | T=4 | loss 10.1112 | lr 2.02e-04 | grad 6.78 | 1.8k tok/s (avg 2.1k) | cert 0.17→0.44 | ticks [6.688 5.812 5.625 5.625] | Δticks -1.062 | dist 4.451 | ETA 1336.6h
step   1360 | T=4 | loss 9.2872 | lr 2.04e-04 | grad 3.34 | 1.9k tok/s (avg 2.1k) | cert 0.22→0.47 | ticks [6.219 5.531 5.375 5.375] | Δticks -0.844 | dist 3.908 | ETA 1338.0h
step   1370 | T=4 | loss 14.2419 | lr 2.05e-04 | grad 3.34 | 3.2k tok/s (avg 2.1k) | cert 0.23→0.49 | ticks [6.281 5.625 5.531 5.594] | Δticks -0.688 | dist 8.628 | ETA 1334.8h
step   1380 | T=4 | loss 20.3624 | lr 2.07e-04 | grad 4.16 | 1.8k tok/s (avg 2.1k) | cert 0.05→0.33 | ticks [9.125 8.312 7.875 7.844] | Δticks -1.281 | dist 12.575 | ETA 1336.3h
step   1390 | T=4 | loss 13.8330 | lr 2.08e-04 | grad 4.16 | 3.2k tok/s (avg 2.1k) | cert 0.21→0.43 | ticks [6.312 5.656 5.562 5.625] | Δticks -0.688 | dist 8.229 | ETA 1333.1h
step   1400 | T=4 | loss 17.5583 | lr 2.10e-04 | grad 6.34 | 1.9k tok/s (avg 2.1k) | cert 0.06→0.33 | ticks [8.875 8.062 7.781 7.781] | Δticks -1.094 | dist 9.821 | ETA 1334.6h
step   1410 | T=4 | loss 12.6957 | lr 2.11e-04 | grad 3.73 | 1.8k tok/s (avg 2.1k) | cert 0.17→0.45 | ticks [7.250 6.625 6.562 6.625] | Δticks -0.625 | dist 6.096 | ETA 1336.1h
step   1420 | T=4 | loss 12.0352 | lr 2.13e-04 | grad 3.73 | 3.2k tok/s (avg 2.1k) | cert 0.13→0.46 | ticks [7.625 6.875 6.812 6.812] | Δticks -0.812 | dist 5.268 | ETA 1333.0h
step   1430 | T=4 | loss 11.1772 | lr 2.14e-04 | grad 3.98 | 1.9k tok/s (avg 2.1k) | cert 0.23→0.52 | ticks [6.625 5.781 5.500 5.500] | Δticks -1.125 | dist 5.669 | ETA 1334.4h
step   1440 | T=4 | loss 13.1694 | lr 2.16e-04 | grad 3.02 | 1.8k tok/s (avg 2.1k) | cert 0.09→0.38 | ticks [8.938 7.844 7.406 7.344] | Δticks -1.594 | dist 5.807 | ETA 1335.9h
step   1450 | T=4 | loss 11.0229 | lr 2.17e-04 | grad 3.02 | 3.2k tok/s (avg 2.1k) | cert 0.07→0.39 | ticks [8.188 7.062 6.750 6.781] | Δticks -1.406 | dist 4.259 | ETA 1332.8h
step   1460 | T=4 | loss 14.7718 | lr 2.19e-04 | grad 4.38 | 1.9k tok/s (avg 2.1k) | cert 0.17→0.36 | ticks [7.094 6.375 6.188 6.188] | Δticks -0.906 | dist 8.595 | ETA 1334.2h
step   1470 | T=4 | loss 11.0935 | lr 2.20e-04 | grad 4.38 | 3.2k tok/s (avg 2.1k) | cert 0.21→0.46 | ticks [6.094 5.156 4.906 4.906] | Δticks -1.188 | dist 6.169 | ETA 1331.2h
step   1480 | T=4 | loss 13.3910 | lr 2.22e-04 | grad 4.22 | 1.8k tok/s (avg 2.1k) | cert 0.22→0.41 | ticks [7.031 6.656 6.625 6.688] | Δticks -0.344 | dist 6.752 | ETA 1332.6h
step   1490 | T=4 | loss 13.7703 | lr 2.23e-04 | grad 5.03 | 1.9k tok/s (avg 2.1k) | cert 0.20→0.45 | ticks [6.656 6.125 6.125 6.219] | Δticks -0.438 | dist 7.648 | ETA 1334.0h
step   1500 | T=4 | loss 14.3812 | lr 2.25e-04 | grad 5.03 | 3.2k tok/s (avg 2.1k) | cert 0.25→0.46 | ticks [6.594 6.125 6.125 6.188] | Δticks -0.406 | dist 8.265 | ETA 1331.1h
step   1510 | T=4 | loss 9.3897 | lr 2.26e-04 | grad 5.47 | 1.8k tok/s (avg 2.1k) | cert 0.22→0.54 | ticks [6.219 4.938 4.625 4.656] | Δticks -1.562 | dist 4.703 | ETA 1332.4h
step   1520 | T=4 | loss 12.7785 | lr 2.28e-04 | grad 5.84 | 1.8k tok/s (avg 2.1k) | cert 0.07→0.43 | ticks [8.812 7.250 6.938 6.906] | Δticks -1.906 | dist 5.879 | ETA 1333.8h
step   1530 | T=4 | loss 10.2063 | lr 2.29e-04 | grad 5.84 | 3.2k tok/s (avg 2.1k) | cert 0.16→0.49 | ticks [6.750 5.344 5.094 5.062] | Δticks -1.688 | dist 5.135 | ETA 1331.0h
step   1540 | T=4 | loss 16.4492 | lr 2.31e-04 | grad 6.22 | 1.8k tok/s (avg 2.1k) | cert 0.16→0.39 | ticks [7.750 7.094 6.969 6.938] | Δticks -0.812 | dist 9.513 | ETA 1332.3h
step   1550 | T=4 | loss 11.1374 | lr 2.32e-04 | grad 6.22 | 3.2k tok/s (avg 2.1k) | cert 0.06→0.39 | ticks [8.875 7.781 7.625 7.594] | Δticks -1.281 | dist 3.613 | ETA 1329.5h
step   1560 | T=4 | loss 11.4806 | lr 2.34e-04 | grad 2.58 | 1.8k tok/s (avg 2.1k) | cert 0.17→0.43 | ticks [6.281 5.375 5.281 5.312] | Δticks -0.969 | dist 6.180 | ETA 1330.9h
step   1570 | T=4 | loss 14.7875 | lr 2.35e-04 | grad 3.45 | 1.8k tok/s (avg 2.1k) | cert 0.12→0.39 | ticks [8.062 7.281 7.188 7.188] | Δticks -0.875 | dist 7.679 | ETA 1332.2h
step   1580 | T=4 | loss 15.6578 | lr 2.37e-04 | grad 3.45 | 3.2k tok/s (avg 2.1k) | cert 0.16→0.45 | ticks [7.188 6.250 6.094 6.219] | Δticks -0.969 | dist 9.580 | ETA 1329.5h
step   1590 | T=4 | loss 11.3787 | lr 2.38e-04 | grad 3.28 | 1.9k tok/s (avg 2.1k) | cert 0.11→0.43 | ticks [7.594 6.500 6.375 6.375] | Δticks -1.219 | dist 5.039 | ETA 1330.8h
step   1600 | T=4 | loss 12.5484 | lr 2.40e-04 | grad 1.82 | 1.8k tok/s (avg 2.1k) | cert 0.32→0.54 | ticks [5.188 4.406 4.281 4.344] | Δticks -0.844 | dist 8.274 | ETA 1332.1h
step   1610 | T=4 | loss 11.6032 | lr 2.41e-04 | grad 1.82 | 3.2k tok/s (avg 2.1k) | cert 0.08→0.41 | ticks [8.750 7.719 7.625 7.625] | Δticks -1.125 | dist 4.062 | ETA 1329.4h
step   1620 | T=4 | loss 9.4504 | lr 2.43e-04 | grad 1.68 | 1.8k tok/s (avg 2.1k) | cert 0.06→0.38 | ticks [7.719 5.938 5.500 5.562] | Δticks -2.156 | dist 3.952 | ETA 1330.7h
step   1630 | T=4 | loss 13.6049 | lr 2.44e-04 | grad 1.68 | 3.2k tok/s (avg 2.1k) | cert 0.16→0.41 | ticks [7.594 6.531 6.281 6.281] | Δticks -1.312 | dist 7.304 | ETA 1328.0h
step   1640 | T=4 | loss 9.1916 | lr 2.46e-04 | grad 2.53 | 1.8k tok/s (avg 2.1k) | cert 0.16→0.49 | ticks [6.344 4.969 4.812 4.844] | Δticks -1.500 | dist 4.345 | ETA 1329.3h
step   1650 | T=4 | loss 10.5567 | lr 2.47e-04 | grad 2.42 | 1.8k tok/s (avg 2.1k) | cert 0.13→0.45 | ticks [8.062 7.031 6.844 7.000] | Δticks -1.062 | dist 3.591 | ETA 1330.6h
step   1660 | T=4 | loss 13.2536 | lr 2.49e-04 | grad 2.42 | 3.2k tok/s (avg 2.1k) | cert 0.29→0.49 | ticks [5.906 5.031 4.906 4.906] | Δticks -1.000 | dist 8.357 | ETA 1328.0h
step   1670 | T=4 | loss 14.9633 | lr 2.51e-04 | grad 2.61 | 1.8k tok/s (avg 2.1k) | cert 0.28→0.45 | ticks [6.250 5.656 5.625 5.750] | Δticks -0.500 | dist 9.319 | ETA 1329.3h
step   1680 | T=4 | loss 14.0869 | lr 2.52e-04 | grad 3.50 | 1.8k tok/s (avg 2.1k) | cert 0.22→0.47 | ticks [6.344 5.344 5.156 5.188] | Δticks -1.156 | dist 8.939 | ETA 1330.5h
step   1690 | T=4 | loss 9.5505 | lr 2.53e-04 | grad 3.50 | 3.2k tok/s (avg 2.1k) | cert 0.06→0.38 | ticks [8.000 6.250 5.781 5.750] | Δticks -2.250 | dist 3.813 | ETA 1327.9h
step   1700 | T=4 | loss 10.5069 | lr 2.55e-04 | grad 4.84 | 1.8k tok/s (avg 2.1k) | cert 0.07→0.40 | ticks [8.625 7.219 6.938 6.969] | Δticks -1.656 | dist 3.618 | ETA 1329.3h
step   1710 | T=4 | loss 10.3792 | lr 2.56e-04 | grad 4.84 | 3.2k tok/s (avg 2.1k) | cert 0.24→0.49 | ticks [6.031 5.219 5.062 5.031] | Δticks -1.000 | dist 5.352 | ETA 1326.7h
step   1720 | T=4 | loss 12.3409 | lr 2.58e-04 | grad 4.72 | 1.8k tok/s (avg 2.1k) | cert 0.22→0.46 | ticks [6.938 6.562 6.531 6.562] | Δticks -0.375 | dist 5.934 | ETA 1328.0h
step   1730 | T=4 | loss 10.6054 | lr 2.59e-04 | grad 6.59 | 1.8k tok/s (avg 2.1k) | cert 0.21→0.44 | ticks [7.531 6.938 6.844 6.875] | Δticks -0.656 | dist 3.843 | ETA 1329.2h
step   1740 | T=4 | loss 11.1604 | lr 2.61e-04 | grad 6.59 | 3.2k tok/s (avg 2.1k) | cert 0.13→0.38 | ticks [7.688 7.031 6.969 7.000] | Δticks -0.688 | dist 4.236 | ETA 1326.7h
step   1750 | T=4 | loss 9.4185 | lr 2.62e-04 | grad 5.06 | 1.8k tok/s (avg 2.1k) | cert 0.13→0.49 | ticks [6.969 5.219 4.812 4.844] | Δticks -2.125 | dist 4.594 | ETA 1327.9h
step   1760 | T=4 | loss 10.5881 | lr 2.64e-04 | grad 7.38 | 1.8k tok/s (avg 2.1k) | cert 0.11→0.47 | ticks [7.062 5.531 5.312 5.312] | Δticks -1.750 | dist 5.278 | ETA 1329.1h
step   1770 | T=4 | loss 11.8044 | lr 2.65e-04 | grad 7.38 | 3.2k tok/s (avg 2.1k) | cert 0.08→0.40 | ticks [9.125 7.562 7.250 7.250] | Δticks -1.875 | dist 4.602 | ETA 1326.7h
step   1780 | T=4 | loss 10.4098 | lr 2.67e-04 | grad 8.44 | 1.8k tok/s (avg 2.1k) | cert 0.20→0.50 | ticks [6.312 5.219 5.094 5.125] | Δticks -1.188 | dist 5.308 | ETA 1327.9h
step   1790 | T=4 | loss 8.4972 | lr 2.68e-04 | grad 8.44 | 3.2k tok/s (avg 2.1k) | cert 0.20→0.52 | ticks [6.062 4.906 4.781 4.781] | Δticks -1.281 | dist 3.729 | ETA 1325.5h
step   1800 | T=4 | loss 11.2195 | lr 2.70e-04 | grad 2.70 | 1.8k tok/s (avg 2.1k) | cert 0.14→0.39 | ticks [7.406 6.594 6.469 6.562] | Δticks -0.844 | dist 4.789 | ETA 1326.7h
step   1810 | T=4 | loss 13.3752 | lr 2.71e-04 | grad 4.66 | 1.8k tok/s (avg 2.1k) | cert 0.13→0.31 | ticks [7.938 7.125 7.062 7.188] | Δticks -0.750 | dist 6.320 | ETA 1327.9h
step   1820 | T=4 | loss 17.5988 | lr 2.73e-04 | grad 4.66 | 3.2k tok/s (avg 2.1k) | cert 0.22→0.38 | ticks [6.781 6.000 5.938 6.094] | Δticks -0.688 | dist 11.638 | ETA 1325.5h
step   1830 | T=4 | loss 13.3066 | lr 2.74e-04 | grad 4.28 | 1.8k tok/s (avg 2.1k) | cert 0.11→0.38 | ticks [8.188 7.125 7.062 7.125] | Δticks -1.062 | dist 6.285 | ETA 1326.7h
step   1840 | T=4 | loss 14.3100 | lr 2.76e-04 | grad 2.14 | 1.9k tok/s (avg 2.1k) | cert 0.30→0.49 | ticks [6.031 5.562 5.625 5.688] | Δticks -0.344 | dist 8.755 | ETA 1327.8h
step   1850 | T=4 | loss 9.9385 | lr 2.77e-04 | grad 2.14 | 3.1k tok/s (avg 2.1k) | cert 0.10→0.45 | ticks [7.688 6.000 5.938 5.969] | Δticks -1.719 | dist 4.044 | ETA 1325.5h
step   1860 | T=4 | loss 12.6658 | lr 2.79e-04 | grad 3.81 | 1.8k tok/s (avg 2.1k) | cert 0.13→0.42 | ticks [8.312 7.125 7.062 7.062] | Δticks -1.250 | dist 5.660 | ETA 1326.7h
step   1870 | T=4 | loss 11.4793 | lr 2.80e-04 | grad 3.81 | 3.2k tok/s (avg 2.1k) | cert 0.39→0.54 | ticks [5.312 4.656 4.625 4.656] | Δticks -0.656 | dist 6.949 | ETA 1324.4h
step   1880 | T=4 | loss 15.3441 | lr 2.82e-04 | grad 3.86 | 1.8k tok/s (avg 2.1k) | cert 0.12→0.35 | ticks [7.906 6.969 6.906 6.938] | Δticks -0.969 | dist 8.462 | ETA 1325.5h
step   1890 | T=4 | loss 11.4683 | lr 2.83e-04 | grad 3.77 | 1.9k tok/s (avg 2.1k) | cert 0.29→0.44 | ticks [6.844 6.156 6.031 6.062] | Δticks -0.781 | dist 5.412 | ETA 1326.6h
step   1900 | T=4 | loss 12.1491 | lr 2.85e-04 | grad 3.77 | 3.2k tok/s (avg 2.1k) | cert 0.20→0.37 | ticks [7.875 7.125 7.000 7.000] | Δticks -0.875 | dist 5.160 | ETA 1324.4h
step   1910 | T=4 | loss 17.3866 | lr 2.86e-04 | grad 4.12 | 1.8k tok/s (avg 2.1k) | cert 0.18→0.46 | ticks [7.875 7.062 6.906 6.906] | Δticks -0.969 | dist 10.548 | ETA 1325.5h
step   1920 | T=4 | loss 14.6980 | lr 2.88e-04 | grad 3.41 | 1.8k tok/s (avg 2.1k) | cert 0.11→0.45 | ticks [7.688 6.094 6.062 6.250] | Δticks -1.438 | dist 8.717 | ETA 1326.7h
step   1930 | T=4 | loss 10.1125 | lr 2.89e-04 | grad 3.41 | 3.2k tok/s (avg 2.1k) | cert 0.15→0.47 | ticks [6.500 5.094 5.000 5.094] | Δticks -1.406 | dist 5.110 | ETA 1324.4h
step   1940 | T=4 | loss 9.3849 | lr 2.91e-04 | grad 7.78 | 1.8k tok/s (avg 2.1k) | cert 0.13→0.48 | ticks [6.375 4.750 4.625 4.688] | Δticks -1.688 | dist 4.772 | ETA 1325.6h
step   1950 | T=4 | loss 9.5805 | lr 2.93e-04 | grad 7.78 | 3.2k tok/s (avg 2.1k) | cert 0.05→0.41 | ticks [9.188 6.906 6.531 6.531] | Δticks -2.656 | dist 3.062 | ETA 1323.4h
step   1960 | T=4 | loss 11.3358 | lr 2.94e-04 | grad 7.16 | 1.9k tok/s (avg 2.1k) | cert 0.26→0.46 | ticks [7.062 6.062 6.000 6.094] | Δticks -0.969 | dist 5.365 | ETA 1324.5h
step   1970 | T=4 | loss 10.0350 | lr 2.95e-04 | grad 3.06 | 1.8k tok/s (avg 2.1k) | cert 0.35→0.47 | ticks [5.875 5.375 5.312 5.344] | Δticks -0.531 | dist 4.769 | ETA 1325.6h
step   1980 | T=4 | loss 9.6690 | lr 2.97e-04 | grad 3.06 | 3.2k tok/s (avg 2.1k) | cert 0.14→0.39 | ticks [7.125 6.156 6.125 6.156] | Δticks -0.969 | dist 3.623 | ETA 1323.4h
step   1990 | T=4 | loss 12.8931 | lr 2.98e-04 | grad 5.09 | 1.8k tok/s (avg 2.1k) | cert 0.12→0.38 | ticks [7.688 6.375 6.281 6.312] | Δticks -1.375 | dist 6.647 | ETA 1324.5h
step   2000 | T=4 | loss 10.4752 | lr 3.00e-04 | grad 2.69 | 1.8k tok/s (avg 2.1k) | cert 0.09→0.45 | ticks [8.875 7.281 7.250 7.312] | Δticks -1.562 | dist 3.269 | ETA 1325.7h
[CachedTeacherDataset/eval] 9 shards (of 199 total) under teacher_cache/phase1 | seq_len=512 top_k=128
  >>> val @ step 2000:
  T=4 | CE=5.5086 | PPL=246.82 | top1=22.1% | top5=40.9% | (25600 tok)
step   2010 | T=4 | loss 8.2706 | lr 3.00e-04 | grad 2.69 | 0.9k tok/s (avg 2.1k) | cert 0.13→0.47 | ticks [6.719 4.938 4.875 5.031] | Δticks -1.688 | dist 3.392 | ETA 1334.3h
step   2020 | T=4 | loss 12.2089 | lr 3.00e-04 | grad 3.55 | 2.1k tok/s (avg 2.1k) | cert 0.34→0.52 | ticks [6.375 5.812 6.062 6.250] | Δticks -0.125 | dist 6.422 | ETA 1334.4h
step   2030 | T=4 | loss 12.5186 | lr 3.00e-04 | grad 3.55 | 3.2k tok/s (avg 2.1k) | cert 0.05→0.47 | ticks [8.750 6.812 6.719 6.781] | Δticks -1.969 | dist 5.901 | ETA 1332.3h
step   2040 | T=4 | loss 9.7415 | lr 3.00e-04 | grad 2.62 | 1.9k tok/s (avg 2.1k) | cert 0.45→0.52 | ticks [5.000 4.375 4.406 4.625] | Δticks -0.375 | dist 5.416 | ETA 1333.2h
step   2050 | T=4 | loss 9.2380 | lr 3.00e-04 | grad 3.34 | 1.8k tok/s (avg 2.1k) | cert 0.26→0.43 | ticks [5.531 4.594 4.500 4.656] | Δticks -0.875 | dist 4.690 | ETA 1334.3h
step   2060 | T=4 | loss 16.0486 | lr 3.00e-04 | grad 3.34 | 3.2k tok/s (avg 2.1k) | cert 0.25→0.36 | ticks [6.812 5.938 5.938 6.094] | Δticks -0.719 | dist 10.174 | ETA 1332.2h
step   2070 | T=4 | loss 13.3360 | lr 3.00e-04 | grad 3.34 | 1.9k tok/s (avg 2.1k) | cert 0.07→0.38 | ticks [8.938 7.750 7.906 8.062] | Δticks -0.875 | dist 5.679 | ETA 1333.1h
step   2080 | T=4 | loss 10.0288 | lr 3.00e-04 | grad 2.86 | 1.8k tok/s (avg 2.1k) | cert 0.27→0.56 | ticks [6.031 4.812 4.688 4.750] | Δticks -1.281 | dist 5.317 | ETA 1334.1h
step   2090 | T=4 | loss 11.9727 | lr 3.00e-04 | grad 2.86 | 3.2k tok/s (avg 2.1k) | cert 0.31→0.56 | ticks [6.094 5.125 5.062 5.094] | Δticks -1.000 | dist 6.927 | ETA 1332.0h
step   2100 | T=4 | loss 9.3108 | lr 3.00e-04 | grad 2.56 | 1.8k tok/s (avg 2.1k) | cert 0.23→0.54 | ticks [5.969 4.688 4.625 4.594] | Δticks -1.375 | dist 4.741 | ETA 1333.1h
step   2110 | T=4 | loss 12.8918 | lr 3.00e-04 | grad 2.56 | 3.2k tok/s (avg 2.1k) | cert 0.15→0.46 | ticks [8.125 6.969 7.000 7.031] | Δticks -1.094 | dist 6.005 | ETA 1331.0h
step   2120 | T=4 | loss 11.6327 | lr 3.00e-04 | grad 2.66 | 1.8k tok/s (avg 2.1k) | cert 0.08→0.40 | ticks [8.938 7.438 7.500 7.594] | Δticks -1.344 | dist 4.288 | ETA 1332.0h
step   2130 | T=4 | loss 11.2164 | lr 3.00e-04 | grad 2.19 | 1.8k tok/s (avg 2.1k) | cert 0.21→0.38 | ticks [7.156 6.500 6.469 6.531] | Δticks -0.625 | dist 4.810 | ETA 1333.0h
step   2140 | T=4 | loss 10.1917 | lr 3.00e-04 | grad 2.19 | 3.2k tok/s (avg 2.1k) | cert 0.29→0.50 | ticks [5.688 4.844 4.781 4.875] | Δticks -0.812 | dist 5.410 | ETA 1330.9h
step   2150 | T=4 | loss 11.8480 | lr 3.00e-04 | grad 3.88 | 1.9k tok/s (avg 2.1k) | cert 0.23→0.44 | ticks [6.562 5.219 5.062 5.156] | Δticks -1.406 | dist 6.758 | ETA 1331.9h
step   2160 | T=4 | loss 9.0442 | lr 3.00e-04 | grad 2.33 | 1.8k tok/s (avg 2.1k) | cert 0.27→0.54 | ticks [5.750 4.531 4.438 4.562] | Δticks -1.188 | dist 4.652 | ETA 1332.8h
step   2170 | T=4 | loss 11.2286 | lr 3.00e-04 | grad 2.33 | 3.2k tok/s (avg 2.1k) | cert 0.05→0.44 | ticks [8.875 6.938 6.875 7.000] | Δticks -1.875 | dist 4.435 | ETA 1330.8h
step   2180 | T=4 | loss 12.5017 | lr 3.00e-04 | grad 4.16 | 1.8k tok/s (avg 2.1k) | cert 0.21→0.52 | ticks [7.312 6.000 5.906 5.969] | Δticks -1.344 | dist 6.663 | ETA 1331.8h
step   2190 | T=4 | loss 13.6558 | lr 3.00e-04 | grad 4.16 | 3.2k tok/s (avg 2.1k) | cert 0.15→0.47 | ticks [7.938 6.750 6.688 6.719] | Δticks -1.219 | dist 7.073 | ETA 1329.8h
step   2200 | T=4 | loss 11.1655 | lr 3.00e-04 | grad 2.80 | 1.8k tok/s (avg 2.1k) | cert 0.13→0.47 | ticks [8.250 6.750 6.688 6.719] | Δticks -1.531 | dist 4.589 | ETA 1330.8h
step   2210 | T=4 | loss 9.8912 | lr 3.00e-04 | grad 2.44 | 1.8k tok/s (avg 2.1k) | cert 0.19→0.50 | ticks [6.188 4.719 4.594 4.688] | Δticks -1.500 | dist 5.286 | ETA 1331.8h
step   2220 | T=4 | loss 8.4975 | lr 3.00e-04 | grad 2.44 | 3.2k tok/s (avg 2.1k) | cert 0.18→0.51 | ticks [6.219 4.500 4.281 4.344] | Δticks -1.875 | dist 4.228 | ETA 1329.8h
step   2230 | T=4 | loss 8.2044 | lr 3.00e-04 | grad 5.62 | 1.9k tok/s (avg 2.1k) | cert 0.20→0.47 | ticks [6.500 4.938 4.781 4.906] | Δticks -1.594 | dist 3.410 | ETA 1330.8h
step   2240 | T=4 | loss 9.9691 | lr 3.00e-04 | grad 3.36 | 1.8k tok/s (avg 2.1k) | cert 0.38→0.52 | ticks [5.062 4.469 4.531 4.750] | Δticks -0.312 | dist 5.529 | ETA 1331.7h
step   2250 | T=4 | loss 10.4903 | lr 3.00e-04 | grad 3.36 | 3.2k tok/s (avg 2.1k) | cert 0.41→0.52 | ticks [5.344 4.750 4.719 4.844] | Δticks -0.500 | dist 5.789 | ETA 1329.8h
step   2260 | T=4 | loss 9.3541 | lr 3.00e-04 | grad 5.00 | 1.8k tok/s (avg 2.1k) | cert 0.39→0.54 | ticks [5.250 4.438 4.406 4.531] | Δticks -0.719 | dist 5.001 | ETA 1330.8h
step   2270 | T=4 | loss 11.6066 | lr 3.00e-04 | grad 5.00 | 3.2k tok/s (avg 2.1k) | cert 0.14→0.42 | ticks [8.000 7.062 7.062 7.062] | Δticks -0.938 | dist 4.630 | ETA 1328.8h
step   2280 | T=4 | loss 13.7419 | lr 3.00e-04 | grad 3.17 | 1.8k tok/s (avg 2.1k) | cert 0.25→0.54 | ticks [6.750 5.469 5.406 5.500] | Δticks -1.250 | dist 8.441 | ETA 1329.8h
step   2290 | T=4 | loss 10.0131 | lr 3.00e-04 | grad 4.75 | 1.8k tok/s (avg 2.1k) | cert 0.14→0.42 | ticks [8.438 7.000 6.812 6.844] | Δticks -1.594 | dist 3.240 | ETA 1330.7h
step   2300 | T=4 | loss 13.0870 | lr 3.00e-04 | grad 4.75 | 3.2k tok/s (avg 2.1k) | cert 0.10→0.41 | ticks [8.875 7.438 7.344 7.375] | Δticks -1.500 | dist 5.896 | ETA 1328.8h
step   2310 | T=4 | loss 18.8676 | lr 3.00e-04 | grad 4.22 | 1.8k tok/s (avg 2.1k) | cert 0.14→0.41 | ticks [7.875 6.812 6.750 6.812] | Δticks -1.062 | dist 12.234 | ETA 1329.8h
step   2320 | T=4 | loss 13.2937 | lr 3.00e-04 | grad 2.56 | 1.8k tok/s (avg 2.1k) | cert 0.32→0.50 | ticks [5.719 4.969 4.906 5.000] | Δticks -0.719 | dist 8.428 | ETA 1330.7h
step   2330 | T=4 | loss 13.3518 | lr 3.00e-04 | grad 2.56 | 3.2k tok/s (avg 2.1k) | cert 0.36→0.48 | ticks [6.000 5.406 5.406 5.500] | Δticks -0.500 | dist 8.025 | ETA 1328.8h
step   2340 | T=4 | loss 15.3855 | lr 3.00e-04 | grad 3.33 | 1.8k tok/s (avg 2.1k) | cert 0.13→0.39 | ticks [7.969 7.000 7.000 7.062] | Δticks -0.906 | dist 8.443 | ETA 1329.7h
step   2350 | T=4 | loss 9.8293 | lr 3.00e-04 | grad 3.33 | 3.2k tok/s (avg 2.1k) | cert 0.26→0.45 | ticks [7.500 6.688 6.594 6.625] | Δticks -0.875 | dist 3.295 | ETA 1327.9h
step   2360 | T=4 | loss 11.5696 | lr 3.00e-04 | grad 2.78 | 1.9k tok/s (avg 2.1k) | cert 0.15→0.42 | ticks [8.688 7.250 7.156 7.125] | Δticks -1.562 | dist 4.522 | ETA 1328.8h
step   2370 | T=4 | loss 10.2255 | lr 3.00e-04 | grad 4.25 | 1.8k tok/s (avg 2.1k) | cert 0.26→0.52 | ticks [6.469 5.469 5.375 5.406] | Δticks -1.062 | dist 4.908 | ETA 1329.7h
step   2380 | T=4 | loss 8.1906 | lr 3.00e-04 | grad 4.25 | 3.2k tok/s (avg 2.1k) | cert 0.22→0.54 | ticks [5.906 4.531 4.500 4.531] | Δticks -1.375 | dist 3.768 | ETA 1327.8h
step   2390 | T=4 | loss 12.8508 | lr 3.00e-04 | grad 2.06 | 1.8k tok/s (avg 2.1k) | cert 0.26→0.48 | ticks [6.500 5.688 5.656 5.750] | Δticks -0.750 | dist 7.256 | ETA 1328.8h
step   2400 | T=4 | loss 10.0963 | lr 3.00e-04 | grad 3.39 | 1.8k tok/s (avg 2.1k) | cert 0.25→0.55 | ticks [6.406 4.750 4.625 4.750] | Δticks -1.656 | dist 5.492 | ETA 1329.7h
step   2410 | T=4 | loss 8.2128 | lr 3.00e-04 | grad 3.39 | 3.2k tok/s (avg 2.1k) | cert 0.39→0.54 | ticks [5.375 4.469 4.375 4.531] | Δticks -0.844 | dist 3.871 | ETA 1327.9h
step   2420 | T=4 | loss 13.8888 | lr 3.00e-04 | grad 2.12 | 1.8k tok/s (avg 2.1k) | cert 0.13→0.43 | ticks [7.406 6.094 6.094 6.250] | Δticks -1.156 | dist 7.891 | ETA 1328.8h
step   2430 | T=4 | loss 8.4421 | lr 3.00e-04 | grad 2.12 | 3.2k tok/s (avg 2.1k) | cert 0.23→0.54 | ticks [5.750 4.406 4.375 4.500] | Δticks -1.250 | dist 4.159 | ETA 1327.0h
step   2440 | T=4 | loss 11.3773 | lr 3.00e-04 | grad 3.86 | 1.8k tok/s (avg 2.1k) | cert 0.27→0.47 | ticks [5.719 4.812 4.875 5.062] | Δticks -0.656 | dist 6.570 | ETA 1327.9h
step   2450 | T=4 | loss 9.5788 | lr 3.00e-04 | grad 2.38 | 1.8k tok/s (avg 2.1k) | cert 0.36→0.56 | ticks [5.219 4.312 4.219 4.312] | Δticks -0.906 | dist 5.360 | ETA 1328.8h
step   2460 | T=4 | loss 9.9712 | lr 3.00e-04 | grad 2.38 | 3.2k tok/s (avg 2.1k) | cert 0.26→0.51 | ticks [5.531 4.719 4.719 4.812] | Δticks -0.719 | dist 5.418 | ETA 1327.0h
step   2470 | T=4 | loss 8.9282 | lr 3.00e-04 | grad 2.38 | 1.9k tok/s (avg 2.1k) | cert 0.26→0.50 | ticks [6.125 5.312 5.281 5.312] | Δticks -0.812 | dist 3.743 | ETA 1327.8h
step   2480 | T=4 | loss 11.4647 | lr 3.00e-04 | grad 1.99 | 1.9k tok/s (avg 2.1k) | cert 0.24→0.46 | ticks [6.688 5.719 5.688 5.750] | Δticks -0.938 | dist 5.853 | ETA 1328.6h
step   2490 | T=4 | loss 9.6595 | lr 3.00e-04 | grad 1.99 | 3.2k tok/s (avg 2.1k) | cert 0.24→0.51 | ticks [6.500 5.156 5.094 5.125] | Δticks -1.375 | dist 4.631 | ETA 1326.9h
step   2500 | T=4 | loss 8.6192 | lr 3.00e-04 | grad 2.70 | 1.8k tok/s (avg 2.1k) | cert 0.27→0.56 | ticks [5.469 4.219 4.188 4.344] | Δticks -1.125 | dist 4.522 | ETA 1327.8h
step   2510 | T=4 | loss 10.3638 | lr 3.00e-04 | grad 2.70 | 3.2k tok/s (avg 2.1k) | cert 0.29→0.54 | ticks [5.594 4.406 4.375 4.469] | Δticks -1.125 | dist 6.040 | ETA 1326.0h
step   2520 | T=4 | loss 12.1354 | lr 3.00e-04 | grad 2.92 | 1.8k tok/s (avg 2.1k) | cert 0.19→0.46 | ticks [7.875 7.062 7.062 7.094] | Δticks -0.781 | dist 5.264 | ETA 1326.9h
step   2530 | T=4 | loss 11.4288 | lr 3.00e-04 | grad 2.78 | 1.8k tok/s (avg 2.1k) | cert 0.28→0.51 | ticks [6.000 4.969 4.906 5.000] | Δticks -1.000 | dist 6.551 | ETA 1327.8h
step   2540 | T=4 | loss 9.5741 | lr 3.00e-04 | grad 2.78 | 3.2k tok/s (avg 2.1k) | cert 0.29→0.53 | ticks [5.844 4.719 4.562 4.594] | Δticks -1.250 | dist 5.063 | ETA 1326.1h
step   2550 | T=4 | loss 11.4684 | lr 3.00e-04 | grad 1.96 | 1.9k tok/s (avg 2.1k) | cert 0.27→0.45 | ticks [6.594 5.688 5.625 5.688] | Δticks -0.906 | dist 5.936 | ETA 1326.9h
step   2560 | T=4 | loss 7.8776 | lr 3.00e-04 | grad 2.80 | 1.8k tok/s (avg 2.1k) | cert 0.24→0.51 | ticks [5.781 4.688 4.625 4.719] | Δticks -1.062 | dist 3.342 | ETA 1327.8h
step   2570 | T=4 | loss 14.4156 | lr 3.00e-04 | grad 2.80 | 3.2k tok/s (avg 2.1k) | cert 0.39→0.50 | ticks [5.594 4.875 4.906 4.969] | Δticks -0.625 | dist 9.621 | ETA 1326.1h
step   2580 | T=4 | loss 8.0183 | lr 3.00e-04 | grad 1.77 | 1.8k tok/s (avg 2.1k) | cert 0.34→0.57 | ticks [5.125 4.062 4.094 4.219] | Δticks -0.906 | dist 4.075 | ETA 1327.0h
step   2590 | T=4 | loss 9.6180 | lr 3.00e-04 | grad 1.77 | 3.2k tok/s (avg 2.1k) | cert 0.47→0.55 | ticks [5.219 4.219 4.188 4.344] | Δticks -0.875 | dist 5.492 | ETA 1325.3h
step   2600 | T=4 | loss 11.2735 | lr 3.00e-04 | grad 2.17 | 1.9k tok/s (avg 2.1k) | cert 0.12→0.41 | ticks [8.062 6.656 6.625 6.719] | Δticks -1.344 | dist 4.721 | ETA 1326.1h
step   2610 | T=4 | loss 12.7216 | lr 3.00e-04 | grad 2.19 | 1.8k tok/s (avg 2.1k) | cert 0.28→0.50 | ticks [6.000 4.875 4.812 4.875] | Δticks -1.125 | dist 7.986 | ETA 1326.9h
step   2620 | T=4 | loss 10.0465 | lr 3.00e-04 | grad 2.19 | 3.2k tok/s (avg 2.1k) | cert 0.28→0.51 | ticks [5.938 4.938 4.875 4.875] | Δticks -1.062 | dist 5.266 | ETA 1325.3h
step   2630 | T=4 | loss 11.2090 | lr 3.00e-04 | grad 1.86 | 1.8k tok/s (avg 2.1k) | cert 0.54→0.57 | ticks [5.125 4.375 4.344 4.438] | Δticks -0.688 | dist 6.958 | ETA 1326.1h
step   2640 | T=4 | loss 9.6181 | lr 3.00e-04 | grad 3.06 | 1.8k tok/s (avg 2.1k) | cert 0.46→0.55 | ticks [5.281 4.531 4.531 4.625] | Δticks -0.656 | dist 5.189 | ETA 1326.9h
step   2650 | T=4 | loss 9.5500 | lr 3.00e-04 | grad 3.06 | 3.2k tok/s (avg 2.1k) | cert 0.16→0.44 | ticks [7.906 6.562 6.406 6.438] | Δticks -1.469 | dist 3.232 | ETA 1325.3h
step   2660 | T=4 | loss 8.0567 | lr 3.00e-04 | grad 1.75 | 1.8k tok/s (avg 2.1k) | cert 0.22→0.57 | ticks [5.812 4.094 4.062 4.219] | Δticks -1.594 | dist 4.080 | ETA 1326.1h
step   2670 | T=4 | loss 9.5625 | lr 3.00e-04 | grad 1.75 | 3.2k tok/s (avg 2.1k) | cert 0.16→0.46 | ticks [6.688 5.438 5.406 5.500] | Δticks -1.188 | dist 4.256 | ETA 1324.5h
step   2680 | T=4 | loss 10.7796 | lr 3.00e-04 | grad 3.69 | 1.8k tok/s (avg 2.1k) | cert 0.23→0.48 | ticks [6.750 5.906 5.906 5.969] | Δticks -0.781 | dist 4.986 | ETA 1325.3h
step   2690 | T=4 | loss 13.6696 | lr 3.00e-04 | grad 2.52 | 1.8k tok/s (avg 2.1k) | cert 0.32→0.48 | ticks [6.281 5.375 5.375 5.469] | Δticks -0.812 | dist 8.340 | ETA 1326.2h
step   2700 | T=4 | loss 9.1191 | lr 3.00e-04 | grad 2.52 | 3.2k tok/s (avg 2.1k) | cert 0.44→0.59 | ticks [4.844 3.938 3.891 3.969] | Δticks -0.875 | dist 5.305 | ETA 1324.6h
step   2710 | T=4 | loss 10.1733 | lr 3.00e-04 | grad 2.17 | 1.8k tok/s (avg 2.1k) | cert 0.33→0.52 | ticks [5.812 4.719 4.594 4.719] | Δticks -1.094 | dist 5.624 | ETA 1325.4h
step   2720 | T=4 | loss 9.0468 | lr 3.00e-04 | grad 2.36 | 1.8k tok/s (avg 2.1k) | cert 0.30→0.46 | ticks [5.719 4.875 4.938 5.062] | Δticks -0.656 | dist 4.211 | ETA 1326.2h
step   2730 | T=4 | loss 9.3376 | lr 3.00e-04 | grad 2.36 | 3.2k tok/s (avg 2.1k) | cert 0.18→0.45 | ticks [7.688 6.469 6.344 6.375] | Δticks -1.312 | dist 3.036 | ETA 1324.6h
step   2740 | T=4 | loss 10.9789 | lr 3.00e-04 | grad 2.62 | 1.9k tok/s (avg 2.1k) | cert 0.32→0.61 | ticks [5.125 3.922 3.828 3.891] | Δticks -1.234 | dist 7.209 | ETA 1325.4h
step   2750 | T=4 | loss 8.4847 | lr 3.00e-04 | grad 2.62 | 3.2k tok/s (avg 2.1k) | cert 0.27→0.58 | ticks [5.844 4.500 4.406 4.438] | Δticks -1.406 | dist 4.151 | ETA 1323.8h
step   2760 | T=4 | loss 10.5452 | lr 3.00e-04 | grad 2.44 | 1.8k tok/s (avg 2.1k) | cert 0.42→0.54 | ticks [6.000 5.344 5.438 5.438] | Δticks -0.562 | dist 5.370 | ETA 1324.6h
step   2770 | T=4 | loss 10.2507 | lr 3.00e-04 | grad 1.98 | 1.8k tok/s (avg 2.1k) | cert 0.11→0.35 | ticks [8.188 6.812 6.656 6.750] | Δticks -1.438 | dist 3.667 | ETA 1325.4h
step   2780 | T=4 | loss 9.9526 | lr 3.00e-04 | grad 1.98 | 3.2k tok/s (avg 2.1k) | cert 0.31→0.51 | ticks [5.844 4.812 4.719 4.812] | Δticks -1.031 | dist 5.343 | ETA 1323.9h
step   2790 | T=4 | loss 8.3354 | lr 3.00e-04 | grad 3.59 | 1.8k tok/s (avg 2.1k) | cert 0.39→0.53 | ticks [5.125 4.344 4.281 4.375] | Δticks -0.750 | dist 4.148 | ETA 1324.6h
step   2800 | T=4 | loss 10.4274 | lr 3.00e-04 | grad 2.31 | 1.8k tok/s (avg 2.1k) | cert 0.49→0.56 | ticks [5.281 4.594 4.594 4.594] | Δticks -0.688 | dist 6.053 | ETA 1325.4h
step   2810 | T=4 | loss 16.5260 | lr 3.00e-04 | grad 2.31 | 3.2k tok/s (avg 2.1k) | cert 0.22→0.49 | ticks [6.438 5.688 5.719 5.750] | Δticks -0.688 | dist 10.961 | ETA 1323.9h
step   2820 | T=4 | loss 12.5841 | lr 3.00e-04 | grad 2.91 | 1.8k tok/s (avg 2.1k) | cert 0.50→0.58 | ticks [5.031 4.188 4.125 4.219] | Δticks -0.812 | dist 8.570 | ETA 1324.7h
step   2830 | T=4 | loss 8.4472 | lr 3.00e-04 | grad 2.91 | 3.2k tok/s (avg 2.1k) | cert 0.41→0.58 | ticks [4.969 4.156 4.125 4.188] | Δticks -0.781 | dist 4.511 | ETA 1323.2h
step   2840 | T=4 | loss 9.1984 | lr 3.00e-04 | grad 2.75 | 1.8k tok/s (avg 2.1k) | cert 0.36→0.52 | ticks [6.219 5.188 5.219 5.312] | Δticks -0.906 | dist 4.161 | ETA 1323.9h
step   2850 | T=4 | loss 10.5804 | lr 3.00e-04 | grad 3.02 | 1.8k tok/s (avg 2.1k) | cert 0.47→0.58 | ticks [4.812 3.953 4.000 4.156] | Δticks -0.656 | dist 6.743 | ETA 1324.7h
step   2860 | T=4 | loss 9.1071 | lr 3.00e-04 | grad 3.02 | 3.1k tok/s (avg 2.1k) | cert 0.17→0.45 | ticks [6.500 5.250 5.188 5.312] | Δticks -1.188 | dist 4.002 | ETA 1323.2h
step   2870 | T=4 | loss 14.4644 | lr 3.00e-04 | grad 2.11 | 1.8k tok/s (avg 2.1k) | cert 0.34→0.45 | ticks [5.844 5.500 5.469 5.531] | Δticks -0.312 | dist 9.106 | ETA 1324.0h
step   2880 | T=4 | loss 9.7947 | lr 3.00e-04 | grad 3.64 | 1.9k tok/s (avg 2.1k) | cert 0.25→0.44 | ticks [6.656 5.938 5.906 5.938] | Δticks -0.719 | dist 4.052 | ETA 1324.7h
step   2890 | T=4 | loss 7.6703 | lr 3.00e-04 | grad 3.64 | 3.2k tok/s (avg 2.1k) | cert 0.32→0.56 | ticks [4.875 3.875 3.812 3.828] | Δticks -1.047 | dist 3.961 | ETA 1323.2h
step   2900 | T=4 | loss 10.0554 | lr 3.00e-04 | grad 2.30 | 1.8k tok/s (avg 2.1k) | cert 0.14→0.43 | ticks [8.312 6.875 6.781 6.781] | Δticks -1.531 | dist 3.448 | ETA 1324.0h
step   2910 | T=4 | loss 7.3249 | lr 3.00e-04 | grad 2.30 | 3.2k tok/s (avg 2.2k) | cert 0.30→0.55 | ticks [5.688 4.312 4.219 4.250] | Δticks -1.438 | dist 3.200 | ETA 1322.5h
step   2920 | T=4 | loss 14.4838 | lr 3.00e-04 | grad 4.19 | 1.8k tok/s (avg 2.1k) | cert 0.34→0.51 | ticks [5.594 4.656 4.656 4.750] | Δticks -0.844 | dist 9.947 | ETA 1323.3h
step   2930 | T=4 | loss 9.1595 | lr 3.00e-04 | grad 3.67 | 1.8k tok/s (avg 2.1k) | cert 0.32→0.49 | ticks [6.406 5.406 5.375 5.375] | Δticks -1.031 | dist 3.948 | ETA 1324.0h
step   2940 | T=4 | loss 13.5139 | lr 3.00e-04 | grad 3.67 | 3.2k tok/s (avg 2.2k) | cert 0.31→0.50 | ticks [6.062 5.531 5.562 5.625] | Δticks -0.438 | dist 8.154 | ETA 1322.6h
step   2950 | T=4 | loss 10.1358 | lr 3.00e-04 | grad 2.62 | 1.8k tok/s (avg 2.1k) | cert 0.29→0.51 | ticks [6.625 5.625 5.562 5.562] | Δticks -1.062 | dist 4.658 | ETA 1323.3h
step   2960 | T=4 | loss 12.6525 | lr 3.00e-04 | grad 2.11 | 1.8k tok/s (avg 2.1k) | cert 0.12→0.39 | ticks [7.406 5.656 5.469 5.594] | Δticks -1.812 | dist 7.168 | ETA 1324.1h
step   2970 | T=4 | loss 8.1602 | lr 3.00e-04 | grad 2.11 | 3.2k tok/s (avg 2.2k) | cert 0.31→0.55 | ticks [5.375 4.219 4.156 4.281] | Δticks -1.094 | dist 4.085 | ETA 1322.6h
step   2980 | T=4 | loss 7.7732 | lr 3.00e-04 | grad 2.81 | 1.8k tok/s (avg 2.1k) | cert 0.40→0.57 | ticks [5.281 4.281 4.312 4.406] | Δticks -0.875 | dist 3.597 | ETA 1323.3h
step   2990 | T=4 | loss 8.8157 | lr 3.00e-04 | grad 2.81 | 3.2k tok/s (avg 2.2k) | cert 0.35→0.56 | ticks [5.344 3.969 3.875 3.984] | Δticks -1.359 | dist 4.956 | ETA 1321.9h
step   3000 | T=4 | loss 10.5955 | lr 3.00e-04 | grad 2.89 | 1.8k tok/s (avg 2.1k) | cert 0.10→0.38 | ticks [9.375 8.438 8.500 8.438] | Δticks -0.938 | dist 2.437 | ETA 1322.7h
[CachedTeacherDataset/eval] 9 shards (of 199 total) under teacher_cache/phase1 | seq_len=512 top_k=128
  >>> val @ step 3000:
  T=4 | CE=5.0345 | PPL=153.63 | top1=23.8% | top5=44.3% | (25600 tok)
step   3010 | T=4 | loss 8.2685 | lr 3.00e-04 | grad 3.00 | 0.8k tok/s (avg 2.1k) | cert 0.40→0.59 | ticks [5.094 4.219 4.094 4.156] | Δticks -0.938 | dist 4.247 | ETA 1329.9h
step   3020 | T=4 | loss 10.1018 | lr 3.00e-04 | grad 3.00 | 3.2k tok/s (avg 2.1k) | cert 0.52→0.59 | ticks [4.844 3.859 3.891 3.844] | Δticks -1.000 | dist 6.391 | ETA 1328.5h
step   3030 | T=4 | loss 14.4921 | lr 3.00e-04 | grad 2.47 | 1.9k tok/s (avg 2.1k) | cert 0.49→0.58 | ticks [5.125 4.594 4.562 4.594] | Δticks -0.531 | dist 10.071 | ETA 1329.2h
step   3040 | T=4 | loss 9.5746 | lr 3.00e-04 | grad 2.19 | 1.8k tok/s (avg 2.1k) | cert 0.20→0.42 | ticks [7.281 6.125 5.938 6.000] | Δticks -1.281 | dist 3.655 | ETA 1329.9h
step   3050 | T=4 | loss 6.8220 | lr 3.00e-04 | grad 2.19 | 3.2k tok/s (avg 2.1k) | cert 0.27→0.56 | ticks [5.500 4.031 3.984 4.094] | Δticks -1.406 | dist 2.925 | ETA 1328.4h
step   3060 | T=4 | loss 13.2647 | lr 3.00e-04 | grad 2.72 | 1.8k tok/s (avg 2.1k) | cert 0.26→0.48 | ticks [6.625 5.875 5.969 6.094] | Δticks -0.531 | dist 7.550 | ETA 1329.1h
step   3070 | T=4 | loss 10.2129 | lr 3.00e-04 | grad 2.72 | 3.2k tok/s (avg 2.1k) | cert 0.36→0.55 | ticks [5.781 4.688 4.594 4.781] | Δticks -1.000 | dist 5.614 | ETA 1327.7h
step   3080 | T=4 | loss 11.5476 | lr 3.00e-04 | grad 2.44 | 1.8k tok/s (avg 2.1k) | cert 0.43→0.54 | ticks [6.125 5.375 5.344 5.344] | Δticks -0.781 | dist 6.376 | ETA 1328.4h
step   3090 | T=4 | loss 8.5894 | lr 3.00e-04 | grad 2.66 | 1.8k tok/s (avg 2.1k) | cert 0.38→0.59 | ticks [4.938 3.953 3.844 3.906] | Δticks -1.031 | dist 4.808 | ETA 1329.2h
step   3100 | T=4 | loss 11.5598 | lr 3.00e-04 | grad 2.66 | 3.2k tok/s (avg 2.1k) | cert 0.24→0.49 | ticks [7.344 6.062 5.812 5.875] | Δticks -1.469 | dist 5.845 | ETA 1327.8h
step   3110 | T=4 | loss 11.4305 | lr 3.00e-04 | grad 2.50 | 1.8k tok/s (avg 2.1k) | cert 0.34→0.56 | ticks [5.312 4.281 4.188 4.281] | Δticks -1.031 | dist 7.377 | ETA 1328.4h
step   3120 | T=4 | loss 12.0044 | lr 3.00e-04 | grad 2.22 | 1.8k tok/s (avg 2.1k) | cert 0.32→0.50 | ticks [6.406 5.656 5.656 5.688] | Δticks -0.719 | dist 6.476 | ETA 1329.1h
step   3130 | T=4 | loss 10.7879 | lr 3.00e-04 | grad 2.22 | 3.2k tok/s (avg 2.1k) | cert 0.30→0.53 | ticks [6.062 4.906 4.844 4.938] | Δticks -1.125 | dist 6.038 | ETA 1327.7h
step   3140 | T=4 | loss 12.0678 | lr 3.00e-04 | grad 1.76 | 1.8k tok/s (avg 2.1k) | cert 0.57→0.54 | ticks [5.562 4.812 4.844 4.906] | Δticks -0.656 | dist 7.295 | ETA 1328.4h
step   3150 | T=4 | loss 9.5591 | lr 3.00e-04 | grad 1.76 | 3.2k tok/s (avg 2.1k) | cert 0.25→0.46 | ticks [6.438 5.500 5.469 5.500] | Δticks -0.938 | dist 4.207 | ETA 1327.0h
step   3160 | T=4 | loss 11.5221 | lr 3.00e-04 | grad 2.03 | 1.8k tok/s (avg 2.1k) | cert 0.13→0.41 | ticks [8.438 7.031 6.938 6.938] | Δticks -1.500 | dist 4.715 | ETA 1327.7h
step   3170 | T=4 | loss 10.0533 | lr 3.00e-04 | grad 2.86 | 1.9k tok/s (avg 2.1k) | cert 0.17→0.44 | ticks [7.781 6.656 6.656 6.656] | Δticks -1.125 | dist 3.606 | ETA 1328.4h
step   3180 | T=4 | loss 15.0269 | lr 3.00e-04 | grad 2.86 | 3.2k tok/s (avg 2.1k) | cert 0.18→0.44 | ticks [7.625 6.250 6.344 6.594] | Δticks -1.031 | dist 8.838 | ETA 1327.0h
step   3190 | T=4 | loss 13.7336 | lr 3.00e-04 | grad 2.14 | 1.8k tok/s (avg 2.1k) | cert 0.29→0.46 | ticks [6.594 5.906 5.844 5.875] | Δticks -0.719 | dist 8.045 | ETA 1327.7h
step   3200 | T=4 | loss 10.4616 | lr 3.00e-04 | grad 2.47 | 1.9k tok/s (avg 2.1k) | cert 0.17→0.42 | ticks [8.000 6.969 6.906 7.000] | Δticks -1.000 | dist 3.688 | ETA 1328.3h
step   3210 | T=4 | loss 11.5006 | lr 3.00e-04 | grad 2.47 | 3.2k tok/s (avg 2.1k) | cert 0.37→0.54 | ticks [5.375 4.312 4.281 4.438] | Δticks -0.938 | dist 7.346 | ETA 1327.0h
step   3220 | T=4 | loss 11.9519 | lr 3.00e-04 | grad 2.33 | 1.8k tok/s (avg 2.1k) | cert 0.19→0.41 | ticks [7.594 6.781 6.781 6.812] | Δticks -0.781 | dist 5.362 | ETA 1327.6h
step   3230 | T=4 | loss 12.1137 | lr 3.00e-04 | grad 2.33 | 3.2k tok/s (avg 2.1k) | cert 0.22→0.41 | ticks [7.469 6.562 6.469 6.531] | Δticks -0.938 | dist 5.752 | ETA 1326.3h
step   3240 | T=4 | loss 13.2814 | lr 3.00e-04 | grad 2.66 | 1.8k tok/s (avg 2.1k) | cert 0.31→0.45 | ticks [6.750 5.719 5.812 6.000] | Δticks -0.750 | dist 7.674 | ETA 1327.0h
step   3250 | T=4 | loss 8.8679 | lr 3.00e-04 | grad 2.36 | 1.8k tok/s (avg 2.1k) | cert 0.34→0.58 | ticks [5.344 4.344 4.250 4.250] | Δticks -1.094 | dist 4.717 | ETA 1327.7h
step   3260 | T=4 | loss 11.7101 | lr 3.00e-04 | grad 2.36 | 3.1k tok/s (avg 2.1k) | cert 0.23→0.47 | ticks [7.531 6.281 6.125 6.156] | Δticks -1.375 | dist 5.683 | ETA 1326.4h
step   3270 | T=4 | loss 10.8039 | lr 3.00e-04 | grad 2.66 | 1.8k tok/s (avg 2.1k) | cert 0.44→0.57 | ticks [4.938 4.312 4.312 4.375] | Δticks -0.562 | dist 6.665 | ETA 1327.0h
step   3280 | T=4 | loss 10.0711 | lr 3.00e-04 | grad 2.47 | 1.8k tok/s (avg 2.1k) | cert 0.38→0.57 | ticks [5.594 4.625 4.688 4.812] | Δticks -0.781 | dist 5.566 | ETA 1327.7h
step   3290 | T=4 | loss 11.1767 | lr 3.00e-04 | grad 2.47 | 3.2k tok/s (avg 2.1k) | cert 0.38→0.55 | ticks [5.781 4.906 4.906 4.969] | Δticks -0.812 | dist 6.455 | ETA 1326.4h
step   3300 | T=4 | loss 10.2816 | lr 3.00e-04 | grad 2.25 | 1.8k tok/s (avg 2.1k) | cert 0.19→0.45 | ticks [7.469 6.312 6.188 6.219] | Δticks -1.250 | dist 4.188 | ETA 1327.0h
step   3310 | T=4 | loss 10.5777 | lr 3.00e-04 | grad 2.25 | 3.2k tok/s (avg 2.1k) | cert 0.15→0.38 | ticks [8.062 7.156 7.062 7.156] | Δticks -0.906 | dist 3.658 | ETA 1325.7h
step   3320 | T=4 | loss 10.4254 | lr 3.00e-04 | grad 1.84 | 1.8k tok/s (avg 2.1k) | cert 0.38→0.56 | ticks [5.438 4.625 4.594 4.688] | Δticks -0.750 | dist 5.952 | ETA 1326.4h
step   3330 | T=4 | loss 8.1053 | lr 3.00e-04 | grad 2.11 | 1.8k tok/s (avg 2.1k) | cert 0.41→0.60 | ticks [4.719 3.859 3.797 3.922] | Δticks -0.797 | dist 4.406 | ETA 1327.0h
step   3340 | T=4 | loss 13.1044 | lr 3.00e-04 | grad 2.11 | 3.2k tok/s (avg 2.1k) | cert 0.21→0.47 | ticks [7.938 6.719 6.625 6.656] | Δticks -1.281 | dist 6.592 | ETA 1325.7h
step   3350 | T=4 | loss 10.1624 | lr 3.00e-04 | grad 2.75 | 1.9k tok/s (avg 2.1k) | cert 0.43→0.57 | ticks [5.031 4.250 4.375 4.375] | Δticks -0.656 | dist 6.127 | ETA 1326.4h
step   3360 | T=4 | loss 13.4646 | lr 3.00e-04 | grad 2.45 | 1.8k tok/s (avg 2.1k) | cert 0.65→0.61 | ticks [4.000 3.453 3.500 3.641] | Δticks -0.359 | dist 10.137 | ETA 1327.0h
step   3370 | T=4 | loss 14.8482 | lr 3.00e-04 | grad 2.45 | 3.2k tok/s (avg 2.1k) | cert 0.16→0.39 | ticks [8.000 7.219 7.156 7.188] | Δticks -0.812 | dist 7.898 | ETA 1325.7h
step   3380 | T=4 | loss 11.8295 | lr 3.00e-04 | grad 1.95 | 1.8k tok/s (avg 2.1k) | cert 0.24→0.45 | ticks [7.125 6.406 6.406 6.469] | Δticks -0.656 | dist 5.611 | ETA 1326.4h
step   3390 | T=4 | loss 12.1863 | lr 3.00e-04 | grad 1.95 | 3.2k tok/s (avg 2.1k) | cert 0.38→0.49 | ticks [6.062 5.219 5.281 5.438] | Δticks -0.625 | dist 7.066 | ETA 1325.1h
step   3400 | T=4 | loss 10.5814 | lr 3.00e-04 | grad 2.34 | 1.8k tok/s (avg 2.1k) | cert 0.25→0.54 | ticks [6.344 5.219 5.219 5.281] | Δticks -1.062 | dist 5.508 | ETA 1325.8h
step   3410 | T=4 | loss 12.2479 | lr 3.00e-04 | grad 2.38 | 1.8k tok/s (avg 2.1k) | cert 0.20→0.45 | ticks [7.375 6.531 6.531 6.562] | Δticks -0.812 | dist 5.911 | ETA 1326.4h
step   3420 | T=4 | loss 9.4516 | lr 3.00e-04 | grad 2.38 | 3.2k tok/s (avg 2.1k) | cert 0.15→0.47 | ticks [7.438 6.125 6.031 6.000] | Δticks -1.438 | dist 3.623 | ETA 1325.2h
step   3430 | T=4 | loss 11.6942 | lr 3.00e-04 | grad 2.70 | 1.9k tok/s (avg 2.1k) | cert 0.72→0.64 | ticks [3.703 3.266 3.344 3.312] | Δticks -0.391 | dist 8.485 | ETA 1325.8h
step   3440 | T=4 | loss 10.2834 | lr 3.00e-04 | grad 2.02 | 1.9k tok/s (avg 2.1k) | cert 0.34→0.50 | ticks [6.312 5.625 5.656 5.750] | Δticks -0.562 | dist 4.835 | ETA 1326.4h
step   3450 | T=4 | loss 9.1926 | lr 3.00e-04 | grad 2.02 | 3.2k tok/s (avg 2.1k) | cert 0.45→0.58 | ticks [5.219 4.531 4.500 4.531] | Δticks -0.688 | dist 4.894 | ETA 1325.1h
step   3460 | T=4 | loss 8.1191 | lr 3.00e-04 | grad 2.28 | 1.8k tok/s (avg 2.1k) | cert 0.30→0.53 | ticks [6.125 4.938 4.906 4.938] | Δticks -1.188 | dist 3.418 | ETA 1325.8h
step   3470 | T=4 | loss 9.2878 | lr 3.00e-04 | grad 2.28 | 3.2k tok/s (avg 2.1k) | cert 0.34→0.56 | ticks [5.500 4.719 4.719 4.750] | Δticks -0.750 | dist 4.805 | ETA 1324.5h
step   3480 | T=4 | loss 8.8108 | lr 3.00e-04 | grad 2.14 | 1.9k tok/s (avg 2.1k) | cert 0.34→0.55 | ticks [5.688 4.719 4.719 4.688] | Δticks -1.000 | dist 4.322 | ETA 1325.1h
step   3490 | T=4 | loss 10.2765 | lr 3.00e-04 | grad 2.23 | 1.8k tok/s (avg 2.1k) | cert 0.47→0.56 | ticks [5.281 4.250 4.219 4.250] | Δticks -1.031 | dist 6.153 | ETA 1325.8h
step   3500 | T=4 | loss 8.7996 | lr 3.00e-04 | grad 2.23 | 3.2k tok/s (avg 2.1k) | cert 0.21→0.43 | ticks [7.094 6.062 5.969 5.906] | Δticks -1.188 | dist 3.050 | ETA 1324.5h
step   3510 | T=4 | loss 14.2533 | lr 3.00e-04 | grad 2.16 | 1.8k tok/s (avg 2.1k) | cert 0.14→0.33 | ticks [7.875 6.875 6.781 7.000] | Δticks -0.875 | dist 7.604 | ETA 1325.2h
step   3520 | T=4 | loss 7.5510 | lr 3.00e-04 | grad 2.98 | 1.8k tok/s (avg 2.1k) | cert 0.43→0.57 | ticks [4.906 4.094 4.062 4.188] | Δticks -0.719 | dist 3.591 | ETA 1325.8h
step   3530 | T=4 | loss 7.9475 | lr 3.00e-04 | grad 2.98 | 3.2k tok/s (avg 2.1k) | cert 0.40→0.57 | ticks [4.875 4.031 4.062 4.156] | Δticks -0.719 | dist 4.046 | ETA 1324.6h
step   3540 | T=4 | loss 8.9949 | lr 3.00e-04 | grad 2.30 | 1.9k tok/s (avg 2.1k) | cert 0.22→0.50 | ticks [6.219 5.000 5.031 5.125] | Δticks -1.094 | dist 4.200 | ETA 1325.1h
step   3550 | T=4 | loss 13.5788 | lr 3.00e-04 | grad 2.30 | 3.0k tok/s (avg 2.1k) | cert 0.26→0.49 | ticks [6.906 5.625 5.562 5.594] | Δticks -1.312 | dist 8.092 | ETA 1324.1h
step   3560 | T=4 | loss 10.0831 | lr 3.00e-04 | grad 1.71 | 1.9k tok/s (avg 2.1k) | cert 0.25→0.46 | ticks [6.531 5.562 5.469 5.500] | Δticks -1.031 | dist 4.690 | ETA 1324.6h
step   3570 | T=4 | loss 9.4055 | lr 3.00e-04 | grad 2.06 | 1.8k tok/s (avg 2.1k) | cert 0.43→0.58 | ticks [5.000 4.281 4.281 4.250] | Δticks -0.750 | dist 5.369 | ETA 1325.2h
step   3580 | T=4 | loss 10.8788 | lr 3.00e-04 | grad 2.06 | 3.2k tok/s (avg 2.1k) | cert 0.26→0.50 | ticks [6.312 5.469 5.531 5.531] | Δticks -0.781 | dist 5.592 | ETA 1324.0h
step   3590 | T=4 | loss 10.1801 | lr 3.00e-04 | grad 2.30 | 1.8k tok/s (avg 2.1k) | cert 0.31→0.50 | ticks [6.719 6.000 6.000 6.000] | Δticks -0.719 | dist 4.326 | ETA 1324.6h
step   3600 | T=4 | loss 11.6828 | lr 3.00e-04 | grad 2.25 | 1.8k tok/s (avg 2.1k) | cert 0.33→0.48 | ticks [5.906 4.969 4.938 5.031] | Δticks -0.875 | dist 6.910 | ETA 1325.2h
step   3610 | T=4 | loss 11.5351 | lr 3.00e-04 | grad 2.25 | 3.2k tok/s (avg 2.1k) | cert 0.32→0.47 | ticks [6.125 5.281 5.219 5.312] | Δticks -0.812 | dist 6.436 | ETA 1324.0h
step   3620 | T=4 | loss 9.5775 | lr 3.00e-04 | grad 1.93 | 1.8k tok/s (avg 2.1k) | cert 0.39→0.56 | ticks [5.312 4.406 4.406 4.500] | Δticks -0.812 | dist 5.326 | ETA 1324.6h
step   3630 | T=4 | loss 8.5561 | lr 3.00e-04 | grad 1.93 | 3.2k tok/s (avg 2.1k) | cert 0.39→0.58 | ticks [4.875 4.062 4.062 4.188] | Δticks -0.688 | dist 4.635 | ETA 1323.4h
step   3640 | T=4 | loss 9.3211 | lr 3.00e-04 | grad 2.12 | 1.8k tok/s (avg 2.1k) | cert 0.22→0.50 | ticks [6.906 5.719 5.656 5.719] | Δticks -1.188 | dist 3.864 | ETA 1324.0h
step   3650 | T=4 | loss 9.9259 | lr 3.00e-04 | grad 2.11 | 1.8k tok/s (avg 2.1k) | cert 0.17→0.45 | ticks [7.219 5.938 5.844 5.844] | Δticks -1.375 | dist 4.241 | ETA 1324.6h
step   3660 | T=4 | loss 8.0608 | lr 3.00e-04 | grad 2.11 | 3.1k tok/s (avg 2.1k) | cert 0.28→0.58 | ticks [5.469 4.000 4.000 4.188] | Δticks -1.281 | dist 4.167 | ETA 1323.4h
step   3670 | T=4 | loss 10.5411 | lr 3.00e-04 | grad 3.58 | 1.9k tok/s (avg 2.1k) | cert 0.34→0.50 | ticks [5.969 5.281 5.219 5.219] | Δticks -0.750 | dist 5.501 | ETA 1324.0h
step   3680 | T=4 | loss 10.7270 | lr 3.00e-04 | grad 1.95 | 1.8k tok/s (avg 2.1k) | cert 0.42→0.50 | ticks [6.469 6.000 5.938 5.938] | Δticks -0.531 | dist 5.013 | ETA 1324.6h
step   3690 | T=4 | loss 10.4224 | lr 3.00e-04 | grad 1.95 | 3.2k tok/s (avg 2.1k) | cert 0.33→0.46 | ticks [6.281 5.719 5.656 5.688] | Δticks -0.594 | dist 4.942 | ETA 1323.4h
step   3700 | T=4 | loss 9.7064 | lr 3.00e-04 | grad 3.58 | 1.8k tok/s (avg 2.1k) | cert 0.28→0.54 | ticks [5.844 4.906 4.875 4.906] | Δticks -0.938 | dist 5.066 | ETA 1324.0h
step   3710 | T=4 | loss 10.3928 | lr 3.00e-04 | grad 3.58 | 3.2k tok/s (avg 2.1k) | cert 0.33→0.46 | ticks [6.688 5.812 5.688 5.750] | Δticks -0.938 | dist 4.883 | ETA 1322.9h
step   3720 | T=4 | loss 10.7968 | lr 3.00e-04 | grad 2.03 | 1.8k tok/s (avg 2.1k) | cert 0.29→0.55 | ticks [5.125 4.000 3.969 4.062] | Δticks -1.062 | dist 7.014 | ETA 1323.5h
step   3730 | T=4 | loss 10.9476 | lr 3.00e-04 | grad 3.45 | 1.8k tok/s (avg 2.1k) | cert 0.14→0.46 | ticks [7.469 6.094 6.000 5.938] | Δticks -1.531 | dist 5.144 | ETA 1324.0h
step   3740 | T=4 | loss 9.4465 | lr 3.00e-04 | grad 3.45 | 3.2k tok/s (avg 2.1k) | cert 0.30→0.49 | ticks [6.188 5.250 5.312 5.469] | Δticks -0.719 | dist 4.275 | ETA 1322.9h
step   3750 | T=4 | loss 13.1326 | lr 3.00e-04 | grad 3.25 | 1.8k tok/s (avg 2.1k) | cert 0.61→0.59 | ticks [4.656 4.219 4.312 4.406] | Δticks -0.250 | dist 9.057 | ETA 1323.5h
step   3760 | T=4 | loss 9.5869 | lr 3.00e-04 | grad 2.39 | 1.8k tok/s (avg 2.1k) | cert 0.37→0.55 | ticks [5.625 4.938 4.875 4.906] | Δticks -0.719 | dist 4.883 | ETA 1324.0h
step   3770 | T=4 | loss 8.2376 | lr 3.00e-04 | grad 2.39 | 3.2k tok/s (avg 2.1k) | cert 0.25→0.46 | ticks [6.312 5.250 5.094 5.125] | Δticks -1.188 | dist 3.272 | ETA 1322.9h
step   3780 | T=4 | loss 10.8718 | lr 3.00e-04 | grad 2.03 | 1.8k tok/s (avg 2.1k) | cert 0.17→0.43 | ticks [7.688 6.656 6.594 6.625] | Δticks -1.062 | dist 4.460 | ETA 1323.5h
step   3790 | T=4 | loss 10.2040 | lr 3.00e-04 | grad 2.03 | 3.2k tok/s (avg 2.2k) | cert 0.43→0.55 | ticks [5.375 4.625 4.656 4.688] | Δticks -0.688 | dist 5.766 | ETA 1322.4h
step   3800 | T=4 | loss 14.6547 | lr 3.00e-04 | grad 1.76 | 1.8k tok/s (avg 2.1k) | cert 0.29→0.50 | ticks [6.562 5.719 5.812 5.875] | Δticks -0.688 | dist 9.080 | ETA 1322.9h
step   3810 | T=4 | loss 8.3437 | lr 3.00e-04 | grad 2.45 | 1.8k tok/s (avg 2.1k) | cert 0.43→0.58 | ticks [5.281 4.281 4.219 4.344] | Δticks -0.938 | dist 4.239 | ETA 1323.5h
step   3820 | T=4 | loss 9.9769 | lr 3.00e-04 | grad 2.45 | 3.2k tok/s (avg 2.2k) | cert 0.34→0.58 | ticks [5.594 4.594 4.531 4.469] | Δticks -1.125 | dist 5.620 | ETA 1322.4h
step   3830 | T=4 | loss 7.9296 | lr 3.00e-04 | grad 1.94 | 1.9k tok/s (avg 2.1k) | cert 0.19→0.45 | ticks [6.438 5.469 5.406 5.531] | Δticks -0.906 | dist 2.626 | ETA 1323.0h
step   3840 | T=4 | loss 9.8118 | lr 3.00e-04 | grad 1.88 | 1.8k tok/s (avg 2.1k) | cert 0.34→0.47 | ticks [6.188 5.531 5.531 5.594] | Δticks -0.594 | dist 4.533 | ETA 1323.5h
step   3850 | T=4 | loss 10.7917 | lr 3.00e-04 | grad 1.88 | 3.2k tok/s (avg 2.2k) | cert 0.26→0.41 | ticks [7.094 6.469 6.406 6.500] | Δticks -0.594 | dist 4.565 | ETA 1322.4h
step   3860 | T=4 | loss 9.7315 | lr 3.00e-04 | grad 1.77 | 1.8k tok/s (avg 2.1k) | cert 0.28→0.51 | ticks [6.938 5.969 5.969 5.969] | Δticks -0.969 | dist 4.016 | ETA 1323.0h
step   3870 | T=4 | loss 12.6122 | lr 3.00e-04 | grad 1.77 | 3.1k tok/s (avg 2.2k) | cert 0.70→0.66 | ticks [3.703 3.562 3.766 3.469] | Δticks -0.234 | dist 9.354 | ETA 1321.9h
step   3880 | T=4 | loss 9.1848 | lr 3.00e-04 | grad 2.22 | 1.8k tok/s (avg 2.2k) | cert 0.25→0.51 | ticks [7.031 5.906 5.906 5.938] | Δticks -1.094 | dist 3.496 | ETA 1322.5h
step   3890 | T=4 | loss 10.3544 | lr 3.00e-04 | grad 2.20 | 1.8k tok/s (avg 2.1k) | cert 0.12→0.36 | ticks [8.875 7.875 7.812 7.750] | Δticks -1.125 | dist 2.898 | ETA 1323.0h
step   3900 | T=4 | loss 12.2894 | lr 3.00e-04 | grad 2.20 | 3.2k tok/s (avg 2.2k) | cert 0.22→0.48 | ticks [7.031 5.969 5.906 5.875] | Δticks -1.156 | dist 6.616 | ETA 1321.9h
step   3910 | T=4 | loss 11.8280 | lr 3.00e-04 | grad 1.68 | 1.8k tok/s (avg 2.1k) | cert 0.34→0.49 | ticks [5.500 4.688 4.781 4.844] | Δticks -0.656 | dist 7.274 | ETA 1322.5h
step   3920 | T=4 | loss 11.3518 | lr 3.00e-04 | grad 2.12 | 1.8k tok/s (avg 2.1k) | cert 0.17→0.45 | ticks [7.312 6.156 6.156 6.156] | Δticks -1.156 | dist 5.349 | ETA 1323.1h
step   3930 | T=4 | loss 8.3411 | lr 3.00e-04 | grad 2.12 | 3.2k tok/s (avg 2.2k) | cert 0.42→0.58 | ticks [4.719 3.891 3.906 3.984] | Δticks -0.734 | dist 4.605 | ETA 1322.0h
step   3940 | T=4 | loss 8.1350 | lr 3.00e-04 | grad 2.59 | 1.8k tok/s (avg 2.1k) | cert 0.35→0.58 | ticks [5.312 4.188 4.094 4.188] | Δticks -1.125 | dist 4.188 | ETA 1322.5h
step   3950 | T=4 | loss 8.4620 | lr 3.00e-04 | grad 2.59 | 3.2k tok/s (avg 2.2k) | cert 0.38→0.58 | ticks [4.844 4.062 4.062 4.094] | Δticks -0.750 | dist 4.622 | ETA 1321.5h
step   3960 | T=4 | loss 7.5426 | lr 3.00e-04 | grad 1.67 | 1.8k tok/s (avg 2.2k) | cert 0.29→0.49 | ticks [5.531 4.875 5.000 5.031] | Δticks -0.500 | dist 2.779 | ETA 1322.0h
step   3970 | T=4 | loss 9.3066 | lr 3.00e-04 | grad 2.14 | 1.8k tok/s (avg 2.1k) | cert 0.51→0.55 | ticks [5.250 4.531 4.656 4.656] | Δticks -0.594 | dist 4.875 | ETA 1322.6h
step   3980 | T=4 | loss 10.5748 | lr 3.00e-04 | grad 2.14 | 3.2k tok/s (avg 2.2k) | cert 0.32→0.49 | ticks [6.469 5.625 5.594 5.594] | Δticks -0.875 | dist 5.065 | ETA 1321.5h
step   3990 | T=4 | loss 12.5407 | lr 3.00e-04 | grad 2.17 | 1.8k tok/s (avg 2.2k) | cert 0.54→0.57 | ticks [5.312 4.250 4.062 4.094] | Δticks -1.219 | dist 8.381 | ETA 1322.1h
step   4000 | T=4 | loss 13.2979 | lr 3.00e-04 | grad 2.25 | 1.8k tok/s (avg 2.1k) | cert 0.40→0.53 | ticks [5.000 4.406 4.469 4.656] | Δticks -0.344 | dist 9.029 | ETA 1322.7h
[CachedTeacherDataset/eval] 9 shards (of 199 total) under teacher_cache/phase1 | seq_len=512 top_k=128
  >>> val @ step 4000:
  T=4 | CE=4.9576 | PPL=142.26 | top1=21.6% | top5=41.6% | (25600 tok)
step   4010 | T=4 | loss 7.3123 | lr 3.00e-04 | grad 2.25 | 0.9k tok/s (avg 2.1k) | cert 0.37→0.57 | ticks [4.938 3.906 3.828 3.953] | Δticks -0.984 | dist 3.620 | ETA 1327.0h
step   4020 | T=4 | loss 10.6898 | lr 3.00e-04 | grad 1.65 | 2.1k tok/s (avg 2.1k) | cert 0.35→0.50 | ticks [5.781 4.656 4.688 4.875] | Δticks -0.906 | dist 6.182 | ETA 1327.1h
step   4030 | T=4 | loss 10.8496 | lr 3.00e-04 | grad 1.65 | 3.2k tok/s (avg 2.1k) | cert 0.39→0.52 | ticks [6.469 5.750 5.625 5.719] | Δticks -0.750 | dist 5.217 | ETA 1326.0h
step   4040 | T=4 | loss 7.9909 | lr 3.00e-04 | grad 2.48 | 1.8k tok/s (avg 2.1k) | cert 0.32→0.60 | ticks [5.094 3.969 3.938 4.000] | Δticks -1.094 | dist 4.218 | ETA 1326.6h
step   4050 | T=4 | loss 10.9508 | lr 3.00e-04 | grad 2.19 | 1.9k tok/s (avg 2.1k) | cert 0.12→0.42 | ticks [9.188 8.250 8.312 8.312] | Δticks -0.875 | dist 3.052 | ETA 1327.1h
step   4060 | T=4 | loss 10.3068 | lr 3.00e-04 | grad 2.19 | 3.2k tok/s (avg 2.1k) | cert 0.23→0.48 | ticks [6.438 5.625 5.688 5.719] | Δticks -0.719 | dist 4.829 | ETA 1326.0h
step   4070 | T=4 | loss 12.2388 | lr 3.00e-04 | grad 2.28 | 1.8k tok/s (avg 2.1k) | cert 0.27→0.50 | ticks [6.688 5.469 5.312 5.312] | Δticks -1.375 | dist 7.014 | ETA 1326.6h
step   4080 | T=4 | loss 8.2780 | lr 3.00e-04 | grad 2.09 | 1.8k tok/s (avg 2.1k) | cert 0.47→0.60 | ticks [4.469 3.656 3.641 3.719] | Δticks -0.750 | dist 4.826 | ETA 1327.1h
step   4090 | T=4 | loss 9.1330 | lr 3.00e-04 | grad 2.09 | 3.2k tok/s (avg 2.1k) | cert 0.36→0.49 | ticks [5.219 4.156 4.188 4.312] | Δticks -0.906 | dist 5.051 | ETA 1326.0h
step   4100 | T=4 | loss 11.2577 | lr 3.00e-04 | grad 2.12 | 1.8k tok/s (avg 2.1k) | cert 0.52→0.57 | ticks [5.031 4.281 4.438 4.656] | Δticks -0.375 | dist 7.015 | ETA 1326.6h
step   4110 | T=4 | loss 9.2742 | lr 3.00e-04 | grad 2.12 | 3.2k tok/s (avg 2.1k) | cert 0.50→0.53 | ticks [4.938 4.500 4.500 4.625] | Δticks -0.312 | dist 4.922 | ETA 1325.5h
step   4120 | T=4 | loss 7.7442 | lr 3.00e-04 | grad 3.41 | 1.8k tok/s (avg 2.1k) | cert 0.49→0.64 | ticks [4.406 3.594 3.578 3.672] | Δticks -0.734 | dist 4.313 | ETA 1326.0h
step   4130 | T=4 | loss 10.7780 | lr 3.00e-04 | grad 3.09 | 1.8k tok/s (avg 2.1k) | cert 0.49→0.61 | ticks [5.219 3.953 3.969 4.062] | Δticks -1.156 | dist 6.992 | ETA 1326.6h
step   4140 | T=4 | loss 11.3630 | lr 3.00e-04 | grad 3.09 | 3.2k tok/s (avg 2.1k) | cert 0.23→0.55 | ticks [7.031 5.656 5.594 5.625] | Δticks -1.406 | dist 6.033 | ETA 1325.5h
step   4150 | T=4 | loss 9.9302 | lr 3.00e-04 | grad 5.28 | 1.8k tok/s (avg 2.1k) | cert 0.23→0.48 | ticks [6.969 5.688 5.594 5.656] | Δticks -1.312 | dist 4.491 | ETA 1326.1h
step   4160 | T=4 | loss 8.8800 | lr 3.00e-04 | grad 5.69 | 1.8k tok/s (avg 2.1k) | cert 0.29→0.52 | ticks [5.531 4.250 4.219 4.312] | Δticks -1.219 | dist 4.831 | ETA 1326.6h
step   4170 | T=4 | loss 6.1049 | lr 3.00e-04 | grad 5.69 | 3.2k tok/s (avg 2.1k) | cert 0.26→0.57 | ticks [4.969 3.594 3.547 3.641] | Δticks -1.328 | dist 2.724 | ETA 1325.5h
step   4180 | T=4 | loss 11.3276 | lr 3.00e-04 | grad 1.81 | 1.8k tok/s (avg 2.1k) | cert 0.25→0.49 | ticks [6.812 6.125 6.125 6.156] | Δticks -0.656 | dist 5.497 | ETA 1326.0h
step   4190 | T=4 | loss 8.3576 | lr 3.00e-04 | grad 1.81 | 3.2k tok/s (avg 2.1k) | cert 0.58→0.63 | ticks [4.812 4.094 4.062 4.219] | Δticks -0.594 | dist 4.391 | ETA 1325.0h
step   4200 | T=4 | loss 10.1915 | lr 3.00e-04 | grad 1.78 | 1.8k tok/s (avg 2.1k) | cert 0.21→0.43 | ticks [7.406 6.406 6.344 6.344] | Δticks -1.062 | dist 4.079 | ETA 1325.5h
step   4210 | T=4 | loss 9.5712 | lr 3.00e-04 | grad 2.06 | 1.8k tok/s (avg 2.1k) | cert 0.21→0.44 | ticks [7.219 6.156 6.094 6.156] | Δticks -1.062 | dist 3.669 | ETA 1326.1h
step   4220 | T=4 | loss 9.0005 | lr 3.00e-04 | grad 2.06 | 3.2k tok/s (avg 2.1k) | cert 0.31→0.54 | ticks [5.656 4.719 4.750 4.875] | Δticks -0.781 | dist 4.486 | ETA 1325.0h
step   4230 | T=4 | loss 14.8065 | lr 3.00e-04 | grad 2.17 | 1.8k tok/s (avg 2.1k) | cert 0.50→0.54 | ticks [4.969 4.250 4.312 4.375] | Δticks -0.594 | dist 10.624 | ETA 1325.6h
step   4240 | T=4 | loss 8.7150 | lr 3.00e-04 | grad 1.95 | 1.8k tok/s (avg 2.1k) | cert 0.38→0.59 | ticks [5.438 4.375 4.406 4.406] | Δticks -1.031 | dist 4.591 | ETA 1326.1h
step   4250 | T=4 | loss 8.4683 | lr 3.00e-04 | grad 1.95 | 3.2k tok/s (avg 2.1k) | cert 0.33→0.54 | ticks [6.438 5.344 5.375 5.406] | Δticks -1.031 | dist 3.439 | ETA 1325.1h
step   4260 | T=4 | loss 8.5462 | lr 3.00e-04 | grad 1.99 | 1.8k tok/s (avg 2.1k) | cert 0.37→0.59 | ticks [5.469 4.469 4.375 4.469] | Δticks -1.000 | dist 4.294 | ETA 1325.6h
step   4270 | T=4 | loss 7.9459 | lr 3.00e-04 | grad 1.99 | 3.2k tok/s (avg 2.1k) | cert 0.39→0.60 | ticks [5.156 4.156 4.188 4.281] | Δticks -0.875 | dist 4.000 | ETA 1324.6h
step   4280 | T=4 | loss 8.3909 | lr 3.00e-04 | grad 2.03 | 1.8k tok/s (avg 2.1k) | cert 0.33→0.57 | ticks [5.781 4.719 4.688 4.781] | Δticks -1.000 | dist 3.862 | ETA 1325.1h
step   4290 | T=4 | loss 9.9966 | lr 3.00e-04 | grad 2.11 | 1.8k tok/s (avg 2.1k) | cert 0.28→0.48 | ticks [7.156 6.250 6.219 6.219] | Δticks -0.938 | dist 3.939 | ETA 1325.6h
step   4300 | T=4 | loss 8.8136 | lr 3.00e-04 | grad 2.11 | 3.2k tok/s (avg 2.1k) | cert 0.27→0.47 | ticks [6.688 5.781 5.656 5.656] | Δticks -1.031 | dist 3.359 | ETA 1324.6h
step   4310 | T=4 | loss 12.5507 | lr 3.00e-04 | grad 2.39 | 1.9k tok/s (avg 2.1k) | cert 0.32→0.49 | ticks [6.469 5.688 5.688 5.656] | Δticks -0.812 | dist 7.089 | ETA 1325.1h
step   4320 | T=4 | loss 10.3407 | lr 3.00e-04 | grad 1.95 | 1.8k tok/s (avg 2.1k) | cert 0.41→0.57 | ticks [5.469 4.594 4.531 4.625] | Δticks -0.844 | dist 5.957 | ETA 1325.6h
step   4330 | T=4 | loss 10.3605 | lr 3.00e-04 | grad 1.95 | 3.2k tok/s (avg 2.1k) | cert 0.54→0.58 | ticks [4.969 4.250 4.344 4.500] | Δticks -0.469 | dist 6.283 | ETA 1324.6h
step   4340 | T=4 | loss 7.7143 | lr 3.00e-04 | grad 1.59 | 1.8k tok/s (avg 2.1k) | cert 0.22→0.49 | ticks [6.375 5.125 5.000 5.094] | Δticks -1.281 | dist 2.897 | ETA 1325.1h
step   4350 | T=4 | loss 12.5131 | lr 3.00e-04 | grad 1.59 | 3.2k tok/s (avg 2.1k) | cert 0.20→0.46 | ticks [7.469 6.125 6.156 6.281] | Δticks -1.188 | dist 6.513 | ETA 1324.1h
step   4360 | T=4 | loss 9.2789 | lr 3.00e-04 | grad 1.93 | 1.8k tok/s (avg 2.1k) | cert 0.30→0.52 | ticks [5.781 4.781 4.812 4.812] | Δticks -0.969 | dist 4.635 | ETA 1324.6h
step   4370 | T=4 | loss 10.4994 | lr 3.00e-04 | grad 2.08 | 1.9k tok/s (avg 2.1k) | cert 0.29→0.51 | ticks [7.406 6.094 6.062 6.000] | Δticks -1.406 | dist 4.719 | ETA 1325.1h
step   4380 | T=4 | loss 9.2929 | lr 3.00e-04 | grad 2.08 | 3.2k tok/s (avg 2.1k) | cert 0.39→0.60 | ticks [5.125 4.156 4.156 4.188] | Δticks -0.938 | dist 5.291 | ETA 1324.1h
step   4390 | T=4 | loss 11.9815 | lr 3.00e-04 | grad 2.84 | 1.8k tok/s (avg 2.1k) | cert 0.39→0.59 | ticks [5.719 4.875 4.875 4.812] | Δticks -0.906 | dist 7.352 | ETA 1324.6h
step   4400 | T=4 | loss 11.8744 | lr 3.00e-04 | grad 3.30 | 1.8k tok/s (avg 2.1k) | cert 0.23→0.41 | ticks [6.781 6.438 6.531 6.531] | Δticks -0.250 | dist 5.727 | ETA 1325.1h
step   4410 | T=4 | loss 12.7106 | lr 3.00e-04 | grad 3.30 | 3.2k tok/s (avg 2.1k) | cert 0.33→0.45 | ticks [5.812 5.406 5.531 5.594] | Δticks -0.219 | dist 7.426 | ETA 1324.1h
step   4420 | T=4 | loss 9.9939 | lr 3.00e-04 | grad 3.77 | 1.8k tok/s (avg 2.1k) | cert 0.24→0.44 | ticks [7.406 6.750 6.781 6.844] | Δticks -0.562 | dist 3.490 | ETA 1324.6h
step   4430 | T=4 | loss 10.4313 | lr 3.00e-04 | grad 3.77 | 3.2k tok/s (avg 2.1k) | cert 0.44→0.54 | ticks [4.969 4.375 4.438 4.438] | Δticks -0.531 | dist 6.195 | ETA 1323.6h
step   4440 | T=4 | loss 10.8170 | lr 3.00e-04 | grad 3.67 | 1.8k tok/s (avg 2.1k) | cert 0.29→0.49 | ticks [7.188 6.250 6.281 6.281] | Δticks -0.906 | dist 4.787 | ETA 1324.1h
step   4450 | T=4 | loss 8.0844 | lr 3.00e-04 | grad 3.14 | 1.8k tok/s (avg 2.1k) | cert 0.42→0.61 | ticks [4.719 3.781 3.828 3.922] | Δticks -0.797 | dist 4.450 | ETA 1324.6h
step   4460 | T=4 | loss 10.1155 | lr 3.00e-04 | grad 3.14 | 3.2k tok/s (avg 2.1k) | cert 0.22→0.47 | ticks [7.188 6.094 6.031 6.062] | Δticks -1.125 | dist 4.303 | ETA 1323.6h
step   4470 | T=4 | loss 10.0880 | lr 3.00e-04 | grad 3.34 | 1.8k tok/s (avg 2.1k) | cert 0.23→0.47 | ticks [7.750 6.844 6.812 6.719] | Δticks -1.031 | dist 3.596 | ETA 1324.1h
step   4480 | T=4 | loss 16.5688 | lr 3.00e-04 | grad 2.23 | 1.8k tok/s (avg 2.1k) | cert 0.62→0.61 | ticks [4.438 4.031 4.031 4.094] | Δticks -0.344 | dist 12.697 | ETA 1324.6h
step   4490 | T=4 | loss 10.0972 | lr 3.00e-04 | grad 2.23 | 3.2k tok/s (avg 2.1k) | cert 0.29→0.51 | ticks [6.781 6.062 6.000 5.906] | Δticks -0.875 | dist 4.431 | ETA 1323.7h
step   4500 | T=4 | loss 9.3239 | lr 3.00e-04 | grad 2.44 | 1.9k tok/s (avg 2.1k) | cert 0.48→0.58 | ticks [5.312 4.406 4.344 4.438] | Δticks -0.875 | dist 5.132 | ETA 1324.1h
step   4510 | T=4 | loss 10.9111 | lr 3.00e-04 | grad 2.44 | 3.2k tok/s (avg 2.1k) | cert 0.24→0.46 | ticks [6.438 5.062 5.000 5.062] | Δticks -1.375 | dist 6.065 | ETA 1323.2h
step   4520 | T=4 | loss 10.6550 | lr 3.00e-04 | grad 1.77 | 1.8k tok/s (avg 2.1k) | cert 0.27→0.52 | ticks [7.438 6.219 6.250 6.312] | Δticks -1.125 | dist 4.596 | ETA 1323.7h
step   4530 | T=4 | loss 11.5000 | lr 3.00e-04 | grad 2.12 | 1.9k tok/s (avg 2.1k) | cert 0.37→0.52 | ticks [5.531 4.500 4.562 4.656] | Δticks -0.875 | dist 7.109 | ETA 1324.1h
step   4540 | T=4 | loss 8.1098 | lr 3.00e-04 | grad 2.12 | 3.2k tok/s (avg 2.1k) | cert 0.40→0.57 | ticks [5.250 4.406 4.500 4.438] | Δticks -0.812 | dist 3.958 | ETA 1323.2h
step   4550 | T=4 | loss 10.0677 | lr 3.00e-04 | grad 1.76 | 1.8k tok/s (avg 2.1k) | cert 0.27→0.51 | ticks [7.031 5.844 5.875 5.844] | Δticks -1.188 | dist 4.408 | ETA 1323.7h
step   4560 | T=4 | loss 10.9153 | lr 3.00e-04 | grad 1.84 | 1.9k tok/s (avg 2.1k) | cert 0.24→0.42 | ticks [8.000 7.062 7.000 7.000] | Δticks -1.000 | dist 4.179 | ETA 1324.1h
step   4570 | T=4 | loss 11.1787 | lr 3.00e-04 | grad 1.84 | 3.2k tok/s (avg 2.1k) | cert 0.40→0.58 | ticks [5.188 4.438 4.406 4.406] | Δticks -0.781 | dist 6.996 | ETA 1323.2h
step   4580 | T=4 | loss 9.2538 | lr 3.00e-04 | grad 1.68 | 1.8k tok/s (avg 2.1k) | cert 0.31→0.48 | ticks [7.031 6.125 6.094 6.125] | Δticks -0.906 | dist 3.387 | ETA 1323.7h
step   4590 | T=4 | loss 8.8700 | lr 3.00e-04 | grad 1.68 | 3.2k tok/s (avg 2.1k) | cert 0.33→0.54 | ticks [5.031 3.953 3.906 4.000] | Δticks -1.031 | dist 5.193 | ETA 1322.7h
step   4600 | T=4 | loss 7.3237 | lr 3.00e-04 | grad 1.81 | 1.8k tok/s (avg 2.1k) | cert 0.49→0.64 | ticks [4.312 3.531 3.625 3.781] | Δticks -0.531 | dist 3.927 | ETA 1323.2h
step   4610 | T=4 | loss 11.4715 | lr 3.00e-04 | grad 2.16 | 1.8k tok/s (avg 2.1k) | cert 0.29→0.50 | ticks [6.438 5.594 5.875 5.969] | Δticks -0.469 | dist 6.016 | ETA 1323.7h
step   4620 | T=4 | loss 9.6718 | lr 3.00e-04 | grad 2.16 | 3.2k tok/s (avg 2.1k) | cert 0.22→0.50 | ticks [7.188 6.062 6.094 6.094] | Δticks -1.094 | dist 3.887 | ETA 1322.7h
step   4630 | T=4 | loss 7.7735 | lr 3.00e-04 | grad 2.03 | 1.8k tok/s (avg 2.1k) | cert 0.26→0.53 | ticks [5.844 4.781 4.750 4.656] | Δticks -1.188 | dist 3.318 | ETA 1323.2h
step   4640 | T=4 | loss 11.3674 | lr 3.00e-04 | grad 2.59 | 1.8k tok/s (avg 2.1k) | cert 0.55→0.58 | ticks [4.594 4.281 4.469 4.375] | Δticks -0.219 | dist 7.308 | ETA 1323.7h
step   4650 | T=4 | loss 12.2251 | lr 3.00e-04 | grad 2.59 | 3.2k tok/s (avg 2.1k) | cert 0.36→0.51 | ticks [6.406 5.562 5.531 5.469] | Δticks -0.938 | dist 6.880 | ETA 1322.7h
step   4660 | T=4 | loss 9.2603 | lr 3.00e-04 | grad 2.19 | 1.9k tok/s (avg 2.1k) | cert 0.48→0.60 | ticks [4.875 4.219 4.219 4.219] | Δticks -0.656 | dist 5.273 | ETA 1323.2h
step   4670 | T=4 | loss 11.6462 | lr 3.00e-04 | grad 2.19 | 3.1k tok/s (avg 2.2k) | cert 0.59→0.58 | ticks [4.688 4.156 4.219 4.250] | Δticks -0.438 | dist 7.663 | ETA 1322.3h
step   4680 | T=4 | loss 10.6011 | lr 3.00e-04 | grad 3.77 | 1.9k tok/s (avg 2.1k) | cert 0.36→0.52 | ticks [6.219 5.594 5.625 5.656] | Δticks -0.562 | dist 5.234 | ETA 1322.8h
step   4690 | T=4 | loss 10.0106 | lr 3.00e-04 | grad 2.31 | 1.8k tok/s (avg 2.1k) | cert 0.33→0.56 | ticks [5.406 4.281 4.344 4.406] | Δticks -1.000 | dist 5.881 | ETA 1323.2h
step   4700 | T=4 | loss 11.2626 | lr 3.00e-04 | grad 2.31 | 3.2k tok/s (avg 2.2k) | cert 0.20→0.47 | ticks [7.438 6.094 6.188 6.469] | Δticks -0.969 | dist 5.199 | ETA 1322.3h
step   4710 | T=4 | loss 9.2660 | lr 3.00e-04 | grad 3.02 | 1.8k tok/s (avg 2.1k) | cert 0.33→0.59 | ticks [5.656 4.531 4.562 4.625] | Δticks -1.031 | dist 4.920 | ETA 1322.8h
step   4720 | T=4 | loss 9.8844 | lr 3.00e-04 | grad 3.31 | 1.8k tok/s (avg 2.1k) | cert 0.30→0.50 | ticks [6.656 5.844 5.906 5.812] | Δticks -0.844 | dist 4.267 | ETA 1323.3h
step   4730 | T=4 | loss 7.4910 | lr 3.00e-04 | grad 3.31 | 3.2k tok/s (avg 2.2k) | cert 0.41→0.61 | ticks [4.469 3.641 3.719 3.750] | Δticks -0.719 | dist 4.018 | ETA 1322.4h
step   4740 | T=4 | loss 9.4512 | lr 3.00e-04 | grad 1.76 | 1.8k tok/s (avg 2.1k) | cert 0.20→0.42 | ticks [7.344 6.312 6.250 6.219] | Δticks -1.125 | dist 3.401 | ETA 1322.8h
step   4750 | T=4 | loss 7.3760 | lr 3.00e-04 | grad 1.76 | 3.2k tok/s (avg 2.2k) | cert 0.39→0.60 | ticks [4.625 3.719 3.656 3.609] | Δticks -1.016 | dist 3.932 | ETA 1321.9h
step   4760 | T=4 | loss 11.1097 | lr 3.00e-04 | grad 2.39 | 1.8k tok/s (avg 2.1k) | cert 0.27→0.46 | ticks [6.625 6.031 6.031 5.938] | Δticks -0.688 | dist 5.400 | ETA 1322.4h
step   4770 | T=4 | loss 9.1496 | lr 3.00e-04 | grad 1.65 | 1.8k tok/s (avg 2.1k) | cert 0.47→0.60 | ticks [4.438 3.812 3.938 3.875] | Δticks -0.562 | dist 5.525 | ETA 1322.8h
step   4780 | T=4 | loss 8.8493 | lr 3.00e-04 | grad 1.65 | 3.2k tok/s (avg 2.2k) | cert 0.34→0.57 | ticks [6.000 4.750 4.719 4.812] | Δticks -1.188 | dist 4.403 | ETA 1321.9h
step   4790 | T=4 | loss 8.8660 | lr 3.00e-04 | grad 2.83 | 1.8k tok/s (avg 2.1k) | cert 0.35→0.58 | ticks [5.500 4.906 4.938 4.938] | Δticks -0.562 | dist 4.248 | ETA 1322.4h
step   4800 | T=4 | loss 11.0704 | lr 3.00e-04 | grad 2.08 | 1.8k tok/s (avg 2.1k) | cert 0.49→0.59 | ticks [5.219 4.219 4.125 4.250] | Δticks -0.969 | dist 7.062 | ETA 1322.9h
step   4810 | T=4 | loss 9.2298 | lr 3.00e-04 | grad 2.08 | 3.2k tok/s (avg 2.2k) | cert 0.28→0.49 | ticks [6.000 5.250 5.219 5.250] | Δticks -0.750 | dist 4.216 | ETA 1322.0h
step   4820 | T=4 | loss 9.7995 | lr 3.00e-04 | grad 2.17 | 1.8k tok/s (avg 2.1k) | cert 0.46→0.59 | ticks [4.844 4.062 4.125 4.156] | Δticks -0.688 | dist 5.907 | ETA 1322.4h
step   4830 | T=4 | loss 11.1748 | lr 3.00e-04 | grad 2.17 | 3.2k tok/s (avg 2.2k) | cert 0.28→0.51 | ticks [6.125 5.375 5.281 5.344] | Δticks -0.781 | dist 6.094 | ETA 1321.5h
step   4840 | T=4 | loss 9.8733 | lr 3.00e-04 | grad 2.44 | 1.8k tok/s (avg 2.2k) | cert 0.22→0.46 | ticks [7.625 6.750 6.719 6.656] | Δticks -0.969 | dist 3.470 | ETA 1322.0h
step   4850 | T=4 | loss 10.7132 | lr 3.00e-04 | grad 1.62 | 1.8k tok/s (avg 2.1k) | cert 0.41→0.55 | ticks [5.406 4.938 5.031 4.906] | Δticks -0.500 | dist 6.022 | ETA 1322.4h
step   4860 | T=4 | loss 8.2195 | lr 3.00e-04 | grad 1.62 | 3.2k tok/s (avg 2.2k) | cert 0.36→0.59 | ticks [5.250 4.562 4.625 4.594] | Δticks -0.656 | dist 3.881 | ETA 1321.6h
step   4870 | T=4 | loss 7.3161 | lr 3.00e-04 | grad 1.94 | 1.8k tok/s (avg 2.2k) | cert 0.16→0.51 | ticks [6.469 4.656 4.500 4.594] | Δticks -1.875 | dist 3.008 | ETA 1322.0h
step   4880 | T=4 | loss 11.0511 | lr 3.00e-04 | grad 2.72 | 1.8k tok/s (avg 2.1k) | cert 0.27→0.53 | ticks [6.406 5.438 5.312 5.375] | Δticks -1.031 | dist 6.031 | ETA 1322.5h
step   4890 | T=4 | loss 7.8762 | lr 3.00e-04 | grad 2.72 | 3.2k tok/s (avg 2.2k) | cert 0.39→0.61 | ticks [4.750 3.812 3.766 3.859] | Δticks -0.891 | dist 4.326 | ETA 1321.6h
step   4900 | T=4 | loss 9.3343 | lr 3.00e-04 | grad 2.45 | 1.9k tok/s (avg 2.2k) | cert 0.27→0.49 | ticks [6.562 5.594 5.469 5.531] | Δticks -1.031 | dist 4.060 | ETA 1322.1h
step   4910 | T=4 | loss 9.1518 | lr 3.00e-04 | grad 2.45 | 3.2k tok/s (avg 2.2k) | cert 0.26→0.46 | ticks [7.250 6.469 6.438 6.500] | Δticks -0.750 | dist 2.999 | ETA 1321.2h
step   4920 | T=4 | loss 13.5345 | lr 3.00e-04 | grad 1.95 | 1.9k tok/s (avg 2.2k) | cert 0.27→0.47 | ticks [6.688 6.062 6.031 6.125] | Δticks -0.562 | dist 7.732 | ETA 1321.6h
step   4930 | T=4 | loss 10.6544 | lr 3.00e-04 | grad 2.02 | 1.8k tok/s (avg 2.2k) | cert 0.37→0.56 | ticks [5.625 4.969 4.969 4.906] | Δticks -0.719 | dist 5.957 | ETA 1322.1h
step   4940 | T=4 | loss 11.3303 | lr 3.00e-04 | grad 2.02 | 3.2k tok/s (avg 2.2k) | cert 0.49→0.58 | ticks [4.719 4.219 4.312 4.250] | Δticks -0.469 | dist 7.263 | ETA 1321.2h
step   4950 | T=4 | loss 8.4149 | lr 3.00e-04 | grad 2.03 | 1.8k tok/s (avg 2.2k) | cert 0.37→0.58 | ticks [5.312 4.375 4.344 4.406] | Δticks -0.906 | dist 4.292 | ETA 1321.7h
step   4960 | T=4 | loss 9.4122 | lr 3.00e-04 | grad 1.64 | 1.8k tok/s (avg 2.2k) | cert 0.36→0.56 | ticks [5.531 4.750 4.656 4.625] | Δticks -0.906 | dist 5.035 | ETA 1322.1h
step   4970 | T=4 | loss 9.5297 | lr 3.00e-04 | grad 1.64 | 3.2k tok/s (avg 2.2k) | cert 0.24→0.49 | ticks [6.719 5.562 5.469 5.531] | Δticks -1.188 | dist 4.327 | ETA 1321.2h
step   4980 | T=4 | loss 8.8695 | lr 3.00e-04 | grad 1.97 | 1.9k tok/s (avg 2.2k) | cert 0.55→0.61 | ticks [4.531 3.828 3.828 3.875] | Δticks -0.656 | dist 5.245 | ETA 1321.7h
step   4990 | T=4 | loss 7.8457 | lr 3.00e-04 | grad 1.97 | 3.2k tok/s (avg 2.2k) | cert 0.46→0.60 | ticks [4.469 3.781 3.781 3.766] | Δticks -0.703 | dist 4.292 | ETA 1320.8h
step   5000 | T=4 | loss 11.6623 | lr 3.00e-04 | grad 1.96 | 1.8k tok/s (avg 2.2k) | cert 0.38→0.56 | ticks [5.312 4.312 4.406 4.438] | Δticks -0.875 | dist 7.536 | ETA 1321.3h
[CachedTeacherDataset/eval] 9 shards (of 199 total) under teacher_cache/phase1 | seq_len=512 top_k=128
  >>> val @ step 5000:
  T=4 | CE=4.7000 | PPL=109.95 | top1=24.3% | top5=43.4% | (25600 tok)
  Saved checkpoint at step 5000
step   5010 | T=4 | loss 9.9193 | lr 3.00e-04 | grad 2.44 | 0.7k tok/s (avg 2.1k) | cert 0.23→0.48 | ticks [6.812 5.906 5.906 5.969] | Δticks -0.844 | dist 4.222 | ETA 1326.7h
step   5020 | T=4 | loss 13.6167 | lr 3.00e-04 | grad 2.44 | 3.2k tok/s (avg 2.1k) | cert 0.39→0.52 | ticks [6.219 5.469 5.500 5.625] | Δticks -0.594 | dist 8.352 | ETA 1325.8h
step   5030 | T=4 | loss 9.2789 | lr 3.00e-04 | grad 1.83 | 1.9k tok/s (avg 2.1k) | cert 0.50→0.55 | ticks [5.531 5.000 5.031 4.875] | Δticks -0.656 | dist 4.554 | ETA 1326.2h
step   5040 | T=4 | loss 10.9345 | lr 3.00e-04 | grad 1.94 | 1.9k tok/s (avg 2.1k) | cert 0.25→0.52 | ticks [6.312 5.594 5.500 5.469] | Δticks -0.844 | dist 5.732 | ETA 1326.6h
step   5050 | T=4 | loss 8.4878 | lr 3.00e-04 | grad 1.94 | 3.2k tok/s (avg 2.1k) | cert 0.20→0.47 | ticks [6.625 5.531 5.469 5.438] | Δticks -1.188 | dist 3.322 | ETA 1325.8h
step   5060 | T=4 | loss 10.9775 | lr 3.00e-04 | grad 3.02 | 1.8k tok/s (avg 2.1k) | cert 0.30→0.51 | ticks [6.312 5.250 5.188 5.188] | Δticks -1.125 | dist 5.915 | ETA 1326.2h
step   5070 | T=4 | loss 9.5347 | lr 3.00e-04 | grad 3.02 | 3.2k tok/s (avg 2.1k) | cert 0.49→0.64 | ticks [4.188 3.844 3.875 3.719] | Δticks -0.469 | dist 5.973 | ETA 1325.3h
step   5080 | T=4 | loss 8.3557 | lr 3.00e-04 | grad 2.30 | 1.8k tok/s (avg 2.1k) | cert 0.60→0.64 | ticks [4.219 3.781 3.734 3.812] | Δticks -0.406 | dist 4.868 | ETA 1325.8h
step   5090 | T=4 | loss 9.1362 | lr 3.00e-04 | grad 1.76 | 1.8k tok/s (avg 2.1k) | cert 0.41→0.59 | ticks [4.281 3.484 3.516 3.578] | Δticks -0.703 | dist 5.841 | ETA 1326.2h
step   5100 | T=4 | loss 7.9542 | lr 3.00e-04 | grad 1.76 | 3.2k tok/s (avg 2.1k) | cert 0.22→0.53 | ticks [6.156 4.906 4.906 4.938] | Δticks -1.219 | dist 3.342 | ETA 1325.3h
step   5110 | T=4 | loss 15.1924 | lr 3.00e-04 | grad 2.17 | 1.8k tok/s (avg 2.1k) | cert 0.52→0.56 | ticks [4.812 4.156 4.281 4.312] | Δticks -0.500 | dist 11.192 | ETA 1325.8h
step   5120 | T=4 | loss 16.4140 | lr 3.00e-04 | grad 2.08 | 1.8k tok/s (avg 2.1k) | cert 0.34→0.47 | ticks [6.250 6.031 6.031 6.000] | Δticks -0.250 | dist 10.678 | ETA 1326.2h
step   5130 | T=4 | loss 9.3640 | lr 3.00e-04 | grad 2.08 | 3.2k tok/s (avg 2.1k) | cert 0.51→0.60 | ticks [5.062 4.375 4.438 4.375] | Δticks -0.688 | dist 5.216 | ETA 1325.3h
step   5140 | T=4 | loss 10.3808 | lr 3.00e-04 | grad 3.30 | 1.8k tok/s (avg 2.1k) | cert 0.16→0.44 | ticks [8.562 7.312 7.281 7.250] | Δticks -1.312 | dist 3.397 | ETA 1325.8h
step   5150 | T=4 | loss 15.9566 | lr 3.00e-04 | grad 3.30 | 3.2k tok/s (avg 2.1k) | cert 0.24→0.44 | ticks [7.562 7.125 7.062 7.000] | Δticks -0.562 | dist 9.189 | ETA 1324.9h
step   5160 | T=4 | loss 9.1898 | lr 3.00e-04 | grad 2.44 | 1.8k tok/s (avg 2.1k) | cert 0.34→0.49 | ticks [5.938 4.812 4.812 4.812] | Δticks -1.125 | dist 4.531 | ETA 1325.4h
step   5170 | T=4 | loss 9.9626 | lr 3.00e-04 | grad 5.38 | 1.8k tok/s (avg 2.1k) | cert 0.25→0.51 | ticks [7.094 5.344 5.188 5.344] | Δticks -1.750 | dist 4.987 | ETA 1325.8h
step   5180 | T=4 | loss 12.8585 | lr 3.00e-04 | grad 5.38 | 3.2k tok/s (avg 2.1k) | cert 0.38→0.52 | ticks [5.656 5.000 4.969 5.031] | Δticks -0.625 | dist 8.137 | ETA 1325.0h
step   5190 | T=4 | loss 8.7635 | lr 3.00e-04 | grad 6.00 | 1.8k tok/s (avg 2.1k) | cert 0.42→0.60 | ticks [5.000 4.281 4.219 4.250] | Δticks -0.750 | dist 4.798 | ETA 1325.4h
step   5200 | T=4 | loss 12.9438 | lr 3.00e-04 | grad 2.33 | 1.8k tok/s (avg 2.1k) | cert 0.50→0.57 | ticks [5.656 5.031 5.031 5.125] | Δticks -0.531 | dist 8.152 | ETA 1325.8h
step   5210 | T=4 | loss 11.2316 | lr 3.00e-04 | grad 2.33 | 3.2k tok/s (avg 2.1k) | cert 0.58→0.61 | ticks [5.094 4.500 4.500 4.375] | Δticks -0.719 | dist 7.050 | ETA 1325.0h
step   5220 | T=4 | loss 10.4389 | lr 3.00e-04 | grad 3.36 | 1.8k tok/s (avg 2.1k) | cert 0.45→0.57 | ticks [5.781 5.031 4.938 5.000] | Δticks -0.781 | dist 5.778 | ETA 1325.4h
step   5230 | T=4 | loss 8.7028 | lr 3.00e-04 | grad 3.36 | 3.2k tok/s (avg 2.1k) | cert 0.48→0.62 | ticks [4.750 4.031 4.031 4.031] | Δticks -0.719 | dist 4.963 | ETA 1324.6h
step   5240 | T=4 | loss 9.8105 | lr 3.00e-04 | grad 3.11 | 1.9k tok/s (avg 2.1k) | cert 0.34→0.58 | ticks [6.156 5.031 5.000 4.969] | Δticks -1.188 | dist 5.105 | ETA 1325.0h
step   5250 | T=4 | loss 14.0622 | lr 3.00e-04 | grad 2.31 | 1.8k tok/s (avg 2.1k) | cert 0.37→0.53 | ticks [5.531 4.688 4.719 4.844] | Δticks -0.688 | dist 9.588 | ETA 1325.4h
step   5260 | T=4 | loss 10.5299 | lr 3.00e-04 | grad 2.31 | 3.1k tok/s (avg 2.1k) | cert 0.35→0.55 | ticks [6.156 5.062 5.031 5.062] | Δticks -1.094 | dist 5.724 | ETA 1324.6h
step   5270 | T=4 | loss 10.8227 | lr 3.00e-04 | grad 4.53 | 1.8k tok/s (avg 2.1k) | cert 0.17→0.44 | ticks [7.875 6.312 6.312 6.375] | Δticks -1.500 | dist 4.790 | ETA 1325.0h
step   5280 | T=4 | loss 8.4456 | lr 3.00e-04 | grad 2.78 | 1.8k tok/s (avg 2.1k) | cert 0.24→0.50 | ticks [6.125 5.000 4.969 4.969] | Δticks -1.156 | dist 3.702 | ETA 1325.4h
step   5290 | T=4 | loss 9.6436 | lr 3.00e-04 | grad 2.78 | 3.2k tok/s (avg 2.1k) | cert 0.36→0.56 | ticks [5.906 5.094 5.125 5.094] | Δticks -0.812 | dist 4.817 | ETA 1324.6h
step   5300 | T=4 | loss 11.2715 | lr 3.00e-04 | grad 2.83 | 1.8k tok/s (avg 2.1k) | cert 0.24→0.44 | ticks [7.531 7.219 7.250 7.156] | Δticks -0.375 | dist 4.473 | ETA 1325.0h
step   5310 | T=4 | loss 14.0777 | lr 3.00e-04 | grad 2.83 | 3.2k tok/s (avg 2.1k) | cert 0.58→0.57 | ticks [4.875 4.375 4.469 4.562] | Δticks -0.312 | dist 9.833 | ETA 1324.2h
step   5320 | T=4 | loss 9.9864 | lr 3.00e-04 | grad 2.70 | 1.8k tok/s (avg 2.1k) | cert 0.24→0.46 | ticks [6.688 5.969 6.000 6.000] | Δticks -0.688 | dist 4.303 | ETA 1324.6h
step   5330 | T=4 | loss 9.7422 | lr 3.00e-04 | grad 1.67 | 1.8k tok/s (avg 2.1k) | cert 0.47→0.55 | ticks [6.125 5.000 4.875 5.000] | Δticks -1.125 | dist 4.939 | ETA 1325.0h
step   5340 | T=4 | loss 9.3163 | lr 3.00e-04 | grad 1.67 | 3.2k tok/s (avg 2.1k) | cert 0.39→0.53 | ticks [5.469 4.625 4.594 4.719] | Δticks -0.750 | dist 4.891 | ETA 1324.2h
step   5350 | T=4 | loss 9.9919 | lr 3.00e-04 | grad 3.92 | 1.8k tok/s (avg 2.1k) | cert 0.23→0.55 | ticks [6.375 4.969 4.938 4.906] | Δticks -1.469 | dist 5.356 | ETA 1324.6h
step   5360 | T=4 | loss 8.9464 | lr 3.00e-04 | grad 4.16 | 1.8k tok/s (avg 2.1k) | cert 0.28→0.60 | ticks [5.625 4.438 4.375 4.438] | Δticks -1.188 | dist 4.796 | ETA 1325.0h
step   5370 | T=4 | loss 8.1576 | lr 3.00e-04 | grad 4.16 | 3.2k tok/s (avg 2.1k) | cert 0.20→0.52 | ticks [6.781 5.219 5.062 5.062] | Δticks -1.719 | dist 3.350 | ETA 1324.2h
step   5380 | T=4 | loss 9.4063 | lr 3.00e-04 | grad 1.87 | 1.8k tok/s (avg 2.1k) | cert 0.36→0.60 | ticks [5.562 4.875 4.906 4.875] | Δticks -0.688 | dist 4.858 | ETA 1324.6h
step   5390 | T=4 | loss 8.7037 | lr 3.00e-04 | grad 1.87 | 3.2k tok/s (avg 2.1k) | cert 0.40→0.55 | ticks [5.500 4.750 4.719 4.844] | Δticks -0.656 | dist 4.145 | ETA 1323.8h
step   5400 | T=4 | loss 11.1272 | lr 3.00e-04 | grad 3.19 | 1.8k tok/s (avg 2.1k) | cert 0.52→0.58 | ticks [5.344 4.906 5.031 4.969] | Δticks -0.375 | dist 6.450 | ETA 1324.2h
step   5410 | T=4 | loss 10.3148 | lr 3.00e-04 | grad 3.16 | 1.9k tok/s (avg 2.1k) | cert 0.29→0.49 | ticks [6.719 5.750 5.781 5.750] | Δticks -0.969 | dist 4.797 | ETA 1324.6h
step   5420 | T=4 | loss 10.4559 | lr 3.00e-04 | grad 3.16 | 3.2k tok/s (avg 2.1k) | cert 0.67→0.65 | ticks [4.125 3.656 3.844 3.922] | Δticks -0.203 | dist 7.000 | ETA 1323.8h
step   5430 | T=4 | loss 8.6884 | lr 3.00e-04 | grad 1.77 | 1.9k tok/s (avg 2.1k) | cert 0.37→0.55 | ticks [6.250 5.250 5.062 5.094] | Δticks -1.156 | dist 3.835 | ETA 1324.2h
step   5440 | T=4 | loss 7.0710 | lr 3.00e-04 | grad 2.67 | 1.8k tok/s (avg 2.1k) | cert 0.39→0.60 | ticks [5.156 3.938 3.859 3.906] | Δticks -1.250 | dist 3.476 | ETA 1324.6h
step   5450 | T=4 | loss 10.1786 | lr 3.00e-04 | grad 2.67 | 3.2k tok/s (avg 2.1k) | cert 0.18→0.37 | ticks [8.750 7.844 7.812 7.812] | Δticks -0.938 | dist 2.722 | ETA 1323.8h
step   5460 | T=4 | loss 8.0363 | lr 3.00e-04 | grad 3.58 | 1.8k tok/s (avg 2.1k) | cert 0.44→0.61 | ticks [4.844 4.062 3.984 3.984] | Δticks -0.859 | dist 4.249 | ETA 1324.2h
step   5470 | T=4 | loss 9.6625 | lr 3.00e-04 | grad 3.58 | 3.2k tok/s (avg 2.1k) | cert 0.24→0.47 | ticks [7.406 6.562 6.531 6.500] | Δticks -0.906 | dist 3.453 | ETA 1323.5h
step   5480 | T=4 | loss 11.2654 | lr 3.00e-04 | grad 2.28 | 1.9k tok/s (avg 2.1k) | cert 0.45→0.54 | ticks [5.406 4.844 4.844 4.938] | Δticks -0.469 | dist 6.624 | ETA 1323.8h
step   5490 | T=4 | loss 10.4097 | lr 3.00e-04 | grad 3.06 | 1.8k tok/s (avg 2.1k) | cert 0.21→0.47 | ticks [7.562 6.750 6.750 6.844] | Δticks -0.719 | dist 3.939 | ETA 1324.2h
step   5500 | T=4 | loss 12.9229 | lr 3.00e-04 | grad 3.06 | 3.2k tok/s (avg 2.1k) | cert 0.44→0.54 | ticks [5.438 4.906 5.062 5.219] | Δticks -0.219 | dist 8.138 | ETA 1323.5h
step   5510 | T=4 | loss 8.5794 | lr 3.00e-04 | grad 1.90 | 1.8k tok/s (avg 2.1k) | cert 0.39→0.59 | ticks [5.188 4.375 4.344 4.438] | Δticks -0.750 | dist 4.494 | ETA 1323.9h
step   5520 | T=4 | loss 9.8212 | lr 3.00e-04 | grad 2.58 | 1.8k tok/s (avg 2.1k) | cert 0.28→0.49 | ticks [6.562 5.625 5.594 5.562] | Δticks -1.000 | dist 4.501 | ETA 1324.2h
step   5530 | T=4 | loss 11.5765 | lr 3.00e-04 | grad 2.58 | 3.2k tok/s (avg 2.1k) | cert 0.58→0.63 | ticks [5.094 4.188 4.188 4.250] | Δticks -0.844 | dist 7.585 | ETA 1323.5h
step   5540 | T=4 | loss 9.6243 | lr 3.00e-04 | grad 1.66 | 1.8k tok/s (avg 2.1k) | cert 0.31→0.53 | ticks [5.812 5.125 5.125 5.062] | Δticks -0.750 | dist 4.823 | ETA 1323.9h
step   5550 | T=4 | loss 8.4528 | lr 3.00e-04 | grad 1.66 | 3.2k tok/s (avg 2.1k) | cert 0.26→0.55 | ticks [5.594 4.438 4.312 4.250] | Δticks -1.344 | dist 4.476 | ETA 1323.1h
step   5560 | T=4 | loss 9.0838 | lr 3.00e-04 | grad 1.97 | 1.8k tok/s (avg 2.1k) | cert 0.43→0.61 | ticks [4.906 4.219 4.250 4.188] | Δticks -0.719 | dist 5.191 | ETA 1323.5h
step   5570 | T=4 | loss 9.2474 | lr 3.00e-04 | grad 2.14 | 1.8k tok/s (avg 2.1k) | cert 0.27→0.48 | ticks [6.812 6.094 6.000 6.031] | Δticks -0.781 | dist 3.538 | ETA 1323.9h
step   5580 | T=4 | loss 9.5338 | lr 3.00e-04 | grad 2.14 | 3.2k tok/s (avg 2.1k) | cert 0.24→0.56 | ticks [5.969 4.812 4.812 5.000] | Δticks -0.969 | dist 5.057 | ETA 1323.1h
step   5590 | T=4 | loss 10.7853 | lr 3.00e-04 | grad 2.64 | 1.9k tok/s (avg 2.1k) | cert 0.29→0.48 | ticks [6.281 5.281 5.219 5.312] | Δticks -0.969 | dist 5.788 | ETA 1323.5h
step   5600 | T=4 | loss 8.9718 | lr 3.00e-04 | grad 2.56 | 1.9k tok/s (avg 2.1k) | cert 0.32→0.57 | ticks [5.938 4.875 4.844 4.750] | Δticks -1.188 | dist 4.458 | ETA 1323.9h
step   5610 | T=4 | loss 8.8107 | lr 3.00e-04 | grad 2.56 | 3.2k tok/s (avg 2.1k) | cert 0.47→0.63 | ticks [4.625 3.859 3.797 3.875] | Δticks -0.750 | dist 5.220 | ETA 1323.1h
step   5620 | T=4 | loss 14.3528 | lr 3.00e-04 | grad 1.64 | 1.8k tok/s (avg 2.1k) | cert 0.66→0.57 | ticks [4.562 4.344 4.438 4.312] | Δticks -0.250 | dist 10.249 | ETA 1323.5h
step   5630 | T=4 | loss 10.2919 | lr 3.00e-04 | grad 1.64 | 3.2k tok/s (avg 2.1k) | cert 0.35→0.52 | ticks [6.281 5.344 5.469 5.344] | Δticks -0.938 | dist 5.164 | ETA 1322.7h
step   5640 | T=4 | loss 8.1449 | lr 3.00e-04 | grad 1.87 | 1.8k tok/s (avg 2.1k) | cert 0.43→0.60 | ticks [5.094 4.344 4.281 4.250] | Δticks -0.844 | dist 4.090 | ETA 1323.1h
step   5650 | T=4 | loss 9.9303 | lr 3.00e-04 | grad 1.65 | 1.9k tok/s (avg 2.1k) | cert 0.45→0.54 | ticks [5.094 4.281 4.344 4.469] | Δticks -0.625 | dist 5.741 | ETA 1323.5h
step   5660 | T=4 | loss 9.5659 | lr 3.00e-04 | grad 1.65 | 3.2k tok/s (avg 2.1k) | cert 0.35→0.55 | ticks [5.625 4.594 4.656 4.656] | Δticks -0.969 | dist 5.211 | ETA 1322.7h
step   5670 | T=4 | loss 15.0343 | lr 3.00e-04 | grad 2.05 | 1.8k tok/s (avg 2.1k) | cert 0.35→0.56 | ticks [5.250 4.281 4.438 4.625] | Δticks -0.625 | dist 10.802 | ETA 1323.1h
step   5680 | T=4 | loss 7.4637 | lr 3.00e-04 | grad 2.05 | 1.8k tok/s (avg 2.1k) | cert 0.24→0.57 | ticks [5.219 3.875 3.750 3.719] | Δticks -1.500 | dist 3.967 | ETA 1323.5h
step   5690 | T=4 | loss 9.0548 | lr 3.00e-04 | grad 2.05 | 3.2k tok/s (avg 2.1k) | cert 0.45→0.59 | ticks [4.750 4.219 4.188 4.250] | Δticks -0.500 | dist 5.104 | ETA 1322.7h
step   5700 | T=4 | loss 9.4723 | lr 3.00e-04 | grad 2.19 | 1.8k tok/s (avg 2.1k) | cert 0.61→0.67 | ticks [4.125 3.812 4.000 3.922] | Δticks -0.203 | dist 5.998 | ETA 1323.1h
step   5710 | T=4 | loss 11.4191 | lr 3.00e-04 | grad 2.19 | 3.2k tok/s (avg 2.1k) | cert 0.42→0.54 | ticks [5.531 5.062 5.000 5.062] | Δticks -0.469 | dist 6.608 | ETA 1322.4h
step   5720 | T=4 | loss 9.2594 | lr 3.00e-04 | grad 1.85 | 1.8k tok/s (avg 2.1k) | cert 0.35→0.59 | ticks [5.406 4.688 4.656 4.719] | Δticks -0.688 | dist 4.959 | ETA 1322.8h
step   5730 | T=4 | loss 9.7241 | lr 3.00e-04 | grad 1.73 | 1.8k tok/s (avg 2.1k) | cert 0.27→0.51 | ticks [6.375 5.281 5.219 5.219] | Δticks -1.156 | dist 4.842 | ETA 1323.1h
step   5740 | T=4 | loss 12.2162 | lr 3.00e-04 | grad 1.73 | 3.2k tok/s (avg 2.1k) | cert 0.31→0.46 | ticks [6.125 5.469 5.469 5.438] | Δticks -0.688 | dist 7.006 | ETA 1322.4h
step   5750 | T=4 | loss 10.6026 | lr 3.00e-04 | grad 1.95 | 1.9k tok/s (avg 2.1k) | cert 0.22→0.42 | ticks [7.750 6.938 6.781 6.875] | Δticks -0.875 | dist 4.029 | ETA 1322.7h
step   5760 | T=4 | loss 9.3470 | lr 3.00e-04 | grad 2.09 | 1.8k tok/s (avg 2.1k) | cert 0.40→0.62 | ticks [4.781 3.906 3.984 4.031] | Δticks -0.750 | dist 5.712 | ETA 1323.1h
step   5770 | T=4 | loss 7.9489 | lr 3.00e-04 | grad 2.09 | 3.2k tok/s (avg 2.1k) | cert 0.36→0.59 | ticks [5.688 4.750 4.656 4.719] | Δticks -0.969 | dist 3.635 | ETA 1322.4h
step   5780 | T=4 | loss 8.3154 | lr 3.00e-04 | grad 1.74 | 1.8k tok/s (avg 2.1k) | cert 0.19→0.52 | ticks [6.781 5.375 5.250 5.250] | Δticks -1.531 | dist 3.414 | ETA 1322.7h
step   5790 | T=4 | loss 12.1362 | lr 3.00e-04 | grad 1.74 | 3.2k tok/s (avg 2.2k) | cert 0.43→0.56 | ticks [5.844 5.062 5.000 5.094] | Δticks -0.750 | dist 7.353 | ETA 1322.0h
step   5800 | T=4 | loss 9.9684 | lr 3.00e-04 | grad 2.44 | 1.8k tok/s (avg 2.1k) | cert 0.29→0.48 | ticks [6.188 5.531 5.438 5.531] | Δticks -0.656 | dist 4.786 | ETA 1322.4h
step   5810 | T=4 | loss 13.6468 | lr 3.00e-04 | grad 1.62 | 1.9k tok/s (avg 2.1k) | cert 0.64→0.57 | ticks [4.312 3.891 3.969 4.094] | Δticks -0.219 | dist 9.836 | ETA 1322.8h
step   5820 | T=4 | loss 9.3676 | lr 3.00e-04 | grad 1.62 | 3.2k tok/s (avg 2.2k) | cert 0.24→0.48 | ticks [6.688 5.500 5.438 5.406] | Δticks -1.281 | dist 4.129 | ETA 1322.0h
step   5830 | T=4 | loss 7.7496 | lr 3.00e-04 | grad 2.38 | 1.9k tok/s (avg 2.1k) | cert 0.44→0.64 | ticks [4.812 3.812 3.938 3.812] | Δticks -1.000 | dist 4.124 | ETA 1322.4h
step   5840 | T=4 | loss 10.0748 | lr 3.00e-04 | grad 1.97 | 1.8k tok/s (avg 2.1k) | cert 0.42→0.59 | ticks [5.062 4.375 4.344 4.375] | Δticks -0.688 | dist 6.013 | ETA 1322.8h
step   5850 | T=4 | loss 11.7384 | lr 3.00e-04 | grad 1.97 | 3.2k tok/s (avg 2.2k) | cert 0.41→0.53 | ticks [5.500 4.875 4.906 4.938] | Δticks -0.562 | dist 7.160 | ETA 1322.0h
step   5860 | T=4 | loss 10.3092 | lr 3.00e-04 | grad 1.97 | 1.8k tok/s (avg 2.1k) | cert 0.29→0.57 | ticks [5.688 4.656 4.594 4.656] | Δticks -1.031 | dist 5.945 | ETA 1322.4h
step   5870 | T=4 | loss 8.2092 | lr 3.00e-04 | grad 1.97 | 3.2k tok/s (avg 2.2k) | cert 0.40→0.58 | ticks [5.875 5.000 4.969 4.969] | Δticks -0.906 | dist 3.517 | ETA 1321.7h
step   5880 | T=4 | loss 9.2283 | lr 3.00e-04 | grad 2.38 | 1.8k tok/s (avg 2.2k) | cert 0.26→0.52 | ticks [6.938 6.188 6.188 6.125] | Δticks -0.812 | dist 3.371 | ETA 1322.0h
step   5890 | T=4 | loss 10.8117 | lr 3.00e-04 | grad 1.95 | 1.8k tok/s (avg 2.1k) | cert 0.20→0.48 | ticks [7.562 6.781 6.844 6.875] | Δticks -0.688 | dist 4.365 | ETA 1322.4h
step   5900 | T=4 | loss 9.8873 | lr 3.00e-04 | grad 1.95 | 3.2k tok/s (avg 2.2k) | cert 0.44→0.54 | ticks [5.688 5.156 5.188 5.188] | Δticks -0.500 | dist 5.021 | ETA 1321.7h
step   5910 | T=4 | loss 7.3472 | lr 3.00e-04 | grad 1.63 | 1.8k tok/s (avg 2.2k) | cert 0.45→0.58 | ticks [4.406 3.625 3.578 3.641] | Δticks -0.766 | dist 3.998 | ETA 1322.1h
step   5920 | T=4 | loss 11.8430 | lr 3.00e-04 | grad 2.03 | 1.8k tok/s (avg 2.1k) | cert 0.44→0.54 | ticks [5.688 5.156 5.125 5.188] | Δticks -0.500 | dist 7.002 | ETA 1322.4h
step   5930 | T=4 | loss 13.6463 | lr 3.00e-04 | grad 2.03 | 3.2k tok/s (avg 2.2k) | cert 0.36→0.50 | ticks [6.656 5.688 5.656 5.750] | Δticks -0.906 | dist 8.180 | ETA 1321.7h
step   5940 | T=4 | loss 9.1538 | lr 3.00e-04 | grad 2.09 | 1.8k tok/s (avg 2.2k) | cert 0.51→0.55 | ticks [5.469 4.812 4.906 4.812] | Δticks -0.656 | dist 4.604 | ETA 1322.1h
step   5950 | T=4 | loss 8.5716 | lr 3.00e-04 | grad 2.09 | 3.2k tok/s (avg 2.2k) | cert 0.43→0.58 | ticks [5.125 4.500 4.562 4.625] | Δticks -0.500 | dist 4.291 | ETA 1321.4h
step   5960 | T=4 | loss 8.7761 | lr 3.00e-04 | grad 1.73 | 1.8k tok/s (avg 2.2k) | cert 0.28→0.54 | ticks [5.969 5.250 5.375 5.344] | Δticks -0.625 | dist 3.801 | ETA 1321.7h
step   5970 | T=4 | loss 12.0365 | lr 3.00e-04 | grad 1.54 | 1.8k tok/s (avg 2.2k) | cert 0.69→0.65 | ticks [3.578 3.344 3.469 3.469] | Δticks -0.109 | dist 8.957 | ETA 1322.1h
step   5980 | T=4 | loss 11.5436 | lr 3.00e-04 | grad 1.54 | 3.2k tok/s (avg 2.2k) | cert 0.39→0.57 | ticks [5.938 5.094 5.125 5.125] | Δticks -0.812 | dist 6.721 | ETA 1321.4h
step   5990 | T=4 | loss 8.5613 | lr 3.00e-04 | grad 2.81 | 1.9k tok/s (avg 2.2k) | cert 0.32→0.59 | ticks [5.031 3.781 3.719 3.750] | Δticks -1.281 | dist 4.989 | ETA 1321.7h
step   6000 | T=4 | loss 7.7582 | lr 3.00e-04 | grad 2.50 | 1.8k tok/s (avg 2.2k) | cert 0.41→0.58 | ticks [5.188 4.438 4.344 4.281] | Δticks -0.906 | dist 3.679 | ETA 1322.1h
[CachedTeacherDataset/eval] 9 shards (of 199 total) under teacher_cache/phase1 | seq_len=512 top_k=128
  >>> val @ step 6000:
  T=4 | CE=4.6472 | PPL=104.29 | top1=24.2% | top5=44.2% | (25600 tok)
step   6010 | T=4 | loss 6.5297 | lr 3.00e-04 | grad 2.50 | 0.9k tok/s (avg 2.1k) | cert 0.27→0.55 | ticks [5.219 4.062 3.922 4.000] | Δticks -1.219 | dist 2.757 | ETA 1325.0h
step   6020 | T=4 | loss 7.5949 | lr 3.00e-04 | grad 2.58 | 2.1k tok/s (avg 2.1k) | cert 0.41→0.61 | ticks [4.375 3.578 3.625 3.625] | Δticks -0.750 | dist 4.201 | ETA 1325.1h
step   6030 | T=4 | loss 8.6447 | lr 3.00e-04 | grad 2.58 | 3.2k tok/s (avg 2.1k) | cert 0.35→0.54 | ticks [5.812 5.344 5.281 5.281] | Δticks -0.531 | dist 3.619 | ETA 1324.4h
step   6040 | T=4 | loss 10.5118 | lr 3.00e-04 | grad 2.77 | 1.9k tok/s (avg 2.1k) | cert 0.63→0.64 | ticks [4.094 3.578 3.531 3.672] | Δticks -0.422 | dist 7.278 | ETA 1324.7h
step   6050 | T=4 | loss 12.7484 | lr 3.00e-04 | grad 2.30 | 1.9k tok/s (avg 2.1k) | cert 0.27→0.42 | ticks [6.000 5.562 5.562 5.562] | Δticks -0.438 | dist 7.483 | ETA 1325.0h
step   6060 | T=4 | loss 8.7370 | lr 3.00e-04 | grad 2.30 | 3.2k tok/s (avg 2.1k) | cert 0.27→0.50 | ticks [6.531 5.500 5.469 5.469] | Δticks -1.062 | dist 3.535 | ETA 1324.3h
step   6070 | T=4 | loss 8.5153 | lr 3.00e-04 | grad 3.89 | 1.8k tok/s (avg 2.1k) | cert 0.31→0.55 | ticks [5.625 4.719 4.781 4.750] | Δticks -0.875 | dist 4.093 | ETA 1324.7h
step   6080 | T=4 | loss 7.3846 | lr 3.00e-04 | grad 2.11 | 1.9k tok/s (avg 2.1k) | cert 0.48→0.59 | ticks [4.219 3.734 3.781 3.812] | Δticks -0.406 | dist 3.870 | ETA 1325.0h
step   6090 | T=4 | loss 6.7577 | lr 3.00e-04 | grad 2.11 | 3.2k tok/s (avg 2.1k) | cert 0.42→0.62 | ticks [4.062 3.312 3.344 3.344] | Δticks -0.719 | dist 3.699 | ETA 1324.3h
step   6100 | T=4 | loss 9.2686 | lr 3.00e-04 | grad 2.47 | 1.8k tok/s (avg 2.1k) | cert 0.28→0.50 | ticks [7.188 6.156 6.156 6.156] | Δticks -1.031 | dist 3.368 | ETA 1324.7h
step   6110 | T=4 | loss 9.0150 | lr 3.00e-04 | grad 2.47 | 3.2k tok/s (avg 2.1k) | cert 0.37→0.62 | ticks [4.594 3.688 3.641 3.688] | Δticks -0.906 | dist 5.578 | ETA 1324.0h
step   6120 | T=4 | loss 7.5323 | lr 3.00e-04 | grad 3.03 | 1.9k tok/s (avg 2.1k) | cert 0.32→0.62 | ticks [4.875 3.484 3.422 3.438] | Δticks -1.438 | dist 4.280 | ETA 1324.3h
step   6130 | T=4 | loss 7.6101 | lr 3.00e-04 | grad 1.78 | 1.8k tok/s (avg 2.1k) | cert 0.45→0.61 | ticks [4.594 3.594 3.453 3.562] | Δticks -1.031 | dist 4.376 | ETA 1324.7h
step   6140 | T=4 | loss 8.8154 | lr 3.00e-04 | grad 1.78 | 3.2k tok/s (avg 2.1k) | cert 0.32→0.51 | ticks [6.375 5.312 5.281 5.344] | Δticks -1.031 | dist 3.813 | ETA 1324.0h
step   6150 | T=4 | loss 11.2711 | lr 3.00e-04 | grad 3.33 | 1.8k tok/s (avg 2.1k) | cert 0.59→0.64 | ticks [4.562 3.703 3.656 3.719] | Δticks -0.844 | dist 7.860 | ETA 1324.3h
step   6160 | T=4 | loss 11.6092 | lr 3.00e-04 | grad 2.75 | 1.8k tok/s (avg 2.1k) | cert 0.49→0.60 | ticks [4.781 4.094 4.188 4.031] | Δticks -0.750 | dist 7.893 | ETA 1324.7h
step   6170 | T=4 | loss 10.5427 | lr 3.00e-04 | grad 2.75 | 3.2k tok/s (avg 2.1k) | cert 0.44→0.54 | ticks [5.531 4.656 4.812 4.719] | Δticks -0.812 | dist 6.088 | ETA 1324.0h
step   6180 | T=4 | loss 8.7258 | lr 3.00e-04 | grad 2.28 | 1.9k tok/s (avg 2.1k) | cert 0.36→0.51 | ticks [6.250 5.594 5.656 5.594] | Δticks -0.656 | dist 3.422 | ETA 1324.3h
step   6190 | T=4 | loss 11.3453 | lr 3.00e-04 | grad 2.28 | 3.2k tok/s (avg 2.1k) | cert 0.52→0.57 | ticks [4.719 4.406 4.344 4.406] | Δticks -0.312 | dist 7.343 | ETA 1323.6h
step   6200 | T=4 | loss 10.4429 | lr 3.00e-04 | grad 2.00 | 1.8k tok/s (avg 2.1k) | cert 0.43→0.52 | ticks [5.438 4.656 4.688 4.750] | Δticks -0.688 | dist 6.031 | ETA 1324.0h
step   6210 | T=4 | loss 11.9415 | lr 3.00e-04 | grad 2.23 | 1.8k tok/s (avg 2.1k) | cert 0.42→0.60 | ticks [5.688 4.875 4.969 4.875] | Δticks -0.812 | dist 7.373 | ETA 1324.4h
step   6220 | T=4 | loss 10.0364 | lr 3.00e-04 | grad 2.23 | 3.2k tok/s (avg 2.1k) | cert 0.40→0.61 | ticks [5.219 4.375 4.375 4.406] | Δticks -0.812 | dist 5.919 | ETA 1323.7h
step   6230 | T=4 | loss 8.0939 | lr 3.00e-04 | grad 1.66 | 1.9k tok/s (avg 2.1k) | cert 0.23→0.59 | ticks [6.312 4.938 4.875 4.812] | Δticks -1.500 | dist 3.553 | ETA 1324.0h
step   6240 | T=4 | loss 10.3107 | lr 3.00e-04 | grad 1.95 | 1.8k tok/s (avg 2.1k) | cert 0.46→0.63 | ticks [4.781 3.922 3.828 3.891] | Δticks -0.891 | dist 6.660 | ETA 1324.4h
step   6250 | T=4 | loss 9.9791 | lr 3.00e-04 | grad 1.95 | 3.2k tok/s (avg 2.1k) | cert 0.42→0.61 | ticks [5.094 4.406 4.406 4.344] | Δticks -0.750 | dist 5.901 | ETA 1323.7h
step   6260 | T=4 | loss 11.4003 | lr 3.00e-04 | grad 2.02 | 1.8k tok/s (avg 2.1k) | cert 0.48→0.59 | ticks [5.375 4.781 4.781 4.750] | Δticks -0.625 | dist 6.905 | ETA 1324.0h
step   6270 | T=4 | loss 8.5280 | lr 3.00e-04 | grad 2.02 | 3.2k tok/s (avg 2.1k) | cert 0.30→0.50 | ticks [6.281 5.531 5.531 5.562] | Δticks -0.719 | dist 3.285 | ETA 1323.3h
step   6280 | T=4 | loss 9.5339 | lr 3.00e-04 | grad 2.06 | 1.8k tok/s (avg 2.1k) | cert 0.27→0.46 | ticks [7.031 6.094 6.000 6.000] | Δticks -1.031 | dist 3.788 | ETA 1323.7h
step   6290 | T=4 | loss 8.0886 | lr 3.00e-04 | grad 2.00 | 1.8k tok/s (avg 2.1k) | cert 0.34→0.59 | ticks [5.875 4.656 4.562 4.750] | Δticks -1.125 | dist 3.813 | ETA 1324.0h
step   6300 | T=4 | loss 10.2194 | lr 3.00e-04 | grad 2.00 | 3.2k tok/s (avg 2.1k) | cert 0.34→0.53 | ticks [5.844 5.094 5.156 5.125] | Δticks -0.719 | dist 5.336 | ETA 1323.4h
step   6310 | T=4 | loss 7.9839 | lr 3.00e-04 | grad 2.44 | 1.8k tok/s (avg 2.1k) | cert 0.34→0.55 | ticks [5.906 4.781 4.750 4.688] | Δticks -1.219 | dist 3.527 | ETA 1323.7h
step   6320 | T=4 | loss 9.7662 | lr 3.00e-04 | grad 2.44 | 1.8k tok/s (avg 2.1k) | cert 0.46→0.57 | ticks [5.250 4.812 4.875 4.906] | Δticks -0.344 | dist 5.269 | ETA 1324.1h
step   6330 | T=4 | loss 9.4879 | lr 3.00e-04 | grad 2.44 | 3.2k tok/s (avg 2.1k) | cert 0.32→0.53 | ticks [7.062 5.875 6.031 6.000] | Δticks -1.062 | dist 3.778 | ETA 1323.4h
step   6340 | T=4 | loss 9.0534 | lr 3.00e-04 | grad 2.12 | 1.8k tok/s (avg 2.1k) | cert 0.36→0.61 | ticks [5.344 4.469 4.406 4.375] | Δticks -0.969 | dist 5.034 | ETA 1323.7h
step   6350 | T=4 | loss 8.7672 | lr 3.00e-04 | grad 2.12 | 3.2k tok/s (avg 2.1k) | cert 0.35→0.59 | ticks [5.750 4.719 4.656 4.781] | Δticks -0.969 | dist 4.339 | ETA 1323.0h
step   6360 | T=4 | loss 9.9961 | lr 3.00e-04 | grad 2.59 | 1.8k tok/s (avg 2.1k) | cert 0.43→0.54 | ticks [6.438 5.656 5.406 5.531] | Δticks -0.906 | dist 4.672 | ETA 1323.4h
step   6370 | T=4 | loss 9.5151 | lr 3.00e-04 | grad 2.06 | 1.8k tok/s (avg 2.1k) | cert 0.35→0.54 | ticks [6.375 5.438 5.406 5.469] | Δticks -0.906 | dist 4.397 | ETA 1323.7h
step   6380 | T=4 | loss 8.5763 | lr 3.00e-04 | grad 2.06 | 3.2k tok/s (avg 2.1k) | cert 0.44→0.61 | ticks [4.969 4.281 4.250 4.344] | Δticks -0.625 | dist 4.580 | ETA 1323.1h
step   6390 | T=4 | loss 8.5960 | lr 3.00e-04 | grad 1.74 | 1.8k tok/s (avg 2.1k) | cert 0.51→0.61 | ticks [4.438 3.859 3.828 3.734] | Δticks -0.703 | dist 5.164 | ETA 1323.4h
step   6400 | T=4 | loss 10.6616 | lr 3.00e-04 | grad 1.87 | 1.8k tok/s (avg 2.1k) | cert 0.61→0.64 | ticks [4.281 4.031 4.094 4.094] | Δticks -0.188 | dist 7.099 | ETA 1323.7h
step   6410 | T=4 | loss 13.9137 | lr 3.00e-04 | grad 1.87 | 3.2k tok/s (avg 2.1k) | cert 0.52→0.59 | ticks [5.000 4.344 4.406 4.406] | Δticks -0.594 | dist 9.728 | ETA 1323.1h
step   6420 | T=4 | loss 10.4686 | lr 3.00e-04 | grad 2.47 | 1.9k tok/s (avg 2.1k) | cert 0.24→0.46 | ticks [7.875 6.406 6.344 6.500] | Δticks -1.375 | dist 4.284 | ETA 1323.4h
step   6430 | T=4 | loss 9.4327 | lr 3.00e-04 | grad 2.47 | 3.2k tok/s (avg 2.1k) | cert 0.40→0.60 | ticks [5.500 4.688 4.594 4.500] | Δticks -1.000 | dist 5.139 | ETA 1322.7h
step   6440 | T=4 | loss 11.0805 | lr 3.00e-04 | grad 1.93 | 1.8k tok/s (avg 2.1k) | cert 0.58→0.60 | ticks [4.969 4.344 4.344 4.281] | Δticks -0.688 | dist 7.031 | ETA 1323.1h
step   6450 | T=4 | loss 7.9558 | lr 3.00e-04 | grad 3.11 | 1.8k tok/s (avg 2.1k) | cert 0.45→0.62 | ticks [4.844 4.094 4.125 4.094] | Δticks -0.750 | dist 4.214 | ETA 1323.4h
step   6460 | T=4 | loss 8.8419 | lr 3.00e-04 | grad 3.11 | 3.2k tok/s (avg 2.1k) | cert 0.48→0.60 | ticks [5.000 4.156 4.125 4.281] | Δticks -0.719 | dist 5.060 | ETA 1322.8h
step   6470 | T=4 | loss 8.9669 | lr 3.00e-04 | grad 2.11 | 1.8k tok/s (avg 2.1k) | cert 0.41→0.54 | ticks [6.219 5.062 5.125 5.125] | Δticks -1.094 | dist 4.174 | ETA 1323.1h
step   6480 | T=4 | loss 9.1207 | lr 3.00e-04 | grad 2.47 | 1.8k tok/s (avg 2.1k) | cert 0.29→0.56 | ticks [5.594 4.312 4.312 4.344] | Δticks -1.250 | dist 5.125 | ETA 1323.4h
step   6490 | T=4 | loss 8.9315 | lr 3.00e-04 | grad 2.47 | 3.2k tok/s (avg 2.1k) | cert 0.24→0.50 | ticks [5.875 4.719 4.719 4.625] | Δticks -1.250 | dist 4.572 | ETA 1322.8h
step   6500 | T=4 | loss 10.3247 | lr 3.00e-04 | grad 3.33 | 1.8k tok/s (avg 2.1k) | cert 0.41→0.58 | ticks [5.531 4.625 4.531 4.531] | Δticks -1.000 | dist 5.989 | ETA 1323.1h
step   6510 | T=4 | loss 8.1732 | lr 3.00e-04 | grad 3.33 | 3.2k tok/s (avg 2.1k) | cert 0.45→0.57 | ticks [5.000 4.344 4.375 4.344] | Δticks -0.656 | dist 4.110 | ETA 1322.5h
step   6520 | T=4 | loss 11.4878 | lr 3.00e-04 | grad 1.96 | 1.8k tok/s (avg 2.1k) | cert 0.37→0.55 | ticks [6.406 5.750 5.688 5.656] | Δticks -0.750 | dist 6.096 | ETA 1322.8h
step   6530 | T=4 | loss 8.0853 | lr 3.00e-04 | grad 2.47 | 1.8k tok/s (avg 2.1k) | cert 0.40→0.60 | ticks [5.125 4.281 4.219 4.219] | Δticks -0.906 | dist 4.136 | ETA 1323.1h
step   6540 | T=4 | loss 8.0741 | lr 3.00e-04 | grad 2.47 | 3.2k tok/s (avg 2.1k) | cert 0.46→0.60 | ticks [4.906 4.312 4.125 4.156] | Δticks -0.750 | dist 4.107 | ETA 1322.5h
step   6550 | T=4 | loss 8.3647 | lr 3.00e-04 | grad 3.00 | 1.8k tok/s (avg 2.1k) | cert 0.24→0.52 | ticks [6.312 5.250 5.219 5.250] | Δticks -1.062 | dist 3.392 | ETA 1322.8h
step   6560 | T=4 | loss 10.1750 | lr 3.00e-04 | grad 1.88 | 1.8k tok/s (avg 2.1k) | cert 0.35→0.59 | ticks [5.625 4.875 4.938 5.000] | Δticks -0.625 | dist 5.547 | ETA 1323.2h
step   6570 | T=4 | loss 8.8006 | lr 3.00e-04 | grad 1.88 | 3.2k tok/s (avg 2.1k) | cert 0.33→0.59 | ticks [5.188 4.188 4.125 4.156] | Δticks -1.031 | dist 4.946 | ETA 1322.5h
step   6580 | T=4 | loss 10.5696 | lr 3.00e-04 | grad 2.02 | 1.8k tok/s (avg 2.1k) | cert 0.45→0.57 | ticks [5.844 5.469 5.562 5.531] | Δticks -0.312 | dist 5.320 | ETA 1322.8h
step   6590 | T=4 | loss 9.7928 | lr 3.00e-04 | grad 2.02 | 3.2k tok/s (avg 2.1k) | cert 0.34→0.54 | ticks [5.688 4.781 4.750 4.812] | Δticks -0.875 | dist 5.286 | ETA 1322.2h
step   6600 | T=4 | loss 9.4872 | lr 3.00e-04 | grad 1.87 | 1.9k tok/s (avg 2.1k) | cert 0.48→0.58 | ticks [4.875 4.344 4.406 4.531] | Δticks -0.344 | dist 5.412 | ETA 1322.5h
step   6610 | T=4 | loss 9.0750 | lr 3.00e-04 | grad 1.77 | 1.9k tok/s (avg 2.1k) | cert 0.31→0.57 | ticks [5.625 4.656 4.562 4.500] | Δticks -1.125 | dist 4.877 | ETA 1322.8h
step   6620 | T=4 | loss 8.0237 | lr 3.00e-04 | grad 1.77 | 3.2k tok/s (avg 2.1k) | cert 0.29→0.52 | ticks [5.656 4.938 4.938 4.938] | Δticks -0.719 | dist 3.441 | ETA 1322.2h
step   6630 | T=4 | loss 6.0382 | lr 3.00e-04 | grad 1.91 | 1.8k tok/s (avg 2.1k) | cert 0.26→0.55 | ticks [5.188 3.984 3.781 3.719] | Δticks -1.469 | dist 2.512 | ETA 1322.5h
step   6640 | T=4 | loss 9.3357 | lr 3.00e-04 | grad 1.93 | 1.8k tok/s (avg 2.1k) | cert 0.51→0.57 | ticks [5.875 5.062 5.219 5.188] | Δticks -0.688 | dist 4.411 | ETA 1322.8h
step   6650 | T=4 | loss 12.3373 | lr 3.00e-04 | grad 1.93 | 3.2k tok/s (avg 2.1k) | cert 0.44→0.54 | ticks [5.969 4.969 5.094 5.094] | Δticks -0.875 | dist 7.570 | ETA 1322.2h
step   6660 | T=4 | loss 9.2163 | lr 3.00e-04 | grad 1.68 | 1.8k tok/s (avg 2.1k) | cert 0.16→0.52 | ticks [6.938 5.219 5.250 5.281] | Δticks -1.656 | dist 4.202 | ETA 1322.5h
step   6670 | T=4 | loss 10.8291 | lr 3.00e-04 | grad 1.68 | 3.2k tok/s (avg 2.2k) | cert 0.24→0.48 | ticks [7.188 6.375 6.344 6.312] | Δticks -0.875 | dist 4.879 | ETA 1321.9h
step   6680 | T=4 | loss 8.5623 | lr 3.00e-04 | grad 1.84 | 1.8k tok/s (avg 2.1k) | cert 0.32→0.53 | ticks [5.844 5.062 5.062 5.094] | Δticks -0.750 | dist 3.785 | ETA 1322.2h
step   6690 | T=4 | loss 11.4532 | lr 3.00e-04 | grad 2.33 | 1.9k tok/s (avg 2.1k) | cert 0.35→0.52 | ticks [5.906 5.344 5.344 5.500] | Δticks -0.406 | dist 6.450 | ETA 1322.5h
step   6700 | T=4 | loss 9.4889 | lr 3.00e-04 | grad 2.33 | 3.2k tok/s (avg 2.2k) | cert 0.60→0.62 | ticks [4.500 3.984 4.031 4.031] | Δticks -0.469 | dist 5.781 | ETA 1321.9h
step   6710 | T=4 | loss 11.4173 | lr 3.00e-04 | grad 2.31 | 1.8k tok/s (avg 2.1k) | cert 0.36→0.55 | ticks [6.000 5.188 5.281 5.344] | Δticks -0.656 | dist 6.480 | ETA 1322.2h
step   6720 | T=4 | loss 7.7072 | lr 3.00e-04 | grad 2.30 | 1.8k tok/s (avg 2.1k) | cert 0.32→0.54 | ticks [5.469 4.656 4.625 4.625] | Δticks -0.844 | dist 3.341 | ETA 1322.5h
step   6730 | T=4 | loss 7.3582 | lr 3.00e-04 | grad 2.30 | 3.2k tok/s (avg 2.2k) | cert 0.40→0.61 | ticks [5.125 4.125 4.031 3.984] | Δticks -1.141 | dist 3.649 | ETA 1321.9h
step   6740 | T=4 | loss 9.9287 | lr 3.00e-04 | grad 2.28 | 1.8k tok/s (avg 2.1k) | cert 0.39→0.58 | ticks [5.500 4.812 4.812 4.750] | Δticks -0.750 | dist 5.543 | ETA 1322.2h
step   6750 | T=4 | loss 11.5221 | lr 3.00e-04 | grad 2.28 | 3.2k tok/s (avg 2.2k) | cert 0.24→0.45 | ticks [7.469 6.781 6.719 6.688] | Δticks -0.781 | dist 5.160 | ETA 1321.6h
step   6760 | T=4 | loss 9.2752 | lr 3.00e-04 | grad 2.36 | 1.8k tok/s (avg 2.2k) | cert 0.26→0.49 | ticks [6.469 5.469 5.406 5.562] | Δticks -0.906 | dist 4.099 | ETA 1321.9h
step   6770 | T=4 | loss 13.1093 | lr 3.00e-04 | grad 1.78 | 1.9k tok/s (avg 2.1k) | cert 0.39→0.53 | ticks [5.281 4.719 4.719 4.625] | Δticks -0.656 | dist 8.820 | ETA 1322.2h
step   6780 | T=4 | loss 8.0579 | lr 3.00e-04 | grad 1.78 | 3.2k tok/s (avg 2.2k) | cert 0.15→0.48 | ticks [6.906 5.375 5.219 5.250] | Δticks -1.656 | dist 3.149 | ETA 1321.6h
step   6790 | T=4 | loss 10.8177 | lr 3.00e-04 | grad 2.50 | 1.8k tok/s (avg 2.2k) | cert 0.46→0.60 | ticks [4.969 4.438 4.406 4.312] | Δticks -0.656 | dist 6.833 | ETA 1322.0h
step   6800 | T=4 | loss 10.3289 | lr 3.00e-04 | grad 1.78 | 1.8k tok/s (avg 2.1k) | cert 0.66→0.64 | ticks [4.188 3.938 3.859 3.562] | Δticks -0.625 | dist 7.021 | ETA 1322.3h
step   6810 | T=4 | loss 8.4891 | lr 3.00e-04 | grad 1.78 | 3.2k tok/s (avg 2.2k) | cert 0.46→0.63 | ticks [4.156 3.422 3.234 3.281] | Δticks -0.875 | dist 5.485 | ETA 1321.7h
step   6820 | T=4 | loss 8.9801 | lr 3.00e-04 | grad 1.93 | 1.9k tok/s (avg 2.2k) | cert 0.42→0.61 | ticks [4.531 3.875 3.781 3.781] | Δticks -0.750 | dist 5.474 | ETA 1322.0h
step   6830 | T=4 | loss 9.6240 | lr 3.00e-04 | grad 1.93 | 3.2k tok/s (avg 2.2k) | cert 0.53→0.60 | ticks [5.156 5.000 5.031 5.000] | Δticks -0.156 | dist 5.152 | ETA 1321.4h
step   6840 | T=4 | loss 10.7131 | lr 3.00e-04 | grad 1.60 | 1.9k tok/s (avg 2.2k) | cert 0.58→0.59 | ticks [4.656 4.250 4.281 4.281] | Δticks -0.375 | dist 6.703 | ETA 1321.7h
step   6850 | T=4 | loss 10.8096 | lr 3.00e-04 | grad 2.52 | 1.8k tok/s (avg 2.2k) | cert 0.54→0.64 | ticks [4.469 3.672 3.656 3.750] | Δticks -0.719 | dist 7.432 | ETA 1322.0h
step   6860 | T=4 | loss 8.8525 | lr 3.00e-04 | grad 2.52 | 3.2k tok/s (avg 2.2k) | cert 0.48→0.60 | ticks [5.125 4.188 4.250 4.312] | Δticks -0.812 | dist 4.868 | ETA 1321.4h
step   6870 | T=4 | loss 6.6413 | lr 3.00e-04 | grad 2.14 | 1.8k tok/s (avg 2.2k) | cert 0.37→0.63 | ticks [4.656 3.719 3.656 3.688] | Δticks -0.969 | dist 3.358 | ETA 1321.7h
step   6880 | T=4 | loss 9.0030 | lr 3.00e-04 | grad 2.20 | 1.9k tok/s (avg 2.2k) | cert 0.28→0.50 | ticks [7.031 6.000 6.031 5.906] | Δticks -1.125 | dist 3.356 | ETA 1322.0h
step   6890 | T=4 | loss 8.2038 | lr 3.00e-04 | grad 2.20 | 3.2k tok/s (avg 2.2k) | cert 0.32→0.55 | ticks [5.219 4.250 4.344 4.281] | Δticks -0.938 | dist 4.237 | ETA 1321.4h
step   6900 | T=4 | loss 8.1594 | lr 3.00e-04 | grad 2.06 | 1.8k tok/s (avg 2.2k) | cert 0.23→0.51 | ticks [6.438 5.562 5.438 5.344] | Δticks -1.094 | dist 3.052 | ETA 1321.7h
step   6910 | T=4 | loss 9.0096 | lr 3.00e-04 | grad 2.06 | 3.2k tok/s (avg 2.2k) | cert 0.33→0.52 | ticks [6.156 5.500 5.375 5.344] | Δticks -0.812 | dist 3.953 | ETA 1321.1h
step   6920 | T=4 | loss 9.5608 | lr 3.00e-04 | grad 1.76 | 1.8k tok/s (avg 2.2k) | cert 0.44→0.58 | ticks [5.125 4.375 4.344 4.406] | Δticks -0.719 | dist 5.549 | ETA 1321.4h
step   6930 | T=4 | loss 8.9329 | lr 3.00e-04 | grad 1.62 | 1.8k tok/s (avg 2.2k) | cert 0.40→0.58 | ticks [5.094 4.438 4.312 4.500] | Δticks -0.594 | dist 4.858 | ETA 1321.8h
step   6940 | T=4 | loss 9.6168 | lr 3.00e-04 | grad 1.62 | 3.2k tok/s (avg 2.2k) | cert 0.42→0.57 | ticks [4.469 3.875 3.859 3.953] | Δticks -0.516 | dist 6.059 | ETA 1321.1h
step   6950 | T=4 | loss 8.1250 | lr 3.00e-04 | grad 2.25 | 1.8k tok/s (avg 2.2k) | cert 0.46→0.59 | ticks [5.188 4.406 4.469 4.438] | Δticks -0.750 | dist 4.039 | ETA 1321.5h
step   6960 | T=4 | loss 9.3928 | lr 3.00e-04 | grad 1.98 | 1.8k tok/s (avg 2.2k) | cert 0.38→0.54 | ticks [5.875 4.938 4.844 4.781] | Δticks -1.094 | dist 4.746 | ETA 1321.8h
step   6970 | T=4 | loss 12.7562 | lr 3.00e-04 | grad 1.98 | 3.2k tok/s (avg 2.2k) | cert 0.49→0.57 | ticks [5.781 4.938 4.906 4.906] | Δticks -0.875 | dist 8.018 | ETA 1321.2h
step   6980 | T=4 | loss 13.4005 | lr 3.00e-04 | grad 2.92 | 1.8k tok/s (avg 2.2k) | cert 0.30→0.55 | ticks [5.594 4.688 4.625 4.594] | Δticks -1.000 | dist 9.074 | ETA 1321.5h
step   6990 | T=4 | loss 8.3338 | lr 3.00e-04 | grad 2.92 | 3.2k tok/s (avg 2.2k) | cert 0.54→0.61 | ticks [4.656 4.094 4.031 3.969] | Δticks -0.688 | dist 4.603 | ETA 1320.9h
step   7000 | T=4 | loss 10.9902 | lr 3.00e-04 | grad 1.91 | 1.8k tok/s (avg 2.2k) | cert 0.37→0.54 | ticks [6.031 5.031 5.219 5.125] | Δticks -0.906 | dist 6.166 | ETA 1321.2h
[CachedTeacherDataset/eval] 9 shards (of 199 total) under teacher_cache/phase1 | seq_len=512 top_k=128
  >>> val @ step 7000:
  T=4 | CE=4.6726 | PPL=106.97 | top1=22.2% | top5=43.1% | (25600 tok)
step   7010 | T=4 | loss 8.9770 | lr 3.00e-04 | grad 1.94 | 0.8k tok/s (avg 2.1k) | cert 0.27→0.49 | ticks [6.812 5.969 5.844 5.781] | Δticks -1.031 | dist 3.435 | ETA 1324.3h
step   7020 | T=4 | loss 16.9845 | lr 3.00e-04 | grad 1.94 | 3.2k tok/s (avg 2.1k) | cert 0.46→0.55 | ticks [5.188 4.844 4.781 4.750] | Δticks -0.438 | dist 12.539 | ETA 1323.7h
step   7030 | T=4 | loss 12.7413 | lr 3.00e-04 | grad 1.59 | 1.8k tok/s (avg 2.1k) | cert 0.34→0.47 | ticks [6.281 5.875 5.906 5.938] | Δticks -0.344 | dist 7.151 | ETA 1324.0h
step   7040 | T=4 | loss 9.3228 | lr 3.00e-04 | grad 2.44 | 1.8k tok/s (avg 2.1k) | cert 0.53→0.61 | ticks [4.969 4.188 4.062 4.125] | Δticks -0.844 | dist 5.441 | ETA 1324.3h
step   7050 | T=4 | loss 9.7628 | lr 3.00e-04 | grad 2.44 | 3.2k tok/s (avg 2.1k) | cert 0.31→0.52 | ticks [5.906 5.156 5.188 5.156] | Δticks -0.750 | dist 4.958 | ETA 1323.7h
step   7060 | T=4 | loss 6.8950 | lr 3.00e-04 | grad 1.71 | 1.9k tok/s (avg 2.1k) | cert 0.46→0.64 | ticks [4.250 3.531 3.578 3.438] | Δticks -0.812 | dist 3.859 | ETA 1324.0h
step   7070 | T=4 | loss 9.6898 | lr 3.00e-04 | grad 1.71 | 3.2k tok/s (avg 2.1k) | cert 0.37→0.54 | ticks [5.906 5.312 5.344 5.219] | Δticks -0.688 | dist 4.699 | ETA 1323.4h
step   7080 | T=4 | loss 8.1916 | lr 3.00e-04 | grad 1.77 | 1.8k tok/s (avg 2.1k) | cert 0.32→0.50 | ticks [6.062 5.438 5.312 5.344] | Δticks -0.719 | dist 3.231 | ETA 1323.7h
step   7090 | T=4 | loss 13.9317 | lr 3.00e-04 | grad 2.91 | 1.8k tok/s (avg 2.1k) | cert 0.59→0.61 | ticks [4.312 3.812 3.844 3.922] | Δticks -0.391 | dist 10.249 | ETA 1324.0h
step   7100 | T=4 | loss 9.8025 | lr 3.00e-04 | grad 2.91 | 3.2k tok/s (avg 2.1k) | cert 0.43→0.58 | ticks [5.188 4.562 4.562 4.531] | Δticks -0.656 | dist 5.596 | ETA 1323.4h
step   7110 | T=4 | loss 8.1705 | lr 3.00e-04 | grad 2.05 | 1.8k tok/s (avg 2.1k) | cert 0.39→0.53 | ticks [6.344 5.500 5.406 5.531] | Δticks -0.812 | dist 3.070 | ETA 1323.7h
step   7120 | T=4 | loss 11.0082 | lr 3.00e-04 | grad 1.91 | 1.9k tok/s (avg 2.1k) | cert 0.33→0.54 | ticks [5.812 4.781 4.844 4.844] | Δticks -0.969 | dist 6.447 | ETA 1324.0h
step   7130 | T=4 | loss 8.8543 | lr 3.00e-04 | grad 1.91 | 3.2k tok/s (avg 2.1k) | cert 0.24→0.46 | ticks [6.688 5.531 5.406 5.438] | Δticks -1.250 | dist 3.742 | ETA 1323.4h
step   7140 | T=4 | loss 12.9332 | lr 3.00e-04 | grad 2.86 | 1.8k tok/s (avg 2.1k) | cert 0.30→0.54 | ticks [6.062 5.312 5.156 5.156] | Δticks -0.906 | dist 8.042 | ETA 1323.7h
step   7150 | T=4 | loss 12.8551 | lr 3.00e-04 | grad 2.86 | 3.2k tok/s (avg 2.1k) | cert 0.24→0.51 | ticks [6.500 5.625 5.562 5.562] | Δticks -0.938 | dist 7.581 | ETA 1323.1h
step   7160 | T=4 | loss 7.0908 | lr 3.00e-04 | grad 2.08 | 1.8k tok/s (avg 2.1k) | cert 0.45→0.63 | ticks [4.469 3.688 3.531 3.625] | Δticks -0.844 | dist 3.876 | ETA 1323.4h
step   7170 | T=4 | loss 9.3991 | lr 3.00e-04 | grad 2.47 | 1.8k tok/s (avg 2.1k) | cert 0.46→0.57 | ticks [5.531 4.625 4.688 4.625] | Δticks -0.906 | dist 5.154 | ETA 1323.7h
step   7180 | T=4 | loss 12.3356 | lr 3.00e-04 | grad 2.47 | 3.2k tok/s (avg 2.1k) | cert 0.60→0.59 | ticks [5.031 4.250 4.344 4.375] | Δticks -0.656 | dist 8.358 | ETA 1323.1h
step   7190 | T=4 | loss 8.7953 | lr 3.00e-04 | grad 2.83 | 1.8k tok/s (avg 2.1k) | cert 0.36→0.60 | ticks [5.719 4.656 4.469 4.500] | Δticks -1.219 | dist 4.616 | ETA 1323.4h
step   7200 | T=4 | loss 10.9774 | lr 3.00e-04 | grad 3.12 | 1.8k tok/s (avg 2.1k) | cert 0.18→0.40 | ticks [9.062 8.375 8.312 8.250] | Δticks -0.812 | dist 3.121 | ETA 1323.7h
step   7210 | T=4 | loss 9.8187 | lr 3.00e-04 | grad 3.12 | 3.2k tok/s (avg 2.1k) | cert 0.34→0.51 | ticks [6.469 5.938 5.844 5.812] | Δticks -0.656 | dist 4.269 | ETA 1323.1h
step   7220 | T=4 | loss 7.4900 | lr 3.00e-04 | grad 2.20 | 1.8k tok/s (avg 2.1k) | cert 0.42→0.62 | ticks [5.125 4.375 4.188 4.312] | Δticks -0.812 | dist 3.586 | ETA 1323.4h
step   7230 | T=4 | loss 9.7680 | lr 3.00e-04 | grad 2.20 | 3.2k tok/s (avg 2.1k) | cert 0.53→0.62 | ticks [4.812 4.156 3.891 4.031] | Δticks -0.781 | dist 6.049 | ETA 1322.8h
step   7240 | T=4 | loss 9.9335 | lr 3.00e-04 | grad 1.91 | 1.8k tok/s (avg 2.1k) | cert 0.26→0.47 | ticks [6.625 5.719 5.719 5.812] | Δticks -0.812 | dist 4.495 | ETA 1323.1h
step   7250 | T=4 | loss 10.9909 | lr 3.00e-04 | grad 2.48 | 1.8k tok/s (avg 2.1k) | cert 0.17→0.43 | ticks [8.312 7.375 7.312 7.281] | Δticks -1.031 | dist 4.225 | ETA 1323.4h
step   7260 | T=4 | loss 10.2995 | lr 3.00e-04 | grad 2.48 | 3.2k tok/s (avg 2.1k) | cert 0.24→0.46 | ticks [7.281 6.344 6.281 6.312] | Δticks -0.969 | dist 4.409 | ETA 1322.8h
step   7270 | T=4 | loss 16.0576 | lr 3.00e-04 | grad 1.76 | 1.8k tok/s (avg 2.1k) | cert 0.32→0.49 | ticks [5.844 5.281 5.250 5.344] | Δticks -0.500 | dist 11.062 | ETA 1323.1h
step   7280 | T=4 | loss 9.7310 | lr 3.00e-04 | grad 2.02 | 1.8k tok/s (avg 2.1k) | cert 0.38→0.54 | ticks [7.156 6.719 6.500 6.500] | Δticks -0.656 | dist 3.646 | ETA 1323.4h
step   7290 | T=4 | loss 9.5182 | lr 3.00e-04 | grad 2.02 | 3.1k tok/s (avg 2.1k) | cert 0.38→0.60 | ticks [5.594 5.031 4.906 4.844] | Δticks -0.750 | dist 5.000 | ETA 1322.9h
step   7300 | T=4 | loss 12.2661 | lr 3.00e-04 | grad 2.91 | 1.9k tok/s (avg 2.1k) | cert 0.23→0.45 | ticks [7.594 7.188 7.188 7.094] | Δticks -0.500 | dist 5.537 | ETA 1323.2h
step   7310 | T=4 | loss 10.7290 | lr 3.00e-04 | grad 2.91 | 3.2k tok/s (avg 2.1k) | cert 0.49→0.57 | ticks [5.094 4.406 4.375 4.438] | Δticks -0.656 | dist 6.607 | ETA 1322.6h
step   7320 | T=4 | loss 7.8303 | lr 3.00e-04 | grad 2.03 | 1.8k tok/s (avg 2.1k) | cert 0.47→0.61 | ticks [5.000 3.984 4.062 4.062] | Δticks -0.938 | dist 4.125 | ETA 1322.9h
step   7330 | T=4 | loss 8.1301 | lr 3.00e-04 | grad 2.42 | 1.8k tok/s (avg 2.1k) | cert 0.38→0.63 | ticks [5.031 4.031 4.000 4.031] | Δticks -1.000 | dist 4.434 | ETA 1323.2h
step   7340 | T=4 | loss 8.1357 | lr 3.00e-04 | grad 2.42 | 3.2k tok/s (avg 2.1k) | cert 0.49→0.55 | ticks [5.188 4.750 4.781 4.656] | Δticks -0.531 | dist 3.690 | ETA 1322.6h
step   7350 | T=4 | loss 9.7388 | lr 3.00e-04 | grad 1.60 | 1.8k tok/s (avg 2.1k) | cert 0.47→0.59 | ticks [5.344 4.812 4.781 4.812] | Δticks -0.531 | dist 5.285 | ETA 1322.9h
step   7360 | T=4 | loss 10.0875 | lr 3.00e-04 | grad 1.65 | 1.8k tok/s (avg 2.1k) | cert 0.36→0.52 | ticks [6.156 5.688 5.688 5.656] | Δticks -0.500 | dist 4.802 | ETA 1323.2h
step   7370 | T=4 | loss 9.6388 | lr 3.00e-04 | grad 1.65 | 3.2k tok/s (avg 2.1k) | cert 0.31→0.52 | ticks [6.406 5.562 5.531 5.469] | Δticks -0.938 | dist 4.404 | ETA 1322.6h
step   7380 | T=4 | loss 8.7051 | lr 3.00e-04 | grad 1.59 | 1.8k tok/s (avg 2.1k) | cert 0.43→0.57 | ticks [5.344 4.812 4.781 4.719] | Δticks -0.625 | dist 4.507 | ETA 1322.9h
step   7390 | T=4 | loss 8.5211 | lr 3.00e-04 | grad 1.59 | 3.2k tok/s (avg 2.1k) | cert 0.44→0.63 | ticks [5.188 4.656 4.500 4.438] | Δticks -0.750 | dist 4.346 | ETA 1322.3h
step   7400 | T=4 | loss 8.2340 | lr 3.00e-04 | grad 2.16 | 1.8k tok/s (avg 2.1k) | cert 0.39→0.60 | ticks [5.219 4.594 4.500 4.406] | Δticks -0.812 | dist 4.115 | ETA 1322.6h
step   7410 | T=4 | loss 9.4037 | lr 3.00e-04 | grad 1.91 | 1.9k tok/s (avg 2.1k) | cert 0.36→0.51 | ticks [6.062 5.250 5.344 5.312] | Δticks -0.750 | dist 4.419 | ETA 1322.9h
step   7420 | T=4 | loss 8.3243 | lr 3.00e-04 | grad 1.91 | 3.2k tok/s (avg 2.1k) | cert 0.49→0.60 | ticks [4.531 4.000 4.094 3.922] | Δticks -0.609 | dist 4.787 | ETA 1322.3h
step   7430 | T=4 | loss 9.0783 | lr 3.00e-04 | grad 1.57 | 1.8k tok/s (avg 2.1k) | cert 0.46→0.55 | ticks [5.375 5.031 5.281 5.281] | Δticks -0.094 | dist 4.253 | ETA 1322.6h
step   7440 | T=4 | loss 10.8406 | lr 3.00e-04 | grad 1.91 | 1.8k tok/s (avg 2.1k) | cert 0.22→0.45 | ticks [7.969 7.344 7.406 7.375] | Δticks -0.594 | dist 3.883 | ETA 1322.9h
step   7450 | T=4 | loss 9.9223 | lr 3.00e-04 | grad 1.91 | 3.2k tok/s (avg 2.1k) | cert 0.39→0.54 | ticks [5.594 5.125 5.125 5.062] | Δticks -0.531 | dist 5.223 | ETA 1322.3h
step   7460 | T=4 | loss 6.9784 | lr 3.00e-04 | grad 1.71 | 1.8k tok/s (avg 2.1k) | cert 0.25→0.59 | ticks [5.875 4.562 4.469 4.406] | Δticks -1.469 | dist 2.864 | ETA 1322.6h
step   7470 | T=4 | loss 8.0666 | lr 3.00e-04 | grad 1.71 | 3.2k tok/s (avg 2.1k) | cert 0.33→0.54 | ticks [6.000 4.875 4.750 4.656] | Δticks -1.344 | dist 3.651 | ETA 1322.0h
step   7480 | T=4 | loss 7.0904 | lr 3.00e-04 | grad 1.78 | 1.8k tok/s (avg 2.1k) | cert 0.45→0.63 | ticks [4.344 3.641 3.359 3.469] | Δticks -0.875 | dist 4.023 | ETA 1322.3h
step   7490 | T=4 | loss 8.6370 | lr 3.00e-04 | grad 2.22 | 1.8k tok/s (avg 2.1k) | cert 0.40→0.56 | ticks [5.906 5.062 5.000 5.062] | Δticks -0.844 | dist 3.956 | ETA 1322.6h
step   7500 | T=4 | loss 8.8803 | lr 3.00e-04 | grad 2.22 | 3.2k tok/s (avg 2.1k) | cert 0.39→0.61 | ticks [5.594 4.625 4.469 4.781] | Δticks -0.812 | dist 4.583 | ETA 1322.1h
step   7510 | T=4 | loss 9.7294 | lr 3.00e-04 | grad 2.03 | 1.8k tok/s (avg 2.1k) | cert 0.43→0.58 | ticks [5.406 4.594 4.562 4.438] | Δticks -0.969 | dist 5.557 | ETA 1322.4h
step   7520 | T=4 | loss 8.6847 | lr 3.00e-04 | grad 1.95 | 1.9k tok/s (avg 2.1k) | cert 0.33→0.57 | ticks [5.969 4.938 4.969 4.938] | Δticks -1.031 | dist 4.166 | ETA 1322.6h
step   7530 | T=4 | loss 8.1429 | lr 3.00e-04 | grad 1.95 | 3.2k tok/s (avg 2.1k) | cert 0.21→0.52 | ticks [7.000 5.875 5.781 5.781] | Δticks -1.219 | dist 2.682 | ETA 1322.1h
step   7540 | T=4 | loss 8.8683 | lr 3.00e-04 | grad 1.91 | 1.8k tok/s (avg 2.1k) | cert 0.20→0.43 | ticks [7.375 6.375 6.250 6.156] | Δticks -1.219 | dist 3.008 | ETA 1322.4h
step   7550 | T=4 | loss 12.6670 | lr 3.00e-04 | grad 1.91 | 3.2k tok/s (avg 2.2k) | cert 0.57→0.59 | ticks [4.719 4.469 4.344 4.250] | Δticks -0.469 | dist 8.582 | ETA 1321.8h
step   7560 | T=4 | loss 9.0095 | lr 3.00e-04 | grad 2.19 | 1.9k tok/s (avg 2.1k) | cert 0.35→0.52 | ticks [6.625 5.969 5.938 5.875] | Δticks -0.750 | dist 3.441 | ETA 1322.1h
step   7570 | T=4 | loss 7.0370 | lr 3.00e-04 | grad 1.96 | 1.8k tok/s (avg 2.1k) | cert 0.48→0.64 | ticks [4.625 3.797 3.812 3.797] | Δticks -0.828 | dist 3.602 | ETA 1322.4h
step   7580 | T=4 | loss 7.3899 | lr 3.00e-04 | grad 1.96 | 3.2k tok/s (avg 2.2k) | cert 0.47→0.62 | ticks [4.531 4.125 4.031 4.000] | Δticks -0.531 | dist 3.811 | ETA 1321.8h
step   7590 | T=4 | loss 8.2231 | lr 3.00e-04 | grad 1.62 | 1.9k tok/s (avg 2.1k) | cert 0.40→0.61 | ticks [4.906 4.156 4.062 4.031] | Δticks -0.875 | dist 4.568 | ETA 1322.1h
step   7600 | T=4 | loss 9.4825 | lr 3.00e-04 | grad 2.64 | 1.8k tok/s (avg 2.1k) | cert 0.26→0.47 | ticks [6.750 5.875 5.750 5.688] | Δticks -1.062 | dist 4.034 | ETA 1322.4h
step   7610 | T=4 | loss 7.7316 | lr 3.00e-04 | grad 2.64 | 3.2k tok/s (avg 2.2k) | cert 0.44→0.62 | ticks [4.906 4.125 3.938 3.953] | Δticks -0.953 | dist 4.082 | ETA 1321.9h
step   7620 | T=4 | loss 9.2174 | lr 3.00e-04 | grad 1.78 | 1.8k tok/s (avg 2.1k) | cert 0.51→0.59 | ticks [5.812 5.125 4.938 4.938] | Δticks -0.875 | dist 4.554 | ETA 1322.2h
step   7630 | T=4 | loss 12.4509 | lr 3.00e-04 | grad 1.78 | 3.2k tok/s (avg 2.2k) | cert 0.26→0.49 | ticks [6.375 5.531 5.469 5.469] | Δticks -0.906 | dist 7.378 | ETA 1321.6h
step   7640 | T=4 | loss 11.2026 | lr 3.00e-04 | grad 1.88 | 1.8k tok/s (avg 2.2k) | cert 0.43→0.59 | ticks [5.500 4.531 4.375 4.344] | Δticks -1.156 | dist 7.158 | ETA 1321.9h
step   7650 | T=4 | loss 15.5898 | lr 3.00e-04 | grad 1.76 | 1.8k tok/s (avg 2.1k) | cert 0.40→0.54 | ticks [5.875 5.062 5.094 5.125] | Δticks -0.750 | dist 10.769 | ETA 1322.2h
step   7660 | T=4 | loss 9.8404 | lr 3.00e-04 | grad 1.76 | 3.2k tok/s (avg 2.2k) | cert 0.38→0.56 | ticks [5.406 4.594 4.625 4.656] | Δticks -0.750 | dist 5.556 | ETA 1321.6h
step   7670 | T=4 | loss 10.1817 | lr 3.00e-04 | grad 3.33 | 1.8k tok/s (avg 2.2k) | cert 0.39→0.59 | ticks [5.219 4.562 4.406 4.469] | Δticks -0.750 | dist 6.064 | ETA 1321.9h
step   7680 | T=4 | loss 15.7597 | lr 3.00e-04 | grad 2.05 | 1.8k tok/s (avg 2.1k) | cert 0.37→0.48 | ticks [5.625 5.188 5.125 5.094] | Δticks -0.531 | dist 10.862 | ETA 1322.2h
step   7690 | T=4 | loss 8.3249 | lr 3.00e-04 | grad 2.05 | 3.2k tok/s (avg 2.2k) | cert 0.28→0.54 | ticks [6.062 5.031 5.094 5.062] | Δticks -1.000 | dist 3.550 | ETA 1321.6h
step   7700 | T=4 | loss 10.1053 | lr 3.00e-04 | grad 4.28 | 1.9k tok/s (avg 2.2k) | cert 0.60→0.60 | ticks [4.406 4.125 4.062 4.031] | Δticks -0.375 | dist 6.491 | ETA 1321.9h
step   7710 | T=4 | loss 7.8190 | lr 3.00e-04 | grad 4.28 | 3.2k tok/s (avg 2.2k) | cert 0.46→0.60 | ticks [4.719 4.188 4.031 4.000] | Δticks -0.719 | dist 4.097 | ETA 1321.4h
step   7720 | T=4 | loss 8.1837 | lr 3.00e-04 | grad 2.95 | 1.8k tok/s (avg 2.2k) | cert 0.44→0.61 | ticks [4.375 3.828 3.812 3.766] | Δticks -0.609 | dist 4.740 | ETA 1321.7h
step   7730 | T=4 | loss 8.2767 | lr 3.00e-04 | grad 1.74 | 1.8k tok/s (avg 2.2k) | cert 0.21→0.50 | ticks [6.719 5.125 5.094 5.094] | Δticks -1.625 | dist 3.450 | ETA 1321.9h
step   7740 | T=4 | loss 15.7655 | lr 3.00e-04 | grad 1.74 | 3.2k tok/s (avg 2.2k) | cert 0.25→0.47 | ticks [6.531 5.531 5.469 5.438] | Δticks -1.094 | dist 10.566 | ETA 1321.4h
step   7750 | T=4 | loss 8.3459 | lr 3.00e-04 | grad 3.45 | 1.8k tok/s (avg 2.2k) | cert 0.27→0.52 | ticks [6.094 5.125 5.094 5.125] | Δticks -0.969 | dist 3.546 | ETA 1321.7h
step   7760 | T=4 | loss 10.3526 | lr 3.00e-04 | grad 3.34 | 1.8k tok/s (avg 2.2k) | cert 0.46→0.60 | ticks [4.656 4.031 3.953 3.875] | Δticks -0.781 | dist 6.732 | ETA 1322.0h
step   7770 | T=4 | loss 8.9007 | lr 3.00e-04 | grad 3.34 | 3.2k tok/s (avg 2.2k) | cert 0.43→0.59 | ticks [5.719 4.906 4.844 4.781] | Δticks -0.938 | dist 4.421 | ETA 1321.4h
step   7780 | T=4 | loss 7.9714 | lr 3.00e-04 | grad 2.39 | 1.9k tok/s (avg 2.2k) | cert 0.49→0.62 | ticks [4.656 4.125 3.875 3.844] | Δticks -0.812 | dist 4.429 | ETA 1321.7h
step   7790 | T=4 | loss 10.8155 | lr 3.00e-04 | grad 2.39 | 3.2k tok/s (avg 2.2k) | cert 0.28→0.48 | ticks [6.750 6.188 6.156 6.125] | Δticks -0.625 | dist 4.992 | ETA 1321.1h
step   7800 | T=4 | loss 8.6343 | lr 3.00e-04 | grad 3.70 | 1.8k tok/s (avg 2.2k) | cert 0.43→0.54 | ticks [4.938 4.281 4.438 4.438] | Δticks -0.500 | dist 4.482 | ETA 1321.4h
step   7810 | T=4 | loss 12.1963 | lr 3.00e-04 | grad 3.44 | 1.8k tok/s (avg 2.2k) | cert 0.44→0.54 | ticks [5.594 4.969 5.031 4.969] | Δticks -0.625 | dist 7.546 | ETA 1321.7h
step   7820 | T=4 | loss 9.1710 | lr 3.00e-04 | grad 3.44 | 3.2k tok/s (avg 2.2k) | cert 0.28→0.50 | ticks [6.594 5.656 5.656 5.562] | Δticks -1.031 | dist 3.900 | ETA 1321.1h
step   7830 | T=4 | loss 9.5644 | lr 3.00e-04 | grad 1.76 | 1.9k tok/s (avg 2.2k) | cert 0.37→0.51 | ticks [6.312 5.594 5.594 5.594] | Δticks -0.719 | dist 4.366 | ETA 1321.4h
step   7840 | T=4 | loss 9.0789 | lr 3.00e-04 | grad 1.84 | 1.8k tok/s (avg 2.2k) | cert 0.41→0.59 | ticks [5.219 4.438 4.438 4.469] | Δticks -0.750 | dist 4.966 | ETA 1321.7h
step   7850 | T=4 | loss 8.1380 | lr 3.00e-04 | grad 1.84 | 3.2k tok/s (avg 2.2k) | cert 0.26→0.52 | ticks [5.750 4.594 4.656 4.656] | Δticks -1.094 | dist 3.864 | ETA 1321.2h
step   7860 | T=4 | loss 9.7992 | lr 3.00e-04 | grad 1.90 | 1.8k tok/s (avg 2.2k) | cert 0.57→0.60 | ticks [4.938 4.375 4.375 4.312] | Δticks -0.625 | dist 5.793 | ETA 1321.4h
step   7870 | T=4 | loss 8.9523 | lr 3.00e-04 | grad 1.90 | 3.2k tok/s (avg 2.2k) | cert 0.42→0.55 | ticks [5.750 5.125 5.062 4.969] | Δticks -0.781 | dist 4.195 | ETA 1320.9h
step   7880 | T=4 | loss 10.6093 | lr 3.00e-04 | grad 1.89 | 1.8k tok/s (avg 2.2k) | cert 0.37→0.50 | ticks [5.719 4.938 5.000 5.031] | Δticks -0.688 | dist 5.897 | ETA 1321.2h
step   7890 | T=4 | loss 7.6066 | lr 3.00e-04 | grad 1.73 | 1.8k tok/s (avg 2.2k) | cert 0.47→0.62 | ticks [4.312 3.828 3.781 3.703] | Δticks -0.609 | dist 4.180 | ETA 1321.4h
step   7900 | T=4 | loss 8.5556 | lr 3.00e-04 | grad 1.73 | 3.1k tok/s (avg 2.2k) | cert 0.29→0.55 | ticks [5.469 4.656 4.656 4.531] | Δticks -0.938 | dist 4.356 | ETA 1320.9h
step   7910 | T=4 | loss 9.4377 | lr 3.00e-04 | grad 1.59 | 1.8k tok/s (avg 2.2k) | cert 0.42→0.60 | ticks [5.406 4.500 4.469 4.281] | Δticks -1.125 | dist 5.416 | ETA 1321.2h
step   7920 | T=4 | loss 6.9102 | lr 3.00e-04 | grad 1.75 | 1.8k tok/s (avg 2.2k) | cert 0.48→0.60 | ticks [4.656 3.875 3.734 3.812] | Δticks -0.844 | dist 3.391 | ETA 1321.5h
step   7930 | T=4 | loss 9.1164 | lr 3.00e-04 | grad 1.75 | 3.2k tok/s (avg 2.2k) | cert 0.36→0.52 | ticks [6.344 5.875 5.781 5.750] | Δticks -0.594 | dist 3.672 | ETA 1320.9h
step   7940 | T=4 | loss 10.4722 | lr 3.00e-04 | grad 2.92 | 1.8k tok/s (avg 2.2k) | cert 0.52→0.57 | ticks [4.875 4.375 4.188 4.250] | Δticks -0.625 | dist 6.480 | ETA 1321.2h
step   7950 | T=4 | loss 9.7290 | lr 3.00e-04 | grad 2.92 | 3.2k tok/s (avg 2.2k) | cert 0.50→0.58 | ticks [4.875 4.281 4.125 4.250] | Δticks -0.625 | dist 5.816 | ETA 1320.7h
step   7960 | T=4 | loss 12.9203 | lr 3.00e-04 | grad 1.84 | 1.8k tok/s (avg 2.2k) | cert 0.62→0.61 | ticks [4.281 4.062 4.188 4.000] | Δticks -0.281 | dist 9.212 | ETA 1321.0h
step   7970 | T=4 | loss 8.6146 | lr 3.00e-04 | grad 3.02 | 1.8k tok/s (avg 2.2k) | cert 0.35→0.59 | ticks [5.375 4.469 4.312 4.281] | Δticks -1.094 | dist 4.680 | ETA 1321.2h
step   7980 | T=4 | loss 6.9141 | lr 3.00e-04 | grad 3.02 | 3.2k tok/s (avg 2.2k) | cert 0.31→0.56 | ticks [4.875 3.844 3.828 3.781] | Δticks -1.094 | dist 3.395 | ETA 1320.7h
step   7990 | T=4 | loss 12.2531 | lr 3.00e-04 | grad 1.99 | 1.8k tok/s (avg 2.2k) | cert 0.21→0.47 | ticks [7.031 6.156 6.188 6.094] | Δticks -0.938 | dist 6.516 | ETA 1321.0h
step   8000 | T=4 | loss 11.0861 | lr 3.00e-04 | grad 1.80 | 1.8k tok/s (avg 2.2k) | cert 0.22→0.47 | ticks [7.406 6.562 6.531 6.500] | Δticks -0.906 | dist 4.954 | ETA 1321.3h
[CachedTeacherDataset/eval] 9 shards (of 199 total) under teacher_cache/phase1 | seq_len=512 top_k=128
  >>> val @ step 8000:
  T=4 | CE=4.6208 | PPL=101.57 | top1=22.3% | top5=41.8% | (25600 tok)
step   8010 | T=4 | loss 7.9315 | lr 3.00e-04 | grad 1.80 | 0.9k tok/s (avg 2.1k) | cert 0.44→0.63 | ticks [4.562 3.797 3.750 3.781] | Δticks -0.781 | dist 4.538 | ETA 1323.5h
step   8020 | T=4 | loss 7.7787 | lr 3.00e-04 | grad 2.48 | 2.1k tok/s (avg 2.1k) | cert 0.49→0.63 | ticks [4.312 3.875 3.656 3.750] | Δticks -0.562 | dist 4.411 | ETA 1323.5h
step   8030 | T=4 | loss 7.0635 | lr 3.00e-04 | grad 2.48 | 3.2k tok/s (avg 2.1k) | cert 0.36→0.58 | ticks [5.312 4.375 4.219 4.219] | Δticks -1.094 | dist 3.147 | ETA 1323.0h
step   8040 | T=4 | loss 7.2103 | lr 3.00e-04 | grad 1.74 | 1.9k tok/s (avg 2.1k) | cert 0.33→0.52 | ticks [5.344 4.500 4.406 4.438] | Δticks -0.906 | dist 3.103 | ETA 1323.2h
step   8050 | T=4 | loss 7.7310 | lr 3.00e-04 | grad 1.84 | 1.9k tok/s (avg 2.1k) | cert 0.48→0.60 | ticks [5.062 4.500 4.312 4.250] | Δticks -0.812 | dist 3.782 | ETA 1323.5h
step   8060 | T=4 | loss 9.0436 | lr 3.00e-04 | grad 1.84 | 3.2k tok/s (avg 2.1k) | cert 0.52→0.61 | ticks [5.469 4.906 4.906 4.781] | Δticks -0.688 | dist 4.447 | ETA 1322.9h
step   8070 | T=4 | loss 8.4481 | lr 3.00e-04 | grad 2.42 | 1.8k tok/s (avg 2.1k) | cert 0.48→0.58 | ticks [4.750 4.219 4.312 4.094] | Δticks -0.656 | dist 4.557 | ETA 1323.2h
step   8080 | T=4 | loss 8.1738 | lr 3.00e-04 | grad 1.68 | 1.8k tok/s (avg 2.1k) | cert 0.48→0.62 | ticks [4.656 3.734 3.734 3.656] | Δticks -1.000 | dist 4.801 | ETA 1323.5h
step   8090 | T=4 | loss 9.2473 | lr 3.00e-04 | grad 1.68 | 3.2k tok/s (avg 2.1k) | cert 0.50→0.61 | ticks [4.406 3.938 4.031 3.953] | Δticks -0.453 | dist 5.833 | ETA 1323.0h
step   8100 | T=4 | loss 9.3907 | lr 3.00e-04 | grad 3.73 | 1.8k tok/s (avg 2.1k) | cert 0.39→0.58 | ticks [5.594 4.625 4.562 4.594] | Δticks -1.000 | dist 5.043 | ETA 1323.2h
step   8110 | T=4 | loss 10.8762 | lr 3.00e-04 | grad 3.73 | 3.2k tok/s (avg 2.1k) | cert 0.30→0.48 | ticks [6.000 5.188 5.094 5.219] | Δticks -0.781 | dist 5.995 | ETA 1322.7h
step   8120 | T=4 | loss 7.8042 | lr 3.00e-04 | grad 2.83 | 1.8k tok/s (avg 2.1k) | cert 0.28→0.55 | ticks [6.156 5.250 5.031 5.031] | Δticks -1.125 | dist 3.028 | ETA 1323.0h
step   8130 | T=4 | loss 10.7543 | lr 3.00e-04 | grad 2.53 | 1.9k tok/s (avg 2.1k) | cert 0.44→0.55 | ticks [5.250 4.531 4.500 4.438] | Δticks -0.812 | dist 6.593 | ETA 1323.2h
step   8140 | T=4 | loss 8.1744 | lr 3.00e-04 | grad 2.53 | 3.2k tok/s (avg 2.1k) | cert 0.47→0.56 | ticks [5.219 4.812 4.719 4.688] | Δticks -0.531 | dist 3.783 | ETA 1322.7h
step   8150 | T=4 | loss 7.1962 | lr 3.00e-04 | grad 2.83 | 1.8k tok/s (avg 2.1k) | cert 0.46→0.62 | ticks [4.656 4.000 3.859 3.922] | Δticks -0.734 | dist 3.670 | ETA 1323.0h
step   8160 | T=4 | loss 7.6249 | lr 3.00e-04 | grad 1.86 | 1.8k tok/s (avg 2.1k) | cert 0.51→0.66 | ticks [4.156 3.578 3.516 3.453] | Δticks -0.703 | dist 4.528 | ETA 1323.3h
step   8170 | T=4 | loss 12.0477 | lr 3.00e-04 | grad 1.86 | 3.2k tok/s (avg 2.1k) | cert 0.38→0.58 | ticks [5.188 4.594 4.562 4.500] | Δticks -0.688 | dist 7.850 | ETA 1322.7h
step   8180 | T=4 | loss 8.9349 | lr 3.00e-04 | grad 2.84 | 1.8k tok/s (avg 2.1k) | cert 0.22→0.50 | ticks [7.062 6.000 5.875 5.812] | Δticks -1.250 | dist 3.487 | ETA 1323.0h
step   8190 | T=4 | loss 12.2008 | lr 3.00e-04 | grad 2.84 | 3.2k tok/s (avg 2.1k) | cert 0.31→0.54 | ticks [6.375 5.594 5.500 5.469] | Δticks -0.906 | dist 7.069 | ETA 1322.5h
step   8200 | T=4 | loss 12.7539 | lr 3.00e-04 | grad 2.41 | 1.9k tok/s (avg 2.1k) | cert 0.38→0.55 | ticks [5.812 5.156 5.156 5.156] | Δticks -0.656 | dist 8.036 | ETA 1322.7h
step   8210 | T=4 | loss 19.4322 | lr 3.00e-04 | grad 1.90 | 1.8k tok/s (avg 2.1k) | cert 0.39→0.50 | ticks [5.250 5.094 5.125 5.094] | Δticks -0.156 | dist 14.634 | ETA 1323.0h
step   8220 | T=4 | loss 7.8207 | lr 3.00e-04 | grad 1.90 | 3.2k tok/s (avg 2.1k) | cert 0.52→0.62 | ticks [4.625 4.188 4.062 4.156] | Δticks -0.469 | dist 4.040 | ETA 1322.5h
step   8230 | T=4 | loss 15.4657 | lr 3.00e-04 | grad 2.83 | 1.8k tok/s (avg 2.1k) | cert 0.68→0.62 | ticks [4.031 3.797 3.859 3.922] | Δticks -0.109 | dist 12.008 | ETA 1322.7h
step   8240 | T=4 | loss 13.3989 | lr 3.00e-04 | grad 2.56 | 1.8k tok/s (avg 2.1k) | cert 0.43→0.59 | ticks [5.062 4.469 4.469 4.438] | Δticks -0.625 | dist 9.312 | ETA 1323.0h
step   8250 | T=4 | loss 10.0339 | lr 3.00e-04 | grad 2.56 | 3.2k tok/s (avg 2.1k) | cert 0.57→0.60 | ticks [5.375 4.719 4.750 4.656] | Δticks -0.719 | dist 5.622 | ETA 1322.5h
step   8260 | T=4 | loss 9.0582 | lr 3.00e-04 | grad 1.85 | 1.8k tok/s (avg 2.1k) | cert 0.31→0.51 | ticks [6.812 5.938 5.906 5.906] | Δticks -0.906 | dist 3.509 | ETA 1322.8h
step   8270 | T=4 | loss 10.2907 | lr 3.00e-04 | grad 1.85 | 3.2k tok/s (avg 2.1k) | cert 0.32→0.55 | ticks [6.156 5.438 5.344 5.188] | Δticks -0.969 | dist 5.308 | ETA 1322.2h
step   8280 | T=4 | loss 8.7977 | lr 3.00e-04 | grad 2.36 | 1.8k tok/s (avg 2.1k) | cert 0.45→0.63 | ticks [5.375 4.500 4.469 4.500] | Δticks -0.875 | dist 4.670 | ETA 1322.5h
step   8290 | T=4 | loss 8.2584 | lr 3.00e-04 | grad 2.22 | 1.9k tok/s (avg 2.1k) | cert 0.50→0.62 | ticks [5.125 4.250 4.188 4.312] | Δticks -0.812 | dist 4.371 | ETA 1322.8h
step   8300 | T=4 | loss 8.8337 | lr 3.00e-04 | grad 2.22 | 3.1k tok/s (avg 2.1k) | cert 0.26→0.51 | ticks [6.938 6.219 6.188 6.156] | Δticks -0.781 | dist 2.979 | ETA 1322.2h
step   8310 | T=4 | loss 11.5006 | lr 3.00e-04 | grad 2.20 | 1.8k tok/s (avg 2.1k) | cert 0.38→0.56 | ticks [5.906 5.219 5.094 5.062] | Δticks -0.844 | dist 6.738 | ETA 1322.5h
step   8320 | T=4 | loss 10.1713 | lr 3.00e-04 | grad 3.08 | 1.8k tok/s (avg 2.1k) | cert 0.29→0.54 | ticks [6.781 6.094 5.969 5.875] | Δticks -0.906 | dist 4.621 | ETA 1322.8h
step   8330 | T=4 | loss 10.0827 | lr 3.00e-04 | grad 3.08 | 3.2k tok/s (avg 2.1k) | cert 0.47→0.61 | ticks [5.031 4.250 4.312 4.406] | Δticks -0.625 | dist 6.134 | ETA 1322.3h
step   8340 | T=4 | loss 9.8995 | lr 3.00e-04 | grad 1.98 | 1.8k tok/s (avg 2.1k) | cert 0.32→0.54 | ticks [6.688 6.156 6.000 5.969] | Δticks -0.719 | dist 4.146 | ETA 1322.5h
step   8350 | T=4 | loss 11.3989 | lr 3.00e-04 | grad 1.98 | 3.2k tok/s (avg 2.1k) | cert 0.36→0.52 | ticks [5.844 5.094 5.094 5.125] | Δticks -0.719 | dist 6.626 | ETA 1322.0h
step   8360 | T=4 | loss 11.6000 | lr 3.00e-04 | grad 2.14 | 1.8k tok/s (avg 2.1k) | cert 0.49→0.64 | ticks [5.438 4.344 4.469 4.812] | Δticks -0.625 | dist 7.186 | ETA 1322.3h
step   8370 | T=4 | loss 9.6861 | lr 3.00e-04 | grad 2.30 | 1.8k tok/s (avg 2.1k) | cert 0.48→0.61 | ticks [5.438 4.625 4.594 4.531] | Δticks -0.906 | dist 5.536 | ETA 1322.5h
step   8380 | T=4 | loss 10.4104 | lr 3.00e-04 | grad 2.30 | 3.2k tok/s (avg 2.1k) | cert 0.25→0.47 | ticks [6.719 5.844 5.781 5.875] | Δticks -0.844 | dist 4.912 | ETA 1322.0h
step   8390 | T=4 | loss 14.9684 | lr 3.00e-04 | grad 2.56 | 1.8k tok/s (avg 2.1k) | cert 0.58→0.57 | ticks [5.031 4.656 4.656 4.656] | Δticks -0.375 | dist 10.632 | ETA 1322.3h
step   8400 | T=4 | loss 10.3822 | lr 3.00e-04 | grad 2.72 | 1.8k tok/s (avg 2.1k) | cert 0.31→0.54 | ticks [6.375 5.969 6.000 5.938] | Δticks -0.438 | dist 4.897 | ETA 1322.5h
step   8410 | T=4 | loss 12.2910 | lr 3.00e-04 | grad 2.72 | 3.2k tok/s (avg 2.1k) | cert 0.21→0.46 | ticks [8.438 7.750 7.562 7.656] | Δticks -0.781 | dist 5.033 | ETA 1322.0h
step   8420 | T=4 | loss 7.3302 | lr 3.00e-04 | grad 2.45 | 1.9k tok/s (avg 2.1k) | cert 0.49→0.62 | ticks [4.875 4.125 4.062 4.031] | Δticks -0.844 | dist 3.643 | ETA 1322.3h
step   8430 | T=4 | loss 9.5914 | lr 3.00e-04 | grad 2.45 | 3.2k tok/s (avg 2.2k) | cert 0.22→0.50 | ticks [7.688 6.750 6.688 6.656] | Δticks -1.031 | dist 3.358 | ETA 1321.8h
step   8440 | T=4 | loss 8.9932 | lr 3.00e-04 | grad 1.67 | 1.8k tok/s (avg 2.1k) | cert 0.39→0.58 | ticks [5.844 4.844 4.844 4.875] | Δticks -0.969 | dist 4.568 | ETA 1322.0h
step   8450 | T=4 | loss 7.5979 | lr 3.00e-04 | grad 2.98 | 1.8k tok/s (avg 2.1k) | cert 0.37→0.62 | ticks [5.000 4.344 4.094 4.062] | Δticks -0.938 | dist 3.864 | ETA 1322.3h
step   8460 | T=4 | loss 9.8648 | lr 3.00e-04 | grad 2.98 | 3.2k tok/s (avg 2.2k) | cert 0.52→0.61 | ticks [5.156 4.469 4.406 4.469] | Δticks -0.688 | dist 5.805 | ETA 1321.8h
step   8470 | T=4 | loss 7.7988 | lr 3.00e-04 | grad 1.77 | 1.8k tok/s (avg 2.1k) | cert 0.47→0.61 | ticks [5.250 4.594 4.500 4.469] | Δticks -0.781 | dist 3.723 | ETA 1322.0h
step   8480 | T=4 | loss 8.8342 | lr 3.00e-04 | grad 1.88 | 1.9k tok/s (avg 2.1k) | cert 0.28→0.48 | ticks [7.000 6.125 6.062 6.219] | Δticks -0.781 | dist 3.110 | ETA 1322.3h
step   8490 | T=4 | loss 11.0906 | lr 3.00e-04 | grad 1.88 | 3.2k tok/s (avg 2.2k) | cert 0.52→0.57 | ticks [5.500 4.906 4.906 4.906] | Δticks -0.594 | dist 6.592 | ETA 1321.8h
step   8500 | T=4 | loss 7.8939 | lr 3.00e-04 | grad 1.49 | 1.8k tok/s (avg 2.1k) | cert 0.47→0.61 | ticks [4.688 4.125 3.828 3.938] | Δticks -0.750 | dist 4.275 | ETA 1322.1h
step   8510 | T=4 | loss 6.4568 | lr 3.00e-04 | grad 1.49 | 3.2k tok/s (avg 2.2k) | cert 0.41→0.61 | ticks [5.000 4.156 3.906 3.922] | Δticks -1.078 | dist 2.904 | ETA 1321.6h
step   8520 | T=4 | loss 8.5703 | lr 3.00e-04 | grad 2.14 | 1.8k tok/s (avg 2.2k) | cert 0.33→0.59 | ticks [5.656 4.812 4.500 4.562] | Δticks -1.094 | dist 4.355 | ETA 1321.8h
step   8530 | T=4 | loss 8.2651 | lr 3.00e-04 | grad 1.99 | 1.8k tok/s (avg 2.1k) | cert 0.40→0.61 | ticks [5.031 4.312 4.219 4.281] | Δticks -0.750 | dist 4.419 | ETA 1322.1h
step   8540 | T=4 | loss 15.5128 | lr 3.00e-04 | grad 1.99 | 3.2k tok/s (avg 2.2k) | cert 0.52→0.59 | ticks [4.562 4.406 4.281 4.312] | Δticks -0.250 | dist 11.689 | ETA 1321.6h
step   8550 | T=4 | loss 8.0171 | lr 3.00e-04 | grad 2.50 | 1.8k tok/s (avg 2.2k) | cert 0.35→0.59 | ticks [5.250 4.406 4.438 4.375] | Δticks -0.875 | dist 3.980 | ETA 1321.8h
step   8560 | T=4 | loss 6.9895 | lr 3.00e-04 | grad 1.71 | 1.8k tok/s (avg 2.1k) | cert 0.36→0.61 | ticks [5.000 4.344 4.125 4.062] | Δticks -0.938 | dist 3.239 | ETA 1322.1h
step   8570 | T=4 | loss 9.7952 | lr 3.00e-04 | grad 1.71 | 3.2k tok/s (avg 2.2k) | cert 0.30→0.54 | ticks [7.094 6.312 6.156 6.188] | Δticks -0.906 | dist 3.940 | ETA 1321.6h
step   8580 | T=4 | loss 7.0980 | lr 3.00e-04 | grad 2.09 | 1.8k tok/s (avg 2.2k) | cert 0.46→0.62 | ticks [4.562 3.953 3.750 3.797] | Δticks -0.766 | dist 3.612 | ETA 1321.8h
step   8590 | T=4 | loss 13.3287 | lr 3.00e-04 | grad 2.09 | 3.2k tok/s (avg 2.2k) | cert 0.50→0.58 | ticks [5.594 5.062 4.844 4.844] | Δticks -0.750 | dist 8.725 | ETA 1321.3h
step   8600 | T=4 | loss 9.9328 | lr 3.00e-04 | grad 1.76 | 1.8k tok/s (avg 2.2k) | cert 0.54→0.59 | ticks [5.500 4.781 5.000 4.844] | Δticks -0.656 | dist 5.341 | ETA 1321.6h
step   8610 | T=4 | loss 7.2912 | lr 3.00e-04 | grad 2.03 | 1.8k tok/s (avg 2.2k) | cert 0.36→0.60 | ticks [5.031 4.094 3.906 3.812] | Δticks -1.219 | dist 3.742 | ETA 1321.8h
step   8620 | T=4 | loss 10.4559 | lr 3.00e-04 | grad 2.03 | 3.2k tok/s (avg 2.2k) | cert 0.29→0.50 | ticks [6.500 5.625 5.531 5.594] | Δticks -0.906 | dist 5.249 | ETA 1321.3h
step   8630 | T=4 | loss 12.5208 | lr 3.00e-04 | grad 1.73 | 1.8k tok/s (avg 2.2k) | cert 0.53→0.58 | ticks [4.938 4.375 4.438 4.375] | Δticks -0.562 | dist 8.419 | ETA 1321.6h
step   8640 | T=4 | loss 9.4688 | lr 3.00e-04 | grad 1.73 | 1.8k tok/s (avg 2.1k) | cert 0.40→0.61 | ticks [5.250 4.562 4.500 4.500] | Δticks -0.750 | dist 5.357 | ETA 1321.9h
step   8650 | T=4 | loss 8.5944 | lr 3.00e-04 | grad 1.73 | 3.2k tok/s (avg 2.2k) | cert 0.41→0.63 | ticks [4.562 4.000 4.000 3.844] | Δticks -0.719 | dist 5.083 | ETA 1321.4h
step   8660 | T=4 | loss 9.5140 | lr 3.00e-04 | grad 1.77 | 1.8k tok/s (avg 2.2k) | cert 0.34→0.59 | ticks [5.281 4.531 4.500 4.406] | Δticks -0.875 | dist 5.376 | ETA 1321.6h
step   8670 | T=4 | loss 10.0490 | lr 3.00e-04 | grad 1.77 | 3.2k tok/s (avg 2.2k) | cert 0.41→0.58 | ticks [5.688 5.062 5.000 4.938] | Δticks -0.750 | dist 5.415 | ETA 1321.1h
step   8680 | T=4 | loss 8.9248 | lr 3.00e-04 | grad 1.50 | 1.8k tok/s (avg 2.2k) | cert 0.58→0.65 | ticks [4.219 3.766 3.719 3.719] | Δticks -0.500 | dist 5.588 | ETA 1321.4h
step   8690 | T=4 | loss 8.6281 | lr 3.00e-04 | grad 1.84 | 1.8k tok/s (avg 2.2k) | cert 0.49→0.59 | ticks [5.188 4.312 4.312 4.312] | Δticks -0.875 | dist 4.663 | ETA 1321.7h
step   8700 | T=4 | loss 7.4628 | lr 3.00e-04 | grad 1.84 | 3.2k tok/s (avg 2.2k) | cert 0.34→0.58 | ticks [5.125 4.469 4.250 4.375] | Δticks -0.750 | dist 3.541 | ETA 1321.2h
step   8710 | T=4 | loss 7.5211 | lr 3.00e-04 | grad 1.80 | 1.9k tok/s (avg 2.2k) | cert 0.37→0.53 | ticks [5.594 4.781 4.719 4.750] | Δticks -0.844 | dist 3.122 | ETA 1321.4h
step   8720 | T=4 | loss 8.7956 | lr 3.00e-04 | grad 1.83 | 1.8k tok/s (avg 2.2k) | cert 0.34→0.51 | ticks [5.750 4.906 4.969 4.969] | Δticks -0.781 | dist 4.145 | ETA 1321.7h
step   8730 | T=4 | loss 9.8958 | lr 3.00e-04 | grad 1.83 | 3.2k tok/s (avg 2.2k) | cert 0.49→0.59 | ticks [4.500 3.938 4.031 4.031] | Δticks -0.469 | dist 6.259 | ETA 1321.2h
step   8740 | T=4 | loss 9.7700 | lr 3.00e-04 | grad 1.63 | 1.8k tok/s (avg 2.2k) | cert 0.26→0.52 | ticks [6.062 5.188 5.062 5.156] | Δticks -0.906 | dist 5.112 | ETA 1321.4h
step   8750 | T=4 | loss 10.8655 | lr 3.00e-04 | grad 1.63 | 3.2k tok/s (avg 2.2k) | cert 0.21→0.43 | ticks [7.531 6.875 6.750 6.719] | Δticks -0.812 | dist 4.471 | ETA 1320.9h
step   8760 | T=4 | loss 10.3549 | lr 3.00e-04 | grad 1.73 | 1.8k tok/s (avg 2.2k) | cert 0.43→0.58 | ticks [5.500 4.719 4.562 4.594] | Δticks -0.906 | dist 6.081 | ETA 1321.2h
step   8770 | T=4 | loss 11.8830 | lr 3.00e-04 | grad 2.08 | 1.9k tok/s (avg 2.2k) | cert 0.50→0.58 | ticks [5.094 4.438 4.312 4.250] | Δticks -0.844 | dist 7.880 | ETA 1321.4h
step   8780 | T=4 | loss 8.2720 | lr 3.00e-04 | grad 2.08 | 3.2k tok/s (avg 2.2k) | cert 0.32→0.54 | ticks [4.969 4.500 4.562 4.500] | Δticks -0.469 | dist 4.151 | ETA 1320.9h
step   8790 | T=4 | loss 11.1079 | lr 3.00e-04 | grad 2.27 | 1.8k tok/s (avg 2.2k) | cert 0.25→0.47 | ticks [7.438 6.688 6.781 6.781] | Δticks -0.656 | dist 4.736 | ETA 1321.2h
step   8800 | T=4 | loss 10.3074 | lr 3.00e-04 | grad 1.91 | 1.8k tok/s (avg 2.2k) | cert 0.54→0.65 | ticks [4.500 3.984 3.922 4.125] | Δticks -0.375 | dist 6.566 | ETA 1321.4h
step   8810 | T=4 | loss 8.2813 | lr 3.00e-04 | grad 1.91 | 3.2k tok/s (avg 2.2k) | cert 0.50→0.62 | ticks [4.812 4.188 4.219 4.156] | Δticks -0.656 | dist 4.605 | ETA 1320.9h
step   8820 | T=4 | loss 8.6505 | lr 3.00e-04 | grad 1.95 | 1.8k tok/s (avg 2.2k) | cert 0.22→0.49 | ticks [7.344 6.344 6.281 6.312] | Δticks -1.031 | dist 2.763 | ETA 1321.2h
step   8830 | T=4 | loss 9.7314 | lr 3.00e-04 | grad 1.95 | 3.2k tok/s (avg 2.2k) | cert 0.33→0.53 | ticks [6.469 5.406 5.406 5.500] | Δticks -0.969 | dist 4.556 | ETA 1320.7h
step   8840 | T=4 | loss 7.3094 | lr 3.00e-04 | grad 1.92 | 1.8k tok/s (avg 2.2k) | cert 0.44→0.62 | ticks [4.469 3.922 3.891 3.859] | Δticks -0.609 | dist 3.839 | ETA 1321.0h
step   8850 | T=4 | loss 12.3619 | lr 3.00e-04 | grad 1.56 | 1.8k tok/s (avg 2.2k) | cert 0.45→0.58 | ticks [5.438 4.844 4.844 4.812] | Δticks -0.625 | dist 7.907 | ETA 1321.2h
step   8860 | T=4 | loss 8.6178 | lr 3.00e-04 | grad 1.56 | 3.2k tok/s (avg 2.2k) | cert 0.51→0.57 | ticks [4.969 4.469 4.531 4.438] | Δticks -0.531 | dist 4.430 | ETA 1320.7h
step   8870 | T=4 | loss 7.7798 | lr 3.00e-04 | grad 1.55 | 1.8k tok/s (avg 2.2k) | cert 0.56→0.63 | ticks [4.219 3.703 3.781 3.703] | Δticks -0.516 | dist 4.508 | ETA 1321.0h
step   8880 | T=4 | loss 10.1215 | lr 3.00e-04 | grad 2.34 | 1.8k tok/s (avg 2.2k) | cert 0.59→0.61 | ticks [5.000 4.625 4.500 4.469] | Δticks -0.531 | dist 6.029 | ETA 1321.2h
step   8890 | T=4 | loss 8.3524 | lr 3.00e-04 | grad 2.34 | 3.2k tok/s (avg 2.2k) | cert 0.32→0.49 | ticks [6.312 5.625 5.594 5.531] | Δticks -0.781 | dist 3.084 | ETA 1320.7h
step   8900 | T=4 | loss 9.0424 | lr 3.00e-04 | grad 2.19 | 1.8k tok/s (avg 2.2k) | cert 0.48→0.59 | ticks [4.906 4.625 4.438 4.375] | Δticks -0.531 | dist 4.961 | ETA 1321.0h
step   8910 | T=4 | loss 8.6907 | lr 3.00e-04 | grad 2.19 | 3.1k tok/s (avg 2.2k) | cert 0.57→0.58 | ticks [4.906 4.594 4.500 4.438] | Δticks -0.469 | dist 4.548 | ETA 1320.5h
step   8920 | T=4 | loss 8.4028 | lr 3.00e-04 | grad 2.20 | 1.8k tok/s (avg 2.2k) | cert 0.48→0.64 | ticks [4.375 3.641 3.547 3.578] | Δticks -0.797 | dist 5.204 | ETA 1320.8h
step   8930 | T=4 | loss 7.6770 | lr 3.00e-04 | grad 2.03 | 1.8k tok/s (avg 2.2k) | cert 0.43→0.63 | ticks [4.500 4.062 3.766 3.781] | Δticks -0.719 | dist 4.227 | ETA 1321.0h
step   8940 | T=4 | loss 10.8893 | lr 3.00e-04 | grad 2.03 | 3.2k tok/s (avg 2.2k) | cert 0.47→0.57 | ticks [6.156 5.156 5.219 5.156] | Δticks -1.000 | dist 5.978 | ETA 1320.5h
step   8950 | T=4 | loss 11.0430 | lr 3.00e-04 | grad 1.71 | 1.8k tok/s (avg 2.2k) | cert 0.59→0.59 | ticks [4.688 4.406 4.500 4.469] | Δticks -0.219 | dist 6.969 | ETA 1320.8h
step   8960 | T=4 | loss 12.0210 | lr 3.00e-04 | grad 1.70 | 1.8k tok/s (avg 2.2k) | cert 0.46→0.56 | ticks [5.094 4.656 4.594 4.406] | Δticks -0.688 | dist 7.824 | ETA 1321.0h
step   8970 | T=4 | loss 14.3868 | lr 3.00e-04 | grad 1.70 | 3.2k tok/s (avg 2.2k) | cert 0.38→0.48 | ticks [5.812 5.562 5.625 5.562] | Δticks -0.250 | dist 9.063 | ETA 1320.5h
step   8980 | T=4 | loss 9.0625 | lr 3.00e-04 | grad 1.93 | 1.8k tok/s (avg 2.2k) | cert 0.33→0.54 | ticks [5.812 5.188 5.156 5.062] | Δticks -0.750 | dist 4.263 | ETA 1320.8h
step   8990 | T=4 | loss 8.2784 | lr 3.00e-04 | grad 1.93 | 3.2k tok/s (avg 2.2k) | cert 0.40→0.60 | ticks [4.938 4.562 4.438 4.375] | Δticks -0.562 | dist 4.283 | ETA 1320.3h
step   9000 | T=4 | loss 9.4715 | lr 3.00e-04 | grad 1.96 | 1.8k tok/s (avg 2.2k) | cert 0.38→0.53 | ticks [6.312 5.906 5.781 5.750] | Δticks -0.562 | dist 4.055 | ETA 1320.6h
[CachedTeacherDataset/eval] 9 shards (of 199 total) under teacher_cache/phase1 | seq_len=512 top_k=128
  >>> val @ step 9000:
  T=4 | CE=4.5596 | PPL=95.54 | top1=23.4% | top5=43.2% | (25600 tok)
step   9010 | T=4 | loss 9.5548 | lr 3.00e-04 | grad 3.02 | 0.8k tok/s (avg 2.1k) | cert 0.29→0.52 | ticks [6.844 6.125 6.000 6.031] | Δticks -0.812 | dist 3.887 | ETA 1323.0h
step   9020 | T=4 | loss 9.8565 | lr 3.00e-04 | grad 3.02 | 3.2k tok/s (avg 2.1k) | cert 0.43→0.61 | ticks [4.969 4.094 4.000 4.031] | Δticks -0.938 | dist 6.177 | ETA 1322.5h
step   9030 | T=4 | loss 8.6688 | lr 3.00e-04 | grad 1.99 | 1.9k tok/s (avg 2.1k) | cert 0.27→0.54 | ticks [6.031 5.094 5.094 5.125] | Δticks -0.906 | dist 3.903 | ETA 1322.8h
step   9040 | T=4 | loss 9.4719 | lr 3.00e-04 | grad 2.06 | 1.9k tok/s (avg 2.1k) | cert 0.53→0.63 | ticks [4.812 4.156 4.156 4.125] | Δticks -0.688 | dist 5.742 | ETA 1323.0h
step   9050 | T=4 | loss 11.8293 | lr 3.00e-04 | grad 2.06 | 3.2k tok/s (avg 2.1k) | cert 0.57→0.62 | ticks [4.625 4.344 4.250 4.250] | Δticks -0.375 | dist 7.915 | ETA 1322.5h
step   9060 | T=4 | loss 7.9285 | lr 3.00e-04 | grad 1.60 | 1.9k tok/s (avg 2.1k) | cert 0.37→0.57 | ticks [5.531 4.906 4.781 4.812] | Δticks -0.719 | dist 3.534 | ETA 1322.7h
step   9070 | T=4 | loss 7.9861 | lr 3.00e-04 | grad 1.60 | 3.2k tok/s (avg 2.1k) | cert 0.50→0.61 | ticks [4.656 3.969 3.812 3.891] | Δticks -0.766 | dist 4.523 | ETA 1322.3h
step   9080 | T=4 | loss 10.1464 | lr 3.00e-04 | grad 3.09 | 1.8k tok/s (avg 2.1k) | cert 0.63→0.62 | ticks [4.500 4.062 3.984 3.984] | Δticks -0.516 | dist 6.456 | ETA 1322.5h
step   9090 | T=4 | loss 7.3279 | lr 3.00e-04 | grad 1.79 | 1.9k tok/s (avg 2.1k) | cert 0.52→0.61 | ticks [4.281 3.578 3.484 3.531] | Δticks -0.750 | dist 4.094 | ETA 1322.7h
step   9100 | T=4 | loss 9.7118 | lr 3.00e-04 | grad 1.79 | 3.2k tok/s (avg 2.1k) | cert 0.50→0.62 | ticks [5.125 4.469 4.438 4.406] | Δticks -0.719 | dist 5.644 | ETA 1322.3h
step   9110 | T=4 | loss 13.7677 | lr 3.00e-04 | grad 1.83 | 1.8k tok/s (avg 2.1k) | cert 0.52→0.59 | ticks [5.875 5.062 5.125 4.781] | Δticks -1.094 | dist 9.099 | ETA 1322.5h
step   9120 | T=4 | loss 9.8786 | lr 3.00e-04 | grad 4.25 | 1.8k tok/s (avg 2.1k) | cert 0.38→0.57 | ticks [5.250 4.562 4.688 4.562] | Δticks -0.688 | dist 5.590 | ETA 1322.8h
step   9130 | T=4 | loss 7.5335 | lr 3.00e-04 | grad 4.25 | 3.2k tok/s (avg 2.1k) | cert 0.31→0.52 | ticks [5.250 4.562 4.625 4.562] | Δticks -0.688 | dist 3.352 | ETA 1322.3h
step   9140 | T=4 | loss 9.5399 | lr 3.00e-04 | grad 2.86 | 1.8k tok/s (avg 2.1k) | cert 0.27→0.54 | ticks [7.000 5.812 5.844 5.812] | Δticks -1.188 | dist 4.052 | ETA 1322.5h
step   9150 | T=4 | loss 9.3016 | lr 3.00e-04 | grad 2.86 | 3.2k tok/s (avg 2.1k) | cert 0.28→0.51 | ticks [6.219 5.438 5.438 5.375] | Δticks -0.844 | dist 4.260 | ETA 1322.1h
step   9160 | T=4 | loss 6.9219 | lr 3.00e-04 | grad 3.72 | 1.9k tok/s (avg 2.1k) | cert 0.48→0.61 | ticks [4.656 4.000 3.938 3.969] | Δticks -0.688 | dist 3.363 | ETA 1322.3h
step   9170 | T=4 | loss 8.7037 | lr 3.00e-04 | grad 2.31 | 1.8k tok/s (avg 2.1k) | cert 0.32→0.53 | ticks [6.688 6.031 5.906 6.000] | Δticks -0.688 | dist 3.121 | ETA 1322.5h
step   9180 | T=4 | loss 13.0910 | lr 3.00e-04 | grad 2.31 | 3.2k tok/s (avg 2.1k) | cert 0.64→0.60 | ticks [4.531 4.219 4.219 4.188] | Δticks -0.344 | dist 9.262 | ETA 1322.1h
step   9190 | T=4 | loss 8.6682 | lr 3.00e-04 | grad 3.84 | 1.8k tok/s (avg 2.1k) | cert 0.47→0.58 | ticks [5.406 5.156 5.219 5.156] | Δticks -0.250 | dist 3.928 | ETA 1322.3h
step   9200 | T=4 | loss 9.5968 | lr 3.00e-04 | grad 3.95 | 1.8k tok/s (avg 2.1k) | cert 0.42→0.61 | ticks [5.000 4.656 4.406 4.375] | Δticks -0.625 | dist 5.605 | ETA 1322.6h
step   9210 | T=4 | loss 7.3283 | lr 3.00e-04 | grad 3.95 | 3.2k tok/s (avg 2.1k) | cert 0.34→0.59 | ticks [5.312 4.406 4.312 4.188] | Δticks -1.125 | dist 3.441 | ETA 1322.1h
step   9220 | T=4 | loss 8.2008 | lr 3.00e-04 | grad 1.78 | 1.8k tok/s (avg 2.1k) | cert 0.50→0.62 | ticks [4.875 4.156 4.188 4.156] | Δticks -0.719 | dist 4.351 | ETA 1322.3h
step   9230 | T=4 | loss 9.9709 | lr 3.00e-04 | grad 1.78 | 3.2k tok/s (avg 2.1k) | cert 0.28→0.56 | ticks [6.906 5.781 5.688 5.688] | Δticks -1.219 | dist 4.682 | ETA 1321.9h
step   9240 | T=4 | loss 13.5574 | lr 3.00e-04 | grad 3.38 | 1.8k tok/s (avg 2.1k) | cert 0.60→0.66 | ticks [4.500 4.031 4.188 4.094] | Δticks -0.406 | dist 9.984 | ETA 1322.1h
step   9250 | T=4 | loss 8.3896 | lr 3.00e-04 | grad 4.25 | 1.8k tok/s (avg 2.1k) | cert 0.44→0.59 | ticks [5.312 4.812 4.438 4.656] | Δticks -0.656 | dist 4.181 | ETA 1322.3h
step   9260 | T=4 | loss 10.0238 | lr 3.00e-04 | grad 4.25 | 3.2k tok/s (avg 2.1k) | cert 0.41→0.59 | ticks [5.875 4.812 4.719 4.719] | Δticks -1.156 | dist 5.625 | ETA 1321.9h
step   9270 | T=4 | loss 8.4504 | lr 3.00e-04 | grad 3.30 | 1.8k tok/s (avg 2.1k) | cert 0.22→0.52 | ticks [6.688 5.656 5.594 5.594] | Δticks -1.094 | dist 3.219 | ETA 1322.1h
step   9280 | T=4 | loss 9.0632 | lr 3.00e-04 | grad 1.84 | 1.8k tok/s (avg 2.1k) | cert 0.63→0.63 | ticks [4.531 4.031 4.094 3.953] | Δticks -0.578 | dist 5.507 | ETA 1322.3h
step   9290 | T=4 | loss 9.7104 | lr 3.00e-04 | grad 1.84 | 3.2k tok/s (avg 2.1k) | cert 0.33→0.55 | ticks [6.625 6.031 5.875 5.938] | Δticks -0.688 | dist 4.241 | ETA 1321.9h
step   9300 | T=4 | loss 10.5522 | lr 3.00e-04 | grad 2.75 | 1.8k tok/s (avg 2.1k) | cert 0.41→0.54 | ticks [5.719 5.219 5.094 5.031] | Δticks -0.688 | dist 5.796 | ETA 1322.1h
step   9310 | T=4 | loss 7.9505 | lr 3.00e-04 | grad 2.75 | 3.2k tok/s (avg 2.2k) | cert 0.50→0.63 | ticks [4.688 4.188 4.031 4.062] | Δticks -0.625 | dist 4.284 | ETA 1321.7h
step   9320 | T=4 | loss 9.2238 | lr 3.00e-04 | grad 2.27 | 1.8k tok/s (avg 2.1k) | cert 0.22→0.49 | ticks [6.812 5.969 5.906 5.875] | Δticks -0.938 | dist 3.704 | ETA 1321.9h
step   9330 | T=4 | loss 8.5758 | lr 3.00e-04 | grad 2.25 | 1.8k tok/s (avg 2.1k) | cert 0.43→0.64 | ticks [5.219 4.312 4.188 4.312] | Δticks -0.906 | dist 4.745 | ETA 1322.1h
step   9340 | T=4 | loss 6.0540 | lr 3.00e-04 | grad 2.25 | 3.2k tok/s (avg 2.2k) | cert 0.25→0.57 | ticks [5.781 4.375 4.219 4.219] | Δticks -1.562 | dist 2.152 | ETA 1321.7h
step   9350 | T=4 | loss 9.4309 | lr 3.00e-04 | grad 2.61 | 1.8k tok/s (avg 2.1k) | cert 0.30→0.52 | ticks [6.062 5.188 5.250 5.188] | Δticks -0.875 | dist 4.521 | ETA 1321.9h
step   9360 | T=4 | loss 9.5746 | lr 3.00e-04 | grad 2.36 | 1.8k tok/s (avg 2.1k) | cert 0.64→0.65 | ticks [4.688 4.750 4.438 4.188] | Δticks -0.500 | dist 5.591 | ETA 1322.1h
step   9370 | T=4 | loss 12.5793 | lr 3.00e-04 | grad 2.36 | 3.2k tok/s (avg 2.2k) | cert 0.68→0.64 | ticks [4.500 4.500 4.312 4.250] | Δticks -0.250 | dist 8.772 | ETA 1321.7h
step   9380 | T=4 | loss 11.0805 | lr 3.00e-04 | grad 3.28 | 1.8k tok/s (avg 2.1k) | cert 0.49→0.60 | ticks [5.125 5.000 5.000 4.875] | Δticks -0.250 | dist 6.596 | ETA 1321.9h
step   9390 | T=4 | loss 9.1197 | lr 3.00e-04 | grad 3.28 | 3.2k tok/s (avg 2.2k) | cert 0.41→0.57 | ticks [5.031 4.344 4.188 4.219] | Δticks -0.812 | dist 5.141 | ETA 1321.5h
step   9400 | T=4 | loss 7.8107 | lr 3.00e-04 | grad 2.36 | 1.8k tok/s (avg 2.2k) | cert 0.37→0.60 | ticks [5.656 4.812 4.688 4.719] | Δticks -0.938 | dist 3.513 | ETA 1321.7h
step   9410 | T=4 | loss 8.6142 | lr 3.00e-04 | grad 2.44 | 1.9k tok/s (avg 2.1k) | cert 0.34→0.54 | ticks [6.625 5.750 5.625 5.656] | Δticks -0.969 | dist 3.342 | ETA 1321.9h
step   9420 | T=4 | loss 10.1186 | lr 3.00e-04 | grad 2.44 | 3.2k tok/s (avg 2.2k) | cert 0.29→0.49 | ticks [6.500 5.656 5.688 5.781] | Δticks -0.719 | dist 4.903 | ETA 1321.5h
step   9430 | T=4 | loss 7.0732 | lr 3.00e-04 | grad 3.70 | 1.8k tok/s (avg 2.2k) | cert 0.23→0.56 | ticks [5.781 4.312 4.188 4.188] | Δticks -1.594 | dist 3.182 | ETA 1321.7h
step   9440 | T=4 | loss 9.3233 | lr 3.00e-04 | grad 3.97 | 1.8k tok/s (avg 2.1k) | cert 0.31→0.54 | ticks [6.250 5.250 5.031 5.031] | Δticks -1.219 | dist 4.717 | ETA 1321.9h
step   9450 | T=4 | loss 9.3979 | lr 3.00e-04 | grad 3.97 | 3.2k tok/s (avg 2.2k) | cert 0.46→0.64 | ticks [5.344 4.656 4.688 4.719] | Δticks -0.625 | dist 5.054 | ETA 1321.5h
step   9460 | T=4 | loss 9.1511 | lr 3.00e-04 | grad 1.92 | 1.8k tok/s (avg 2.2k) | cert 0.29→0.53 | ticks [7.156 5.844 5.750 5.688] | Δticks -1.469 | dist 3.699 | ETA 1321.7h
step   9470 | T=4 | loss 9.1054 | lr 3.00e-04 | grad 1.92 | 3.2k tok/s (avg 2.2k) | cert 0.45→0.59 | ticks [5.625 4.906 4.969 4.938] | Δticks -0.688 | dist 4.457 | ETA 1321.2h
step   9480 | T=4 | loss 9.4253 | lr 3.00e-04 | grad 3.62 | 1.8k tok/s (avg 2.2k) | cert 0.49→0.61 | ticks [5.281 4.719 4.625 4.781] | Δticks -0.500 | dist 5.162 | ETA 1321.5h
step   9490 | T=4 | loss 10.8331 | lr 3.00e-04 | grad 2.42 | 1.8k tok/s (avg 2.2k) | cert 0.41→0.57 | ticks [5.594 5.125 5.062 5.031] | Δticks -0.562 | dist 6.227 | ETA 1321.7h
step   9500 | T=4 | loss 8.2309 | lr 3.00e-04 | grad 2.42 | 3.2k tok/s (avg 2.2k) | cert 0.44→0.60 | ticks [4.688 4.250 4.094 4.281] | Δticks -0.406 | dist 4.622 | ETA 1321.3h
step   9510 | T=4 | loss 10.8163 | lr 3.00e-04 | grad 1.82 | 1.8k tok/s (avg 2.2k) | cert 0.33→0.57 | ticks [5.781 4.906 4.844 4.969] | Δticks -0.812 | dist 6.241 | ETA 1321.5h
step   9520 | T=4 | loss 7.6355 | lr 3.00e-04 | grad 2.22 | 1.8k tok/s (avg 2.2k) | cert 0.62→0.66 | ticks [4.219 4.125 3.875 3.891] | Δticks -0.328 | dist 4.010 | ETA 1321.7h
step   9530 | T=4 | loss 8.4473 | lr 3.00e-04 | grad 2.22 | 3.2k tok/s (avg 2.2k) | cert 0.62→0.63 | ticks [4.062 3.531 3.484 3.484] | Δticks -0.578 | dist 5.428 | ETA 1321.3h
step   9540 | T=4 | loss 9.4457 | lr 3.00e-04 | grad 1.93 | 1.8k tok/s (avg 2.2k) | cert 0.39→0.53 | ticks [6.688 6.062 6.000 5.844] | Δticks -0.844 | dist 3.868 | ETA 1321.5h
step   9550 | T=4 | loss 8.0306 | lr 3.00e-04 | grad 1.93 | 3.2k tok/s (avg 2.2k) | cert 0.41→0.57 | ticks [5.344 4.469 4.375 4.469] | Δticks -0.875 | dist 3.964 | ETA 1321.0h
step   9560 | T=4 | loss 9.0764 | lr 3.00e-04 | grad 2.30 | 1.8k tok/s (avg 2.2k) | cert 0.37→0.51 | ticks [6.281 5.562 5.594 5.469] | Δticks -0.812 | dist 3.934 | ETA 1321.3h
step   9570 | T=4 | loss 10.2062 | lr 3.00e-04 | grad 1.94 | 1.8k tok/s (avg 2.2k) | cert 0.37→0.54 | ticks [6.062 5.094 5.094 5.125] | Δticks -0.938 | dist 5.498 | ETA 1321.5h
step   9580 | T=4 | loss 8.2205 | lr 3.00e-04 | grad 1.94 | 3.2k tok/s (avg 2.2k) | cert 0.54→0.65 | ticks [4.875 3.984 3.719 3.828] | Δticks -1.047 | dist 4.694 | ETA 1321.1h
step   9590 | T=4 | loss 9.6129 | lr 3.00e-04 | grad 2.28 | 1.9k tok/s (avg 2.2k) | cert 0.38→0.57 | ticks [5.500 4.719 4.625 4.500] | Δticks -1.000 | dist 5.378 | ETA 1321.3h
step   9600 | T=4 | loss 8.9194 | lr 3.00e-04 | grad 2.03 | 1.9k tok/s (avg 2.2k) | cert 0.47→0.58 | ticks [5.750 4.969 5.000 5.094] | Δticks -0.656 | dist 4.269 | ETA 1321.5h
step   9610 | T=4 | loss 9.2306 | lr 3.00e-04 | grad 2.03 | 3.2k tok/s (avg 2.2k) | cert 0.31→0.51 | ticks [6.594 5.875 5.750 5.781] | Δticks -0.812 | dist 3.840 | ETA 1321.1h
step   9620 | T=4 | loss 7.7768 | lr 3.00e-04 | grad 1.81 | 1.8k tok/s (avg 2.2k) | cert 0.43→0.63 | ticks [4.969 4.344 4.219 4.094] | Δticks -0.875 | dist 3.972 | ETA 1321.3h
step   9630 | T=4 | loss 11.2930 | lr 3.00e-04 | grad 1.81 | 3.2k tok/s (avg 2.2k) | cert 0.48→0.62 | ticks [4.938 4.562 4.469 4.375] | Δticks -0.562 | dist 7.353 | ETA 1320.8h
step   9640 | T=4 | loss 10.4606 | lr 3.00e-04 | grad 2.17 | 1.8k tok/s (avg 2.2k) | cert 0.21→0.48 | ticks [7.969 7.219 7.188 7.156] | Δticks -0.812 | dist 3.729 | ETA 1321.1h
step   9650 | T=4 | loss 11.7815 | lr 3.00e-04 | grad 1.91 | 1.9k tok/s (avg 2.2k) | cert 0.45→0.55 | ticks [5.594 5.312 5.188 5.062] | Δticks -0.531 | dist 7.053 | ETA 1321.3h
step   9660 | T=4 | loss 9.8249 | lr 3.00e-04 | grad 1.91 | 3.2k tok/s (avg 2.2k) | cert 0.51→0.61 | ticks [5.469 4.812 4.688 4.656] | Δticks -0.812 | dist 5.562 | ETA 1320.8h
step   9670 | T=4 | loss 9.8187 | lr 3.00e-04 | grad 2.16 | 1.8k tok/s (avg 2.2k) | cert 0.70→0.72 | ticks [3.656 3.500 3.547 3.578] | Δticks -0.078 | dist 6.895 | ETA 1321.1h
step   9680 | T=4 | loss 11.2752 | lr 3.00e-04 | grad 1.75 | 1.8k tok/s (avg 2.2k) | cert 0.71→0.71 | ticks [3.875 3.578 3.781 3.703] | Δticks -0.172 | dist 8.130 | ETA 1321.3h
step   9690 | T=4 | loss 8.3038 | lr 3.00e-04 | grad 1.75 | 3.2k tok/s (avg 2.2k) | cert 0.35→0.53 | ticks [5.969 5.375 5.312 5.219] | Δticks -0.750 | dist 3.281 | ETA 1320.9h
step   9700 | T=4 | loss 9.3084 | lr 3.00e-04 | grad 1.80 | 1.8k tok/s (avg 2.2k) | cert 0.50→0.59 | ticks [4.875 4.438 4.344 4.250] | Δticks -0.625 | dist 5.498 | ETA 1321.1h
step   9710 | T=4 | loss 8.1790 | lr 3.00e-04 | grad 1.80 | 3.2k tok/s (avg 2.2k) | cert 0.59→0.62 | ticks [4.438 3.812 3.875 3.703] | Δticks -0.734 | dist 4.726 | ETA 1320.6h
step   9720 | T=4 | loss 10.0802 | lr 3.00e-04 | grad 1.69 | 1.8k tok/s (avg 2.2k) | cert 0.60→0.62 | ticks [4.469 4.219 4.125 4.219] | Δticks -0.250 | dist 6.392 | ETA 1320.9h
step   9730 | T=4 | loss 9.6332 | lr 3.00e-04 | grad 2.64 | 1.8k tok/s (avg 2.2k) | cert 0.54→0.59 | ticks [4.906 4.438 4.281 4.281] | Δticks -0.625 | dist 5.633 | ETA 1321.1h
step   9740 | T=4 | loss 9.2173 | lr 3.00e-04 | grad 2.64 | 3.2k tok/s (avg 2.2k) | cert 0.32→0.52 | ticks [6.156 5.656 5.562 5.531] | Δticks -0.625 | dist 4.046 | ETA 1320.7h
step   9750 | T=4 | loss 10.1546 | lr 3.00e-04 | grad 1.80 | 1.8k tok/s (avg 2.2k) | cert 0.43→0.57 | ticks [4.938 4.312 4.375 4.344] | Δticks -0.594 | dist 6.180 | ETA 1320.9h
step   9760 | T=4 | loss 7.9926 | lr 3.00e-04 | grad 1.96 | 1.9k tok/s (avg 2.2k) | cert 0.40→0.59 | ticks [5.844 4.906 4.844 4.750] | Δticks -1.094 | dist 3.391 | ETA 1321.1h
step   9770 | T=4 | loss 10.7041 | lr 3.00e-04 | grad 1.96 | 3.2k tok/s (avg 2.2k) | cert 0.40→0.57 | ticks [5.750 5.094 5.094 5.031] | Δticks -0.719 | dist 6.004 | ETA 1320.7h
step   9780 | T=4 | loss 7.3252 | lr 3.00e-04 | grad 2.16 | 1.8k tok/s (avg 2.2k) | cert 0.37→0.55 | ticks [5.281 4.531 4.500 4.531] | Δticks -0.750 | dist 3.135 | ETA 1320.9h
step   9790 | T=4 | loss 10.0088 | lr 3.00e-04 | grad 2.16 | 3.2k tok/s (avg 2.2k) | cert 0.21→0.49 | ticks [6.969 5.781 5.656 5.625] | Δticks -1.344 | dist 4.752 | ETA 1320.4h
step   9800 | T=4 | loss 9.4563 | lr 3.00e-04 | grad 2.52 | 1.8k tok/s (avg 2.2k) | cert 0.38→0.58 | ticks [6.719 5.688 5.719 5.812] | Δticks -0.906 | dist 4.129 | ETA 1320.7h
step   9810 | T=4 | loss 10.0275 | lr 3.00e-04 | grad 1.78 | 1.8k tok/s (avg 2.2k) | cert 0.43→0.58 | ticks [5.281 4.656 4.625 4.562] | Δticks -0.719 | dist 5.829 | ETA 1320.9h
step   9820 | T=4 | loss 8.2755 | lr 3.00e-04 | grad 1.78 | 3.2k tok/s (avg 2.2k) | cert 0.50→0.61 | ticks [4.938 4.281 4.094 4.031] | Δticks -0.906 | dist 4.575 | ETA 1320.5h
step   9830 | T=4 | loss 9.0210 | lr 3.00e-04 | grad 1.57 | 1.9k tok/s (avg 2.2k) | cert 0.28→0.50 | ticks [7.000 6.438 6.344 6.406] | Δticks -0.594 | dist 3.093 | ETA 1320.7h
step   9840 | T=4 | loss 8.1629 | lr 3.00e-04 | grad 1.77 | 1.8k tok/s (avg 2.2k) | cert 0.46→0.62 | ticks [4.906 4.344 4.312 4.188] | Δticks -0.719 | dist 4.171 | ETA 1320.9h
step   9850 | T=4 | loss 9.5434 | lr 3.00e-04 | grad 1.77 | 3.2k tok/s (avg 2.2k) | cert 0.45→0.55 | ticks [5.156 4.781 4.812 4.750] | Δticks -0.406 | dist 5.148 | ETA 1320.5h
step   9860 | T=4 | loss 13.9648 | lr 3.00e-04 | grad 1.98 | 1.8k tok/s (avg 2.2k) | cert 0.30→0.52 | ticks [6.188 5.344 5.188 5.062] | Δticks -1.125 | dist 9.240 | ETA 1320.7h
step   9870 | T=4 | loss 8.4152 | lr 3.00e-04 | grad 1.98 | 3.2k tok/s (avg 2.2k) | cert 0.35→0.54 | ticks [6.812 5.688 5.719 5.750] | Δticks -1.062 | dist 3.041 | ETA 1320.3h
step   9880 | T=4 | loss 9.4090 | lr 3.00e-04 | grad 2.69 | 1.8k tok/s (avg 2.2k) | cert 0.19→0.41 | ticks [8.500 7.219 7.094 7.062] | Δticks -1.438 | dist 2.689 | ETA 1320.5h
step   9890 | T=4 | loss 10.3849 | lr 3.00e-04 | grad 1.84 | 1.8k tok/s (avg 2.2k) | cert 0.44→0.57 | ticks [5.594 4.969 4.969 5.000] | Δticks -0.594 | dist 5.738 | ETA 1320.7h
step   9900 | T=4 | loss 11.9002 | lr 3.00e-04 | grad 1.84 | 3.2k tok/s (avg 2.2k) | cert 0.30→0.57 | ticks [6.156 5.188 5.062 5.156] | Δticks -1.000 | dist 7.181 | ETA 1320.3h
step   9910 | T=4 | loss 7.9677 | lr 3.00e-04 | grad 2.52 | 1.8k tok/s (avg 2.2k) | cert 0.40→0.60 | ticks [4.875 4.312 4.125 4.125] | Δticks -0.750 | dist 4.214 | ETA 1320.5h
step   9920 | T=4 | loss 10.6747 | lr 3.00e-04 | grad 2.52 | 1.8k tok/s (avg 2.2k) | cert 0.46→0.60 | ticks [5.062 4.531 4.562 4.688] | Δticks -0.375 | dist 6.485 | ETA 1320.7h
step   9930 | T=4 | loss 13.7426 | lr 3.00e-04 | grad 2.52 | 3.2k tok/s (avg 2.2k) | cert 0.62→0.61 | ticks [4.531 4.219 4.219 4.219] | Δticks -0.312 | dist 9.924 | ETA 1320.3h
step   9940 | T=4 | loss 7.8364 | lr 3.00e-04 | grad 2.20 | 1.8k tok/s (avg 2.2k) | cert 0.51→0.61 | ticks [5.062 4.531 4.469 4.375] | Δticks -0.688 | dist 3.875 | ETA 1320.5h
step   9950 | T=4 | loss 8.0822 | lr 3.00e-04 | grad 2.20 | 3.2k tok/s (avg 2.2k) | cert 0.41→0.61 | ticks [4.500 3.844 3.703 3.750] | Δticks -0.750 | dist 4.760 | ETA 1320.1h
step   9960 | T=4 | loss 10.6359 | lr 3.00e-04 | grad 1.66 | 1.8k tok/s (avg 2.2k) | cert 0.38→0.56 | ticks [5.844 5.156 5.219 5.125] | Δticks -0.719 | dist 5.803 | ETA 1320.3h
step   9970 | T=4 | loss 10.0474 | lr 3.00e-04 | grad 1.95 | 1.8k tok/s (avg 2.2k) | cert 0.57→0.65 | ticks [4.438 3.984 4.000 4.031] | Δticks -0.406 | dist 6.507 | ETA 1320.5h
step   9980 | T=4 | loss 8.0837 | lr 3.00e-04 | grad 1.95 | 3.2k tok/s (avg 2.2k) | cert 0.47→0.63 | ticks [4.562 4.000 3.891 3.750] | Δticks -0.812 | dist 4.587 | ETA 1320.1h
step   9990 | T=4 | loss 8.9099 | lr 3.00e-04 | grad 1.54 | 1.8k tok/s (avg 2.2k) | cert 0.34→0.51 | ticks [6.156 5.594 5.562 5.656] | Δticks -0.500 | dist 3.700 | ETA 1320.3h
step  10000 | T=4 | loss 7.3814 | lr 3.00e-04 | grad 1.57 | 1.8k tok/s (avg 2.2k) | cert 0.32→0.52 | ticks [5.406 4.688 4.688 4.781] | Δticks -0.625 | dist 3.074 | ETA 1320.5h
[CachedTeacherDataset/eval] 9 shards (of 199 total) under teacher_cache/phase1 | seq_len=512 top_k=128
  >>> val @ step 10000:
  T=4 | CE=4.5806 | PPL=97.57 | top1=22.1% | top5=42.0% | (25600 tok)
[CachedTeacherDataset/eval] 9 shards (of 199 total) under teacher_cache/phase1 | seq_len=512 top_k=128
[CachedTeacherDataset/eval] 9 shards (of 199 total) under teacher_cache/phase1 | seq_len=512 top_k=128
[CachedTeacherDataset/eval] 9 shards (of 199 total) under teacher_cache/phase1 | seq_len=512 top_k=128
  >>> T-ablation @ step 10000:
     T        CE       PPL     top1     top5
  ------------------------------------------
     1    5.5256    251.04    24.2%    42.5%
     4    4.8493    127.66    20.7%    40.5%
     8    4.7468    115.22    21.8%    41.9%
  Saved checkpoint at step 10000
step  10010 | T=4 | loss 10.1792 | lr 3.00e-04 | grad 1.57 | 0.3k tok/s (avg 2.1k) | cert 0.44→0.57 | ticks [5.500 4.594 4.719 4.688] | Δticks -0.812 | dist 5.832 | ETA 1327.4h
step  10020 | T=4 | loss 8.1328 | lr 3.00e-04 | grad 2.16 | 1.9k tok/s (avg 2.1k) | cert 0.48→0.61 | ticks [4.719 4.188 4.062 4.094] | Δticks -0.625 | dist 4.492 | ETA 1327.6h
step  10030 | T=4 | loss 17.4302 | lr 3.00e-04 | grad 2.16 | 3.2k tok/s (avg 2.1k) | cert 0.40→0.49 | ticks [5.500 5.250 5.188 5.219] | Δticks -0.281 | dist 12.477 | ETA 1327.2h
step  10040 | T=4 | loss 8.9602 | lr 3.00e-04 | grad 1.77 | 1.9k tok/s (avg 2.1k) | cert 0.24→0.52 | ticks [6.594 5.438 5.406 5.281] | Δticks -1.312 | dist 3.923 | ETA 1327.4h
step  10050 | T=4 | loss 7.3439 | lr 3.00e-04 | grad 1.55 | 1.8k tok/s (avg 2.1k) | cert 0.41→0.61 | ticks [4.781 4.062 4.000 4.000] | Δticks -0.781 | dist 3.681 | ETA 1327.6h
step  10060 | T=4 | loss 9.0878 | lr 3.00e-04 | grad 1.55 | 3.2k tok/s (avg 2.1k) | cert 0.26→0.52 | ticks [6.344 5.281 5.250 5.156] | Δticks -1.188 | dist 4.214 | ETA 1327.2h
step  10070 | T=4 | loss 10.0149 | lr 3.00e-04 | grad 1.82 | 1.9k tok/s (avg 2.1k) | cert 0.64→0.66 | ticks [4.594 4.094 4.188 4.094] | Δticks -0.500 | dist 6.345 | ETA 1327.4h
step  10080 | T=4 | loss 7.1270 | lr 3.00e-04 | grad 1.66 | 1.8k tok/s (avg 2.1k) | cert 0.34→0.60 | ticks [5.000 4.000 3.953 3.891] | Δticks -1.109 | dist 3.517 | ETA 1327.6h
step  10090 | T=4 | loss 9.8359 | lr 3.00e-04 | grad 1.66 | 3.2k tok/s (avg 2.1k) | cert 0.41→0.56 | ticks [5.500 5.062 4.969 4.906] | Δticks -0.594 | dist 5.222 | ETA 1327.1h
step  10100 | T=4 | loss 9.8320 | lr 3.00e-04 | grad 1.66 | 1.8k tok/s (avg 2.1k) | cert 0.52→0.60 | ticks [5.531 4.531 4.500 4.531] | Δticks -1.000 | dist 5.570 | ETA 1327.3h
step  10110 | T=4 | loss 8.9994 | lr 3.00e-04 | grad 1.66 | 3.1k tok/s (avg 2.1k) | cert 0.27→0.52 | ticks [7.000 6.344 6.219 6.219] | Δticks -0.781 | dist 3.179 | ETA 1326.9h
step  10120 | T=4 | loss 8.7414 | lr 3.00e-04 | grad 2.00 | 1.9k tok/s (avg 2.1k) | cert 0.42→0.56 | ticks [5.531 4.969 4.875 4.844] | Δticks -0.688 | dist 4.171 | ETA 1327.1h
step  10130 | T=4 | loss 7.5151 | lr 3.00e-04 | grad 1.64 | 1.8k tok/s (avg 2.1k) | cert 0.40→0.59 | ticks [4.969 4.125 4.000 4.031] | Δticks -0.938 | dist 3.894 | ETA 1327.3h
step  10140 | T=4 | loss 7.0802 | lr 3.00e-04 | grad 1.64 | 3.2k tok/s (avg 2.1k) | cert 0.59→0.63 | ticks [4.125 3.656 3.578 3.547] | Δticks -0.578 | dist 3.857 | ETA 1326.9h
step  10150 | T=4 | loss 7.4380 | lr 3.00e-04 | grad 2.16 | 1.8k tok/s (avg 2.1k) | cert 0.63→0.65 | ticks [3.625 3.469 3.219 3.172] | Δticks -0.453 | dist 4.616 | ETA 1327.1h
step  10160 | T=4 | loss 8.2410 | lr 3.00e-04 | grad 2.33 | 1.8k tok/s (avg 2.1k) | cert 0.45→0.57 | ticks [4.906 4.406 4.438 4.469] | Δticks -0.438 | dist 4.144 | ETA 1327.3h
step  10170 | T=4 | loss 8.7109 | lr 3.00e-04 | grad 2.33 | 3.2k tok/s (avg 2.1k) | cert 0.37→0.55 | ticks [5.344 4.781 4.750 4.750] | Δticks -0.594 | dist 4.451 | ETA 1326.9h
step  10180 | T=4 | loss 8.0200 | lr 3.00e-04 | grad 1.74 | 1.8k tok/s (avg 2.1k) | cert 0.44→0.65 | ticks [4.938 4.375 4.406 4.250] | Δticks -0.688 | dist 4.094 | ETA 1327.1h
step  10190 | T=4 | loss 9.4170 | lr 3.00e-04 | grad 1.74 | 3.2k tok/s (avg 2.1k) | cert 0.41→0.62 | ticks [5.188 4.562 4.375 4.406] | Δticks -0.781 | dist 5.396 | ETA 1326.7h
step  10200 | T=4 | loss 9.2341 | lr 3.00e-04 | grad 1.77 | 1.9k tok/s (avg 2.1k) | cert 0.36→0.55 | ticks [6.156 5.250 5.188 5.125] | Δticks -1.031 | dist 4.402 | ETA 1326.9h
step  10210 | T=4 | loss 8.9446 | lr 3.00e-04 | grad 1.77 | 1.8k tok/s (avg 2.1k) | cert 0.60→0.63 | ticks [4.688 4.031 3.969 3.812] | Δticks -0.875 | dist 5.373 | ETA 1327.1h
step  10220 | T=4 | loss 9.0303 | lr 3.00e-04 | grad 1.77 | 3.2k tok/s (avg 2.1k) | cert 0.40→0.61 | ticks [5.125 4.281 4.094 4.031] | Δticks -1.094 | dist 5.349 | ETA 1326.7h
step  10230 | T=4 | loss 7.3145 | lr 3.00e-04 | grad 2.36 | 1.8k tok/s (avg 2.1k) | cert 0.29→0.56 | ticks [5.250 4.406 4.375 4.250] | Δticks -1.000 | dist 3.468 | ETA 1326.9h
step  10240 | T=4 | loss 11.6629 | lr 3.00e-04 | grad 1.84 | 1.8k tok/s (avg 2.1k) | cert 0.54→0.61 | ticks [4.688 3.906 4.000 3.891] | Δticks -0.797 | dist 8.103 | ETA 1327.1h
step  10250 | T=4 | loss 9.4478 | lr 3.00e-04 | grad 1.84 | 3.2k tok/s (avg 2.1k) | cert 0.38→0.59 | ticks [5.219 4.594 4.469 4.344] | Δticks -0.875 | dist 5.483 | ETA 1326.7h
step  10260 | T=4 | loss 11.7284 | lr 3.00e-04 | grad 2.16 | 1.8k tok/s (avg 2.1k) | cert 0.34→0.54 | ticks [5.938 5.562 5.375 5.375] | Δticks -0.562 | dist 6.787 | ETA 1326.9h
step  10270 | T=4 | loss 9.0111 | lr 3.00e-04 | grad 2.16 | 3.2k tok/s (avg 2.1k) | cert 0.46→0.60 | ticks [5.031 4.344 4.156 4.250] | Δticks -0.781 | dist 5.150 | ETA 1326.5h
step  10280 | T=4 | loss 7.7593 | lr 3.00e-04 | grad 1.84 | 1.8k tok/s (avg 2.1k) | cert 0.24→0.53 | ticks [6.469 5.469 5.375 5.406] | Δticks -1.062 | dist 2.682 | ETA 1326.7h
step  10290 | T=4 | loss 8.5193 | lr 3.00e-04 | grad 1.80 | 1.8k tok/s (avg 2.1k) | cert 0.42→0.61 | ticks [5.250 4.875 4.531 4.438] | Δticks -0.812 | dist 4.417 | ETA 1326.9h
step  10300 | T=4 | loss 11.3328 | lr 3.00e-04 | grad 1.80 | 3.2k tok/s (avg 2.1k) | cert 0.52→0.57 | ticks [5.469 4.844 4.812 4.875] | Δticks -0.594 | dist 6.929 | ETA 1326.5h
step  10310 | T=4 | loss 9.5645 | lr 3.00e-04 | grad 2.47 | 1.8k tok/s (avg 2.1k) | cert 0.38→0.60 | ticks [6.094 5.188 4.969 5.125] | Δticks -0.969 | dist 4.836 | ETA 1326.7h
step  10320 | T=4 | loss 11.2310 | lr 3.00e-04 | grad 2.33 | 1.8k tok/s (avg 2.1k) | cert 0.51→0.62 | ticks [4.562 4.469 4.344 4.031] | Δticks -0.531 | dist 7.475 | ETA 1326.9h
step  10330 | T=4 | loss 9.8761 | lr 3.00e-04 | grad 2.33 | 3.2k tok/s (avg 2.1k) | cert 0.47→0.59 | ticks [6.000 5.688 5.562 5.344] | Δticks -0.656 | dist 4.829 | ETA 1326.5h
step  10340 | T=4 | loss 9.4759 | lr 3.00e-04 | grad 2.72 | 1.8k tok/s (avg 2.1k) | cert 0.18→0.43 | ticks [8.312 7.188 7.062 7.062] | Δticks -1.250 | dist 2.865 | ETA 1326.7h
step  10350 | T=4 | loss 7.8795 | lr 3.00e-04 | grad 2.72 | 3.2k tok/s (avg 2.1k) | cert 0.49→0.65 | ticks [5.031 4.344 4.125 4.031] | Δticks -1.000 | dist 4.109 | ETA 1326.3h
step  10360 | T=4 | loss 9.2682 | lr 3.00e-04 | grad 2.03 | 1.8k tok/s (avg 2.1k) | cert 0.39→0.61 | ticks [5.469 4.781 4.688 4.562] | Δticks -0.906 | dist 4.994 | ETA 1326.5h
step  10370 | T=4 | loss 9.5144 | lr 3.00e-04 | grad 1.85 | 1.9k tok/s (avg 2.1k) | cert 0.49→0.62 | ticks [4.344 3.844 3.703 3.844] | Δticks -0.500 | dist 6.073 | ETA 1326.7h
step  10380 | T=4 | loss 9.5894 | lr 3.00e-04 | grad 1.85 | 3.2k tok/s (avg 2.1k) | cert 0.31→0.51 | ticks [6.500 5.625 5.531 5.719] | Δticks -0.781 | dist 4.296 | ETA 1326.3h
step  10390 | T=4 | loss 9.2754 | lr 3.00e-04 | grad 1.70 | 1.8k tok/s (avg 2.1k) | cert 0.40→0.55 | ticks [5.938 5.375 5.312 5.375] | Δticks -0.562 | dist 4.314 | ETA 1326.5h
step  10400 | T=4 | loss 11.1802 | lr 3.00e-04 | grad 2.81 | 1.8k tok/s (avg 2.1k) | cert 0.35→0.52 | ticks [6.188 5.500 5.438 5.344] | Δticks -0.844 | dist 6.143 | ETA 1326.7h
step  10410 | T=4 | loss 9.7822 | lr 3.00e-04 | grad 2.81 | 3.2k tok/s (avg 2.1k) | cert 0.45→0.61 | ticks [5.281 4.656 4.469 4.312] | Δticks -0.969 | dist 5.665 | ETA 1326.3h
step  10420 | T=4 | loss 9.3647 | lr 3.00e-04 | grad 1.67 | 1.8k tok/s (avg 2.1k) | cert 0.37→0.51 | ticks [6.719 5.969 5.875 5.938] | Δticks -0.781 | dist 3.825 | ETA 1326.5h
step  10430 | T=4 | loss 9.3987 | lr 3.00e-04 | grad 1.67 | 3.2k tok/s (avg 2.1k) | cert 0.43→0.60 | ticks [5.438 4.781 4.594 4.750] | Δticks -0.688 | dist 5.191 | ETA 1326.1h
step  10440 | T=4 | loss 13.0833 | lr 3.00e-04 | grad 2.84 | 1.8k tok/s (avg 2.1k) | cert 0.52→0.60 | ticks [4.844 4.375 4.438 4.375] | Δticks -0.469 | dist 9.108 | ETA 1326.3h
step  10450 | T=4 | loss 11.6403 | lr 3.00e-04 | grad 1.55 | 1.8k tok/s (avg 2.1k) | cert 0.49→0.59 | ticks [5.375 4.719 4.594 4.688] | Δticks -0.688 | dist 7.329 | ETA 1326.5h
step  10460 | T=4 | loss 7.9260 | lr 3.00e-04 | grad 1.55 | 3.2k tok/s (avg 2.1k) | cert 0.29→0.53 | ticks [5.875 5.125 4.875 4.875] | Δticks -1.000 | dist 3.355 | ETA 1326.0h
step  10470 | T=4 | loss 8.4608 | lr 3.00e-04 | grad 2.69 | 1.8k tok/s (avg 2.1k) | cert 0.58→0.64 | ticks [4.062 3.562 3.391 3.578] | Δticks -0.484 | dist 5.372 | ETA 1326.3h
step  10480 | T=4 | loss 8.6738 | lr 3.00e-04 | grad 1.73 | 1.8k tok/s (avg 2.1k) | cert 0.44→0.62 | ticks [5.250 4.656 4.500 4.406] | Δticks -0.844 | dist 4.631 | ETA 1326.4h
step  10490 | T=4 | loss 7.2484 | lr 3.00e-04 | grad 1.73 | 3.2k tok/s (avg 2.1k) | cert 0.26→0.56 | ticks [5.688 4.594 4.469 4.469] | Δticks -1.219 | dist 3.141 | ETA 1326.0h
step  10500 | T=4 | loss 8.9241 | lr 3.00e-04 | grad 1.97 | 1.8k tok/s (avg 2.1k) | cert 0.57→0.62 | ticks [4.781 4.250 4.281 4.250] | Δticks -0.531 | dist 5.041 | ETA 1326.2h
step  10510 | T=4 | loss 9.6175 | lr 3.00e-04 | grad 1.97 | 3.1k tok/s (avg 2.1k) | cert 0.62→0.62 | ticks [4.594 4.438 4.344 4.281] | Δticks -0.312 | dist 5.785 | ETA 1325.8h
step  10520 | T=4 | loss 8.2423 | lr 3.00e-04 | grad 2.11 | 1.9k tok/s (avg 2.1k) | cert 0.38→0.62 | ticks [5.281 4.500 4.406 4.438] | Δticks -0.844 | dist 4.300 | ETA 1326.0h
step  10530 | T=4 | loss 7.9299 | lr 3.00e-04 | grad 2.34 | 1.8k tok/s (avg 2.1k) | cert 0.46→0.64 | ticks [5.000 4.438 4.188 4.188] | Δticks -0.812 | dist 4.078 | ETA 1326.2h
step  10540 | T=4 | loss 8.7548 | lr 3.00e-04 | grad 2.34 | 3.2k tok/s (avg 2.1k) | cert 0.52→0.60 | ticks [4.281 3.891 3.812 3.734] | Δticks -0.547 | dist 5.367 | ETA 1325.8h
step  10550 | T=4 | loss 9.2747 | lr 3.00e-04 | grad 2.89 | 1.8k tok/s (avg 2.1k) | cert 0.35→0.56 | ticks [6.156 5.688 5.531 5.500] | Δticks -0.656 | dist 4.109 | ETA 1326.0h
step  10560 | T=4 | loss 9.0021 | lr 3.00e-04 | grad 2.06 | 1.8k tok/s (avg 2.1k) | cert 0.50→0.63 | ticks [4.938 4.438 4.312 4.312] | Δticks -0.625 | dist 5.050 | ETA 1326.2h
step  10570 | T=4 | loss 8.7525 | lr 3.00e-04 | grad 2.06 | 3.2k tok/s (avg 2.1k) | cert 0.45→0.63 | ticks [4.281 3.688 3.547 3.578] | Δticks -0.703 | dist 5.547 | ETA 1325.8h
step  10580 | T=4 | loss 8.4697 | lr 3.00e-04 | grad 2.14 | 1.8k tok/s (avg 2.1k) | cert 0.43→0.58 | ticks [5.406 4.594 4.562 4.562] | Δticks -0.844 | dist 4.321 | ETA 1326.0h
step  10590 | T=4 | loss 8.6765 | lr 3.00e-04 | grad 2.14 | 3.2k tok/s (avg 2.1k) | cert 0.42→0.55 | ticks [5.719 5.188 5.094 5.000] | Δticks -0.719 | dist 3.975 | ETA 1325.6h
step  10600 | T=4 | loss 8.5736 | lr 3.00e-04 | grad 1.98 | 1.8k tok/s (avg 2.1k) | cert 0.35→0.62 | ticks [5.188 4.344 4.250 4.219] | Δticks -0.969 | dist 4.689 | ETA 1325.8h
step  10610 | T=4 | loss 7.7414 | lr 3.00e-04 | grad 2.33 | 1.8k tok/s (avg 2.1k) | cert 0.38→0.55 | ticks [5.750 5.000 4.969 5.062] | Δticks -0.688 | dist 3.018 | ETA 1326.0h
step  10620 | T=4 | loss 7.7518 | lr 3.00e-04 | grad 2.33 | 3.2k tok/s (avg 2.1k) | cert 0.34→0.53 | ticks [6.250 5.500 5.531 5.594] | Δticks -0.656 | dist 2.600 | ETA 1325.6h
step  10630 | T=4 | loss 9.0096 | lr 3.00e-04 | grad 2.19 | 1.8k tok/s (avg 2.1k) | cert 0.46→0.58 | ticks [5.344 4.844 4.844 4.781] | Δticks -0.562 | dist 4.617 | ETA 1325.8h
step  10640 | T=4 | loss 9.5292 | lr 3.00e-04 | grad 1.76 | 1.8k tok/s (avg 2.1k) | cert 0.59→0.64 | ticks [5.031 4.625 4.469 4.562] | Δticks -0.469 | dist 5.488 | ETA 1326.0h
step  10650 | T=4 | loss 8.8227 | lr 3.00e-04 | grad 1.76 | 3.2k tok/s (avg 2.1k) | cert 0.52→0.58 | ticks [5.438 4.969 4.844 4.844] | Δticks -0.594 | dist 4.427 | ETA 1325.6h
step  10660 | T=4 | loss 12.5543 | lr 3.00e-04 | grad 1.88 | 1.8k tok/s (avg 2.1k) | cert 0.73→0.68 | ticks [3.781 3.641 3.406 3.453] | Δticks -0.328 | dist 9.611 | ETA 1325.8h
step  10670 | T=4 | loss 13.6272 | lr 3.00e-04 | grad 1.88 | 3.2k tok/s (avg 2.1k) | cert 0.56→0.61 | ticks [4.250 4.062 4.031 3.938] | Δticks -0.312 | dist 10.163 | ETA 1325.4h
step  10680 | T=4 | loss 8.6630 | lr 3.00e-04 | grad 1.50 | 1.8k tok/s (avg 2.1k) | cert 0.42→0.60 | ticks [5.469 4.688 4.594 4.562] | Δticks -0.906 | dist 4.525 | ETA 1325.6h
step  10690 | T=4 | loss 8.5252 | lr 3.00e-04 | grad 1.55 | 1.8k tok/s (avg 2.1k) | cert 0.57→0.63 | ticks [4.969 4.312 4.375 4.406] | Δticks -0.562 | dist 4.536 | ETA 1325.8h
step  10700 | T=4 | loss 8.7836 | lr 3.00e-04 | grad 1.55 | 3.2k tok/s (avg 2.1k) | cert 0.51→0.59 | ticks [4.438 3.938 3.844 3.969] | Δticks -0.469 | dist 5.224 | ETA 1325.4h
step  10710 | T=4 | loss 10.7908 | lr 3.00e-04 | grad 1.65 | 1.8k tok/s (avg 2.1k) | cert 0.38→0.61 | ticks [5.281 4.500 4.281 4.344] | Δticks -0.938 | dist 6.877 | ETA 1325.6h
step  10720 | T=4 | loss 11.5564 | lr 3.00e-04 | grad 1.47 | 1.8k tok/s (avg 2.1k) | cert 0.29→0.52 | ticks [6.781 6.125 6.031 6.094] | Δticks -0.688 | dist 5.915 | ETA 1325.8h
step  10730 | T=4 | loss 7.6648 | lr 3.00e-04 | grad 1.47 | 3.2k tok/s (avg 2.1k) | cert 0.45→0.64 | ticks [4.844 4.375 4.000 3.969] | Δticks -0.875 | dist 4.070 | ETA 1325.4h
step  10740 | T=4 | loss 7.0446 | lr 3.00e-04 | grad 1.70 | 1.8k tok/s (avg 2.1k) | cert 0.25→0.54 | ticks [6.156 4.969 4.906 4.844] | Δticks -1.312 | dist 2.440 | ETA 1325.6h
step  10750 | T=4 | loss 8.1455 | lr 3.00e-04 | grad 1.70 | 3.2k tok/s (avg 2.1k) | cert 0.34→0.55 | ticks [6.312 5.375 5.281 5.125] | Δticks -1.188 | dist 3.251 | ETA 1325.2h
step  10760 | T=4 | loss 8.5257 | lr 3.00e-04 | grad 1.78 | 1.8k tok/s (avg 2.1k) | cert 0.32→0.58 | ticks [6.125 5.062 4.906 5.094] | Δticks -1.031 | dist 3.877 | ETA 1325.4h
step  10770 | T=4 | loss 8.5419 | lr 3.00e-04 | grad 2.95 | 1.9k tok/s (avg 2.1k) | cert 0.48→0.56 | ticks [5.094 4.594 4.562 4.562] | Δticks -0.531 | dist 4.336 | ETA 1325.6h
step  10780 | T=4 | loss 10.3277 | lr 3.00e-04 | grad 2.95 | 3.2k tok/s (avg 2.1k) | cert 0.37→0.56 | ticks [5.750 5.031 4.844 4.781] | Δticks -0.969 | dist 5.856 | ETA 1325.2h
step  10790 | T=4 | loss 8.2647 | lr 3.00e-04 | grad 3.11 | 1.9k tok/s (avg 2.1k) | cert 0.49→0.60 | ticks [4.406 3.844 3.797 3.953] | Δticks -0.453 | dist 4.794 | ETA 1325.4h
step  10800 | T=4 | loss 11.6106 | lr 3.00e-04 | grad 2.12 | 1.8k tok/s (avg 2.1k) | cert 0.59→0.62 | ticks [3.984 3.922 3.734 3.719] | Δticks -0.266 | dist 8.306 | ETA 1325.6h
step  10810 | T=4 | loss 8.5309 | lr 3.00e-04 | grad 2.12 | 3.0k tok/s (avg 2.1k) | cert 0.45→0.57 | ticks [5.000 4.469 4.500 4.469] | Δticks -0.531 | dist 4.380 | ETA 1325.2h
step  10820 | T=4 | loss 8.2184 | lr 3.00e-04 | grad 1.55 | 1.9k tok/s (avg 2.1k) | cert 0.55→0.64 | ticks [3.984 3.578 3.578 3.500] | Δticks -0.484 | dist 5.060 | ETA 1325.4h
step  10830 | T=4 | loss 11.9484 | lr 3.00e-04 | grad 1.55 | 3.2k tok/s (avg 2.1k) | cert 0.39→0.55 | ticks [6.438 5.719 5.625 5.500] | Δticks -0.938 | dist 6.723 | ETA 1325.0h
step  10840 | T=4 | loss 8.5581 | lr 3.00e-04 | grad 2.06 | 1.9k tok/s (avg 2.1k) | cert 0.45→0.63 | ticks [5.156 4.594 4.500 4.438] | Δticks -0.719 | dist 4.515 | ETA 1325.2h
step  10850 | T=4 | loss 8.7202 | lr 3.00e-04 | grad 1.66 | 1.8k tok/s (avg 2.1k) | cert 0.23→0.50 | ticks [6.344 5.469 5.375 5.281] | Δticks -1.062 | dist 3.678 | ETA 1325.3h
step  10860 | T=4 | loss 8.3682 | lr 3.00e-04 | grad 1.66 | 3.2k tok/s (avg 2.1k) | cert 0.40→0.55 | ticks [6.156 5.125 5.125 5.062] | Δticks -1.094 | dist 3.592 | ETA 1325.0h
step  10870 | T=4 | loss 8.2123 | lr 3.00e-04 | grad 2.14 | 1.8k tok/s (avg 2.1k) | cert 0.38→0.59 | ticks [5.531 4.750 4.625 4.531] | Δticks -1.000 | dist 4.008 | ETA 1325.2h
step  10880 | T=4 | loss 9.0265 | lr 3.00e-04 | grad 1.59 | 1.9k tok/s (avg 2.1k) | cert 0.40→0.61 | ticks [4.969 4.625 4.406 4.406] | Δticks -0.562 | dist 5.089 | ETA 1325.3h
step  10890 | T=4 | loss 7.5516 | lr 3.00e-04 | grad 1.59 | 3.2k tok/s (avg 2.1k) | cert 0.56→0.60 | ticks [4.688 4.344 4.219 4.156] | Δticks -0.531 | dist 3.864 | ETA 1324.9h
step  10900 | T=4 | loss 7.1071 | lr 3.00e-04 | grad 1.76 | 1.8k tok/s (avg 2.1k) | cert 0.53→0.65 | ticks [3.656 3.406 3.312 3.375] | Δticks -0.281 | dist 4.214 | ETA 1325.1h
step  10910 | T=4 | loss 9.1952 | lr 3.00e-04 | grad 1.76 | 3.2k tok/s (avg 2.1k) | cert 0.38→0.55 | ticks [6.844 5.688 5.688 5.750] | Δticks -1.094 | dist 3.782 | ETA 1324.7h
step  10920 | T=4 | loss 9.6729 | lr 3.00e-04 | grad 2.02 | 1.8k tok/s (avg 2.1k) | cert 0.15→0.35 | ticks [8.688 7.906 7.844 7.719] | Δticks -0.969 | dist 2.249 | ETA 1324.9h
step  10930 | T=4 | loss 8.9300 | lr 3.00e-04 | grad 1.61 | 1.9k tok/s (avg 2.1k) | cert 0.21→0.50 | ticks [7.062 5.938 5.781 5.812] | Δticks -1.250 | dist 3.566 | ETA 1325.1h
step  10940 | T=4 | loss 8.3343 | lr 3.00e-04 | grad 1.61 | 3.2k tok/s (avg 2.1k) | cert 0.47→0.62 | ticks [4.969 4.312 4.094 4.125] | Δticks -0.844 | dist 4.613 | ETA 1324.7h
step  10950 | T=4 | loss 8.1846 | lr 3.00e-04 | grad 2.19 | 1.8k tok/s (avg 2.1k) | cert 0.23→0.46 | ticks [7.188 6.344 6.188 6.219] | Δticks -0.969 | dist 2.441 | ETA 1324.9h
step  10960 | T=4 | loss 10.8925 | lr 3.00e-04 | grad 2.47 | 1.8k tok/s (avg 2.1k) | cert 0.52→0.61 | ticks [5.219 4.812 4.594 4.531] | Δticks -0.688 | dist 6.666 | ETA 1325.1h
step  10970 | T=4 | loss 9.8279 | lr 3.00e-04 | grad 2.47 | 3.2k tok/s (avg 2.1k) | cert 0.40→0.60 | ticks [5.312 4.500 4.312 4.219] | Δticks -1.094 | dist 5.938 | ETA 1324.7h
step  10980 | T=4 | loss 7.9218 | lr 3.00e-04 | grad 2.52 | 1.8k tok/s (avg 2.1k) | cert 0.40→0.62 | ticks [5.406 4.562 4.406 4.375] | Δticks -1.031 | dist 3.880 | ETA 1324.9h
step  10990 | T=4 | loss 7.1659 | lr 3.00e-04 | grad 2.52 | 3.2k tok/s (avg 2.1k) | cert 0.28→0.58 | ticks [6.125 5.250 5.188 5.094] | Δticks -1.031 | dist 2.393 | ETA 1324.5h
step  11000 | T=4 | loss 9.9444 | lr 3.00e-04 | grad 1.70 | 1.8k tok/s (avg 2.1k) | cert 0.22→0.49 | ticks [7.500 6.812 6.719 6.781] | Δticks -0.719 | dist 3.614 | ETA 1324.7h
[CachedTeacherDataset/eval] 9 shards (of 199 total) under teacher_cache/phase1 | seq_len=512 top_k=128
  >>> val @ step 11000:
  T=4 | CE=4.5667 | PPL=96.22 | top1=22.4% | top5=41.5% | (25600 tok)
step  11010 | T=4 | loss 7.4404 | lr 3.00e-04 | grad 1.56 | 0.8k tok/s (avg 2.1k) | cert 0.42→0.62 | ticks [4.750 4.219 3.922 3.797] | Δticks -0.953 | dist 3.926 | ETA 1326.8h
step  11020 | T=4 | loss 7.3906 | lr 3.00e-04 | grad 1.56 | 3.2k tok/s (avg 2.1k) | cert 0.27→0.56 | ticks [5.500 4.625 4.406 4.406] | Δticks -1.094 | dist 3.429 | ETA 1326.4h
step  11030 | T=4 | loss 7.7113 | lr 3.00e-04 | grad 3.09 | 1.9k tok/s (avg 2.1k) | cert 0.50→0.63 | ticks [4.344 3.859 3.781 3.719] | Δticks -0.625 | dist 4.412 | ETA 1326.5h
step  11040 | T=4 | loss 8.5534 | lr 3.00e-04 | grad 2.77 | 1.8k tok/s (avg 2.1k) | cert 0.20→0.51 | ticks [7.094 5.906 5.656 5.750] | Δticks -1.344 | dist 3.242 | ETA 1326.7h
step  11050 | T=4 | loss 9.5450 | lr 3.00e-04 | grad 2.77 | 3.2k tok/s (avg 2.1k) | cert 0.45→0.59 | ticks [4.719 4.312 4.375 4.312] | Δticks -0.406 | dist 5.663 | ETA 1326.3h
step  11060 | T=4 | loss 12.4971 | lr 3.00e-04 | grad 1.66 | 1.9k tok/s (avg 2.1k) | cert 0.54→0.60 | ticks [4.875 4.500 4.469 4.375] | Δticks -0.500 | dist 8.516 | ETA 1326.5h
step  11070 | T=4 | loss 7.7944 | lr 3.00e-04 | grad 1.66 | 3.2k tok/s (avg 2.1k) | cert 0.58→0.64 | ticks [3.703 3.484 3.219 3.250] | Δticks -0.453 | dist 5.009 | ETA 1326.1h
step  11080 | T=4 | loss 8.1629 | lr 3.00e-04 | grad 1.87 | 1.9k tok/s (avg 2.1k) | cert 0.46→0.63 | ticks [4.750 4.188 4.062 4.062] | Δticks -0.688 | dist 4.537 | ETA 1326.3h
step  11090 | T=4 | loss 8.0529 | lr 3.00e-04 | grad 1.59 | 1.8k tok/s (avg 2.1k) | cert 0.28→0.52 | ticks [6.688 5.562 5.562 5.625] | Δticks -1.062 | dist 2.812 | ETA 1326.5h
step  11100 | T=4 | loss 9.2234 | lr 3.00e-04 | grad 1.59 | 3.2k tok/s (avg 2.1k) | cert 0.40→0.55 | ticks [6.438 5.844 6.000 5.906] | Δticks -0.531 | dist 3.837 | ETA 1326.1h
step  11110 | T=4 | loss 7.9617 | lr 3.00e-04 | grad 1.91 | 1.9k tok/s (avg 2.1k) | cert 0.30→0.57 | ticks [5.688 4.656 4.656 4.656] | Δticks -1.031 | dist 3.757 | ETA 1326.3h
step  11120 | T=4 | loss 9.0269 | lr 3.00e-04 | grad 2.06 | 1.8k tok/s (avg 2.1k) | cert 0.35→0.57 | ticks [5.438 4.656 4.438 4.438] | Δticks -1.000 | dist 4.949 | ETA 1326.5h
step  11130 | T=4 | loss 7.3122 | lr 3.00e-04 | grad 2.06 | 3.2k tok/s (avg 2.1k) | cert 0.43→0.64 | ticks [4.500 3.938 3.750 3.672] | Δticks -0.828 | dist 3.957 | ETA 1326.1h
step  11140 | T=4 | loss 5.9746 | lr 3.00e-04 | grad 1.49 | 1.8k tok/s (avg 2.1k) | cert 0.46→0.66 | ticks [4.156 3.500 3.297 3.266] | Δticks -0.891 | dist 3.074 | ETA 1326.3h
step  11150 | T=4 | loss 8.1161 | lr 3.00e-04 | grad 1.49 | 3.2k tok/s (avg 2.1k) | cert 0.57→0.64 | ticks [4.531 4.031 3.922 3.938] | Δticks -0.594 | dist 4.542 | ETA 1325.9h
step  11160 | T=4 | loss 8.3394 | lr 3.00e-04 | grad 2.23 | 1.8k tok/s (avg 2.1k) | cert 0.48→0.62 | ticks [4.781 4.312 4.094 4.125] | Δticks -0.656 | dist 4.558 | ETA 1326.1h
step  11170 | T=4 | loss 6.8151 | lr 3.00e-04 | grad 2.30 | 1.8k tok/s (avg 2.1k) | cert 0.44→0.62 | ticks [4.594 4.000 3.938 3.875] | Δticks -0.719 | dist 3.332 | ETA 1326.3h
step  11180 | T=4 | loss 9.0957 | lr 3.00e-04 | grad 2.30 | 3.2k tok/s (avg 2.1k) | cert 0.48→0.60 | ticks [5.375 4.656 4.562 4.562] | Δticks -0.812 | dist 4.901 | ETA 1325.9h
step  11190 | T=4 | loss 8.4853 | lr 3.00e-04 | grad 1.60 | 1.8k tok/s (avg 2.1k) | cert 0.55→0.65 | ticks [4.469 3.812 3.750 3.750] | Δticks -0.719 | dist 5.143 | ETA 1326.1h
step  11200 | T=4 | loss 8.2296 | lr 3.00e-04 | grad 2.78 | 1.8k tok/s (avg 2.1k) | cert 0.28→0.54 | ticks [6.500 5.062 5.031 5.125] | Δticks -1.375 | dist 3.433 | ETA 1326.3h
step  11210 | T=4 | loss 9.9361 | lr 3.00e-04 | grad 2.78 | 3.2k tok/s (avg 2.1k) | cert 0.17→0.46 | ticks [8.062 6.812 6.688 6.719] | Δticks -1.344 | dist 3.614 | ETA 1325.9h
step  11220 | T=4 | loss 7.7176 | lr 3.00e-04 | grad 3.94 | 1.8k tok/s (avg 2.1k) | cert 0.42→0.62 | ticks [4.719 4.375 4.250 4.281] | Δticks -0.438 | dist 3.985 | ETA 1326.1h
step  11230 | T=4 | loss 7.5146 | lr 3.00e-04 | grad 3.94 | 3.2k tok/s (avg 2.1k) | cert 0.53→0.64 | ticks [4.781 4.062 4.062 4.000] | Δticks -0.781 | dist 3.826 | ETA 1325.7h
step  11240 | T=4 | loss 7.6368 | lr 3.00e-04 | grad 2.17 | 1.8k tok/s (avg 2.1k) | cert 0.41→0.58 | ticks [5.156 4.469 4.281 4.250] | Δticks -0.906 | dist 3.693 | ETA 1325.9h
step  11250 | T=4 | loss 8.1488 | lr 3.00e-04 | grad 1.56 | 1.8k tok/s (avg 2.1k) | cert 0.44→0.56 | ticks [5.156 4.625 4.562 4.562] | Δticks -0.594 | dist 3.813 | ETA 1326.1h
step  11260 | T=4 | loss 10.1072 | lr 3.00e-04 | grad 1.56 | 3.2k tok/s (avg 2.1k) | cert 0.52→0.56 | ticks [5.188 4.875 4.812 4.781] | Δticks -0.406 | dist 5.751 | ETA 1325.7h
step  11270 | T=4 | loss 8.6654 | lr 3.00e-04 | grad 3.28 | 1.9k tok/s (avg 2.1k) | cert 0.54→0.62 | ticks [5.188 4.812 4.625 4.750] | Δticks -0.438 | dist 4.437 | ETA 1325.9h
step  11280 | T=4 | loss 11.0643 | lr 3.00e-04 | grad 2.05 | 1.8k tok/s (avg 2.1k) | cert 0.41→0.60 | ticks [6.406 5.406 5.906 5.750] | Δticks -0.656 | dist 5.540 | ETA 1326.1h
step  11290 | T=4 | loss 10.3364 | lr 3.00e-04 | grad 2.05 | 3.2k tok/s (avg 2.1k) | cert 0.26→0.54 | ticks [7.281 6.281 6.062 6.094] | Δticks -1.188 | dist 4.563 | ETA 1325.7h
step  11300 | T=4 | loss 10.4035 | lr 3.00e-04 | grad 2.80 | 1.9k tok/s (avg 2.1k) | cert 0.61→0.61 | ticks [4.562 4.000 4.094 4.125] | Δticks -0.438 | dist 6.621 | ETA 1325.9h
step  11310 | T=4 | loss 9.6048 | lr 3.00e-04 | grad 2.80 | 3.2k tok/s (avg 2.1k) | cert 0.49→0.63 | ticks [4.781 4.094 3.922 3.891] | Δticks -0.891 | dist 6.104 | ETA 1325.5h
step  11320 | T=4 | loss 8.3288 | lr 3.00e-04 | grad 3.16 | 1.8k tok/s (avg 2.1k) | cert 0.32→0.57 | ticks [5.531 4.656 4.688 4.719] | Δticks -0.812 | dist 4.084 | ETA 1325.7h
step  11330 | T=4 | loss 8.6244 | lr 3.00e-04 | grad 2.78 | 1.9k tok/s (avg 2.1k) | cert 0.33→0.53 | ticks [7.156 6.125 6.031 6.188] | Δticks -0.969 | dist 2.959 | ETA 1325.9h
step  11340 | T=4 | loss 10.4370 | lr 3.00e-04 | grad 2.78 | 3.2k tok/s (avg 2.1k) | cert 0.33→0.56 | ticks [6.281 5.688 5.594 5.562] | Δticks -0.719 | dist 5.304 | ETA 1325.5h
step  11350 | T=4 | loss 8.2538 | lr 3.00e-04 | grad 1.79 | 1.8k tok/s (avg 2.1k) | cert 0.32→0.54 | ticks [5.750 4.875 4.812 4.844] | Δticks -0.906 | dist 3.792 | ETA 1325.7h
step  11360 | T=4 | loss 8.7333 | lr 3.00e-04 | grad 2.66 | 1.9k tok/s (avg 2.1k) | cert 0.42→0.59 | ticks [5.094 4.312 4.375 4.312] | Δticks -0.781 | dist 4.900 | ETA 1325.9h
step  11370 | T=4 | loss 9.2649 | lr 3.00e-04 | grad 2.66 | 3.2k tok/s (avg 2.1k) | cert 0.36→0.51 | ticks [6.594 5.781 5.656 5.594] | Δticks -1.000 | dist 4.099 | ETA 1325.5h
step  11380 | T=4 | loss 8.9114 | lr 3.00e-04 | grad 1.75 | 1.8k tok/s (avg 2.1k) | cert 0.21→0.46 | ticks [7.406 6.406 6.250 6.219] | Δticks -1.188 | dist 3.056 | ETA 1325.7h
step  11390 | T=4 | loss 8.7371 | lr 3.00e-04 | grad 1.75 | 3.2k tok/s (avg 2.1k) | cert 0.32→0.56 | ticks [5.594 4.656 4.594 4.531] | Δticks -1.062 | dist 4.691 | ETA 1325.3h
step  11400 | T=4 | loss 8.8949 | lr 3.00e-04 | grad 1.60 | 1.8k tok/s (avg 2.1k) | cert 0.31→0.57 | ticks [5.781 4.844 4.781 4.656] | Δticks -1.125 | dist 4.571 | ETA 1325.5h
step  11410 | T=4 | loss 8.8129 | lr 3.00e-04 | grad 2.17 | 1.8k tok/s (avg 2.1k) | cert 0.31→0.51 | ticks [5.594 5.094 4.938 4.812] | Δticks -0.781 | dist 4.275 | ETA 1325.7h
step  11420 | T=4 | loss 9.6053 | lr 3.00e-04 | grad 2.17 | 3.2k tok/s (avg 2.1k) | cert 0.43→0.63 | ticks [4.906 4.219 4.250 4.031] | Δticks -0.875 | dist 5.952 | ETA 1325.3h
step  11430 | T=4 | loss 7.3311 | lr 3.00e-04 | grad 1.58 | 1.8k tok/s (avg 2.1k) | cert 0.47→0.64 | ticks [4.219 3.672 3.641 3.750] | Δticks -0.469 | dist 4.147 | ETA 1325.5h
step  11440 | T=4 | loss 8.1295 | lr 3.00e-04 | grad 1.73 | 1.8k tok/s (avg 2.1k) | cert 0.45→0.61 | ticks [4.719 4.062 3.922 4.062] | Δticks -0.656 | dist 4.604 | ETA 1325.7h
step  11450 | T=4 | loss 6.5681 | lr 3.00e-04 | grad 1.73 | 3.2k tok/s (avg 2.1k) | cert 0.45→0.63 | ticks [4.844 4.156 4.094 4.031] | Δticks -0.812 | dist 3.019 | ETA 1325.3h
step  11460 | T=4 | loss 9.0877 | lr 3.00e-04 | grad 1.54 | 1.9k tok/s (avg 2.1k) | cert 0.47→0.64 | ticks [4.781 4.219 4.094 4.031] | Δticks -0.750 | dist 5.496 | ETA 1325.5h
step  11470 | T=4 | loss 9.3424 | lr 3.00e-04 | grad 1.54 | 3.2k tok/s (avg 2.1k) | cert 0.53→0.63 | ticks [4.969 4.375 4.312 4.219] | Δticks -0.750 | dist 5.437 | ETA 1325.1h
step  11480 | T=4 | loss 8.9332 | lr 3.00e-04 | grad 1.66 | 1.8k tok/s (avg 2.1k) | cert 0.41→0.59 | ticks [5.281 4.750 4.469 4.438] | Δticks -0.844 | dist 4.895 | ETA 1325.3h
step  11490 | T=4 | loss 8.6398 | lr 3.00e-04 | grad 1.61 | 1.9k tok/s (avg 2.1k) | cert 0.33→0.55 | ticks [6.406 5.594 5.312 5.188] | Δticks -1.219 | dist 3.711 | ETA 1325.5h
step  11500 | T=4 | loss 8.5305 | lr 3.00e-04 | grad 1.61 | 3.2k tok/s (avg 2.1k) | cert 0.41→0.54 | ticks [5.031 4.656 4.812 4.844] | Δticks -0.188 | dist 4.126 | ETA 1325.1h
step  11510 | T=4 | loss 9.3391 | lr 3.00e-04 | grad 1.57 | 1.8k tok/s (avg 2.1k) | cert 0.61→0.66 | ticks [4.625 4.000 4.062 4.156] | Δticks -0.469 | dist 5.654 | ETA 1325.3h
step  11520 | T=4 | loss 8.9697 | lr 3.00e-04 | grad 1.59 | 1.8k tok/s (avg 2.1k) | cert 0.33→0.52 | ticks [6.531 5.562 5.500 5.469] | Δticks -1.062 | dist 3.831 | ETA 1325.5h
step  11530 | T=4 | loss 7.3482 | lr 3.00e-04 | grad 1.59 | 3.2k tok/s (avg 2.1k) | cert 0.52→0.62 | ticks [4.406 4.062 4.031 3.953] | Δticks -0.453 | dist 3.998 | ETA 1325.1h
step  11540 | T=4 | loss 8.7034 | lr 3.00e-04 | grad 1.73 | 1.9k tok/s (avg 2.1k) | cert 0.28→0.52 | ticks [6.906 5.969 5.906 5.969] | Δticks -0.938 | dist 3.150 | ETA 1325.3h
step  11550 | T=4 | loss 8.9648 | lr 3.00e-04 | grad 1.73 | 3.2k tok/s (avg 2.1k) | cert 0.49→0.58 | ticks [5.500 4.906 4.938 4.969] | Δticks -0.531 | dist 4.405 | ETA 1324.9h
step  11560 | T=4 | loss 9.1143 | lr 3.00e-04 | grad 1.69 | 1.8k tok/s (avg 2.1k) | cert 0.36→0.55 | ticks [6.062 5.406 5.312 5.312] | Δticks -0.750 | dist 4.093 | ETA 1325.1h
step  11570 | T=4 | loss 7.4255 | lr 3.00e-04 | grad 1.84 | 1.8k tok/s (avg 2.1k) | cert 0.44→0.63 | ticks [4.531 3.891 3.703 3.703] | Δticks -0.828 | dist 4.172 | ETA 1325.3h
step  11580 | T=4 | loss 9.0818 | lr 3.00e-04 | grad 1.84 | 3.2k tok/s (avg 2.1k) | cert 0.39→0.60 | ticks [5.125 4.344 4.281 4.188] | Δticks -0.938 | dist 5.304 | ETA 1324.9h
step  11590 | T=4 | loss 6.7237 | lr 3.00e-04 | grad 1.84 | 1.8k tok/s (avg 2.1k) | cert 0.48→0.64 | ticks [4.625 3.953 3.984 3.906] | Δticks -0.719 | dist 3.283 | ETA 1325.1h
step  11600 | T=4 | loss 7.1152 | lr 3.00e-04 | grad 1.95 | 1.9k tok/s (avg 2.1k) | cert 0.49→0.65 | ticks [4.312 3.844 3.469 3.531] | Δticks -0.781 | dist 3.962 | ETA 1325.2h
step  11610 | T=4 | loss 9.5284 | lr 3.00e-04 | grad 1.95 | 3.2k tok/s (avg 2.1k) | cert 0.67→0.66 | ticks [4.531 4.156 4.156 4.062] | Δticks -0.469 | dist 5.827 | ETA 1324.9h
step  11620 | T=4 | loss 11.8910 | lr 3.00e-04 | grad 1.38 | 1.8k tok/s (avg 2.1k) | cert 0.38→0.60 | ticks [5.812 5.062 4.906 4.906] | Δticks -0.906 | dist 7.383 | ETA 1325.1h
step  11630 | T=4 | loss 7.7588 | lr 3.00e-04 | grad 1.38 | 3.2k tok/s (avg 2.1k) | cert 0.40→0.60 | ticks [5.469 4.562 4.406 4.406] | Δticks -1.062 | dist 3.763 | ETA 1324.7h
step  11640 | T=4 | loss 9.0404 | lr 3.00e-04 | grad 2.67 | 1.8k tok/s (avg 2.1k) | cert 0.50→0.66 | ticks [4.531 4.000 3.781 3.781] | Δticks -0.750 | dist 5.666 | ETA 1324.9h
step  11650 | T=4 | loss 8.4457 | lr 3.00e-04 | grad 1.89 | 1.8k tok/s (avg 2.1k) | cert 0.48→0.60 | ticks [4.781 4.219 4.031 4.094] | Δticks -0.688 | dist 4.732 | ETA 1325.1h
step  11660 | T=4 | loss 10.5798 | lr 3.00e-04 | grad 1.89 | 3.2k tok/s (avg 2.1k) | cert 0.57→0.64 | ticks [4.094 3.844 3.781 3.719] | Δticks -0.375 | dist 7.310 | ETA 1324.7h
step  11670 | T=4 | loss 7.0081 | lr 3.00e-04 | grad 1.57 | 1.8k tok/s (avg 2.1k) | cert 0.61→0.66 | ticks [3.750 3.531 3.469 3.438] | Δticks -0.312 | dist 4.000 | ETA 1324.9h
step  11680 | T=4 | loss 9.9393 | lr 3.00e-04 | grad 1.69 | 1.8k tok/s (avg 2.1k) | cert 0.28→0.54 | ticks [6.812 5.656 5.781 5.656] | Δticks -1.156 | dist 4.589 | ETA 1325.1h
step  11690 | T=4 | loss 7.3314 | lr 3.00e-04 | grad 1.69 | 3.2k tok/s (avg 2.1k) | cert 0.48→0.64 | ticks [4.875 4.094 3.969 3.922] | Δticks -0.953 | dist 3.770 | ETA 1324.7h
step  11700 | T=4 | loss 9.5594 | lr 3.00e-04 | grad 1.55 | 1.8k tok/s (avg 2.1k) | cert 0.46→0.62 | ticks [5.562 4.625 4.656 4.656] | Δticks -0.906 | dist 5.251 | ETA 1324.9h
step  11710 | T=4 | loss 8.3340 | lr 3.00e-04 | grad 1.55 | 3.2k tok/s (avg 2.1k) | cert 0.28→0.51 | ticks [5.969 5.125 5.156 5.156] | Δticks -0.812 | dist 3.630 | ETA 1324.5h
step  11720 | T=4 | loss 7.9532 | lr 3.00e-04 | grad 1.69 | 1.8k tok/s (avg 2.1k) | cert 0.38→0.56 | ticks [5.719 5.188 5.062 5.000] | Δticks -0.719 | dist 3.247 | ETA 1324.7h
step  11730 | T=4 | loss 9.0511 | lr 3.00e-04 | grad 1.87 | 1.8k tok/s (avg 2.1k) | cert 0.29→0.51 | ticks [6.219 5.281 5.219 5.219] | Δticks -1.000 | dist 4.128 | ETA 1324.9h
step  11740 | T=4 | loss 7.5153 | lr 3.00e-04 | grad 1.87 | 3.2k tok/s (avg 2.1k) | cert 0.59→0.65 | ticks [4.531 4.031 3.953 3.922] | Δticks -0.609 | dist 3.950 | ETA 1324.5h
step  11750 | T=4 | loss 10.0357 | lr 3.00e-04 | grad 1.76 | 1.8k tok/s (avg 2.1k) | cert 0.44→0.61 | ticks [5.469 4.625 4.438 4.594] | Δticks -0.875 | dist 5.908 | ETA 1324.7h
step  11760 | T=4 | loss 8.7646 | lr 3.00e-04 | grad 1.71 | 1.8k tok/s (avg 2.1k) | cert 0.43→0.63 | ticks [5.062 4.562 4.500 4.281] | Δticks -0.781 | dist 4.831 | ETA 1324.9h
step  11770 | T=4 | loss 9.8633 | lr 3.00e-04 | grad 1.71 | 3.2k tok/s (avg 2.1k) | cert 0.25→0.50 | ticks [7.406 6.719 6.562 6.562] | Δticks -0.844 | dist 3.702 | ETA 1324.5h
step  11780 | T=4 | loss 13.4935 | lr 3.00e-04 | grad 2.03 | 1.9k tok/s (avg 2.1k) | cert 0.54→0.58 | ticks [4.906 4.531 4.500 4.531] | Δticks -0.375 | dist 9.384 | ETA 1324.7h
step  11790 | T=4 | loss 14.7544 | lr 3.00e-04 | grad 2.03 | 3.2k tok/s (avg 2.1k) | cert 0.69→0.66 | ticks [4.344 3.859 4.000 3.922] | Δticks -0.422 | dist 11.401 | ETA 1324.3h
step  11800 | T=4 | loss 8.8012 | lr 3.00e-04 | grad 1.48 | 1.8k tok/s (avg 2.1k) | cert 0.23→0.47 | ticks [7.625 6.438 6.375 6.344] | Δticks -1.281 | dist 2.791 | ETA 1324.5h
step  11810 | T=4 | loss 8.3783 | lr 3.00e-04 | grad 2.12 | 1.8k tok/s (avg 2.1k) | cert 0.59→0.62 | ticks [4.281 3.969 4.031 4.000] | Δticks -0.281 | dist 4.830 | ETA 1324.7h
step  11820 | T=4 | loss 8.3701 | lr 3.00e-04 | grad 2.12 | 3.2k tok/s (avg 2.1k) | cert 0.52→0.57 | ticks [4.875 4.500 4.531 4.531] | Δticks -0.344 | dist 4.220 | ETA 1324.3h
step  11830 | T=4 | loss 9.3967 | lr 3.00e-04 | grad 1.83 | 1.9k tok/s (avg 2.1k) | cert 0.31→0.49 | ticks [6.031 5.531 5.500 5.281] | Δticks -0.750 | dist 4.296 | ETA 1324.5h
step  11840 | T=4 | loss 10.5120 | lr 3.00e-04 | grad 1.73 | 1.9k tok/s (avg 2.1k) | cert 0.34→0.64 | ticks [4.969 4.688 4.375 4.281] | Δticks -0.688 | dist 6.754 | ETA 1324.7h
step  11850 | T=4 | loss 7.8995 | lr 3.00e-04 | grad 1.73 | 3.2k tok/s (avg 2.1k) | cert 0.49→0.63 | ticks [4.156 3.922 3.656 3.547] | Δticks -0.609 | dist 4.756 | ETA 1324.3h
step  11860 | T=4 | loss 7.2331 | lr 3.00e-04 | grad 1.68 | 1.8k tok/s (avg 2.1k) | cert 0.47→0.64 | ticks [4.469 4.062 3.938 3.828] | Δticks -0.641 | dist 3.785 | ETA 1324.5h
step  11870 | T=4 | loss 15.3867 | lr 3.00e-04 | grad 1.68 | 3.2k tok/s (avg 2.1k) | cert 0.61→0.62 | ticks [4.281 4.094 3.797 3.891] | Δticks -0.391 | dist 11.924 | ETA 1324.1h
step  11880 | T=4 | loss 8.8330 | lr 3.00e-04 | grad 2.23 | 1.8k tok/s (avg 2.1k) | cert 0.29→0.52 | ticks [6.625 5.906 5.812 5.781] | Δticks -0.844 | dist 3.482 | ETA 1324.3h
step  11890 | T=4 | loss 7.5181 | lr 3.00e-04 | grad 2.11 | 1.8k tok/s (avg 2.1k) | cert 0.50→0.64 | ticks [4.344 3.781 3.766 3.719] | Δticks -0.625 | dist 4.192 | ETA 1324.5h
step  11900 | T=4 | loss 9.5749 | lr 3.00e-04 | grad 2.11 | 3.2k tok/s (avg 2.1k) | cert 0.48→0.61 | ticks [4.906 4.406 4.469 4.344] | Δticks -0.562 | dist 5.587 | ETA 1324.1h
step  11910 | T=4 | loss 9.3623 | lr 3.00e-04 | grad 1.83 | 1.8k tok/s (avg 2.1k) | cert 0.59→0.66 | ticks [3.641 3.406 3.312 3.203] | Δticks -0.438 | dist 6.521 | ETA 1324.3h
step  11920 | T=4 | loss 8.5412 | lr 3.00e-04 | grad 2.39 | 1.8k tok/s (avg 2.1k) | cert 0.28→0.52 | ticks [6.781 5.875 5.781 5.719] | Δticks -1.062 | dist 3.160 | ETA 1324.5h
step  11930 | T=4 | loss 8.7582 | lr 3.00e-04 | grad 2.39 | 3.0k tok/s (avg 2.1k) | cert 0.44→0.58 | ticks [5.344 4.719 4.500 4.438] | Δticks -0.906 | dist 4.585 | ETA 1324.2h
step  11940 | T=4 | loss 8.2455 | lr 3.00e-04 | grad 1.81 | 1.9k tok/s (avg 2.1k) | cert 0.35→0.55 | ticks [5.156 4.500 4.375 4.406] | Δticks -0.750 | dist 4.241 | ETA 1324.3h
step  11950 | T=4 | loss 8.4401 | lr 3.00e-04 | grad 1.81 | 3.2k tok/s (avg 2.1k) | cert 0.42→0.55 | ticks [5.062 4.562 4.500 4.469] | Δticks -0.594 | dist 4.295 | ETA 1323.9h
step  11960 | T=4 | loss 9.6383 | lr 3.00e-04 | grad 1.88 | 1.8k tok/s (avg 2.1k) | cert 0.53→0.63 | ticks [4.688 4.219 4.000 4.062] | Δticks -0.625 | dist 5.931 | ETA 1324.1h
step  11970 | T=4 | loss 8.4674 | lr 3.00e-04 | grad 1.57 | 1.8k tok/s (avg 2.1k) | cert 0.44→0.55 | ticks [5.938 5.531 5.344 5.250] | Δticks -0.688 | dist 3.510 | ETA 1324.3h
step  11980 | T=4 | loss 9.3776 | lr 3.00e-04 | grad 1.57 | 3.2k tok/s (avg 2.1k) | cert 0.27→0.49 | ticks [7.031 6.531 6.531 6.469] | Δticks -0.562 | dist 3.187 | ETA 1323.9h
step  11990 | T=4 | loss 10.0515 | lr 3.00e-04 | grad 1.73 | 1.8k tok/s (avg 2.1k) | cert 0.27→0.55 | ticks [6.750 6.031 6.000 5.969] | Δticks -0.781 | dist 4.515 | ETA 1324.1h
step  12000 | T=4 | loss 10.8507 | lr 3.00e-04 | grad 1.84 | 1.9k tok/s (avg 2.1k) | cert 0.33→0.54 | ticks [6.500 5.969 5.750 5.625] | Δticks -0.875 | dist 5.559 | ETA 1324.3h
[CachedTeacherDataset/eval] 9 shards (of 199 total) under teacher_cache/phase1 | seq_len=512 top_k=128
  >>> val @ step 12000:
  T=4 | CE=4.5413 | PPL=93.81 | top1=22.4% | top5=41.8% | (25600 tok)
step  12010 | T=4 | loss 7.6363 | lr 3.00e-04 | grad 1.84 | 0.9k tok/s (avg 2.1k) | cert 0.53→0.67 | ticks [4.312 3.859 3.766 3.641] | Δticks -0.672 | dist 4.343 | ETA 1325.8h
step  12020 | T=4 | loss 9.0973 | lr 3.00e-04 | grad 1.80 | 2.1k tok/s (avg 2.1k) | cert 0.34→0.54 | ticks [6.031 5.188 5.188 5.156] | Δticks -0.875 | dist 4.342 | ETA 1325.8h
step  12030 | T=4 | loss 9.2505 | lr 3.00e-04 | grad 1.80 | 3.2k tok/s (avg 2.1k) | cert 0.34→0.54 | ticks [5.438 4.969 4.875 4.750] | Δticks -0.688 | dist 4.904 | ETA 1325.4h
step  12040 | T=4 | loss 8.3724 | lr 3.00e-04 | grad 1.61 | 1.9k tok/s (avg 2.1k) | cert 0.35→0.53 | ticks [5.281 4.312 4.438 4.469] | Δticks -0.812 | dist 4.273 | ETA 1325.6h
step  12050 | T=4 | loss 10.0393 | lr 3.00e-04 | grad 1.58 | 1.8k tok/s (avg 2.1k) | cert 0.39→0.55 | ticks [6.312 5.906 5.719 5.625] | Δticks -0.688 | dist 4.719 | ETA 1325.8h
step  12060 | T=4 | loss 8.0946 | lr 3.00e-04 | grad 1.58 | 3.2k tok/s (avg 2.1k) | cert 0.32→0.54 | ticks [6.688 5.844 5.750 5.844] | Δticks -0.844 | dist 2.686 | ETA 1325.4h
step  12070 | T=4 | loss 9.0668 | lr 3.00e-04 | grad 2.17 | 1.8k tok/s (avg 2.1k) | cert 0.33→0.58 | ticks [6.000 5.250 5.219 5.094] | Δticks -0.906 | dist 4.403 | ETA 1325.6h
step  12080 | T=4 | loss 10.6984 | lr 3.00e-04 | grad 1.68 | 1.9k tok/s (avg 2.1k) | cert 0.47→0.58 | ticks [4.781 4.438 4.531 4.375] | Δticks -0.406 | dist 6.606 | ETA 1325.8h
step  12090 | T=4 | loss 7.3916 | lr 3.00e-04 | grad 1.68 | 3.2k tok/s (avg 2.1k) | cert 0.36→0.60 | ticks [4.875 3.969 4.125 3.828] | Δticks -1.047 | dist 3.861 | ETA 1325.4h
step  12100 | T=4 | loss 8.8998 | lr 3.00e-04 | grad 2.19 | 1.8k tok/s (avg 2.1k) | cert 0.35→0.56 | ticks [6.094 5.250 5.125 5.156] | Δticks -0.938 | dist 4.103 | ETA 1325.6h
step  12110 | T=4 | loss 8.7924 | lr 3.00e-04 | grad 2.19 | 3.2k tok/s (avg 2.1k) | cert 0.30→0.54 | ticks [5.562 4.875 4.750 4.781] | Δticks -0.781 | dist 4.371 | ETA 1325.2h
step  12120 | T=4 | loss 8.3205 | lr 3.00e-04 | grad 2.72 | 1.8k tok/s (avg 2.1k) | cert 0.38→0.54 | ticks [6.031 5.031 5.000 4.969] | Δticks -1.062 | dist 3.663 | ETA 1325.4h
step  12130 | T=4 | loss 12.9046 | lr 3.00e-04 | grad 1.77 | 1.8k tok/s (avg 2.1k) | cert 0.66→0.66 | ticks [4.000 3.953 3.875 3.703] | Δticks -0.297 | dist 9.713 | ETA 1325.6h
step  12140 | T=4 | loss 9.1918 | lr 3.00e-04 | grad 1.77 | 3.2k tok/s (avg 2.1k) | cert 0.41→0.55 | ticks [5.844 5.250 5.062 5.094] | Δticks -0.750 | dist 4.400 | ETA 1325.2h
step  12150 | T=4 | loss 8.9879 | lr 3.00e-04 | grad 2.97 | 1.8k tok/s (avg 2.1k) | cert 0.25→0.49 | ticks [6.781 5.969 5.906 5.781] | Δticks -1.000 | dist 3.600 | ETA 1325.4h
step  12160 | T=4 | loss 11.8237 | lr 3.00e-04 | grad 1.70 | 1.8k tok/s (avg 2.1k) | cert 0.45→0.62 | ticks [5.219 4.469 4.531 4.469] | Δticks -0.750 | dist 7.706 | ETA 1325.6h
step  12170 | T=4 | loss 6.6784 | lr 3.00e-04 | grad 1.70 | 3.2k tok/s (avg 2.1k) | cert 0.56→0.65 | ticks [4.406 3.828 3.656 3.734] | Δticks -0.672 | dist 3.358 | ETA 1325.2h
step  12180 | T=4 | loss 7.8319 | lr 3.00e-04 | grad 1.84 | 1.8k tok/s (avg 2.1k) | cert 0.45→0.59 | ticks [4.875 4.031 4.062 4.062] | Δticks -0.812 | dist 4.197 | ETA 1325.4h
step  12190 | T=4 | loss 7.4563 | lr 3.00e-04 | grad 1.84 | 3.2k tok/s (avg 2.1k) | cert 0.39→0.61 | ticks [5.062 4.281 4.312 4.219] | Δticks -0.844 | dist 3.611 | ETA 1325.0h
step  12200 | T=4 | loss 8.7672 | lr 3.00e-04 | grad 2.67 | 1.8k tok/s (avg 2.1k) | cert 0.48→0.63 | ticks [4.562 3.922 3.906 3.891] | Δticks -0.672 | dist 5.263 | ETA 1325.2h
step  12210 | T=4 | loss 7.8744 | lr 3.00e-04 | grad 1.47 | 1.8k tok/s (avg 2.1k) | cert 0.53→0.62 | ticks [4.500 4.219 3.875 3.875] | Δticks -0.625 | dist 4.480 | ETA 1325.4h
step  12220 | T=4 | loss 7.9746 | lr 3.00e-04 | grad 1.47 | 3.2k tok/s (avg 2.1k) | cert 0.38→0.54 | ticks [5.500 5.156 4.969 4.906] | Δticks -0.594 | dist 3.392 | ETA 1325.1h
step  12230 | T=4 | loss 9.7342 | lr 3.00e-04 | grad 1.79 | 1.8k tok/s (avg 2.1k) | cert 0.47→0.61 | ticks [5.188 4.500 4.375 4.406] | Δticks -0.781 | dist 5.620 | ETA 1325.2h
step  12240 | T=4 | loss 9.2131 | lr 3.00e-04 | grad 1.45 | 1.8k tok/s (avg 2.1k) | cert 0.43→0.55 | ticks [5.719 5.125 5.125 5.031] | Δticks -0.688 | dist 4.458 | ETA 1325.5h
step  12250 | T=4 | loss 8.8617 | lr 3.00e-04 | grad 1.45 | 3.2k tok/s (avg 2.1k) | cert 0.55→0.64 | ticks [4.625 4.156 4.125 4.219] | Δticks -0.406 | dist 5.110 | ETA 1325.1h
step  12260 | T=4 | loss 9.5202 | lr 3.00e-04 | grad 1.83 | 1.8k tok/s (avg 2.1k) | cert 0.35→0.53 | ticks [6.750 6.094 6.062 6.000] | Δticks -0.750 | dist 3.919 | ETA 1325.3h
step  12270 | T=4 | loss 12.6483 | lr 3.00e-04 | grad 1.83 | 3.2k tok/s (avg 2.1k) | cert 0.66→0.63 | ticks [4.000 3.922 3.859 3.844] | Δticks -0.156 | dist 9.385 | ETA 1324.9h
step  12280 | T=4 | loss 7.3760 | lr 3.00e-04 | grad 2.34 | 1.9k tok/s (avg 2.1k) | cert 0.51→0.68 | ticks [4.312 3.656 3.891 3.672] | Δticks -0.641 | dist 4.055 | ETA 1325.1h
step  12290 | T=4 | loss 10.1221 | lr 3.00e-04 | grad 1.69 | 1.8k tok/s (avg 2.1k) | cert 0.38→0.55 | ticks [5.781 5.094 4.906 4.938] | Δticks -0.844 | dist 5.548 | ETA 1325.3h
step  12300 | T=4 | loss 7.5319 | lr 3.00e-04 | grad 1.69 | 3.2k tok/s (avg 2.1k) | cert 0.48→0.61 | ticks [5.438 5.031 4.812 4.812] | Δticks -0.625 | dist 3.185 | ETA 1324.9h
step  12310 | T=4 | loss 8.8633 | lr 3.00e-04 | grad 2.69 | 1.9k tok/s (avg 2.1k) | cert 0.37→0.55 | ticks [6.062 5.531 5.344 5.250] | Δticks -0.812 | dist 3.927 | ETA 1325.1h
step  12320 | T=4 | loss 8.2377 | lr 3.00e-04 | grad 1.79 | 1.8k tok/s (avg 2.1k) | cert 0.27→0.51 | ticks [6.219 5.375 5.312 5.312] | Δticks -0.906 | dist 3.352 | ETA 1325.3h
step  12330 | T=4 | loss 10.7932 | lr 3.00e-04 | grad 1.79 | 3.2k tok/s (avg 2.1k) | cert 0.23→0.54 | ticks [6.531 5.469 5.281 5.312] | Δticks -1.219 | dist 5.939 | ETA 1324.9h
step  12340 | T=4 | loss 8.0900 | lr 3.00e-04 | grad 2.02 | 1.8k tok/s (avg 2.1k) | cert 0.34→0.56 | ticks [6.281 5.500 5.406 5.438] | Δticks -0.844 | dist 3.044 | ETA 1325.1h
step  12350 | T=4 | loss 8.3335 | lr 3.00e-04 | grad 2.02 | 3.2k tok/s (avg 2.1k) | cert 0.34→0.55 | ticks [5.562 4.656 4.688 4.750] | Δticks -0.812 | dist 3.928 | ETA 1324.7h
step  12360 | T=4 | loss 9.5933 | lr 3.00e-04 | grad 2.98 | 1.8k tok/s (avg 2.1k) | cert 0.45→0.56 | ticks [5.562 5.031 5.094 4.969] | Δticks -0.594 | dist 4.948 | ETA 1324.9h
step  12370 | T=4 | loss 11.7538 | lr 3.00e-04 | grad 1.94 | 1.8k tok/s (avg 2.1k) | cert 0.65→0.63 | ticks [4.281 3.797 3.844 3.719] | Δticks -0.562 | dist 8.314 | ETA 1325.1h
step  12380 | T=4 | loss 12.5936 | lr 3.00e-04 | grad 1.94 | 3.2k tok/s (avg 2.1k) | cert 0.68→0.64 | ticks [4.250 3.844 3.766 3.766] | Δticks -0.484 | dist 9.162 | ETA 1324.7h
step  12390 | T=4 | loss 8.3120 | lr 3.00e-04 | grad 1.54 | 1.8k tok/s (avg 2.1k) | cert 0.29→0.51 | ticks [6.438 5.812 5.719 5.594] | Δticks -0.844 | dist 3.018 | ETA 1324.9h
step  12400 | T=4 | loss 9.2621 | lr 3.00e-04 | grad 1.65 | 1.8k tok/s (avg 2.1k) | cert 0.49→0.61 | ticks [5.031 4.531 4.344 4.406] | Δticks -0.625 | dist 5.254 | ETA 1325.1h
step  12410 | T=4 | loss 7.2811 | lr 3.00e-04 | grad 1.65 | 3.2k tok/s (avg 2.1k) | cert 0.27→0.53 | ticks [6.000 4.938 4.844 4.781] | Δticks -1.219 | dist 2.734 | ETA 1324.7h
step  12420 | T=4 | loss 10.1166 | lr 3.00e-04 | grad 1.64 | 1.9k tok/s (avg 2.1k) | cert 0.31→0.52 | ticks [6.156 5.562 5.562 5.562] | Δticks -0.594 | dist 5.009 | ETA 1324.9h
step  12430 | T=4 | loss 9.6421 | lr 3.00e-04 | grad 1.64 | 3.2k tok/s (avg 2.1k) | cert 0.36→0.59 | ticks [5.469 4.938 4.625 4.594] | Δticks -0.875 | dist 5.481 | ETA 1324.6h
step  12440 | T=4 | loss 8.9587 | lr 3.00e-04 | grad 1.66 | 1.8k tok/s (avg 2.1k) | cert 0.24→0.48 | ticks [7.312 6.156 5.969 5.906] | Δticks -1.406 | dist 3.326 | ETA 1324.7h
step  12450 | T=4 | loss 8.1633 | lr 3.00e-04 | grad 1.53 | 1.8k tok/s (avg 2.1k) | cert 0.30→0.54 | ticks [6.469 5.750 5.781 5.688] | Δticks -0.781 | dist 2.864 | ETA 1324.9h
step  12460 | T=4 | loss 8.9817 | lr 3.00e-04 | grad 1.53 | 3.2k tok/s (avg 2.1k) | cert 0.39→0.61 | ticks [5.406 4.875 4.688 4.656] | Δticks -0.750 | dist 4.727 | ETA 1324.6h
step  12470 | T=4 | loss 8.7620 | lr 3.00e-04 | grad 2.05 | 1.8k tok/s (avg 2.1k) | cert 0.42→0.57 | ticks [5.656 5.062 4.938 4.906] | Δticks -0.750 | dist 4.110 | ETA 1324.7h
step  12480 | T=4 | loss 8.5994 | lr 3.00e-04 | grad 2.09 | 1.8k tok/s (avg 2.1k) | cert 0.39→0.55 | ticks [6.031 5.438 5.344 5.250] | Δticks -0.781 | dist 3.651 | ETA 1324.9h
step  12490 | T=4 | loss 10.5781 | lr 3.00e-04 | grad 2.09 | 3.2k tok/s (avg 2.1k) | cert 0.36→0.57 | ticks [5.844 5.281 5.344 5.344] | Δticks -0.500 | dist 5.655 | ETA 1324.6h
step  12500 | T=4 | loss 11.2226 | lr 3.00e-04 | grad 2.08 | 1.8k tok/s (avg 2.1k) | cert 0.39→0.52 | ticks [6.594 5.688 5.531 5.656] | Δticks -0.938 | dist 6.004 | ETA 1324.7h
step  12510 | T=4 | loss 8.7503 | lr 3.00e-04 | grad 2.08 | 3.2k tok/s (avg 2.1k) | cert 0.30→0.51 | ticks [6.125 5.281 5.219 5.219] | Δticks -0.906 | dist 3.869 | ETA 1324.4h
step  12520 | T=4 | loss 10.0759 | lr 3.00e-04 | grad 1.98 | 1.8k tok/s (avg 2.1k) | cert 0.62→0.60 | ticks [4.156 3.875 3.906 3.781] | Δticks -0.375 | dist 6.616 | ETA 1324.6h
step  12530 | T=4 | loss 9.6281 | lr 3.00e-04 | grad 1.88 | 1.9k tok/s (avg 2.1k) | cert 0.49→0.61 | ticks [5.219 4.719 4.406 4.500] | Δticks -0.719 | dist 5.573 | ETA 1324.7h
step  12540 | T=4 | loss 9.2186 | lr 3.00e-04 | grad 1.88 | 3.1k tok/s (avg 2.1k) | cert 0.51→0.63 | ticks [4.938 4.062 3.938 4.062] | Δticks -0.875 | dist 5.604 | ETA 1324.4h
step  12550 | T=4 | loss 14.5649 | lr 3.00e-04 | grad 1.61 | 1.9k tok/s (avg 2.1k) | cert 0.39→0.53 | ticks [5.344 4.938 4.875 4.750] | Δticks -0.594 | dist 10.116 | ETA 1324.5h
step  12560 | T=4 | loss 9.5626 | lr 3.00e-04 | grad 2.33 | 1.8k tok/s (avg 2.1k) | cert 0.37→0.50 | ticks [5.938 5.500 5.562 5.469] | Δticks -0.469 | dist 4.415 | ETA 1324.7h
step  12570 | T=4 | loss 8.4583 | lr 3.00e-04 | grad 2.33 | 3.2k tok/s (avg 2.1k) | cert 0.57→0.63 | ticks [4.750 4.062 4.094 3.984] | Δticks -0.766 | dist 4.810 | ETA 1324.4h
step  12580 | T=4 | loss 7.3469 | lr 3.00e-04 | grad 1.81 | 1.8k tok/s (avg 2.1k) | cert 0.53→0.66 | ticks [4.375 4.000 3.828 3.734] | Δticks -0.641 | dist 3.985 | ETA 1324.5h
step  12590 | T=4 | loss 8.7715 | lr 3.00e-04 | grad 1.81 | 3.2k tok/s (avg 2.1k) | cert 0.37→0.54 | ticks [6.594 5.750 5.719 5.719] | Δticks -0.875 | dist 3.402 | ETA 1324.2h
step  12600 | T=4 | loss 7.1855 | lr 3.00e-04 | grad 1.44 | 1.9k tok/s (avg 2.1k) | cert 0.46→0.64 | ticks [5.000 4.312 4.000 4.000] | Δticks -1.000 | dist 3.582 | ETA 1324.4h
step  12610 | T=4 | loss 9.2134 | lr 3.00e-04 | grad 1.97 | 1.9k tok/s (avg 2.1k) | cert 0.25→0.53 | ticks [6.844 5.812 5.688 5.781] | Δticks -1.062 | dist 3.908 | ETA 1324.5h
step  12620 | T=4 | loss 9.0816 | lr 3.00e-04 | grad 1.97 | 3.2k tok/s (avg 2.1k) | cert 0.42→0.57 | ticks [5.469 4.781 4.750 4.781] | Δticks -0.688 | dist 4.655 | ETA 1324.2h
step  12630 | T=4 | loss 11.5514 | lr 3.00e-04 | grad 1.75 | 1.8k tok/s (avg 2.1k) | cert 0.60→0.63 | ticks [5.531 4.594 4.719 4.781] | Δticks -0.750 | dist 7.086 | ETA 1324.4h
step  12640 | T=4 | loss 10.1309 | lr 3.00e-04 | grad 2.03 | 1.8k tok/s (avg 2.1k) | cert 0.59→0.64 | ticks [4.969 4.188 4.031 4.125] | Δticks -0.844 | dist 6.214 | ETA 1324.5h
step  12650 | T=4 | loss 10.0542 | lr 3.00e-04 | grad 2.03 | 3.2k tok/s (avg 2.1k) | cert 0.23→0.47 | ticks [7.875 6.844 6.781 6.906] | Δticks -0.969 | dist 3.584 | ETA 1324.2h
step  12660 | T=4 | loss 9.1483 | lr 3.00e-04 | grad 2.31 | 1.9k tok/s (avg 2.1k) | cert 0.31→0.53 | ticks [6.156 5.438 5.469 5.344] | Δticks -0.812 | dist 4.094 | ETA 1324.4h
step  12670 | T=4 | loss 7.6768 | lr 3.00e-04 | grad 2.31 | 3.2k tok/s (avg 2.1k) | cert 0.47→0.61 | ticks [4.625 4.188 4.094 4.000] | Δticks -0.625 | dist 4.111 | ETA 1324.0h
step  12680 | T=4 | loss 16.5685 | lr 3.00e-04 | grad 1.77 | 1.9k tok/s (avg 2.1k) | cert 0.64→0.62 | ticks [4.156 4.000 3.906 3.797] | Δticks -0.359 | dist 13.075 | ETA 1324.2h
step  12690 | T=4 | loss 9.2313 | lr 3.00e-04 | grad 1.92 | 1.8k tok/s (avg 2.1k) | cert 0.52→0.57 | ticks [5.531 5.219 5.125 5.031] | Δticks -0.500 | dist 4.471 | ETA 1324.3h
step  12700 | T=4 | loss 7.8462 | lr 3.00e-04 | grad 1.92 | 3.2k tok/s (avg 2.1k) | cert 0.51→0.63 | ticks [4.375 3.875 3.719 3.812] | Δticks -0.562 | dist 4.486 | ETA 1324.0h
step  12710 | T=4 | loss 12.3343 | lr 3.00e-04 | grad 2.27 | 1.8k tok/s (avg 2.1k) | cert 0.67→0.65 | ticks [4.031 3.859 3.797 3.734] | Δticks -0.297 | dist 9.097 | ETA 1324.2h
step  12720 | T=4 | loss 8.5359 | lr 3.00e-04 | grad 1.52 | 1.8k tok/s (avg 2.1k) | cert 0.33→0.52 | ticks [6.594 5.938 5.844 5.812] | Δticks -0.781 | dist 3.093 | ETA 1324.3h
step  12730 | T=4 | loss 13.0020 | lr 3.00e-04 | grad 1.52 | 3.2k tok/s (avg 2.1k) | cert 0.67→0.66 | ticks [4.094 3.938 3.812 3.891] | Δticks -0.203 | dist 9.633 | ETA 1324.0h
step  12740 | T=4 | loss 10.3537 | lr 3.00e-04 | grad 1.60 | 1.8k tok/s (avg 2.1k) | cert 0.41→0.51 | ticks [5.312 4.781 4.500 4.438] | Δticks -0.875 | dist 6.217 | ETA 1324.2h
step  12750 | T=4 | loss 7.5581 | lr 3.00e-04 | grad 1.60 | 3.2k tok/s (avg 2.1k) | cert 0.57→0.67 | ticks [4.438 4.031 3.812 3.812] | Δticks -0.625 | dist 4.154 | ETA 1323.8h
step  12760 | T=4 | loss 9.6068 | lr 3.00e-04 | grad 1.40 | 1.9k tok/s (avg 2.1k) | cert 0.62→0.66 | ticks [4.094 3.969 3.734 3.641] | Δticks -0.453 | dist 6.317 | ETA 1324.0h
step  12770 | T=4 | loss 9.6281 | lr 3.00e-04 | grad 1.43 | 1.8k tok/s (avg 2.1k) | cert 0.35→0.54 | ticks [5.812 5.188 5.156 5.031] | Δticks -0.781 | dist 4.906 | ETA 1324.2h
step  12780 | T=4 | loss 8.0325 | lr 3.00e-04 | grad 1.43 | 3.2k tok/s (avg 2.1k) | cert 0.42→0.62 | ticks [5.031 4.312 4.156 4.125] | Δticks -0.906 | dist 4.339 | ETA 1323.8h
step  12790 | T=4 | loss 9.0534 | lr 3.00e-04 | grad 1.95 | 1.9k tok/s (avg 2.1k) | cert 0.41→0.59 | ticks [5.156 4.688 4.531 4.469] | Δticks -0.688 | dist 5.037 | ETA 1324.0h
step  12800 | T=4 | loss 9.6182 | lr 3.00e-04 | grad 1.77 | 1.8k tok/s (avg 2.1k) | cert 0.54→0.63 | ticks [4.656 3.891 3.984 3.969] | Δticks -0.688 | dist 5.971 | ETA 1324.2h
step  12810 | T=4 | loss 9.6419 | lr 3.00e-04 | grad 1.77 | 3.2k tok/s (avg 2.1k) | cert 0.32→0.52 | ticks [6.344 5.656 5.688 5.688] | Δticks -0.656 | dist 4.346 | ETA 1323.8h
step  12820 | T=4 | loss 9.1199 | lr 3.00e-04 | grad 1.54 | 1.8k tok/s (avg 2.1k) | cert 0.30→0.57 | ticks [5.844 5.094 4.844 4.844] | Δticks -1.000 | dist 4.734 | ETA 1324.0h
step  12830 | T=4 | loss 8.0659 | lr 3.00e-04 | grad 1.54 | 3.2k tok/s (avg 2.1k) | cert 0.52→0.59 | ticks [5.062 4.562 4.625 4.562] | Δticks -0.500 | dist 3.883 | ETA 1323.7h
step  12840 | T=4 | loss 8.8815 | lr 3.00e-04 | grad 1.94 | 1.8k tok/s (avg 2.1k) | cert 0.37→0.55 | ticks [6.750 5.938 5.906 5.875] | Δticks -0.875 | dist 3.347 | ETA 1323.8h
step  12850 | T=4 | loss 8.2660 | lr 3.00e-04 | grad 1.49 | 1.9k tok/s (avg 2.1k) | cert 0.46→0.65 | ticks [4.656 4.125 3.875 3.812] | Δticks -0.844 | dist 4.754 | ETA 1324.0h
step  12860 | T=4 | loss 7.3138 | lr 3.00e-04 | grad 1.49 | 3.2k tok/s (avg 2.1k) | cert 0.24→0.52 | ticks [6.375 5.562 5.281 5.281] | Δticks -1.094 | dist 2.364 | ETA 1323.7h
step  12870 | T=4 | loss 7.4557 | lr 3.00e-04 | grad 1.48 | 1.8k tok/s (avg 2.1k) | cert 0.45→0.65 | ticks [4.875 4.281 4.156 4.156] | Δticks -0.719 | dist 3.737 | ETA 1323.8h
step  12880 | T=4 | loss 9.7238 | lr 3.00e-04 | grad 1.66 | 1.8k tok/s (avg 2.1k) | cert 0.51→0.63 | ticks [4.969 4.312 4.125 4.156] | Δticks -0.812 | dist 5.877 | ETA 1324.0h
step  12890 | T=4 | loss 8.6044 | lr 3.00e-04 | grad 1.66 | 3.2k tok/s (avg 2.1k) | cert 0.24→0.49 | ticks [6.875 6.094 6.031 6.031] | Δticks -0.844 | dist 2.966 | ETA 1323.7h
step  12900 | T=4 | loss 8.3056 | lr 3.00e-04 | grad 1.66 | 1.8k tok/s (avg 2.1k) | cert 0.37→0.55 | ticks [6.375 5.562 5.594 5.500] | Δticks -0.875 | dist 3.198 | ETA 1323.8h
step  12910 | T=4 | loss 14.7690 | lr 3.00e-04 | grad 1.66 | 3.2k tok/s (avg 2.1k) | cert 0.61→0.60 | ticks [5.031 4.531 4.469 4.531] | Δticks -0.500 | dist 10.647 | ETA 1323.5h
step  12920 | T=4 | loss 8.0105 | lr 3.00e-04 | grad 1.80 | 1.9k tok/s (avg 2.1k) | cert 0.22→0.52 | ticks [7.125 6.125 6.000 5.906] | Δticks -1.219 | dist 2.503 | ETA 1323.7h
step  12930 | T=4 | loss 11.7157 | lr 3.00e-04 | grad 1.62 | 1.8k tok/s (avg 2.1k) | cert 0.43→0.57 | ticks [5.469 5.000 4.938 4.875] | Δticks -0.594 | dist 7.274 | ETA 1323.8h
step  12940 | T=4 | loss 13.7581 | lr 3.00e-04 | grad 1.62 | 3.2k tok/s (avg 2.1k) | cert 0.59→0.61 | ticks [4.531 4.406 4.312 4.188] | Δticks -0.344 | dist 9.982 | ETA 1323.5h
step  12950 | T=4 | loss 7.0457 | lr 3.00e-04 | grad 1.60 | 1.8k tok/s (avg 2.1k) | cert 0.32→0.54 | ticks [5.438 4.469 4.500 4.500] | Δticks -0.938 | dist 2.966 | ETA 1323.7h
step  12960 | T=4 | loss 8.7326 | lr 3.00e-04 | grad 1.63 | 1.8k tok/s (avg 2.1k) | cert 0.24→0.48 | ticks [7.094 6.375 6.250 6.344] | Δticks -0.750 | dist 2.869 | ETA 1323.8h
step  12970 | T=4 | loss 7.9482 | lr 3.00e-04 | grad 1.63 | 3.2k tok/s (avg 2.1k) | cert 0.38→0.62 | ticks [4.781 4.094 3.812 3.875] | Δticks -0.906 | dist 4.566 | ETA 1323.5h
step  12980 | T=4 | loss 9.4488 | lr 3.00e-04 | grad 1.76 | 1.8k tok/s (avg 2.1k) | cert 0.41→0.56 | ticks [5.531 5.125 4.969 4.969] | Δticks -0.562 | dist 4.945 | ETA 1323.7h
step  12990 | T=4 | loss 10.4881 | lr 3.00e-04 | grad 1.76 | 3.2k tok/s (avg 2.1k) | cert 0.40→0.57 | ticks [5.156 4.656 4.594 4.625] | Δticks -0.531 | dist 6.259 | ETA 1323.3h
step  13000 | T=4 | loss 12.0169 | lr 3.00e-04 | grad 2.05 | 1.8k tok/s (avg 2.1k) | cert 0.59→0.61 | ticks [4.469 4.125 4.156 4.094] | Δticks -0.375 | dist 8.224 | ETA 1323.5h
[CachedTeacherDataset/eval] 9 shards (of 199 total) under teacher_cache/phase1 | seq_len=512 top_k=128
  >>> val @ step 13000:
  T=4 | CE=4.4979 | PPL=89.83 | top1=22.5% | top5=42.7% | (25600 tok)
step  13010 | T=4 | loss 7.0621 | lr 3.00e-04 | grad 1.83 | 0.8k tok/s (avg 2.1k) | cert 0.39→0.58 | ticks [4.875 4.125 4.188 4.125] | Δticks -0.750 | dist 3.220 | ETA 1325.3h
step  13020 | T=4 | loss 7.2089 | lr 3.00e-04 | grad 1.83 | 3.2k tok/s (avg 2.1k) | cert 0.49→0.63 | ticks [4.344 3.750 3.547 3.484] | Δticks -0.859 | dist 4.051 | ETA 1324.9h
step  13030 | T=4 | loss 7.8948 | lr 3.00e-04 | grad 1.56 | 1.8k tok/s (avg 2.1k) | cert 0.27→0.53 | ticks [6.250 5.219 5.125 5.031] | Δticks -1.219 | dist 3.201 | ETA 1325.1h
step  13040 | T=4 | loss 8.2405 | lr 3.00e-04 | grad 3.14 | 1.8k tok/s (avg 2.1k) | cert 0.26→0.51 | ticks [6.469 5.781 5.688 5.719] | Δticks -0.750 | dist 2.974 | ETA 1325.3h
step  13050 | T=4 | loss 8.9774 | lr 3.00e-04 | grad 3.14 | 3.2k tok/s (avg 2.1k) | cert 0.35→0.54 | ticks [6.250 5.562 5.406 5.469] | Δticks -0.781 | dist 3.927 | ETA 1324.9h
step  13060 | T=4 | loss 12.6795 | lr 3.00e-04 | grad 2.91 | 1.8k tok/s (avg 2.1k) | cert 0.30→0.48 | ticks [6.781 6.000 5.969 5.969] | Δticks -0.812 | dist 7.111 | ETA 1325.1h
step  13070 | T=4 | loss 7.9583 | lr 3.00e-04 | grad 2.91 | 3.2k tok/s (avg 2.1k) | cert 0.33→0.53 | ticks [5.969 5.344 5.250 5.219] | Δticks -0.750 | dist 3.064 | ETA 1324.8h
step  13080 | T=4 | loss 8.8431 | lr 3.00e-04 | grad 1.68 | 1.8k tok/s (avg 2.1k) | cert 0.46→0.62 | ticks [5.219 4.812 4.750 4.781] | Δticks -0.438 | dist 4.573 | ETA 1324.9h
step  13090 | T=4 | loss 8.1050 | lr 3.00e-04 | grad 2.52 | 1.9k tok/s (avg 2.1k) | cert 0.51→0.57 | ticks [5.156 4.812 4.844 4.750] | Δticks -0.406 | dist 3.740 | ETA 1325.1h
step  13100 | T=4 | loss 9.5270 | lr 3.00e-04 | grad 2.52 | 3.2k tok/s (avg 2.1k) | cert 0.41→0.55 | ticks [6.000 5.562 5.594 5.531] | Δticks -0.469 | dist 4.357 | ETA 1324.8h
step  13110 | T=4 | loss 7.1376 | lr 3.00e-04 | grad 3.61 | 1.8k tok/s (avg 2.1k) | cert 0.29→0.56 | ticks [5.688 4.594 4.625 4.531] | Δticks -1.156 | dist 2.935 | ETA 1324.9h
step  13120 | T=4 | loss 7.8254 | lr 3.00e-04 | grad 1.93 | 1.8k tok/s (avg 2.1k) | cert 0.34→0.59 | ticks [5.375 4.406 4.312 4.406] | Δticks -0.969 | dist 3.919 | ETA 1325.1h
step  13130 | T=4 | loss 9.8536 | lr 3.00e-04 | grad 1.93 | 3.2k tok/s (avg 2.1k) | cert 0.23→0.48 | ticks [7.344 6.656 6.656 6.656] | Δticks -0.688 | dist 3.694 | ETA 1324.7h
step  13140 | T=4 | loss 8.4033 | lr 3.00e-04 | grad 1.66 | 1.9k tok/s (avg 2.1k) | cert 0.41→0.61 | ticks [5.156 4.656 4.469 4.469] | Δticks -0.688 | dist 4.384 | ETA 1324.9h
step  13150 | T=4 | loss 8.2333 | lr 3.00e-04 | grad 1.66 | 3.2k tok/s (avg 2.1k) | cert 0.41→0.60 | ticks [4.844 3.969 3.812 4.219] | Δticks -0.625 | dist 4.675 | ETA 1324.6h
step  13160 | T=4 | loss 8.2935 | lr 3.00e-04 | grad 3.02 | 1.8k tok/s (avg 2.1k) | cert 0.39→0.54 | ticks [5.844 5.531 5.281 5.188] | Δticks -0.656 | dist 3.439 | ETA 1324.7h
step  13170 | T=4 | loss 8.2982 | lr 3.00e-04 | grad 1.55 | 1.8k tok/s (avg 2.1k) | cert 0.52→0.60 | ticks [5.125 4.719 4.594 4.562] | Δticks -0.562 | dist 4.190 | ETA 1324.9h
step  13180 | T=4 | loss 9.1122 | lr 3.00e-04 | grad 1.55 | 3.2k tok/s (avg 2.1k) | cert 0.47→0.58 | ticks [4.750 4.094 3.953 3.969] | Δticks -0.781 | dist 5.540 | ETA 1324.6h
step  13190 | T=4 | loss 8.7537 | lr 3.00e-04 | grad 1.70 | 1.8k tok/s (avg 2.1k) | cert 0.50→0.62 | ticks [4.938 4.750 4.344 4.312] | Δticks -0.625 | dist 4.810 | ETA 1324.7h
step  13200 | T=4 | loss 7.9977 | lr 3.00e-04 | grad 1.62 | 1.8k tok/s (avg 2.1k) | cert 0.47→0.63 | ticks [4.500 3.766 3.562 3.500] | Δticks -1.000 | dist 4.780 | ETA 1324.9h
step  13210 | T=4 | loss 10.6046 | lr 3.00e-04 | grad 1.62 | 3.2k tok/s (avg 2.1k) | cert 0.35→0.56 | ticks [6.625 5.656 5.406 5.406] | Δticks -1.219 | dist 5.505 | ETA 1324.6h
step  13220 | T=4 | loss 7.4360 | lr 3.00e-04 | grad 1.92 | 1.8k tok/s (avg 2.1k) | cert 0.53→0.65 | ticks [4.375 4.094 3.953 3.891] | Δticks -0.484 | dist 3.973 | ETA 1324.7h
step  13230 | T=4 | loss 11.5531 | lr 3.00e-04 | grad 1.92 | 3.2k tok/s (avg 2.1k) | cert 0.57→0.58 | ticks [5.031 4.625 4.750 4.688] | Δticks -0.344 | dist 7.308 | ETA 1324.4h
step  13240 | T=4 | loss 6.7460 | lr 3.00e-04 | grad 1.55 | 1.8k tok/s (avg 2.1k) | cert 0.53→0.67 | ticks [3.938 3.984 3.453 3.438] | Δticks -0.500 | dist 3.727 | ETA 1324.6h
step  13250 | T=4 | loss 7.7305 | lr 3.00e-04 | grad 1.62 | 1.8k tok/s (avg 2.1k) | cert 0.49→0.63 | ticks [4.688 4.250 4.000 3.969] | Δticks -0.719 | dist 4.108 | ETA 1324.7h
step  13260 | T=4 | loss 8.1847 | lr 3.00e-04 | grad 1.62 | 3.2k tok/s (avg 2.1k) | cert 0.43→0.61 | ticks [4.906 4.406 4.219 4.156] | Δticks -0.750 | dist 4.434 | ETA 1324.4h
step  13270 | T=4 | loss 9.0022 | lr 3.00e-04 | grad 1.53 | 1.8k tok/s (avg 2.1k) | cert 0.29→0.52 | ticks [6.750 5.906 5.750 5.719] | Δticks -1.031 | dist 3.597 | ETA 1324.6h
step  13280 | T=4 | loss 7.5611 | lr 3.00e-04 | grad 1.45 | 1.8k tok/s (avg 2.1k) | cert 0.49→0.64 | ticks [4.406 3.953 3.734 3.781] | Δticks -0.625 | dist 4.174 | ETA 1324.7h
step  13290 | T=4 | loss 7.4043 | lr 3.00e-04 | grad 1.45 | 3.2k tok/s (avg 2.1k) | cert 0.44→0.62 | ticks [4.562 3.750 3.828 3.797] | Δticks -0.766 | dist 4.000 | ETA 1324.4h
step  13300 | T=4 | loss 7.0761 | lr 3.00e-04 | grad 1.66 | 1.8k tok/s (avg 2.1k) | cert 0.37→0.60 | ticks [5.188 4.344 4.188 4.188] | Δticks -1.000 | dist 3.365 | ETA 1324.6h
step  13310 | T=4 | loss 7.7762 | lr 3.00e-04 | grad 1.66 | 3.2k tok/s (avg 2.1k) | cert 0.25→0.52 | ticks [6.375 5.594 5.469 5.531] | Δticks -0.844 | dist 2.663 | ETA 1324.3h
step  13320 | T=4 | loss 7.2045 | lr 3.00e-04 | grad 1.93 | 1.8k tok/s (avg 2.1k) | cert 0.57→0.62 | ticks [4.125 3.672 3.594 3.578] | Δticks -0.547 | dist 4.032 | ETA 1324.4h
step  13330 | T=4 | loss 10.3993 | lr 3.00e-04 | grad 1.71 | 1.8k tok/s (avg 2.1k) | cert 0.58→0.64 | ticks [4.906 4.281 4.188 4.188] | Δticks -0.719 | dist 6.542 | ETA 1324.6h
step  13340 | T=4 | loss 8.2230 | lr 3.00e-04 | grad 1.71 | 3.2k tok/s (avg 2.1k) | cert 0.38→0.55 | ticks [6.156 5.531 5.469 5.438] | Δticks -0.719 | dist 3.187 | ETA 1324.3h
step  13350 | T=4 | loss 8.9891 | lr 3.00e-04 | grad 1.47 | 1.8k tok/s (avg 2.1k) | cert 0.40→0.59 | ticks [5.406 4.562 4.469 4.469] | Δticks -0.938 | dist 4.961 | ETA 1324.4h
step  13360 | T=4 | loss 8.2306 | lr 3.00e-04 | grad 1.77 | 1.8k tok/s (avg 2.1k) | cert 0.45→0.65 | ticks [5.125 4.438 4.250 4.312] | Δticks -0.812 | dist 4.326 | ETA 1324.6h
step  13370 | T=4 | loss 12.3156 | lr 3.00e-04 | grad 1.77 | 3.2k tok/s (avg 2.1k) | cert 0.68→0.67 | ticks [4.406 4.250 4.062 4.000] | Δticks -0.406 | dist 8.735 | ETA 1324.3h
step  13380 | T=4 | loss 8.6166 | lr 3.00e-04 | grad 1.52 | 1.8k tok/s (avg 2.1k) | cert 0.52→0.64 | ticks [4.750 4.312 4.250 4.156] | Δticks -0.594 | dist 4.868 | ETA 1324.4h
step  13390 | T=4 | loss 12.3920 | lr 3.00e-04 | grad 1.52 | 3.2k tok/s (avg 2.1k) | cert 0.36→0.50 | ticks [5.969 5.531 5.469 5.438] | Δticks -0.531 | dist 7.284 | ETA 1324.1h
step  13400 | T=4 | loss 11.5130 | lr 3.00e-04 | grad 2.22 | 1.8k tok/s (avg 2.1k) | cert 0.50→0.58 | ticks [5.438 4.938 4.688 4.656] | Δticks -0.781 | dist 7.113 | ETA 1324.3h
step  13410 | T=4 | loss 7.7384 | lr 3.00e-04 | grad 1.87 | 1.8k tok/s (avg 2.1k) | cert 0.48→0.61 | ticks [5.000 4.438 4.250 4.312] | Δticks -0.688 | dist 3.930 | ETA 1324.4h
step  13420 | T=4 | loss 8.8610 | lr 3.00e-04 | grad 1.87 | 3.2k tok/s (avg 2.1k) | cert 0.40→0.58 | ticks [5.844 4.938 5.094 5.000] | Δticks -0.844 | dist 4.321 | ETA 1324.1h
step  13430 | T=4 | loss 8.4606 | lr 3.00e-04 | grad 1.88 | 1.8k tok/s (avg 2.1k) | cert 0.47→0.57 | ticks [5.656 5.094 5.031 4.969] | Δticks -0.688 | dist 3.854 | ETA 1324.3h
step  13440 | T=4 | loss 8.8260 | lr 3.00e-04 | grad 2.16 | 1.8k tok/s (avg 2.1k) | cert 0.32→0.58 | ticks [5.969 5.281 5.094 5.125] | Δticks -0.844 | dist 4.158 | ETA 1324.4h
step  13450 | T=4 | loss 9.5089 | lr 3.00e-04 | grad 2.16 | 3.2k tok/s (avg 2.1k) | cert 0.39→0.56 | ticks [5.875 5.156 5.281 5.188] | Δticks -0.688 | dist 4.731 | ETA 1324.1h
step  13460 | T=4 | loss 11.1924 | lr 3.00e-04 | grad 1.75 | 1.8k tok/s (avg 2.1k) | cert 0.50→0.60 | ticks [5.250 4.531 4.375 4.375] | Δticks -0.875 | dist 7.107 | ETA 1324.3h
step  13470 | T=4 | loss 8.3853 | lr 3.00e-04 | grad 1.75 | 3.2k tok/s (avg 2.1k) | cert 0.34→0.57 | ticks [6.250 5.531 5.375 5.344] | Δticks -0.906 | dist 3.478 | ETA 1324.0h
step  13480 | T=4 | loss 9.1616 | lr 3.00e-04 | grad 2.19 | 1.8k tok/s (avg 2.1k) | cert 0.38→0.56 | ticks [6.469 5.875 5.844 5.812] | Δticks -0.656 | dist 3.867 | ETA 1324.1h
step  13490 | T=4 | loss 10.0259 | lr 3.00e-04 | grad 2.06 | 1.8k tok/s (avg 2.1k) | cert 0.43→0.62 | ticks [5.094 4.625 4.312 4.250] | Δticks -0.844 | dist 6.191 | ETA 1324.3h
step  13500 | T=4 | loss 9.9616 | lr 3.00e-04 | grad 2.06 | 3.2k tok/s (avg 2.1k) | cert 0.50→0.62 | ticks [4.656 4.281 4.031 4.000] | Δticks -0.656 | dist 6.341 | ETA 1324.0h
step  13510 | T=4 | loss 7.8171 | lr 3.00e-04 | grad 1.50 | 1.8k tok/s (avg 2.1k) | cert 0.45→0.62 | ticks [4.750 4.344 4.062 4.031] | Δticks -0.719 | dist 4.164 | ETA 1324.1h
step  13520 | T=4 | loss 9.6941 | lr 3.00e-04 | grad 1.61 | 1.8k tok/s (avg 2.1k) | cert 0.39→0.55 | ticks [5.969 5.469 5.406 5.406] | Δticks -0.562 | dist 4.654 | ETA 1324.3h
step  13530 | T=4 | loss 8.2143 | lr 3.00e-04 | grad 1.61 | 3.2k tok/s (avg 2.1k) | cert 0.53→0.61 | ticks [4.406 3.953 3.891 3.875] | Δticks -0.531 | dist 4.788 | ETA 1324.0h
step  13540 | T=4 | loss 9.8749 | lr 3.00e-04 | grad 1.97 | 1.9k tok/s (avg 2.1k) | cert 0.50→0.60 | ticks [5.062 4.500 4.312 4.344] | Δticks -0.719 | dist 5.838 | ETA 1324.1h
step  13550 | T=4 | loss 8.9037 | lr 3.00e-04 | grad 1.97 | 3.1k tok/s (avg 2.1k) | cert 0.38→0.62 | ticks [5.500 4.781 4.625 4.625] | Δticks -0.875 | dist 4.667 | ETA 1323.8h
step  13560 | T=4 | loss 9.7451 | lr 3.00e-04 | grad 1.98 | 1.9k tok/s (avg 2.1k) | cert 0.38→0.58 | ticks [4.906 4.094 3.984 3.938] | Δticks -0.969 | dist 6.218 | ETA 1324.0h
step  13570 | T=4 | loss 8.1682 | lr 3.00e-04 | grad 1.55 | 1.8k tok/s (avg 2.1k) | cert 0.32→0.54 | ticks [6.062 5.469 5.250 5.219] | Δticks -0.844 | dist 3.282 | ETA 1324.1h
step  13580 | T=4 | loss 8.0034 | lr 3.00e-04 | grad 1.55 | 3.2k tok/s (avg 2.1k) | cert 0.43→0.62 | ticks [4.688 3.922 3.906 3.891] | Δticks -0.797 | dist 4.595 | ETA 1323.8h
step  13590 | T=4 | loss 8.1975 | lr 3.00e-04 | grad 1.84 | 1.8k tok/s (avg 2.1k) | cert 0.31→0.54 | ticks [6.031 5.219 5.062 5.094] | Δticks -0.938 | dist 3.528 | ETA 1324.0h
step  13600 | T=4 | loss 9.4413 | lr 3.00e-04 | grad 2.36 | 1.8k tok/s (avg 2.1k) | cert 0.33→0.59 | ticks [5.938 5.219 5.000 4.938] | Δticks -1.000 | dist 4.926 | ETA 1324.1h
step  13610 | T=4 | loss 8.3496 | lr 3.00e-04 | grad 2.36 | 3.2k tok/s (avg 2.1k) | cert 0.41→0.62 | ticks [4.875 4.094 3.906 4.031] | Δticks -0.844 | dist 4.779 | ETA 1323.8h
step  13620 | T=4 | loss 9.3862 | lr 3.00e-04 | grad 2.17 | 1.8k tok/s (avg 2.1k) | cert 0.53→0.63 | ticks [5.000 4.594 4.344 4.250] | Δticks -0.750 | dist 5.516 | ETA 1324.0h
step  13630 | T=4 | loss 9.2202 | lr 3.00e-04 | grad 2.17 | 3.2k tok/s (avg 2.1k) | cert 0.53→0.60 | ticks [5.406 4.906 4.719 4.656] | Δticks -0.750 | dist 4.833 | ETA 1323.6h
step  13640 | T=4 | loss 10.6692 | lr 3.00e-04 | grad 1.36 | 1.8k tok/s (avg 2.1k) | cert 0.39→0.53 | ticks [6.250 5.750 5.750 5.688] | Δticks -0.562 | dist 5.287 | ETA 1323.8h
step  13650 | T=4 | loss 9.9169 | lr 3.00e-04 | grad 2.47 | 1.8k tok/s (avg 2.1k) | cert 0.36→0.54 | ticks [6.281 5.875 5.688 5.688] | Δticks -0.594 | dist 4.617 | ETA 1324.0h
step  13660 | T=4 | loss 7.6043 | lr 3.00e-04 | grad 2.47 | 3.2k tok/s (avg 2.1k) | cert 0.42→0.59 | ticks [4.938 4.312 4.281 4.281] | Δticks -0.656 | dist 3.800 | ETA 1323.6h
step  13670 | T=4 | loss 9.3425 | lr 3.00e-04 | grad 1.85 | 1.8k tok/s (avg 2.1k) | cert 0.26→0.51 | ticks [7.062 5.969 6.000 6.094] | Δticks -0.969 | dist 3.755 | ETA 1323.8h
step  13680 | T=4 | loss 9.8876 | lr 3.00e-04 | grad 2.16 | 1.8k tok/s (avg 2.1k) | cert 0.41→0.57 | ticks [6.000 5.188 5.156 5.062] | Δticks -0.938 | dist 5.056 | ETA 1324.0h
step  13690 | T=4 | loss 8.6463 | lr 3.00e-04 | grad 2.16 | 3.2k tok/s (avg 2.1k) | cert 0.54→0.62 | ticks [4.562 4.125 4.062 4.031] | Δticks -0.531 | dist 5.021 | ETA 1323.6h
step  13700 | T=4 | loss 6.6555 | lr 3.00e-04 | grad 1.69 | 1.8k tok/s (avg 2.1k) | cert 0.54→0.62 | ticks [4.406 3.719 3.609 3.703] | Δticks -0.703 | dist 3.385 | ETA 1323.8h
step  13710 | T=4 | loss 9.0047 | lr 3.00e-04 | grad 1.69 | 3.2k tok/s (avg 2.1k) | cert 0.48→0.63 | ticks [5.000 4.406 4.312 4.219] | Δticks -0.781 | dist 5.143 | ETA 1323.5h
step  13720 | T=4 | loss 6.6419 | lr 3.00e-04 | grad 1.59 | 1.9k tok/s (avg 2.1k) | cert 0.54→0.68 | ticks [4.438 4.156 3.828 3.750] | Δticks -0.688 | dist 3.202 | ETA 1323.6h
step  13730 | T=4 | loss 10.6322 | lr 3.00e-04 | grad 2.22 | 1.9k tok/s (avg 2.1k) | cert 0.46→0.58 | ticks [5.156 4.719 4.531 4.656] | Δticks -0.500 | dist 6.381 | ETA 1323.8h
step  13740 | T=4 | loss 6.9231 | lr 3.00e-04 | grad 2.22 | 3.2k tok/s (avg 2.1k) | cert 0.55→0.68 | ticks [4.188 3.578 3.359 3.375] | Δticks -0.812 | dist 3.861 | ETA 1323.5h
step  13750 | T=4 | loss 9.7679 | lr 3.00e-04 | grad 1.79 | 1.8k tok/s (avg 2.1k) | cert 0.25→0.51 | ticks [6.656 5.344 5.125 5.188] | Δticks -1.469 | dist 4.972 | ETA 1323.6h
step  13760 | T=4 | loss 7.6885 | lr 3.00e-04 | grad 3.41 | 1.8k tok/s (avg 2.1k) | cert 0.32→0.57 | ticks [5.594 4.688 4.562 4.562] | Δticks -1.031 | dist 3.583 | ETA 1323.8h
step  13770 | T=4 | loss 7.1407 | lr 3.00e-04 | grad 3.41 | 3.2k tok/s (avg 2.1k) | cert 0.58→0.64 | ticks [4.062 3.625 3.562 3.531] | Δticks -0.531 | dist 4.060 | ETA 1323.5h
step  13780 | T=4 | loss 7.1406 | lr 3.00e-04 | grad 2.27 | 1.8k tok/s (avg 2.1k) | cert 0.49→0.64 | ticks [4.062 3.750 3.672 3.672] | Δticks -0.391 | dist 4.015 | ETA 1323.6h
step  13790 | T=4 | loss 8.6748 | lr 3.00e-04 | grad 2.27 | 3.2k tok/s (avg 2.1k) | cert 0.56→0.64 | ticks [4.594 4.188 4.000 4.062] | Δticks -0.531 | dist 5.019 | ETA 1323.3h
step  13800 | T=4 | loss 8.8019 | lr 3.00e-04 | grad 1.73 | 1.8k tok/s (avg 2.1k) | cert 0.49→0.60 | ticks [4.531 4.344 4.312 4.219] | Δticks -0.312 | dist 5.076 | ETA 1323.5h
step  13810 | T=4 | loss 7.7770 | lr 3.00e-04 | grad 2.80 | 1.8k tok/s (avg 2.1k) | cert 0.46→0.62 | ticks [4.875 4.406 4.312 4.281] | Δticks -0.594 | dist 3.986 | ETA 1323.6h
step  13820 | T=4 | loss 7.7844 | lr 3.00e-04 | grad 2.80 | 3.2k tok/s (avg 2.1k) | cert 0.40→0.57 | ticks [5.312 4.656 4.625 4.562] | Δticks -0.750 | dist 3.552 | ETA 1323.3h
step  13830 | T=4 | loss 6.3393 | lr 3.00e-04 | grad 1.62 | 1.9k tok/s (avg 2.1k) | cert 0.49→0.63 | ticks [3.891 3.562 3.422 3.391] | Δticks -0.500 | dist 3.462 | ETA 1323.5h
step  13840 | T=4 | loss 6.0467 | lr 3.00e-04 | grad 2.89 | 1.8k tok/s (avg 2.1k) | cert 0.29→0.61 | ticks [5.250 4.000 3.812 3.859] | Δticks -1.391 | dist 2.520 | ETA 1323.6h
step  13850 | T=4 | loss 9.2374 | lr 3.00e-04 | grad 2.89 | 3.2k tok/s (avg 2.1k) | cert 0.42→0.61 | ticks [5.375 4.562 4.375 4.375] | Δticks -1.000 | dist 5.264 | ETA 1323.3h
step  13860 | T=4 | loss 7.5201 | lr 3.00e-04 | grad 1.58 | 1.8k tok/s (avg 2.1k) | cert 0.50→0.62 | ticks [4.500 4.125 3.906 3.875] | Δticks -0.625 | dist 4.040 | ETA 1323.5h
step  13870 | T=4 | loss 7.0976 | lr 3.00e-04 | grad 1.58 | 3.2k tok/s (avg 2.1k) | cert 0.40→0.62 | ticks [4.719 4.000 3.734 3.672] | Δticks -1.047 | dist 3.818 | ETA 1323.2h
step  13880 | T=4 | loss 8.5325 | lr 3.00e-04 | grad 1.59 | 1.8k tok/s (avg 2.1k) | cert 0.33→0.57 | ticks [5.594 4.938 4.906 4.844] | Δticks -0.750 | dist 4.149 | ETA 1323.3h
step  13890 | T=4 | loss 7.1643 | lr 3.00e-04 | grad 1.87 | 1.9k tok/s (avg 2.1k) | cert 0.50→0.62 | ticks [4.625 4.031 4.031 4.031] | Δticks -0.594 | dist 3.555 | ETA 1323.5h
step  13900 | T=4 | loss 8.6765 | lr 3.00e-04 | grad 1.87 | 3.2k tok/s (avg 2.1k) | cert 0.35→0.57 | ticks [6.500 5.750 5.781 5.750] | Δticks -0.750 | dist 3.286 | ETA 1323.2h
step  13910 | T=4 | loss 8.7468 | lr 3.00e-04 | grad 1.48 | 1.8k tok/s (avg 2.1k) | cert 0.33→0.53 | ticks [6.750 5.906 5.719 5.625] | Δticks -1.125 | dist 3.364 | ETA 1323.3h
step  13920 | T=4 | loss 12.7128 | lr 3.00e-04 | grad 1.41 | 1.8k tok/s (avg 2.1k) | cert 0.51→0.61 | ticks [4.906 4.812 4.594 4.500] | Δticks -0.406 | dist 8.843 | ETA 1323.5h
step  13930 | T=4 | loss 7.5045 | lr 3.00e-04 | grad 1.41 | 3.2k tok/s (avg 2.1k) | cert 0.31→0.54 | ticks [5.625 4.625 4.594 4.531] | Δticks -1.094 | dist 3.369 | ETA 1323.2h
step  13940 | T=4 | loss 8.6643 | lr 3.00e-04 | grad 3.03 | 1.8k tok/s (avg 2.1k) | cert 0.30→0.51 | ticks [6.969 6.062 5.938 5.812] | Δticks -1.156 | dist 3.065 | ETA 1323.3h
step  13950 | T=4 | loss 7.0988 | lr 3.00e-04 | grad 3.03 | 3.2k tok/s (avg 2.1k) | cert 0.39→0.61 | ticks [5.031 4.312 4.094 4.062] | Δticks -0.969 | dist 3.463 | ETA 1323.0h
step  13960 | T=4 | loss 8.0633 | lr 3.00e-04 | grad 2.09 | 1.8k tok/s (avg 2.1k) | cert 0.31→0.50 | ticks [6.375 5.594 5.469 5.469] | Δticks -0.906 | dist 2.986 | ETA 1323.2h
step  13970 | T=4 | loss 7.6463 | lr 3.00e-04 | grad 1.98 | 1.8k tok/s (avg 2.1k) | cert 0.44→0.57 | ticks [5.281 4.906 4.812 4.750] | Δticks -0.531 | dist 3.321 | ETA 1323.3h
step  13980 | T=4 | loss 6.1420 | lr 3.00e-04 | grad 1.98 | 3.2k tok/s (avg 2.1k) | cert 0.50→0.65 | ticks [3.875 3.672 3.453 3.359] | Δticks -0.516 | dist 3.301 | ETA 1323.0h
step  13990 | T=4 | loss 9.9671 | lr 3.00e-04 | grad 1.72 | 1.8k tok/s (avg 2.1k) | cert 0.31→0.53 | ticks [6.438 5.531 5.531 5.656] | Δticks -0.781 | dist 4.718 | ETA 1323.2h
step  14000 | T=4 | loss 8.2248 | lr 3.00e-04 | grad 1.34 | 1.8k tok/s (avg 2.1k) | cert 0.43→0.62 | ticks [5.344 4.594 4.500 4.406] | Δticks -0.938 | dist 4.155 | ETA 1323.3h
[CachedTeacherDataset/eval] 9 shards (of 199 total) under teacher_cache/phase1 | seq_len=512 top_k=128
  >>> val @ step 14000:
  T=4 | CE=4.4421 | PPL=84.96 | top1=23.3% | top5=43.3% | (25600 tok)
step  14010 | T=4 | loss 7.3267 | lr 3.00e-04 | grad 1.34 | 0.9k tok/s (avg 2.1k) | cert 0.46→0.63 | ticks [4.750 3.812 3.781 3.859] | Δticks -0.891 | dist 3.904 | ETA 1324.6h
step  14020 | T=4 | loss 9.0961 | lr 3.00e-04 | grad 2.08 | 2.1k tok/s (avg 2.1k) | cert 0.47→0.62 | ticks [4.812 4.156 4.219 4.094] | Δticks -0.719 | dist 5.394 | ETA 1324.6h
step  14030 | T=4 | loss 12.4377 | lr 3.00e-04 | grad 2.08 | 3.2k tok/s (avg 2.1k) | cert 0.66→0.68 | ticks [4.312 3.969 4.031 3.859] | Δticks -0.453 | dist 8.959 | ETA 1324.3h
step  14040 | T=4 | loss 9.5906 | lr 3.00e-04 | grad 1.72 | 1.8k tok/s (avg 2.1k) | cert 0.49→0.61 | ticks [5.188 4.625 4.531 4.344] | Δticks -0.844 | dist 5.519 | ETA 1324.4h
step  14050 | T=4 | loss 9.1631 | lr 3.00e-04 | grad 1.57 | 1.9k tok/s (avg 2.1k) | cert 0.42→0.56 | ticks [5.688 5.219 5.188 5.031] | Δticks -0.656 | dist 4.371 | ETA 1324.6h
step  14060 | T=4 | loss 12.6335 | lr 3.00e-04 | grad 1.57 | 3.2k tok/s (avg 2.1k) | cert 0.64→0.63 | ticks [4.594 4.125 3.984 3.969] | Δticks -0.625 | dist 8.979 | ETA 1324.3h
step  14070 | T=4 | loss 9.1134 | lr 3.00e-04 | grad 1.97 | 1.8k tok/s (avg 2.1k) | cert 0.23→0.56 | ticks [6.781 5.688 5.656 5.688] | Δticks -1.094 | dist 3.812 | ETA 1324.4h
step  14080 | T=4 | loss 8.2884 | lr 3.00e-04 | grad 1.76 | 1.8k tok/s (avg 2.1k) | cert 0.55→0.62 | ticks [4.625 4.250 4.156 4.219] | Δticks -0.406 | dist 4.599 | ETA 1324.6h
step  14090 | T=4 | loss 8.3086 | lr 3.00e-04 | grad 1.76 | 3.2k tok/s (avg 2.1k) | cert 0.41→0.55 | ticks [5.594 5.188 5.125 5.062] | Δticks -0.531 | dist 3.701 | ETA 1324.3h
step  14100 | T=4 | loss 8.6687 | lr 3.00e-04 | grad 2.72 | 1.8k tok/s (avg 2.1k) | cert 0.52→0.66 | ticks [3.859 3.469 3.125 3.344] | Δticks -0.516 | dist 5.774 | ETA 1324.4h
step  14110 | T=4 | loss 9.2883 | lr 3.00e-04 | grad 2.72 | 3.2k tok/s (avg 2.1k) | cert 0.47→0.57 | ticks [5.875 5.312 5.250 5.219] | Δticks -0.656 | dist 4.487 | ETA 1324.1h
step  14120 | T=4 | loss 8.3707 | lr 3.00e-04 | grad 2.67 | 1.8k tok/s (avg 2.1k) | cert 0.34→0.59 | ticks [5.188 4.656 4.594 4.469] | Δticks -0.719 | dist 4.305 | ETA 1324.3h
step  14130 | T=4 | loss 10.2412 | lr 3.00e-04 | grad 2.64 | 1.8k tok/s (avg 2.1k) | cert 0.36→0.56 | ticks [5.750 5.156 5.125 5.156] | Δticks -0.594 | dist 5.534 | ETA 1324.4h
step  14140 | T=4 | loss 9.1255 | lr 3.00e-04 | grad 2.64 | 3.2k tok/s (avg 2.1k) | cert 0.57→0.62 | ticks [4.312 3.984 4.031 3.781] | Δticks -0.531 | dist 5.650 | ETA 1324.1h
step  14150 | T=4 | loss 8.1723 | lr 3.00e-04 | grad 1.64 | 1.8k tok/s (avg 2.1k) | cert 0.61→0.65 | ticks [4.000 3.688 3.703 3.578] | Δticks -0.422 | dist 4.895 | ETA 1324.3h
step  14160 | T=4 | loss 8.3821 | lr 3.00e-04 | grad 1.45 | 1.8k tok/s (avg 2.1k) | cert 0.57→0.64 | ticks [4.188 3.844 3.562 3.594] | Δticks -0.594 | dist 5.200 | ETA 1324.4h
step  14170 | T=4 | loss 7.5217 | lr 3.00e-04 | grad 1.45 | 3.2k tok/s (avg 2.1k) | cert 0.59→0.68 | ticks [3.578 3.266 3.281 3.203] | Δticks -0.375 | dist 4.675 | ETA 1324.1h
step  14180 | T=4 | loss 11.1520 | lr 3.00e-04 | grad 1.98 | 1.8k tok/s (avg 2.1k) | cert 0.30→0.53 | ticks [6.625 5.906 5.750 5.781] | Δticks -0.844 | dist 5.803 | ETA 1324.3h
step  14190 | T=4 | loss 11.1442 | lr 3.00e-04 | grad 1.98 | 3.2k tok/s (avg 2.1k) | cert 0.43→0.57 | ticks [5.000 4.500 4.312 4.281] | Δticks -0.719 | dist 7.254 | ETA 1324.0h
step  14200 | T=4 | loss 9.6935 | lr 3.00e-04 | grad 1.80 | 1.8k tok/s (avg 2.1k) | cert 0.61→0.65 | ticks [4.812 4.406 4.219 4.062] | Δticks -0.750 | dist 5.892 | ETA 1324.1h
step  14210 | T=4 | loss 8.4329 | lr 3.00e-04 | grad 1.38 | 1.8k tok/s (avg 2.1k) | cert 0.57→0.64 | ticks [3.797 3.297 3.312 3.188] | Δticks -0.609 | dist 5.569 | ETA 1324.3h
step  14220 | T=4 | loss 9.0609 | lr 3.00e-04 | grad 1.38 | 3.2k tok/s (avg 2.1k) | cert 0.24→0.50 | ticks [7.000 5.969 5.875 5.656] | Δticks -1.344 | dist 3.681 | ETA 1324.0h
step  14230 | T=4 | loss 7.5172 | lr 3.00e-04 | grad 1.43 | 1.9k tok/s (avg 2.1k) | cert 0.58→0.63 | ticks [3.844 3.406 3.422 3.406] | Δticks -0.438 | dist 4.594 | ETA 1324.1h
step  14240 | T=4 | loss 8.7362 | lr 3.00e-04 | grad 1.64 | 1.8k tok/s (avg 2.1k) | cert 0.53→0.62 | ticks [4.719 4.188 3.875 3.891] | Δticks -0.828 | dist 5.225 | ETA 1324.3h
step  14250 | T=4 | loss 10.7536 | lr 3.00e-04 | grad 1.64 | 3.2k tok/s (avg 2.1k) | cert 0.39→0.54 | ticks [5.688 5.156 5.250 5.250] | Δticks -0.438 | dist 5.945 | ETA 1324.0h
step  14260 | T=4 | loss 7.7065 | lr 3.00e-04 | grad 1.86 | 1.8k tok/s (avg 2.1k) | cert 0.62→0.65 | ticks [3.906 3.859 3.469 3.547] | Δticks -0.359 | dist 4.576 | ETA 1324.1h
step  14270 | T=4 | loss 7.9428 | lr 3.00e-04 | grad 1.86 | 3.2k tok/s (avg 2.1k) | cert 0.52→0.63 | ticks [4.000 3.422 3.453 3.547] | Δticks -0.453 | dist 4.981 | ETA 1323.8h
step  14280 | T=4 | loss 12.1551 | lr 3.00e-04 | grad 1.88 | 1.8k tok/s (avg 2.1k) | cert 0.38→0.52 | ticks [5.844 5.406 5.344 5.406] | Δticks -0.438 | dist 7.166 | ETA 1324.0h
step  14290 | T=4 | loss 8.1889 | lr 3.00e-04 | grad 1.52 | 1.8k tok/s (avg 2.1k) | cert 0.36→0.57 | ticks [5.500 4.781 4.719 4.719] | Δticks -0.781 | dist 3.831 | ETA 1324.1h
step  14300 | T=4 | loss 8.4172 | lr 3.00e-04 | grad 1.52 | 3.2k tok/s (avg 2.1k) | cert 0.43→0.62 | ticks [4.812 4.062 3.984 3.969] | Δticks -0.844 | dist 4.908 | ETA 1323.8h
step  14310 | T=4 | loss 8.4702 | lr 3.00e-04 | grad 1.32 | 1.8k tok/s (avg 2.1k) | cert 0.48→0.65 | ticks [4.406 4.000 3.828 3.703] | Δticks -0.703 | dist 5.065 | ETA 1324.0h
step  14320 | T=4 | loss 7.9454 | lr 3.00e-04 | grad 1.55 | 1.8k tok/s (avg 2.1k) | cert 0.33→0.55 | ticks [5.719 4.812 4.812 4.781] | Δticks -0.938 | dist 3.497 | ETA 1324.1h
step  14330 | T=4 | loss 7.6181 | lr 3.00e-04 | grad 1.55 | 3.2k tok/s (avg 2.1k) | cert 0.57→0.65 | ticks [4.312 3.734 3.672 3.703] | Δticks -0.609 | dist 4.296 | ETA 1323.8h
step  14340 | T=4 | loss 12.1255 | lr 3.00e-04 | grad 2.02 | 1.8k tok/s (avg 2.1k) | cert 0.49→0.60 | ticks [5.781 5.000 4.906 4.969] | Δticks -0.812 | dist 7.428 | ETA 1324.0h
step  14350 | T=4 | loss 9.3594 | lr 3.00e-04 | grad 2.02 | 3.2k tok/s (avg 2.1k) | cert 0.40→0.54 | ticks [5.656 5.188 5.062 5.125] | Δticks -0.531 | dist 4.614 | ETA 1323.7h
step  14360 | T=4 | loss 8.6030 | lr 3.00e-04 | grad 2.44 | 1.9k tok/s (avg 2.1k) | cert 0.53→0.63 | ticks [4.938 4.219 4.219 4.219] | Δticks -0.719 | dist 4.669 | ETA 1323.8h
step  14370 | T=4 | loss 8.8426 | lr 3.00e-04 | grad 2.05 | 1.8k tok/s (avg 2.1k) | cert 0.34→0.54 | ticks [6.219 5.688 5.531 5.469] | Δticks -0.750 | dist 3.746 | ETA 1324.0h
step  14380 | T=4 | loss 7.9888 | lr 3.00e-04 | grad 2.05 | 3.2k tok/s (avg 2.1k) | cert 0.38→0.59 | ticks [5.188 4.656 4.594 4.531] | Δticks -0.656 | dist 3.879 | ETA 1323.7h
step  14390 | T=4 | loss 9.2240 | lr 3.00e-04 | grad 2.69 | 1.9k tok/s (avg 2.1k) | cert 0.57→0.60 | ticks [5.219 4.844 4.906 4.656] | Δticks -0.562 | dist 4.893 | ETA 1323.8h
step  14400 | T=4 | loss 8.5084 | lr 3.00e-04 | grad 1.86 | 1.8k tok/s (avg 2.1k) | cert 0.57→0.66 | ticks [4.250 3.688 3.531 3.391] | Δticks -0.859 | dist 5.393 | ETA 1324.0h
step  14410 | T=4 | loss 10.1571 | lr 3.00e-04 | grad 1.86 | 3.2k tok/s (avg 2.1k) | cert 0.42→0.58 | ticks [5.406 4.688 4.625 4.656] | Δticks -0.750 | dist 5.856 | ETA 1323.7h
step  14420 | T=4 | loss 8.8236 | lr 3.00e-04 | grad 3.22 | 1.8k tok/s (avg 2.1k) | cert 0.31→0.57 | ticks [6.656 5.688 5.750 5.625] | Δticks -1.031 | dist 3.526 | ETA 1323.8h
step  14430 | T=4 | loss 7.8842 | lr 3.00e-04 | grad 3.22 | 3.2k tok/s (avg 2.1k) | cert 0.32→0.57 | ticks [5.969 4.906 4.844 4.812] | Δticks -1.156 | dist 3.439 | ETA 1323.5h
step  14440 | T=4 | loss 8.5490 | lr 3.00e-04 | grad 3.77 | 1.8k tok/s (avg 2.1k) | cert 0.44→0.63 | ticks [5.312 4.562 4.312 4.406] | Δticks -0.906 | dist 4.557 | ETA 1323.7h
step  14450 | T=4 | loss 9.3030 | lr 3.00e-04 | grad 2.53 | 1.8k tok/s (avg 2.1k) | cert 0.30→0.47 | ticks [6.938 6.375 6.406 6.312] | Δticks -0.625 | dist 3.467 | ETA 1323.8h
step  14460 | T=4 | loss 9.3287 | lr 3.00e-04 | grad 2.53 | 3.2k tok/s (avg 2.1k) | cert 0.40→0.57 | ticks [5.531 5.031 5.031 4.969] | Δticks -0.562 | dist 4.791 | ETA 1323.5h
step  14470 | T=4 | loss 8.1777 | lr 3.00e-04 | grad 2.50 | 1.8k tok/s (avg 2.1k) | cert 0.29→0.57 | ticks [6.312 5.500 5.469 5.469] | Δticks -0.844 | dist 3.071 | ETA 1323.7h
step  14480 | T=4 | loss 7.3430 | lr 3.00e-04 | grad 3.41 | 1.9k tok/s (avg 2.1k) | cert 0.53→0.62 | ticks [4.438 4.000 4.094 4.000] | Δticks -0.438 | dist 3.831 | ETA 1323.8h
step  14490 | T=4 | loss 10.5884 | lr 3.00e-04 | grad 3.41 | 3.2k tok/s (avg 2.1k) | cert 0.49→0.57 | ticks [5.969 5.500 5.562 5.531] | Δticks -0.438 | dist 5.483 | ETA 1323.5h
step  14500 | T=4 | loss 9.8662 | lr 3.00e-04 | grad 2.59 | 1.8k tok/s (avg 2.1k) | cert 0.50→0.62 | ticks [4.938 4.344 4.219 4.281] | Δticks -0.656 | dist 6.011 | ETA 1323.7h
step  14510 | T=4 | loss 10.6282 | lr 3.00e-04 | grad 2.59 | 3.2k tok/s (avg 2.1k) | cert 0.36→0.50 | ticks [6.625 5.875 5.938 5.938] | Δticks -0.688 | dist 5.114 | ETA 1323.4h
step  14520 | T=4 | loss 10.2599 | lr 3.00e-04 | grad 1.84 | 1.9k tok/s (avg 2.1k) | cert 0.32→0.55 | ticks [5.625 4.750 4.781 4.656] | Δticks -0.969 | dist 6.042 | ETA 1323.5h
step  14530 | T=4 | loss 8.7309 | lr 3.00e-04 | grad 1.89 | 1.9k tok/s (avg 2.1k) | cert 0.25→0.50 | ticks [6.750 5.906 5.812 5.719] | Δticks -1.031 | dist 3.423 | ETA 1323.7h
step  14540 | T=4 | loss 8.1792 | lr 3.00e-04 | grad 1.89 | 3.2k tok/s (avg 2.1k) | cert 0.40→0.59 | ticks [5.438 4.781 4.625 4.469] | Δticks -0.969 | dist 4.014 | ETA 1323.4h
step  14550 | T=4 | loss 11.3264 | lr 3.00e-04 | grad 2.84 | 1.9k tok/s (avg 2.1k) | cert 0.51→0.62 | ticks [5.000 4.312 4.312 4.312] | Δticks -0.688 | dist 7.363 | ETA 1323.5h
step  14560 | T=4 | loss 10.4146 | lr 3.00e-04 | grad 1.40 | 1.8k tok/s (avg 2.1k) | cert 0.48→0.62 | ticks [5.406 4.906 4.812 4.719] | Δticks -0.688 | dist 6.062 | ETA 1323.7h
step  14570 | T=4 | loss 8.9843 | lr 3.00e-04 | grad 1.40 | 3.2k tok/s (avg 2.1k) | cert 0.55→0.67 | ticks [4.969 4.469 4.156 4.094] | Δticks -0.875 | dist 5.199 | ETA 1323.4h
step  14580 | T=4 | loss 8.6747 | lr 3.00e-04 | grad 2.42 | 1.8k tok/s (avg 2.1k) | cert 0.46→0.61 | ticks [5.188 4.844 4.625 4.688] | Δticks -0.500 | dist 4.479 | ETA 1323.5h
step  14590 | T=4 | loss 10.6486 | lr 3.00e-04 | grad 2.42 | 3.2k tok/s (avg 2.1k) | cert 0.25→0.48 | ticks [7.656 6.844 6.781 6.781] | Δticks -0.875 | dist 4.202 | ETA 1323.2h
step  14600 | T=4 | loss 9.2329 | lr 3.00e-04 | grad 2.27 | 1.8k tok/s (avg 2.1k) | cert 0.41→0.61 | ticks [5.281 4.562 4.500 4.438] | Δticks -0.844 | dist 5.152 | ETA 1323.4h
step  14610 | T=4 | loss 9.1840 | lr 3.00e-04 | grad 1.56 | 1.9k tok/s (avg 2.1k) | cert 0.34→0.55 | ticks [5.500 4.625 4.625 4.562] | Δticks -0.938 | dist 4.992 | ETA 1323.5h
step  14620 | T=4 | loss 10.0557 | lr 3.00e-04 | grad 1.56 | 3.2k tok/s (avg 2.1k) | cert 0.34→0.59 | ticks [5.750 5.000 4.812 4.625] | Δticks -1.125 | dist 5.803 | ETA 1323.2h
step  14630 | T=4 | loss 9.8431 | lr 3.00e-04 | grad 2.86 | 1.8k tok/s (avg 2.1k) | cert 0.35→0.53 | ticks [6.125 5.375 5.344 5.375] | Δticks -0.750 | dist 4.824 | ETA 1323.4h
step  14640 | T=4 | loss 15.1553 | lr 3.00e-04 | grad 1.61 | 1.9k tok/s (avg 2.1k) | cert 0.31→0.45 | ticks [6.938 6.469 6.469 6.406] | Δticks -0.531 | dist 9.080 | ETA 1323.5h
step  14650 | T=4 | loss 10.7089 | lr 3.00e-04 | grad 1.61 | 3.2k tok/s (avg 2.1k) | cert 0.48→0.61 | ticks [5.250 4.594 4.469 4.375] | Δticks -0.875 | dist 6.694 | ETA 1323.2h
step  14660 | T=4 | loss 8.2931 | lr 3.00e-04 | grad 1.95 | 1.9k tok/s (avg 2.1k) | cert 0.41→0.56 | ticks [5.969 5.500 5.375 5.375] | Δticks -0.594 | dist 3.313 | ETA 1323.4h
step  14670 | T=4 | loss 9.7440 | lr 3.00e-04 | grad 1.95 | 3.2k tok/s (avg 2.1k) | cert 0.55→0.60 | ticks [4.844 4.219 4.219 4.219] | Δticks -0.625 | dist 5.924 | ETA 1323.1h
step  14680 | T=4 | loss 10.1727 | lr 3.00e-04 | grad 1.91 | 1.8k tok/s (avg 2.1k) | cert 0.45→0.60 | ticks [5.031 4.344 4.219 4.219] | Δticks -0.812 | dist 6.369 | ETA 1323.2h
step  14690 | T=4 | loss 7.9083 | lr 3.00e-04 | grad 1.96 | 1.8k tok/s (avg 2.1k) | cert 0.34→0.58 | ticks [5.188 4.469 4.281 4.344] | Δticks -0.844 | dist 4.044 | ETA 1323.4h
step  14700 | T=4 | loss 8.0866 | lr 3.00e-04 | grad 1.96 | 3.2k tok/s (avg 2.1k) | cert 0.35→0.59 | ticks [5.938 5.062 4.938 4.938] | Δticks -1.000 | dist 3.603 | ETA 1323.1h
step  14710 | T=4 | loss 9.1242 | lr 3.00e-04 | grad 1.88 | 1.8k tok/s (avg 2.1k) | cert 0.25→0.48 | ticks [7.094 6.406 6.344 6.250] | Δticks -0.844 | dist 3.217 | ETA 1323.2h
step  14720 | T=4 | loss 10.4764 | lr 3.00e-04 | grad 1.63 | 1.9k tok/s (avg 2.1k) | cert 0.12→0.38 | ticks [9.250 8.562 8.438 8.562] | Δticks -0.688 | dist 2.412 | ETA 1323.4h
step  14730 | T=4 | loss 8.2521 | lr 3.00e-04 | grad 1.63 | 3.2k tok/s (avg 2.1k) | cert 0.35→0.59 | ticks [5.406 4.688 4.625 4.594] | Δticks -0.812 | dist 4.081 | ETA 1323.1h
step  14740 | T=4 | loss 8.4654 | lr 3.00e-04 | grad 1.55 | 1.8k tok/s (avg 2.1k) | cert 0.23→0.53 | ticks [7.375 6.344 6.219 6.281] | Δticks -1.094 | dist 2.601 | ETA 1323.2h
step  14750 | T=4 | loss 8.7798 | lr 3.00e-04 | grad 1.55 | 3.2k tok/s (avg 2.1k) | cert 0.35→0.55 | ticks [5.625 4.906 5.000 4.844] | Δticks -0.781 | dist 4.320 | ETA 1322.9h
step  14760 | T=4 | loss 8.3461 | lr 3.00e-04 | grad 1.74 | 1.8k tok/s (avg 2.1k) | cert 0.51→0.62 | ticks [4.812 4.188 4.156 4.062] | Δticks -0.750 | dist 4.663 | ETA 1323.1h
step  14770 | T=4 | loss 10.2796 | lr 3.00e-04 | grad 1.53 | 1.8k tok/s (avg 2.1k) | cert 0.55→0.63 | ticks [4.562 3.969 3.859 3.688] | Δticks -0.875 | dist 6.865 | ETA 1323.2h
step  14780 | T=4 | loss 8.5078 | lr 3.00e-04 | grad 1.53 | 3.2k tok/s (avg 2.1k) | cert 0.37→0.54 | ticks [5.688 4.906 4.844 4.781] | Δticks -0.906 | dist 4.200 | ETA 1322.9h
step  14790 | T=4 | loss 8.5004 | lr 3.00e-04 | grad 2.12 | 1.8k tok/s (avg 2.1k) | cert 0.48→0.61 | ticks [4.969 4.250 4.312 4.281] | Δticks -0.688 | dist 4.738 | ETA 1323.1h
step  14800 | T=4 | loss 9.5849 | lr 3.00e-04 | grad 1.54 | 1.8k tok/s (avg 2.1k) | cert 0.61→0.65 | ticks [3.953 3.562 3.641 3.531] | Δticks -0.422 | dist 6.414 | ETA 1323.2h
step  14810 | T=4 | loss 7.3931 | lr 3.00e-04 | grad 1.54 | 3.2k tok/s (avg 2.1k) | cert 0.41→0.61 | ticks [5.125 4.219 4.094 4.062] | Δticks -1.062 | dist 3.763 | ETA 1322.9h
step  14820 | T=4 | loss 6.9967 | lr 3.00e-04 | grad 2.70 | 1.8k tok/s (avg 2.1k) | cert 0.43→0.56 | ticks [5.625 4.656 4.812 4.750] | Δticks -0.875 | dist 2.585 | ETA 1323.1h
step  14830 | T=4 | loss 7.2795 | lr 3.00e-04 | grad 2.70 | 3.2k tok/s (avg 2.1k) | cert 0.56→0.65 | ticks [4.219 3.719 3.484 3.500] | Δticks -0.719 | dist 4.168 | ETA 1322.8h
step  14840 | T=4 | loss 7.4487 | lr 3.00e-04 | grad 1.62 | 1.8k tok/s (avg 2.1k) | cert 0.55→0.64 | ticks [4.375 3.953 3.906 3.875] | Δticks -0.500 | dist 3.990 | ETA 1322.9h
step  14850 | T=4 | loss 6.8762 | lr 3.00e-04 | grad 1.88 | 1.8k tok/s (avg 2.1k) | cert 0.34→0.57 | ticks [5.000 3.922 3.828 3.812] | Δticks -1.188 | dist 3.425 | ETA 1323.1h
step  14860 | T=4 | loss 11.2082 | lr 3.00e-04 | grad 1.88 | 3.2k tok/s (avg 2.1k) | cert 0.29→0.50 | ticks [5.656 5.250 5.219 5.156] | Δticks -0.500 | dist 6.456 | ETA 1322.8h
step  14870 | T=4 | loss 7.1167 | lr 3.00e-04 | grad 1.45 | 1.8k tok/s (avg 2.1k) | cert 0.40→0.63 | ticks [4.719 4.062 3.938 3.875] | Δticks -0.844 | dist 3.623 | ETA 1322.9h
step  14880 | T=4 | loss 8.2095 | lr 3.00e-04 | grad 1.52 | 1.8k tok/s (avg 2.1k) | cert 0.45→0.64 | ticks [5.438 4.375 4.344 4.250] | Δticks -1.188 | dist 4.216 | ETA 1323.1h
step  14890 | T=4 | loss 8.1964 | lr 3.00e-04 | grad 1.52 | 3.2k tok/s (avg 2.1k) | cert 0.24→0.53 | ticks [7.156 6.250 6.188 6.125] | Δticks -1.031 | dist 2.507 | ETA 1322.8h
step  14900 | T=4 | loss 13.5951 | lr 3.00e-04 | grad 1.80 | 1.8k tok/s (avg 2.1k) | cert 0.40→0.53 | ticks [5.719 5.281 5.250 5.219] | Δticks -0.500 | dist 8.679 | ETA 1322.9h
step  14910 | T=4 | loss 9.2498 | lr 3.00e-04 | grad 1.80 | 3.2k tok/s (avg 2.1k) | cert 0.59→0.65 | ticks [4.375 3.969 3.734 3.641] | Δticks -0.734 | dist 5.880 | ETA 1322.7h
step  14920 | T=4 | loss 7.9711 | lr 3.00e-04 | grad 1.56 | 1.8k tok/s (avg 2.1k) | cert 0.28→0.54 | ticks [6.938 6.062 5.906 5.875] | Δticks -1.062 | dist 2.462 | ETA 1322.8h
step  14930 | T=4 | loss 4.8407 | lr 3.00e-04 | grad 1.37 | 1.8k tok/s (avg 2.1k) | cert 0.40→0.67 | ticks [4.188 3.125 3.031 2.891] | Δticks -1.297 | dist 2.201 | ETA 1323.0h
step  14940 | T=4 | loss 11.6904 | lr 3.00e-04 | grad 1.37 | 3.2k tok/s (avg 2.1k) | cert 0.44→0.57 | ticks [5.875 5.094 5.000 4.906] | Δticks -0.969 | dist 7.073 | ETA 1322.7h
step  14950 | T=4 | loss 8.0877 | lr 3.00e-04 | grad 1.93 | 1.8k tok/s (avg 2.1k) | cert 0.37→0.60 | ticks [5.156 4.500 4.344 4.406] | Δticks -0.750 | dist 4.128 | ETA 1322.8h
step  14960 | T=4 | loss 7.5937 | lr 3.00e-04 | grad 1.88 | 1.8k tok/s (avg 2.1k) | cert 0.43→0.55 | ticks [5.594 4.938 4.812 4.812] | Δticks -0.781 | dist 3.168 | ETA 1323.0h
step  14970 | T=4 | loss 10.2480 | lr 3.00e-04 | grad 1.88 | 3.1k tok/s (avg 2.1k) | cert 0.50→0.61 | ticks [4.781 4.312 4.156 4.156] | Δticks -0.625 | dist 6.393 | ETA 1322.7h
step  14980 | T=4 | loss 7.6987 | lr 3.00e-04 | grad 2.20 | 1.8k tok/s (avg 2.1k) | cert 0.45→0.63 | ticks [4.406 3.812 3.547 3.438] | Δticks -0.969 | dist 4.596 | ETA 1322.8h
step  14990 | T=4 | loss 7.8806 | lr 3.00e-04 | grad 2.20 | 3.2k tok/s (avg 2.1k) | cert 0.62→0.64 | ticks [3.875 3.609 3.672 3.656] | Δticks -0.219 | dist 4.767 | ETA 1322.5h
step  15000 | T=4 | loss 7.7570 | lr 3.00e-04 | grad 2.31 | 1.8k tok/s (avg 2.1k) | cert 0.40→0.61 | ticks [4.875 4.531 4.219 4.219] | Δticks -0.656 | dist 3.930 | ETA 1322.7h
[CachedTeacherDataset/eval] 9 shards (of 199 total) under teacher_cache/phase1 | seq_len=512 top_k=128
  >>> val @ step 15000:
  T=4 | CE=4.4441 | PPL=85.12 | top1=22.5% | top5=43.3% | (25600 tok)
  Saved checkpoint at step 15000
step  15010 | T=4 | loss 12.5281 | lr 3.00e-04 | grad 1.57 | 0.7k tok/s (avg 2.1k) | cert 0.75→0.66 | ticks [3.453 3.547 3.406 3.359] | Δticks -0.094 | dist 9.624 | ETA 1324.5h
step  15020 | T=4 | loss 9.6269 | lr 3.00e-04 | grad 1.57 | 3.2k tok/s (avg 2.1k) | cert 0.17→0.39 | ticks [8.500 7.656 7.500 7.469] | Δticks -1.031 | dist 2.585 | ETA 1324.2h
step  15030 | T=4 | loss 8.2373 | lr 3.00e-04 | grad 1.42 | 1.8k tok/s (avg 2.1k) | cert 0.52→0.62 | ticks [4.625 4.344 4.156 4.281] | Δticks -0.344 | dist 4.506 | ETA 1324.4h
step  15040 | T=4 | loss 7.6109 | lr 3.00e-04 | grad 1.81 | 1.8k tok/s (avg 2.1k) | cert 0.39→0.61 | ticks [5.531 4.625 4.438 4.500] | Δticks -1.031 | dist 3.570 | ETA 1324.5h
step  15050 | T=4 | loss 8.4056 | lr 3.00e-04 | grad 1.81 | 3.2k tok/s (avg 2.1k) | cert 0.28→0.55 | ticks [6.156 5.281 5.156 5.156] | Δticks -1.000 | dist 3.614 | ETA 1324.2h
step  15060 | T=4 | loss 6.6563 | lr 3.00e-04 | grad 1.42 | 1.9k tok/s (avg 2.1k) | cert 0.47→0.63 | ticks [4.438 3.656 3.656 3.609] | Δticks -0.828 | dist 3.495 | ETA 1324.4h
step  15070 | T=4 | loss 11.2153 | lr 3.00e-04 | grad 1.42 | 3.2k tok/s (avg 2.1k) | cert 0.52→0.61 | ticks [5.125 4.594 4.656 4.594] | Δticks -0.531 | dist 7.054 | ETA 1324.1h
step  15080 | T=4 | loss 8.4781 | lr 3.00e-04 | grad 1.27 | 1.8k tok/s (avg 2.1k) | cert 0.43→0.61 | ticks [5.062 4.219 4.125 4.094] | Δticks -0.969 | dist 4.793 | ETA 1324.2h
step  15090 | T=4 | loss 7.6107 | lr 3.00e-04 | grad 2.86 | 1.9k tok/s (avg 2.1k) | cert 0.32→0.59 | ticks [5.281 4.375 4.344 4.188] | Δticks -1.094 | dist 3.817 | ETA 1324.4h
step  15100 | T=4 | loss 8.7780 | lr 3.00e-04 | grad 2.86 | 3.2k tok/s (avg 2.1k) | cert 0.44→0.57 | ticks [4.844 4.438 4.406 4.312] | Δticks -0.531 | dist 4.874 | ETA 1324.1h
step  15110 | T=4 | loss 7.2017 | lr 3.00e-04 | grad 1.45 | 1.8k tok/s (avg 2.1k) | cert 0.45→0.63 | ticks [4.562 4.125 4.000 3.953] | Δticks -0.609 | dist 3.666 | ETA 1324.2h
step  15120 | T=4 | loss 8.9438 | lr 3.00e-04 | grad 1.46 | 1.8k tok/s (avg 2.1k) | cert 0.52→0.65 | ticks [4.969 4.250 3.984 4.062] | Δticks -0.906 | dist 5.258 | ETA 1324.4h
step  15130 | T=4 | loss 8.1249 | lr 3.00e-04 | grad 1.46 | 3.2k tok/s (avg 2.1k) | cert 0.49→0.59 | ticks [4.812 4.562 4.562 4.531] | Δticks -0.281 | dist 3.986 | ETA 1324.1h
step  15140 | T=4 | loss 9.1546 | lr 3.00e-04 | grad 1.91 | 1.8k tok/s (avg 2.1k) | cert 0.30→0.57 | ticks [5.594 4.750 4.812 4.812] | Δticks -0.781 | dist 4.911 | ETA 1324.2h
step  15150 | T=4 | loss 8.2462 | lr 3.00e-04 | grad 1.91 | 3.2k tok/s (avg 2.1k) | cert 0.45→0.61 | ticks [5.031 4.406 4.344 4.250] | Δticks -0.781 | dist 4.394 | ETA 1323.9h
step  15160 | T=4 | loss 6.7888 | lr 3.00e-04 | grad 1.59 | 1.8k tok/s (avg 2.1k) | cert 0.25→0.59 | ticks [5.781 4.500 4.469 4.406] | Δticks -1.375 | dist 2.736 | ETA 1324.1h
step  15170 | T=4 | loss 10.2839 | lr 3.00e-04 | grad 1.62 | 1.8k tok/s (avg 2.1k) | cert 0.44→0.57 | ticks [5.156 4.594 4.438 4.500] | Δticks -0.656 | dist 6.247 | ETA 1324.2h
step  15180 | T=4 | loss 10.3416 | lr 3.00e-04 | grad 1.62 | 3.2k tok/s (avg 2.1k) | cert 0.64→0.67 | ticks [3.859 3.438 3.531 3.391] | Δticks -0.469 | dist 7.216 | ETA 1323.9h
step  15190 | T=4 | loss 7.5533 | lr 3.00e-04 | grad 1.83 | 1.8k tok/s (avg 2.1k) | cert 0.38→0.62 | ticks [4.906 4.281 4.031 3.984] | Δticks -0.922 | dist 3.993 | ETA 1324.1h
step  15200 | T=4 | loss 6.4412 | lr 3.00e-04 | grad 1.99 | 1.8k tok/s (avg 2.1k) | cert 0.37→0.60 | ticks [4.969 3.953 3.828 3.828] | Δticks -1.141 | dist 2.994 | ETA 1324.2h
step  15210 | T=4 | loss 9.1573 | lr 3.00e-04 | grad 1.99 | 3.2k tok/s (avg 2.1k) | cert 0.59→0.65 | ticks [4.938 4.344 4.250 4.156] | Δticks -0.781 | dist 5.417 | ETA 1323.9h
step  15220 | T=4 | loss 7.8360 | lr 3.00e-04 | grad 1.43 | 1.8k tok/s (avg 2.1k) | cert 0.40→0.55 | ticks [5.344 4.781 4.594 4.625] | Δticks -0.719 | dist 3.567 | ETA 1324.1h
step  15230 | T=4 | loss 5.3192 | lr 3.00e-04 | grad 1.43 | 3.2k tok/s (avg 2.1k) | cert 0.39→0.64 | ticks [4.469 3.375 3.203 3.250] | Δticks -1.219 | dist 2.419 | ETA 1323.8h
step  15240 | T=4 | loss 7.1138 | lr 3.00e-04 | grad 2.12 | 1.8k tok/s (avg 2.1k) | cert 0.37→0.60 | ticks [4.812 4.219 3.984 4.031] | Δticks -0.781 | dist 3.521 | ETA 1323.9h
step  15250 | T=4 | loss 9.5319 | lr 3.00e-04 | grad 2.36 | 1.8k tok/s (avg 2.1k) | cert 0.62→0.61 | ticks [5.000 4.500 4.312 4.344] | Δticks -0.656 | dist 5.412 | ETA 1324.1h
step  15260 | T=4 | loss 8.4815 | lr 3.00e-04 | grad 2.36 | 3.2k tok/s (avg 2.1k) | cert 0.51→0.62 | ticks [5.062 4.094 4.094 3.984] | Δticks -1.078 | dist 4.845 | ETA 1323.8h
step  15270 | T=4 | loss 7.8702 | lr 3.00e-04 | grad 1.59 | 1.8k tok/s (avg 2.1k) | cert 0.51→0.63 | ticks [4.531 4.031 3.844 3.875] | Δticks -0.656 | dist 4.393 | ETA 1323.9h
step  15280 | T=4 | loss 8.3552 | lr 3.00e-04 | grad 1.65 | 1.8k tok/s (avg 2.1k) | cert 0.49→0.63 | ticks [4.750 4.250 3.922 3.953] | Δticks -0.797 | dist 4.813 | ETA 1324.1h
step  15290 | T=4 | loss 8.4472 | lr 3.00e-04 | grad 1.65 | 3.2k tok/s (avg 2.1k) | cert 0.44→0.61 | ticks [4.781 4.375 4.188 4.156] | Δticks -0.625 | dist 4.718 | ETA 1323.8h
step  15300 | T=4 | loss 7.6688 | lr 3.00e-04 | grad 2.02 | 1.8k tok/s (avg 2.1k) | cert 0.51→0.64 | ticks [5.062 4.500 4.125 4.094] | Δticks -0.969 | dist 3.892 | ETA 1323.9h
step  15310 | T=4 | loss 7.6783 | lr 3.00e-04 | grad 2.02 | 3.2k tok/s (avg 2.1k) | cert 0.36→0.56 | ticks [5.531 4.719 4.562 4.562] | Δticks -0.969 | dist 3.472 | ETA 1323.7h
step  15320 | T=4 | loss 7.4168 | lr 3.00e-04 | grad 1.66 | 1.8k tok/s (avg 2.1k) | cert 0.37→0.60 | ticks [5.000 4.312 4.156 4.062] | Δticks -0.938 | dist 3.687 | ETA 1323.8h
step  15330 | T=4 | loss 6.7330 | lr 3.00e-04 | grad 1.41 | 1.8k tok/s (avg 2.1k) | cert 0.49→0.61 | ticks [4.344 3.891 3.922 3.906] | Δticks -0.438 | dist 3.271 | ETA 1324.0h
step  15340 | T=4 | loss 7.3973 | lr 3.00e-04 | grad 1.41 | 3.2k tok/s (avg 2.1k) | cert 0.41→0.64 | ticks [4.875 4.125 3.938 3.969] | Δticks -0.906 | dist 3.803 | ETA 1323.7h
step  15350 | T=4 | loss 7.6813 | lr 3.00e-04 | grad 1.37 | 1.8k tok/s (avg 2.1k) | cert 0.54→0.61 | ticks [4.938 4.625 4.750 4.719] | Δticks -0.219 | dist 3.626 | ETA 1323.8h
step  15360 | T=4 | loss 9.1701 | lr 3.00e-04 | grad 1.69 | 1.8k tok/s (avg 2.1k) | cert 0.25→0.51 | ticks [6.812 5.875 5.844 5.781] | Δticks -1.031 | dist 3.823 | ETA 1323.9h
step  15370 | T=4 | loss 7.2357 | lr 3.00e-04 | grad 1.69 | 3.2k tok/s (avg 2.1k) | cert 0.49→0.61 | ticks [4.438 4.031 4.125 4.062] | Δticks -0.375 | dist 3.766 | ETA 1323.7h
step  15380 | T=4 | loss 8.5122 | lr 3.00e-04 | grad 1.51 | 1.8k tok/s (avg 2.1k) | cert 0.27→0.50 | ticks [7.219 6.219 6.125 6.125] | Δticks -1.094 | dist 2.761 | ETA 1323.8h
step  15390 | T=4 | loss 10.7275 | lr 3.00e-04 | grad 1.51 | 3.2k tok/s (avg 2.1k) | cert 0.54→0.60 | ticks [5.281 4.750 4.625 4.594] | Δticks -0.688 | dist 6.501 | ETA 1323.5h
step  15400 | T=4 | loss 12.2543 | lr 3.00e-04 | grad 1.72 | 1.8k tok/s (avg 2.1k) | cert 0.33→0.51 | ticks [5.750 5.125 5.031 5.000] | Δticks -0.750 | dist 7.591 | ETA 1323.7h
step  15410 | T=4 | loss 8.5283 | lr 3.00e-04 | grad 1.45 | 1.8k tok/s (avg 2.1k) | cert 0.40→0.61 | ticks [5.344 4.812 4.562 4.500] | Δticks -0.844 | dist 4.430 | ETA 1323.8h
step  15420 | T=4 | loss 8.6327 | lr 3.00e-04 | grad 1.45 | 3.2k tok/s (avg 2.1k) | cert 0.52→0.62 | ticks [4.562 4.031 3.922 3.891] | Δticks -0.672 | dist 5.260 | ETA 1323.5h
step  15430 | T=4 | loss 8.4322 | lr 3.00e-04 | grad 1.77 | 1.8k tok/s (avg 2.1k) | cert 0.37→0.55 | ticks [5.469 5.000 5.000 5.000] | Δticks -0.469 | dist 3.791 | ETA 1323.7h
step  15440 | T=4 | loss 9.5340 | lr 3.00e-04 | grad 1.75 | 1.8k tok/s (avg 2.1k) | cert 0.55→0.65 | ticks [4.562 4.156 4.062 4.031] | Δticks -0.531 | dist 5.934 | ETA 1323.8h
step  15450 | T=4 | loss 8.8569 | lr 3.00e-04 | grad 1.75 | 3.2k tok/s (avg 2.1k) | cert 0.53→0.64 | ticks [4.812 4.125 4.094 4.062] | Δticks -0.750 | dist 5.204 | ETA 1323.5h
step  15460 | T=4 | loss 13.6795 | lr 3.00e-04 | grad 1.80 | 1.8k tok/s (avg 2.1k) | cert 0.53→0.63 | ticks [4.625 4.156 4.094 4.000] | Δticks -0.625 | dist 10.121 | ETA 1323.7h
step  15470 | T=4 | loss 9.6455 | lr 3.00e-04 | grad 1.80 | 3.2k tok/s (avg 2.1k) | cert 0.32→0.54 | ticks [6.531 5.656 5.688 5.688] | Δticks -0.844 | dist 4.399 | ETA 1323.4h
step  15480 | T=4 | loss 7.8892 | lr 3.00e-04 | grad 1.73 | 1.9k tok/s (avg 2.1k) | cert 0.36→0.60 | ticks [5.438 4.844 4.531 4.469] | Δticks -0.969 | dist 3.849 | ETA 1323.5h
step  15490 | T=4 | loss 9.3142 | lr 3.00e-04 | grad 1.91 | 1.8k tok/s (avg 2.1k) | cert 0.31→0.55 | ticks [6.500 5.969 5.719 5.781] | Δticks -0.719 | dist 3.942 | ETA 1323.7h
step  15500 | T=4 | loss 7.7607 | lr 3.00e-04 | grad 1.91 | 3.2k tok/s (avg 2.1k) | cert 0.54→0.64 | ticks [5.250 4.719 4.406 4.438] | Δticks -0.812 | dist 3.741 | ETA 1323.4h
step  15510 | T=4 | loss 7.4978 | lr 3.00e-04 | grad 1.64 | 1.8k tok/s (avg 2.1k) | cert 0.48→0.64 | ticks [4.656 4.281 4.125 4.000] | Δticks -0.656 | dist 3.991 | ETA 1323.5h
step  15520 | T=4 | loss 16.8323 | lr 3.00e-04 | grad 1.74 | 1.8k tok/s (avg 2.1k) | cert 0.40→0.56 | ticks [5.406 4.562 4.406 4.500] | Δticks -0.906 | dist 12.752 | ETA 1323.7h
step  15530 | T=4 | loss 8.6154 | lr 3.00e-04 | grad 1.74 | 3.2k tok/s (avg 2.1k) | cert 0.25→0.56 | ticks [6.375 5.562 5.625 5.625] | Δticks -0.750 | dist 3.452 | ETA 1323.4h
step  15540 | T=4 | loss 10.3530 | lr 3.00e-04 | grad 1.54 | 1.9k tok/s (avg 2.1k) | cert 0.38→0.61 | ticks [5.625 4.688 4.594 4.562] | Δticks -1.062 | dist 6.216 | ETA 1323.5h
step  15550 | T=4 | loss 8.3027 | lr 3.00e-04 | grad 1.54 | 3.2k tok/s (avg 2.1k) | cert 0.25→0.50 | ticks [7.156 6.125 6.031 6.062] | Δticks -1.094 | dist 2.669 | ETA 1323.2h
step  15560 | T=4 | loss 10.0688 | lr 3.00e-04 | grad 1.89 | 1.8k tok/s (avg 2.1k) | cert 0.37→0.55 | ticks [6.438 5.656 5.469 5.500] | Δticks -0.938 | dist 4.867 | ETA 1323.4h
step  15570 | T=4 | loss 10.5087 | lr 3.00e-04 | grad 1.52 | 1.8k tok/s (avg 2.1k) | cert 0.57→0.60 | ticks [5.188 4.688 4.688 4.688] | Δticks -0.500 | dist 6.219 | ETA 1323.5h
step  15580 | T=4 | loss 8.0274 | lr 3.00e-04 | grad 1.52 | 3.2k tok/s (avg 2.1k) | cert 0.52→0.64 | ticks [4.844 4.250 4.125 4.156] | Δticks -0.688 | dist 4.355 | ETA 1323.2h
step  15590 | T=4 | loss 11.3903 | lr 3.00e-04 | grad 1.41 | 1.8k tok/s (avg 2.1k) | cert 0.51→0.61 | ticks [4.875 4.688 4.562 4.500] | Δticks -0.375 | dist 7.307 | ETA 1323.4h
step  15600 | T=4 | loss 7.7762 | lr 3.00e-04 | grad 1.94 | 1.9k tok/s (avg 2.1k) | cert 0.38→0.55 | ticks [5.219 4.719 4.688 4.500] | Δticks -0.719 | dist 3.572 | ETA 1323.5h
step  15610 | T=4 | loss 10.4475 | lr 3.00e-04 | grad 1.94 | 3.2k tok/s (avg 2.1k) | cert 0.20→0.42 | ticks [8.562 7.594 7.375 7.375] | Δticks -1.188 | dist 3.469 | ETA 1323.2h
step  15620 | T=4 | loss 9.8259 | lr 3.00e-04 | grad 1.38 | 1.8k tok/s (avg 2.1k) | cert 0.32→0.50 | ticks [6.375 5.500 5.438 5.344] | Δticks -1.031 | dist 4.855 | ETA 1323.4h
step  15630 | T=4 | loss 7.1821 | lr 3.00e-04 | grad 1.38 | 3.2k tok/s (avg 2.1k) | cert 0.45→0.63 | ticks [4.656 4.000 3.828 3.656] | Δticks -1.000 | dist 3.890 | ETA 1323.1h
step  15640 | T=4 | loss 8.3442 | lr 3.00e-04 | grad 2.45 | 1.8k tok/s (avg 2.1k) | cert 0.31→0.58 | ticks [5.531 4.625 4.656 4.562] | Δticks -0.969 | dist 4.240 | ETA 1323.2h
step  15650 | T=4 | loss 8.7310 | lr 3.00e-04 | grad 1.80 | 1.8k tok/s (avg 2.1k) | cert 0.41→0.57 | ticks [6.000 5.469 5.406 5.500] | Δticks -0.500 | dist 3.701 | ETA 1323.4h
step  15660 | T=4 | loss 7.5871 | lr 3.00e-04 | grad 1.80 | 3.2k tok/s (avg 2.1k) | cert 0.46→0.61 | ticks [4.781 4.031 4.156 4.125] | Δticks -0.656 | dist 3.938 | ETA 1323.1h
step  15670 | T=4 | loss 8.0626 | lr 3.00e-04 | grad 1.64 | 1.9k tok/s (avg 2.1k) | cert 0.38→0.55 | ticks [5.844 5.375 5.281 5.281] | Δticks -0.562 | dist 3.204 | ETA 1323.2h
step  15680 | T=4 | loss 8.7829 | lr 3.00e-04 | grad 1.99 | 1.8k tok/s (avg 2.1k) | cert 0.35→0.60 | ticks [5.812 4.812 4.625 4.562] | Δticks -1.250 | dist 4.619 | ETA 1323.4h
step  15690 | T=4 | loss 8.1846 | lr 3.00e-04 | grad 1.99 | 3.2k tok/s (avg 2.1k) | cert 0.46→0.62 | ticks [5.156 4.750 4.594 4.625] | Δticks -0.531 | dist 4.004 | ETA 1323.1h
step  15700 | T=4 | loss 7.3619 | lr 3.00e-04 | grad 1.36 | 1.9k tok/s (avg 2.1k) | cert 0.44→0.61 | ticks [5.031 4.344 4.250 4.125] | Δticks -0.906 | dist 3.668 | ETA 1323.2h
step  15710 | T=4 | loss 7.6378 | lr 3.00e-04 | grad 1.36 | 3.2k tok/s (avg 2.1k) | cert 0.50→0.62 | ticks [5.125 4.469 4.375 4.406] | Δticks -0.719 | dist 3.718 | ETA 1323.0h
step  15720 | T=4 | loss 7.5845 | lr 3.00e-04 | grad 1.45 | 1.9k tok/s (avg 2.1k) | cert 0.56→0.65 | ticks [4.469 4.000 4.000 3.859] | Δticks -0.609 | dist 4.148 | ETA 1323.1h
step  15730 | T=4 | loss 9.1787 | lr 3.00e-04 | grad 1.78 | 1.8k tok/s (avg 2.1k) | cert 0.27→0.50 | ticks [7.062 6.375 6.344 6.250] | Δticks -0.812 | dist 3.293 | ETA 1323.2h
step  15740 | T=4 | loss 8.8070 | lr 3.00e-04 | grad 1.78 | 3.2k tok/s (avg 2.1k) | cert 0.26→0.50 | ticks [6.750 6.000 5.938 5.812] | Δticks -0.938 | dist 3.356 | ETA 1323.0h
step  15750 | T=4 | loss 8.5467 | lr 3.00e-04 | grad 1.28 | 1.8k tok/s (avg 2.1k) | cert 0.45→0.63 | ticks [4.781 4.281 4.094 4.031] | Δticks -0.750 | dist 5.001 | ETA 1323.1h
step  15760 | T=4 | loss 8.7137 | lr 3.00e-04 | grad 1.34 | 1.8k tok/s (avg 2.1k) | cert 0.53→0.64 | ticks [4.531 4.156 4.062 4.281] | Δticks -0.250 | dist 5.097 | ETA 1323.2h
step  15770 | T=4 | loss 8.4717 | lr 3.00e-04 | grad 1.34 | 3.1k tok/s (avg 2.1k) | cert 0.41→0.56 | ticks [5.188 4.688 4.625 4.594] | Δticks -0.594 | dist 4.229 | ETA 1323.0h
step  15780 | T=4 | loss 7.0071 | lr 3.00e-04 | grad 1.45 | 1.9k tok/s (avg 2.1k) | cert 0.46→0.66 | ticks [4.594 4.219 3.938 3.875] | Δticks -0.719 | dist 3.533 | ETA 1323.1h
step  15790 | T=4 | loss 8.8656 | lr 3.00e-04 | grad 1.45 | 3.2k tok/s (avg 2.1k) | cert 0.33→0.54 | ticks [6.188 5.594 5.438 5.406] | Δticks -0.781 | dist 3.865 | ETA 1322.8h
step  15800 | T=4 | loss 11.0774 | lr 3.00e-04 | grad 1.62 | 1.8k tok/s (avg 2.1k) | cert 0.40→0.54 | ticks [5.812 5.438 5.344 5.219] | Δticks -0.594 | dist 6.194 | ETA 1323.0h
step  15810 | T=4 | loss 7.1760 | lr 3.00e-04 | grad 1.48 | 1.8k tok/s (avg 2.1k) | cert 0.39→0.64 | ticks [5.031 4.312 4.094 4.062] | Δticks -0.969 | dist 3.488 | ETA 1323.1h
step  15820 | T=4 | loss 8.5751 | lr 3.00e-04 | grad 1.48 | 3.2k tok/s (avg 2.1k) | cert 0.37→0.60 | ticks [5.625 5.094 4.969 4.875] | Δticks -0.750 | dist 4.138 | ETA 1322.8h
step  15830 | T=4 | loss 9.4271 | lr 3.00e-04 | grad 1.43 | 1.9k tok/s (avg 2.1k) | cert 0.32→0.53 | ticks [6.875 6.156 6.000 5.938] | Δticks -0.938 | dist 3.988 | ETA 1323.0h
step  15840 | T=4 | loss 5.6581 | lr 3.00e-04 | grad 1.27 | 1.8k tok/s (avg 2.1k) | cert 0.32→0.63 | ticks [4.938 3.719 3.500 3.562] | Δticks -1.375 | dist 2.376 | ETA 1323.1h
step  15850 | T=4 | loss 7.2704 | lr 3.00e-04 | grad 1.27 | 3.2k tok/s (avg 2.1k) | cert 0.50→0.66 | ticks [4.438 4.156 3.922 3.844] | Δticks -0.594 | dist 3.826 | ETA 1322.8h
step  15860 | T=4 | loss 10.4085 | lr 3.00e-04 | grad 2.05 | 1.9k tok/s (avg 2.1k) | cert 0.32→0.55 | ticks [6.312 5.781 5.750 5.656] | Δticks -0.656 | dist 5.125 | ETA 1323.0h
step  15870 | T=4 | loss 7.6895 | lr 3.00e-04 | grad 2.05 | 3.2k tok/s (avg 2.1k) | cert 0.40→0.57 | ticks [5.062 4.438 4.406 4.438] | Δticks -0.625 | dist 3.628 | ETA 1322.7h
step  15880 | T=4 | loss 8.1937 | lr 3.00e-04 | grad 1.52 | 1.8k tok/s (avg 2.1k) | cert 0.46→0.57 | ticks [5.250 4.625 4.625 4.656] | Δticks -0.594 | dist 3.927 | ETA 1322.8h
step  15890 | T=4 | loss 8.6277 | lr 3.00e-04 | grad 1.41 | 1.9k tok/s (avg 2.1k) | cert 0.29→0.54 | ticks [6.094 5.344 5.219 5.219] | Δticks -0.875 | dist 3.766 | ETA 1323.0h
step  15900 | T=4 | loss 11.1286 | lr 3.00e-04 | grad 1.41 | 3.2k tok/s (avg 2.1k) | cert 0.37→0.54 | ticks [6.031 5.094 5.062 5.000] | Δticks -1.031 | dist 6.406 | ETA 1322.7h
step  15910 | T=4 | loss 11.5172 | lr 3.00e-04 | grad 1.46 | 1.8k tok/s (avg 2.1k) | cert 0.49→0.61 | ticks [5.062 4.562 4.438 4.500] | Δticks -0.562 | dist 7.546 | ETA 1322.8h
step  15920 | T=4 | loss 8.4386 | lr 3.00e-04 | grad 1.56 | 1.8k tok/s (avg 2.1k) | cert 0.44→0.61 | ticks [5.219 4.812 4.625 4.531] | Δticks -0.688 | dist 4.276 | ETA 1323.0h
step  15930 | T=4 | loss 8.5121 | lr 3.00e-04 | grad 1.56 | 3.2k tok/s (avg 2.1k) | cert 0.40→0.59 | ticks [5.438 5.156 4.969 4.844] | Δticks -0.594 | dist 4.125 | ETA 1322.7h
step  15940 | T=4 | loss 7.3386 | lr 3.00e-04 | grad 2.25 | 1.8k tok/s (avg 2.1k) | cert 0.55→0.62 | ticks [4.375 3.859 3.891 3.859] | Δticks -0.516 | dist 3.971 | ETA 1322.8h
step  15950 | T=4 | loss 8.6305 | lr 3.00e-04 | grad 2.25 | 3.2k tok/s (avg 2.1k) | cert 0.34→0.55 | ticks [5.875 5.156 5.281 5.188] | Δticks -0.688 | dist 3.808 | ETA 1322.6h
step  15960 | T=4 | loss 8.9442 | lr 3.00e-04 | grad 1.96 | 1.8k tok/s (avg 2.1k) | cert 0.32→0.54 | ticks [6.156 5.312 5.250 5.281] | Δticks -0.875 | dist 4.059 | ETA 1322.7h
step  15970 | T=4 | loss 8.8888 | lr 3.00e-04 | grad 1.39 | 1.9k tok/s (avg 2.1k) | cert 0.40→0.61 | ticks [5.438 4.531 4.406 4.406] | Δticks -1.031 | dist 4.879 | ETA 1322.8h
step  15980 | T=4 | loss 10.5998 | lr 3.00e-04 | grad 1.39 | 3.2k tok/s (avg 2.1k) | cert 0.28→0.54 | ticks [5.906 5.062 5.000 4.969] | Δticks -0.938 | dist 6.120 | ETA 1322.6h
step  15990 | T=4 | loss 9.1181 | lr 3.00e-04 | grad 1.76 | 1.8k tok/s (avg 2.1k) | cert 0.48→0.63 | ticks [4.875 4.125 3.875 3.828] | Δticks -1.047 | dist 5.617 | ETA 1322.7h
step  16000 | T=4 | loss 8.0431 | lr 3.00e-04 | grad 1.61 | 1.8k tok/s (avg 2.1k) | cert 0.51→0.62 | ticks [4.938 4.531 4.281 4.188] | Δticks -0.750 | dist 4.198 | ETA 1322.8h
[CachedTeacherDataset/eval] 9 shards (of 199 total) under teacher_cache/phase1 | seq_len=512 top_k=128
  >>> val @ step 16000:
  T=4 | CE=4.3916 | PPL=80.77 | top1=23.4% | top5=43.8% | (25600 tok)
step  16010 | T=4 | loss 11.0505 | lr 3.00e-04 | grad 1.61 | 0.9k tok/s (avg 2.1k) | cert 0.34→0.54 | ticks [6.438 5.875 5.812 5.750] | Δticks -0.688 | dist 5.741 | ETA 1323.9h
step  16020 | T=4 | loss 7.4622 | lr 3.00e-04 | grad 1.83 | 2.1k tok/s (avg 2.1k) | cert 0.42→0.61 | ticks [4.938 4.438 4.219 4.188] | Δticks -0.750 | dist 3.654 | ETA 1323.9h
step  16030 | T=4 | loss 10.3749 | lr 3.00e-04 | grad 1.83 | 3.2k tok/s (avg 2.1k) | cert 0.27→0.49 | ticks [6.594 6.188 6.062 6.031] | Δticks -0.562 | dist 4.779 | ETA 1323.7h
step  16040 | T=4 | loss 6.6308 | lr 3.00e-04 | grad 1.74 | 1.9k tok/s (avg 2.1k) | cert 0.54→0.66 | ticks [4.156 3.656 3.609 3.516] | Δticks -0.641 | dist 3.520 | ETA 1323.8h
step  16050 | T=4 | loss 6.9664 | lr 3.00e-04 | grad 1.55 | 1.9k tok/s (avg 2.1k) | cert 0.31→0.59 | ticks [5.375 4.219 4.250 4.281] | Δticks -1.094 | dist 3.099 | ETA 1323.9h
step  16060 | T=4 | loss 8.2569 | lr 3.00e-04 | grad 1.55 | 3.2k tok/s (avg 2.1k) | cert 0.46→0.62 | ticks [5.250 4.750 4.531 4.500] | Δticks -0.750 | dist 4.148 | ETA 1323.7h
step  16070 | T=4 | loss 9.6248 | lr 3.00e-04 | grad 1.47 | 1.9k tok/s (avg 2.1k) | cert 0.58→0.65 | ticks [4.375 3.859 3.703 3.734] | Δticks -0.641 | dist 6.278 | ETA 1323.8h
step  16080 | T=4 | loss 8.4545 | lr 3.00e-04 | grad 1.71 | 1.8k tok/s (avg 2.1k) | cert 0.45→0.57 | ticks [5.312 4.625 4.688 4.594] | Δticks -0.719 | dist 4.154 | ETA 1323.9h
step  16090 | T=4 | loss 8.2956 | lr 3.00e-04 | grad 1.71 | 3.2k tok/s (avg 2.1k) | cert 0.32→0.57 | ticks [5.375 4.594 4.406 4.312] | Δticks -1.062 | dist 4.387 | ETA 1323.7h
step  16100 | T=4 | loss 6.9744 | lr 3.00e-04 | grad 1.80 | 1.8k tok/s (avg 2.1k) | cert 0.40→0.57 | ticks [4.938 4.344 4.406 4.188] | Δticks -0.750 | dist 3.080 | ETA 1323.8h
step  16110 | T=4 | loss 7.1768 | lr 3.00e-04 | grad 1.80 | 3.2k tok/s (avg 2.1k) | cert 0.52→0.64 | ticks [4.656 4.156 4.156 4.031] | Δticks -0.625 | dist 3.524 | ETA 1323.5h
step  16120 | T=4 | loss 8.2675 | lr 3.00e-04 | grad 3.77 | 1.9k tok/s (avg 2.1k) | cert 0.59→0.59 | ticks [4.188 4.406 4.188 4.062] | Δticks -0.125 | dist 4.582 | ETA 1323.7h
step  16130 | T=4 | loss 8.3333 | lr 3.00e-04 | grad 2.19 | 1.8k tok/s (avg 2.1k) | cert 0.40→0.57 | ticks [5.156 4.594 4.625 4.562] | Δticks -0.594 | dist 4.154 | ETA 1323.8h
step  16140 | T=4 | loss 7.7306 | lr 3.00e-04 | grad 2.19 | 3.2k tok/s (avg 2.1k) | cert 0.30→0.53 | ticks [5.406 4.688 4.594 4.625] | Δticks -0.781 | dist 3.568 | ETA 1323.5h
step  16150 | T=4 | loss 6.7762 | lr 3.00e-04 | grad 1.99 | 1.9k tok/s (avg 2.1k) | cert 0.37→0.61 | ticks [5.344 4.469 4.250 4.250] | Δticks -1.094 | dist 2.966 | ETA 1323.6h
step  16160 | T=4 | loss 8.0172 | lr 3.00e-04 | grad 2.86 | 1.8k tok/s (avg 2.1k) | cert 0.36→0.55 | ticks [5.500 4.906 4.719 4.812] | Δticks -0.688 | dist 3.578 | ETA 1323.8h
step  16170 | T=4 | loss 9.9214 | lr 3.00e-04 | grad 2.86 | 3.2k tok/s (avg 2.1k) | cert 0.45→0.57 | ticks [5.281 4.688 4.625 4.531] | Δticks -0.750 | dist 5.617 | ETA 1323.5h
step  16180 | T=4 | loss 9.5225 | lr 3.00e-04 | grad 1.98 | 1.9k tok/s (avg 2.1k) | cert 0.36→0.59 | ticks [5.281 4.469 4.438 4.469] | Δticks -0.812 | dist 5.531 | ETA 1323.6h
step  16190 | T=4 | loss 10.8252 | lr 3.00e-04 | grad 1.98 | 3.2k tok/s (avg 2.1k) | cert 0.41→0.53 | ticks [5.281 4.812 4.719 4.688] | Δticks -0.594 | dist 6.504 | ETA 1323.4h
step  16200 | T=4 | loss 7.4189 | lr 3.00e-04 | grad 1.38 | 1.8k tok/s (avg 2.1k) | cert 0.35→0.52 | ticks [5.000 4.594 4.594 4.562] | Δticks -0.438 | dist 3.288 | ETA 1323.5h
step  16210 | T=4 | loss 9.4269 | lr 3.00e-04 | grad 2.34 | 1.8k tok/s (avg 2.1k) | cert 0.32→0.50 | ticks [6.500 6.062 6.000 5.969] | Δticks -0.531 | dist 3.835 | ETA 1323.7h
step  16220 | T=4 | loss 7.6443 | lr 3.00e-04 | grad 2.34 | 3.2k tok/s (avg 2.1k) | cert 0.57→0.62 | ticks [4.250 3.938 4.000 3.875] | Δticks -0.375 | dist 4.235 | ETA 1323.4h
step  16230 | T=4 | loss 7.8483 | lr 3.00e-04 | grad 2.20 | 1.8k tok/s (avg 2.1k) | cert 0.30→0.54 | ticks [6.312 5.562 5.375 5.375] | Δticks -0.938 | dist 2.907 | ETA 1323.5h
step  16240 | T=4 | loss 7.1060 | lr 3.00e-04 | grad 1.68 | 1.8k tok/s (avg 2.1k) | cert 0.34→0.60 | ticks [5.094 4.469 4.219 4.094] | Δticks -1.000 | dist 3.334 | ETA 1323.7h
step  16250 | T=4 | loss 7.4853 | lr 3.00e-04 | grad 1.68 | 3.2k tok/s (avg 2.1k) | cert 0.51→0.64 | ticks [4.375 3.938 3.828 3.719] | Δticks -0.656 | dist 4.153 | ETA 1323.4h
step  16260 | T=4 | loss 6.7166 | lr 3.00e-04 | grad 2.02 | 1.8k tok/s (avg 2.1k) | cert 0.52→0.66 | ticks [4.156 3.812 3.484 3.453] | Δticks -0.703 | dist 3.593 | ETA 1323.5h
step  16270 | T=4 | loss 6.9876 | lr 3.00e-04 | grad 2.02 | 3.2k tok/s (avg 2.1k) | cert 0.30→0.52 | ticks [5.156 4.406 4.406 4.500] | Δticks -0.656 | dist 2.965 | ETA 1323.3h
step  16280 | T=4 | loss 9.1215 | lr 3.00e-04 | grad 1.69 | 1.8k tok/s (avg 2.1k) | cert 0.38→0.54 | ticks [6.375 5.844 5.688 5.656] | Δticks -0.719 | dist 3.831 | ETA 1323.4h
step  16290 | T=4 | loss 8.3835 | lr 3.00e-04 | grad 2.09 | 1.8k tok/s (avg 2.1k) | cert 0.37→0.57 | ticks [5.406 4.719 4.719 4.719] | Δticks -0.688 | dist 4.095 | ETA 1323.5h
step  16300 | T=4 | loss 9.3731 | lr 3.00e-04 | grad 2.09 | 3.2k tok/s (avg 2.1k) | cert 0.47→0.60 | ticks [4.500 4.156 4.156 4.031] | Δticks -0.469 | dist 5.759 | ETA 1323.3h
step  16310 | T=4 | loss 8.6806 | lr 3.00e-04 | grad 2.12 | 1.8k tok/s (avg 2.1k) | cert 0.24→0.46 | ticks [7.375 6.750 6.750 6.688] | Δticks -0.688 | dist 2.468 | ETA 1323.4h
step  16320 | T=4 | loss 7.2670 | lr 3.00e-04 | grad 1.45 | 1.8k tok/s (avg 2.1k) | cert 0.37→0.58 | ticks [4.844 4.406 4.219 4.156] | Δticks -0.688 | dist 3.547 | ETA 1323.5h
step  16330 | T=4 | loss 8.5654 | lr 3.00e-04 | grad 1.45 | 3.2k tok/s (avg 2.1k) | cert 0.32→0.54 | ticks [6.031 5.125 5.188 5.062] | Δticks -0.969 | dist 3.832 | ETA 1323.3h
step  16340 | T=4 | loss 7.9542 | lr 3.00e-04 | grad 2.19 | 1.8k tok/s (avg 2.1k) | cert 0.38→0.61 | ticks [5.688 4.812 4.781 4.688] | Δticks -1.000 | dist 3.732 | ETA 1323.4h
step  16350 | T=4 | loss 8.3511 | lr 3.00e-04 | grad 2.19 | 3.2k tok/s (avg 2.1k) | cert 0.33→0.53 | ticks [6.156 5.312 5.312 5.219] | Δticks -0.938 | dist 3.439 | ETA 1323.1h
step  16360 | T=4 | loss 7.2611 | lr 3.00e-04 | grad 2.61 | 1.9k tok/s (avg 2.1k) | cert 0.37→0.59 | ticks [4.969 4.312 4.062 3.891] | Δticks -1.078 | dist 3.687 | ETA 1323.3h
step  16370 | T=4 | loss 6.8136 | lr 3.00e-04 | grad 1.59 | 1.8k tok/s (avg 2.1k) | cert 0.43→0.63 | ticks [4.844 3.922 3.828 3.875] | Δticks -0.969 | dist 3.410 | ETA 1323.4h
step  16380 | T=4 | loss 7.9360 | lr 3.00e-04 | grad 1.59 | 3.1k tok/s (avg 2.1k) | cert 0.49→0.64 | ticks [4.844 4.188 4.188 4.062] | Δticks -0.781 | dist 4.191 | ETA 1323.1h
step  16390 | T=4 | loss 10.2153 | lr 3.00e-04 | grad 1.71 | 1.9k tok/s (avg 2.1k) | cert 0.26→0.50 | ticks [7.688 7.000 6.719 6.750] | Δticks -0.938 | dist 3.800 | ETA 1323.3h
step  16400 | T=4 | loss 8.1120 | lr 3.00e-04 | grad 2.48 | 1.8k tok/s (avg 2.1k) | cert 0.40→0.62 | ticks [5.281 4.688 4.594 4.594] | Δticks -0.688 | dist 4.103 | ETA 1323.4h
step  16410 | T=4 | loss 9.9325 | lr 3.00e-04 | grad 2.48 | 3.2k tok/s (avg 2.1k) | cert 0.50→0.65 | ticks [4.469 4.125 3.891 3.953] | Δticks -0.516 | dist 6.391 | ETA 1323.1h
step  16420 | T=4 | loss 9.5760 | lr 3.00e-04 | grad 1.60 | 1.9k tok/s (avg 2.1k) | cert 0.30→0.51 | ticks [6.938 5.781 5.750 5.812] | Δticks -1.125 | dist 4.241 | ETA 1323.3h
step  16430 | T=4 | loss 11.5172 | lr 3.00e-04 | grad 1.60 | 3.2k tok/s (avg 2.1k) | cert 0.48→0.64 | ticks [5.000 4.469 4.438 4.312] | Δticks -0.688 | dist 7.567 | ETA 1323.0h
step  16440 | T=4 | loss 11.9755 | lr 3.00e-04 | grad 1.77 | 1.8k tok/s (avg 2.1k) | cert 0.39→0.58 | ticks [5.719 4.969 4.906 4.875] | Δticks -0.844 | dist 7.643 | ETA 1323.1h
step  16450 | T=4 | loss 7.1266 | lr 3.00e-04 | grad 1.77 | 1.8k tok/s (avg 2.1k) | cert 0.54→0.61 | ticks [4.312 4.125 4.250 4.219] | Δticks -0.094 | dist 3.541 | ETA 1323.3h
step  16460 | T=4 | loss 7.2301 | lr 3.00e-04 | grad 1.77 | 3.2k tok/s (avg 2.1k) | cert 0.36→0.62 | ticks [5.281 4.406 4.281 4.344] | Δticks -0.938 | dist 3.431 | ETA 1323.0h
step  16470 | T=4 | loss 14.3153 | lr 3.00e-04 | grad 1.72 | 1.8k tok/s (avg 2.1k) | cert 0.64→0.60 | ticks [4.094 3.844 3.812 3.781] | Δticks -0.312 | dist 11.080 | ETA 1323.1h
step  16480 | T=4 | loss 11.2884 | lr 3.00e-04 | grad 1.62 | 1.8k tok/s (avg 2.1k) | cert 0.36→0.52 | ticks [6.375 5.781 5.625 5.625] | Δticks -0.750 | dist 6.036 | ETA 1323.3h
step  16490 | T=4 | loss 9.5243 | lr 3.00e-04 | grad 1.62 | 3.2k tok/s (avg 2.1k) | cert 0.25→0.51 | ticks [7.125 6.312 6.188 6.250] | Δticks -0.875 | dist 3.684 | ETA 1323.0h
step  16500 | T=4 | loss 8.0001 | lr 3.00e-04 | grad 1.95 | 1.8k tok/s (avg 2.1k) | cert 0.48→0.62 | ticks [5.188 4.625 4.562 4.469] | Δticks -0.719 | dist 4.002 | ETA 1323.1h
step  16510 | T=4 | loss 11.1631 | lr 3.00e-04 | grad 1.95 | 3.2k tok/s (avg 2.1k) | cert 0.21→0.45 | ticks [8.562 7.812 7.688 7.656] | Δticks -0.906 | dist 3.988 | ETA 1322.9h
step  16520 | T=4 | loss 9.7575 | lr 3.00e-04 | grad 1.88 | 1.8k tok/s (avg 2.1k) | cert 0.36→0.55 | ticks [6.156 5.688 5.625 5.625] | Δticks -0.531 | dist 4.625 | ETA 1323.0h
step  16530 | T=4 | loss 12.7030 | lr 3.00e-04 | grad 1.47 | 1.8k tok/s (avg 2.1k) | cert 0.42→0.52 | ticks [6.969 6.625 6.656 6.594] | Δticks -0.375 | dist 6.528 | ETA 1323.1h
step  16540 | T=4 | loss 8.7518 | lr 3.00e-04 | grad 1.47 | 3.2k tok/s (avg 2.1k) | cert 0.46→0.63 | ticks [4.812 4.188 4.156 4.062] | Δticks -0.750 | dist 5.120 | ETA 1322.9h
step  16550 | T=4 | loss 8.1693 | lr 3.00e-04 | grad 2.30 | 1.9k tok/s (avg 2.1k) | cert 0.32→0.58 | ticks [5.906 4.750 4.656 4.562] | Δticks -1.344 | dist 3.947 | ETA 1323.0h
step  16560 | T=4 | loss 7.5713 | lr 3.00e-04 | grad 2.31 | 1.8k tok/s (avg 2.1k) | cert 0.35→0.58 | ticks [5.531 4.562 4.375 4.438] | Δticks -1.094 | dist 3.553 | ETA 1323.1h
step  16570 | T=4 | loss 7.7190 | lr 3.00e-04 | grad 2.31 | 3.2k tok/s (avg 2.1k) | cert 0.50→0.65 | ticks [4.906 4.156 4.125 3.906] | Δticks -1.000 | dist 3.998 | ETA 1322.9h
step  16580 | T=4 | loss 7.5455 | lr 3.00e-04 | grad 1.64 | 1.9k tok/s (avg 2.1k) | cert 0.38→0.59 | ticks [5.750 4.969 4.750 4.656] | Δticks -1.094 | dist 3.188 | ETA 1323.0h
step  16590 | T=4 | loss 10.3541 | lr 3.00e-04 | grad 1.64 | 3.2k tok/s (avg 2.1k) | cert 0.48→0.59 | ticks [5.344 4.844 4.719 4.500] | Δticks -0.844 | dist 5.994 | ETA 1322.7h
step  16600 | T=4 | loss 8.1838 | lr 3.00e-04 | grad 1.88 | 1.8k tok/s (avg 2.1k) | cert 0.33→0.54 | ticks [5.844 5.375 5.344 5.344] | Δticks -0.500 | dist 3.302 | ETA 1322.9h
step  16610 | T=4 | loss 7.7397 | lr 3.00e-04 | grad 1.54 | 1.9k tok/s (avg 2.1k) | cert 0.46→0.62 | ticks [4.656 4.062 3.953 3.812] | Δticks -0.844 | dist 4.288 | ETA 1323.0h
step  16620 | T=4 | loss 8.5236 | lr 3.00e-04 | grad 1.54 | 3.2k tok/s (avg 2.1k) | cert 0.47→0.62 | ticks [5.406 4.750 4.656 4.656] | Δticks -0.750 | dist 4.390 | ETA 1322.7h
step  16630 | T=4 | loss 9.9089 | lr 3.00e-04 | grad 1.65 | 1.8k tok/s (avg 2.1k) | cert 0.45→0.55 | ticks [5.500 4.812 4.688 4.719] | Δticks -0.781 | dist 5.658 | ETA 1322.9h
step  16640 | T=4 | loss 7.6075 | lr 3.00e-04 | grad 1.59 | 1.8k tok/s (avg 2.1k) | cert 0.46→0.58 | ticks [5.438 5.000 4.906 4.750] | Δticks -0.688 | dist 3.151 | ETA 1323.0h
step  16650 | T=4 | loss 7.2427 | lr 3.00e-04 | grad 1.59 | 3.2k tok/s (avg 2.1k) | cert 0.43→0.63 | ticks [4.688 3.969 3.859 3.734] | Δticks -0.953 | dist 3.902 | ETA 1322.7h
step  16660 | T=4 | loss 9.4954 | lr 3.00e-04 | grad 1.49 | 1.8k tok/s (avg 2.1k) | cert 0.27→0.52 | ticks [7.219 5.938 5.812 5.812] | Δticks -1.406 | dist 4.074 | ETA 1322.9h
step  16670 | T=4 | loss 11.5001 | lr 3.00e-04 | grad 1.49 | 3.2k tok/s (avg 2.1k) | cert 0.28→0.52 | ticks [7.156 6.688 6.531 6.375] | Δticks -0.781 | dist 5.496 | ETA 1322.6h
step  16680 | T=4 | loss 7.9787 | lr 3.00e-04 | grad 1.47 | 1.8k tok/s (avg 2.1k) | cert 0.56→0.67 | ticks [3.734 3.328 2.969 3.094] | Δticks -0.641 | dist 5.264 | ETA 1322.7h
step  16690 | T=4 | loss 8.4405 | lr 3.00e-04 | grad 1.38 | 1.8k tok/s (avg 2.1k) | cert 0.31→0.52 | ticks [6.312 5.719 5.469 5.344] | Δticks -0.969 | dist 3.403 | ETA 1322.9h
step  16700 | T=4 | loss 9.4074 | lr 3.00e-04 | grad 1.38 | 3.2k tok/s (avg 2.1k) | cert 0.48→0.61 | ticks [5.188 4.531 4.406 4.312] | Δticks -0.875 | dist 5.426 | ETA 1322.6h
step  16710 | T=4 | loss 7.7474 | lr 3.00e-04 | grad 1.41 | 1.8k tok/s (avg 2.1k) | cert 0.42→0.55 | ticks [5.844 5.281 5.250 5.281] | Δticks -0.562 | dist 2.856 | ETA 1322.7h
step  16720 | T=4 | loss 10.2118 | lr 3.00e-04 | grad 1.53 | 1.8k tok/s (avg 2.1k) | cert 0.55→0.61 | ticks [4.750 4.062 4.094 4.031] | Δticks -0.719 | dist 6.687 | ETA 1322.9h
step  16730 | T=4 | loss 7.5182 | lr 3.00e-04 | grad 1.53 | 3.2k tok/s (avg 2.1k) | cert 0.54→0.66 | ticks [3.719 3.609 3.188 3.281] | Δticks -0.438 | dist 4.664 | ETA 1322.6h
step  16740 | T=4 | loss 7.2546 | lr 3.00e-04 | grad 1.45 | 1.8k tok/s (avg 2.1k) | cert 0.25→0.58 | ticks [5.750 4.625 4.531 4.594] | Δticks -1.156 | dist 3.069 | ETA 1322.7h
step  16750 | T=4 | loss 10.4101 | lr 3.00e-04 | grad 1.45 | 3.2k tok/s (avg 2.1k) | cert 0.32→0.53 | ticks [6.406 5.469 5.406 5.375] | Δticks -1.031 | dist 5.382 | ETA 1322.5h
step  16760 | T=4 | loss 7.5344 | lr 3.00e-04 | grad 1.61 | 1.8k tok/s (avg 2.1k) | cert 0.35→0.57 | ticks [5.094 4.438 4.344 4.250] | Δticks -0.844 | dist 3.679 | ETA 1322.6h
step  16770 | T=4 | loss 12.0097 | lr 3.00e-04 | grad 1.47 | 1.8k tok/s (avg 2.1k) | cert 0.38→0.61 | ticks [5.094 4.219 4.094 4.062] | Δticks -1.031 | dist 8.202 | ETA 1322.7h
step  16780 | T=4 | loss 10.0143 | lr 3.00e-04 | grad 1.47 | 3.1k tok/s (avg 2.1k) | cert 0.32→0.55 | ticks [6.125 5.469 5.406 5.406] | Δticks -0.719 | dist 5.100 | ETA 1322.5h
step  16790 | T=4 | loss 10.1612 | lr 3.00e-04 | grad 1.68 | 1.9k tok/s (avg 2.1k) | cert 0.19→0.44 | ticks [8.312 7.719 7.594 7.594] | Δticks -0.719 | dist 3.054 | ETA 1322.6h
step  16800 | T=4 | loss 8.8667 | lr 3.00e-04 | grad 1.77 | 1.8k tok/s (avg 2.1k) | cert 0.56→0.61 | ticks [4.625 4.312 4.250 4.188] | Δticks -0.438 | dist 5.100 | ETA 1322.8h
step  16810 | T=4 | loss 8.3222 | lr 3.00e-04 | grad 1.77 | 3.2k tok/s (avg 2.1k) | cert 0.33→0.59 | ticks [5.625 4.500 4.406 4.531] | Δticks -1.094 | dist 4.219 | ETA 1322.5h
step  16820 | T=4 | loss 12.1254 | lr 3.00e-04 | grad 2.00 | 1.8k tok/s (avg 2.1k) | cert 0.54→0.58 | ticks [4.156 3.766 3.844 3.969] | Δticks -0.188 | dist 8.785 | ETA 1322.6h
step  16830 | T=4 | loss 8.8013 | lr 3.00e-04 | grad 2.00 | 3.2k tok/s (avg 2.1k) | cert 0.42→0.56 | ticks [6.125 5.531 5.375 5.531] | Δticks -0.594 | dist 3.703 | ETA 1322.4h
step  16840 | T=4 | loss 12.8172 | lr 3.00e-04 | grad 1.66 | 1.9k tok/s (avg 2.1k) | cert 0.32→0.54 | ticks [5.906 5.031 5.062 5.031] | Δticks -0.875 | dist 8.211 | ETA 1322.5h
step  16850 | T=4 | loss 8.1377 | lr 3.00e-04 | grad 1.45 | 1.8k tok/s (avg 2.1k) | cert 0.40→0.61 | ticks [5.062 4.531 4.375 4.281] | Δticks -0.781 | dist 4.244 | ETA 1322.6h
step  16860 | T=4 | loss 9.6410 | lr 3.00e-04 | grad 1.45 | 3.2k tok/s (avg 2.1k) | cert 0.21→0.43 | ticks [7.469 6.531 6.469 6.469] | Δticks -1.000 | dist 3.597 | ETA 1322.4h
step  16870 | T=4 | loss 8.5740 | lr 3.00e-04 | grad 1.96 | 1.8k tok/s (avg 2.1k) | cert 0.31→0.54 | ticks [6.812 5.625 5.469 5.469] | Δticks -1.344 | dist 3.468 | ETA 1322.5h
step  16880 | T=4 | loss 4.6484 | lr 3.00e-04 | grad 3.16 | 1.8k tok/s (avg 2.1k) | cert 0.40→0.68 | ticks [3.828 2.766 2.688 2.641] | Δticks -1.188 | dist 2.324 | ETA 1322.6h
step  16890 | T=4 | loss 10.1137 | lr 3.00e-04 | grad 3.16 | 3.2k tok/s (avg 2.1k) | cert 0.61→0.62 | ticks [4.500 4.156 4.000 3.844] | Δticks -0.656 | dist 6.558 | ETA 1322.4h
step  16900 | T=4 | loss 10.4155 | lr 3.00e-04 | grad 1.53 | 1.8k tok/s (avg 2.1k) | cert 0.28→0.53 | ticks [7.094 6.406 6.344 6.250] | Δticks -0.844 | dist 4.538 | ETA 1322.5h
step  16910 | T=4 | loss 10.1031 | lr 3.00e-04 | grad 1.53 | 3.2k tok/s (avg 2.1k) | cert 0.31→0.55 | ticks [6.375 5.781 5.750 5.656] | Δticks -0.719 | dist 4.779 | ETA 1322.2h
step  16920 | T=4 | loss 7.9687 | lr 3.00e-04 | grad 1.43 | 1.8k tok/s (avg 2.1k) | cert 0.50→0.65 | ticks [4.438 3.891 3.859 3.797] | Δticks -0.641 | dist 4.679 | ETA 1322.4h
step  16930 | T=4 | loss 10.3254 | lr 3.00e-04 | grad 1.35 | 1.8k tok/s (avg 2.1k) | cert 0.68→0.66 | ticks [4.500 4.125 4.094 4.000] | Δticks -0.500 | dist 6.659 | ETA 1322.5h
step  16940 | T=4 | loss 8.8420 | lr 3.00e-04 | grad 1.35 | 3.2k tok/s (avg 2.1k) | cert 0.46→0.62 | ticks [4.781 4.406 4.312 4.312] | Δticks -0.469 | dist 5.007 | ETA 1322.2h
step  16950 | T=4 | loss 10.5563 | lr 3.00e-04 | grad 1.49 | 1.8k tok/s (avg 2.1k) | cert 0.51→0.59 | ticks [5.000 4.688 4.688 4.688] | Δticks -0.312 | dist 6.443 | ETA 1322.4h
step  16960 | T=4 | loss 13.6254 | lr 3.00e-04 | grad 1.59 | 1.8k tok/s (avg 2.1k) | cert 0.41→0.52 | ticks [5.031 4.688 4.656 4.750] | Δticks -0.281 | dist 9.385 | ETA 1322.5h
step  16970 | T=4 | loss 10.3243 | lr 3.00e-04 | grad 1.59 | 3.2k tok/s (avg 2.1k) | cert 0.37→0.55 | ticks [5.500 4.688 4.719 4.625] | Δticks -0.875 | dist 5.998 | ETA 1322.2h
step  16980 | T=4 | loss 8.6281 | lr 3.00e-04 | grad 1.41 | 1.8k tok/s (avg 2.1k) | cert 0.54→0.62 | ticks [5.469 4.906 4.906 4.844] | Δticks -0.625 | dist 4.168 | ETA 1322.4h
step  16990 | T=4 | loss 7.5881 | lr 3.00e-04 | grad 1.41 | 3.2k tok/s (avg 2.1k) | cert 0.48→0.62 | ticks [5.000 4.500 4.438 4.312] | Δticks -0.688 | dist 3.641 | ETA 1322.1h
step  17000 | T=4 | loss 8.2960 | lr 3.00e-04 | grad 1.59 | 1.8k tok/s (avg 2.1k) | cert 0.49→0.63 | ticks [4.844 4.375 4.219 4.156] | Δticks -0.688 | dist 4.548 | ETA 1322.2h
[CachedTeacherDataset/eval] 9 shards (of 199 total) under teacher_cache/phase1 | seq_len=512 top_k=128
  >>> val @ step 17000:
  T=4 | CE=4.4189 | PPL=83.00 | top1=22.6% | top5=43.3% | (25600 tok)
step  17010 | T=4 | loss 8.5823 | lr 3.00e-04 | grad 1.48 | 0.8k tok/s (avg 2.1k) | cert 0.40→0.59 | ticks [4.812 4.344 3.953 4.000] | Δticks -0.812 | dist 4.919 | ETA 1323.5h
step  17020 | T=4 | loss 7.4096 | lr 3.00e-04 | grad 1.48 | 3.2k tok/s (avg 2.1k) | cert 0.58→0.67 | ticks [4.031 3.734 3.500 3.406] | Δticks -0.625 | dist 4.362 | ETA 1323.3h
step  17030 | T=4 | loss 9.0900 | lr 3.00e-04 | grad 1.30 | 1.9k tok/s (avg 2.1k) | cert 0.52→0.64 | ticks [4.281 3.922 3.812 3.750] | Δticks -0.531 | dist 5.816 | ETA 1323.4h
step  17040 | T=4 | loss 8.2394 | lr 3.00e-04 | grad 1.30 | 1.8k tok/s (avg 2.1k) | cert 0.37→0.61 | ticks [5.000 4.406 4.125 4.125] | Δticks -0.875 | dist 4.505 | ETA 1323.5h
step  17050 | T=4 | loss 7.5162 | lr 3.00e-04 | grad 1.30 | 3.2k tok/s (avg 2.1k) | cert 0.57→0.64 | ticks [4.625 4.062 3.891 3.906] | Δticks -0.719 | dist 4.036 | ETA 1323.3h
step  17060 | T=4 | loss 8.4740 | lr 3.00e-04 | grad 2.08 | 1.8k tok/s (avg 2.1k) | cert 0.39→0.61 | ticks [5.281 4.500 4.406 4.469] | Δticks -0.812 | dist 4.533 | ETA 1323.4h
step  17070 | T=4 | loss 9.9883 | lr 3.00e-04 | grad 2.08 | 3.2k tok/s (avg 2.1k) | cert 0.58→0.61 | ticks [5.094 4.562 4.406 4.344] | Δticks -0.750 | dist 5.974 | ETA 1323.1h
step  17080 | T=4 | loss 13.7981 | lr 3.00e-04 | grad 1.50 | 1.9k tok/s (avg 2.1k) | cert 0.52→0.60 | ticks [4.500 3.953 3.891 3.750] | Δticks -0.750 | dist 10.401 | ETA 1323.3h
step  17090 | T=4 | loss 7.8505 | lr 3.00e-04 | grad 1.67 | 1.8k tok/s (avg 2.1k) | cert 0.34→0.58 | ticks [5.312 4.469 4.375 4.344] | Δticks -0.969 | dist 3.968 | ETA 1323.4h
step  17100 | T=4 | loss 9.1636 | lr 3.00e-04 | grad 1.67 | 3.2k tok/s (avg 2.1k) | cert 0.40→0.59 | ticks [5.500 5.062 4.844 4.719] | Δticks -0.781 | dist 4.845 | ETA 1323.1h
step  17110 | T=4 | loss 8.8015 | lr 3.00e-04 | grad 1.41 | 1.9k tok/s (avg 2.1k) | cert 0.50→0.60 | ticks [4.781 4.406 4.062 4.188] | Δticks -0.594 | dist 5.013 | ETA 1323.3h
step  17120 | T=4 | loss 8.9420 | lr 3.00e-04 | grad 1.41 | 1.8k tok/s (avg 2.1k) | cert 0.37→0.58 | ticks [5.656 4.938 4.719 4.562] | Δticks -1.094 | dist 4.645 | ETA 1323.4h
step  17130 | T=4 | loss 10.4602 | lr 3.00e-04 | grad 1.41 | 3.2k tok/s (avg 2.1k) | cert 0.38→0.61 | ticks [6.156 5.406 5.094 5.312] | Δticks -0.844 | dist 5.700 | ETA 1323.1h
step  17140 | T=4 | loss 9.3735 | lr 3.00e-04 | grad 1.56 | 1.8k tok/s (avg 2.1k) | cert 0.54→0.62 | ticks [4.844 4.219 4.125 4.000] | Δticks -0.844 | dist 5.757 | ETA 1323.3h
step  17150 | T=4 | loss 8.5228 | lr 3.00e-04 | grad 1.56 | 3.2k tok/s (avg 2.1k) | cert 0.43→0.57 | ticks [5.562 5.062 4.969 4.969] | Δticks -0.594 | dist 4.041 | ETA 1323.0h
step  17160 | T=4 | loss 9.9050 | lr 3.00e-04 | grad 1.55 | 1.8k tok/s (avg 2.1k) | cert 0.53→0.64 | ticks [4.469 3.984 4.062 3.938] | Δticks -0.531 | dist 6.353 | ETA 1323.1h
step  17170 | T=4 | loss 8.0146 | lr 3.00e-04 | grad 1.45 | 1.8k tok/s (avg 2.1k) | cert 0.40→0.60 | ticks [4.500 3.938 3.734 3.766] | Δticks -0.734 | dist 4.646 | ETA 1323.3h
step  17180 | T=4 | loss 5.8072 | lr 3.00e-04 | grad 1.45 | 3.2k tok/s (avg 2.1k) | cert 0.56→0.61 | ticks [3.766 3.422 3.484 3.484] | Δticks -0.281 | dist 2.901 | ETA 1323.0h
step  17190 | T=4 | loss 8.7267 | lr 3.00e-04 | grad 1.64 | 1.8k tok/s (avg 2.1k) | cert 0.25→0.50 | ticks [7.125 6.438 6.344 6.438] | Δticks -0.688 | dist 2.834 | ETA 1323.1h
step  17200 | T=4 | loss 8.1267 | lr 3.00e-04 | grad 1.70 | 1.8k tok/s (avg 2.1k) | cert 0.46→0.63 | ticks [4.594 3.844 3.656 3.672] | Δticks -0.922 | dist 4.793 | ETA 1323.3h
step  17210 | T=4 | loss 6.4973 | lr 3.00e-04 | grad 1.70 | 3.2k tok/s (avg 2.1k) | cert 0.44→0.64 | ticks [4.406 3.641 3.531 3.375] | Δticks -1.031 | dist 3.389 | ETA 1323.0h
step  17220 | T=4 | loss 11.9184 | lr 3.00e-04 | grad 1.56 | 1.8k tok/s (avg 2.1k) | cert 0.55→0.63 | ticks [4.594 4.188 4.062 4.062] | Δticks -0.531 | dist 8.318 | ETA 1323.1h
step  17230 | T=4 | loss 10.4531 | lr 3.00e-04 | grad 1.56 | 3.2k tok/s (avg 2.1k) | cert 0.64→0.68 | ticks [3.953 3.625 3.469 3.375] | Δticks -0.578 | dist 7.352 | ETA 1322.9h
step  17240 | T=4 | loss 6.3844 | lr 3.00e-04 | grad 1.66 | 1.9k tok/s (avg 2.1k) | cert 0.48→0.66 | ticks [3.938 3.281 3.109 3.125] | Δticks -0.812 | dist 3.699 | ETA 1323.0h
step  17250 | T=4 | loss 10.1682 | lr 3.00e-04 | grad 1.48 | 1.8k tok/s (avg 2.1k) | cert 0.53→0.61 | ticks [4.281 3.875 3.906 3.922] | Δticks -0.359 | dist 6.752 | ETA 1323.1h
step  17260 | T=4 | loss 8.7866 | lr 3.00e-04 | grad 1.48 | 3.2k tok/s (avg 2.1k) | cert 0.30→0.50 | ticks [7.031 5.875 5.969 5.875] | Δticks -1.156 | dist 3.205 | ETA 1322.9h
step  17270 | T=4 | loss 8.2334 | lr 3.00e-04 | grad 1.81 | 1.8k tok/s (avg 2.1k) | cert 0.37→0.58 | ticks [6.000 5.281 5.344 5.312] | Δticks -0.688 | dist 3.351 | ETA 1323.0h
step  17280 | T=4 | loss 8.3996 | lr 3.00e-04 | grad 1.38 | 1.8k tok/s (avg 2.1k) | cert 0.30→0.55 | ticks [6.156 5.438 5.125 5.156] | Δticks -1.000 | dist 3.677 | ETA 1323.1h
step  17290 | T=4 | loss 9.6705 | lr 3.00e-04 | grad 1.38 | 3.2k tok/s (avg 2.1k) | cert 0.20→0.47 | ticks [7.656 6.969 6.875 6.812] | Δticks -0.844 | dist 3.326 | ETA 1322.9h
step  17300 | T=4 | loss 7.0694 | lr 3.00e-04 | grad 1.75 | 1.8k tok/s (avg 2.1k) | cert 0.49→0.64 | ticks [4.562 4.219 3.906 3.938] | Δticks -0.625 | dist 3.607 | ETA 1323.0h
step  17310 | T=4 | loss 7.9913 | lr 3.00e-04 | grad 1.75 | 3.2k tok/s (avg 2.1k) | cert 0.47→0.62 | ticks [4.344 4.094 3.812 3.812] | Δticks -0.531 | dist 4.638 | ETA 1322.8h
step  17320 | T=4 | loss 8.6068 | lr 3.00e-04 | grad 1.37 | 1.8k tok/s (avg 2.1k) | cert 0.43→0.58 | ticks [5.312 4.625 4.688 4.531] | Δticks -0.781 | dist 4.452 | ETA 1322.9h
step  17330 | T=4 | loss 7.9447 | lr 3.00e-04 | grad 1.59 | 1.8k tok/s (avg 2.1k) | cert 0.35→0.61 | ticks [5.125 4.125 3.984 3.953] | Δticks -1.172 | dist 4.395 | ETA 1323.0h
step  17340 | T=4 | loss 8.2874 | lr 3.00e-04 | grad 1.59 | 3.2k tok/s (avg 2.1k) | cert 0.35→0.61 | ticks [4.875 4.125 3.953 3.922] | Δticks -0.953 | dist 4.704 | ETA 1322.8h
step  17350 | T=4 | loss 8.0861 | lr 3.00e-04 | grad 1.39 | 1.8k tok/s (avg 2.1k) | cert 0.49→0.57 | ticks [5.625 5.125 5.062 5.031] | Δticks -0.594 | dist 3.391 | ETA 1322.9h
step  17360 | T=4 | loss 6.7021 | lr 3.00e-04 | grad 1.46 | 1.8k tok/s (avg 2.1k) | cert 0.45→0.58 | ticks [4.656 4.156 4.156 4.031] | Δticks -0.625 | dist 2.962 | ETA 1323.0h
step  17370 | T=4 | loss 12.4368 | lr 3.00e-04 | grad 1.46 | 3.2k tok/s (avg 2.1k) | cert 0.84→0.69 | ticks [2.734 2.578 2.656 2.469] | Δticks -0.266 | dist 10.290 | ETA 1322.8h
step  17380 | T=4 | loss 8.0490 | lr 3.00e-04 | grad 1.67 | 1.8k tok/s (avg 2.1k) | cert 0.39→0.57 | ticks [5.750 5.125 5.156 5.188] | Δticks -0.562 | dist 3.321 | ETA 1322.9h
step  17390 | T=4 | loss 6.7523 | lr 3.00e-04 | grad 1.67 | 3.1k tok/s (avg 2.1k) | cert 0.32→0.58 | ticks [5.656 4.781 4.500 4.500] | Δticks -1.156 | dist 2.613 | ETA 1322.6h
step  17400 | T=4 | loss 7.5629 | lr 3.00e-04 | grad 1.31 | 1.9k tok/s (avg 2.1k) | cert 0.38→0.61 | ticks [5.219 4.594 4.375 4.281] | Δticks -0.938 | dist 3.595 | ETA 1322.8h
step  17410 | T=4 | loss 8.5095 | lr 3.00e-04 | grad 1.45 | 1.8k tok/s (avg 2.1k) | cert 0.51→0.63 | ticks [5.250 4.250 4.156 4.250] | Δticks -1.000 | dist 4.729 | ETA 1322.9h
step  17420 | T=4 | loss 7.6334 | lr 3.00e-04 | grad 1.45 | 3.2k tok/s (avg 2.1k) | cert 0.44→0.64 | ticks [4.875 4.344 4.156 3.938] | Δticks -0.938 | dist 3.937 | ETA 1322.6h
step  17430 | T=4 | loss 9.9257 | lr 3.00e-04 | grad 2.30 | 1.8k tok/s (avg 2.1k) | cert 0.67→0.70 | ticks [4.375 3.797 3.391 3.719] | Δticks -0.656 | dist 6.577 | ETA 1322.8h
step  17440 | T=4 | loss 7.6920 | lr 3.00e-04 | grad 2.77 | 1.9k tok/s (avg 2.1k) | cert 0.40→0.55 | ticks [5.688 5.062 4.969 4.906] | Δticks -0.781 | dist 3.150 | ETA 1322.9h
step  17450 | T=4 | loss 8.5999 | lr 3.00e-04 | grad 2.77 | 3.2k tok/s (avg 2.1k) | cert 0.30→0.53 | ticks [6.812 6.281 6.062 6.062] | Δticks -0.750 | dist 2.909 | ETA 1322.6h
step  17460 | T=4 | loss 9.8496 | lr 3.00e-04 | grad 1.38 | 1.8k tok/s (avg 2.1k) | cert 0.35→0.54 | ticks [6.406 5.594 5.594 5.562] | Δticks -0.844 | dist 4.756 | ETA 1322.8h
step  17470 | T=4 | loss 8.0043 | lr 3.00e-04 | grad 1.38 | 3.2k tok/s (avg 2.1k) | cert 0.41→0.61 | ticks [5.125 4.594 4.562 4.531] | Δticks -0.594 | dist 3.942 | ETA 1322.5h
step  17480 | T=4 | loss 8.9365 | lr 3.00e-04 | grad 1.41 | 1.8k tok/s (avg 2.1k) | cert 0.43→0.58 | ticks [6.031 5.438 5.344 5.312] | Δticks -0.719 | dist 3.959 | ETA 1322.6h
step  17490 | T=4 | loss 8.7930 | lr 3.00e-04 | grad 2.27 | 1.8k tok/s (avg 2.1k) | cert 0.37→0.59 | ticks [5.562 4.688 4.656 4.656] | Δticks -0.906 | dist 4.532 | ETA 1322.8h
step  17500 | T=4 | loss 11.4060 | lr 3.00e-04 | grad 2.27 | 3.2k tok/s (avg 2.1k) | cert 0.59→0.64 | ticks [4.594 4.281 4.156 4.250] | Δticks -0.344 | dist 7.639 | ETA 1322.5h
step  17510 | T=4 | loss 9.0954 | lr 3.00e-04 | grad 1.88 | 1.8k tok/s (avg 2.1k) | cert 0.57→0.62 | ticks [4.781 4.438 4.344 4.344] | Δticks -0.438 | dist 5.195 | ETA 1322.6h
step  17520 | T=4 | loss 11.7539 | lr 3.00e-04 | grad 1.45 | 1.8k tok/s (avg 2.1k) | cert 0.69→0.69 | ticks [4.469 4.125 4.125 4.125] | Δticks -0.344 | dist 8.082 | ETA 1322.8h
step  17530 | T=4 | loss 8.5153 | lr 3.00e-04 | grad 1.45 | 3.2k tok/s (avg 2.1k) | cert 0.61→0.65 | ticks [4.094 3.766 3.422 3.484] | Δticks -0.609 | dist 5.412 | ETA 1322.5h
step  17540 | T=4 | loss 8.0765 | lr 3.00e-04 | grad 1.55 | 1.8k tok/s (avg 2.1k) | cert 0.47→0.64 | ticks [5.000 4.500 4.125 4.094] | Δticks -0.906 | dist 4.390 | ETA 1322.6h
step  17550 | T=4 | loss 8.2775 | lr 3.00e-04 | grad 1.55 | 3.2k tok/s (avg 2.1k) | cert 0.42→0.55 | ticks [6.156 5.562 5.406 5.344] | Δticks -0.812 | dist 3.174 | ETA 1322.4h
step  17560 | T=4 | loss 7.1236 | lr 3.00e-04 | grad 1.59 | 1.8k tok/s (avg 2.1k) | cert 0.46→0.66 | ticks [4.469 3.938 3.484 3.484] | Δticks -0.984 | dist 4.009 | ETA 1322.5h
step  17570 | T=4 | loss 7.5025 | lr 3.00e-04 | grad 1.75 | 1.8k tok/s (avg 2.1k) | cert 0.30→0.57 | ticks [5.375 4.438 4.344 4.281] | Δticks -1.094 | dist 3.648 | ETA 1322.6h
step  17580 | T=4 | loss 6.8928 | lr 3.00e-04 | grad 1.75 | 3.2k tok/s (avg 2.1k) | cert 0.31→0.60 | ticks [5.500 4.594 4.500 4.500] | Δticks -1.000 | dist 2.741 | ETA 1322.4h
step  17590 | T=4 | loss 11.6002 | lr 3.00e-04 | grad 2.44 | 1.8k tok/s (avg 2.1k) | cert 0.30→0.57 | ticks [6.906 5.938 5.812 5.625] | Δticks -1.281 | dist 6.249 | ETA 1322.5h
step  17600 | T=4 | loss 8.6803 | lr 3.00e-04 | grad 2.00 | 1.8k tok/s (avg 2.1k) | cert 0.34→0.54 | ticks [5.969 5.344 5.156 5.156] | Δticks -0.812 | dist 3.888 | ETA 1322.6h
step  17610 | T=4 | loss 8.1132 | lr 3.00e-04 | grad 2.00 | 3.2k tok/s (avg 2.1k) | cert 0.36→0.54 | ticks [6.094 5.688 5.469 5.500] | Δticks -0.594 | dist 3.042 | ETA 1322.4h
step  17620 | T=4 | loss 8.6936 | lr 3.00e-04 | grad 1.66 | 1.8k tok/s (avg 2.1k) | cert 0.43→0.61 | ticks [5.000 4.312 4.219 4.312] | Δticks -0.688 | dist 4.867 | ETA 1322.5h
step  17630 | T=4 | loss 12.8735 | lr 3.00e-04 | grad 1.66 | 3.2k tok/s (avg 2.1k) | cert 0.37→0.51 | ticks [5.375 5.219 5.125 5.094] | Δticks -0.281 | dist 8.218 | ETA 1322.3h
step  17640 | T=4 | loss 8.2311 | lr 3.00e-04 | grad 1.48 | 1.9k tok/s (avg 2.1k) | cert 0.51→0.59 | ticks [5.531 4.844 4.906 4.781] | Δticks -0.750 | dist 3.832 | ETA 1322.4h
step  17650 | T=4 | loss 10.6258 | lr 3.00e-04 | grad 1.83 | 1.9k tok/s (avg 2.1k) | cert 0.39→0.57 | ticks [5.531 4.594 4.531 4.625] | Δticks -0.906 | dist 6.451 | ETA 1322.5h
step  17660 | T=4 | loss 7.4411 | lr 3.00e-04 | grad 1.83 | 3.2k tok/s (avg 2.1k) | cert 0.52→0.62 | ticks [4.875 4.250 4.062 4.125] | Δticks -0.750 | dist 3.695 | ETA 1322.3h
step  17670 | T=4 | loss 7.9363 | lr 3.00e-04 | grad 1.41 | 1.8k tok/s (avg 2.1k) | cert 0.33→0.55 | ticks [5.875 4.969 4.969 4.906] | Δticks -0.969 | dist 3.470 | ETA 1322.4h
step  17680 | T=4 | loss 8.1181 | lr 3.00e-04 | grad 1.50 | 1.8k tok/s (avg 2.1k) | cert 0.51→0.64 | ticks [4.688 4.250 3.922 3.969] | Δticks -0.719 | dist 4.560 | ETA 1322.5h
step  17690 | T=4 | loss 8.6669 | lr 3.00e-04 | grad 1.50 | 3.2k tok/s (avg 2.1k) | cert 0.27→0.59 | ticks [6.344 5.531 5.406 5.469] | Δticks -0.875 | dist 3.629 | ETA 1322.3h
step  17700 | T=4 | loss 10.1876 | lr 3.00e-04 | grad 1.61 | 1.9k tok/s (avg 2.1k) | cert 0.54→0.66 | ticks [4.531 3.969 3.859 3.766] | Δticks -0.766 | dist 6.864 | ETA 1322.4h
step  17710 | T=4 | loss 7.6725 | lr 3.00e-04 | grad 1.61 | 3.2k tok/s (avg 2.1k) | cert 0.34→0.55 | ticks [6.531 5.594 5.594 5.562] | Δticks -0.969 | dist 2.496 | ETA 1322.1h
step  17720 | T=4 | loss 9.6838 | lr 3.00e-04 | grad 1.86 | 1.9k tok/s (avg 2.1k) | cert 0.42→0.58 | ticks [5.156 4.500 4.438 4.375] | Δticks -0.781 | dist 5.653 | ETA 1322.3h
step  17730 | T=4 | loss 7.1966 | lr 3.00e-04 | grad 1.39 | 1.9k tok/s (avg 2.1k) | cert 0.42→0.61 | ticks [5.375 4.656 4.594 4.500] | Δticks -0.875 | dist 3.065 | ETA 1322.4h
step  17740 | T=4 | loss 9.8204 | lr 3.00e-04 | grad 1.39 | 3.2k tok/s (avg 2.1k) | cert 0.61→0.62 | ticks [4.188 4.188 4.031 4.031] | Δticks -0.156 | dist 6.304 | ETA 1322.1h
step  17750 | T=4 | loss 7.5923 | lr 3.00e-04 | grad 1.45 | 1.8k tok/s (avg 2.1k) | cert 0.46→0.61 | ticks [4.781 4.094 4.031 4.062] | Δticks -0.719 | dist 4.068 | ETA 1322.3h
step  17760 | T=4 | loss 13.5267 | lr 3.00e-04 | grad 1.50 | 1.8k tok/s (avg 2.1k) | cert 0.36→0.49 | ticks [5.406 4.812 4.719 4.719] | Δticks -0.688 | dist 9.175 | ETA 1322.4h
step  17770 | T=4 | loss 9.7289 | lr 3.00e-04 | grad 1.50 | 3.2k tok/s (avg 2.1k) | cert 0.50→0.60 | ticks [5.219 4.781 4.688 4.750] | Δticks -0.469 | dist 5.492 | ETA 1322.1h
step  17780 | T=4 | loss 9.7757 | lr 3.00e-04 | grad 1.92 | 1.8k tok/s (avg 2.1k) | cert 0.47→0.60 | ticks [5.438 4.625 4.656 4.750] | Δticks -0.688 | dist 5.451 | ETA 1322.3h
step  17790 | T=4 | loss 10.0384 | lr 3.00e-04 | grad 1.92 | 3.2k tok/s (avg 2.1k) | cert 0.70→0.68 | ticks [4.312 3.984 3.812 3.844] | Δticks -0.469 | dist 6.599 | ETA 1322.0h
step  17800 | T=4 | loss 7.5599 | lr 3.00e-04 | grad 1.56 | 1.8k tok/s (avg 2.1k) | cert 0.38→0.61 | ticks [5.156 4.469 4.344 4.219] | Δticks -0.938 | dist 3.743 | ETA 1322.1h
step  17810 | T=4 | loss 7.9492 | lr 3.00e-04 | grad 1.54 | 1.8k tok/s (avg 2.1k) | cert 0.55→0.66 | ticks [3.844 3.438 3.406 3.234] | Δticks -0.609 | dist 5.142 | ETA 1322.3h
step  17820 | T=4 | loss 9.1008 | lr 3.00e-04 | grad 1.54 | 3.2k tok/s (avg 2.1k) | cert 0.52→0.63 | ticks [4.562 3.969 3.875 3.797] | Δticks -0.766 | dist 5.656 | ETA 1322.0h
step  17830 | T=4 | loss 8.1240 | lr 3.00e-04 | grad 1.57 | 1.9k tok/s (avg 2.1k) | cert 0.55→0.66 | ticks [4.406 3.859 3.594 3.516] | Δticks -0.891 | dist 4.891 | ETA 1322.1h
step  17840 | T=4 | loss 8.3529 | lr 3.00e-04 | grad 1.55 | 1.8k tok/s (avg 2.1k) | cert 0.43→0.60 | ticks [5.688 5.031 5.031 4.969] | Δticks -0.719 | dist 3.733 | ETA 1322.2h
step  17850 | T=4 | loss 8.5934 | lr 3.00e-04 | grad 1.55 | 3.2k tok/s (avg 2.1k) | cert 0.59→0.68 | ticks [3.703 3.469 3.297 3.234] | Δticks -0.469 | dist 5.719 | ETA 1322.0h
step  17860 | T=4 | loss 8.9108 | lr 3.00e-04 | grad 1.44 | 1.9k tok/s (avg 2.1k) | cert 0.36→0.57 | ticks [6.125 5.406 5.469 5.406] | Δticks -0.719 | dist 3.902 | ETA 1322.1h
step  17870 | T=4 | loss 7.7034 | lr 3.00e-04 | grad 1.44 | 3.2k tok/s (avg 2.1k) | cert 0.46→0.64 | ticks [4.781 3.906 3.688 3.828] | Δticks -0.953 | dist 4.299 | ETA 1321.9h
step  17880 | T=4 | loss 10.9447 | lr 3.00e-04 | grad 2.39 | 1.8k tok/s (avg 2.1k) | cert 0.52→0.60 | ticks [5.250 4.531 4.469 4.500] | Δticks -0.750 | dist 6.789 | ETA 1322.0h
step  17890 | T=4 | loss 8.5663 | lr 3.00e-04 | grad 1.59 | 1.8k tok/s (avg 2.1k) | cert 0.36→0.59 | ticks [6.094 5.281 5.094 5.094] | Δticks -1.000 | dist 3.877 | ETA 1322.1h
step  17900 | T=4 | loss 18.3908 | lr 3.00e-04 | grad 1.59 | 3.2k tok/s (avg 2.1k) | cert 0.49→0.55 | ticks [5.250 4.969 4.938 4.875] | Δticks -0.375 | dist 13.787 | ETA 1321.9h
step  17910 | T=4 | loss 6.7762 | lr 3.00e-04 | grad 1.63 | 1.8k tok/s (avg 2.1k) | cert 0.36→0.59 | ticks [5.188 4.469 4.469 4.344] | Δticks -0.844 | dist 2.783 | ETA 1322.0h
step  17920 | T=4 | loss 8.0675 | lr 3.00e-04 | grad 1.67 | 1.8k tok/s (avg 2.1k) | cert 0.26→0.54 | ticks [6.531 5.688 5.656 5.500] | Δticks -1.031 | dist 2.904 | ETA 1322.1h
step  17930 | T=4 | loss 8.8948 | lr 3.00e-04 | grad 1.67 | 3.2k tok/s (avg 2.1k) | cert 0.39→0.61 | ticks [5.500 4.656 4.531 4.656] | Δticks -0.844 | dist 4.777 | ETA 1321.9h
step  17940 | T=4 | loss 7.2805 | lr 3.00e-04 | grad 1.51 | 1.8k tok/s (avg 2.1k) | cert 0.45→0.62 | ticks [4.750 3.875 3.859 3.891] | Δticks -0.859 | dist 3.893 | ETA 1322.0h
step  17950 | T=4 | loss 9.8271 | lr 3.00e-04 | grad 1.51 | 3.2k tok/s (avg 2.1k) | cert 0.44→0.61 | ticks [4.969 4.375 4.281 4.281] | Δticks -0.688 | dist 6.071 | ETA 1321.8h
step  17960 | T=4 | loss 10.3854 | lr 3.00e-04 | grad 2.19 | 1.9k tok/s (avg 2.1k) | cert 0.36→0.52 | ticks [6.469 6.062 5.812 5.875] | Δticks -0.594 | dist 4.968 | ETA 1321.9h
step  17970 | T=4 | loss 8.1065 | lr 3.00e-04 | grad 1.55 | 1.8k tok/s (avg 2.1k) | cert 0.45→0.57 | ticks [6.031 5.375 5.344 5.281] | Δticks -0.750 | dist 3.252 | ETA 1322.0h
step  17980 | T=4 | loss 9.8996 | lr 3.00e-04 | grad 1.55 | 3.2k tok/s (avg 2.1k) | cert 0.65→0.64 | ticks [4.688 4.188 4.156 4.156] | Δticks -0.531 | dist 6.203 | ETA 1321.8h
step  17990 | T=4 | loss 8.5188 | lr 3.00e-04 | grad 1.32 | 1.9k tok/s (avg 2.1k) | cert 0.32→0.54 | ticks [5.844 5.281 5.344 5.281] | Δticks -0.562 | dist 3.694 | ETA 1321.9h
step  18000 | T=4 | loss 6.9317 | lr 3.00e-04 | grad 1.34 | 1.8k tok/s (avg 2.1k) | cert 0.33→0.61 | ticks [5.438 4.531 4.500 4.406] | Δticks -1.031 | dist 2.790 | ETA 1322.0h
[CachedTeacherDataset/eval] 9 shards (of 199 total) under teacher_cache/phase1 | seq_len=512 top_k=128
  >>> val @ step 18000:
  T=4 | CE=4.4945 | PPL=89.53 | top1=22.1% | top5=42.1% | (25600 tok)
step  18010 | T=4 | loss 7.8447 | lr 3.00e-04 | grad 1.34 | 0.9k tok/s (avg 2.1k) | cert 0.40→0.54 | ticks [6.156 5.281 5.188 5.125] | Δticks -1.031 | dist 3.118 | ETA 1323.0h
step  18020 | T=4 | loss 8.2746 | lr 3.00e-04 | grad 1.55 | 2.1k tok/s (avg 2.1k) | cert 0.54→0.61 | ticks [5.062 4.312 4.219 4.438] | Δticks -0.625 | dist 4.337 | ETA 1323.0h
step  18030 | T=4 | loss 9.3703 | lr 3.00e-04 | grad 1.55 | 3.2k tok/s (avg 2.1k) | cert 0.52→0.64 | ticks [4.500 4.000 3.828 3.922] | Δticks -0.578 | dist 5.934 | ETA 1322.8h
step  18040 | T=4 | loss 9.0414 | lr 3.00e-04 | grad 1.29 | 1.9k tok/s (avg 2.1k) | cert 0.28→0.54 | ticks [6.656 5.656 5.750 5.688] | Δticks -0.969 | dist 3.740 | ETA 1322.9h
step  18050 | T=4 | loss 9.0836 | lr 3.00e-04 | grad 2.02 | 1.9k tok/s (avg 2.1k) | cert 0.23→0.61 | ticks [5.500 4.594 4.594 4.469] | Δticks -1.031 | dist 4.917 | ETA 1323.0h
step  18060 | T=4 | loss 8.4938 | lr 3.00e-04 | grad 2.02 | 3.2k tok/s (avg 2.1k) | cert 0.29→0.50 | ticks [6.750 5.906 5.719 5.688] | Δticks -1.062 | dist 3.164 | ETA 1322.8h
step  18070 | T=4 | loss 8.4268 | lr 3.00e-04 | grad 1.59 | 1.8k tok/s (avg 2.1k) | cert 0.54→0.62 | ticks [3.828 3.516 3.422 3.406] | Δticks -0.422 | dist 5.398 | ETA 1322.9h
step  18080 | T=4 | loss 9.3727 | lr 3.00e-04 | grad 1.52 | 1.8k tok/s (avg 2.1k) | cert 0.53→0.61 | ticks [5.375 4.625 4.406 4.312] | Δticks -1.062 | dist 5.325 | ETA 1323.0h
step  18090 | T=4 | loss 7.8210 | lr 3.00e-04 | grad 1.52 | 3.2k tok/s (avg 2.1k) | cert 0.32→0.55 | ticks [5.906 4.906 4.750 4.719] | Δticks -1.188 | dist 3.442 | ETA 1322.8h
step  18100 | T=4 | loss 6.6942 | lr 3.00e-04 | grad 2.16 | 1.8k tok/s (avg 2.1k) | cert 0.50→0.68 | ticks [4.156 3.312 3.281 3.188] | Δticks -0.969 | dist 3.819 | ETA 1322.9h
step  18110 | T=4 | loss 9.1319 | lr 3.00e-04 | grad 2.16 | 3.2k tok/s (avg 2.1k) | cert 0.48→0.58 | ticks [5.375 4.844 4.688 4.656] | Δticks -0.719 | dist 4.841 | ETA 1322.6h
step  18120 | T=4 | loss 8.5924 | lr 3.00e-04 | grad 1.66 | 1.9k tok/s (avg 2.1k) | cert 0.32→0.51 | ticks [5.562 5.000 4.812 4.875] | Δticks -0.688 | dist 4.115 | ETA 1322.8h
step  18130 | T=4 | loss 10.3442 | lr 3.00e-04 | grad 1.52 | 1.8k tok/s (avg 2.1k) | cert 0.30→0.55 | ticks [6.219 5.500 5.375 5.375] | Δticks -0.844 | dist 5.406 | ETA 1322.9h
step  18140 | T=4 | loss 9.0086 | lr 3.00e-04 | grad 1.52 | 3.2k tok/s (avg 2.1k) | cert 0.54→0.59 | ticks [4.938 4.656 4.469 4.500] | Δticks -0.438 | dist 4.981 | ETA 1322.6h
step  18150 | T=4 | loss 7.3503 | lr 3.00e-04 | grad 2.64 | 1.8k tok/s (avg 2.1k) | cert 0.46→0.62 | ticks [4.938 4.344 4.438 4.312] | Δticks -0.625 | dist 3.495 | ETA 1322.8h
step  18160 | T=4 | loss 8.8700 | lr 3.00e-04 | grad 1.70 | 1.8k tok/s (avg 2.1k) | cert 0.49→0.57 | ticks [5.438 4.938 4.875 4.781] | Δticks -0.656 | dist 4.426 | ETA 1322.9h
step  18170 | T=4 | loss 7.4923 | lr 3.00e-04 | grad 1.70 | 3.2k tok/s (avg 2.1k) | cert 0.36→0.62 | ticks [4.875 4.375 4.219 4.250] | Δticks -0.625 | dist 3.732 | ETA 1322.6h
step  18180 | T=4 | loss 7.5282 | lr 3.00e-04 | grad 1.72 | 1.8k tok/s (avg 2.1k) | cert 0.54→0.63 | ticks [4.781 4.344 4.250 4.312] | Δticks -0.469 | dist 3.676 | ETA 1322.8h
step  18190 | T=4 | loss 12.2019 | lr 3.00e-04 | grad 1.72 | 3.2k tok/s (avg 2.1k) | cert 0.60→0.62 | ticks [4.969 4.375 4.281 4.219] | Δticks -0.750 | dist 8.331 | ETA 1322.5h
step  18200 | T=4 | loss 10.9436 | lr 3.00e-04 | grad 1.65 | 1.8k tok/s (avg 2.1k) | cert 0.36→0.51 | ticks [5.906 5.500 5.406 5.438] | Δticks -0.469 | dist 5.935 | ETA 1322.6h
step  18210 | T=4 | loss 10.4481 | lr 3.00e-04 | grad 1.79 | 1.8k tok/s (avg 2.1k) | cert 0.47→0.61 | ticks [4.344 4.031 3.969 3.922] | Δticks -0.422 | dist 7.111 | ETA 1322.8h
step  18220 | T=4 | loss 7.3792 | lr 3.00e-04 | grad 1.79 | 3.2k tok/s (avg 2.1k) | cert 0.28→0.61 | ticks [5.250 4.125 3.922 3.969] | Δticks -1.281 | dist 3.848 | ETA 1322.5h
step  18230 | T=4 | loss 7.2056 | lr 3.00e-04 | grad 1.74 | 1.8k tok/s (avg 2.1k) | cert 0.37→0.62 | ticks [4.969 4.344 4.156 4.156] | Δticks -0.812 | dist 3.501 | ETA 1322.6h
step  18240 | T=4 | loss 9.0269 | lr 3.00e-04 | grad 1.34 | 1.8k tok/s (avg 2.1k) | cert 0.40→0.57 | ticks [5.812 5.219 5.062 5.000] | Δticks -0.812 | dist 4.402 | ETA 1322.8h
step  18250 | T=4 | loss 8.1194 | lr 3.00e-04 | grad 1.34 | 3.2k tok/s (avg 2.1k) | cert 0.37→0.59 | ticks [5.344 4.125 4.094 4.031] | Δticks -1.312 | dist 4.358 | ETA 1322.5h
step  18260 | T=4 | loss 7.5336 | lr 3.00e-04 | grad 1.60 | 1.8k tok/s (avg 2.1k) | cert 0.48→0.64 | ticks [4.094 3.750 3.703 3.688] | Δticks -0.406 | dist 4.347 | ETA 1322.6h
step  18270 | T=4 | loss 7.4279 | lr 3.00e-04 | grad 1.60 | 3.2k tok/s (avg 2.1k) | cert 0.55→0.61 | ticks [4.531 4.219 4.312 4.188] | Δticks -0.344 | dist 3.660 | ETA 1322.4h
step  18280 | T=4 | loss 7.4337 | lr 3.00e-04 | grad 1.47 | 1.8k tok/s (avg 2.1k) | cert 0.49→0.59 | ticks [4.812 4.312 4.281 4.281] | Δticks -0.531 | dist 3.642 | ETA 1322.5h
step  18290 | T=4 | loss 7.3643 | lr 3.00e-04 | grad 2.36 | 1.8k tok/s (avg 2.1k) | cert 0.51→0.63 | ticks [4.250 3.906 3.594 3.625] | Δticks -0.625 | dist 4.128 | ETA 1322.6h
step  18300 | T=4 | loss 10.2072 | lr 3.00e-04 | grad 2.36 | 3.2k tok/s (avg 2.1k) | cert 0.61→0.62 | ticks [4.188 4.188 4.156 4.125] | Δticks -0.062 | dist 6.815 | ETA 1322.4h
step  18310 | T=4 | loss 9.6047 | lr 3.00e-04 | grad 1.34 | 1.8k tok/s (avg 2.1k) | cert 0.31→0.59 | ticks [5.625 4.562 4.656 4.562] | Δticks -1.062 | dist 5.425 | ETA 1322.5h
step  18320 | T=4 | loss 9.2268 | lr 3.00e-04 | grad 1.50 | 1.8k tok/s (avg 2.1k) | cert 0.48→0.59 | ticks [4.844 4.531 4.594 4.562] | Δticks -0.281 | dist 5.073 | ETA 1322.6h
step  18330 | T=4 | loss 7.2550 | lr 3.00e-04 | grad 1.50 | 3.2k tok/s (avg 2.1k) | cert 0.47→0.66 | ticks [4.312 3.656 3.562 3.531] | Δticks -0.781 | dist 4.077 | ETA 1322.4h
step  18340 | T=4 | loss 9.0017 | lr 3.00e-04 | grad 1.61 | 1.8k tok/s (avg 2.1k) | cert 0.58→0.63 | ticks [4.844 4.531 4.406 4.250] | Δticks -0.594 | dist 5.145 | ETA 1322.5h
step  18350 | T=4 | loss 7.8735 | lr 3.00e-04 | grad 1.61 | 3.2k tok/s (avg 2.1k) | cert 0.26→0.52 | ticks [6.844 6.062 5.969 5.969] | Δticks -0.875 | dist 2.339 | ETA 1322.3h
step  18360 | T=4 | loss 8.8084 | lr 3.00e-04 | grad 1.73 | 1.8k tok/s (avg 2.1k) | cert 0.62→0.63 | ticks [4.719 4.312 4.344 4.375] | Δticks -0.344 | dist 4.918 | ETA 1322.4h
step  18370 | T=4 | loss 8.5639 | lr 3.00e-04 | grad 1.76 | 1.8k tok/s (avg 2.1k) | cert 0.59→0.62 | ticks [4.906 4.375 4.312 4.156] | Δticks -0.750 | dist 4.711 | ETA 1322.5h
step  18380 | T=4 | loss 7.7734 | lr 3.00e-04 | grad 1.76 | 3.2k tok/s (avg 2.1k) | cert 0.34→0.56 | ticks [5.781 5.156 5.062 4.906] | Δticks -0.875 | dist 3.202 | ETA 1322.3h
step  18390 | T=4 | loss 7.7581 | lr 3.00e-04 | grad 1.42 | 1.8k tok/s (avg 2.1k) | cert 0.47→0.62 | ticks [4.656 4.156 3.891 3.812] | Δticks -0.844 | dist 4.328 | ETA 1322.4h
step  18400 | T=4 | loss 6.7401 | lr 3.00e-04 | grad 1.37 | 1.8k tok/s (avg 2.1k) | cert 0.30→0.59 | ticks [5.312 4.281 4.281 4.281] | Δticks -1.031 | dist 2.946 | ETA 1322.5h
step  18410 | T=4 | loss 9.2675 | lr 3.00e-04 | grad 1.37 | 3.2k tok/s (avg 2.1k) | cert 0.14→0.40 | ticks [8.438 7.625 7.531 7.531] | Δticks -0.906 | dist 2.166 | ETA 1322.3h
step  18420 | T=4 | loss 8.6598 | lr 3.00e-04 | grad 1.23 | 1.8k tok/s (avg 2.1k) | cert 0.53→0.65 | ticks [4.438 4.094 3.938 3.906] | Δticks -0.531 | dist 5.145 | ETA 1322.4h
step  18430 | T=4 | loss 8.2103 | lr 3.00e-04 | grad 1.23 | 3.2k tok/s (avg 2.1k) | cert 0.46→0.58 | ticks [4.906 4.375 4.375 4.344] | Δticks -0.562 | dist 4.297 | ETA 1322.2h
step  18440 | T=4 | loss 8.9099 | lr 3.00e-04 | grad 1.84 | 1.8k tok/s (avg 2.1k) | cert 0.48→0.64 | ticks [4.812 4.500 4.312 4.406] | Δticks -0.406 | dist 4.977 | ETA 1322.3h
step  18450 | T=4 | loss 7.7156 | lr 3.00e-04 | grad 1.66 | 1.8k tok/s (avg 2.1k) | cert 0.45→0.57 | ticks [5.438 5.156 4.906 4.844] | Δticks -0.594 | dist 3.136 | ETA 1322.4h
step  18460 | T=4 | loss 10.0610 | lr 3.00e-04 | grad 1.66 | 3.2k tok/s (avg 2.1k) | cert 0.29→0.53 | ticks [6.656 5.906 5.844 5.812] | Δticks -0.844 | dist 4.716 | ETA 1322.2h
step  18470 | T=4 | loss 9.0891 | lr 3.00e-04 | grad 1.52 | 1.8k tok/s (avg 2.1k) | cert 0.38→0.55 | ticks [5.875 5.375 5.219 5.094] | Δticks -0.781 | dist 4.267 | ETA 1322.3h
step  18480 | T=4 | loss 9.9610 | lr 3.00e-04 | grad 1.59 | 1.8k tok/s (avg 2.1k) | cert 0.66→0.67 | ticks [3.984 3.812 3.734 3.625] | Δticks -0.359 | dist 6.801 | ETA 1322.4h
step  18490 | T=4 | loss 9.4437 | lr 3.00e-04 | grad 1.59 | 3.2k tok/s (avg 2.1k) | cert 0.39→0.55 | ticks [5.969 5.438 5.250 5.375] | Δticks -0.594 | dist 4.454 | ETA 1322.2h
step  18500 | T=4 | loss 8.4216 | lr 3.00e-04 | grad 2.14 | 1.8k tok/s (avg 2.1k) | cert 0.37→0.55 | ticks [6.094 5.312 5.219 5.250] | Δticks -0.844 | dist 3.529 | ETA 1322.3h
step  18510 | T=4 | loss 8.0762 | lr 3.00e-04 | grad 2.14 | 3.2k tok/s (avg 2.1k) | cert 0.57→0.66 | ticks [4.156 3.781 3.609 3.547] | Δticks -0.609 | dist 4.901 | ETA 1322.1h
step  18520 | T=4 | loss 8.6185 | lr 3.00e-04 | grad 2.34 | 1.8k tok/s (avg 2.1k) | cert 0.53→0.63 | ticks [4.469 4.156 3.922 3.969] | Δticks -0.500 | dist 5.174 | ETA 1322.2h
step  18530 | T=4 | loss 14.0597 | lr 3.00e-04 | grad 2.05 | 1.8k tok/s (avg 2.1k) | cert 0.50→0.60 | ticks [5.500 5.031 5.094 5.000] | Δticks -0.500 | dist 9.513 | ETA 1322.3h
step  18540 | T=4 | loss 7.2960 | lr 3.00e-04 | grad 2.05 | 3.2k tok/s (avg 2.1k) | cert 0.51→0.65 | ticks [4.375 3.891 3.641 3.562] | Δticks -0.812 | dist 4.192 | ETA 1322.1h
step  18550 | T=4 | loss 7.0972 | lr 3.00e-04 | grad 1.81 | 1.9k tok/s (avg 2.1k) | cert 0.40→0.63 | ticks [5.406 4.719 4.469 4.438] | Δticks -0.969 | dist 3.119 | ETA 1322.2h
step  18560 | T=4 | loss 8.9341 | lr 3.00e-04 | grad 1.34 | 1.8k tok/s (avg 2.1k) | cert 0.50→0.61 | ticks [4.938 4.500 4.188 4.312] | Δticks -0.625 | dist 5.099 | ETA 1322.3h
step  18570 | T=4 | loss 7.2306 | lr 3.00e-04 | grad 1.34 | 3.2k tok/s (avg 2.1k) | cert 0.52→0.68 | ticks [4.312 3.828 3.469 3.547] | Δticks -0.766 | dist 4.158 | ETA 1322.1h
step  18580 | T=4 | loss 8.1307 | lr 3.00e-04 | grad 1.91 | 1.8k tok/s (avg 2.1k) | cert 0.43→0.55 | ticks [5.281 4.969 4.875 4.812] | Δticks -0.469 | dist 3.683 | ETA 1322.2h
step  18590 | T=4 | loss 10.0700 | lr 3.00e-04 | grad 1.91 | 3.2k tok/s (avg 2.1k) | cert 0.46→0.60 | ticks [5.375 4.625 4.375 4.438] | Δticks -0.938 | dist 6.096 | ETA 1321.9h
step  18600 | T=4 | loss 11.6471 | lr 3.00e-04 | grad 2.14 | 1.9k tok/s (avg 2.1k) | cert 0.57→0.59 | ticks [5.344 5.062 5.000 4.781] | Δticks -0.562 | dist 7.268 | ETA 1322.0h
step  18610 | T=4 | loss 8.0489 | lr 3.00e-04 | grad 1.73 | 1.8k tok/s (avg 2.1k) | cert 0.35→0.53 | ticks [5.938 5.406 5.281 5.250] | Δticks -0.688 | dist 3.190 | ETA 1322.2h
step  18620 | T=4 | loss 10.5174 | lr 3.00e-04 | grad 1.73 | 3.2k tok/s (avg 2.1k) | cert 0.49→0.57 | ticks [5.125 4.750 4.688 4.625] | Δticks -0.500 | dist 6.280 | ETA 1321.9h
step  18630 | T=4 | loss 10.4894 | lr 3.00e-04 | grad 1.59 | 1.8k tok/s (avg 2.1k) | cert 0.30→0.50 | ticks [6.938 5.875 5.969 5.844] | Δticks -1.094 | dist 4.909 | ETA 1322.1h
step  18640 | T=4 | loss 10.8950 | lr 3.00e-04 | grad 1.82 | 1.8k tok/s (avg 2.1k) | cert 0.47→0.61 | ticks [5.125 4.406 4.312 4.281] | Δticks -0.844 | dist 7.087 | ETA 1322.2h
step  18650 | T=4 | loss 9.3331 | lr 3.00e-04 | grad 1.82 | 3.2k tok/s (avg 2.1k) | cert 0.47→0.62 | ticks [5.312 4.906 4.781 4.812] | Δticks -0.500 | dist 4.977 | ETA 1321.9h
step  18660 | T=4 | loss 8.0773 | lr 3.00e-04 | grad 1.49 | 1.8k tok/s (avg 2.1k) | cert 0.59→0.64 | ticks [4.094 3.812 3.594 3.609] | Δticks -0.484 | dist 4.892 | ETA 1322.1h
step  18670 | T=4 | loss 9.7577 | lr 3.00e-04 | grad 1.49 | 3.2k tok/s (avg 2.1k) | cert 0.45→0.57 | ticks [5.625 5.156 5.094 5.062] | Δticks -0.562 | dist 5.160 | ETA 1321.8h
step  18680 | T=4 | loss 8.2420 | lr 3.00e-04 | grad 1.93 | 1.8k tok/s (avg 2.1k) | cert 0.49→0.63 | ticks [5.031 4.250 4.250 4.062] | Δticks -0.969 | dist 4.424 | ETA 1321.9h
step  18690 | T=4 | loss 9.5883 | lr 3.00e-04 | grad 1.74 | 1.8k tok/s (avg 2.1k) | cert 0.31→0.58 | ticks [6.500 5.594 5.562 5.500] | Δticks -1.000 | dist 4.518 | ETA 1322.1h
step  18700 | T=4 | loss 8.8826 | lr 3.00e-04 | grad 1.74 | 3.2k tok/s (avg 2.1k) | cert 0.35→0.62 | ticks [5.906 5.000 5.000 4.938] | Δticks -0.969 | dist 4.382 | ETA 1321.8h
step  18710 | T=4 | loss 9.0478 | lr 3.00e-04 | grad 1.62 | 1.8k tok/s (avg 2.1k) | cert 0.33→0.57 | ticks [6.094 5.500 5.344 5.312] | Δticks -0.781 | dist 4.171 | ETA 1321.9h
step  18720 | T=4 | loss 7.5984 | lr 3.00e-04 | grad 1.52 | 1.8k tok/s (avg 2.1k) | cert 0.40→0.61 | ticks [5.438 4.750 4.531 4.594] | Δticks -0.844 | dist 3.493 | ETA 1322.0h
step  18730 | T=4 | loss 8.4153 | lr 3.00e-04 | grad 1.52 | 3.2k tok/s (avg 2.1k) | cert 0.30→0.54 | ticks [6.656 6.000 5.844 5.812] | Δticks -0.844 | dist 3.039 | ETA 1321.8h
step  18740 | T=4 | loss 8.4468 | lr 3.00e-04 | grad 1.43 | 1.9k tok/s (avg 2.1k) | cert 0.52→0.64 | ticks [4.250 3.844 3.656 3.688] | Δticks -0.562 | dist 5.281 | ETA 1321.9h
step  18750 | T=4 | loss 7.3337 | lr 3.00e-04 | grad 1.43 | 3.2k tok/s (avg 2.1k) | cert 0.36→0.60 | ticks [5.219 4.469 4.281 4.438] | Δticks -0.781 | dist 3.482 | ETA 1321.7h
step  18760 | T=4 | loss 6.6850 | lr 3.00e-04 | grad 2.19 | 1.8k tok/s (avg 2.1k) | cert 0.55→0.66 | ticks [4.250 4.031 3.734 3.750] | Δticks -0.500 | dist 3.468 | ETA 1321.8h
step  18770 | T=4 | loss 8.7877 | lr 3.00e-04 | grad 1.34 | 1.8k tok/s (avg 2.1k) | cert 0.51→0.62 | ticks [4.312 3.797 3.766 3.672] | Δticks -0.641 | dist 5.535 | ETA 1321.9h
step  18780 | T=4 | loss 8.2157 | lr 3.00e-04 | grad 1.34 | 3.2k tok/s (avg 2.1k) | cert 0.51→0.64 | ticks [4.906 4.281 4.281 4.125] | Δticks -0.781 | dist 4.511 | ETA 1321.7h
step  18790 | T=4 | loss 7.5858 | lr 3.00e-04 | grad 1.54 | 1.8k tok/s (avg 2.1k) | cert 0.36→0.58 | ticks [5.844 5.000 4.938 4.812] | Δticks -1.031 | dist 3.102 | ETA 1321.8h
step  18800 | T=4 | loss 7.8828 | lr 3.00e-04 | grad 1.70 | 1.8k tok/s (avg 2.1k) | cert 0.35→0.59 | ticks [5.844 5.188 5.125 5.031] | Δticks -0.812 | dist 3.283 | ETA 1321.9h
step  18810 | T=4 | loss 9.6807 | lr 3.00e-04 | grad 1.70 | 3.2k tok/s (avg 2.1k) | cert 0.14→0.34 | ticks [8.875 7.969 7.844 7.844] | Δticks -1.031 | dist 2.214 | ETA 1321.7h
step  18820 | T=4 | loss 9.9412 | lr 3.00e-04 | grad 1.52 | 1.9k tok/s (avg 2.1k) | cert 0.58→0.64 | ticks [4.562 4.312 4.000 3.953] | Δticks -0.609 | dist 6.334 | ETA 1321.8h
step  18830 | T=4 | loss 8.3951 | lr 3.00e-04 | grad 1.52 | 3.2k tok/s (avg 2.1k) | cert 0.51→0.64 | ticks [5.219 4.906 4.719 4.812] | Δticks -0.406 | dist 3.961 | ETA 1321.6h
step  18840 | T=4 | loss 14.0814 | lr 3.00e-04 | grad 1.80 | 1.8k tok/s (avg 2.1k) | cert 0.56→0.60 | ticks [4.406 4.188 4.000 4.031] | Δticks -0.375 | dist 10.484 | ETA 1321.7h
step  18850 | T=4 | loss 6.9315 | lr 3.00e-04 | grad 1.66 | 1.8k tok/s (avg 2.1k) | cert 0.53→0.62 | ticks [4.625 4.250 3.859 3.781] | Δticks -0.844 | dist 3.497 | ETA 1321.8h
step  18860 | T=4 | loss 7.6446 | lr 3.00e-04 | grad 1.66 | 3.2k tok/s (avg 2.1k) | cert 0.48→0.62 | ticks [4.750 4.438 4.188 4.062] | Δticks -0.688 | dist 3.960 | ETA 1321.6h
step  18870 | T=4 | loss 8.7965 | lr 3.00e-04 | grad 1.61 | 1.8k tok/s (avg 2.1k) | cert 0.38→0.54 | ticks [6.469 5.844 5.781 5.656] | Δticks -0.812 | dist 3.411 | ETA 1321.7h
step  18880 | T=4 | loss 7.6727 | lr 3.00e-04 | grad 1.34 | 1.8k tok/s (avg 2.1k) | cert 0.42→0.61 | ticks [5.062 4.438 4.344 4.125] | Δticks -0.938 | dist 3.923 | ETA 1321.8h
step  18890 | T=4 | loss 6.8586 | lr 3.00e-04 | grad 1.34 | 3.2k tok/s (avg 2.1k) | cert 0.46→0.64 | ticks [4.406 3.828 3.781 3.656] | Δticks -0.750 | dist 3.654 | ETA 1321.6h
step  18900 | T=4 | loss 14.3654 | lr 3.00e-04 | grad 1.88 | 1.8k tok/s (avg 2.1k) | cert 0.66→0.61 | ticks [4.594 4.312 4.312 4.219] | Δticks -0.375 | dist 10.451 | ETA 1321.7h
step  18910 | T=4 | loss 11.2415 | lr 3.00e-04 | grad 1.88 | 3.2k tok/s (avg 2.1k) | cert 0.22→0.52 | ticks [6.938 5.562 5.562 5.594] | Δticks -1.344 | dist 6.053 | ETA 1321.5h
step  18920 | T=4 | loss 8.8473 | lr 3.00e-04 | grad 1.74 | 1.8k tok/s (avg 2.1k) | cert 0.26→0.52 | ticks [6.219 5.562 5.562 5.438] | Δticks -0.781 | dist 3.803 | ETA 1321.6h
step  18930 | T=4 | loss 8.2431 | lr 3.00e-04 | grad 1.44 | 1.8k tok/s (avg 2.1k) | cert 0.47→0.64 | ticks [4.906 4.406 4.094 4.062] | Δticks -0.844 | dist 4.589 | ETA 1321.7h
step  18940 | T=4 | loss 8.5470 | lr 3.00e-04 | grad 1.44 | 3.2k tok/s (avg 2.1k) | cert 0.27→0.54 | ticks [6.469 5.562 5.344 5.344] | Δticks -1.125 | dist 3.506 | ETA 1321.5h
step  18950 | T=4 | loss 8.8285 | lr 3.00e-04 | grad 1.71 | 1.9k tok/s (avg 2.1k) | cert 0.26→0.51 | ticks [6.969 6.156 5.969 5.906] | Δticks -1.062 | dist 3.262 | ETA 1321.6h
step  18960 | T=4 | loss 10.2732 | lr 3.00e-04 | grad 1.46 | 1.8k tok/s (avg 2.1k) | cert 0.59→0.64 | ticks [4.000 3.672 3.547 3.578] | Δticks -0.422 | dist 7.150 | ETA 1321.7h
step  18970 | T=4 | loss 7.1538 | lr 3.00e-04 | grad 1.46 | 3.2k tok/s (avg 2.1k) | cert 0.52→0.64 | ticks [4.781 4.156 4.125 4.062] | Δticks -0.719 | dist 3.527 | ETA 1321.5h
step  18980 | T=4 | loss 8.9604 | lr 3.00e-04 | grad 1.52 | 1.8k tok/s (avg 2.1k) | cert 0.19→0.39 | ticks [8.000 7.156 7.156 7.125] | Δticks -0.875 | dist 2.313 | ETA 1321.6h
step  18990 | T=4 | loss 8.2190 | lr 3.00e-04 | grad 1.52 | 3.2k tok/s (avg 2.1k) | cert 0.37→0.57 | ticks [5.906 5.281 5.125 5.250] | Δticks -0.656 | dist 3.540 | ETA 1321.4h
step  19000 | T=4 | loss 9.6177 | lr 3.00e-04 | grad 1.84 | 1.8k tok/s (avg 2.1k) | cert 0.63→0.66 | ticks [3.922 3.562 3.547 3.719] | Δticks -0.203 | dist 6.426 | ETA 1321.5h
[CachedTeacherDataset/eval] 9 shards (of 199 total) under teacher_cache/phase1 | seq_len=512 top_k=128
  >>> val @ step 19000:
  T=4 | CE=4.4911 | PPL=89.22 | top1=19.4% | top5=39.5% | (25600 tok)
step  19010 | T=4 | loss 9.0005 | lr 3.00e-04 | grad 1.95 | 0.8k tok/s (avg 2.1k) | cert 0.43→0.60 | ticks [4.906 4.219 4.094 4.125] | Δticks -0.781 | dist 5.348 | ETA 1322.7h
step  19020 | T=4 | loss 9.8088 | lr 3.00e-04 | grad 1.95 | 3.2k tok/s (avg 2.1k) | cert 0.43→0.62 | ticks [4.781 4.281 4.156 4.156] | Δticks -0.625 | dist 6.191 | ETA 1322.4h
step  19030 | T=4 | loss 15.7028 | lr 3.00e-04 | grad 1.45 | 1.8k tok/s (avg 2.1k) | cert 0.41→0.54 | ticks [5.594 5.219 5.156 5.094] | Δticks -0.500 | dist 10.942 | ETA 1322.6h
step  19040 | T=4 | loss 11.3566 | lr 3.00e-04 | grad 2.11 | 1.9k tok/s (avg 2.1k) | cert 0.41→0.58 | ticks [5.438 4.969 4.844 4.781] | Δticks -0.656 | dist 7.041 | ETA 1322.7h
step  19050 | T=4 | loss 8.0849 | lr 3.00e-04 | grad 2.11 | 3.2k tok/s (avg 2.1k) | cert 0.29→0.56 | ticks [5.562 4.500 4.469 4.344] | Δticks -1.219 | dist 4.087 | ETA 1322.4h
step  19060 | T=4 | loss 9.5718 | lr 3.00e-04 | grad 1.61 | 1.9k tok/s (avg 2.1k) | cert 0.42→0.59 | ticks [5.719 5.219 5.000 4.906] | Δticks -0.812 | dist 5.034 | ETA 1322.5h
step  19070 | T=4 | loss 7.9678 | lr 3.00e-04 | grad 1.61 | 3.2k tok/s (avg 2.1k) | cert 0.45→0.58 | ticks [5.625 5.312 5.125 5.062] | Δticks -0.562 | dist 3.297 | ETA 1322.3h
step  19080 | T=4 | loss 9.2673 | lr 3.00e-04 | grad 1.32 | 1.8k tok/s (avg 2.1k) | cert 0.41→0.57 | ticks [5.656 5.062 4.906 4.906] | Δticks -0.750 | dist 4.792 | ETA 1322.4h
step  19090 | T=4 | loss 7.3757 | lr 3.00e-04 | grad 2.41 | 1.8k tok/s (avg 2.1k) | cert 0.45→0.59 | ticks [5.094 4.344 4.438 4.438] | Δticks -0.656 | dist 3.314 | ETA 1322.5h
step  19100 | T=4 | loss 8.3721 | lr 3.00e-04 | grad 2.41 | 3.2k tok/s (avg 2.1k) | cert 0.23→0.47 | ticks [6.969 6.031 5.844 5.844] | Δticks -1.125 | dist 2.896 | ETA 1322.3h
step  19110 | T=4 | loss 9.1967 | lr 3.00e-04 | grad 1.70 | 1.8k tok/s (avg 2.1k) | cert 0.24→0.49 | ticks [6.031 5.219 5.094 5.156] | Δticks -0.875 | dist 4.411 | ETA 1322.4h
step  19120 | T=4 | loss 12.3966 | lr 3.00e-04 | grad 1.35 | 1.8k tok/s (avg 2.1k) | cert 0.59→0.64 | ticks [4.969 4.656 4.625 4.625] | Δticks -0.344 | dist 8.193 | ETA 1322.5h
step  19130 | T=4 | loss 7.7331 | lr 3.00e-04 | grad 1.35 | 3.2k tok/s (avg 2.1k) | cert 0.52→0.63 | ticks [4.656 4.281 4.125 4.062] | Δticks -0.594 | dist 4.054 | ETA 1322.3h
step  19140 | T=4 | loss 7.2566 | lr 3.00e-04 | grad 1.56 | 1.8k tok/s (avg 2.1k) | cert 0.46→0.64 | ticks [4.219 3.641 3.516 3.531] | Δticks -0.688 | dist 4.219 | ETA 1322.4h
step  19150 | T=4 | loss 7.3129 | lr 3.00e-04 | grad 1.56 | 3.2k tok/s (avg 2.1k) | cert 0.39→0.55 | ticks [5.188 4.688 4.562 4.594] | Δticks -0.594 | dist 3.063 | ETA 1322.2h
step  19160 | T=4 | loss 7.8139 | lr 3.00e-04 | grad 1.43 | 1.8k tok/s (avg 2.1k) | cert 0.55→0.63 | ticks [4.312 3.797 3.578 3.500] | Δticks -0.812 | dist 4.611 | ETA 1322.3h
step  19170 | T=4 | loss 8.8207 | lr 3.00e-04 | grad 1.90 | 1.8k tok/s (avg 2.1k) | cert 0.34→0.58 | ticks [5.375 4.656 4.594 4.562] | Δticks -0.812 | dist 4.747 | ETA 1322.4h
step  19180 | T=4 | loss 7.6995 | lr 3.00e-04 | grad 1.90 | 3.2k tok/s (avg 2.1k) | cert 0.39→0.55 | ticks [5.094 4.469 4.562 4.469] | Δticks -0.625 | dist 3.591 | ETA 1322.2h
step  19190 | T=4 | loss 9.1740 | lr 3.00e-04 | grad 1.42 | 1.8k tok/s (avg 2.1k) | cert 0.31→0.49 | ticks [6.750 6.094 5.938 5.875] | Δticks -0.875 | dist 3.704 | ETA 1322.3h
step  19200 | T=4 | loss 7.8619 | lr 3.00e-04 | grad 1.59 | 1.8k tok/s (avg 2.1k) | cert 0.48→0.57 | ticks [4.594 4.062 4.188 4.156] | Δticks -0.438 | dist 4.088 | ETA 1322.4h
step  19210 | T=4 | loss 11.2782 | lr 3.00e-04 | grad 1.59 | 3.1k tok/s (avg 2.1k) | cert 0.66→0.64 | ticks [4.188 3.906 3.953 3.922] | Δticks -0.266 | dist 7.866 | ETA 1322.2h
step  19220 | T=4 | loss 7.3053 | lr 3.00e-04 | grad 2.19 | 1.8k tok/s (avg 2.1k) | cert 0.59→0.67 | ticks [4.219 3.875 3.562 3.672] | Δticks -0.547 | dist 4.054 | ETA 1322.3h
step  19230 | T=4 | loss 8.8305 | lr 3.00e-04 | grad 2.19 | 3.2k tok/s (avg 2.1k) | cert 0.40→0.59 | ticks [5.406 5.094 4.812 4.906] | Δticks -0.500 | dist 4.404 | ETA 1322.1h
step  19240 | T=4 | loss 7.9600 | lr 3.00e-04 | grad 1.62 | 1.9k tok/s (avg 2.1k) | cert 0.54→0.64 | ticks [4.656 3.984 3.797 3.875] | Δticks -0.781 | dist 4.344 | ETA 1322.2h
step  19250 | T=4 | loss 6.5209 | lr 3.00e-04 | grad 1.50 | 1.8k tok/s (avg 2.1k) | cert 0.49→0.66 | ticks [4.219 3.766 3.562 3.547] | Δticks -0.672 | dist 3.395 | ETA 1322.3h
step  19260 | T=4 | loss 9.0003 | lr 3.00e-04 | grad 1.50 | 3.2k tok/s (avg 2.1k) | cert 0.32→0.54 | ticks [6.000 5.375 5.250 5.312] | Δticks -0.688 | dist 4.207 | ETA 1322.1h
step  19270 | T=4 | loss 7.2089 | lr 3.00e-04 | grad 1.41 | 1.8k tok/s (avg 2.1k) | cert 0.48→0.56 | ticks [4.156 3.781 3.672 3.703] | Δticks -0.453 | dist 3.952 | ETA 1322.2h
step  19280 | T=4 | loss 7.9320 | lr 3.00e-04 | grad 1.34 | 1.9k tok/s (avg 2.1k) | cert 0.40→0.63 | ticks [5.094 4.375 4.250 4.219] | Δticks -0.875 | dist 4.199 | ETA 1322.3h
step  19290 | T=4 | loss 11.2300 | lr 3.00e-04 | grad 1.34 | 3.2k tok/s (avg 2.1k) | cert 0.43→0.57 | ticks [5.406 4.875 4.750 4.750] | Δticks -0.656 | dist 6.887 | ETA 1322.1h
step  19300 | T=4 | loss 7.6566 | lr 3.00e-04 | grad 1.80 | 1.8k tok/s (avg 2.1k) | cert 0.55→0.65 | ticks [4.250 4.125 3.859 3.891] | Δticks -0.359 | dist 4.329 | ETA 1322.2h
step  19310 | T=4 | loss 9.3407 | lr 3.00e-04 | grad 1.80 | 3.2k tok/s (avg 2.1k) | cert 0.56→0.64 | ticks [4.906 4.438 4.312 4.250] | Δticks -0.656 | dist 5.371 | ETA 1322.0h
step  19320 | T=4 | loss 9.3307 | lr 3.00e-04 | grad 1.48 | 1.9k tok/s (avg 2.1k) | cert 0.51→0.61 | ticks [5.219 4.625 4.438 4.469] | Δticks -0.750 | dist 5.183 | ETA 1322.1h
step  19330 | T=4 | loss 11.3919 | lr 3.00e-04 | grad 1.41 | 1.9k tok/s (avg 2.1k) | cert 0.29→0.55 | ticks [5.625 4.781 4.719 4.656] | Δticks -0.969 | dist 6.924 | ETA 1322.2h
step  19340 | T=4 | loss 9.0508 | lr 3.00e-04 | grad 1.41 | 3.2k tok/s (avg 2.1k) | cert 0.56→0.61 | ticks [4.469 4.031 3.875 3.875] | Δticks -0.594 | dist 5.471 | ETA 1322.0h
step  19350 | T=4 | loss 13.7406 | lr 3.00e-04 | grad 1.77 | 1.8k tok/s (avg 2.1k) | cert 0.52→0.57 | ticks [5.031 4.844 4.781 4.656] | Δticks -0.375 | dist 9.355 | ETA 1322.1h
step  19360 | T=4 | loss 8.6206 | lr 3.00e-04 | grad 1.71 | 1.8k tok/s (avg 2.1k) | cert 0.35→0.59 | ticks [5.469 4.844 4.750 4.625] | Δticks -0.844 | dist 4.402 | ETA 1322.2h
step  19370 | T=4 | loss 8.9229 | lr 3.00e-04 | grad 1.71 | 3.2k tok/s (avg 2.1k) | cert 0.48→0.64 | ticks [4.469 3.891 3.859 3.766] | Δticks -0.703 | dist 5.587 | ETA 1322.0h
step  19380 | T=4 | loss 10.1727 | lr 3.00e-04 | grad 1.67 | 1.9k tok/s (avg 2.1k) | cert 0.47→0.59 | ticks [4.812 4.312 4.250 4.094] | Δticks -0.719 | dist 6.447 | ETA 1322.1h
step  19390 | T=4 | loss 7.7025 | lr 3.00e-04 | grad 1.67 | 3.2k tok/s (avg 2.1k) | cert 0.58→0.62 | ticks [4.500 4.250 4.188 4.094] | Δticks -0.406 | dist 4.050 | ETA 1321.9h
step  19400 | T=4 | loss 8.3044 | lr 3.00e-04 | grad 1.29 | 1.9k tok/s (avg 2.1k) | cert 0.52→0.64 | ticks [4.500 3.812 3.703 3.766] | Δticks -0.734 | dist 4.951 | ETA 1322.0h
step  19410 | T=4 | loss 7.8256 | lr 3.00e-04 | grad 1.40 | 1.8k tok/s (avg 2.1k) | cert 0.49→0.63 | ticks [4.656 4.094 4.031 4.125] | Δticks -0.531 | dist 4.177 | ETA 1322.1h
step  19420 | T=4 | loss 7.9762 | lr 3.00e-04 | grad 1.40 | 3.1k tok/s (avg 2.1k) | cert 0.42→0.59 | ticks [4.875 4.406 4.250 4.344] | Δticks -0.531 | dist 4.211 | ETA 1321.9h
step  19430 | T=4 | loss 8.2961 | lr 3.00e-04 | grad 1.66 | 1.8k tok/s (avg 2.1k) | cert 0.42→0.57 | ticks [5.469 5.062 4.969 4.844] | Δticks -0.625 | dist 3.890 | ETA 1322.0h
step  19440 | T=4 | loss 7.9939 | lr 3.00e-04 | grad 1.61 | 1.8k tok/s (avg 2.1k) | cert 0.53→0.61 | ticks [4.656 4.250 4.188 4.188] | Δticks -0.469 | dist 4.318 | ETA 1322.1h
step  19450 | T=4 | loss 10.9146 | lr 3.00e-04 | grad 1.61 | 3.2k tok/s (avg 2.1k) | cert 0.28→0.48 | ticks [7.125 6.156 6.219 6.094] | Δticks -1.031 | dist 5.241 | ETA 1321.9h
step  19460 | T=4 | loss 7.7578 | lr 3.00e-04 | grad 1.88 | 1.8k tok/s (avg 2.1k) | cert 0.34→0.60 | ticks [5.562 4.688 4.719 4.688] | Δticks -0.875 | dist 3.551 | ETA 1322.0h
step  19470 | T=4 | loss 8.0733 | lr 3.00e-04 | grad 1.88 | 3.2k tok/s (avg 2.1k) | cert 0.46→0.62 | ticks [5.312 4.625 4.594 4.688] | Δticks -0.625 | dist 3.920 | ETA 1321.8h
step  19480 | T=4 | loss 9.4997 | lr 3.00e-04 | grad 2.47 | 1.8k tok/s (avg 2.1k) | cert 0.50→0.64 | ticks [5.031 4.531 4.438 4.375] | Δticks -0.656 | dist 5.582 | ETA 1321.9h
step  19490 | T=4 | loss 8.3627 | lr 3.00e-04 | grad 1.28 | 1.8k tok/s (avg 2.1k) | cert 0.41→0.57 | ticks [5.469 5.125 4.969 4.844] | Δticks -0.625 | dist 3.814 | ETA 1322.0h
step  19500 | T=4 | loss 11.1743 | lr 3.00e-04 | grad 1.28 | 3.2k tok/s (avg 2.1k) | cert 0.51→0.62 | ticks [4.906 4.500 4.375 4.281] | Δticks -0.625 | dist 7.337 | ETA 1321.8h
step  19510 | T=4 | loss 7.7212 | lr 3.00e-04 | grad 1.41 | 1.8k tok/s (avg 2.1k) | cert 0.39→0.61 | ticks [5.188 4.375 4.406 4.344] | Δticks -0.844 | dist 3.875 | ETA 1321.9h
step  19520 | T=4 | loss 8.7806 | lr 3.00e-04 | grad 1.76 | 1.8k tok/s (avg 2.1k) | cert 0.32→0.59 | ticks [6.219 5.438 5.250 5.188] | Δticks -1.031 | dist 3.994 | ETA 1322.0h
step  19530 | T=4 | loss 8.6476 | lr 3.00e-04 | grad 1.76 | 3.2k tok/s (avg 2.1k) | cert 0.37→0.60 | ticks [5.094 4.375 4.344 4.281] | Δticks -0.812 | dist 4.718 | ETA 1321.8h
step  19540 | T=4 | loss 7.6236 | lr 3.00e-04 | grad 1.66 | 1.8k tok/s (avg 2.1k) | cert 0.44→0.58 | ticks [5.469 4.812 4.875 4.812] | Δticks -0.656 | dist 3.259 | ETA 1321.9h
step  19550 | T=4 | loss 8.6019 | lr 3.00e-04 | grad 1.66 | 3.2k tok/s (avg 2.1k) | cert 0.28→0.54 | ticks [7.062 6.094 6.062 6.125] | Δticks -0.938 | dist 2.951 | ETA 1321.7h
step  19560 | T=4 | loss 8.1978 | lr 3.00e-04 | grad 1.57 | 1.8k tok/s (avg 2.1k) | cert 0.56→0.64 | ticks [4.156 3.797 3.703 3.625] | Δticks -0.531 | dist 5.110 | ETA 1321.8h
step  19570 | T=4 | loss 16.7947 | lr 3.00e-04 | grad 1.60 | 1.8k tok/s (avg 2.1k) | cert 0.68→0.68 | ticks [4.156 4.094 3.953 3.891] | Δticks -0.266 | dist 13.433 | ETA 1321.9h
step  19580 | T=4 | loss 8.4075 | lr 3.00e-04 | grad 1.60 | 3.2k tok/s (avg 2.1k) | cert 0.49→0.64 | ticks [4.531 4.188 3.875 3.828] | Δticks -0.703 | dist 5.078 | ETA 1321.7h
step  19590 | T=4 | loss 8.8760 | lr 3.00e-04 | grad 1.53 | 1.9k tok/s (avg 2.1k) | cert 0.44→0.62 | ticks [5.188 4.656 4.250 4.312] | Δticks -0.875 | dist 4.977 | ETA 1321.8h
step  19600 | T=4 | loss 10.7062 | lr 3.00e-04 | grad 1.48 | 1.8k tok/s (avg 2.1k) | cert 0.46→0.62 | ticks [5.156 4.750 4.625 4.656] | Δticks -0.500 | dist 6.522 | ETA 1321.9h
step  19610 | T=4 | loss 12.6244 | lr 3.00e-04 | grad 1.48 | 3.2k tok/s (avg 2.1k) | cert 0.64→0.64 | ticks [4.844 4.594 4.312 4.219] | Δticks -0.625 | dist 8.659 | ETA 1321.6h
step  19620 | T=4 | loss 8.9045 | lr 3.00e-04 | grad 1.93 | 1.8k tok/s (avg 2.1k) | cert 0.33→0.53 | ticks [5.938 5.312 5.188 5.156] | Δticks -0.781 | dist 4.218 | ETA 1321.8h
step  19630 | T=4 | loss 10.3739 | lr 3.00e-04 | grad 1.93 | 3.2k tok/s (avg 2.1k) | cert 0.59→0.60 | ticks [4.531 4.312 4.250 4.062] | Δticks -0.469 | dist 6.756 | ETA 1321.5h
step  19640 | T=4 | loss 9.9546 | lr 3.00e-04 | grad 1.68 | 1.8k tok/s (avg 2.1k) | cert 0.52→0.63 | ticks [5.125 4.781 4.594 4.531] | Δticks -0.594 | dist 5.847 | ETA 1321.6h
step  19650 | T=4 | loss 11.0120 | lr 3.00e-04 | grad 1.35 | 1.9k tok/s (avg 2.1k) | cert 0.61→0.65 | ticks [4.344 4.125 4.000 3.906] | Δticks -0.438 | dist 7.575 | ETA 1321.8h
step  19660 | T=4 | loss 7.5494 | lr 3.00e-04 | grad 1.35 | 3.2k tok/s (avg 2.1k) | cert 0.54→0.63 | ticks [4.531 3.953 3.750 3.750] | Δticks -0.781 | dist 4.172 | ETA 1321.5h
step  19670 | T=4 | loss 6.8171 | lr 3.00e-04 | grad 1.77 | 1.8k tok/s (avg 2.1k) | cert 0.30→0.61 | ticks [5.688 4.656 4.438 4.531] | Δticks -1.156 | dist 2.692 | ETA 1321.6h
step  19680 | T=4 | loss 8.9358 | lr 3.00e-04 | grad 1.48 | 1.8k tok/s (avg 2.1k) | cert 0.45→0.59 | ticks [4.781 4.375 4.344 4.312] | Δticks -0.469 | dist 5.072 | ETA 1321.8h
step  19690 | T=4 | loss 9.4095 | lr 3.00e-04 | grad 1.48 | 3.2k tok/s (avg 2.1k) | cert 0.44→0.58 | ticks [5.750 5.062 5.156 5.125] | Δticks -0.625 | dist 4.799 | ETA 1321.5h
step  19700 | T=4 | loss 6.8012 | lr 3.00e-04 | grad 1.90 | 1.8k tok/s (avg 2.1k) | cert 0.49→0.62 | ticks [4.688 4.062 3.984 4.000] | Δticks -0.688 | dist 3.340 | ETA 1321.6h
step  19710 | T=4 | loss 8.1859 | lr 3.00e-04 | grad 1.90 | 3.2k tok/s (avg 2.1k) | cert 0.29→0.54 | ticks [7.219 6.219 6.312 6.250] | Δticks -0.969 | dist 2.349 | ETA 1321.4h
step  19720 | T=4 | loss 9.4451 | lr 3.00e-04 | grad 1.54 | 1.8k tok/s (avg 2.1k) | cert 0.51→0.64 | ticks [4.344 3.844 3.594 3.625] | Δticks -0.719 | dist 6.316 | ETA 1321.5h
step  19730 | T=4 | loss 8.3127 | lr 3.00e-04 | grad 1.52 | 1.8k tok/s (avg 2.1k) | cert 0.31→0.53 | ticks [6.438 5.688 5.594 5.438] | Δticks -1.000 | dist 3.214 | ETA 1321.6h
step  19740 | T=4 | loss 6.8838 | lr 3.00e-04 | grad 1.52 | 3.2k tok/s (avg 2.1k) | cert 0.26→0.59 | ticks [5.812 4.781 4.688 4.531] | Δticks -1.281 | dist 2.619 | ETA 1321.4h
step  19750 | T=4 | loss 7.3628 | lr 3.00e-04 | grad 1.34 | 1.8k tok/s (avg 2.1k) | cert 0.39→0.60 | ticks [4.812 4.219 3.984 3.891] | Δticks -0.922 | dist 3.847 | ETA 1321.5h
step  19760 | T=4 | loss 10.6919 | lr 3.00e-04 | grad 1.55 | 1.8k tok/s (avg 2.1k) | cert 0.63→0.68 | ticks [4.344 4.031 3.938 3.938] | Δticks -0.406 | dist 7.227 | ETA 1321.6h
step  19770 | T=4 | loss 9.0034 | lr 3.00e-04 | grad 1.55 | 3.2k tok/s (avg 2.1k) | cert 0.31→0.59 | ticks [5.938 5.156 5.156 5.188] | Δticks -0.750 | dist 4.385 | ETA 1321.4h
step  19780 | T=4 | loss 8.4603 | lr 3.00e-04 | grad 1.55 | 1.8k tok/s (avg 2.1k) | cert 0.50→0.61 | ticks [5.781 4.938 4.938 5.000] | Δticks -0.781 | dist 3.899 | ETA 1321.5h
step  19790 | T=4 | loss 8.1933 | lr 3.00e-04 | grad 1.55 | 3.2k tok/s (avg 2.1k) | cert 0.54→0.60 | ticks [5.062 4.562 4.500 4.500] | Δticks -0.562 | dist 4.092 | ETA 1321.3h
step  19800 | T=4 | loss 11.2759 | lr 3.00e-04 | grad 1.41 | 1.8k tok/s (avg 2.1k) | cert 0.45→0.59 | ticks [5.594 5.000 5.000 5.031] | Δticks -0.562 | dist 6.793 | ETA 1321.4h
step  19810 | T=4 | loss 6.7601 | lr 3.00e-04 | grad 1.30 | 1.8k tok/s (avg 2.1k) | cert 0.49→0.64 | ticks [4.281 3.953 3.703 3.656] | Δticks -0.625 | dist 3.540 | ETA 1321.5h
step  19820 | T=4 | loss 7.8471 | lr 3.00e-04 | grad 1.30 | 3.1k tok/s (avg 2.1k) | cert 0.44→0.58 | ticks [5.469 5.062 4.875 4.844] | Δticks -0.625 | dist 3.296 | ETA 1321.3h
step  19830 | T=4 | loss 10.2444 | lr 3.00e-04 | grad 1.68 | 1.9k tok/s (avg 2.1k) | cert 0.50→0.62 | ticks [5.250 4.656 4.562 4.406] | Δticks -0.844 | dist 6.138 | ETA 1321.4h
step  19840 | T=4 | loss 7.4469 | lr 3.00e-04 | grad 1.34 | 1.8k tok/s (avg 2.1k) | cert 0.48→0.66 | ticks [4.844 4.188 4.062 4.125] | Δticks -0.719 | dist 3.852 | ETA 1321.5h
step  19850 | T=4 | loss 9.1844 | lr 3.00e-04 | grad 1.34 | 3.2k tok/s (avg 2.1k) | cert 0.52→0.64 | ticks [4.188 4.031 3.734 3.734] | Δticks -0.453 | dist 5.883 | ETA 1321.3h
step  19860 | T=4 | loss 11.3985 | lr 3.00e-04 | grad 1.63 | 1.8k tok/s (avg 2.1k) | cert 0.50→0.59 | ticks [5.344 4.844 4.719 4.625] | Δticks -0.719 | dist 7.179 | ETA 1321.4h
step  19870 | T=4 | loss 7.9038 | lr 3.00e-04 | grad 1.63 | 3.2k tok/s (avg 2.1k) | cert 0.34→0.56 | ticks [5.844 4.781 4.781 4.844] | Δticks -1.000 | dist 3.543 | ETA 1321.2h
step  19880 | T=4 | loss 9.6070 | lr 3.00e-04 | grad 1.35 | 1.8k tok/s (avg 2.1k) | cert 0.69→0.69 | ticks [4.094 3.438 3.578 3.656] | Δticks -0.438 | dist 6.477 | ETA 1321.3h
step  19890 | T=4 | loss 9.8152 | lr 3.00e-04 | grad 1.82 | 1.8k tok/s (avg 2.1k) | cert 0.45→0.57 | ticks [5.188 4.875 4.812 4.750] | Δticks -0.438 | dist 5.496 | ETA 1321.4h
step  19900 | T=4 | loss 9.2240 | lr 3.00e-04 | grad 1.82 | 3.2k tok/s (avg 2.1k) | cert 0.56→0.60 | ticks [4.250 4.312 4.188 4.125] | Δticks -0.125 | dist 5.528 | ETA 1321.2h
step  19910 | T=4 | loss 9.7099 | lr 3.00e-04 | grad 1.86 | 1.8k tok/s (avg 2.1k) | cert 0.41→0.58 | ticks [5.969 5.500 5.312 5.312] | Δticks -0.656 | dist 4.835 | ETA 1321.3h
step  19920 | T=4 | loss 7.8684 | lr 3.00e-04 | grad 1.41 | 1.8k tok/s (avg 2.1k) | cert 0.61→0.66 | ticks [3.953 3.766 3.672 3.562] | Δticks -0.391 | dist 4.737 | ETA 1321.4h
step  19930 | T=4 | loss 7.6565 | lr 3.00e-04 | grad 1.41 | 3.2k tok/s (avg 2.1k) | cert 0.34→0.54 | ticks [5.750 5.125 5.031 5.000] | Δticks -0.750 | dist 3.218 | ETA 1321.2h
step  19940 | T=4 | loss 8.3737 | lr 3.00e-04 | grad 1.72 | 1.8k tok/s (avg 2.1k) | cert 0.32→0.54 | ticks [6.156 5.625 5.469 5.406] | Δticks -0.750 | dist 3.404 | ETA 1321.3h
step  19950 | T=4 | loss 9.2415 | lr 3.00e-04 | grad 1.72 | 3.2k tok/s (avg 2.1k) | cert 0.52→0.59 | ticks [5.125 4.781 4.719 4.688] | Δticks -0.438 | dist 4.983 | ETA 1321.1h
step  19960 | T=4 | loss 8.5139 | lr 3.00e-04 | grad 1.41 | 1.9k tok/s (avg 2.1k) | cert 0.52→0.66 | ticks [4.469 3.922 3.812 3.828] | Δticks -0.641 | dist 5.223 | ETA 1321.2h
step  19970 | T=4 | loss 8.8275 | lr 3.00e-04 | grad 1.60 | 1.8k tok/s (avg 2.1k) | cert 0.30→0.52 | ticks [6.438 5.719 5.594 5.500] | Δticks -0.938 | dist 3.666 | ETA 1321.3h
step  19980 | T=4 | loss 6.9620 | lr 3.00e-04 | grad 1.60 | 3.2k tok/s (avg 2.1k) | cert 0.48→0.61 | ticks [4.625 4.188 4.219 4.062] | Δticks -0.562 | dist 3.257 | ETA 1321.1h
step  19990 | T=4 | loss 8.3919 | lr 3.00e-04 | grad 1.83 | 1.9k tok/s (avg 2.1k) | cert 0.34→0.59 | ticks [6.031 5.469 5.406 5.375] | Δticks -0.656 | dist 3.436 | ETA 1321.2h
step  20000 | T=4 | loss 7.5611 | lr 3.00e-04 | grad 1.45 | 1.8k tok/s (avg 2.1k) | cert 0.63→0.65 | ticks [3.938 3.719 3.484 3.641] | Δticks -0.297 | dist 4.411 | ETA 1321.3h
[CachedTeacherDataset/eval] 9 shards (of 199 total) under teacher_cache/phase1 | seq_len=512 top_k=128
  >>> val @ step 20000:
  T=4 | CE=4.4470 | PPL=85.37 | top1=20.6% | top5=41.3% | (25600 tok)
[CachedTeacherDataset/eval] 9 shards (of 199 total) under teacher_cache/phase1 | seq_len=512 top_k=128
[CachedTeacherDataset/eval] 9 shards (of 199 total) under teacher_cache/phase1 | seq_len=512 top_k=128
[CachedTeacherDataset/eval] 9 shards (of 199 total) under teacher_cache/phase1 | seq_len=512 top_k=128
  >>> T-ablation @ step 20000:
     T        CE       PPL     top1     top5
  ------------------------------------------
     1    5.2914    198.61    25.6%    44.6%
     4    4.6411    103.66    20.5%    40.8%
     8    4.5169     91.55    22.6%    43.9%
  Saved checkpoint at step 20000
step  20010 | T=4 | loss 8.7854 | lr 3.00e-04 | grad 1.45 | 0.3k tok/s (avg 2.1k) | cert 0.45→0.57 | ticks [5.656 5.062 5.031 4.938] | Δticks -0.719 | dist 4.126 | ETA 1324.8h
step  20020 | T=4 | loss 8.6220 | lr 3.00e-04 | grad 1.60 | 1.9k tok/s (avg 2.1k) | cert 0.38→0.57 | ticks [6.062 5.188 5.125 5.000] | Δticks -1.062 | dist 3.917 | ETA 1324.9h
step  20030 | T=4 | loss 9.7993 | lr 3.00e-04 | grad 1.60 | 3.2k tok/s (avg 2.1k) | cert 0.46→0.60 | ticks [5.094 4.688 4.594 4.469] | Δticks -0.625 | dist 5.664 | ETA 1324.7h
step  20040 | T=4 | loss 7.8128 | lr 3.00e-04 | grad 1.30 | 1.8k tok/s (avg 2.1k) | cert 0.35→0.55 | ticks [6.031 5.000 4.938 4.906] | Δticks -1.125 | dist 3.235 | ETA 1324.8h
step  20050 | T=4 | loss 7.3341 | lr 3.00e-04 | grad 1.41 | 1.8k tok/s (avg 2.1k) | cert 0.45→0.64 | ticks [4.469 4.031 3.719 3.578] | Δticks -0.891 | dist 4.109 | ETA 1324.9h
step  20060 | T=4 | loss 9.9987 | lr 3.00e-04 | grad 1.41 | 3.2k tok/s (avg 2.1k) | cert 0.49→0.59 | ticks [4.750 4.281 4.250 4.219] | Δticks -0.531 | dist 6.249 | ETA 1324.7h
step  20070 | T=4 | loss 8.9184 | lr 3.00e-04 | grad 1.60 | 1.9k tok/s (avg 2.1k) | cert 0.68→0.69 | ticks [3.656 3.328 3.312 3.234] | Δticks -0.422 | dist 6.006 | ETA 1324.8h
step  20080 | T=4 | loss 13.2088 | lr 3.00e-04 | grad 1.38 | 1.8k tok/s (avg 2.1k) | cert 0.68→0.62 | ticks [4.344 4.125 4.281 4.219] | Δticks -0.125 | dist 9.499 | ETA 1324.9h
step  20090 | T=4 | loss 7.8638 | lr 3.00e-04 | grad 1.38 | 3.2k tok/s (avg 2.1k) | cert 0.34→0.58 | ticks [5.312 4.625 4.562 4.500] | Δticks -0.812 | dist 3.845 | ETA 1324.7h
step  20100 | T=4 | loss 8.2206 | lr 3.00e-04 | grad 1.62 | 1.8k tok/s (avg 2.1k) | cert 0.53→0.63 | ticks [4.719 4.062 4.000 3.891] | Δticks -0.828 | dist 4.698 | ETA 1324.8h
step  20110 | T=4 | loss 10.2931 | lr 3.00e-04 | grad 1.62 | 3.2k tok/s (avg 2.1k) | cert 0.40→0.57 | ticks [5.906 5.469 5.375 5.281] | Δticks -0.625 | dist 5.389 | ETA 1324.6h
step  20120 | T=4 | loss 9.6947 | lr 3.00e-04 | grad 1.66 | 1.8k tok/s (avg 2.1k) | cert 0.57→0.66 | ticks [4.344 3.875 3.797 3.750] | Δticks -0.594 | dist 6.359 | ETA 1324.7h
step  20130 | T=4 | loss 8.4141 | lr 3.00e-04 | grad 1.89 | 1.8k tok/s (avg 2.1k) | cert 0.47→0.63 | ticks [4.938 4.219 4.000 3.891] | Δticks -1.047 | dist 4.855 | ETA 1324.8h
step  20140 | T=4 | loss 7.1506 | lr 3.00e-04 | grad 1.89 | 3.2k tok/s (avg 2.1k) | cert 0.49→0.65 | ticks [4.312 3.797 3.562 3.547] | Δticks -0.766 | dist 3.993 | ETA 1324.6h
step  20150 | T=4 | loss 8.9020 | lr 3.00e-04 | grad 1.31 | 1.8k tok/s (avg 2.1k) | cert 0.46→0.59 | ticks [5.375 4.781 4.750 4.688] | Δticks -0.688 | dist 4.480 | ETA 1324.7h
step  20160 | T=4 | loss 9.0557 | lr 3.00e-04 | grad 1.25 | 1.8k tok/s (avg 2.1k) | cert 0.41→0.54 | ticks [5.844 5.281 5.219 5.062] | Δticks -0.781 | dist 4.241 | ETA 1324.8h
step  20170 | T=4 | loss 8.3511 | lr 3.00e-04 | grad 1.25 | 3.2k tok/s (avg 2.1k) | cert 0.35→0.55 | ticks [6.062 5.344 5.344 5.312] | Δticks -0.750 | dist 3.445 | ETA 1324.6h
step  20180 | T=4 | loss 9.2242 | lr 3.00e-04 | grad 1.32 | 1.8k tok/s (avg 2.1k) | cert 0.42→0.59 | ticks [5.094 4.500 4.438 4.469] | Δticks -0.625 | dist 5.233 | ETA 1324.7h
step  20190 | T=4 | loss 7.6573 | lr 3.00e-04 | grad 1.32 | 3.2k tok/s (avg 2.1k) | cert 0.55→0.64 | ticks [4.125 3.766 3.703 3.656] | Δticks -0.469 | dist 4.493 | ETA 1324.5h
step  20200 | T=4 | loss 7.5731 | lr 3.00e-04 | grad 1.55 | 1.9k tok/s (avg 2.1k) | cert 0.32→0.54 | ticks [6.000 5.219 5.094 5.031] | Δticks -0.969 | dist 2.911 | ETA 1324.6h
step  20210 | T=4 | loss 9.2758 | lr 3.00e-04 | grad 1.54 | 1.8k tok/s (avg 2.1k) | cert 0.50→0.62 | ticks [4.781 4.250 3.984 4.062] | Δticks -0.719 | dist 5.607 | ETA 1324.7h
step  20220 | T=4 | loss 10.1630 | lr 3.00e-04 | grad 1.54 | 3.2k tok/s (avg 2.1k) | cert 0.48→0.57 | ticks [4.719 4.188 4.219 4.188] | Δticks -0.531 | dist 6.433 | ETA 1324.5h
step  20230 | T=4 | loss 7.0688 | lr 3.00e-04 | grad 1.54 | 1.8k tok/s (avg 2.1k) | cert 0.61→0.63 | ticks [3.859 3.766 3.484 3.516] | Δticks -0.344 | dist 4.174 | ETA 1324.6h
step  20240 | T=4 | loss 7.9900 | lr 3.00e-04 | grad 1.48 | 1.9k tok/s (avg 2.1k) | cert 0.27→0.54 | ticks [6.344 5.406 5.281 5.375] | Δticks -0.969 | dist 3.077 | ETA 1324.7h
step  20250 | T=4 | loss 15.6915 | lr 3.00e-04 | grad 1.48 | 3.2k tok/s (avg 2.1k) | cert 0.56→0.62 | ticks [5.312 4.781 4.719 4.656] | Δticks -0.656 | dist 11.374 | ETA 1324.5h
step  20260 | T=4 | loss 10.6039 | lr 3.00e-04 | grad 1.32 | 1.8k tok/s (avg 2.1k) | cert 0.43→0.59 | ticks [5.406 4.938 4.844 4.875] | Δticks -0.531 | dist 6.157 | ETA 1324.6h
step  20270 | T=4 | loss 6.7532 | lr 3.00e-04 | grad 1.32 | 3.2k tok/s (avg 2.1k) | cert 0.53→0.61 | ticks [4.062 3.828 3.766 3.609] | Δticks -0.453 | dist 3.504 | ETA 1324.4h
step  20280 | T=4 | loss 8.7059 | lr 3.00e-04 | grad 1.52 | 1.8k tok/s (avg 2.1k) | cert 0.54→0.66 | ticks [3.969 3.547 3.312 3.281] | Δticks -0.688 | dist 5.783 | ETA 1324.5h
step  20290 | T=4 | loss 7.7593 | lr 3.00e-04 | grad 1.52 | 1.8k tok/s (avg 2.1k) | cert 0.56→0.62 | ticks [4.531 4.219 4.188 4.156] | Δticks -0.375 | dist 4.059 | ETA 1324.6h
step  20300 | T=4 | loss 8.7757 | lr 3.00e-04 | grad 1.52 | 3.2k tok/s (avg 2.1k) | cert 0.33→0.55 | ticks [5.750 4.938 4.906 4.969] | Δticks -0.781 | dist 4.328 | ETA 1324.4h
step  20310 | T=4 | loss 9.1912 | lr 3.00e-04 | grad 1.55 | 1.9k tok/s (avg 2.1k) | cert 0.54→0.63 | ticks [4.562 4.125 4.188 4.000] | Δticks -0.562 | dist 5.587 | ETA 1324.5h
step  20320 | T=4 | loss 8.5065 | lr 3.00e-04 | grad 1.45 | 1.8k tok/s (avg 2.1k) | cert 0.55→0.60 | ticks [4.500 4.219 4.344 4.094] | Δticks -0.406 | dist 4.791 | ETA 1324.6h
step  20330 | T=4 | loss 8.2593 | lr 3.00e-04 | grad 1.45 | 3.2k tok/s (avg 2.1k) | cert 0.40→0.55 | ticks [5.062 4.688 4.562 4.469] | Δticks -0.594 | dist 4.084 | ETA 1324.3h
step  20340 | T=4 | loss 6.9680 | lr 3.00e-04 | grad 1.73 | 1.8k tok/s (avg 2.1k) | cert 0.46→0.66 | ticks [4.656 4.125 3.969 3.797] | Δticks -0.859 | dist 3.446 | ETA 1324.5h
step  20350 | T=4 | loss 8.0441 | lr 3.00e-04 | grad 1.73 | 3.2k tok/s (avg 2.1k) | cert 0.39→0.61 | ticks [5.062 4.406 4.375 4.312] | Δticks -0.750 | dist 4.244 | ETA 1324.2h
step  20360 | T=4 | loss 6.6969 | lr 3.00e-04 | grad 1.66 | 1.8k tok/s (avg 2.1k) | cert 0.33→0.62 | ticks [5.375 4.562 4.375 4.406] | Δticks -0.969 | dist 2.665 | ETA 1324.3h
step  20370 | T=4 | loss 8.8624 | lr 3.00e-04 | grad 1.63 | 1.9k tok/s (avg 2.1k) | cert 0.57→0.66 | ticks [3.922 3.609 3.625 3.469] | Δticks -0.453 | dist 5.844 | ETA 1324.4h
step  20380 | T=4 | loss 8.1623 | lr 3.00e-04 | grad 1.63 | 3.2k tok/s (avg 2.1k) | cert 0.43→0.61 | ticks [5.000 4.531 4.469 4.469] | Δticks -0.531 | dist 4.194 | ETA 1324.2h
step  20390 | T=4 | loss 9.3371 | lr 3.00e-04 | grad 1.38 | 1.8k tok/s (avg 2.1k) | cert 0.30→0.54 | ticks [5.562 4.812 4.750 4.781] | Δticks -0.781 | dist 4.968 | ETA 1324.3h
step  20400 | T=4 | loss 8.8222 | lr 3.00e-04 | grad 2.72 | 1.8k tok/s (avg 2.1k) | cert 0.55→0.65 | ticks [5.188 4.562 4.500 4.562] | Δticks -0.625 | dist 4.735 | ETA 1324.4h
step  20410 | T=4 | loss 8.1476 | lr 3.00e-04 | grad 2.72 | 3.1k tok/s (avg 2.1k) | cert 0.40→0.59 | ticks [5.406 4.875 4.875 4.844] | Δticks -0.562 | dist 3.768 | ETA 1324.2h
step  20420 | T=4 | loss 8.4126 | lr 3.00e-04 | grad 1.94 | 1.8k tok/s (avg 2.1k) | cert 0.40→0.57 | ticks [5.750 5.219 5.062 4.969] | Δticks -0.781 | dist 3.784 | ETA 1324.3h
step  20430 | T=4 | loss 7.1298 | lr 3.00e-04 | grad 1.94 | 3.2k tok/s (avg 2.1k) | cert 0.49→0.62 | ticks [4.531 4.031 3.844 3.781] | Δticks -0.750 | dist 3.729 | ETA 1324.1h
step  20440 | T=4 | loss 14.2966 | lr 3.00e-04 | grad 1.35 | 1.8k tok/s (avg 2.1k) | cert 0.75→0.73 | ticks [3.859 3.703 3.625 3.516] | Δticks -0.344 | dist 11.177 | ETA 1324.2h
step  20450 | T=4 | loss 7.4196 | lr 3.00e-04 | grad 1.35 | 1.8k tok/s (avg 2.1k) | cert 0.45→0.58 | ticks [5.156 4.625 4.562 4.531] | Δticks -0.625 | dist 3.256 | ETA 1324.3h
step  20460 | T=4 | loss 7.9622 | lr 3.00e-04 | grad 1.35 | 3.2k tok/s (avg 2.1k) | cert 0.36→0.55 | ticks [5.469 4.844 4.750 4.781] | Δticks -0.688 | dist 3.606 | ETA 1324.1h
step  20470 | T=4 | loss 12.1204 | lr 3.00e-04 | grad 1.55 | 1.9k tok/s (avg 2.1k) | cert 0.49→0.59 | ticks [4.906 4.531 4.562 4.469] | Δticks -0.438 | dist 8.027 | ETA 1324.2h
step  20480 | T=4 | loss 7.8772 | lr 3.00e-04 | grad 2.17 | 1.8k tok/s (avg 2.1k) | cert 0.53→0.63 | ticks [4.719 4.250 4.062 4.000] | Δticks -0.719 | dist 4.277 | ETA 1324.3h
step  20490 | T=4 | loss 14.8732 | lr 3.00e-04 | grad 2.17 | 3.2k tok/s (avg 2.1k) | cert 0.71→0.62 | ticks [4.156 3.844 3.953 3.844] | Δticks -0.312 | dist 11.507 | ETA 1324.1h
step  20500 | T=4 | loss 8.4825 | lr 3.00e-04 | grad 1.57 | 1.8k tok/s (avg 2.1k) | cert 0.54→0.68 | ticks [4.125 3.719 3.578 3.562] | Δticks -0.562 | dist 5.333 | ETA 1324.2h
step  20510 | T=4 | loss 7.5906 | lr 3.00e-04 | grad 1.57 | 3.2k tok/s (avg 2.1k) | cert 0.36→0.57 | ticks [5.469 4.719 4.875 4.781] | Δticks -0.688 | dist 3.211 | ETA 1324.0h
step  20520 | T=4 | loss 8.6466 | lr 3.00e-04 | grad 2.06 | 1.8k tok/s (avg 2.1k) | cert 0.46→0.63 | ticks [5.312 4.531 4.438 4.375] | Δticks -0.938 | dist 4.653 | ETA 1324.1h
step  20530 | T=4 | loss 9.4734 | lr 3.00e-04 | grad 2.34 | 1.8k tok/s (avg 2.1k) | cert 0.31→0.52 | ticks [6.781 6.000 6.031 6.000] | Δticks -0.781 | dist 3.903 | ETA 1324.2h
step  20540 | T=4 | loss 10.3309 | lr 3.00e-04 | grad 2.34 | 3.2k tok/s (avg 2.1k) | cert 0.56→0.60 | ticks [5.000 4.562 4.625 4.625] | Δticks -0.375 | dist 6.128 | ETA 1324.0h
step  20550 | T=4 | loss 9.6822 | lr 3.00e-04 | grad 1.70 | 1.8k tok/s (avg 2.1k) | cert 0.56→0.60 | ticks [4.406 4.125 3.984 4.031] | Δticks -0.375 | dist 6.102 | ETA 1324.1h
step  20560 | T=4 | loss 9.1937 | lr 3.00e-04 | grad 1.55 | 1.9k tok/s (avg 2.1k) | cert 0.34→0.59 | ticks [6.281 5.438 5.156 5.250] | Δticks -1.031 | dist 4.458 | ETA 1324.2h
step  20570 | T=4 | loss 9.2463 | lr 3.00e-04 | grad 1.55 | 3.2k tok/s (avg 2.1k) | cert 0.33→0.59 | ticks [6.219 5.344 5.094 5.188] | Δticks -1.031 | dist 4.535 | ETA 1324.0h
step  20580 | T=4 | loss 7.8773 | lr 3.00e-04 | grad 1.74 | 1.8k tok/s (avg 2.1k) | cert 0.58→0.66 | ticks [4.250 3.828 3.797 3.750] | Δticks -0.500 | dist 4.648 | ETA 1324.1h
step  20590 | T=4 | loss 9.0717 | lr 3.00e-04 | grad 1.74 | 3.2k tok/s (avg 2.1k) | cert 0.36→0.60 | ticks [6.438 5.562 5.469 5.375] | Δticks -1.062 | dist 4.067 | ETA 1323.9h
step  20600 | T=4 | loss 10.1462 | lr 3.00e-04 | grad 1.70 | 1.8k tok/s (avg 2.1k) | cert 0.27→0.54 | ticks [7.031 6.281 6.281 6.250] | Δticks -0.781 | dist 4.259 | ETA 1324.0h
step  20610 | T=4 | loss 10.6031 | lr 3.00e-04 | grad 1.57 | 1.8k tok/s (avg 2.1k) | cert 0.51→0.59 | ticks [5.156 4.719 4.531 4.656] | Δticks -0.500 | dist 6.310 | ETA 1324.1h
step  20620 | T=4 | loss 8.8276 | lr 3.00e-04 | grad 1.57 | 3.2k tok/s (avg 2.1k) | cert 0.59→0.65 | ticks [4.469 4.062 4.219 3.984] | Δticks -0.484 | dist 5.238 | ETA 1323.9h
step  20630 | T=4 | loss 9.2623 | lr 3.00e-04 | grad 2.31 | 1.8k tok/s (avg 2.1k) | cert 0.29→0.47 | ticks [7.031 6.500 6.406 6.406] | Δticks -0.625 | dist 3.360 | ETA 1324.0h
step  20640 | T=4 | loss 10.0820 | lr 3.00e-04 | grad 1.55 | 1.8k tok/s (avg 2.1k) | cert 0.26→0.55 | ticks [6.531 5.688 5.594 5.531] | Δticks -1.000 | dist 4.909 | ETA 1324.1h
step  20650 | T=4 | loss 7.5386 | lr 3.00e-04 | grad 1.55 | 3.2k tok/s (avg 2.1k) | cert 0.26→0.55 | ticks [5.594 4.375 4.312 4.250] | Δticks -1.344 | dist 3.715 | ETA 1323.9h
step  20660 | T=4 | loss 9.8149 | lr 3.00e-04 | grad 1.68 | 1.9k tok/s (avg 2.1k) | cert 0.62→0.63 | ticks [4.562 4.094 3.891 3.906] | Δticks -0.656 | dist 6.210 | ETA 1324.0h
step  20670 | T=4 | loss 7.5329 | lr 3.00e-04 | grad 1.68 | 3.2k tok/s (avg 2.1k) | cert 0.60→0.66 | ticks [4.250 3.609 3.438 3.453] | Δticks -0.797 | dist 4.500 | ETA 1323.8h
step  20680 | T=4 | loss 9.0752 | lr 3.00e-04 | grad 1.45 | 1.8k tok/s (avg 2.1k) | cert 0.43→0.56 | ticks [4.844 4.219 4.094 4.188] | Δticks -0.656 | dist 5.438 | ETA 1323.9h
step  20690 | T=4 | loss 6.1746 | lr 3.00e-04 | grad 1.80 | 1.8k tok/s (avg 2.1k) | cert 0.33→0.56 | ticks [5.188 4.312 4.219 4.250] | Δticks -0.938 | dist 2.254 | ETA 1324.0h
step  20700 | T=4 | loss 9.1927 | lr 3.00e-04 | grad 1.80 | 3.2k tok/s (avg 2.1k) | cert 0.49→0.62 | ticks [5.188 4.656 4.500 4.625] | Δticks -0.562 | dist 5.098 | ETA 1323.8h
step  20710 | T=4 | loss 8.9068 | lr 3.00e-04 | grad 1.53 | 1.8k tok/s (avg 2.1k) | cert 0.38→0.54 | ticks [6.344 5.812 5.656 5.625] | Δticks -0.719 | dist 3.682 | ETA 1323.9h
step  20720 | T=4 | loss 6.2236 | lr 3.00e-04 | grad 1.88 | 1.9k tok/s (avg 2.1k) | cert 0.60→0.67 | ticks [3.375 2.922 3.078 3.156] | Δticks -0.219 | dist 3.556 | ETA 1324.0h
step  20730 | T=4 | loss 9.8803 | lr 3.00e-04 | grad 1.88 | 3.2k tok/s (avg 2.1k) | cert 0.19→0.46 | ticks [8.188 7.156 7.125 7.125] | Δticks -1.062 | dist 3.213 | ETA 1323.8h
step  20740 | T=4 | loss 9.3191 | lr 3.00e-04 | grad 1.76 | 1.8k tok/s (avg 2.1k) | cert 0.28→0.46 | ticks [6.938 6.344 6.344 6.375] | Δticks -0.562 | dist 3.373 | ETA 1323.9h
step  20750 | T=4 | loss 8.7479 | lr 3.00e-04 | grad 1.76 | 3.2k tok/s (avg 2.1k) | cert 0.29→0.51 | ticks [7.125 6.562 6.500 6.406] | Δticks -0.719 | dist 2.719 | ETA 1323.7h
step  20760 | T=4 | loss 11.3909 | lr 3.00e-04 | grad 2.19 | 1.8k tok/s (avg 2.1k) | cert 0.68→0.67 | ticks [4.656 4.500 4.406 4.281] | Δticks -0.375 | dist 7.573 | ETA 1323.8h
step  20770 | T=4 | loss 8.5576 | lr 3.00e-04 | grad 1.86 | 1.8k tok/s (avg 2.1k) | cert 0.25→0.55 | ticks [6.438 5.406 5.219 5.156] | Δticks -1.281 | dist 3.831 | ETA 1323.9h
step  20780 | T=4 | loss 12.1929 | lr 3.00e-04 | grad 1.86 | 3.2k tok/s (avg 2.1k) | cert 0.67→0.68 | ticks [4.594 4.281 4.344 4.281] | Δticks -0.312 | dist 8.479 | ETA 1323.7h
step  20790 | T=4 | loss 7.8850 | lr 3.00e-04 | grad 1.37 | 1.9k tok/s (avg 2.1k) | cert 0.48→0.64 | ticks [4.688 4.125 3.875 3.844] | Δticks -0.844 | dist 4.453 | ETA 1323.8h
step  20800 | T=4 | loss 7.4057 | lr 3.00e-04 | grad 2.00 | 1.8k tok/s (avg 2.1k) | cert 0.58→0.64 | ticks [4.312 3.953 3.938 3.906] | Δticks -0.406 | dist 3.807 | ETA 1323.9h
step  20810 | T=4 | loss 9.7231 | lr 3.00e-04 | grad 2.00 | 3.2k tok/s (avg 2.1k) | cert 0.48→0.59 | ticks [5.438 4.906 4.938 4.906] | Δticks -0.531 | dist 5.311 | ETA 1323.7h
step  20820 | T=4 | loss 9.1118 | lr 3.00e-04 | grad 1.59 | 1.8k tok/s (avg 2.1k) | cert 0.27→0.46 | ticks [7.188 6.469 6.469 6.312] | Δticks -0.875 | dist 3.152 | ETA 1323.8h
step  20830 | T=4 | loss 8.7090 | lr 3.00e-04 | grad 1.59 | 3.2k tok/s (avg 2.1k) | cert 0.38→0.60 | ticks [5.688 5.156 4.875 4.875] | Δticks -0.812 | dist 4.260 | ETA 1323.6h
step  20840 | T=4 | loss 7.2445 | lr 3.00e-04 | grad 1.39 | 1.8k tok/s (avg 2.1k) | cert 0.55→0.66 | ticks [4.375 3.766 3.578 3.766] | Δticks -0.609 | dist 4.079 | ETA 1323.7h
step  20850 | T=4 | loss 7.1669 | lr 3.00e-04 | grad 1.27 | 1.8k tok/s (avg 2.1k) | cert 0.47→0.63 | ticks [5.219 4.438 4.219 4.250] | Δticks -0.969 | dist 3.338 | ETA 1323.8h
step  20860 | T=4 | loss 6.9828 | lr 3.00e-04 | grad 1.27 | 3.2k tok/s (avg 2.1k) | cert 0.44→0.63 | ticks [5.375 4.625 4.438 4.438] | Δticks -0.938 | dist 3.036 | ETA 1323.6h
step  20870 | T=4 | loss 11.3375 | lr 3.00e-04 | grad 1.79 | 1.8k tok/s (avg 2.1k) | cert 0.39→0.55 | ticks [5.688 5.156 5.156 5.062] | Δticks -0.625 | dist 6.743 | ETA 1323.7h
step  20880 | T=4 | loss 7.9724 | lr 3.00e-04 | grad 1.51 | 1.8k tok/s (avg 2.1k) | cert 0.45→0.62 | ticks [4.906 4.406 4.219 4.219] | Δticks -0.688 | dist 4.262 | ETA 1323.8h
step  20890 | T=4 | loss 10.0833 | lr 3.00e-04 | grad 1.51 | 3.2k tok/s (avg 2.1k) | cert 0.50→0.61 | ticks [4.906 4.281 4.156 4.219] | Δticks -0.688 | dist 6.237 | ETA 1323.6h
step  20900 | T=4 | loss 9.2256 | lr 3.00e-04 | grad 1.44 | 1.8k tok/s (avg 2.1k) | cert 0.29→0.51 | ticks [6.969 6.438 6.406 6.375] | Δticks -0.594 | dist 3.341 | ETA 1323.7h
step  20910 | T=4 | loss 9.2728 | lr 3.00e-04 | grad 1.44 | 3.2k tok/s (avg 2.1k) | cert 0.30→0.55 | ticks [6.469 5.844 5.656 5.625] | Δticks -0.844 | dist 4.014 | ETA 1323.5h
step  20920 | T=4 | loss 9.4194 | lr 3.00e-04 | grad 2.09 | 1.8k tok/s (avg 2.1k) | cert 0.31→0.58 | ticks [5.875 4.969 5.000 4.938] | Δticks -0.938 | dist 4.888 | ETA 1323.6h
step  20930 | T=4 | loss 8.7429 | lr 3.00e-04 | grad 1.57 | 1.8k tok/s (avg 2.1k) | cert 0.47→0.60 | ticks [5.250 4.750 4.438 4.531] | Δticks -0.719 | dist 4.695 | ETA 1323.7h
step  20940 | T=4 | loss 8.2104 | lr 3.00e-04 | grad 1.57 | 3.2k tok/s (avg 2.1k) | cert 0.38→0.55 | ticks [5.625 5.219 5.281 5.312] | Δticks -0.312 | dist 3.308 | ETA 1323.5h
step  20950 | T=4 | loss 9.9204 | lr 3.00e-04 | grad 1.92 | 1.9k tok/s (avg 2.1k) | cert 0.50→0.58 | ticks [5.281 4.969 4.906 4.844] | Δticks -0.438 | dist 5.507 | ETA 1323.6h
step  20960 | T=4 | loss 8.4674 | lr 3.00e-04 | grad 1.48 | 1.8k tok/s (avg 2.1k) | cert 0.26→0.54 | ticks [7.281 6.219 6.094 6.125] | Δticks -1.156 | dist 2.830 | ETA 1323.7h
step  20970 | T=4 | loss 7.7904 | lr 3.00e-04 | grad 1.48 | 3.2k tok/s (avg 2.1k) | cert 0.41→0.58 | ticks [5.094 4.594 4.594 4.500] | Δticks -0.594 | dist 3.650 | ETA 1323.5h
step  20980 | T=4 | loss 9.3944 | lr 3.00e-04 | grad 1.32 | 1.9k tok/s (avg 2.1k) | cert 0.57→0.63 | ticks [4.188 3.812 3.703 3.594] | Δticks -0.594 | dist 6.143 | ETA 1323.5h
step  20990 | T=4 | loss 9.0182 | lr 3.00e-04 | grad 1.32 | 3.2k tok/s (avg 2.1k) | cert 0.55→0.66 | ticks [4.406 3.938 3.922 3.750] | Δticks -0.656 | dist 5.639 | ETA 1323.3h
step  21000 | T=4 | loss 9.1044 | lr 3.00e-04 | grad 1.66 | 1.8k tok/s (avg 2.1k) | cert 0.57→0.66 | ticks [4.375 3.672 3.578 3.672] | Δticks -0.703 | dist 5.851 | ETA 1323.4h
[CachedTeacherDataset/eval] 9 shards (of 199 total) under teacher_cache/phase1 | seq_len=512 top_k=128
  >>> val @ step 21000:
  T=4 | CE=4.3486 | PPL=77.37 | top1=23.7% | top5=44.1% | (25600 tok)
step  21010 | T=4 | loss 10.3505 | lr 3.00e-04 | grad 1.55 | 0.8k tok/s (avg 2.1k) | cert 0.49→0.60 | ticks [5.219 4.594 4.406 4.469] | Δticks -0.750 | dist 6.306 | ETA 1324.5h
step  21020 | T=4 | loss 11.6989 | lr 3.00e-04 | grad 1.55 | 3.1k tok/s (avg 2.1k) | cert 0.55→0.59 | ticks [5.312 4.750 4.656 4.469] | Δticks -0.844 | dist 7.436 | ETA 1324.3h
step  21030 | T=4 | loss 7.9400 | lr 3.00e-04 | grad 1.48 | 1.9k tok/s (avg 2.1k) | cert 0.37→0.49 | ticks [5.656 5.000 5.031 5.000] | Δticks -0.656 | dist 3.338 | ETA 1324.4h
step  21040 | T=4 | loss 8.6005 | lr 3.00e-04 | grad 1.47 | 1.8k tok/s (avg 2.1k) | cert 0.34→0.55 | ticks [6.531 6.062 5.875 5.844] | Δticks -0.688 | dist 3.091 | ETA 1324.5h
step  21050 | T=4 | loss 8.1378 | lr 3.00e-04 | grad 1.47 | 3.2k tok/s (avg 2.1k) | cert 0.43→0.63 | ticks [5.125 4.438 4.344 4.312] | Δticks -0.812 | dist 4.237 | ETA 1324.3h
step  21060 | T=4 | loss 11.2345 | lr 3.00e-04 | grad 1.77 | 1.9k tok/s (avg 2.1k) | cert 0.54→0.61 | ticks [5.031 5.125 5.000 4.906] | Δticks -0.125 | dist 6.990 | ETA 1324.4h
step  21070 | T=4 | loss 8.1907 | lr 3.00e-04 | grad 1.77 | 3.2k tok/s (avg 2.1k) | cert 0.54→0.64 | ticks [4.406 4.031 4.031 4.000] | Δticks -0.406 | dist 4.707 | ETA 1324.2h
step  21080 | T=4 | loss 8.3793 | lr 3.00e-04 | grad 1.39 | 1.8k tok/s (avg 2.1k) | cert 0.45→0.63 | ticks [4.594 3.812 3.719 3.797] | Δticks -0.797 | dist 5.034 | ETA 1324.3h
step  21090 | T=4 | loss 10.8713 | lr 3.00e-04 | grad 1.52 | 1.8k tok/s (avg 2.1k) | cert 0.31→0.52 | ticks [6.969 6.312 6.219 6.219] | Δticks -0.750 | dist 5.122 | ETA 1324.4h
step  21100 | T=4 | loss 9.2646 | lr 3.00e-04 | grad 1.52 | 3.2k tok/s (avg 2.1k) | cert 0.59→0.66 | ticks [4.375 3.938 3.781 3.688] | Δticks -0.688 | dist 5.956 | ETA 1324.2h
step  21110 | T=4 | loss 9.0859 | lr 3.00e-04 | grad 1.46 | 1.8k tok/s (avg 2.1k) | cert 0.64→0.64 | ticks [3.938 3.672 3.703 3.625] | Δticks -0.312 | dist 6.002 | ETA 1324.3h
step  21120 | T=4 | loss 8.3435 | lr 3.00e-04 | grad 2.69 | 1.8k tok/s (avg 2.1k) | cert 0.40→0.56 | ticks [5.500 5.000 5.094 4.875] | Δticks -0.625 | dist 3.923 | ETA 1324.4h
step  21130 | T=4 | loss 7.8442 | lr 3.00e-04 | grad 2.69 | 3.2k tok/s (avg 2.1k) | cert 0.46→0.60 | ticks [5.500 4.750 4.531 4.500] | Δticks -1.000 | dist 3.746 | ETA 1324.2h
step  21140 | T=4 | loss 7.4745 | lr 3.00e-04 | grad 1.98 | 1.8k tok/s (avg 2.1k) | cert 0.31→0.55 | ticks [5.594 4.531 4.406 4.312] | Δticks -1.281 | dist 3.461 | ETA 1324.3h
step  21150 | T=4 | loss 9.1903 | lr 3.00e-04 | grad 1.98 | 3.2k tok/s (avg 2.1k) | cert 0.23→0.51 | ticks [6.688 5.969 5.812 5.844] | Δticks -0.844 | dist 3.828 | ETA 1324.1h
step  21160 | T=4 | loss 9.1584 | lr 3.00e-04 | grad 1.39 | 1.8k tok/s (avg 2.1k) | cert 0.46→0.57 | ticks [4.688 3.953 3.938 3.844] | Δticks -0.844 | dist 5.687 | ETA 1324.2h
step  21170 | T=4 | loss 9.4497 | lr 3.00e-04 | grad 1.72 | 1.8k tok/s (avg 2.1k) | cert 0.54→0.64 | ticks [4.312 3.875 3.875 3.859] | Δticks -0.453 | dist 6.078 | ETA 1324.3h
step  21180 | T=4 | loss 6.9601 | lr 3.00e-04 | grad 1.72 | 3.2k tok/s (avg 2.1k) | cert 0.44→0.61 | ticks [4.750 4.344 4.312 4.375] | Δticks -0.375 | dist 3.142 | ETA 1324.1h
step  21190 | T=4 | loss 10.5384 | lr 3.00e-04 | grad 1.65 | 1.9k tok/s (avg 2.1k) | cert 0.50→0.62 | ticks [4.531 4.281 4.250 4.094] | Δticks -0.438 | dist 6.823 | ETA 1324.2h
step  21200 | T=4 | loss 11.7697 | lr 3.00e-04 | grad 1.50 | 1.8k tok/s (avg 2.1k) | cert 0.54→0.62 | ticks [4.250 3.984 3.828 3.828] | Δticks -0.422 | dist 8.373 | ETA 1324.3h
step  21210 | T=4 | loss 7.1077 | lr 3.00e-04 | grad 1.50 | 3.2k tok/s (avg 2.1k) | cert 0.43→0.61 | ticks [5.094 4.469 4.312 4.219] | Δticks -0.875 | dist 3.270 | ETA 1324.1h
step  21220 | T=4 | loss 8.0048 | lr 3.00e-04 | grad 1.34 | 1.8k tok/s (avg 2.1k) | cert 0.39→0.54 | ticks [6.031 5.219 5.125 5.219] | Δticks -0.812 | dist 3.201 | ETA 1324.2h
step  21230 | T=4 | loss 6.4203 | lr 3.00e-04 | grad 1.34 | 3.2k tok/s (avg 2.1k) | cert 0.42→0.63 | ticks [4.781 4.406 4.156 4.094] | Δticks -0.688 | dist 2.748 | ETA 1324.0h
step  21240 | T=4 | loss 8.7826 | lr 3.00e-04 | grad 1.58 | 1.8k tok/s (avg 2.1k) | cert 0.53→0.63 | ticks [4.906 4.281 4.156 4.125] | Δticks -0.781 | dist 5.059 | ETA 1324.1h
step  21250 | T=4 | loss 9.7290 | lr 3.00e-04 | grad 1.52 | 1.8k tok/s (avg 2.1k) | cert 0.25→0.41 | ticks [8.250 7.344 7.219 7.312] | Δticks -0.938 | dist 2.786 | ETA 1324.2h
step  21260 | T=4 | loss 8.3433 | lr 3.00e-04 | grad 1.52 | 3.2k tok/s (avg 2.1k) | cert 0.42→0.60 | ticks [4.656 4.188 3.891 3.969] | Δticks -0.688 | dist 4.814 | ETA 1324.0h
step  21270 | T=4 | loss 8.3117 | lr 3.00e-04 | grad 1.65 | 1.8k tok/s (avg 2.1k) | cert 0.37→0.54 | ticks [5.938 5.500 5.281 5.156] | Δticks -0.781 | dist 3.492 | ETA 1324.1h
step  21280 | T=4 | loss 9.1286 | lr 3.00e-04 | grad 2.50 | 1.8k tok/s (avg 2.1k) | cert 0.57→0.62 | ticks [3.844 3.734 3.641 3.516] | Δticks -0.328 | dist 6.096 | ETA 1324.2h
step  21290 | T=4 | loss 10.6586 | lr 3.00e-04 | grad 2.50 | 3.2k tok/s (avg 2.1k) | cert 0.50→0.57 | ticks [5.500 4.906 4.875 5.031] | Δticks -0.469 | dist 6.072 | ETA 1323.9h
step  21300 | T=4 | loss 9.1775 | lr 3.00e-04 | grad 2.92 | 1.8k tok/s (avg 2.1k) | cert 0.27→0.53 | ticks [7.094 6.562 6.500 6.625] | Δticks -0.469 | dist 3.183 | ETA 1324.0h
step  21310 | T=4 | loss 9.4628 | lr 3.00e-04 | grad 2.92 | 3.2k tok/s (avg 2.1k) | cert 0.43→0.55 | ticks [5.781 5.031 4.969 5.062] | Δticks -0.719 | dist 4.895 | ETA 1323.8h
step  21320 | T=4 | loss 11.0866 | lr 3.00e-04 | grad 2.31 | 1.8k tok/s (avg 2.1k) | cert 0.34→0.55 | ticks [6.094 5.312 5.281 5.219] | Δticks -0.875 | dist 6.430 | ETA 1323.9h
step  21330 | T=4 | loss 7.1331 | lr 3.00e-04 | grad 1.55 | 1.8k tok/s (avg 2.1k) | cert 0.49→0.66 | ticks [4.219 3.562 3.406 3.438] | Δticks -0.781 | dist 4.228 | ETA 1324.0h
step  21340 | T=4 | loss 8.0954 | lr 3.00e-04 | grad 1.55 | 3.2k tok/s (avg 2.1k) | cert 0.21→0.49 | ticks [6.250 5.250 5.312 5.312] | Δticks -0.938 | dist 3.270 | ETA 1323.8h
step  21350 | T=4 | loss 8.2344 | lr 3.00e-04 | grad 1.85 | 1.8k tok/s (avg 2.1k) | cert 0.55→0.65 | ticks [4.406 3.781 3.500 3.625] | Δticks -0.781 | dist 5.116 | ETA 1323.9h
step  21360 | T=4 | loss 12.7168 | lr 3.00e-04 | grad 1.34 | 1.8k tok/s (avg 2.1k) | cert 0.24→0.47 | ticks [8.188 7.438 7.344 7.312] | Δticks -0.875 | dist 5.774 | ETA 1324.0h
step  21370 | T=4 | loss 6.0439 | lr 3.00e-04 | grad 1.34 | 3.2k tok/s (avg 2.1k) | cert 0.68→0.68 | ticks [3.547 3.484 3.453 3.328] | Δticks -0.219 | dist 3.095 | ETA 1323.8h
step  21380 | T=4 | loss 10.6643 | lr 3.00e-04 | grad 1.99 | 1.8k tok/s (avg 2.1k) | cert 0.21→0.43 | ticks [7.969 7.312 7.094 7.000] | Δticks -0.969 | dist 3.996 | ETA 1323.9h
step  21390 | T=4 | loss 6.0489 | lr 3.00e-04 | grad 1.99 | 3.2k tok/s (avg 2.1k) | cert 0.35→0.65 | ticks [5.031 3.906 3.922 3.875] | Δticks -1.156 | dist 2.527 | ETA 1323.7h
step  21400 | T=4 | loss 8.0833 | lr 3.00e-04 | grad 1.52 | 1.8k tok/s (avg 2.1k) | cert 0.49→0.60 | ticks [4.875 4.438 4.406 4.344] | Δticks -0.531 | dist 4.164 | ETA 1323.8h
step  21410 | T=4 | loss 7.9979 | lr 3.00e-04 | grad 1.30 | 1.8k tok/s (avg 2.1k) | cert 0.27→0.52 | ticks [5.812 4.656 4.719 4.625] | Δticks -1.188 | dist 3.682 | ETA 1323.9h
step  21420 | T=4 | loss 9.6637 | lr 3.00e-04 | grad 1.30 | 3.1k tok/s (avg 2.1k) | cert 0.55→0.63 | ticks [4.312 3.797 3.891 3.734] | Δticks -0.578 | dist 6.286 | ETA 1323.7h
step  21430 | T=4 | loss 10.5815 | lr 3.00e-04 | grad 1.73 | 1.9k tok/s (avg 2.1k) | cert 0.71→0.68 | ticks [4.125 3.734 3.766 3.922] | Δticks -0.203 | dist 7.376 | ETA 1323.8h
step  21440 | T=4 | loss 6.8410 | lr 3.00e-04 | grad 1.49 | 1.8k tok/s (avg 2.1k) | cert 0.62→0.70 | ticks [3.688 3.156 2.938 3.094] | Δticks -0.594 | dist 4.126 | ETA 1323.9h
step  21450 | T=4 | loss 7.1384 | lr 3.00e-04 | grad 1.49 | 3.2k tok/s (avg 2.1k) | cert 0.26→0.53 | ticks [6.219 5.562 5.438 5.438] | Δticks -0.781 | dist 2.169 | ETA 1323.7h
step  21460 | T=4 | loss 7.4686 | lr 3.00e-04 | grad 2.33 | 1.8k tok/s (avg 2.1k) | cert 0.33→0.55 | ticks [6.031 5.625 5.375 5.281] | Δticks -0.750 | dist 2.530 | ETA 1323.8h
step  21470 | T=4 | loss 9.3494 | lr 3.00e-04 | grad 2.33 | 3.2k tok/s (avg 2.1k) | cert 0.66→0.67 | ticks [4.031 3.656 3.578 3.562] | Δticks -0.469 | dist 6.203 | ETA 1323.6h
step  21480 | T=4 | loss 9.9571 | lr 3.00e-04 | grad 1.72 | 1.9k tok/s (avg 2.1k) | cert 0.61→0.65 | ticks [4.312 4.188 3.953 3.922] | Δticks -0.391 | dist 6.528 | ETA 1323.7h
step  21490 | T=4 | loss 10.6613 | lr 3.00e-04 | grad 1.43 | 1.8k tok/s (avg 2.1k) | cert 0.41→0.58 | ticks [5.594 4.906 4.906 4.812] | Δticks -0.781 | dist 6.242 | ETA 1323.8h
step  21500 | T=4 | loss 6.8500 | lr 3.00e-04 | grad 1.43 | 3.2k tok/s (avg 2.1k) | cert 0.46→0.63 | ticks [4.625 4.031 3.797 3.844] | Δticks -0.781 | dist 3.440 | ETA 1323.6h
step  21510 | T=4 | loss 10.5758 | lr 3.00e-04 | grad 1.48 | 1.8k tok/s (avg 2.1k) | cert 0.33→0.54 | ticks [6.562 5.875 5.906 5.750] | Δticks -0.812 | dist 5.164 | ETA 1323.7h
step  21520 | T=4 | loss 8.7157 | lr 3.00e-04 | grad 1.63 | 1.8k tok/s (avg 2.1k) | cert 0.51→0.60 | ticks [5.062 4.438 4.344 4.312] | Δticks -0.750 | dist 4.657 | ETA 1323.8h
step  21530 | T=4 | loss 7.3935 | lr 3.00e-04 | grad 1.63 | 3.2k tok/s (avg 2.1k) | cert 0.36→0.61 | ticks [5.656 4.875 4.594 4.594] | Δticks -1.062 | dist 3.166 | ETA 1323.6h
step  21540 | T=4 | loss 13.0919 | lr 3.00e-04 | grad 1.58 | 1.8k tok/s (avg 2.1k) | cert 0.43→0.55 | ticks [5.531 5.156 5.062 5.094] | Δticks -0.438 | dist 8.356 | ETA 1323.7h
step  21550 | T=4 | loss 7.5445 | lr 3.00e-04 | grad 1.58 | 3.2k tok/s (avg 2.1k) | cert 0.54→0.62 | ticks [4.344 4.281 3.938 3.953] | Δticks -0.391 | dist 4.168 | ETA 1323.5h
step  21560 | T=4 | loss 10.7166 | lr 3.00e-04 | grad 1.61 | 1.8k tok/s (avg 2.1k) | cert 0.36→0.53 | ticks [5.938 5.312 5.281 5.281] | Δticks -0.656 | dist 5.964 | ETA 1323.6h
step  21570 | T=4 | loss 9.7192 | lr 3.00e-04 | grad 1.47 | 1.8k tok/s (avg 2.1k) | cert 0.56→0.64 | ticks [4.250 3.844 3.750 3.750] | Δticks -0.500 | dist 6.453 | ETA 1323.7h
step  21580 | T=4 | loss 9.7424 | lr 3.00e-04 | grad 1.47 | 3.2k tok/s (avg 2.1k) | cert 0.40→0.55 | ticks [5.938 5.375 5.344 5.188] | Δticks -0.750 | dist 4.923 | ETA 1323.5h
step  21590 | T=4 | loss 9.8707 | lr 3.00e-04 | grad 1.55 | 1.8k tok/s (avg 2.1k) | cert 0.38→0.56 | ticks [5.844 5.406 5.219 5.188] | Δticks -0.656 | dist 5.115 | ETA 1323.6h
step  21600 | T=4 | loss 7.5665 | lr 3.00e-04 | grad 1.77 | 1.9k tok/s (avg 2.1k) | cert 0.55→0.66 | ticks [4.312 3.891 3.766 3.750] | Δticks -0.562 | dist 4.233 | ETA 1323.7h
step  21610 | T=4 | loss 9.9981 | lr 3.00e-04 | grad 1.77 | 3.2k tok/s (avg 2.1k) | cert 0.49→0.62 | ticks [5.188 4.562 4.531 4.438] | Δticks -0.750 | dist 5.923 | ETA 1323.5h
step  21620 | T=4 | loss 9.4369 | lr 3.00e-04 | grad 1.59 | 1.8k tok/s (avg 2.1k) | cert 0.57→0.59 | ticks [4.844 4.469 4.531 4.438] | Δticks -0.406 | dist 5.410 | ETA 1323.6h
step  21630 | T=4 | loss 7.9705 | lr 3.00e-04 | grad 1.59 | 3.1k tok/s (avg 2.1k) | cert 0.40→0.61 | ticks [5.312 4.562 4.469 4.375] | Δticks -0.938 | dist 3.957 | ETA 1323.4h
step  21640 | T=4 | loss 4.0037 | lr 3.00e-04 | grad 1.59 | 1.8k tok/s (avg 2.1k) | cert 0.45→0.73 | ticks [3.625 2.266 2.188 2.188] | Δticks -1.438 | dist 2.180 | ETA 1323.5h
step  21650 | T=4 | loss 9.6230 | lr 3.00e-04 | grad 1.67 | 1.8k tok/s (avg 2.1k) | cert 0.49→0.57 | ticks [5.469 4.875 4.938 4.938] | Δticks -0.531 | dist 5.068 | ETA 1323.6h
step  21660 | T=4 | loss 7.5661 | lr 3.00e-04 | grad 1.67 | 3.2k tok/s (avg 2.1k) | cert 0.59→0.65 | ticks [4.625 4.125 4.156 4.062] | Δticks -0.562 | dist 3.908 | ETA 1323.4h
step  21670 | T=4 | loss 8.5859 | lr 3.00e-04 | grad 1.62 | 1.9k tok/s (avg 2.1k) | cert 0.58→0.65 | ticks [4.000 3.734 3.484 3.422] | Δticks -0.578 | dist 5.533 | ETA 1323.5h
step  21680 | T=4 | loss 8.3057 | lr 3.00e-04 | grad 1.68 | 1.8k tok/s (avg 2.1k) | cert 0.53→0.66 | ticks [4.188 3.688 3.453 3.406] | Δticks -0.781 | dist 5.297 | ETA 1323.6h
step  21690 | T=4 | loss 8.4088 | lr 3.00e-04 | grad 1.68 | 3.2k tok/s (avg 2.1k) | cert 0.58→0.66 | ticks [4.250 3.750 3.672 3.562] | Δticks -0.688 | dist 5.212 | ETA 1323.4h
step  21700 | T=4 | loss 7.1694 | lr 3.00e-04 | grad 1.66 | 1.8k tok/s (avg 2.1k) | cert 0.40→0.59 | ticks [5.125 4.469 4.312 4.250] | Δticks -0.875 | dist 3.357 | ETA 1323.5h
step  21710 | T=4 | loss 5.5083 | lr 3.00e-04 | grad 1.66 | 3.2k tok/s (avg 2.1k) | cert 0.35→0.62 | ticks [5.156 3.953 3.828 3.734] | Δticks -1.422 | dist 2.090 | ETA 1323.3h
step  21720 | T=4 | loss 8.9563 | lr 3.00e-04 | grad 1.90 | 1.8k tok/s (avg 2.1k) | cert 0.43→0.57 | ticks [5.312 4.719 4.719 4.719] | Δticks -0.594 | dist 4.677 | ETA 1323.4h
step  21730 | T=4 | loss 8.5072 | lr 3.00e-04 | grad 1.78 | 1.9k tok/s (avg 2.1k) | cert 0.53→0.66 | ticks [4.562 4.031 3.703 3.812] | Δticks -0.750 | dist 5.144 | ETA 1323.5h
step  21740 | T=4 | loss 8.2076 | lr 3.00e-04 | grad 1.78 | 3.2k tok/s (avg 2.1k) | cert 0.40→0.56 | ticks [6.062 5.344 5.406 5.312] | Δticks -0.750 | dist 3.411 | ETA 1323.3h
step  21750 | T=4 | loss 7.8885 | lr 3.00e-04 | grad 1.37 | 1.8k tok/s (avg 2.1k) | cert 0.45→0.65 | ticks [4.531 3.688 3.609 3.625] | Δticks -0.906 | dist 4.731 | ETA 1323.4h
step  21760 | T=4 | loss 7.6844 | lr 3.00e-04 | grad 1.49 | 1.8k tok/s (avg 2.1k) | cert 0.36→0.60 | ticks [5.562 4.938 4.812 4.812] | Δticks -0.750 | dist 3.293 | ETA 1323.5h
step  21770 | T=4 | loss 7.4102 | lr 3.00e-04 | grad 1.49 | 3.2k tok/s (avg 2.1k) | cert 0.48→0.64 | ticks [4.656 4.125 3.703 3.781] | Δticks -0.875 | dist 4.035 | ETA 1323.3h
step  21780 | T=4 | loss 7.5958 | lr 3.00e-04 | grad 1.54 | 1.9k tok/s (avg 2.1k) | cert 0.47→0.64 | ticks [4.562 3.891 3.562 3.609] | Δticks -0.953 | dist 4.435 | ETA 1323.4h
step  21790 | T=4 | loss 8.4869 | lr 3.00e-04 | grad 1.54 | 3.2k tok/s (avg 2.1k) | cert 0.53→0.64 | ticks [4.562 3.984 4.031 4.094] | Δticks -0.469 | dist 4.882 | ETA 1323.2h
step  21800 | T=4 | loss 6.3868 | lr 3.00e-04 | grad 1.68 | 1.8k tok/s (avg 2.1k) | cert 0.46→0.65 | ticks [4.781 4.188 4.031 3.891] | Δticks -0.891 | dist 2.877 | ETA 1323.3h
step  21810 | T=4 | loss 9.2155 | lr 3.00e-04 | grad 1.87 | 1.8k tok/s (avg 2.1k) | cert 0.31→0.49 | ticks [6.875 6.219 6.188 6.156] | Δticks -0.719 | dist 3.589 | ETA 1323.4h
step  21820 | T=4 | loss 6.9938 | lr 3.00e-04 | grad 1.87 | 3.2k tok/s (avg 2.1k) | cert 0.38→0.59 | ticks [5.281 4.562 4.406 4.344] | Δticks -0.938 | dist 3.021 | ETA 1323.2h
step  21830 | T=4 | loss 9.1990 | lr 3.00e-04 | grad 1.43 | 1.8k tok/s (avg 2.1k) | cert 0.51→0.62 | ticks [5.000 4.406 4.281 4.219] | Δticks -0.781 | dist 5.410 | ETA 1323.3h
step  21840 | T=4 | loss 10.7354 | lr 3.00e-04 | grad 1.95 | 1.8k tok/s (avg 2.1k) | cert 0.43→0.57 | ticks [5.031 4.531 4.375 4.344] | Δticks -0.688 | dist 6.817 | ETA 1323.4h
step  21850 | T=4 | loss 8.1637 | lr 3.00e-04 | grad 1.95 | 3.2k tok/s (avg 2.1k) | cert 0.55→0.67 | ticks [4.344 4.031 3.672 3.672] | Δticks -0.672 | dist 4.911 | ETA 1323.2h
step  21860 | T=4 | loss 7.7559 | lr 3.00e-04 | grad 2.39 | 1.8k tok/s (avg 2.1k) | cert 0.61→0.66 | ticks [4.312 3.859 3.609 3.672] | Δticks -0.641 | dist 4.529 | ETA 1323.3h
step  21870 | T=4 | loss 9.6522 | lr 3.00e-04 | grad 2.39 | 3.2k tok/s (avg 2.1k) | cert 0.37→0.54 | ticks [5.500 5.094 5.000 4.969] | Δticks -0.531 | dist 5.118 | ETA 1323.1h
step  21880 | T=4 | loss 9.3814 | lr 3.00e-04 | grad 1.28 | 1.8k tok/s (avg 2.1k) | cert 0.51→0.61 | ticks [4.969 4.531 4.344 4.438] | Δticks -0.531 | dist 5.523 | ETA 1323.2h
step  21890 | T=4 | loss 7.4087 | lr 3.00e-04 | grad 1.59 | 1.8k tok/s (avg 2.1k) | cert 0.48→0.58 | ticks [4.938 4.250 4.344 4.344] | Δticks -0.594 | dist 3.539 | ETA 1323.3h
step  21900 | T=4 | loss 6.6338 | lr 3.00e-04 | grad 1.59 | 3.2k tok/s (avg 2.1k) | cert 0.31→0.64 | ticks [4.812 3.609 3.484 3.562] | Δticks -1.250 | dist 3.435 | ETA 1323.1h
step  21910 | T=4 | loss 5.5163 | lr 3.00e-04 | grad 1.45 | 1.8k tok/s (avg 2.1k) | cert 0.31→0.66 | ticks [5.062 3.656 3.609 3.594] | Δticks -1.469 | dist 2.323 | ETA 1323.2h
step  21920 | T=4 | loss 8.9159 | lr 3.00e-04 | grad 1.38 | 1.9k tok/s (avg 2.1k) | cert 0.43→0.62 | ticks [4.594 3.859 3.891 3.859] | Δticks -0.734 | dist 5.512 | ETA 1323.3h
step  21930 | T=4 | loss 7.9876 | lr 3.00e-04 | grad 1.38 | 3.2k tok/s (avg 2.1k) | cert 0.25→0.55 | ticks [6.469 5.219 5.125 5.156] | Δticks -1.312 | dist 3.212 | ETA 1323.1h
step  21940 | T=4 | loss 8.5992 | lr 3.00e-04 | grad 1.41 | 1.8k tok/s (avg 2.1k) | cert 0.55→0.63 | ticks [4.156 3.891 3.719 3.719] | Δticks -0.438 | dist 5.190 | ETA 1323.2h
step  21950 | T=4 | loss 10.0694 | lr 3.00e-04 | grad 1.41 | 3.2k tok/s (avg 2.1k) | cert 0.26→0.46 | ticks [7.719 6.594 6.656 6.688] | Δticks -1.031 | dist 3.871 | ETA 1323.0h
step  21960 | T=4 | loss 8.1037 | lr 3.00e-04 | grad 1.39 | 1.8k tok/s (avg 2.1k) | cert 0.33→0.54 | ticks [6.438 5.656 5.531 5.594] | Δticks -0.844 | dist 2.902 | ETA 1323.1h
step  21970 | T=4 | loss 9.2580 | lr 3.00e-04 | grad 1.42 | 1.8k tok/s (avg 2.1k) | cert 0.50→0.59 | ticks [5.469 5.094 5.031 4.938] | Δticks -0.531 | dist 4.792 | ETA 1323.2h
step  21980 | T=4 | loss 7.8842 | lr 3.00e-04 | grad 1.42 | 3.2k tok/s (avg 2.1k) | cert 0.28→0.57 | ticks [6.281 5.281 5.188 5.125] | Δticks -1.156 | dist 3.152 | ETA 1323.0h
step  21990 | T=4 | loss 10.7702 | lr 3.00e-04 | grad 1.61 | 1.8k tok/s (avg 2.1k) | cert 0.23→0.43 | ticks [6.781 6.250 6.250 6.344] | Δticks -0.438 | dist 4.940 | ETA 1323.1h
step  22000 | T=4 | loss 8.8977 | lr 3.00e-04 | grad 1.62 | 1.8k tok/s (avg 2.1k) | cert 0.49→0.60 | ticks [4.938 4.281 4.188 4.156] | Δticks -0.781 | dist 5.181 | ETA 1323.2h
[CachedTeacherDataset/eval] 9 shards (of 199 total) under teacher_cache/phase1 | seq_len=512 top_k=128
  >>> val @ step 22000:
  T=4 | CE=4.4145 | PPL=82.64 | top1=21.2% | top5=42.3% | (25600 tok)
step  22010 | T=4 | loss 8.6687 | lr 3.00e-04 | grad 1.62 | 0.9k tok/s (avg 2.1k) | cert 0.50→0.63 | ticks [4.094 3.719 3.516 3.578] | Δticks -0.516 | dist 5.542 | ETA 1324.0h
step  22020 | T=4 | loss 7.9752 | lr 3.00e-04 | grad 1.62 | 2.1k tok/s (avg 2.1k) | cert 0.39→0.62 | ticks [5.031 4.281 4.219 4.125] | Δticks -0.906 | dist 4.253 | ETA 1324.0h
step  22030 | T=4 | loss 8.4952 | lr 3.00e-04 | grad 1.62 | 3.1k tok/s (avg 2.1k) | cert 0.51→0.64 | ticks [4.531 4.219 3.828 3.891] | Δticks -0.641 | dist 5.076 | ETA 1323.8h
step  22040 | T=4 | loss 10.0217 | lr 3.00e-04 | grad 1.58 | 1.9k tok/s (avg 2.1k) | cert 0.21→0.42 | ticks [8.000 7.375 7.438 7.344] | Δticks -0.656 | dist 3.061 | ETA 1323.9h
step  22050 | T=4 | loss 10.0162 | lr 3.00e-04 | grad 1.45 | 1.9k tok/s (avg 2.1k) | cert 0.54→0.63 | ticks [4.219 3.875 3.875 3.734] | Δticks -0.484 | dist 6.707 | ETA 1324.0h
step  22060 | T=4 | loss 8.9930 | lr 3.00e-04 | grad 1.45 | 3.2k tok/s (avg 2.1k) | cert 0.41→0.58 | ticks [6.062 5.438 5.312 5.281] | Δticks -0.781 | dist 4.180 | ETA 1323.8h
step  22070 | T=4 | loss 8.4536 | lr 3.00e-04 | grad 1.73 | 1.9k tok/s (avg 2.1k) | cert 0.53→0.64 | ticks [4.250 3.906 3.656 3.562] | Δticks -0.688 | dist 5.314 | ETA 1323.9h
step  22080 | T=4 | loss 8.7063 | lr 3.00e-04 | grad 1.53 | 1.8k tok/s (avg 2.1k) | cert 0.23→0.50 | ticks [6.812 5.875 5.594 5.594] | Δticks -1.219 | dist 3.550 | ETA 1324.0h
step  22090 | T=4 | loss 11.8986 | lr 3.00e-04 | grad 1.53 | 3.2k tok/s (avg 2.1k) | cert 0.33→0.55 | ticks [5.906 5.281 5.125 5.188] | Δticks -0.719 | dist 7.179 | ETA 1323.8h
step  22100 | T=4 | loss 9.5648 | lr 3.00e-04 | grad 1.39 | 1.8k tok/s (avg 2.1k) | cert 0.54→0.64 | ticks [4.719 4.188 4.094 4.094] | Δticks -0.625 | dist 5.913 | ETA 1323.9h
step  22110 | T=4 | loss 12.0669 | lr 3.00e-04 | grad 1.39 | 3.2k tok/s (avg 2.1k) | cert 0.55→0.57 | ticks [5.344 4.875 4.906 4.812] | Δticks -0.531 | dist 7.745 | ETA 1323.7h
step  22120 | T=4 | loss 7.4093 | lr 3.00e-04 | grad 1.71 | 1.8k tok/s (avg 2.1k) | cert 0.39→0.56 | ticks [5.281 4.875 4.750 4.625] | Δticks -0.656 | dist 3.121 | ETA 1323.8h
step  22130 | T=4 | loss 11.3681 | lr 3.00e-04 | grad 1.57 | 1.8k tok/s (avg 2.1k) | cert 0.62→0.66 | ticks [4.094 3.641 3.656 3.656] | Δticks -0.438 | dist 8.194 | ETA 1323.9h
step  22140 | T=4 | loss 6.8484 | lr 3.00e-04 | grad 1.57 | 3.2k tok/s (avg 2.1k) | cert 0.50→0.66 | ticks [4.875 4.281 4.156 3.922] | Δticks -0.953 | dist 3.292 | ETA 1323.7h
step  22150 | T=4 | loss 6.6410 | lr 3.00e-04 | grad 1.53 | 1.8k tok/s (avg 2.1k) | cert 0.53→0.65 | ticks [4.344 4.031 3.750 3.594] | Δticks -0.750 | dist 3.427 | ETA 1323.8h
step  22160 | T=4 | loss 9.5787 | lr 3.00e-04 | grad 1.38 | 1.8k tok/s (avg 2.1k) | cert 0.48→0.64 | ticks [4.625 4.094 3.906 3.859] | Δticks -0.766 | dist 6.135 | ETA 1323.9h
step  22170 | T=4 | loss 12.6357 | lr 3.00e-04 | grad 1.38 | 3.2k tok/s (avg 2.1k) | cert 0.40→0.57 | ticks [5.438 4.938 4.812 4.656] | Δticks -0.781 | dist 8.343 | ETA 1323.7h
step  22180 | T=4 | loss 8.7129 | lr 3.00e-04 | grad 1.77 | 1.9k tok/s (avg 2.1k) | cert 0.35→0.54 | ticks [6.000 5.250 5.188 5.219] | Δticks -0.781 | dist 3.952 | ETA 1323.8h
step  22190 | T=4 | loss 8.4716 | lr 3.00e-04 | grad 1.77 | 3.2k tok/s (avg 2.1k) | cert 0.49→0.64 | ticks [4.812 4.281 4.219 4.219] | Δticks -0.594 | dist 4.762 | ETA 1323.6h
step  22200 | T=4 | loss 6.5362 | lr 3.00e-04 | grad 1.47 | 1.8k tok/s (avg 2.1k) | cert 0.45→0.58 | ticks [5.156 4.562 4.500 4.438] | Δticks -0.719 | dist 2.404 | ETA 1323.7h
step  22210 | T=4 | loss 9.6310 | lr 3.00e-04 | grad 1.46 | 1.8k tok/s (avg 2.1k) | cert 0.34→0.55 | ticks [6.438 5.688 5.469 5.562] | Δticks -0.875 | dist 4.478 | ETA 1323.8h
step  22220 | T=4 | loss 9.2117 | lr 3.00e-04 | grad 1.46 | 3.2k tok/s (avg 2.1k) | cert 0.31→0.54 | ticks [6.438 5.562 5.438 5.406] | Δticks -1.031 | dist 4.143 | ETA 1323.6h
step  22230 | T=4 | loss 7.0994 | lr 3.00e-04 | grad 1.72 | 1.8k tok/s (avg 2.1k) | cert 0.41→0.64 | ticks [4.781 4.188 4.000 3.922] | Δticks -0.859 | dist 3.609 | ETA 1323.7h
step  22240 | T=4 | loss 7.1005 | lr 3.00e-04 | grad 1.52 | 1.8k tok/s (avg 2.1k) | cert 0.40→0.58 | ticks [4.750 4.125 4.094 4.031] | Δticks -0.719 | dist 3.490 | ETA 1323.8h
step  22250 | T=4 | loss 6.6162 | lr 3.00e-04 | grad 1.52 | 3.2k tok/s (avg 2.1k) | cert 0.33→0.61 | ticks [5.125 4.438 4.250 4.031] | Δticks -1.094 | dist 2.909 | ETA 1323.6h
step  22260 | T=4 | loss 9.2370 | lr 3.00e-04 | grad 1.52 | 1.8k tok/s (avg 2.1k) | cert 0.27→0.52 | ticks [6.312 5.844 5.844 5.719] | Δticks -0.594 | dist 3.983 | ETA 1323.7h
step  22270 | T=4 | loss 7.4507 | lr 3.00e-04 | grad 1.52 | 3.2k tok/s (avg 2.1k) | cert 0.44→0.63 | ticks [4.969 4.281 4.219 3.969] | Δticks -1.000 | dist 3.810 | ETA 1323.5h
step  22280 | T=4 | loss 13.8456 | lr 3.00e-04 | grad 1.38 | 1.8k tok/s (avg 2.1k) | cert 0.53→0.59 | ticks [4.188 3.656 3.656 3.578] | Δticks -0.609 | dist 10.628 | ETA 1323.6h
step  22290 | T=4 | loss 7.6875 | lr 3.00e-04 | grad 1.67 | 1.8k tok/s (avg 2.1k) | cert 0.28→0.52 | ticks [6.688 5.781 5.625 5.656] | Δticks -1.031 | dist 2.455 | ETA 1323.7h
step  22300 | T=4 | loss 8.6319 | lr 3.00e-04 | grad 1.67 | 3.2k tok/s (avg 2.1k) | cert 0.54→0.64 | ticks [4.062 3.688 3.516 3.594] | Δticks -0.469 | dist 5.519 | ETA 1323.5h
step  22310 | T=4 | loss 7.6238 | lr 3.00e-04 | grad 1.59 | 1.8k tok/s (avg 2.1k) | cert 0.33→0.55 | ticks [5.938 5.219 5.094 4.969] | Δticks -0.969 | dist 3.053 | ETA 1323.6h
step  22320 | T=4 | loss 9.0533 | lr 3.00e-04 | grad 1.57 | 1.8k tok/s (avg 2.1k) | cert 0.34→0.54 | ticks [5.562 5.031 4.969 4.906] | Δticks -0.656 | dist 4.604 | ETA 1323.7h
step  22330 | T=4 | loss 6.4412 | lr 3.00e-04 | grad 1.57 | 3.2k tok/s (avg 2.1k) | cert 0.55→0.66 | ticks [3.766 3.500 3.094 3.219] | Δticks -0.547 | dist 3.702 | ETA 1323.5h
step  22340 | T=4 | loss 9.0602 | lr 3.00e-04 | grad 1.27 | 1.8k tok/s (avg 2.1k) | cert 0.50→0.63 | ticks [4.469 4.000 3.875 3.859] | Δticks -0.609 | dist 5.586 | ETA 1323.6h
step  22350 | T=4 | loss 7.6480 | lr 3.00e-04 | grad 1.27 | 3.2k tok/s (avg 2.1k) | cert 0.57→0.68 | ticks [3.953 3.609 3.297 3.141] | Δticks -0.812 | dist 4.876 | ETA 1323.4h
step  22360 | T=4 | loss 6.5491 | lr 3.00e-04 | grad 1.62 | 1.8k tok/s (avg 2.1k) | cert 0.50→0.66 | ticks [3.844 3.469 3.000 3.031] | Δticks -0.812 | dist 3.953 | ETA 1323.5h
step  22370 | T=4 | loss 6.1455 | lr 3.00e-04 | grad 1.43 | 1.8k tok/s (avg 2.1k) | cert 0.49→0.66 | ticks [4.406 4.031 3.656 3.500] | Δticks -0.906 | dist 2.980 | ETA 1323.6h
step  22380 | T=4 | loss 9.9625 | lr 3.00e-04 | grad 1.43 | 3.2k tok/s (avg 2.1k) | cert 0.48→0.65 | ticks [4.250 3.750 3.719 3.625] | Δticks -0.625 | dist 6.629 | ETA 1323.4h
step  22390 | T=4 | loss 8.1857 | lr 3.00e-04 | grad 1.86 | 1.8k tok/s (avg 2.1k) | cert 0.25→0.53 | ticks [6.375 5.719 5.625 5.625] | Δticks -0.750 | dist 3.057 | ETA 1323.5h
step  22400 | T=4 | loss 8.4495 | lr 3.00e-04 | grad 1.77 | 1.8k tok/s (avg 2.1k) | cert 0.59→0.66 | ticks [3.844 3.656 3.438 3.391] | Δticks -0.453 | dist 5.488 | ETA 1323.6h
step  22410 | T=4 | loss 9.2892 | lr 3.00e-04 | grad 1.77 | 3.2k tok/s (avg 2.1k) | cert 0.50→0.59 | ticks [4.875 4.281 4.219 4.219] | Δticks -0.656 | dist 5.462 | ETA 1323.4h
step  22420 | T=4 | loss 6.5652 | lr 3.00e-04 | grad 2.33 | 1.8k tok/s (avg 2.1k) | cert 0.52→0.66 | ticks [4.125 3.859 3.672 3.562] | Δticks -0.562 | dist 3.480 | ETA 1323.5h
step  22430 | T=4 | loss 7.8767 | lr 3.00e-04 | grad 2.33 | 3.2k tok/s (avg 2.1k) | cert 0.57→0.61 | ticks [4.500 4.250 4.188 4.156] | Δticks -0.344 | dist 4.279 | ETA 1323.3h
step  22440 | T=4 | loss 9.3649 | lr 3.00e-04 | grad 1.29 | 1.8k tok/s (avg 2.1k) | cert 0.54→0.61 | ticks [4.312 4.062 3.922 3.922] | Δticks -0.391 | dist 6.054 | ETA 1323.4h
step  22450 | T=4 | loss 6.6007 | lr 3.00e-04 | grad 1.30 | 1.8k tok/s (avg 2.1k) | cert 0.42→0.62 | ticks [4.562 3.984 3.797 3.719] | Δticks -0.844 | dist 3.317 | ETA 1323.5h
step  22460 | T=4 | loss 7.4910 | lr 3.00e-04 | grad 1.30 | 3.2k tok/s (avg 2.1k) | cert 0.46→0.64 | ticks [4.406 3.953 3.734 3.719] | Δticks -0.688 | dist 4.215 | ETA 1323.3h
step  22470 | T=4 | loss 9.2481 | lr 3.00e-04 | grad 1.34 | 1.9k tok/s (avg 2.1k) | cert 0.28→0.52 | ticks [7.125 6.344 6.281 6.219] | Δticks -0.906 | dist 3.491 | ETA 1323.4h
step  22480 | T=4 | loss 8.6954 | lr 3.00e-04 | grad 1.36 | 1.9k tok/s (avg 2.1k) | cert 0.33→0.51 | ticks [6.406 5.625 5.531 5.469] | Δticks -0.938 | dist 3.605 | ETA 1323.5h
step  22490 | T=4 | loss 7.3661 | lr 3.00e-04 | grad 1.36 | 3.2k tok/s (avg 2.1k) | cert 0.49→0.68 | ticks [4.250 3.766 3.438 3.422] | Δticks -0.828 | dist 4.310 | ETA 1323.3h
step  22500 | T=4 | loss 8.0963 | lr 3.00e-04 | grad 1.30 | 1.9k tok/s (avg 2.1k) | cert 0.29→0.54 | ticks [6.344 5.688 5.594 5.500] | Δticks -0.844 | dist 2.967 | ETA 1323.4h
step  22510 | T=4 | loss 6.1059 | lr 3.00e-04 | grad 1.30 | 3.2k tok/s (avg 2.1k) | cert 0.47→0.67 | ticks [4.312 3.672 3.391 3.453] | Δticks -0.859 | dist 3.004 | ETA 1323.2h
step  22520 | T=4 | loss 9.5295 | lr 3.00e-04 | grad 1.30 | 1.9k tok/s (avg 2.1k) | cert 0.29→0.49 | ticks [6.188 5.688 5.625 5.688] | Δticks -0.500 | dist 4.364 | ETA 1323.3h
step  22530 | T=4 | loss 9.9002 | lr 3.00e-04 | grad 1.45 | 1.8k tok/s (avg 2.1k) | cert 0.39→0.56 | ticks [5.594 4.969 4.875 4.875] | Δticks -0.719 | dist 5.428 | ETA 1323.4h
step  22540 | T=4 | loss 9.4697 | lr 3.00e-04 | grad 1.45 | 3.2k tok/s (avg 2.1k) | cert 0.44→0.62 | ticks [4.594 3.984 3.938 3.984] | Δticks -0.609 | dist 5.945 | ETA 1323.2h
step  22550 | T=4 | loss 9.7637 | lr 3.00e-04 | grad 1.50 | 1.8k tok/s (avg 2.1k) | cert 0.46→0.62 | ticks [4.938 4.375 4.438 4.281] | Δticks -0.656 | dist 5.806 | ETA 1323.3h
step  22560 | T=4 | loss 9.4391 | lr 3.00e-04 | grad 1.45 | 1.8k tok/s (avg 2.1k) | cert 0.52→0.64 | ticks [4.562 4.406 4.062 3.969] | Δticks -0.594 | dist 5.868 | ETA 1323.4h
step  22570 | T=4 | loss 7.5868 | lr 3.00e-04 | grad 1.45 | 3.2k tok/s (avg 2.1k) | cert 0.47→0.64 | ticks [5.156 4.594 4.312 4.125] | Δticks -1.031 | dist 3.748 | ETA 1323.2h
step  22580 | T=4 | loss 9.9088 | lr 3.00e-04 | grad 1.66 | 1.8k tok/s (avg 2.1k) | cert 0.37→0.53 | ticks [6.062 5.406 5.375 5.344] | Δticks -0.719 | dist 4.935 | ETA 1323.3h
step  22590 | T=4 | loss 11.3421 | lr 3.00e-04 | grad 1.66 | 3.2k tok/s (avg 2.1k) | cert 0.54→0.61 | ticks [5.188 4.656 4.562 4.531] | Δticks -0.656 | dist 7.212 | ETA 1323.1h
step  22600 | T=4 | loss 8.4569 | lr 3.00e-04 | grad 1.52 | 1.8k tok/s (avg 2.1k) | cert 0.39→0.59 | ticks [5.688 5.156 5.031 5.125] | Δticks -0.562 | dist 3.897 | ETA 1323.2h
step  22610 | T=4 | loss 8.4086 | lr 3.00e-04 | grad 1.70 | 1.8k tok/s (avg 2.1k) | cert 0.29→0.58 | ticks [6.438 5.531 5.500 5.469] | Δticks -0.969 | dist 3.435 | ETA 1323.3h
step  22620 | T=4 | loss 9.7149 | lr 3.00e-04 | grad 1.70 | 3.2k tok/s (avg 2.1k) | cert 0.47→0.58 | ticks [5.156 4.594 4.625 4.562] | Δticks -0.594 | dist 5.579 | ETA 1323.1h
step  22630 | T=4 | loss 8.7243 | lr 3.00e-04 | grad 1.48 | 1.9k tok/s (avg 2.1k) | cert 0.35→0.53 | ticks [5.719 5.000 5.000 4.969] | Δticks -0.750 | dist 4.251 | ETA 1323.2h
step  22640 | T=4 | loss 7.7483 | lr 3.00e-04 | grad 1.93 | 1.8k tok/s (avg 2.1k) | cert 0.50→0.62 | ticks [4.875 4.156 4.156 4.094] | Δticks -0.781 | dist 3.964 | ETA 1323.2h
step  22650 | T=4 | loss 9.6539 | lr 3.00e-04 | grad 1.93 | 3.2k tok/s (avg 2.1k) | cert 0.48→0.58 | ticks [5.469 4.750 4.812 4.781] | Δticks -0.688 | dist 5.290 | ETA 1323.1h
step  22660 | T=4 | loss 10.5118 | lr 3.00e-04 | grad 1.36 | 1.8k tok/s (avg 2.1k) | cert 0.52→0.62 | ticks [4.844 4.375 4.250 4.250] | Δticks -0.594 | dist 6.768 | ETA 1323.1h
step  22670 | T=4 | loss 8.6534 | lr 3.00e-04 | grad 1.36 | 3.2k tok/s (avg 2.1k) | cert 0.50→0.60 | ticks [5.156 4.562 4.438 4.438] | Δticks -0.719 | dist 4.602 | ETA 1323.0h
step  22680 | T=4 | loss 7.8294 | lr 3.00e-04 | grad 1.66 | 1.8k tok/s (avg 2.1k) | cert 0.45→0.63 | ticks [5.094 4.500 4.219 4.125] | Δticks -0.969 | dist 4.079 | ETA 1323.1h
step  22690 | T=4 | loss 11.5385 | lr 3.00e-04 | grad 1.43 | 1.8k tok/s (avg 2.1k) | cert 0.35→0.54 | ticks [6.344 5.812 5.625 5.469] | Δticks -0.875 | dist 6.380 | ETA 1323.1h
step  22700 | T=4 | loss 9.7809 | lr 3.00e-04 | grad 1.43 | 3.2k tok/s (avg 2.1k) | cert 0.55→0.62 | ticks [5.656 4.969 4.906 4.719] | Δticks -0.938 | dist 5.327 | ETA 1323.0h
step  22710 | T=4 | loss 8.0925 | lr 3.00e-04 | grad 2.08 | 1.8k tok/s (avg 2.1k) | cert 0.34→0.57 | ticks [5.969 5.469 5.344 5.156] | Δticks -0.812 | dist 3.243 | ETA 1323.0h
step  22720 | T=4 | loss 10.0476 | lr 3.00e-04 | grad 1.88 | 1.9k tok/s (avg 2.1k) | cert 0.51→0.62 | ticks [5.094 4.500 4.375 4.281] | Δticks -0.812 | dist 6.091 | ETA 1323.1h
step  22730 | T=4 | loss 7.9617 | lr 3.00e-04 | grad 1.88 | 3.2k tok/s (avg 2.1k) | cert 0.35→0.62 | ticks [5.750 4.500 4.438 4.438] | Δticks -1.312 | dist 3.961 | ETA 1322.9h
step  22740 | T=4 | loss 9.2166 | lr 3.00e-04 | grad 1.83 | 1.9k tok/s (avg 2.1k) | cert 0.54→0.60 | ticks [4.750 4.562 4.500 4.500] | Δticks -0.250 | dist 5.375 | ETA 1323.0h
step  22750 | T=4 | loss 9.1448 | lr 3.00e-04 | grad 1.83 | 3.2k tok/s (avg 2.1k) | cert 0.43→0.56 | ticks [5.719 5.031 4.906 4.844] | Δticks -0.875 | dist 4.602 | ETA 1322.8h
step  22760 | T=4 | loss 7.6902 | lr 3.00e-04 | grad 1.88 | 1.8k tok/s (avg 2.1k) | cert 0.29→0.57 | ticks [6.438 5.719 5.438 5.438] | Δticks -1.000 | dist 2.723 | ETA 1322.9h
step  22770 | T=4 | loss 9.0324 | lr 3.00e-04 | grad 1.82 | 1.8k tok/s (avg 2.1k) | cert 0.44→0.60 | ticks [5.250 4.812 4.594 4.594] | Δticks -0.656 | dist 4.896 | ETA 1323.0h
step  22780 | T=4 | loss 8.5507 | lr 3.00e-04 | grad 1.82 | 3.2k tok/s (avg 2.1k) | cert 0.52→0.64 | ticks [4.812 4.312 4.062 4.031] | Δticks -0.781 | dist 4.926 | ETA 1322.9h
step  22790 | T=4 | loss 8.8560 | lr 3.00e-04 | grad 1.78 | 1.8k tok/s (avg 2.1k) | cert 0.57→0.62 | ticks [4.469 4.188 4.125 4.031] | Δticks -0.438 | dist 5.249 | ETA 1323.0h
step  22800 | T=4 | loss 12.8765 | lr 3.00e-04 | grad 1.59 | 1.8k tok/s (avg 2.1k) | cert 0.58→0.62 | ticks [4.500 4.094 4.031 3.922] | Δticks -0.578 | dist 9.279 | ETA 1323.1h
step  22810 | T=4 | loss 7.4171 | lr 3.00e-04 | grad 1.59 | 3.2k tok/s (avg 2.1k) | cert 0.44→0.63 | ticks [4.656 4.188 3.828 3.750] | Δticks -0.906 | dist 4.170 | ETA 1322.9h
step  22820 | T=4 | loss 11.6359 | lr 3.00e-04 | grad 1.38 | 1.9k tok/s (avg 2.1k) | cert 0.27→0.51 | ticks [7.906 7.438 7.375 7.406] | Δticks -0.500 | dist 4.721 | ETA 1323.0h
step  22830 | T=4 | loss 8.8549 | lr 3.00e-04 | grad 1.38 | 3.2k tok/s (avg 2.1k) | cert 0.16→0.44 | ticks [8.500 7.406 7.406 7.156] | Δticks -1.344 | dist 1.994 | ETA 1322.8h
step  22840 | T=4 | loss 8.0611 | lr 3.00e-04 | grad 1.89 | 1.8k tok/s (avg 2.1k) | cert 0.47→0.57 | ticks [5.250 4.469 4.594 4.469] | Δticks -0.781 | dist 3.906 | ETA 1322.9h
step  22850 | T=4 | loss 7.2507 | lr 3.00e-04 | grad 1.48 | 1.8k tok/s (avg 2.1k) | cert 0.48→0.63 | ticks [4.719 4.188 4.094 3.953] | Δticks -0.766 | dist 3.779 | ETA 1323.0h
step  22860 | T=4 | loss 7.5992 | lr 3.00e-04 | grad 1.48 | 3.2k tok/s (avg 2.1k) | cert 0.38→0.56 | ticks [5.844 5.375 5.219 5.281] | Δticks -0.562 | dist 2.797 | ETA 1322.8h
step  22870 | T=4 | loss 7.6804 | lr 3.00e-04 | grad 1.42 | 1.8k tok/s (avg 2.1k) | cert 0.34→0.59 | ticks [5.281 4.594 4.344 4.469] | Δticks -0.812 | dist 3.760 | ETA 1322.9h
step  22880 | T=4 | loss 11.9423 | lr 3.00e-04 | grad 1.20 | 1.8k tok/s (avg 2.1k) | cert 0.70→0.64 | ticks [3.828 3.734 3.750 3.672] | Δticks -0.156 | dist 8.850 | ETA 1323.0h
step  22890 | T=4 | loss 7.9531 | lr 3.00e-04 | grad 1.20 | 3.2k tok/s (avg 2.1k) | cert 0.43→0.61 | ticks [5.531 4.906 4.969 4.906] | Δticks -0.625 | dist 3.561 | ETA 1322.8h
step  22900 | T=4 | loss 12.4496 | lr 3.00e-04 | grad 1.52 | 1.9k tok/s (avg 2.1k) | cert 0.72→0.68 | ticks [3.750 3.938 3.891 3.562] | Δticks -0.188 | dist 9.301 | ETA 1322.9h
step  22910 | T=4 | loss 8.6804 | lr 3.00e-04 | grad 1.52 | 3.2k tok/s (avg 2.1k) | cert 0.50→0.62 | ticks [5.188 4.781 4.562 4.594] | Δticks -0.594 | dist 4.509 | ETA 1322.7h
step  22920 | T=4 | loss 8.8860 | lr 3.00e-04 | grad 1.57 | 1.8k tok/s (avg 2.1k) | cert 0.38→0.52 | ticks [6.281 5.656 5.625 5.625] | Δticks -0.656 | dist 3.786 | ETA 1322.8h
step  22930 | T=4 | loss 7.2369 | lr 3.00e-04 | grad 1.42 | 1.8k tok/s (avg 2.1k) | cert 0.64→0.66 | ticks [4.281 3.609 3.688 3.734] | Δticks -0.547 | dist 4.022 | ETA 1322.9h
step  22940 | T=4 | loss 8.5599 | lr 3.00e-04 | grad 1.42 | 3.2k tok/s (avg 2.1k) | cert 0.49→0.61 | ticks [4.781 4.438 4.344 4.312] | Δticks -0.469 | dist 4.700 | ETA 1322.7h
step  22950 | T=4 | loss 8.0844 | lr 3.00e-04 | grad 1.63 | 1.8k tok/s (avg 2.1k) | cert 0.47→0.58 | ticks [4.688 4.312 4.219 4.312] | Δticks -0.375 | dist 4.241 | ETA 1322.8h
step  22960 | T=4 | loss 9.0201 | lr 3.00e-04 | grad 1.87 | 1.9k tok/s (avg 2.1k) | cert 0.23→0.49 | ticks [7.656 6.844 6.812 6.781] | Δticks -0.875 | dist 2.726 | ETA 1322.8h
step  22970 | T=4 | loss 8.7130 | lr 3.00e-04 | grad 1.87 | 3.2k tok/s (avg 2.1k) | cert 0.52→0.59 | ticks [4.781 4.438 4.312 4.469] | Δticks -0.312 | dist 4.748 | ETA 1322.7h
step  22980 | T=4 | loss 7.4332 | lr 3.00e-04 | grad 1.52 | 1.8k tok/s (avg 2.1k) | cert 0.45→0.62 | ticks [4.438 4.094 3.844 3.812] | Δticks -0.625 | dist 4.189 | ETA 1322.8h
step  22990 | T=4 | loss 9.4868 | lr 3.00e-04 | grad 1.52 | 3.2k tok/s (avg 2.1k) | cert 0.40→0.57 | ticks [5.188 4.688 4.469 4.406] | Δticks -0.781 | dist 5.515 | ETA 1322.6h
step  23000 | T=4 | loss 10.1311 | lr 3.00e-04 | grad 1.52 | 1.8k tok/s (avg 2.1k) | cert 0.22→0.47 | ticks [8.125 7.312 7.312 7.344] | Δticks -0.781 | dist 3.281 | ETA 1322.7h
[CachedTeacherDataset/eval] 9 shards (of 199 total) under teacher_cache/phase1 | seq_len=512 top_k=128
  >>> val @ step 23000:
  T=4 | CE=4.4074 | PPL=82.06 | top1=20.7% | top5=41.0% | (25600 tok)
step  23010 | T=4 | loss 9.0830 | lr 3.00e-04 | grad 1.42 | 0.8k tok/s (avg 2.1k) | cert 0.48→0.60 | ticks [5.625 4.906 4.875 4.844] | Δticks -0.781 | dist 4.708 | ETA 1323.6h
step  23020 | T=4 | loss 8.6634 | lr 3.00e-04 | grad 1.42 | 3.2k tok/s (avg 2.1k) | cert 0.38→0.56 | ticks [5.531 5.094 4.938 4.844] | Δticks -0.688 | dist 4.186 | ETA 1323.4h
step  23030 | T=4 | loss 12.1663 | lr 3.00e-04 | grad 1.33 | 1.8k tok/s (avg 2.1k) | cert 0.35→0.52 | ticks [7.000 6.406 6.406 6.375] | Δticks -0.625 | dist 6.151 | ETA 1323.5h
step  23040 | T=4 | loss 8.1581 | lr 3.00e-04 | grad 1.52 | 1.8k tok/s (avg 2.1k) | cert 0.30→0.57 | ticks [6.125 5.406 5.312 5.250] | Δticks -0.875 | dist 3.277 | ETA 1323.6h
step  23050 | T=4 | loss 8.7025 | lr 3.00e-04 | grad 1.52 | 3.2k tok/s (avg 2.1k) | cert 0.58→0.64 | ticks [4.531 4.125 4.031 3.859] | Δticks -0.672 | dist 5.154 | ETA 1323.4h
step  23060 | T=4 | loss 9.1225 | lr 3.00e-04 | grad 1.64 | 1.8k tok/s (avg 2.1k) | cert 0.53→0.60 | ticks [4.656 4.281 4.219 4.219] | Δticks -0.438 | dist 5.460 | ETA 1323.5h
step  23070 | T=4 | loss 8.8723 | lr 3.00e-04 | grad 1.64 | 3.2k tok/s (avg 2.1k) | cert 0.42→0.63 | ticks [4.906 4.406 4.094 4.031] | Δticks -0.875 | dist 5.202 | ETA 1323.4h
step  23080 | T=4 | loss 8.2237 | lr 3.00e-04 | grad 1.56 | 1.8k tok/s (avg 2.1k) | cert 0.35→0.54 | ticks [5.281 4.875 4.719 4.625] | Δticks -0.656 | dist 3.963 | ETA 1323.4h
step  23090 | T=4 | loss 9.9676 | lr 3.00e-04 | grad 1.41 | 1.8k tok/s (avg 2.1k) | cert 0.45→0.52 | ticks [6.031 5.750 5.719 5.688] | Δticks -0.344 | dist 4.679 | ETA 1323.5h
step  23100 | T=4 | loss 10.3845 | lr 3.00e-04 | grad 1.41 | 3.2k tok/s (avg 2.1k) | cert 0.41→0.55 | ticks [5.250 4.844 4.812 4.719] | Δticks -0.531 | dist 6.043 | ETA 1323.3h
step  23110 | T=4 | loss 9.4354 | lr 3.00e-04 | grad 1.44 | 1.9k tok/s (avg 2.1k) | cert 0.38→0.55 | ticks [6.125 5.594 5.469 5.469] | Δticks -0.656 | dist 4.337 | ETA 1323.4h
step  23120 | T=4 | loss 5.8007 | lr 3.00e-04 | grad 1.58 | 1.9k tok/s (avg 2.1k) | cert 0.29→0.61 | ticks [5.281 3.859 3.812 3.688] | Δticks -1.594 | dist 2.405 | ETA 1323.5h
step  23130 | T=4 | loss 9.5322 | lr 3.00e-04 | grad 1.58 | 3.2k tok/s (avg 2.1k) | cert 0.46→0.61 | ticks [5.781 4.812 4.781 4.719] | Δticks -1.062 | dist 5.183 | ETA 1323.3h
step  23140 | T=4 | loss 3.9829 | lr 3.00e-04 | grad 1.48 | 1.8k tok/s (avg 2.1k) | cert 0.41→0.70 | ticks [3.672 2.297 2.281 2.141] | Δticks -1.531 | dist 2.094 | ETA 1323.4h
step  23150 | T=4 | loss 6.9659 | lr 3.00e-04 | grad 1.48 | 3.2k tok/s (avg 2.1k) | cert 0.50→0.61 | ticks [5.094 4.188 4.219 4.219] | Δticks -0.875 | dist 3.189 | ETA 1323.2h
step  23160 | T=4 | loss 9.4604 | lr 3.00e-04 | grad 1.43 | 1.8k tok/s (avg 2.1k) | cert 0.40→0.54 | ticks [5.656 5.031 5.062 5.000] | Δticks -0.656 | dist 4.825 | ETA 1323.3h
step  23170 | T=4 | loss 7.5385 | lr 3.00e-04 | grad 1.48 | 1.8k tok/s (avg 2.1k) | cert 0.36→0.59 | ticks [5.531 4.719 4.500 4.656] | Δticks -0.875 | dist 3.508 | ETA 1323.4h
step  23180 | T=4 | loss 8.0475 | lr 3.00e-04 | grad 1.48 | 3.2k tok/s (avg 2.1k) | cert 0.44→0.63 | ticks [4.688 4.031 3.672 3.812] | Δticks -0.875 | dist 4.678 | ETA 1323.2h
step  23190 | T=4 | loss 9.7453 | lr 3.00e-04 | grad 1.38 | 1.8k tok/s (avg 2.1k) | cert 0.41→0.61 | ticks [5.094 4.594 4.375 4.375] | Δticks -0.719 | dist 5.894 | ETA 1323.3h
step  23200 | T=4 | loss 8.0340 | lr 3.00e-04 | grad 1.94 | 1.8k tok/s (avg 2.1k) | cert 0.36→0.52 | ticks [6.656 6.344 6.156 6.031] | Δticks -0.625 | dist 2.285 | ETA 1323.4h
step  23210 | T=4 | loss 8.9850 | lr 3.00e-04 | grad 1.94 | 3.2k tok/s (avg 2.1k) | cert 0.38→0.53 | ticks [5.906 5.250 5.125 5.094] | Δticks -0.812 | dist 4.262 | ETA 1323.2h
step  23220 | T=4 | loss 15.1663 | lr 3.00e-04 | grad 1.41 | 1.8k tok/s (avg 2.1k) | cert 0.43→0.57 | ticks [6.531 5.281 5.000 5.156] | Δticks -1.375 | dist 10.313 | ETA 1323.3h
step  23230 | T=4 | loss 9.1037 | lr 3.00e-04 | grad 1.41 | 3.2k tok/s (avg 2.1k) | cert 0.62→0.63 | ticks [4.094 3.938 3.953 3.938] | Δticks -0.156 | dist 5.749 | ETA 1323.1h
step  23240 | T=4 | loss 8.8504 | lr 3.00e-04 | grad 1.41 | 1.8k tok/s (avg 2.1k) | cert 0.42→0.57 | ticks [5.938 5.344 5.250 5.125] | Δticks -0.812 | dist 4.006 | ETA 1323.2h
step  23250 | T=4 | loss 8.2838 | lr 3.00e-04 | grad 1.38 | 1.8k tok/s (avg 2.1k) | cert 0.28→0.54 | ticks [6.531 5.719 5.656 5.656] | Δticks -0.875 | dist 3.074 | ETA 1323.3h
step  23260 | T=4 | loss 9.1559 | lr 3.00e-04 | grad 1.38 | 3.2k tok/s (avg 2.1k) | cert 0.79→0.65 | ticks [2.859 2.812 2.906 2.812] | Δticks -0.047 | dist 6.895 | ETA 1323.1h
step  23270 | T=4 | loss 9.1516 | lr 3.00e-04 | grad 1.59 | 1.8k tok/s (avg 2.1k) | cert 0.64→0.68 | ticks [4.000 3.453 3.438 3.281] | Δticks -0.719 | dist 6.135 | ETA 1323.2h
step  23280 | T=4 | loss 8.6158 | lr 3.00e-04 | grad 1.55 | 1.8k tok/s (avg 2.1k) | cert 0.25→0.48 | ticks [6.938 6.000 5.938 6.000] | Δticks -0.938 | dist 3.175 | ETA 1323.3h
step  23290 | T=4 | loss 8.0201 | lr 3.00e-04 | grad 1.55 | 3.2k tok/s (avg 2.1k) | cert 0.43→0.57 | ticks [5.250 4.656 4.594 4.562] | Δticks -0.688 | dist 3.854 | ETA 1323.1h
step  23300 | T=4 | loss 8.0747 | lr 3.00e-04 | grad 1.44 | 1.9k tok/s (avg 2.1k) | cert 0.30→0.51 | ticks [6.688 5.938 5.844 5.812] | Δticks -0.875 | dist 2.617 | ETA 1323.2h
step  23310 | T=4 | loss 6.7635 | lr 3.00e-04 | grad 1.44 | 3.2k tok/s (avg 2.1k) | cert 0.39→0.62 | ticks [5.094 4.250 4.000 4.094] | Δticks -1.000 | dist 3.127 | ETA 1323.0h
step  23320 | T=4 | loss 8.0542 | lr 3.00e-04 | grad 1.43 | 1.9k tok/s (avg 2.1k) | cert 0.35→0.53 | ticks [5.719 5.156 5.094 5.094] | Δticks -0.625 | dist 3.429 | ETA 1323.1h
step  23330 | T=4 | loss 7.8223 | lr 3.00e-04 | grad 1.43 | 1.8k tok/s (avg 2.1k) | cert 0.44→0.65 | ticks [4.625 3.938 3.781 3.734] | Δticks -0.891 | dist 4.533 | ETA 1323.2h
step  23340 | T=4 | loss 9.7607 | lr 3.00e-04 | grad 1.43 | 3.2k tok/s (avg 2.1k) | cert 0.31→0.53 | ticks [6.375 5.719 5.781 5.781] | Δticks -0.594 | dist 4.429 | ETA 1323.0h
step  23350 | T=4 | loss 10.8043 | lr 3.00e-04 | grad 1.43 | 1.8k tok/s (avg 2.1k) | cert 0.70→0.69 | ticks [3.984 3.797 3.688 3.578] | Δticks -0.406 | dist 7.550 | ETA 1323.1h
step  23360 | T=4 | loss 8.2377 | lr 3.00e-04 | grad 1.86 | 1.9k tok/s (avg 2.1k) | cert 0.32→0.54 | ticks [6.031 5.625 5.438 5.438] | Δticks -0.594 | dist 3.268 | ETA 1323.2h
step  23370 | T=4 | loss 8.9223 | lr 3.00e-04 | grad 1.86 | 3.2k tok/s (avg 2.1k) | cert 0.67→0.65 | ticks [4.188 4.000 3.891 3.859] | Δticks -0.328 | dist 5.546 | ETA 1323.0h
step  23380 | T=4 | loss 8.2549 | lr 3.00e-04 | grad 1.39 | 1.8k tok/s (avg 2.1k) | cert 0.49→0.61 | ticks [5.500 5.094 4.969 4.844] | Δticks -0.656 | dist 3.911 | ETA 1323.1h
step  23390 | T=4 | loss 6.2575 | lr 3.00e-04 | grad 1.39 | 3.2k tok/s (avg 2.1k) | cert 0.28→0.60 | ticks [5.156 3.812 3.734 3.672] | Δticks -1.484 | dist 2.893 | ETA 1322.9h
step  23400 | T=4 | loss 7.8519 | lr 3.00e-04 | grad 1.32 | 1.8k tok/s (avg 2.1k) | cert 0.19→0.46 | ticks [7.438 6.250 6.125 6.125] | Δticks -1.312 | dist 2.142 | ETA 1323.0h
step  23410 | T=4 | loss 10.5151 | lr 3.00e-04 | grad 1.79 | 1.8k tok/s (avg 2.1k) | cert 0.52→0.62 | ticks [5.062 4.562 4.344 4.188] | Δticks -0.875 | dist 6.633 | ETA 1323.1h
step  23420 | T=4 | loss 6.5055 | lr 3.00e-04 | grad 1.79 | 3.2k tok/s (avg 2.1k) | cert 0.50→0.62 | ticks [4.031 3.234 3.078 3.078] | Δticks -0.953 | dist 3.714 | ETA 1322.9h
step  23430 | T=4 | loss 11.4412 | lr 3.00e-04 | grad 1.37 | 1.9k tok/s (avg 2.1k) | cert 0.39→0.57 | ticks [5.781 5.406 5.312 5.188] | Δticks -0.594 | dist 6.586 | ETA 1323.0h
step  23440 | T=4 | loss 9.7771 | lr 3.00e-04 | grad 1.53 | 1.8k tok/s (avg 2.1k) | cert 0.44→0.62 | ticks [4.875 4.156 4.219 4.125] | Δticks -0.750 | dist 6.006 | ETA 1323.1h
step  23450 | T=4 | loss 9.2266 | lr 3.00e-04 | grad 1.53 | 3.2k tok/s (avg 2.1k) | cert 0.52→0.59 | ticks [5.000 4.500 4.594 4.562] | Δticks -0.438 | dist 5.012 | ETA 1322.9h
step  23460 | T=4 | loss 10.8094 | lr 3.00e-04 | grad 1.45 | 1.9k tok/s (avg 2.1k) | cert 0.30→0.48 | ticks [6.219 5.906 5.875 5.812] | Δticks -0.406 | dist 5.526 | ETA 1323.0h
step  23470 | T=4 | loss 8.5840 | lr 3.00e-04 | grad 1.45 | 3.2k tok/s (avg 2.1k) | cert 0.42→0.58 | ticks [5.000 4.375 4.406 4.469] | Δticks -0.531 | dist 4.623 | ETA 1322.8h
step  23480 | T=4 | loss 11.5428 | lr 3.00e-04 | grad 1.44 | 1.9k tok/s (avg 2.1k) | cert 0.62→0.63 | ticks [4.188 4.000 3.953 3.859] | Δticks -0.328 | dist 8.080 | ETA 1322.9h
step  23490 | T=4 | loss 8.4528 | lr 3.00e-04 | grad 1.34 | 1.8k tok/s (avg 2.1k) | cert 0.44→0.57 | ticks [5.750 5.219 5.125 5.031] | Δticks -0.719 | dist 3.819 | ETA 1323.0h
step  23500 | T=4 | loss 6.6507 | lr 3.00e-04 | grad 1.34 | 3.2k tok/s (avg 2.1k) | cert 0.49→0.64 | ticks [4.250 3.531 3.391 3.344] | Δticks -0.906 | dist 3.696 | ETA 1322.8h
step  23510 | T=4 | loss 8.8339 | lr 3.00e-04 | grad 1.74 | 1.8k tok/s (avg 2.1k) | cert 0.35→0.57 | ticks [5.625 4.969 4.938 4.875] | Δticks -0.750 | dist 4.360 | ETA 1322.9h
step  23520 | T=4 | loss 7.4205 | lr 3.00e-04 | grad 1.53 | 1.9k tok/s (avg 2.1k) | cert 0.50→0.61 | ticks [4.906 4.500 4.375 4.250] | Δticks -0.656 | dist 3.516 | ETA 1323.0h
step  23530 | T=4 | loss 8.2456 | lr 3.00e-04 | grad 1.53 | 3.2k tok/s (avg 2.1k) | cert 0.45→0.59 | ticks [5.000 4.625 4.531 4.562] | Δticks -0.438 | dist 4.101 | ETA 1322.8h
step  23540 | T=4 | loss 9.1450 | lr 3.00e-04 | grad 1.68 | 1.9k tok/s (avg 2.1k) | cert 0.31→0.54 | ticks [6.938 6.312 6.156 6.094] | Δticks -0.844 | dist 3.457 | ETA 1322.9h
step  23550 | T=4 | loss 7.5922 | lr 3.00e-04 | grad 1.68 | 3.2k tok/s (avg 2.1k) | cert 0.58→0.66 | ticks [3.766 3.641 3.453 3.297] | Δticks -0.469 | dist 4.724 | ETA 1322.7h
step  23560 | T=4 | loss 8.4814 | lr 3.00e-04 | grad 1.52 | 1.9k tok/s (avg 2.1k) | cert 0.46→0.63 | ticks [5.031 4.625 4.438 4.375] | Δticks -0.656 | dist 4.460 | ETA 1322.8h
step  23570 | T=4 | loss 9.2366 | lr 3.00e-04 | grad 1.52 | 1.8k tok/s (avg 2.1k) | cert 0.41→0.55 | ticks [5.188 4.688 4.594 4.562] | Δticks -0.625 | dist 5.038 | ETA 1322.9h
step  23580 | T=4 | loss 7.8464 | lr 3.00e-04 | grad 1.52 | 3.2k tok/s (avg 2.1k) | cert 0.54→0.67 | ticks [4.875 4.344 4.312 4.312] | Δticks -0.562 | dist 3.968 | ETA 1322.7h
step  23590 | T=4 | loss 9.1591 | lr 3.00e-04 | grad 1.50 | 1.8k tok/s (avg 2.1k) | cert 0.25→0.49 | ticks [7.188 6.375 6.312 6.375] | Δticks -0.812 | dist 3.268 | ETA 1322.8h
step  23600 | T=4 | loss 7.6961 | lr 3.00e-04 | grad 2.58 | 1.9k tok/s (avg 2.1k) | cert 0.51→0.60 | ticks [4.938 4.531 4.594 4.500] | Δticks -0.438 | dist 3.605 | ETA 1322.9h
step  23610 | T=4 | loss 10.5352 | lr 3.00e-04 | grad 2.58 | 3.2k tok/s (avg 2.1k) | cert 0.29→0.56 | ticks [6.750 5.812 5.750 5.781] | Δticks -0.969 | dist 5.311 | ETA 1322.7h
step  23620 | T=4 | loss 9.6634 | lr 3.00e-04 | grad 1.88 | 1.8k tok/s (avg 2.1k) | cert 0.33→0.52 | ticks [5.969 5.594 5.500 5.438] | Δticks -0.531 | dist 4.561 | ETA 1322.8h
step  23630 | T=4 | loss 8.1294 | lr 3.00e-04 | grad 1.88 | 3.2k tok/s (avg 2.1k) | cert 0.38→0.61 | ticks [5.438 4.812 4.594 4.500] | Δticks -0.938 | dist 4.066 | ETA 1322.6h
step  23640 | T=4 | loss 8.6153 | lr 3.00e-04 | grad 1.52 | 1.8k tok/s (avg 2.1k) | cert 0.36→0.52 | ticks [5.812 5.375 5.156 5.031] | Δticks -0.781 | dist 3.863 | ETA 1322.7h
step  23650 | T=4 | loss 8.5613 | lr 3.00e-04 | grad 1.89 | 1.8k tok/s (avg 2.1k) | cert 0.56→0.61 | ticks [4.906 4.469 4.344 4.344] | Δticks -0.562 | dist 4.656 | ETA 1322.8h
step  23660 | T=4 | loss 4.3575 | lr 3.00e-04 | grad 1.89 | 3.2k tok/s (avg 2.1k) | cert 0.45→0.70 | ticks [3.859 2.734 2.750 2.672] | Δticks -1.188 | dist 2.004 | ETA 1322.6h
step  23670 | T=4 | loss 9.6051 | lr 3.00e-04 | grad 1.76 | 1.9k tok/s (avg 2.1k) | cert 0.34→0.50 | ticks [7.375 6.656 6.719 6.625] | Δticks -0.750 | dist 3.358 | ETA 1322.7h
step  23680 | T=4 | loss 7.1534 | lr 3.00e-04 | grad 1.70 | 1.8k tok/s (avg 2.1k) | cert 0.60→0.64 | ticks [4.344 3.859 3.750 3.688] | Δticks -0.656 | dist 3.932 | ETA 1322.8h
step  23690 | T=4 | loss 12.0721 | lr 3.00e-04 | grad 1.70 | 3.2k tok/s (avg 2.1k) | cert 0.55→0.62 | ticks [5.125 4.656 4.656 4.562] | Δticks -0.562 | dist 7.883 | ETA 1322.6h
step  23700 | T=4 | loss 7.0859 | lr 3.00e-04 | grad 1.64 | 1.8k tok/s (avg 2.1k) | cert 0.55→0.66 | ticks [3.984 3.594 3.312 3.281] | Δticks -0.703 | dist 4.262 | ETA 1322.7h
step  23710 | T=4 | loss 8.6385 | lr 3.00e-04 | grad 1.64 | 3.2k tok/s (avg 2.1k) | cert 0.36→0.59 | ticks [5.531 4.812 4.719 4.688] | Δticks -0.844 | dist 4.445 | ETA 1322.5h
step  23720 | T=4 | loss 8.8735 | lr 3.00e-04 | grad 1.45 | 1.8k tok/s (avg 2.1k) | cert 0.53→0.62 | ticks [4.781 4.469 4.344 4.219] | Δticks -0.562 | dist 5.128 | ETA 1322.6h
step  23730 | T=4 | loss 7.6300 | lr 3.00e-04 | grad 1.54 | 1.9k tok/s (avg 2.1k) | cert 0.36→0.58 | ticks [5.562 4.844 4.625 4.625] | Δticks -0.938 | dist 3.432 | ETA 1322.7h
step  23740 | T=4 | loss 8.2093 | lr 3.00e-04 | grad 1.54 | 3.2k tok/s (avg 2.1k) | cert 0.45→0.57 | ticks [5.344 4.812 4.750 4.781] | Δticks -0.562 | dist 3.866 | ETA 1322.5h
step  23750 | T=4 | loss 8.7884 | lr 3.00e-04 | grad 1.83 | 1.8k tok/s (avg 2.1k) | cert 0.24→0.49 | ticks [7.094 6.281 6.125 6.125] | Δticks -0.969 | dist 3.089 | ETA 1322.6h
step  23760 | T=4 | loss 8.0694 | lr 3.00e-04 | grad 1.89 | 1.8k tok/s (avg 2.1k) | cert 0.44→0.62 | ticks [5.312 4.812 4.688 4.625] | Δticks -0.688 | dist 3.968 | ETA 1322.7h
step  23770 | T=4 | loss 9.4114 | lr 3.00e-04 | grad 1.89 | 3.2k tok/s (avg 2.1k) | cert 0.47→0.64 | ticks [4.938 4.219 4.156 4.188] | Δticks -0.750 | dist 5.700 | ETA 1322.5h
step  23780 | T=4 | loss 8.7031 | lr 3.00e-04 | grad 1.62 | 1.9k tok/s (avg 2.1k) | cert 0.33→0.53 | ticks [6.000 5.344 5.219 5.219] | Δticks -0.781 | dist 3.946 | ETA 1322.6h
step  23790 | T=4 | loss 9.0313 | lr 3.00e-04 | grad 1.62 | 3.2k tok/s (avg 2.1k) | cert 0.49→0.65 | ticks [4.625 4.031 4.000 3.938] | Δticks -0.688 | dist 5.577 | ETA 1322.4h
step  23800 | T=4 | loss 7.5904 | lr 3.00e-04 | grad 1.66 | 1.9k tok/s (avg 2.1k) | cert 0.48→0.58 | ticks [5.125 4.750 4.688 4.562] | Δticks -0.562 | dist 3.353 | ETA 1322.5h
step  23810 | T=4 | loss 12.6408 | lr 3.00e-04 | grad 1.47 | 1.8k tok/s (avg 2.1k) | cert 0.40→0.55 | ticks [6.188 5.562 5.281 5.375] | Δticks -0.812 | dist 7.618 | ETA 1322.6h
step  23820 | T=4 | loss 7.6924 | lr 3.00e-04 | grad 1.47 | 3.2k tok/s (avg 2.1k) | cert 0.39→0.59 | ticks [5.344 4.719 4.531 4.531] | Δticks -0.812 | dist 3.593 | ETA 1322.4h
step  23830 | T=4 | loss 8.1948 | lr 3.00e-04 | grad 1.59 | 1.8k tok/s (avg 2.1k) | cert 0.44→0.61 | ticks [4.938 4.500 4.188 4.125] | Δticks -0.812 | dist 4.485 | ETA 1322.5h
step  23840 | T=4 | loss 11.4096 | lr 3.00e-04 | grad 1.35 | 1.9k tok/s (avg 2.1k) | cert 0.52→0.58 | ticks [5.000 4.812 4.656 4.594] | Δticks -0.406 | dist 7.247 | ETA 1322.6h
step  23850 | T=4 | loss 18.7324 | lr 3.00e-04 | grad 1.35 | 3.2k tok/s (avg 2.1k) | cert 0.49→0.58 | ticks [5.062 4.844 4.750 4.781] | Δticks -0.281 | dist 14.312 | ETA 1322.4h
step  23860 | T=4 | loss 7.6464 | lr 3.00e-04 | grad 1.66 | 1.9k tok/s (avg 2.1k) | cert 0.27→0.60 | ticks [6.375 5.125 5.031 5.062] | Δticks -1.312 | dist 2.971 | ETA 1322.5h
step  23870 | T=4 | loss 9.7106 | lr 3.00e-04 | grad 1.66 | 3.2k tok/s (avg 2.1k) | cert 0.29→0.54 | ticks [6.688 5.938 5.938 5.812] | Δticks -0.875 | dist 4.301 | ETA 1322.3h
step  23880 | T=4 | loss 7.6870 | lr 3.00e-04 | grad 1.35 | 1.8k tok/s (avg 2.1k) | cert 0.48→0.57 | ticks [5.156 4.688 4.656 4.688] | Δticks -0.469 | dist 3.453 | ETA 1322.4h
step  23890 | T=4 | loss 7.0881 | lr 3.00e-04 | grad 1.23 | 1.8k tok/s (avg 2.1k) | cert 0.44→0.60 | ticks [4.656 4.188 3.969 3.891] | Δticks -0.766 | dist 3.714 | ETA 1322.5h
step  23900 | T=4 | loss 7.0081 | lr 3.00e-04 | grad 1.23 | 3.2k tok/s (avg 2.1k) | cert 0.49→0.60 | ticks [5.000 4.781 4.531 4.500] | Δticks -0.500 | dist 2.927 | ETA 1322.3h
step  23910 | T=4 | loss 9.1602 | lr 3.00e-04 | grad 1.38 | 1.9k tok/s (avg 2.1k) | cert 0.42→0.54 | ticks [5.312 4.781 4.688 4.719] | Δticks -0.594 | dist 4.904 | ETA 1322.4h
step  23920 | T=4 | loss 10.0640 | lr 3.00e-04 | grad 1.30 | 1.8k tok/s (avg 2.1k) | cert 0.21→0.45 | ticks [8.562 7.906 7.812 7.781] | Δticks -0.781 | dist 2.681 | ETA 1322.5h
step  23930 | T=4 | loss 9.6482 | lr 3.00e-04 | grad 1.30 | 3.2k tok/s (avg 2.1k) | cert 0.50→0.58 | ticks [5.344 4.969 4.750 4.688] | Δticks -0.656 | dist 5.291 | ETA 1322.3h
step  23940 | T=4 | loss 8.6586 | lr 3.00e-04 | grad 1.50 | 1.8k tok/s (avg 2.1k) | cert 0.48→0.62 | ticks [4.562 4.125 3.953 3.938] | Δticks -0.625 | dist 5.211 | ETA 1322.4h
step  23950 | T=4 | loss 9.9396 | lr 3.00e-04 | grad 1.50 | 3.2k tok/s (avg 2.1k) | cert 0.48→0.57 | ticks [5.156 4.844 4.688 4.594] | Δticks -0.562 | dist 5.674 | ETA 1322.2h
step  23960 | T=4 | loss 8.8445 | lr 3.00e-04 | grad 1.62 | 1.8k tok/s (avg 2.1k) | cert 0.28→0.50 | ticks [7.250 6.406 6.281 6.250] | Δticks -1.000 | dist 2.995 | ETA 1322.3h
step  23970 | T=4 | loss 10.5430 | lr 3.00e-04 | grad 1.30 | 1.9k tok/s (avg 2.1k) | cert 0.65→0.65 | ticks [4.125 4.062 3.984 3.812] | Δticks -0.312 | dist 7.239 | ETA 1322.4h
step  23980 | T=4 | loss 7.9859 | lr 3.00e-04 | grad 1.30 | 3.2k tok/s (avg 2.1k) | cert 0.52→0.64 | ticks [4.531 3.859 3.844 3.781] | Δticks -0.750 | dist 4.723 | ETA 1322.2h
step  23990 | T=4 | loss 8.2107 | lr 3.00e-04 | grad 1.40 | 1.8k tok/s (avg 2.1k) | cert 0.53→0.63 | ticks [4.312 3.906 3.578 3.562] | Δticks -0.750 | dist 5.125 | ETA 1322.3h
step  24000 | T=4 | loss 9.9730 | lr 3.00e-04 | grad 1.78 | 1.8k tok/s (avg 2.1k) | cert 0.45→0.57 | ticks [5.062 4.688 4.500 4.500] | Δticks -0.562 | dist 5.969 | ETA 1322.4h
[CachedTeacherDataset/eval] 9 shards (of 199 total) under teacher_cache/phase1 | seq_len=512 top_k=128
  >>> val @ step 24000:
  T=4 | CE=4.3630 | PPL=78.49 | top1=22.0% | top5=43.6% | (25600 tok)
step  24010 | T=4 | loss 7.3783 | lr 3.00e-04 | grad 1.78 | 0.9k tok/s (avg 2.1k) | cert 0.48→0.63 | ticks [4.594 4.094 3.625 3.734] | Δticks -0.859 | dist 3.949 | ETA 1323.1h
step  24020 | T=4 | loss 9.6364 | lr 3.00e-04 | grad 1.45 | 2.1k tok/s (avg 2.1k) | cert 0.59→0.62 | ticks [4.562 4.375 4.219 4.156] | Δticks -0.406 | dist 5.951 | ETA 1323.1h
step  24030 | T=4 | loss 8.1788 | lr 3.00e-04 | grad 1.45 | 3.2k tok/s (avg 2.1k) | cert 0.24→0.56 | ticks [6.750 5.688 5.625 5.656] | Δticks -1.094 | dist 2.939 | ETA 1323.0h
step  24040 | T=4 | loss 11.5045 | lr 3.00e-04 | grad 1.29 | 1.8k tok/s (avg 2.1k) | cert 0.50→0.61 | ticks [5.031 4.656 4.531 4.375] | Δticks -0.656 | dist 7.493 | ETA 1323.0h
step  24050 | T=4 | loss 7.8131 | lr 3.00e-04 | grad 1.39 | 1.9k tok/s (avg 2.1k) | cert 0.27→0.55 | ticks [6.281 5.156 5.000 5.031] | Δticks -1.250 | dist 3.235 | ETA 1323.1h
step  24060 | T=4 | loss 7.6052 | lr 3.00e-04 | grad 1.39 | 3.1k tok/s (avg 2.1k) | cert 0.24→0.56 | ticks [6.469 5.219 5.094 5.062] | Δticks -1.406 | dist 2.932 | ETA 1323.0h
step  24070 | T=4 | loss 8.3276 | lr 3.00e-04 | grad 1.47 | 1.9k tok/s (avg 2.1k) | cert 0.47→0.60 | ticks [4.812 4.406 4.250 4.219] | Δticks -0.594 | dist 4.507 | ETA 1323.0h
step  24080 | T=4 | loss 7.3642 | lr 3.00e-04 | grad 1.40 | 1.8k tok/s (avg 2.1k) | cert 0.48→0.64 | ticks [4.375 3.719 3.656 3.641] | Δticks -0.734 | dist 4.164 | ETA 1323.1h
step  24090 | T=4 | loss 7.9479 | lr 3.00e-04 | grad 1.40 | 3.2k tok/s (avg 2.1k) | cert 0.35→0.56 | ticks [5.344 4.906 4.875 4.875] | Δticks -0.469 | dist 3.603 | ETA 1323.0h
step  24100 | T=4 | loss 9.3893 | lr 3.00e-04 | grad 1.35 | 1.8k tok/s (avg 2.1k) | cert 0.59→0.63 | ticks [4.594 4.344 4.250 4.219] | Δticks -0.375 | dist 5.670 | ETA 1323.0h
step  24110 | T=4 | loss 9.3326 | lr 3.00e-04 | grad 1.35 | 3.2k tok/s (avg 2.1k) | cert 0.31→0.55 | ticks [6.281 5.594 5.531 5.562] | Δticks -0.719 | dist 4.288 | ETA 1322.9h
step  24120 | T=4 | loss 8.2422 | lr 3.00e-04 | grad 1.49 | 1.8k tok/s (avg 2.1k) | cert 0.50→0.64 | ticks [4.438 4.031 3.875 3.891] | Δticks -0.547 | dist 4.789 | ETA 1323.0h
step  24130 | T=4 | loss 11.9846 | lr 3.00e-04 | grad 1.34 | 1.9k tok/s (avg 2.1k) | cert 0.62→0.63 | ticks [4.562 4.000 3.953 3.828] | Δticks -0.734 | dist 8.429 | ETA 1323.0h
step  24140 | T=4 | loss 9.4710 | lr 3.00e-04 | grad 1.34 | 3.2k tok/s (avg 2.1k) | cert 0.38→0.64 | ticks [5.500 4.750 4.438 4.625] | Δticks -0.875 | dist 5.410 | ETA 1322.9h
step  24150 | T=4 | loss 7.4799 | lr 3.00e-04 | grad 1.43 | 1.8k tok/s (avg 2.1k) | cert 0.38→0.61 | ticks [5.156 4.500 4.281 4.281] | Δticks -0.875 | dist 3.696 | ETA 1323.0h
step  24160 | T=4 | loss 10.4173 | lr 3.00e-04 | grad 1.75 | 1.8k tok/s (avg 2.1k) | cert 0.31→0.53 | ticks [6.062 5.312 5.312 5.281] | Δticks -0.781 | dist 5.578 | ETA 1323.0h
step  24170 | T=4 | loss 7.9928 | lr 3.00e-04 | grad 1.75 | 3.2k tok/s (avg 2.1k) | cert 0.39→0.61 | ticks [4.906 4.094 4.094 4.062] | Δticks -0.844 | dist 4.428 | ETA 1322.9h
step  24180 | T=4 | loss 8.3298 | lr 3.00e-04 | grad 1.41 | 1.8k tok/s (avg 2.1k) | cert 0.46→0.62 | ticks [4.906 4.000 3.844 3.844] | Δticks -1.062 | dist 4.746 | ETA 1322.9h
step  24190 | T=4 | loss 7.8496 | lr 3.00e-04 | grad 1.41 | 3.2k tok/s (avg 2.1k) | cert 0.62→0.66 | ticks [3.891 3.469 3.562 3.484] | Δticks -0.406 | dist 4.925 | ETA 1322.8h
step  24200 | T=4 | loss 7.1132 | lr 3.00e-04 | grad 1.35 | 1.8k tok/s (avg 2.1k) | cert 0.65→0.69 | ticks [3.562 3.062 3.109 3.000] | Δticks -0.562 | dist 4.429 | ETA 1322.9h
step  24210 | T=4 | loss 8.7285 | lr 3.00e-04 | grad 1.72 | 1.8k tok/s (avg 2.1k) | cert 0.45→0.58 | ticks [5.500 5.125 4.969 4.938] | Δticks -0.562 | dist 4.232 | ETA 1323.0h
step  24220 | T=4 | loss 7.3884 | lr 3.00e-04 | grad 1.72 | 3.2k tok/s (avg 2.1k) | cert 0.38→0.59 | ticks [4.969 4.625 4.406 4.312] | Δticks -0.656 | dist 3.553 | ETA 1322.8h
step  24230 | T=4 | loss 8.1070 | lr 3.00e-04 | grad 1.33 | 1.8k tok/s (avg 2.1k) | cert 0.43→0.56 | ticks [5.844 5.125 5.031 5.031] | Δticks -0.812 | dist 3.494 | ETA 1322.9h
step  24240 | T=4 | loss 12.6379 | lr 3.00e-04 | grad 1.35 | 1.8k tok/s (avg 2.1k) | cert 0.66→0.62 | ticks [4.438 3.922 3.672 3.547] | Δticks -0.891 | dist 9.251 | ETA 1322.9h
step  24250 | T=4 | loss 7.9140 | lr 3.00e-04 | grad 1.35 | 3.2k tok/s (avg 2.1k) | cert 0.48→0.64 | ticks [4.531 3.969 3.797 3.828] | Δticks -0.703 | dist 4.606 | ETA 1322.8h
step  24260 | T=4 | loss 9.5271 | lr 3.00e-04 | grad 1.95 | 1.8k tok/s (avg 2.1k) | cert 0.46→0.64 | ticks [4.594 4.000 4.000 3.906] | Δticks -0.688 | dist 6.050 | ETA 1322.9h
step  24270 | T=4 | loss 8.4023 | lr 3.00e-04 | grad 1.95 | 3.2k tok/s (avg 2.1k) | cert 0.46→0.62 | ticks [4.938 4.219 4.156 4.125] | Δticks -0.812 | dist 4.720 | ETA 1322.7h
step  24280 | T=4 | loss 7.4265 | lr 3.00e-04 | grad 1.55 | 1.8k tok/s (avg 2.1k) | cert 0.49→0.62 | ticks [4.969 4.344 4.281 4.188] | Δticks -0.781 | dist 3.620 | ETA 1322.8h
step  24290 | T=4 | loss 9.4260 | lr 3.00e-04 | grad 1.57 | 1.8k tok/s (avg 2.1k) | cert 0.47→0.60 | ticks [5.094 4.344 4.188 4.031] | Δticks -1.062 | dist 5.552 | ETA 1322.9h
step  24300 | T=4 | loss 8.6658 | lr 3.00e-04 | grad 1.57 | 3.2k tok/s (avg 2.1k) | cert 0.52→0.64 | ticks [5.312 4.875 4.812 4.719] | Δticks -0.594 | dist 4.339 | ETA 1322.7h
step  24310 | T=4 | loss 7.7804 | lr 3.00e-04 | grad 1.52 | 1.8k tok/s (avg 2.1k) | cert 0.55→0.67 | ticks [4.188 3.781 3.672 3.672] | Δticks -0.516 | dist 4.575 | ETA 1322.8h
step  24320 | T=4 | loss 4.8515 | lr 3.00e-04 | grad 1.45 | 1.8k tok/s (avg 2.1k) | cert 0.33→0.67 | ticks [4.906 3.422 3.188 3.172] | Δticks -1.734 | dist 1.960 | ETA 1322.9h
step  24330 | T=4 | loss 9.9893 | lr 3.00e-04 | grad 1.45 | 3.2k tok/s (avg 2.1k) | cert 0.41→0.58 | ticks [4.656 4.344 4.344 4.281] | Δticks -0.375 | dist 6.143 | ETA 1322.7h
step  24340 | T=4 | loss 12.1579 | lr 3.00e-04 | grad 1.27 | 1.8k tok/s (avg 2.1k) | cert 0.40→0.55 | ticks [5.781 5.000 4.875 4.938] | Δticks -0.844 | dist 7.566 | ETA 1322.8h
step  24350 | T=4 | loss 9.2767 | lr 3.00e-04 | grad 1.27 | 3.2k tok/s (avg 2.1k) | cert 0.42→0.60 | ticks [4.875 4.062 3.875 3.891] | Δticks -0.984 | dist 5.770 | ETA 1322.6h
step  24360 | T=4 | loss 6.5792 | lr 3.00e-04 | grad 2.31 | 1.8k tok/s (avg 2.1k) | cert 0.58→0.64 | ticks [4.219 3.641 3.547 3.516] | Δticks -0.703 | dist 3.548 | ETA 1322.7h
step  24370 | T=4 | loss 7.2118 | lr 3.00e-04 | grad 2.11 | 1.8k tok/s (avg 2.1k) | cert 0.62→0.66 | ticks [3.688 3.438 3.406 3.344] | Δticks -0.344 | dist 4.494 | ETA 1322.8h
step  24380 | T=4 | loss 8.0608 | lr 3.00e-04 | grad 2.11 | 3.2k tok/s (avg 2.1k) | cert 0.31→0.51 | ticks [6.344 5.844 5.719 5.688] | Δticks -0.656 | dist 2.781 | ETA 1322.6h
step  24390 | T=4 | loss 6.5612 | lr 3.00e-04 | grad 1.25 | 1.8k tok/s (avg 2.1k) | cert 0.28→0.58 | ticks [5.531 4.344 4.250 4.219] | Δticks -1.312 | dist 2.651 | ETA 1322.7h
step  24400 | T=4 | loss 7.6675 | lr 3.00e-04 | grad 1.46 | 1.9k tok/s (avg 2.1k) | cert 0.42→0.61 | ticks [4.781 4.281 4.281 4.219] | Δticks -0.562 | dist 3.928 | ETA 1322.8h
step  24410 | T=4 | loss 8.7093 | lr 3.00e-04 | grad 1.46 | 3.2k tok/s (avg 2.1k) | cert 0.29→0.48 | ticks [6.469 5.875 5.781 5.750] | Δticks -0.719 | dist 3.398 | ETA 1322.6h
step  24420 | T=4 | loss 7.7564 | lr 3.00e-04 | grad 1.37 | 1.9k tok/s (avg 2.1k) | cert 0.43→0.57 | ticks [5.281 4.781 4.812 4.719] | Δticks -0.562 | dist 3.435 | ETA 1322.7h
step  24430 | T=4 | loss 7.3267 | lr 3.00e-04 | grad 1.37 | 3.2k tok/s (avg 2.1k) | cert 0.43→0.57 | ticks [5.312 4.781 4.938 4.781] | Δticks -0.531 | dist 2.984 | ETA 1322.5h
step  24440 | T=4 | loss 8.4764 | lr 3.00e-04 | grad 1.47 | 1.8k tok/s (avg 2.1k) | cert 0.47→0.61 | ticks [4.656 3.922 3.875 3.906] | Δticks -0.750 | dist 5.029 | ETA 1322.6h
step  24450 | T=4 | loss 8.8135 | lr 3.00e-04 | grad 1.37 | 1.8k tok/s (avg 2.1k) | cert 0.23→0.50 | ticks [6.719 5.750 5.594 5.438] | Δticks -1.281 | dist 3.653 | ETA 1322.7h
step  24460 | T=4 | loss 12.1431 | lr 3.00e-04 | grad 1.37 | 3.1k tok/s (avg 2.1k) | cert 0.45→0.54 | ticks [4.781 4.500 4.344 4.344] | Δticks -0.438 | dist 8.182 | ETA 1322.5h
step  24470 | T=4 | loss 7.7207 | lr 3.00e-04 | grad 1.73 | 1.9k tok/s (avg 2.1k) | cert 0.39→0.57 | ticks [5.219 4.594 4.625 4.625] | Δticks -0.594 | dist 3.551 | ETA 1322.6h
step  24480 | T=4 | loss 9.1186 | lr 3.00e-04 | grad 1.64 | 1.8k tok/s (avg 2.1k) | cert 0.48→0.61 | ticks [4.594 4.438 4.344 4.219] | Δticks -0.375 | dist 5.336 | ETA 1322.7h
step  24490 | T=4 | loss 8.0378 | lr 3.00e-04 | grad 1.64 | 3.2k tok/s (avg 2.1k) | cert 0.37→0.60 | ticks [5.656 4.812 4.719 4.688] | Δticks -0.969 | dist 3.709 | ETA 1322.5h
step  24500 | T=4 | loss 14.8271 | lr 3.00e-04 | grad 1.60 | 1.8k tok/s (avg 2.1k) | cert 0.34→0.49 | ticks [6.375 6.094 6.031 6.000] | Δticks -0.375 | dist 9.258 | ETA 1322.6h
step  24510 | T=4 | loss 7.2374 | lr 3.00e-04 | grad 1.60 | 3.2k tok/s (avg 2.1k) | cert 0.63→0.67 | ticks [4.219 3.953 3.812 3.797] | Δticks -0.422 | dist 3.964 | ETA 1322.4h
step  24520 | T=4 | loss 9.2578 | lr 3.00e-04 | grad 1.98 | 1.8k tok/s (avg 2.1k) | cert 0.45→0.59 | ticks [5.188 4.500 4.406 4.469] | Δticks -0.719 | dist 5.174 | ETA 1322.5h
step  24530 | T=4 | loss 7.2278 | lr 3.00e-04 | grad 1.45 | 1.9k tok/s (avg 2.1k) | cert 0.53→0.65 | ticks [3.984 3.578 3.547 3.516] | Δticks -0.469 | dist 4.360 | ETA 1322.6h
step  24540 | T=4 | loss 7.8720 | lr 3.00e-04 | grad 1.45 | 3.2k tok/s (avg 2.1k) | cert 0.29→0.58 | ticks [5.812 4.812 4.625 4.656] | Δticks -1.156 | dist 3.544 | ETA 1322.4h
step  24550 | T=4 | loss 7.6757 | lr 3.00e-04 | grad 1.98 | 1.8k tok/s (avg 2.1k) | cert 0.56→0.64 | ticks [4.062 3.531 3.625 3.562] | Δticks -0.500 | dist 4.659 | ETA 1322.5h
step  24560 | T=4 | loss 7.9013 | lr 3.00e-04 | grad 1.36 | 1.8k tok/s (avg 2.1k) | cert 0.33→0.55 | ticks [6.062 5.500 5.312 5.375] | Δticks -0.688 | dist 2.980 | ETA 1322.6h
step  24570 | T=4 | loss 7.0328 | lr 3.00e-04 | grad 1.36 | 3.2k tok/s (avg 2.1k) | cert 0.37→0.63 | ticks [4.625 3.984 3.781 3.797] | Δticks -0.828 | dist 3.676 | ETA 1322.4h
step  24580 | T=4 | loss 15.5846 | lr 3.00e-04 | grad 1.18 | 1.8k tok/s (avg 2.1k) | cert 0.56→0.68 | ticks [3.984 3.547 3.359 3.219] | Δticks -0.766 | dist 12.645 | ETA 1322.5h
step  24590 | T=4 | loss 7.1588 | lr 3.00e-04 | grad 1.18 | 3.2k tok/s (avg 2.1k) | cert 0.50→0.65 | ticks [5.094 4.625 4.375 4.312] | Δticks -0.781 | dist 3.267 | ETA 1322.3h
step  24600 | T=4 | loss 9.6037 | lr 3.00e-04 | grad 2.17 | 1.8k tok/s (avg 2.1k) | cert 0.30→0.52 | ticks [6.719 6.188 6.000 5.969] | Δticks -0.750 | dist 4.010 | ETA 1322.4h
step  24610 | T=4 | loss 7.9991 | lr 3.00e-04 | grad 1.65 | 1.8k tok/s (avg 2.1k) | cert 0.52→0.60 | ticks [4.969 4.625 4.562 4.406] | Δticks -0.562 | dist 3.963 | ETA 1322.5h
step  24620 | T=4 | loss 8.8769 | lr 3.00e-04 | grad 1.65 | 3.2k tok/s (avg 2.1k) | cert 0.36→0.54 | ticks [5.500 5.000 5.094 5.031] | Δticks -0.469 | dist 4.304 | ETA 1322.3h
step  24630 | T=4 | loss 8.1653 | lr 3.00e-04 | grad 1.86 | 1.9k tok/s (avg 2.1k) | cert 0.50→0.65 | ticks [5.031 4.188 4.125 4.188] | Δticks -0.844 | dist 4.474 | ETA 1322.4h
step  24640 | T=4 | loss 10.3124 | lr 3.00e-04 | grad 1.43 | 1.8k tok/s (avg 2.1k) | cert 0.62→0.63 | ticks [5.125 4.938 4.875 4.812] | Δticks -0.312 | dist 5.953 | ETA 1322.5h
step  24650 | T=4 | loss 8.8376 | lr 3.00e-04 | grad 1.43 | 3.2k tok/s (avg 2.1k) | cert 0.49→0.62 | ticks [4.594 4.281 4.125 3.969] | Δticks -0.625 | dist 5.284 | ETA 1322.3h
step  24660 | T=4 | loss 8.9565 | lr 3.00e-04 | grad 1.54 | 1.8k tok/s (avg 2.1k) | cert 0.39→0.57 | ticks [6.031 5.562 5.438 5.406] | Δticks -0.625 | dist 3.981 | ETA 1322.4h
step  24670 | T=4 | loss 9.7546 | lr 3.00e-04 | grad 1.54 | 3.2k tok/s (avg 2.1k) | cert 0.50→0.62 | ticks [5.062 4.656 4.344 4.406] | Δticks -0.656 | dist 5.737 | ETA 1322.2h
step  24680 | T=4 | loss 7.4448 | lr 3.00e-04 | grad 1.41 | 1.8k tok/s (avg 2.1k) | cert 0.60→0.64 | ticks [4.438 4.188 4.031 3.922] | Δticks -0.516 | dist 3.881 | ETA 1322.3h
step  24690 | T=4 | loss 8.7592 | lr 3.00e-04 | grad 1.45 | 1.8k tok/s (avg 2.1k) | cert 0.34→0.60 | ticks [5.562 4.719 4.719 4.656] | Δticks -0.906 | dist 4.591 | ETA 1322.4h
step  24700 | T=4 | loss 7.2168 | lr 3.00e-04 | grad 1.45 | 3.2k tok/s (avg 2.1k) | cert 0.49→0.63 | ticks [5.156 4.656 4.438 4.344] | Δticks -0.812 | dist 3.289 | ETA 1322.2h
step  24710 | T=4 | loss 8.0418 | lr 3.00e-04 | grad 1.38 | 1.9k tok/s (avg 2.1k) | cert 0.31→0.56 | ticks [5.656 4.938 4.938 4.938] | Δticks -0.719 | dist 3.631 | ETA 1322.3h
step  24720 | T=4 | loss 9.0673 | lr 3.00e-04 | grad 1.55 | 1.8k tok/s (avg 2.1k) | cert 0.43→0.59 | ticks [5.438 5.094 5.094 4.875] | Δticks -0.562 | dist 4.578 | ETA 1322.4h
step  24730 | T=4 | loss 9.4617 | lr 3.00e-04 | grad 1.55 | 3.2k tok/s (avg 2.1k) | cert 0.49→0.61 | ticks [4.875 4.625 4.344 4.406] | Δticks -0.469 | dist 5.481 | ETA 1322.2h
step  24740 | T=4 | loss 7.8457 | lr 3.00e-04 | grad 1.54 | 1.8k tok/s (avg 2.1k) | cert 0.47→0.64 | ticks [4.656 4.125 3.906 3.922] | Δticks -0.734 | dist 4.401 | ETA 1322.3h
step  24750 | T=4 | loss 6.5187 | lr 3.00e-04 | grad 1.54 | 3.2k tok/s (avg 2.1k) | cert 0.34→0.61 | ticks [5.062 3.875 3.828 3.766] | Δticks -1.297 | dist 3.110 | ETA 1322.1h
step  24760 | T=4 | loss 8.9343 | lr 3.00e-04 | grad 1.45 | 1.8k tok/s (avg 2.1k) | cert 0.26→0.45 | ticks [7.281 6.312 6.250 6.125] | Δticks -1.156 | dist 3.159 | ETA 1322.2h
step  24770 | T=4 | loss 9.8698 | lr 3.00e-04 | grad 1.80 | 1.9k tok/s (avg 2.1k) | cert 0.48→0.59 | ticks [5.594 5.125 4.938 4.906] | Δticks -0.688 | dist 5.384 | ETA 1322.3h
step  24780 | T=4 | loss 13.0538 | lr 3.00e-04 | grad 1.80 | 3.2k tok/s (avg 2.1k) | cert 0.44→0.58 | ticks [6.062 5.125 5.062 5.062] | Δticks -1.000 | dist 8.182 | ETA 1322.1h
step  24790 | T=4 | loss 11.6993 | lr 3.00e-04 | grad 1.45 | 1.8k tok/s (avg 2.1k) | cert 0.73→0.65 | ticks [4.344 4.031 3.953 3.766] | Δticks -0.578 | dist 8.212 | ETA 1322.2h
step  24800 | T=4 | loss 6.8852 | lr 3.00e-04 | grad 1.51 | 1.8k tok/s (avg 2.1k) | cert 0.41→0.64 | ticks [5.219 4.500 4.312 4.281] | Δticks -0.938 | dist 2.989 | ETA 1322.3h
step  24810 | T=4 | loss 8.5897 | lr 3.00e-04 | grad 1.51 | 3.2k tok/s (avg 2.1k) | cert 0.25→0.54 | ticks [6.781 5.719 5.594 5.594] | Δticks -1.188 | dist 3.372 | ETA 1322.1h
step  24820 | T=4 | loss 7.1909 | lr 3.00e-04 | grad 1.62 | 1.8k tok/s (avg 2.1k) | cert 0.43→0.57 | ticks [5.594 5.062 4.969 4.969] | Δticks -0.625 | dist 2.688 | ETA 1322.2h
step  24830 | T=4 | loss 8.8863 | lr 3.00e-04 | grad 1.62 | 3.2k tok/s (avg 2.1k) | cert 0.24→0.47 | ticks [6.438 5.750 5.719 5.594] | Δticks -0.844 | dist 3.734 | ETA 1322.0h
step  24840 | T=4 | loss 5.4151 | lr 3.00e-04 | grad 2.33 | 1.8k tok/s (avg 2.1k) | cert 0.71→0.74 | ticks [2.469 2.500 2.453 2.453] | Δticks -0.016 | dist 3.581 | ETA 1322.1h
step  24850 | T=4 | loss 11.9770 | lr 3.00e-04 | grad 2.58 | 1.8k tok/s (avg 2.1k) | cert 0.62→0.65 | ticks [4.281 4.125 3.922 4.031] | Δticks -0.250 | dist 8.509 | ETA 1322.2h
step  24860 | T=4 | loss 8.0606 | lr 3.00e-04 | grad 2.58 | 3.2k tok/s (avg 2.1k) | cert 0.47→0.63 | ticks [5.156 4.812 4.656 4.562] | Δticks -0.594 | dist 3.994 | ETA 1322.1h
step  24870 | T=4 | loss 7.3971 | lr 3.00e-04 | grad 1.68 | 1.8k tok/s (avg 2.1k) | cert 0.48→0.64 | ticks [4.969 4.625 4.406 4.281] | Δticks -0.688 | dist 3.585 | ETA 1322.1h
step  24880 | T=4 | loss 11.3258 | lr 3.00e-04 | grad 1.53 | 1.8k tok/s (avg 2.1k) | cert 0.32→0.56 | ticks [6.531 5.938 5.625 5.562] | Δticks -0.969 | dist 6.167 | ETA 1322.2h
step  24890 | T=4 | loss 9.4632 | lr 3.00e-04 | grad 1.53 | 3.2k tok/s (avg 2.1k) | cert 0.28→0.51 | ticks [7.000 6.406 6.281 6.188] | Δticks -0.812 | dist 3.680 | ETA 1322.1h
step  24900 | T=4 | loss 12.2063 | lr 3.00e-04 | grad 1.45 | 1.9k tok/s (avg 2.1k) | cert 0.26→0.47 | ticks [6.469 5.844 5.781 5.688] | Δticks -0.781 | dist 6.959 | ETA 1322.1h
step  24910 | T=4 | loss 9.6050 | lr 3.00e-04 | grad 1.45 | 3.2k tok/s (avg 2.1k) | cert 0.23→0.49 | ticks [7.375 6.031 6.062 6.125] | Δticks -1.250 | dist 3.956 | ETA 1322.0h
step  24920 | T=4 | loss 8.9875 | lr 3.00e-04 | grad 1.37 | 1.8k tok/s (avg 2.1k) | cert 0.47→0.63 | ticks [4.375 4.000 3.891 4.000] | Δticks -0.375 | dist 5.505 | ETA 1322.0h
step  24930 | T=4 | loss 9.3496 | lr 3.00e-04 | grad 1.33 | 1.8k tok/s (avg 2.1k) | cert 0.16→0.45 | ticks [8.062 7.219 7.062 7.094] | Δticks -0.969 | dist 2.715 | ETA 1322.1h
step  24940 | T=4 | loss 9.0405 | lr 3.00e-04 | grad 1.33 | 3.2k tok/s (avg 2.1k) | cert 0.35→0.55 | ticks [5.781 5.062 5.188 5.188] | Δticks -0.594 | dist 4.300 | ETA 1322.0h
step  24950 | T=4 | loss 8.9849 | lr 3.00e-04 | grad 1.83 | 1.8k tok/s (avg 2.1k) | cert 0.51→0.64 | ticks [5.188 4.562 4.500 4.406] | Δticks -0.781 | dist 4.945 | ETA 1322.1h
step  24960 | T=4 | loss 8.8686 | lr 3.00e-04 | grad 1.55 | 1.8k tok/s (avg 2.1k) | cert 0.46→0.64 | ticks [5.094 4.562 4.344 4.188] | Δticks -0.906 | dist 5.051 | ETA 1322.1h
step  24970 | T=4 | loss 8.4158 | lr 3.00e-04 | grad 1.55 | 3.2k tok/s (avg 2.1k) | cert 0.63→0.62 | ticks [4.344 4.250 4.156 4.031] | Δticks -0.312 | dist 4.823 | ETA 1322.0h
step  24980 | T=4 | loss 6.9346 | lr 3.00e-04 | grad 1.42 | 1.8k tok/s (avg 2.1k) | cert 0.42→0.64 | ticks [4.781 4.281 4.031 3.875] | Δticks -0.906 | dist 3.504 | ETA 1322.0h
step  24990 | T=4 | loss 11.5498 | lr 3.00e-04 | grad 1.42 | 3.2k tok/s (avg 2.1k) | cert 0.48→0.57 | ticks [4.812 4.438 4.438 4.375] | Δticks -0.438 | dist 7.557 | ETA 1321.9h
step  25000 | T=4 | loss 7.8369 | lr 3.00e-04 | grad 1.53 | 1.8k tok/s (avg 2.1k) | cert 0.49→0.66 | ticks [4.469 4.250 4.062 3.938] | Δticks -0.531 | dist 4.317 | ETA 1322.0h
[CachedTeacherDataset/eval] 9 shards (of 199 total) under teacher_cache/phase1 | seq_len=512 top_k=128
  >>> val @ step 25000:
  T=4 | CE=4.3243 | PPL=75.52 | top1=22.2% | top5=42.8% | (25600 tok)
  Saved checkpoint at step 25000
step  25010 | T=4 | loss 8.6806 | lr 3.00e-04 | grad 1.32 | 0.7k tok/s (avg 2.1k) | cert 0.32→0.55 | ticks [5.688 5.188 5.062 5.031] | Δticks -0.656 | dist 4.043 | ETA 1323.1h
step  25020 | T=4 | loss 8.1633 | lr 3.00e-04 | grad 1.32 | 3.2k tok/s (avg 2.1k) | cert 0.39→0.55 | ticks [6.125 5.438 5.219 5.219] | Δticks -0.906 | dist 3.282 | ETA 1322.9h
step  25030 | T=4 | loss 10.1054 | lr 3.00e-04 | grad 1.56 | 1.9k tok/s (avg 2.1k) | cert 0.33→0.52 | ticks [5.844 5.312 5.219 5.188] | Δticks -0.656 | dist 5.392 | ETA 1323.0h
step  25040 | T=4 | loss 12.9915 | lr 3.00e-04 | grad 1.31 | 1.8k tok/s (avg 2.1k) | cert 0.46→0.57 | ticks [5.469 4.938 4.938 4.938] | Δticks -0.531 | dist 8.454 | ETA 1323.1h
step  25050 | T=4 | loss 7.2705 | lr 3.00e-04 | grad 1.31 | 3.1k tok/s (avg 2.1k) | cert 0.22→0.55 | ticks [6.094 4.938 4.750 4.719] | Δticks -1.375 | dist 2.916 | ETA 1322.9h
step  25060 | T=4 | loss 7.0792 | lr 3.00e-04 | grad 1.32 | 1.9k tok/s (avg 2.1k) | cert 0.50→0.64 | ticks [4.656 4.219 4.156 4.156] | Δticks -0.500 | dist 3.500 | ETA 1323.0h
step  25070 | T=4 | loss 12.9721 | lr 3.00e-04 | grad 1.32 | 3.2k tok/s (avg 2.1k) | cert 0.53→0.62 | ticks [4.750 4.375 4.281 4.281] | Δticks -0.469 | dist 9.177 | ETA 1322.8h
step  25080 | T=4 | loss 8.4085 | lr 3.00e-04 | grad 1.45 | 1.8k tok/s (avg 2.1k) | cert 0.28→0.52 | ticks [6.594 5.688 5.688 5.594] | Δticks -1.000 | dist 3.220 | ETA 1322.9h
step  25090 | T=4 | loss 8.9570 | lr 3.00e-04 | grad 1.52 | 1.8k tok/s (avg 2.1k) | cert 0.41→0.63 | ticks [4.969 4.219 4.156 4.156] | Δticks -0.812 | dist 5.290 | ETA 1323.0h
step  25100 | T=4 | loss 8.2015 | lr 3.00e-04 | grad 1.52 | 3.2k tok/s (avg 2.1k) | cert 0.34→0.57 | ticks [5.781 5.000 5.062 5.031] | Δticks -0.750 | dist 3.692 | ETA 1322.8h
step  25110 | T=4 | loss 8.6889 | lr 3.00e-04 | grad 1.41 | 1.8k tok/s (avg 2.1k) | cert 0.19→0.45 | ticks [7.875 6.688 6.719 6.750] | Δticks -1.125 | dist 2.388 | ETA 1322.9h
step  25120 | T=4 | loss 8.3782 | lr 3.00e-04 | grad 1.26 | 1.8k tok/s (avg 2.1k) | cert 0.27→0.51 | ticks [6.219 5.125 5.125 5.156] | Δticks -1.062 | dist 3.684 | ETA 1323.0h
step  25130 | T=4 | loss 7.0139 | lr 3.00e-04 | grad 1.26 | 3.2k tok/s (avg 2.1k) | cert 0.29→0.62 | ticks [5.000 3.703 3.562 3.547] | Δticks -1.453 | dist 3.828 | ETA 1322.8h
step  25140 | T=4 | loss 8.9294 | lr 3.00e-04 | grad 1.92 | 1.8k tok/s (avg 2.1k) | cert 0.28→0.55 | ticks [6.344 5.344 5.406 5.375] | Δticks -0.969 | dist 3.945 | ETA 1322.9h
step  25150 | T=4 | loss 10.3844 | lr 3.00e-04 | grad 1.92 | 3.2k tok/s (avg 2.1k) | cert 0.49→0.63 | ticks [5.281 4.844 5.000 4.969] | Δticks -0.312 | dist 5.800 | ETA 1322.7h
step  25160 | T=4 | loss 8.0617 | lr 3.00e-04 | grad 1.36 | 1.7k tok/s (avg 2.1k) | cert 0.31→0.55 | ticks [6.125 5.562 5.438 5.406] | Δticks -0.719 | dist 3.121 | ETA 1322.9h
step  25170 | T=4 | loss 8.5894 | lr 3.00e-04 | grad 1.52 | 1.8k tok/s (avg 2.1k) | cert 0.27→0.47 | ticks [7.500 6.625 6.688 6.625] | Δticks -0.875 | dist 2.426 | ETA 1323.0h
step  25180 | T=4 | loss 6.7119 | lr 3.00e-04 | grad 1.52 | 3.2k tok/s (avg 2.1k) | cert 0.52→0.64 | ticks [4.250 3.812 3.641 3.547] | Δticks -0.703 | dist 3.578 | ETA 1322.8h
step  25190 | T=4 | loss 7.8367 | lr 3.00e-04 | grad 1.41 | 1.8k tok/s (avg 2.1k) | cert 0.31→0.54 | ticks [6.750 6.094 5.938 6.000] | Δticks -0.750 | dist 2.296 | ETA 1322.9h
step  25200 | T=4 | loss 7.0763 | lr 3.00e-04 | grad 1.41 | 1.7k tok/s (avg 2.1k) | cert 0.43→0.62 | ticks [4.719 4.062 3.922 3.891] | Δticks -0.828 | dist 3.628 | ETA 1323.0h
step  25210 | T=4 | loss 8.0799 | lr 3.00e-04 | grad 1.41 | 3.2k tok/s (avg 2.1k) | cert 0.30→0.54 | ticks [6.062 5.219 5.094 5.031] | Δticks -1.031 | dist 3.514 | ETA 1322.9h
step  25220 | T=4 | loss 5.7668 | lr 3.00e-04 | grad 1.33 | 1.7k tok/s (avg 2.1k) | cert 0.49→0.66 | ticks [3.844 3.688 3.328 3.328] | Δticks -0.516 | dist 3.007 | ETA 1323.0h
step  25230 | T=4 | loss 8.3314 | lr 3.00e-04 | grad 1.33 | 3.2k tok/s (avg 2.1k) | cert 0.18→0.48 | ticks [7.812 6.656 6.438 6.500] | Δticks -1.312 | dist 2.249 | ETA 1322.8h
step  25240 | T=4 | loss 9.2858 | lr 3.00e-04 | grad 1.56 | 1.7k tok/s (avg 2.1k) | cert 0.30→0.53 | ticks [6.281 5.688 5.562 5.531] | Δticks -0.750 | dist 4.226 | ETA 1322.9h
step  25250 | T=4 | loss 7.5713 | lr 3.00e-04 | grad 1.34 | 1.7k tok/s (avg 2.1k) | cert 0.36→0.57 | ticks [5.281 4.656 4.531 4.469] | Δticks -0.812 | dist 3.469 | ETA 1323.1h
step  25260 | T=4 | loss 8.6046 | lr 3.00e-04 | grad 1.34 | 3.2k tok/s (avg 2.1k) | cert 0.23→0.45 | ticks [7.562 6.750 6.750 6.719] | Δticks -0.844 | dist 2.391 | ETA 1322.9h
step  25270 | T=4 | loss 8.4269 | lr 3.00e-04 | grad 1.48 | 1.7k tok/s (avg 2.1k) | cert 0.38→0.58 | ticks [5.219 4.500 4.438 4.406] | Δticks -0.812 | dist 4.484 | ETA 1323.0h
step  25280 | T=4 | loss 6.7730 | lr 3.00e-04 | grad 1.35 | 1.7k tok/s (avg 2.1k) | cert 0.53→0.66 | ticks [3.859 3.625 3.484 3.453] | Δticks -0.406 | dist 3.872 | ETA 1323.1h
step  25290 | T=4 | loss 8.0083 | lr 3.00e-04 | grad 1.35 | 3.2k tok/s (avg 2.1k) | cert 0.42→0.56 | ticks [6.031 5.406 5.250 5.281] | Δticks -0.750 | dist 3.127 | ETA 1323.0h
step  25300 | T=4 | loss 7.0133 | lr 3.00e-04 | grad 1.50 | 1.8k tok/s (avg 2.1k) | cert 0.53→0.68 | ticks [3.828 3.469 3.281 3.219] | Δticks -0.609 | dist 4.218 | ETA 1323.1h
step  25310 | T=4 | loss 8.8825 | lr 3.00e-04 | grad 1.50 | 3.2k tok/s (avg 2.1k) | cert 0.34→0.54 | ticks [6.000 5.156 5.156 5.125] | Δticks -0.875 | dist 4.221 | ETA 1322.9h
step  25320 | T=4 | loss 10.6731 | lr 3.00e-04 | grad 1.76 | 1.8k tok/s (avg 2.1k) | cert 0.24→0.48 | ticks [7.156 5.969 6.000 6.094] | Δticks -1.062 | dist 5.052 | ETA 1323.0h
step  25330 | T=4 | loss 9.3026 | lr 3.00e-04 | grad 1.49 | 1.7k tok/s (avg 2.1k) | cert 0.68→0.68 | ticks [3.797 3.875 3.703 3.562] | Δticks -0.234 | dist 6.278 | ETA 1323.1h
step  25340 | T=4 | loss 9.1091 | lr 3.00e-04 | grad 1.49 | 3.2k tok/s (avg 2.1k) | cert 0.34→0.52 | ticks [6.531 5.781 5.781 5.781] | Δticks -0.750 | dist 3.854 | ETA 1323.0h
step  25350 | T=4 | loss 10.2645 | lr 3.00e-04 | grad 1.60 | 1.8k tok/s (avg 2.1k) | cert 0.57→0.59 | ticks [5.156 4.688 4.594 4.469] | Δticks -0.688 | dist 6.125 | ETA 1323.1h
step  25360 | T=4 | loss 8.7858 | lr 3.00e-04 | grad 1.38 | 1.7k tok/s (avg 2.1k) | cert 0.28→0.48 | ticks [6.125 5.625 5.688 5.688] | Δticks -0.438 | dist 3.649 | ETA 1323.2h
step  25370 | T=4 | loss 8.2669 | lr 3.00e-04 | grad 1.38 | 3.2k tok/s (avg 2.1k) | cert 0.25→0.51 | ticks [6.969 6.375 6.312 6.281] | Δticks -0.688 | dist 2.451 | ETA 1323.0h
step  25380 | T=4 | loss 9.4771 | lr 3.00e-04 | grad 1.46 | 1.7k tok/s (avg 2.1k) | cert 0.47→0.62 | ticks [5.031 4.438 4.125 4.125] | Δticks -0.906 | dist 5.738 | ETA 1323.2h
step  25390 | T=4 | loss 9.6956 | lr 3.00e-04 | grad 1.46 | 3.2k tok/s (avg 2.1k) | cert 0.43→0.60 | ticks [4.906 4.406 4.219 4.094] | Δticks -0.812 | dist 5.883 | ETA 1323.0h
step  25400 | T=4 | loss 7.2670 | lr 3.00e-04 | grad 1.99 | 1.7k tok/s (avg 2.1k) | cert 0.47→0.60 | ticks [5.406 4.844 4.656 4.688] | Δticks -0.719 | dist 3.025 | ETA 1323.1h
step  25410 | T=4 | loss 8.4214 | lr 3.00e-04 | grad 1.98 | 1.8k tok/s (avg 2.1k) | cert 0.43→0.55 | ticks [5.344 4.656 4.625 4.531] | Δticks -0.812 | dist 4.292 | ETA 1323.2h
step  25420 | T=4 | loss 10.7961 | lr 3.00e-04 | grad 1.98 | 3.2k tok/s (avg 2.1k) | cert 0.64→0.65 | ticks [4.000 3.812 3.781 3.750] | Δticks -0.250 | dist 7.583 | ETA 1323.1h
step  25430 | T=4 | loss 8.8783 | lr 3.00e-04 | grad 1.53 | 1.7k tok/s (avg 2.1k) | cert 0.43→0.57 | ticks [5.312 4.875 4.906 4.750] | Δticks -0.562 | dist 4.554 | ETA 1323.2h
step  25440 | T=4 | loss 10.4977 | lr 3.00e-04 | grad 1.22 | 1.7k tok/s (avg 2.1k) | cert 0.34→0.54 | ticks [6.375 5.375 5.219 5.312] | Δticks -1.062 | dist 5.539 | ETA 1323.3h
step  25450 | T=4 | loss 9.8090 | lr 3.00e-04 | grad 1.22 | 3.2k tok/s (avg 2.1k) | cert 0.46→0.59 | ticks [5.219 4.750 4.625 4.625] | Δticks -0.594 | dist 5.588 | ETA 1323.2h
step  25460 | T=4 | loss 7.6547 | lr 3.00e-04 | grad 1.52 | 1.7k tok/s (avg 2.1k) | cert 0.59→0.68 | ticks [3.297 3.016 3.109 2.969] | Δticks -0.328 | dist 5.116 | ETA 1323.3h
step  25470 | T=4 | loss 10.7745 | lr 3.00e-04 | grad 1.52 | 3.2k tok/s (avg 2.1k) | cert 0.34→0.54 | ticks [7.375 6.656 6.438 6.469] | Δticks -0.906 | dist 4.605 | ETA 1323.1h
step  25480 | T=4 | loss 7.4012 | lr 3.00e-04 | grad 1.38 | 1.8k tok/s (avg 2.1k) | cert 0.57→0.67 | ticks [3.734 3.312 3.266 3.188] | Δticks -0.547 | dist 4.668 | ETA 1323.2h
step  25490 | T=4 | loss 5.9905 | lr 3.00e-04 | grad 1.92 | 1.7k tok/s (avg 2.1k) | cert 0.44→0.65 | ticks [4.406 3.734 3.547 3.500] | Δticks -0.906 | dist 2.886 | ETA 1323.4h
step  25500 | T=4 | loss 7.7929 | lr 3.00e-04 | grad 1.92 | 3.2k tok/s (avg 2.1k) | cert 0.53→0.63 | ticks [4.156 3.734 3.688 3.609] | Δticks -0.547 | dist 4.650 | ETA 1323.2h
step  25510 | T=4 | loss 9.7630 | lr 3.00e-04 | grad 1.61 | 1.8k tok/s (avg 2.1k) | cert 0.38→0.54 | ticks [5.594 4.906 4.875 4.844] | Δticks -0.750 | dist 5.285 | ETA 1323.3h
step  25520 | T=4 | loss 8.6130 | lr 3.00e-04 | grad 1.47 | 1.7k tok/s (avg 2.1k) | cert 0.38→0.57 | ticks [5.594 4.906 4.906 4.938] | Δticks -0.656 | dist 4.102 | ETA 1323.4h
step  25530 | T=4 | loss 9.3118 | lr 3.00e-04 | grad 1.47 | 3.2k tok/s (avg 2.1k) | cert 0.38→0.54 | ticks [5.531 4.969 4.812 4.750] | Δticks -0.781 | dist 4.905 | ETA 1323.3h
step  25540 | T=4 | loss 10.2041 | lr 3.00e-04 | grad 1.53 | 1.7k tok/s (avg 2.1k) | cert 0.57→0.64 | ticks [4.312 3.953 3.844 3.812] | Δticks -0.500 | dist 6.887 | ETA 1323.4h
step  25550 | T=4 | loss 6.2441 | lr 3.00e-04 | grad 1.53 | 3.2k tok/s (avg 2.1k) | cert 0.45→0.66 | ticks [4.344 3.906 3.766 3.688] | Δticks -0.656 | dist 3.050 | ETA 1323.2h
step  25560 | T=4 | loss 8.4823 | lr 3.00e-04 | grad 1.41 | 1.8k tok/s (avg 2.1k) | cert 0.40→0.60 | ticks [5.000 4.281 4.281 4.312] | Δticks -0.688 | dist 4.645 | ETA 1323.3h
step  25570 | T=4 | loss 7.8615 | lr 3.00e-04 | grad 1.52 | 1.7k tok/s (avg 2.1k) | cert 0.45→0.62 | ticks [4.938 4.344 4.250 4.125] | Δticks -0.812 | dist 4.170 | ETA 1323.4h
step  25580 | T=4 | loss 6.0880 | lr 3.00e-04 | grad 1.52 | 3.2k tok/s (avg 2.1k) | cert 0.30→0.62 | ticks [5.156 4.031 3.891 3.875] | Δticks -1.281 | dist 2.623 | ETA 1323.3h
step  25590 | T=4 | loss 7.1908 | lr 3.00e-04 | grad 1.47 | 1.7k tok/s (avg 2.1k) | cert 0.48→0.61 | ticks [4.469 3.938 3.688 3.641] | Δticks -0.828 | dist 4.049 | ETA 1323.4h
step  25600 | T=4 | loss 8.0321 | lr 3.00e-04 | grad 2.14 | 1.6k tok/s (avg 2.1k) | cert 0.40→0.56 | ticks [5.094 4.594 4.562 4.469] | Δticks -0.625 | dist 3.962 | ETA 1323.6h
step  25610 | T=4 | loss 7.5057 | lr 3.00e-04 | grad 2.14 | 3.2k tok/s (avg 2.1k) | cert 0.35→0.61 | ticks [5.562 4.938 4.750 4.688] | Δticks -0.875 | dist 3.258 | ETA 1323.4h
step  25620 | T=4 | loss 8.3024 | lr 3.00e-04 | grad 1.75 | 1.7k tok/s (avg 2.1k) | cert 0.54→0.62 | ticks [4.594 3.984 3.891 3.906] | Δticks -0.688 | dist 4.865 | ETA 1323.6h
step  25630 | T=4 | loss 8.7455 | lr 3.00e-04 | grad 1.75 | 3.2k tok/s (avg 2.1k) | cert 0.73→0.69 | ticks [3.422 3.438 3.625 3.547] | Δticks +0.125 | dist 5.905 | ETA 1323.4h
step  25640 | T=4 | loss 8.1704 | lr 3.00e-04 | grad 2.08 | 1.8k tok/s (avg 2.1k) | cert 0.48→0.57 | ticks [5.031 4.875 4.750 4.719] | Δticks -0.312 | dist 3.868 | ETA 1323.5h
step  25650 | T=4 | loss 8.8200 | lr 3.00e-04 | grad 1.71 | 1.8k tok/s (avg 2.1k) | cert 0.44→0.63 | ticks [5.156 4.531 4.344 4.375] | Δticks -0.781 | dist 4.843 | ETA 1323.6h
step  25660 | T=4 | loss 8.4923 | lr 3.00e-04 | grad 1.71 | 3.1k tok/s (avg 2.1k) | cert 0.40→0.58 | ticks [6.000 5.219 5.219 5.156] | Δticks -0.844 | dist 3.709 | ETA 1323.5h
step  25670 | T=4 | loss 11.4608 | lr 3.00e-04 | grad 1.98 | 1.7k tok/s (avg 2.1k) | cert 0.51→0.63 | ticks [5.125 4.625 4.594 4.562] | Δticks -0.562 | dist 7.379 | ETA 1323.6h
step  25680 | T=4 | loss 9.8285 | lr 3.00e-04 | grad 1.64 | 1.8k tok/s (avg 2.1k) | cert 0.33→0.57 | ticks [6.094 5.562 5.375 5.250] | Δticks -0.844 | dist 4.981 | ETA 1323.7h
step  25690 | T=4 | loss 8.2001 | lr 3.00e-04 | grad 1.64 | 3.2k tok/s (avg 2.1k) | cert 0.33→0.61 | ticks [5.531 4.969 4.844 4.688] | Δticks -0.844 | dist 3.942 | ETA 1323.5h
step  25700 | T=4 | loss 7.7100 | lr 3.00e-04 | grad 1.98 | 1.8k tok/s (avg 2.1k) | cert 0.35→0.56 | ticks [5.812 5.344 5.094 5.000] | Δticks -0.812 | dist 3.108 | ETA 1323.6h
step  25710 | T=4 | loss 7.7413 | lr 3.00e-04 | grad 1.98 | 3.2k tok/s (avg 2.1k) | cert 0.39→0.64 | ticks [5.188 4.594 4.531 4.406] | Δticks -0.781 | dist 3.837 | ETA 1323.4h
step  25720 | T=4 | loss 8.6853 | lr 3.00e-04 | grad 1.16 | 1.8k tok/s (avg 2.1k) | cert 0.44→0.63 | ticks [5.438 4.750 4.562 4.562] | Δticks -0.875 | dist 4.623 | ETA 1323.5h
step  25730 | T=4 | loss 10.4202 | lr 3.00e-04 | grad 1.90 | 1.8k tok/s (avg 2.1k) | cert 0.28→0.50 | ticks [6.812 5.719 5.656 5.719] | Δticks -1.094 | dist 5.186 | ETA 1323.6h
step  25740 | T=4 | loss 8.2394 | lr 3.00e-04 | grad 1.90 | 3.2k tok/s (avg 2.1k) | cert 0.36→0.56 | ticks [6.156 5.438 5.375 5.375] | Δticks -0.781 | dist 3.331 | ETA 1323.4h
step  25750 | T=4 | loss 12.2493 | lr 3.00e-04 | grad 2.06 | 1.8k tok/s (avg 2.1k) | cert 0.21→0.49 | ticks [7.188 6.562 6.469 6.438] | Δticks -0.750 | dist 6.346 | ETA 1323.5h
step  25760 | T=4 | loss 14.2803 | lr 3.00e-04 | grad 1.53 | 1.8k tok/s (avg 2.1k) | cert 0.29→0.51 | ticks [6.750 6.031 5.969 5.906] | Δticks -0.844 | dist 8.740 | ETA 1323.6h
step  25770 | T=4 | loss 10.1296 | lr 3.00e-04 | grad 1.53 | 3.2k tok/s (avg 2.1k) | cert 0.69→0.71 | ticks [4.125 3.859 3.734 3.594] | Δticks -0.531 | dist 6.926 | ETA 1323.5h
step  25780 | T=4 | loss 8.2978 | lr 3.00e-04 | grad 1.39 | 1.8k tok/s (avg 2.1k) | cert 0.44→0.59 | ticks [5.344 5.031 4.938 4.812] | Δticks -0.531 | dist 3.883 | ETA 1323.5h
step  25790 | T=4 | loss 8.9431 | lr 3.00e-04 | grad 1.39 | 3.2k tok/s (avg 2.1k) | cert 0.60→0.64 | ticks [4.844 4.375 4.219 4.219] | Δticks -0.625 | dist 5.021 | ETA 1323.4h
step  25800 | T=4 | loss 7.7063 | lr 3.00e-04 | grad 1.44 | 1.8k tok/s (avg 2.1k) | cert 0.38→0.56 | ticks [5.312 4.844 4.875 4.688] | Δticks -0.625 | dist 3.374 | ETA 1323.5h
step  25810 | T=4 | loss 8.7894 | lr 3.00e-04 | grad 1.66 | 1.8k tok/s (avg 2.1k) | cert 0.28→0.52 | ticks [6.500 5.594 5.531 5.406] | Δticks -1.094 | dist 3.726 | ETA 1323.6h
step  25820 | T=4 | loss 7.6740 | lr 3.00e-04 | grad 1.66 | 3.2k tok/s (avg 2.1k) | cert 0.52→0.64 | ticks [5.156 4.594 4.375 4.312] | Δticks -0.844 | dist 3.732 | ETA 1323.4h
step  25830 | T=4 | loss 7.4954 | lr 3.00e-04 | grad 1.27 | 1.8k tok/s (avg 2.1k) | cert 0.66→0.68 | ticks [4.250 4.031 3.953 3.969] | Δticks -0.281 | dist 3.829 | ETA 1323.5h
step  25840 | T=4 | loss 7.5089 | lr 3.00e-04 | grad 1.49 | 1.8k tok/s (avg 2.1k) | cert 0.42→0.61 | ticks [5.656 4.875 4.781 4.688] | Δticks -0.969 | dist 3.193 | ETA 1323.6h
step  25850 | T=4 | loss 8.2533 | lr 3.00e-04 | grad 1.49 | 3.2k tok/s (avg 2.1k) | cert 0.45→0.58 | ticks [5.250 4.531 4.500 4.438] | Δticks -0.812 | dist 4.119 | ETA 1323.4h
step  25860 | T=4 | loss 8.6676 | lr 3.00e-04 | grad 1.41 | 1.8k tok/s (avg 2.1k) | cert 0.50→0.64 | ticks [5.125 4.719 4.406 4.344] | Δticks -0.781 | dist 4.676 | ETA 1323.5h
step  25870 | T=4 | loss 13.6112 | lr 3.00e-04 | grad 1.41 | 3.2k tok/s (avg 2.1k) | cert 0.48→0.59 | ticks [5.375 4.938 4.812 4.844] | Δticks -0.531 | dist 9.197 | ETA 1323.3h
step  25880 | T=4 | loss 9.1817 | lr 3.00e-04 | grad 1.34 | 1.8k tok/s (avg 2.1k) | cert 0.60→0.67 | ticks [4.281 4.125 3.719 3.719] | Δticks -0.562 | dist 5.889 | ETA 1323.4h
step  25890 | T=4 | loss 8.8843 | lr 3.00e-04 | grad 1.90 | 1.8k tok/s (avg 2.1k) | cert 0.41→0.63 | ticks [5.500 4.719 4.625 4.594] | Δticks -0.906 | dist 4.819 | ETA 1323.5h
step  25900 | T=4 | loss 9.0870 | lr 3.00e-04 | grad 1.90 | 3.2k tok/s (avg 2.1k) | cert 0.50→0.63 | ticks [4.938 4.344 4.375 4.312] | Δticks -0.625 | dist 5.330 | ETA 1323.3h
step  25910 | T=4 | loss 7.5540 | lr 3.00e-04 | grad 2.19 | 1.8k tok/s (avg 2.1k) | cert 0.53→0.63 | ticks [4.594 4.125 3.969 3.828] | Δticks -0.766 | dist 4.121 | ETA 1323.4h
step  25920 | T=4 | loss 11.8240 | lr 3.00e-04 | grad 1.39 | 1.8k tok/s (avg 2.1k) | cert 0.33→0.55 | ticks [6.500 5.969 5.812 5.844] | Δticks -0.656 | dist 6.511 | ETA 1323.5h
step  25930 | T=4 | loss 9.3390 | lr 3.00e-04 | grad 1.39 | 3.2k tok/s (avg 2.1k) | cert 0.58→0.63 | ticks [4.281 3.938 3.938 3.844] | Δticks -0.438 | dist 6.003 | ETA 1323.3h
step  25940 | T=4 | loss 11.2379 | lr 3.00e-04 | grad 1.40 | 1.8k tok/s (avg 2.1k) | cert 0.44→0.59 | ticks [5.406 4.812 4.719 4.656] | Δticks -0.750 | dist 6.933 | ETA 1323.4h
step  25950 | T=4 | loss 7.3418 | lr 3.00e-04 | grad 1.40 | 3.2k tok/s (avg 2.1k) | cert 0.43→0.61 | ticks [5.312 4.500 4.281 4.281] | Δticks -1.031 | dist 3.522 | ETA 1323.2h
step  25960 | T=4 | loss 7.5173 | lr 3.00e-04 | grad 2.05 | 1.8k tok/s (avg 2.1k) | cert 0.50→0.60 | ticks [5.125 4.750 4.625 4.594] | Δticks -0.531 | dist 3.344 | ETA 1323.3h
step  25970 | T=4 | loss 8.1050 | lr 3.00e-04 | grad 1.77 | 1.8k tok/s (avg 2.1k) | cert 0.29→0.54 | ticks [6.062 5.531 5.406 5.438] | Δticks -0.625 | dist 3.156 | ETA 1323.4h
step  25980 | T=4 | loss 9.0584 | lr 3.00e-04 | grad 1.77 | 3.2k tok/s (avg 2.1k) | cert 0.41→0.57 | ticks [5.375 4.938 4.812 4.781] | Δticks -0.594 | dist 4.608 | ETA 1323.2h
step  25990 | T=4 | loss 12.8236 | lr 3.00e-04 | grad 1.95 | 1.8k tok/s (avg 2.1k) | cert 0.31→0.51 | ticks [6.562 5.844 5.750 5.656] | Δticks -0.906 | dist 7.633 | ETA 1323.3h
step  26000 | T=4 | loss 9.8119 | lr 3.00e-04 | grad 1.50 | 1.8k tok/s (avg 2.1k) | cert 0.40→0.56 | ticks [5.656 5.031 4.938 4.812] | Δticks -0.844 | dist 5.266 | ETA 1323.4h
[CachedTeacherDataset/eval] 9 shards (of 199 total) under teacher_cache/phase1 | seq_len=512 top_k=128
  >>> val @ step 26000:
  T=4 | CE=4.3045 | PPL=74.03 | top1=22.0% | top5=42.3% | (25600 tok)
step  26010 | T=4 | loss 7.0642 | lr 3.00e-04 | grad 1.50 | 0.9k tok/s (avg 2.1k) | cert 0.52→0.65 | ticks [4.219 3.734 3.562 3.500] | Δticks -0.719 | dist 3.985 | ETA 1324.1h
step  26020 | T=4 | loss 7.5150 | lr 3.00e-04 | grad 1.53 | 2.1k tok/s (avg 2.1k) | cert 0.58→0.64 | ticks [4.469 3.984 3.953 3.859] | Δticks -0.609 | dist 3.993 | ETA 1324.1h
step  26030 | T=4 | loss 9.7300 | lr 3.00e-04 | grad 1.53 | 3.2k tok/s (avg 2.1k) | cert 0.36→0.54 | ticks [5.688 5.000 4.969 4.812] | Δticks -0.875 | dist 5.266 | ETA 1323.9h
step  26040 | T=4 | loss 7.2397 | lr 3.00e-04 | grad 1.49 | 1.7k tok/s (avg 2.1k) | cert 0.44→0.61 | ticks [4.938 4.406 4.312 4.188] | Δticks -0.750 | dist 3.549 | ETA 1324.0h
step  26050 | T=4 | loss 7.3431 | lr 3.00e-04 | grad 1.34 | 1.7k tok/s (avg 2.1k) | cert 0.42→0.64 | ticks [5.188 4.594 4.281 4.219] | Δticks -0.969 | dist 3.497 | ETA 1324.2h
step  26060 | T=4 | loss 6.9775 | lr 3.00e-04 | grad 1.34 | 3.1k tok/s (avg 2.1k) | cert 0.49→0.62 | ticks [4.156 4.000 3.641 3.688] | Δticks -0.469 | dist 3.789 | ETA 1324.0h
step  26070 | T=4 | loss 10.1037 | lr 3.00e-04 | grad 1.68 | 1.8k tok/s (avg 2.1k) | cert 0.33→0.55 | ticks [6.062 5.375 5.375 5.406] | Δticks -0.656 | dist 5.198 | ETA 1324.1h
step  26080 | T=4 | loss 7.7500 | lr 3.00e-04 | grad 1.37 | 1.7k tok/s (avg 2.1k) | cert 0.45→0.63 | ticks [5.094 4.719 4.688 4.625] | Δticks -0.469 | dist 3.606 | ETA 1324.2h
step  26090 | T=4 | loss 8.2644 | lr 3.00e-04 | grad 1.37 | 3.2k tok/s (avg 2.1k) | cert 0.32→0.54 | ticks [6.500 5.656 5.562 5.625] | Δticks -0.875 | dist 3.157 | ETA 1324.1h
step  26100 | T=4 | loss 7.5695 | lr 3.00e-04 | grad 1.50 | 1.8k tok/s (avg 2.1k) | cert 0.55→0.65 | ticks [3.953 3.656 3.719 3.734] | Δticks -0.219 | dist 4.426 | ETA 1324.2h
step  26110 | T=4 | loss 8.0048 | lr 3.00e-04 | grad 1.50 | 3.2k tok/s (avg 2.1k) | cert 0.57→0.64 | ticks [4.438 3.875 3.500 3.500] | Δticks -0.938 | dist 4.866 | ETA 1324.0h
step  26120 | T=4 | loss 9.3773 | lr 3.00e-04 | grad 1.57 | 1.8k tok/s (avg 2.1k) | cert 0.26→0.51 | ticks [6.938 6.062 5.938 5.906] | Δticks -1.031 | dist 3.879 | ETA 1324.1h
step  26130 | T=4 | loss 7.4209 | lr 3.00e-04 | grad 1.83 | 1.8k tok/s (avg 2.1k) | cert 0.55→0.64 | ticks [4.781 4.219 3.844 3.906] | Δticks -0.875 | dist 3.904 | ETA 1324.2h
step  26140 | T=4 | loss 13.0305 | lr 3.00e-04 | grad 1.83 | 3.2k tok/s (avg 2.1k) | cert 0.63→0.68 | ticks [4.656 3.969 4.125 4.062] | Δticks -0.594 | dist 9.330 | ETA 1324.1h
step  26150 | T=4 | loss 6.9509 | lr 3.00e-04 | grad 1.72 | 1.7k tok/s (avg 2.1k) | cert 0.44→0.63 | ticks [4.625 4.156 3.828 3.719] | Δticks -0.906 | dist 3.503 | ETA 1324.2h
step  26160 | T=4 | loss 10.1906 | lr 3.00e-04 | grad 1.34 | 1.8k tok/s (avg 2.1k) | cert 0.57→0.61 | ticks [4.375 4.094 4.219 4.125] | Δticks -0.250 | dist 6.504 | ETA 1324.3h
step  26170 | T=4 | loss 8.0369 | lr 3.00e-04 | grad 1.34 | 3.2k tok/s (avg 2.1k) | cert 0.27→0.51 | ticks [6.375 5.781 5.562 5.562] | Δticks -0.812 | dist 2.846 | ETA 1324.1h
step  26180 | T=4 | loss 8.1961 | lr 3.00e-04 | grad 1.77 | 1.8k tok/s (avg 2.1k) | cert 0.35→0.62 | ticks [5.031 4.312 4.188 4.312] | Δticks -0.719 | dist 4.533 | ETA 1324.2h
step  26190 | T=4 | loss 7.7658 | lr 3.00e-04 | grad 1.77 | 3.2k tok/s (avg 2.1k) | cert 0.54→0.67 | ticks [4.062 3.609 3.484 3.359] | Δticks -0.703 | dist 4.813 | ETA 1324.1h
step  26200 | T=4 | loss 8.4537 | lr 3.00e-04 | grad 1.38 | 1.8k tok/s (avg 2.1k) | cert 0.28→0.54 | ticks [6.500 5.625 5.562 5.500] | Δticks -1.000 | dist 3.389 | ETA 1324.2h
step  26210 | T=4 | loss 13.9314 | lr 3.00e-04 | grad 1.42 | 1.8k tok/s (avg 2.1k) | cert 0.43→0.54 | ticks [4.781 4.375 4.344 4.281] | Δticks -0.500 | dist 10.018 | ETA 1324.3h
step  26220 | T=4 | loss 9.4864 | lr 3.00e-04 | grad 1.42 | 3.2k tok/s (avg 2.1k) | cert 0.25→0.53 | ticks [7.031 6.094 5.875 5.844] | Δticks -1.188 | dist 4.002 | ETA 1324.1h
step  26230 | T=4 | loss 7.7330 | lr 3.00e-04 | grad 1.66 | 1.8k tok/s (avg 2.1k) | cert 0.34→0.56 | ticks [6.281 5.562 5.406 5.406] | Δticks -0.875 | dist 2.667 | ETA 1324.2h
step  26240 | T=4 | loss 11.9673 | lr 3.00e-04 | grad 1.41 | 1.8k tok/s (avg 2.1k) | cert 0.33→0.54 | ticks [6.625 5.938 5.719 5.812] | Δticks -0.812 | dist 6.614 | ETA 1324.3h
step  26250 | T=4 | loss 10.9561 | lr 3.00e-04 | grad 1.41 | 3.2k tok/s (avg 2.1k) | cert 0.58→0.61 | ticks [4.719 4.281 4.281 4.250] | Δticks -0.469 | dist 7.084 | ETA 1324.1h
step  26260 | T=4 | loss 9.9094 | lr 3.00e-04 | grad 1.28 | 1.8k tok/s (avg 2.1k) | cert 0.66→0.64 | ticks [3.359 3.250 3.141 3.141] | Δticks -0.219 | dist 7.118 | ETA 1324.2h
step  26270 | T=4 | loss 9.6333 | lr 3.00e-04 | grad 1.28 | 3.2k tok/s (avg 2.1k) | cert 0.40→0.56 | ticks [5.594 5.125 5.125 5.125] | Δticks -0.469 | dist 5.072 | ETA 1324.0h
step  26280 | T=4 | loss 14.2111 | lr 3.00e-04 | grad 1.34 | 1.8k tok/s (avg 2.1k) | cert 0.53→0.61 | ticks [5.500 5.000 4.906 4.969] | Δticks -0.531 | dist 9.664 | ETA 1324.1h
step  26290 | T=4 | loss 7.4045 | lr 3.00e-04 | grad 1.49 | 1.8k tok/s (avg 2.1k) | cert 0.47→0.64 | ticks [4.375 3.812 3.688 3.609] | Δticks -0.766 | dist 4.242 | ETA 1324.2h
step  26300 | T=4 | loss 8.2135 | lr 3.00e-04 | grad 1.49 | 3.2k tok/s (avg 2.1k) | cert 0.28→0.52 | ticks [6.719 5.812 5.719 5.750] | Δticks -0.969 | dist 2.942 | ETA 1324.1h
step  26310 | T=4 | loss 8.3194 | lr 3.00e-04 | grad 1.79 | 1.8k tok/s (avg 2.1k) | cert 0.31→0.54 | ticks [6.688 5.938 5.906 5.844] | Δticks -0.844 | dist 2.884 | ETA 1324.1h
step  26320 | T=4 | loss 10.5051 | lr 3.00e-04 | grad 1.30 | 1.8k tok/s (avg 2.1k) | cert 0.44→0.58 | ticks [5.062 4.531 4.469 4.406] | Δticks -0.656 | dist 6.534 | ETA 1324.2h
step  26330 | T=4 | loss 9.6665 | lr 3.00e-04 | grad 1.30 | 3.2k tok/s (avg 2.1k) | cert 0.60→0.62 | ticks [4.312 3.984 3.812 3.781] | Δticks -0.531 | dist 6.374 | ETA 1324.1h
step  26340 | T=4 | loss 6.2995 | lr 3.00e-04 | grad 1.52 | 1.8k tok/s (avg 2.1k) | cert 0.41→0.61 | ticks [4.875 4.250 4.125 3.969] | Δticks -0.906 | dist 2.718 | ETA 1324.2h
step  26350 | T=4 | loss 6.8376 | lr 3.00e-04 | grad 1.52 | 3.2k tok/s (avg 2.1k) | cert 0.43→0.62 | ticks [5.094 4.406 4.188 4.094] | Δticks -1.000 | dist 3.113 | ETA 1324.0h
step  26360 | T=4 | loss 8.0847 | lr 3.00e-04 | grad 1.54 | 1.8k tok/s (avg 2.1k) | cert 0.46→0.58 | ticks [4.906 4.719 4.719 4.625] | Δticks -0.281 | dist 3.944 | ETA 1324.1h
step  26370 | T=4 | loss 6.8093 | lr 3.00e-04 | grad 1.52 | 1.8k tok/s (avg 2.1k) | cert 0.62→0.64 | ticks [3.891 3.625 3.578 3.562] | Δticks -0.328 | dist 3.731 | ETA 1324.2h
step  26380 | T=4 | loss 9.0666 | lr 3.00e-04 | grad 1.52 | 3.2k tok/s (avg 2.1k) | cert 0.27→0.52 | ticks [6.875 6.062 6.094 6.000] | Δticks -0.875 | dist 3.494 | ETA 1324.0h
step  26390 | T=4 | loss 11.3916 | lr 3.00e-04 | grad 1.48 | 1.8k tok/s (avg 2.1k) | cert 0.72→0.71 | ticks [4.062 3.734 3.609 3.734] | Δticks -0.328 | dist 8.121 | ETA 1324.1h
step  26400 | T=4 | loss 6.7786 | lr 3.00e-04 | grad 1.45 | 1.8k tok/s (avg 2.1k) | cert 0.58→0.64 | ticks [3.938 3.594 3.531 3.531] | Δticks -0.406 | dist 3.863 | ETA 1324.2h
step  26410 | T=4 | loss 8.4555 | lr 3.00e-04 | grad 1.45 | 3.2k tok/s (avg 2.1k) | cert 0.54→0.61 | ticks [4.312 4.125 4.125 4.188] | Δticks -0.125 | dist 4.730 | ETA 1324.0h
step  26420 | T=4 | loss 10.0950 | lr 3.00e-04 | grad 1.46 | 1.7k tok/s (avg 2.1k) | cert 0.49→0.59 | ticks [5.844 5.312 5.281 5.219] | Δticks -0.625 | dist 5.307 | ETA 1324.1h
step  26430 | T=4 | loss 5.9668 | lr 3.00e-04 | grad 1.46 | 3.2k tok/s (avg 2.1k) | cert 0.29→0.63 | ticks [5.062 3.812 3.625 3.609] | Δticks -1.453 | dist 2.761 | ETA 1324.0h
step  26440 | T=4 | loss 8.1312 | lr 3.00e-04 | grad 1.28 | 1.8k tok/s (avg 2.1k) | cert 0.67→0.70 | ticks [4.125 3.781 3.578 3.422] | Δticks -0.703 | dist 4.998 | ETA 1324.1h
step  26450 | T=4 | loss 7.5852 | lr 3.00e-04 | grad 1.34 | 1.8k tok/s (avg 2.1k) | cert 0.37→0.62 | ticks [5.031 4.469 4.438 4.344] | Δticks -0.688 | dist 3.725 | ETA 1324.2h
step  26460 | T=4 | loss 7.9992 | lr 3.00e-04 | grad 1.34 | 3.2k tok/s (avg 2.1k) | cert 0.37→0.57 | ticks [5.594 4.906 4.844 4.781] | Δticks -0.812 | dist 3.593 | ETA 1324.0h
step  26470 | T=4 | loss 10.1042 | lr 3.00e-04 | grad 1.44 | 1.8k tok/s (avg 2.1k) | cert 0.44→0.60 | ticks [5.344 4.875 4.781 4.656] | Δticks -0.688 | dist 5.848 | ETA 1324.1h
step  26480 | T=4 | loss 8.7524 | lr 3.00e-04 | grad 1.37 | 1.8k tok/s (avg 2.1k) | cert 0.56→0.66 | ticks [4.406 3.828 3.734 3.781] | Δticks -0.625 | dist 5.441 | ETA 1324.2h
step  26490 | T=4 | loss 6.3762 | lr 3.00e-04 | grad 1.37 | 3.2k tok/s (avg 2.1k) | cert 0.36→0.63 | ticks [4.781 3.859 3.891 3.797] | Δticks -0.984 | dist 2.909 | ETA 1324.1h
step  26500 | T=4 | loss 10.0149 | lr 3.00e-04 | grad 1.37 | 1.8k tok/s (avg 2.1k) | cert 0.65→0.62 | ticks [4.094 4.000 3.922 3.891] | Δticks -0.203 | dist 6.582 | ETA 1324.2h
step  26510 | T=4 | loss 8.0257 | lr 3.00e-04 | grad 1.37 | 3.2k tok/s (avg 2.1k) | cert 0.73→0.73 | ticks [3.219 3.203 2.953 3.000] | Δticks -0.219 | dist 5.525 | ETA 1324.0h
step  26520 | T=4 | loss 9.4118 | lr 3.00e-04 | grad 1.35 | 1.8k tok/s (avg 2.1k) | cert 0.39→0.59 | ticks [5.312 4.500 4.344 4.344] | Δticks -0.969 | dist 5.525 | ETA 1324.1h
step  26530 | T=4 | loss 7.9743 | lr 3.00e-04 | grad 1.37 | 1.8k tok/s (avg 2.1k) | cert 0.36→0.54 | ticks [5.938 5.312 5.219 5.125] | Δticks -0.812 | dist 3.225 | ETA 1324.2h
step  26540 | T=4 | loss 7.7699 | lr 3.00e-04 | grad 1.37 | 3.2k tok/s (avg 2.1k) | cert 0.39→0.55 | ticks [5.656 5.188 5.031 4.938] | Δticks -0.719 | dist 3.239 | ETA 1324.0h
step  26550 | T=4 | loss 7.1595 | lr 3.00e-04 | grad 1.28 | 1.8k tok/s (avg 2.1k) | cert 0.37→0.61 | ticks [5.312 4.719 4.469 4.375] | Δticks -0.938 | dist 3.202 | ETA 1324.1h
step  26560 | T=4 | loss 11.2672 | lr 3.00e-04 | grad 1.46 | 1.8k tok/s (avg 2.1k) | cert 0.32→0.52 | ticks [5.812 5.406 5.281 5.156] | Δticks -0.656 | dist 6.519 | ETA 1324.2h
step  26570 | T=4 | loss 13.2811 | lr 3.00e-04 | grad 1.46 | 3.2k tok/s (avg 2.1k) | cert 0.34→0.53 | ticks [5.656 5.281 5.094 5.031] | Δticks -0.625 | dist 8.655 | ETA 1324.0h
step  26580 | T=4 | loss 9.8416 | lr 3.00e-04 | grad 1.52 | 1.7k tok/s (avg 2.1k) | cert 0.32→0.54 | ticks [6.156 5.375 5.312 5.219] | Δticks -0.938 | dist 4.964 | ETA 1324.1h
step  26590 | T=4 | loss 6.8863 | lr 3.00e-04 | grad 1.52 | 3.2k tok/s (avg 2.1k) | cert 0.54→0.64 | ticks [4.156 3.781 3.891 3.703] | Δticks -0.453 | dist 3.638 | ETA 1324.0h
step  26600 | T=4 | loss 9.5623 | lr 3.00e-04 | grad 1.48 | 1.7k tok/s (avg 2.1k) | cert 0.46→0.62 | ticks [4.656 4.219 4.156 3.969] | Δticks -0.688 | dist 5.970 | ETA 1324.1h
step  26610 | T=4 | loss 8.5890 | lr 3.00e-04 | grad 1.58 | 1.8k tok/s (avg 2.1k) | cert 0.22→0.50 | ticks [7.250 6.219 6.094 6.031] | Δticks -1.219 | dist 2.961 | ETA 1324.2h
step  26620 | T=4 | loss 6.8455 | lr 3.00e-04 | grad 1.58 | 3.2k tok/s (avg 2.1k) | cert 0.33→0.60 | ticks [5.625 4.875 4.781 4.750] | Δticks -0.875 | dist 2.494 | ETA 1324.0h
step  26630 | T=4 | loss 8.3653 | lr 3.00e-04 | grad 1.48 | 1.7k tok/s (avg 2.1k) | cert 0.54→0.64 | ticks [5.000 4.375 4.312 4.219] | Δticks -0.781 | dist 4.492 | ETA 1324.2h
step  26640 | T=4 | loss 7.9887 | lr 3.00e-04 | grad 2.03 | 1.7k tok/s (avg 2.1k) | cert 0.54→0.64 | ticks [4.719 4.250 4.281 4.250] | Δticks -0.469 | dist 4.247 | ETA 1324.3h
step  26650 | T=4 | loss 7.6411 | lr 3.00e-04 | grad 2.03 | 3.2k tok/s (avg 2.1k) | cert 0.62→0.65 | ticks [4.469 4.125 4.031 3.984] | Δticks -0.484 | dist 4.047 | ETA 1324.1h
step  26660 | T=4 | loss 8.8863 | lr 3.00e-04 | grad 1.77 | 1.7k tok/s (avg 2.1k) | cert 0.38→0.61 | ticks [5.219 4.500 4.344 4.156] | Δticks -1.062 | dist 5.105 | ETA 1324.2h
step  26670 | T=4 | loss 8.7952 | lr 3.00e-04 | grad 1.77 | 3.1k tok/s (avg 2.1k) | cert 0.56→0.63 | ticks [4.500 4.250 3.984 3.953] | Δticks -0.547 | dist 5.252 | ETA 1324.1h
step  26680 | T=4 | loss 10.5187 | lr 3.00e-04 | grad 1.54 | 1.7k tok/s (avg 2.1k) | cert 0.33→0.51 | ticks [7.250 6.781 6.844 6.656] | Δticks -0.594 | dist 4.382 | ETA 1324.2h
step  26690 | T=4 | loss 9.0214 | lr 3.00e-04 | grad 1.86 | 1.7k tok/s (avg 2.1k) | cert 0.61→0.64 | ticks [4.844 4.531 4.469 4.344] | Δticks -0.500 | dist 5.106 | ETA 1324.3h
step  26700 | T=4 | loss 8.7332 | lr 3.00e-04 | grad 1.86 | 3.2k tok/s (avg 2.1k) | cert 0.37→0.56 | ticks [5.938 5.125 5.188 5.219] | Δticks -0.719 | dist 4.029 | ETA 1324.2h
step  26710 | T=4 | loss 7.9975 | lr 3.00e-04 | grad 1.47 | 1.8k tok/s (avg 2.1k) | cert 0.56→0.64 | ticks [4.500 3.828 3.672 3.781] | Δticks -0.719 | dist 4.711 | ETA 1324.2h
step  26720 | T=4 | loss 9.2988 | lr 3.00e-04 | grad 1.54 | 1.8k tok/s (avg 2.1k) | cert 0.33→0.55 | ticks [6.500 5.906 5.750 5.750] | Δticks -0.750 | dist 4.014 | ETA 1324.3h
step  26730 | T=4 | loss 16.2300 | lr 3.00e-04 | grad 1.54 | 3.2k tok/s (avg 2.1k) | cert 0.29→0.54 | ticks [6.688 6.250 6.125 6.125] | Δticks -0.562 | dist 10.607 | ETA 1324.2h
step  26740 | T=4 | loss 10.6455 | lr 3.00e-04 | grad 1.49 | 1.8k tok/s (avg 2.1k) | cert 0.61→0.63 | ticks [5.188 4.781 4.719 4.688] | Δticks -0.500 | dist 6.432 | ETA 1324.3h
step  26750 | T=4 | loss 9.3821 | lr 3.00e-04 | grad 1.49 | 3.2k tok/s (avg 2.1k) | cert 0.35→0.59 | ticks [6.000 5.344 5.156 5.094] | Δticks -0.906 | dist 4.779 | ETA 1324.1h
step  26760 | T=4 | loss 8.2744 | lr 3.00e-04 | grad 1.34 | 1.8k tok/s (avg 2.1k) | cert 0.49→0.62 | ticks [4.656 4.250 4.188 4.062] | Δticks -0.594 | dist 4.730 | ETA 1324.2h
step  26770 | T=4 | loss 8.0885 | lr 3.00e-04 | grad 1.47 | 1.8k tok/s (avg 2.1k) | cert 0.41→0.59 | ticks [5.406 4.750 4.781 4.719] | Δticks -0.688 | dist 3.800 | ETA 1324.3h
step  26780 | T=4 | loss 8.4318 | lr 3.00e-04 | grad 1.47 | 3.2k tok/s (avg 2.1k) | cert 0.48→0.61 | ticks [5.000 4.344 4.219 4.094] | Δticks -0.906 | dist 4.733 | ETA 1324.1h
step  26790 | T=4 | loss 12.4543 | lr 3.00e-04 | grad 1.59 | 1.8k tok/s (avg 2.1k) | cert 0.59→0.65 | ticks [4.250 4.125 3.781 3.703] | Δticks -0.547 | dist 9.210 | ETA 1324.2h
step  26800 | T=4 | loss 7.5162 | lr 3.00e-04 | grad 1.80 | 1.8k tok/s (avg 2.1k) | cert 0.55→0.66 | ticks [4.469 4.250 3.844 3.734] | Δticks -0.734 | dist 4.150 | ETA 1324.3h
step  26810 | T=4 | loss 8.5086 | lr 3.00e-04 | grad 1.80 | 3.2k tok/s (avg 2.1k) | cert 0.46→0.64 | ticks [4.781 4.062 3.797 3.781] | Δticks -1.000 | dist 5.083 | ETA 1324.2h
step  26820 | T=4 | loss 7.9831 | lr 3.00e-04 | grad 1.42 | 1.8k tok/s (avg 2.1k) | cert 0.51→0.61 | ticks [4.719 4.406 4.344 4.219] | Δticks -0.500 | dist 4.223 | ETA 1324.2h
step  26830 | T=4 | loss 6.9725 | lr 3.00e-04 | grad 1.42 | 3.2k tok/s (avg 2.1k) | cert 0.48→0.60 | ticks [5.312 4.594 4.344 4.188] | Δticks -1.125 | dist 3.041 | ETA 1324.1h
step  26840 | T=4 | loss 7.9651 | lr 3.00e-04 | grad 1.46 | 1.8k tok/s (avg 2.1k) | cert 0.37→0.63 | ticks [5.438 4.594 4.375 4.469] | Δticks -0.969 | dist 4.005 | ETA 1324.2h
step  26850 | T=4 | loss 8.0026 | lr 3.00e-04 | grad 1.65 | 1.8k tok/s (avg 2.1k) | cert 0.46→0.65 | ticks [5.188 4.500 4.406 4.469] | Δticks -0.719 | dist 4.035 | ETA 1324.3h
step  26860 | T=4 | loss 8.4272 | lr 3.00e-04 | grad 1.65 | 3.2k tok/s (avg 2.1k) | cert 0.53→0.63 | ticks [4.875 4.531 4.531 4.438] | Δticks -0.438 | dist 4.564 | ETA 1324.1h
step  26870 | T=4 | loss 9.0407 | lr 3.00e-04 | grad 1.75 | 1.8k tok/s (avg 2.1k) | cert 0.53→0.63 | ticks [5.125 4.438 4.531 4.469] | Δticks -0.656 | dist 5.024 | ETA 1324.2h
step  26880 | T=4 | loss 6.8383 | lr 3.00e-04 | grad 1.54 | 1.8k tok/s (avg 2.1k) | cert 0.52→0.68 | ticks [3.922 3.734 3.344 3.281] | Δticks -0.641 | dist 4.108 | ETA 1324.3h
step  26890 | T=4 | loss 7.9755 | lr 3.00e-04 | grad 1.54 | 3.2k tok/s (avg 2.1k) | cert 0.49→0.64 | ticks [4.844 4.469 4.188 4.188] | Δticks -0.656 | dist 4.294 | ETA 1324.2h
step  26900 | T=4 | loss 8.2334 | lr 3.00e-04 | grad 1.43 | 1.8k tok/s (avg 2.1k) | cert 0.43→0.60 | ticks [5.719 5.375 5.156 5.062] | Δticks -0.656 | dist 3.668 | ETA 1324.2h
step  26910 | T=4 | loss 8.9381 | lr 3.00e-04 | grad 1.43 | 3.2k tok/s (avg 2.1k) | cert 0.56→0.65 | ticks [4.938 4.625 4.219 4.250] | Δticks -0.688 | dist 5.101 | ETA 1324.1h
step  26920 | T=4 | loss 8.2124 | lr 3.00e-04 | grad 1.51 | 1.8k tok/s (avg 2.1k) | cert 0.61→0.66 | ticks [4.156 4.031 3.672 3.828] | Δticks -0.328 | dist 4.824 | ETA 1324.2h
step  26930 | T=4 | loss 8.1628 | lr 3.00e-04 | grad 2.50 | 1.8k tok/s (avg 2.1k) | cert 0.27→0.51 | ticks [6.781 6.156 6.000 5.875] | Δticks -0.906 | dist 2.695 | ETA 1324.3h
step  26940 | T=4 | loss 10.0111 | lr 3.00e-04 | grad 2.50 | 3.2k tok/s (avg 2.1k) | cert 0.37→0.59 | ticks [5.562 4.844 4.719 4.594] | Δticks -0.969 | dist 5.682 | ETA 1324.1h
step  26950 | T=4 | loss 8.3536 | lr 3.00e-04 | grad 1.62 | 1.8k tok/s (avg 2.1k) | cert 0.45→0.62 | ticks [5.281 4.812 4.562 4.469] | Δticks -0.812 | dist 4.353 | ETA 1324.2h
step  26960 | T=4 | loss 8.3567 | lr 3.00e-04 | grad 1.44 | 1.8k tok/s (avg 2.1k) | cert 0.54→0.65 | ticks [4.188 3.984 3.828 3.672] | Δticks -0.516 | dist 5.249 | ETA 1324.3h
step  26970 | T=4 | loss 8.9675 | lr 3.00e-04 | grad 1.44 | 3.2k tok/s (avg 2.1k) | cert 0.37→0.54 | ticks [6.062 5.438 5.250 5.125] | Δticks -0.938 | dist 4.121 | ETA 1324.2h
step  26980 | T=4 | loss 7.7936 | lr 3.00e-04 | grad 1.78 | 1.7k tok/s (avg 2.1k) | cert 0.42→0.58 | ticks [5.500 5.156 5.188 5.062] | Δticks -0.438 | dist 3.253 | ETA 1324.3h
step  26990 | T=4 | loss 8.9737 | lr 3.00e-04 | grad 1.78 | 3.2k tok/s (avg 2.1k) | cert 0.48→0.63 | ticks [4.844 4.344 4.406 4.281] | Δticks -0.562 | dist 5.170 | ETA 1324.1h
step  27000 | T=4 | loss 13.6212 | lr 3.00e-04 | grad 2.20 | 1.7k tok/s (avg 2.1k) | cert 0.29→0.52 | ticks [6.438 5.969 5.969 5.969] | Δticks -0.469 | dist 8.188 | ETA 1324.2h
[CachedTeacherDataset/eval] 9 shards (of 199 total) under teacher_cache/phase1 | seq_len=512 top_k=128
  >>> val @ step 27000:
  T=4 | CE=4.3283 | PPL=75.82 | top1=22.1% | top5=42.9% | (25600 tok)
step  27010 | T=4 | loss 11.7436 | lr 3.00e-04 | grad 1.68 | 0.8k tok/s (avg 2.1k) | cert 0.57→0.62 | ticks [4.594 4.281 4.125 4.094] | Δticks -0.500 | dist 8.113 | ETA 1325.1h
step  27020 | T=4 | loss 7.5860 | lr 3.00e-04 | grad 1.68 | 3.2k tok/s (avg 2.1k) | cert 0.40→0.61 | ticks [5.188 4.656 4.469 4.562] | Δticks -0.625 | dist 3.572 | ETA 1324.9h
step  27030 | T=4 | loss 7.8747 | lr 3.00e-04 | grad 1.74 | 1.6k tok/s (avg 2.1k) | cert 0.51→0.66 | ticks [4.438 4.062 3.828 3.766] | Δticks -0.672 | dist 4.574 | ETA 1325.1h
step  27040 | T=4 | loss 9.0171 | lr 3.00e-04 | grad 1.66 | 1.6k tok/s (avg 2.1k) | cert 0.57→0.64 | ticks [5.094 4.719 4.594 4.531] | Δticks -0.562 | dist 4.970 | ETA 1325.2h
step  27050 | T=4 | loss 8.2002 | lr 3.00e-04 | grad 1.66 | 3.2k tok/s (avg 2.1k) | cert 0.39→0.59 | ticks [5.438 4.812 4.531 4.531] | Δticks -0.906 | dist 4.180 | ETA 1325.0h
step  27060 | T=4 | loss 8.8436 | lr 3.00e-04 | grad 2.44 | 1.8k tok/s (avg 2.1k) | cert 0.55→0.65 | ticks [4.562 4.438 4.250 4.125] | Δticks -0.438 | dist 5.174 | ETA 1325.1h
step  27070 | T=4 | loss 8.9957 | lr 3.00e-04 | grad 2.44 | 3.2k tok/s (avg 2.1k) | cert 0.25→0.52 | ticks [7.031 6.125 5.906 5.844] | Δticks -1.188 | dist 3.448 | ETA 1325.0h
step  27080 | T=4 | loss 8.1405 | lr 3.00e-04 | grad 1.32 | 1.7k tok/s (avg 2.1k) | cert 0.44→0.57 | ticks [5.312 4.812 4.719 4.531] | Δticks -0.781 | dist 3.981 | ETA 1325.1h
step  27090 | T=4 | loss 7.0937 | lr 3.00e-04 | grad 1.55 | 1.6k tok/s (avg 2.1k) | cert 0.55→0.67 | ticks [3.844 3.359 3.297 3.312] | Δticks -0.531 | dist 4.238 | ETA 1325.3h
step  27100 | T=4 | loss 7.9006 | lr 3.00e-04 | grad 1.55 | 3.2k tok/s (avg 2.1k) | cert 0.59→0.67 | ticks [4.656 4.188 4.062 4.062] | Δticks -0.594 | dist 4.299 | ETA 1325.1h
step  27110 | T=4 | loss 6.9189 | lr 3.00e-04 | grad 2.12 | 1.7k tok/s (avg 2.1k) | cert 0.60→0.68 | ticks [4.094 3.703 3.531 3.516] | Δticks -0.578 | dist 3.854 | ETA 1325.2h
step  27120 | T=4 | loss 7.2410 | lr 3.00e-04 | grad 1.62 | 1.6k tok/s (avg 2.1k) | cert 0.35→0.63 | ticks [5.344 4.344 4.219 4.250] | Δticks -1.094 | dist 3.466 | ETA 1325.4h
step  27130 | T=4 | loss 11.9554 | lr 3.00e-04 | grad 1.62 | 3.2k tok/s (avg 2.1k) | cert 0.45→0.61 | ticks [5.281 4.656 4.656 4.594] | Δticks -0.688 | dist 7.793 | ETA 1325.3h
step  27140 | T=4 | loss 10.1601 | lr 3.00e-04 | grad 1.76 | 1.7k tok/s (avg 2.1k) | cert 0.37→0.55 | ticks [6.062 5.594 5.375 5.500] | Δticks -0.562 | dist 5.239 | ETA 1325.4h
step  27150 | T=4 | loss 8.5606 | lr 3.00e-04 | grad 1.76 | 3.2k tok/s (avg 2.1k) | cert 0.57→0.62 | ticks [3.438 3.203 3.078 3.109] | Δticks -0.328 | dist 5.774 | ETA 1325.2h
step  27160 | T=4 | loss 8.0891 | lr 3.00e-04 | grad 1.55 | 1.8k tok/s (avg 2.1k) | cert 0.57→0.62 | ticks [5.438 4.781 4.562 4.562] | Δticks -0.875 | dist 3.958 | ETA 1325.3h
step  27170 | T=4 | loss 11.6338 | lr 3.00e-04 | grad 1.51 | 1.8k tok/s (avg 2.1k) | cert 0.61→0.62 | ticks [4.938 4.719 4.594 4.469] | Δticks -0.469 | dist 7.494 | ETA 1325.4h
step  27180 | T=4 | loss 8.8426 | lr 3.00e-04 | grad 1.51 | 3.2k tok/s (avg 2.1k) | cert 0.59→0.63 | ticks [4.656 4.156 4.062 4.000] | Δticks -0.656 | dist 5.263 | ETA 1325.2h
step  27190 | T=4 | loss 6.2677 | lr 3.00e-04 | grad 1.47 | 1.8k tok/s (avg 2.1k) | cert 0.47→0.64 | ticks [4.250 4.000 3.594 3.516] | Δticks -0.734 | dist 3.201 | ETA 1325.3h
step  27200 | T=4 | loss 7.0192 | lr 3.00e-04 | grad 1.65 | 1.8k tok/s (avg 2.1k) | cert 0.36→0.60 | ticks [5.375 4.625 4.406 4.281] | Δticks -1.094 | dist 3.081 | ETA 1325.4h
step  27210 | T=4 | loss 8.5028 | lr 3.00e-04 | grad 1.65 | 3.2k tok/s (avg 2.1k) | cert 0.26→0.49 | ticks [6.875 6.531 6.406 6.188] | Δticks -0.688 | dist 2.722 | ETA 1325.3h
step  27220 | T=4 | loss 8.3476 | lr 3.00e-04 | grad 1.76 | 1.8k tok/s (avg 2.1k) | cert 0.47→0.57 | ticks [5.469 5.000 5.000 4.844] | Δticks -0.625 | dist 3.909 | ETA 1325.4h
step  27230 | T=4 | loss 7.1132 | lr 3.00e-04 | grad 1.76 | 3.2k tok/s (avg 2.1k) | cert 0.56→0.67 | ticks [3.953 3.438 3.234 3.281] | Δticks -0.672 | dist 4.254 | ETA 1325.2h
step  27240 | T=4 | loss 8.3727 | lr 3.00e-04 | grad 1.46 | 1.8k tok/s (avg 2.1k) | cert 0.40→0.63 | ticks [4.781 4.094 3.938 3.953] | Δticks -0.828 | dist 4.907 | ETA 1325.3h
step  27250 | T=4 | loss 10.0184 | lr 3.00e-04 | grad 1.53 | 1.7k tok/s (avg 2.1k) | cert 0.58→0.61 | ticks [4.406 4.406 4.469 4.375] | Δticks -0.031 | dist 6.378 | ETA 1325.4h
step  27260 | T=4 | loss 8.2307 | lr 3.00e-04 | grad 1.53 | 3.2k tok/s (avg 2.1k) | cert 0.37→0.57 | ticks [5.688 5.125 4.969 5.000] | Δticks -0.688 | dist 3.688 | ETA 1325.3h
step  27270 | T=4 | loss 8.4381 | lr 3.00e-04 | grad 1.56 | 1.7k tok/s (avg 2.1k) | cert 0.58→0.66 | ticks [4.188 3.812 3.625 3.609] | Δticks -0.578 | dist 5.372 | ETA 1325.4h
step  27280 | T=4 | loss 9.1613 | lr 3.00e-04 | grad 1.52 | 1.7k tok/s (avg 2.1k) | cert 0.27→0.53 | ticks [6.938 5.656 5.656 5.625] | Δticks -1.312 | dist 3.899 | ETA 1325.5h
step  27290 | T=4 | loss 9.3509 | lr 3.00e-04 | grad 1.52 | 3.2k tok/s (avg 2.1k) | cert 0.32→0.58 | ticks [5.969 5.188 5.125 5.156] | Δticks -0.812 | dist 4.679 | ETA 1325.4h
step  27300 | T=4 | loss 12.7067 | lr 3.00e-04 | grad 1.55 | 1.6k tok/s (avg 2.1k) | cert 0.48→0.56 | ticks [5.219 5.000 4.812 4.875] | Δticks -0.344 | dist 8.250 | ETA 1325.5h
step  27310 | T=4 | loss 7.8273 | lr 3.00e-04 | grad 1.55 | 3.2k tok/s (avg 2.1k) | cert 0.42→0.58 | ticks [5.125 4.781 4.625 4.562] | Δticks -0.562 | dist 3.654 | ETA 1325.4h
step  27320 | T=4 | loss 7.3148 | lr 3.00e-04 | grad 1.36 | 2.0k tok/s (avg 2.1k) | cert 0.35→0.55 | ticks [5.812 5.312 5.156 5.062] | Δticks -0.750 | dist 2.589 | ETA 1325.4h
step  27330 | T=4 | loss 9.3139 | lr 3.00e-04 | grad 1.82 | 2.0k tok/s (avg 2.1k) | cert 0.58→0.64 | ticks [4.750 4.281 4.281 4.094] | Δticks -0.656 | dist 5.606 | ETA 1325.4h
step  27340 | T=4 | loss 8.4373 | lr 3.00e-04 | grad 1.82 | 3.2k tok/s (avg 2.1k) | cert 0.55→0.65 | ticks [4.938 4.438 4.406 4.312] | Δticks -0.625 | dist 4.559 | ETA 1325.3h
step  27350 | T=4 | loss 8.2903 | lr 3.00e-04 | grad 1.62 | 2.1k tok/s (avg 2.1k) | cert 0.25→0.53 | ticks [6.000 5.188 5.094 5.125] | Δticks -0.875 | dist 3.666 | ETA 1325.3h
step  27360 | T=4 | loss 8.5514 | lr 3.00e-04 | grad 1.26 | 2.0k tok/s (avg 2.1k) | cert 0.47→0.59 | ticks [5.656 4.781 4.719 4.688] | Δticks -0.969 | dist 4.231 | ETA 1325.3h
step  27370 | T=4 | loss 8.7172 | lr 3.00e-04 | grad 1.26 | 3.2k tok/s (avg 2.1k) | cert 0.43→0.59 | ticks [5.531 4.812 4.750 4.625] | Δticks -0.906 | dist 4.384 | ETA 1325.2h
step  27380 | T=4 | loss 9.8129 | lr 3.00e-04 | grad 1.49 | 2.0k tok/s (avg 2.1k) | cert 0.38→0.53 | ticks [5.688 5.156 5.125 5.031] | Δticks -0.656 | dist 5.150 | ETA 1325.2h
step  27390 | T=4 | loss 9.5629 | lr 3.00e-04 | grad 1.49 | 3.2k tok/s (avg 2.1k) | cert 0.43→0.62 | ticks [4.719 4.156 4.000 3.984] | Δticks -0.734 | dist 5.982 | ETA 1325.0h
step  27400 | T=4 | loss 6.9762 | lr 3.00e-04 | grad 1.46 | 2.1k tok/s (avg 2.1k) | cert 0.54→0.64 | ticks [4.562 4.094 3.906 3.938] | Δticks -0.625 | dist 3.542 | ETA 1325.1h
step  27410 | T=4 | loss 6.5039 | lr 3.00e-04 | grad 1.31 | 2.0k tok/s (avg 2.1k) | cert 0.53→0.67 | ticks [4.062 3.734 3.578 3.578] | Δticks -0.484 | dist 3.296 | ETA 1325.1h
step  27420 | T=4 | loss 8.4559 | lr 3.00e-04 | grad 1.31 | 3.2k tok/s (avg 2.1k) | cert 0.47→0.62 | ticks [4.969 4.500 4.406 4.406] | Δticks -0.562 | dist 4.618 | ETA 1324.9h
step  27430 | T=4 | loss 7.2522 | lr 3.00e-04 | grad 1.21 | 2.0k tok/s (avg 2.1k) | cert 0.48→0.65 | ticks [4.312 3.891 3.688 3.578] | Δticks -0.734 | dist 4.092 | ETA 1324.9h
step  27440 | T=4 | loss 7.5498 | lr 3.00e-04 | grad 1.57 | 2.0k tok/s (avg 2.1k) | cert 0.35→0.56 | ticks [5.906 4.875 4.906 4.875] | Δticks -1.031 | dist 3.137 | ETA 1325.0h
step  27450 | T=4 | loss 8.3442 | lr 3.00e-04 | grad 1.57 | 3.2k tok/s (avg 2.1k) | cert 0.50→0.65 | ticks [4.312 3.875 3.781 3.766] | Δticks -0.547 | dist 5.082 | ETA 1324.8h
step  27460 | T=4 | loss 6.8692 | lr 3.00e-04 | grad 1.26 | 2.0k tok/s (avg 2.1k) | cert 0.36→0.61 | ticks [5.062 4.344 4.125 4.062] | Δticks -1.000 | dist 3.196 | ETA 1324.8h
step  27470 | T=4 | loss 9.5403 | lr 3.00e-04 | grad 1.26 | 3.2k tok/s (avg 2.1k) | cert 0.59→0.62 | ticks [4.281 4.094 3.969 3.891] | Δticks -0.391 | dist 6.114 | ETA 1324.7h
step  27480 | T=4 | loss 6.3476 | lr 3.00e-04 | grad 1.40 | 1.6k tok/s (avg 2.1k) | cert 0.45→0.64 | ticks [4.531 4.156 3.797 3.766] | Δticks -0.766 | dist 3.045 | ETA 1324.9h
step  27490 | T=4 | loss 9.4300 | lr 3.00e-04 | grad 1.38 | 1.8k tok/s (avg 2.1k) | cert 0.33→0.55 | ticks [5.656 5.062 4.969 4.781] | Δticks -0.875 | dist 4.948 | ETA 1324.9h
step  27500 | T=4 | loss 6.5989 | lr 3.00e-04 | grad 1.38 | 3.2k tok/s (avg 2.1k) | cert 0.38→0.64 | ticks [4.906 4.156 3.891 3.953] | Δticks -0.953 | dist 3.140 | ETA 1324.8h
step  27510 | T=4 | loss 10.4204 | lr 3.00e-04 | grad 1.62 | 1.9k tok/s (avg 2.1k) | cert 0.35→0.54 | ticks [6.562 5.562 5.469 5.656] | Δticks -0.906 | dist 5.286 | ETA 1324.8h
step  27520 | T=4 | loss 8.5452 | lr 3.00e-04 | grad 1.41 | 1.8k tok/s (avg 2.1k) | cert 0.27→0.54 | ticks [6.500 5.750 5.531 5.469] | Δticks -1.031 | dist 3.509 | ETA 1324.9h
step  27530 | T=4 | loss 9.5174 | lr 3.00e-04 | grad 1.41 | 3.2k tok/s (avg 2.1k) | cert 0.57→0.66 | ticks [4.562 3.938 3.875 3.766] | Δticks -0.797 | dist 6.169 | ETA 1324.8h
step  27540 | T=4 | loss 8.2307 | lr 3.00e-04 | grad 1.39 | 1.9k tok/s (avg 2.1k) | cert 0.31→0.56 | ticks [5.875 5.188 5.031 5.000] | Δticks -0.875 | dist 3.623 | ETA 1324.8h
step  27550 | T=4 | loss 8.2344 | lr 3.00e-04 | grad 1.39 | 3.2k tok/s (avg 2.1k) | cert 0.35→0.58 | ticks [6.125 5.500 5.375 5.281] | Δticks -0.844 | dist 3.375 | ETA 1324.7h
step  27560 | T=4 | loss 6.9696 | lr 3.00e-04 | grad 1.60 | 1.7k tok/s (avg 2.1k) | cert 0.33→0.61 | ticks [4.812 3.969 3.828 3.875] | Δticks -0.938 | dist 3.476 | ETA 1324.8h
step  27570 | T=4 | loss 6.3172 | lr 3.00e-04 | grad 1.90 | 1.6k tok/s (avg 2.1k) | cert 0.48→0.66 | ticks [3.984 3.734 3.469 3.328] | Δticks -0.656 | dist 3.452 | ETA 1325.0h
step  27580 | T=4 | loss 7.5522 | lr 3.00e-04 | grad 1.90 | 3.2k tok/s (avg 2.1k) | cert 0.36→0.59 | ticks [5.219 4.781 4.625 4.500] | Δticks -0.719 | dist 3.289 | ETA 1324.8h
step  27590 | T=4 | loss 7.9893 | lr 3.00e-04 | grad 1.37 | 1.6k tok/s (avg 2.1k) | cert 0.54→0.63 | ticks [4.781 4.219 4.094 4.031] | Δticks -0.750 | dist 4.400 | ETA 1325.0h
step  27600 | T=4 | loss 11.2621 | lr 3.00e-04 | grad 1.66 | 1.6k tok/s (avg 2.1k) | cert 0.48→0.59 | ticks [4.469 4.031 3.797 3.859] | Δticks -0.609 | dist 7.772 | ETA 1325.2h
step  27610 | T=4 | loss 8.4397 | lr 3.00e-04 | grad 1.66 | 3.2k tok/s (avg 2.1k) | cert 0.59→0.65 | ticks [5.031 4.406 4.062 4.125] | Δticks -0.906 | dist 4.718 | ETA 1325.0h
step  27620 | T=4 | loss 8.6411 | lr 3.00e-04 | grad 1.48 | 1.5k tok/s (avg 2.1k) | cert 0.35→0.52 | ticks [6.344 5.594 5.438 5.500] | Δticks -0.844 | dist 3.630 | ETA 1325.2h
step  27630 | T=4 | loss 7.7799 | lr 3.00e-04 | grad 1.48 | 3.2k tok/s (avg 2.1k) | cert 0.39→0.59 | ticks [5.094 4.438 4.250 4.125] | Δticks -0.969 | dist 4.061 | ETA 1325.0h
step  27640 | T=4 | loss 12.7964 | lr 3.00e-04 | grad 1.82 | 1.7k tok/s (avg 2.1k) | cert 0.39→0.53 | ticks [5.750 5.312 5.281 5.281] | Δticks -0.469 | dist 7.952 | ETA 1325.2h
step  27650 | T=4 | loss 11.0944 | lr 3.00e-04 | grad 1.88 | 1.7k tok/s (avg 2.1k) | cert 0.49→0.59 | ticks [5.344 4.781 4.812 4.688] | Δticks -0.656 | dist 6.731 | ETA 1325.3h
step  27660 | T=4 | loss 9.0816 | lr 3.00e-04 | grad 1.88 | 3.2k tok/s (avg 2.1k) | cert 0.48→0.60 | ticks [5.312 5.000 4.938 4.812] | Δticks -0.500 | dist 4.609 | ETA 1325.1h
step  27670 | T=4 | loss 8.6043 | lr 3.00e-04 | grad 1.44 | 1.7k tok/s (avg 2.1k) | cert 0.27→0.50 | ticks [7.188 6.594 6.594 6.562] | Δticks -0.625 | dist 2.542 | ETA 1325.2h
step  27680 | T=4 | loss 8.8970 | lr 3.00e-04 | grad 1.42 | 1.8k tok/s (avg 2.1k) | cert 0.62→0.64 | ticks [4.656 4.188 4.375 4.156] | Δticks -0.500 | dist 5.141 | ETA 1325.3h
step  27690 | T=4 | loss 8.1265 | lr 3.00e-04 | grad 1.42 | 3.2k tok/s (avg 2.1k) | cert 0.34→0.59 | ticks [5.281 4.219 4.156 4.031] | Δticks -1.250 | dist 4.379 | ETA 1325.2h
step  27700 | T=4 | loss 8.7940 | lr 3.00e-04 | grad 1.40 | 1.8k tok/s (avg 2.1k) | cert 0.28→0.53 | ticks [6.844 6.125 5.938 5.906] | Δticks -0.938 | dist 3.298 | ETA 1325.3h
step  27710 | T=4 | loss 8.6794 | lr 3.00e-04 | grad 1.40 | 3.2k tok/s (avg 2.1k) | cert 0.39→0.64 | ticks [4.812 3.906 3.641 3.828] | Δticks -0.984 | dist 5.364 | ETA 1325.1h
step  27720 | T=4 | loss 9.2793 | lr 3.00e-04 | grad 1.45 | 1.8k tok/s (avg 2.1k) | cert 0.48→0.59 | ticks [5.281 4.906 4.812 4.844] | Δticks -0.438 | dist 4.870 | ETA 1325.2h
step  27730 | T=4 | loss 10.2989 | lr 3.00e-04 | grad 1.74 | 1.8k tok/s (avg 2.1k) | cert 0.40→0.58 | ticks [5.781 5.375 5.281 5.250] | Δticks -0.531 | dist 5.550 | ETA 1325.3h
step  27740 | T=4 | loss 9.2092 | lr 3.00e-04 | grad 1.74 | 3.2k tok/s (avg 2.1k) | cert 0.28→0.57 | ticks [6.469 5.469 5.344 5.375] | Δticks -1.094 | dist 4.248 | ETA 1325.1h
step  27750 | T=4 | loss 8.3655 | lr 3.00e-04 | grad 1.74 | 1.8k tok/s (avg 2.1k) | cert 0.26→0.53 | ticks [6.969 6.031 5.938 5.844] | Δticks -1.125 | dist 2.959 | ETA 1325.2h
step  27760 | T=4 | loss 7.4743 | lr 3.00e-04 | grad 1.56 | 1.7k tok/s (avg 2.1k) | cert 0.40→0.58 | ticks [5.969 5.312 5.188 5.219] | Δticks -0.750 | dist 2.683 | ETA 1325.4h
step  27770 | T=4 | loss 8.9664 | lr 3.00e-04 | grad 1.56 | 3.2k tok/s (avg 2.1k) | cert 0.31→0.50 | ticks [6.281 5.562 5.531 5.531] | Δticks -0.750 | dist 3.900 | ETA 1325.2h
step  27780 | T=4 | loss 5.9078 | lr 3.00e-04 | grad 1.61 | 1.7k tok/s (avg 2.1k) | cert 0.32→0.64 | ticks [5.094 3.953 3.734 3.734] | Δticks -1.359 | dist 2.510 | ETA 1325.3h
step  27790 | T=4 | loss 8.4891 | lr 3.00e-04 | grad 1.61 | 3.2k tok/s (avg 2.1k) | cert 0.61→0.68 | ticks [4.469 4.000 4.062 4.031] | Δticks -0.438 | dist 5.030 | ETA 1325.2h
step  27800 | T=4 | loss 14.8139 | lr 3.00e-04 | grad 1.59 | 1.6k tok/s (avg 2.1k) | cert 0.70→0.64 | ticks [4.219 3.859 3.500 3.484] | Δticks -0.734 | dist 11.456 | ETA 1325.3h
step  27810 | T=4 | loss 10.0339 | lr 3.00e-04 | grad 1.98 | 1.6k tok/s (avg 2.1k) | cert 0.56→0.64 | ticks [4.562 4.250 4.094 3.938] | Δticks -0.625 | dist 6.526 | ETA 1325.5h
step  27820 | T=4 | loss 7.9889 | lr 3.00e-04 | grad 1.98 | 3.2k tok/s (avg 2.1k) | cert 0.36→0.62 | ticks [6.000 5.125 4.906 4.938] | Δticks -1.062 | dist 3.483 | ETA 1325.3h
step  27830 | T=4 | loss 7.7167 | lr 3.00e-04 | grad 1.52 | 1.5k tok/s (avg 2.1k) | cert 0.38→0.56 | ticks [5.562 5.000 4.938 4.969] | Δticks -0.594 | dist 3.236 | ETA 1325.5h
step  27840 | T=4 | loss 9.6526 | lr 3.00e-04 | grad 1.91 | 1.6k tok/s (avg 2.1k) | cert 0.73→0.68 | ticks [4.000 3.734 3.625 3.750] | Δticks -0.250 | dist 6.512 | ETA 1325.7h
W0514 02:10:49.040000 1356155 torch/multiprocessing/spawn.py:165] Terminating process 1356239 via signal SIGTERM
Traceback (most recent call last):
  File "<frozen runpy>", line 198, in _run_module_as_main
  File "<frozen runpy>", line 88, in _run_code
  File "/home/kyler/Documents/CTM-Transformer/ctm_transformer/train.py", line 3264, in <module>
    main_multi_gpu()
    ~~~~~~~~~~~~~~^^
  File "/home/kyler/Documents/CTM-Transformer/ctm_transformer/train.py", line 3242, in main_multi_gpu
    mp.spawn(worker_multi_gpu, args=(world_size, config_dict, runtime_kwargs),
    ~~~~~~~~^^^^^^^^^^^^^^^^^^^^^^^^^^^^^^^^^^^^^^^^^^^^^^^^^^^^^^^^^^^^^^^^^^
             nprocs=world_size, join=True)
             ^^^^^^^^^^^^^^^^^^^^^^^^^^^^^
  File "/home/kyler/Documents/OpenMythos/venv_nv/lib/python3.14/site-packages/torch/multiprocessing/spawn.py", line 340, in spawn
    return start_processes(fn, args, nprocs, join, daemon, start_method="spawn")
  File "/home/kyler/Documents/OpenMythos/venv_nv/lib/python3.14/site-packages/torch/multiprocessing/spawn.py", line 296, in start_processes
    while not context.join():
              ~~~~~~~~~~~~^^
  File "/home/kyler/Documents/OpenMythos/venv_nv/lib/python3.14/site-packages/torch/multiprocessing/spawn.py", line 192, in join
    raise ProcessExitedException(
    ...<5 lines>...
    )
torch.multiprocessing.spawn.ProcessExitedException: process 0 terminated with signal SIGKILL
