Spawning 2 workers...
archlinux:370194:370194 [0] NCCL INFO ENV/Plugin: Could not find: libnccl-env.so
archlinux:370194:370194 [0] NCCL INFO Bootstrap: Using enp11s0:192.168.86.31<0>
archlinux:370194:370194 [0] NCCL INFO cudaDriverVersion 13020
archlinux:370194:370194 [0] NCCL INFO NCCL version 2.28.9+cuda13.0
archlinux:370195:370195 [1] NCCL INFO ENV/Plugin: Could not find: libnccl-env.so
archlinux:370195:370195 [1] NCCL INFO cudaDriverVersion 13020
archlinux:370195:370195 [1] NCCL INFO Bootstrap: Using enp11s0:192.168.86.31<0>
archlinux:370195:370195 [1] NCCL INFO NCCL version 2.28.9+cuda13.0
archlinux:370194:370194 [0] NCCL INFO Comm config Blocking set to 1
archlinux:370195:370195 [1] NCCL INFO Comm config Blocking set to 1
archlinux:370194:370194 [0] NCCL INFO NET/Plugin: Could not find: libnccl-net.so
archlinux:370194:370194 [0] NCCL INFO NET/IB : No device found.
archlinux:370194:370194 [0] NCCL INFO NET/IB : Using [RO]; OOB enp11s0:192.168.86.31<0>
archlinux:370194:370194 [0] NCCL INFO Failed to initialize NET plugin IB
archlinux:370194:370194 [0] NCCL INFO NET/Socket : Using [0]enp11s0:192.168.86.31<0> [1]tailscale0:100.117.13.102<0>
archlinux:370194:370194 [0] NCCL INFO Initialized NET plugin Socket
archlinux:370194:370194 [0] NCCL INFO Assigned NET plugin Socket to comm
archlinux:370194:370194 [0] NCCL INFO Using network Socket
archlinux:370194:370194 [0] NCCL INFO ncclCommInitRankConfig comm 0x55a123b09bf0 rank 0 nranks 2 cudaDev 0 nvmlDev 0 busId 1000 commId 0x2cd26a421564da7e - Init START
archlinux:370195:370195 [1] NCCL INFO NET/Plugin: Could not find: libnccl-net.so
archlinux:370195:370195 [1] NCCL INFO NET/IB : No device found.
archlinux:370195:370195 [1] NCCL INFO NET/IB : Using [RO]; OOB enp11s0:192.168.86.31<0>
archlinux:370195:370195 [1] NCCL INFO Failed to initialize NET plugin IB
archlinux:370195:370195 [1] NCCL INFO NET/Socket : Using [0]enp11s0:192.168.86.31<0> [1]tailscale0:100.117.13.102<0>
archlinux:370195:370195 [1] NCCL INFO Initialized NET plugin Socket
archlinux:370195:370195 [1] NCCL INFO Assigned NET plugin Socket to comm
archlinux:370195:370195 [1] NCCL INFO Using network Socket
archlinux:370195:370195 [1] NCCL INFO ncclCommInitRankConfig comm 0x56287a0c35c0 rank 1 nranks 2 cudaDev 1 nvmlDev 1 busId a000 commId 0x2cd26a421564da7e - Init START
archlinux:370194:370194 [0] NCCL INFO RAS client listening socket at ::1<28028>
archlinux:370195:370195 [1] NCCL INFO RAS client listening socket at ::1<28028>
archlinux:370195:370195 [1] NCCL INFO Bootstrap timings total 0.000617 (create 0.000018, send 0.000082, recv 0.000092, ring 0.000011, delay 0.000000)
archlinux:370194:370194 [0] NCCL INFO Bootstrap timings total 0.036319 (create 0.000016, send 0.000100, recv 0.035760, ring 0.000012, delay 0.000000)
archlinux:370194:370194 [0] NCCL INFO P2P is disabled between connected GPUs 1 and 0. You can repress this message with NCCL_IGNORE_DISABLED_P2P=1.
archlinux:370194:370194 [0] NCCL INFO P2P is disabled between connected GPUs 1 and 0. You can repress this message with NCCL_IGNORE_DISABLED_P2P=1.
archlinux:370194:370194 [0] NCCL INFO P2P is disabled between connected GPUs 0 and 1. You can repress this message with NCCL_IGNORE_DISABLED_P2P=1.
archlinux:370194:370194 [0] NCCL INFO P2P is disabled between connected GPUs 0 and 1. You can repress this message with NCCL_IGNORE_DISABLED_P2P=1.
archlinux:370195:370195 [1] NCCL INFO P2P is disabled between connected GPUs 1 and 0. You can repress this message with NCCL_IGNORE_DISABLED_P2P=1.
archlinux:370195:370195 [1] NCCL INFO P2P is disabled between connected GPUs 1 and 0. You can repress this message with NCCL_IGNORE_DISABLED_P2P=1.
archlinux:370195:370195 [1] NCCL INFO P2P is disabled between connected GPUs 0 and 1. You can repress this message with NCCL_IGNORE_DISABLED_P2P=1.
archlinux:370195:370195 [1] NCCL INFO P2P is disabled between connected GPUs 0 and 1. You can repress this message with NCCL_IGNORE_DISABLED_P2P=1.
archlinux:370194:370194 [0] NCCL INFO P2P is disabled between connected GPUs 1 and 0. You can repress this message with NCCL_IGNORE_DISABLED_P2P=1.
archlinux:370194:370194 [0] NCCL INFO P2P is disabled between connected GPUs 1 and 0. You can repress this message with NCCL_IGNORE_DISABLED_P2P=1.
archlinux:370194:370194 [0] NCCL INFO P2P is disabled between connected GPUs 0 and 1. You can repress this message with NCCL_IGNORE_DISABLED_P2P=1.
archlinux:370194:370194 [0] NCCL INFO P2P is disabled between connected GPUs 0 and 1. You can repress this message with NCCL_IGNORE_DISABLED_P2P=1.
archlinux:370194:370194 [0] NCCL INFO ncclTopoGetCpuAffinity: Affinity for GPU 0 is empty, ignoring. (GPU affinity =  ; CPU affinity = 0-31).
archlinux:370194:370194 [0] NCCL INFO NVLS multicast support is not available on dev 0 (NVLS_NCHANNELS 0)
archlinux:370195:370195 [1] NCCL INFO P2P is disabled between connected GPUs 1 and 0. You can repress this message with NCCL_IGNORE_DISABLED_P2P=1.
archlinux:370195:370195 [1] NCCL INFO P2P is disabled between connected GPUs 1 and 0. You can repress this message with NCCL_IGNORE_DISABLED_P2P=1.
archlinux:370195:370195 [1] NCCL INFO P2P is disabled between connected GPUs 0 and 1. You can repress this message with NCCL_IGNORE_DISABLED_P2P=1.
archlinux:370195:370195 [1] NCCL INFO P2P is disabled between connected GPUs 0 and 1. You can repress this message with NCCL_IGNORE_DISABLED_P2P=1.
archlinux:370195:370195 [1] NCCL INFO ncclTopoGetCpuAffinity: Affinity for GPU 1 is empty, ignoring. (GPU affinity =  ; CPU affinity = 0-31).
archlinux:370195:370195 [1] NCCL INFO NVLS multicast support is not available on dev 1 (NVLS_NCHANNELS 0)
archlinux:370194:370194 [0] NCCL INFO comm 0x55a123b09bf0 rank 0 nRanks 2 nNodes 1 localRanks 2 localRank 0 MNNVL 0
archlinux:370195:370195 [1] NCCL INFO comm 0x56287a0c35c0 rank 1 nRanks 2 nNodes 1 localRanks 2 localRank 1 MNNVL 0
archlinux:370194:370194 [0] NCCL INFO Channel 00/02 : 0 1
archlinux:370194:370194 [0] NCCL INFO Channel 01/02 : 0 1
archlinux:370195:370195 [1] NCCL INFO Trees [0] -1/-1/-1->1->0 [1] -1/-1/-1->1->0
archlinux:370194:370194 [0] NCCL INFO Trees [0] 1/-1/-1->0->-1 [1] 1/-1/-1->0->-1
archlinux:370195:370195 [1] NCCL INFO P2P Chunksize set to 131072
archlinux:370194:370194 [0] NCCL INFO P2P Chunksize set to 131072
archlinux:370195:370195 [1] NCCL INFO PROFILER/Plugin: Could not find: libnccl-profiler.so
archlinux:370194:370194 [0] NCCL INFO PROFILER/Plugin: Could not find: libnccl-profiler.so
archlinux:370195:370195 [1] NCCL INFO P2P is disabled between connected GPUs 0 and 1. You can repress this message with NCCL_IGNORE_DISABLED_P2P=1.
archlinux:370194:370194 [0] NCCL INFO P2P is disabled between connected GPUs 0 and 1. You can repress this message with NCCL_IGNORE_DISABLED_P2P=1.
archlinux:370195:370195 [1] NCCL INFO Check P2P Type isAllDirectP2p 0 directMode 0 isAllCudaP2p 0
archlinux:370194:370194 [0] NCCL INFO Check P2P Type isAllDirectP2p 0 directMode 0 isAllCudaP2p 0
archlinux:370194:370294 [0] NCCL INFO [Proxy Service] Device 0 CPU core 7
archlinux:370195:370297 [0] NCCL INFO [Proxy Service UDS] Device 1 CPU core 2
archlinux:370194:370296 [0] NCCL INFO [Proxy Service UDS] Device 0 CPU core 30
archlinux:370195:370295 [0] NCCL INFO [Proxy Service] Device 1 CPU core 7
archlinux:370194:370194 [0] NCCL INFO TUNER/Plugin: Could not find: libnccl-tuner.so
archlinux:370194:370194 [0] NCCL INFO threadThresholds 8/8/64 | 16/8/64 | 512 | 512
archlinux:370194:370194 [0] NCCL INFO 2 coll channels, 2 collnet channels, 0 nvls channels, 2 p2p channels, 2 p2p channels per peer
archlinux:370195:370195 [1] NCCL INFO TUNER/Plugin: Could not find: libnccl-tuner.so
archlinux:370195:370195 [1] NCCL INFO threadThresholds 8/8/64 | 16/8/64 | 512 | 512
archlinux:370195:370195 [1] NCCL INFO 2 coll channels, 2 collnet channels, 0 nvls channels, 2 p2p channels, 2 p2p channels per peer
archlinux:370194:370194 [0] NCCL INFO CC Off, workFifoBytes 1048576
archlinux:370194:370194 [0] NCCL INFO ncclCommInitRankConfig comm 0x55a123b09bf0 rank 0 nranks 2 cudaDev 0 nvmlDev 0 busId 1000 commId 0x2cd26a421564da7e - Init COMPLETE
archlinux:370194:370194 [0] NCCL INFO Init timings - ncclCommInitRankConfig: rank 0 nranks 2 total 0.12 (kernels 0.06, alloc 0.01, bootstrap 0.04, allgathers 0.00, topo 0.01, graphs 0.00, connections 0.00, rest 0.00)
archlinux:370195:370195 [1] NCCL INFO ncclCommInitRankConfig comm 0x56287a0c35c0 rank 1 nranks 2 cudaDev 1 nvmlDev 1 busId a000 commId 0x2cd26a421564da7e - Init COMPLETE
archlinux:370195:370195 [1] NCCL INFO Init timings - ncclCommInitRankConfig: rank 1 nranks 2 total 0.12 (kernels 0.11, alloc 0.00, bootstrap 0.00, allgathers 0.00, topo 0.01, graphs 0.00, connections 0.00, rest 0.00)
[worker 0] Building model on cuda:0...
Model: 492.5M params × 2 workers
archlinux:370194:370194 [0] NCCL INFO P2P is disabled between connected GPUs 0 and 1. You can repress this message with NCCL_IGNORE_DISABLED_P2P=1.
archlinux:370194:370194 [0] NCCL INFO P2P is disabled between connected GPUs 0 and 1. You can repress this message with NCCL_IGNORE_DISABLED_P2P=1.
archlinux:370194:370194 [0] NCCL INFO P2P is disabled between connected GPUs 0 and 1. You can repress this message with NCCL_IGNORE_DISABLED_P2P=1.
archlinux:370194:370194 [0] NCCL INFO Channel 00 : 0[0] -> 1[1] via SHM/direct/direct
archlinux:370194:370194 [0] NCCL INFO P2P is disabled between connected GPUs 0 and 1. You can repress this message with NCCL_IGNORE_DISABLED_P2P=1.
archlinux:370194:370194 [0] NCCL INFO Channel 01 : 0[0] -> 1[1] via SHM/direct/direct
archlinux:370195:370195 [1] NCCL INFO P2P is disabled between connected GPUs 1 and 0. You can repress this message with NCCL_IGNORE_DISABLED_P2P=1.
archlinux:370195:370195 [1] NCCL INFO P2P is disabled between connected GPUs 1 and 0. You can repress this message with NCCL_IGNORE_DISABLED_P2P=1.
archlinux:370195:370195 [1] NCCL INFO P2P is disabled between connected GPUs 1 and 0. You can repress this message with NCCL_IGNORE_DISABLED_P2P=1.
archlinux:370195:370195 [1] NCCL INFO Channel 00 : 1[1] -> 0[0] via SHM/direct/direct
archlinux:370195:370195 [1] NCCL INFO P2P is disabled between connected GPUs 1 and 0. You can repress this message with NCCL_IGNORE_DISABLED_P2P=1.
archlinux:370195:370195 [1] NCCL INFO Channel 01 : 1[1] -> 0[0] via SHM/direct/direct
archlinux:370195:370195 [1] NCCL INFO Connected all rings, use ring PXN 0 GDR 1
archlinux:370194:370194 [0] NCCL INFO Connected all rings, use ring PXN 0 GDR 1
  Optimizer: AdamW8bit (8-bit moments)
[CachedTeacherDataset/train] 190 shards (of 199 total) under teacher_cache/phase1 | seq_len=512 top_k=128
[CachedTeacherDataset/train] 190 shards (of 199 total) under teacher_cache/phase1 | seq_len=512 top_k=128
Resumed at step 65000

============================================================
CTM-Transformer Dual-GPU Training (nccl, no DDP)
  Steps: 65000 → 200000
  Batch: 2 × 512 tokens
  Thought ticks: 8
  Gradient checkpointing: True
============================================================

step  65000 | loss 7.2317 | lr 2.31e-04 | grad 0.00 | 0.8k tok/s (avg 0.8k) | cert 0.30→0.46 | ticks [5.875 4.969 4.812 4.875 4.938 5.156 5.000 5.188] | Δticks -0.688 | ETA 51.1h
  Saved checkpoint at step 65000
step  65010 | loss 7.5153 | lr 2.31e-04 | grad 0.92 | 0.7k tok/s (avg 0.7k) | cert 0.27→0.51 | ticks [6.531 5.969 5.625 5.656 5.594 5.781 5.594 5.656] | Δticks -0.875 | ETA 57.5h
step  65020 | loss 7.8016 | lr 2.31e-04 | grad 0.92 | 1.2k tok/s (avg 0.9k) | cert 0.37→0.54 | ticks [5.594 5.094 4.750 4.781 4.875 5.156 4.906 4.875] | Δticks -0.719 | ETA 44.6h
step  65030 | loss 6.6262 | lr 2.31e-04 | grad 1.36 | 0.8k tok/s (avg 0.8k) | cert 0.57→0.70 | ticks [4.031 3.656 3.469 3.609 3.281 3.844 3.875 3.547] | Δticks -0.484 | ETA 46.7h
step  65040 | loss 7.8067 | lr 2.31e-04 | grad 1.50 | 0.8k tok/s (avg 0.8k) | cert 0.46→0.68 | ticks [4.938 4.312 4.156 4.156 4.156 4.469 4.406 4.219] | Δticks -0.719 | ETA 47.1h
step  65050 | loss 7.9711 | lr 2.31e-04 | grad 1.50 | 1.2k tok/s (avg 0.9k) | cert 0.37→0.57 | ticks [5.844 5.094 4.906 5.000 5.031 5.156 5.156 5.031] | Δticks -0.812 | ETA 44.1h
step  65060 | loss 8.3984 | lr 2.31e-04 | grad 1.38 | 0.8k tok/s (avg 0.9k) | cert 0.49→0.66 | ticks [4.750 4.062 3.984 4.156 4.000 4.312 4.188 4.094] | Δticks -0.656 | ETA 45.0h
step  65070 | loss 8.3364 | lr 2.31e-04 | grad 1.38 | 1.2k tok/s (avg 0.9k) | cert 0.48→0.64 | ticks [4.219 3.797 3.469 3.562 3.516 3.844 3.734 3.578] | Δticks -0.641 | ETA 43.2h
step  65080 | loss 9.3166 | lr 2.31e-04 | grad 1.44 | 0.8k tok/s (avg 0.9k) | cert 0.60→0.64 | ticks [5.156 3.938 4.062 4.125 4.312 4.531 4.094 4.250] | Δticks -0.906 | ETA 44.0h
step  65090 | loss 4.8307 | lr 2.31e-04 | grad 1.77 | 0.8k tok/s (avg 0.9k) | cert 0.33→0.63 | ticks [4.812 3.094 2.969 2.953 3.000 2.953 3.000 3.047] | Δticks -1.766 | ETA 44.5h
step  65100 | loss 6.4501 | lr 2.31e-04 | grad 1.77 | 1.2k tok/s (avg 0.9k) | cert 0.47→0.71 | ticks [4.031 3.359 3.234 3.109 3.078 3.344 3.297 3.219] | Δticks -0.812 | ETA 43.3h
step  65110 | loss 10.1740 | lr 2.31e-04 | grad 1.36 | 0.8k tok/s (avg 0.9k) | cert 0.54→0.62 | ticks [4.719 4.375 4.375 4.469 4.188 4.594 4.469 4.344] | Δticks -0.375 | ETA 43.9h
step  65120 | loss 9.5815 | lr 2.31e-04 | grad 1.34 | 0.8k tok/s (avg 0.9k) | cert 0.29→0.52 | ticks [6.469 5.281 5.156 5.281 5.406 5.625 5.562 5.281] | Δticks -1.188 | ETA 44.2h
step  65130 | loss 7.6443 | lr 2.31e-04 | grad 1.34 | 1.1k tok/s (avg 0.9k) | cert 0.46→0.63 | ticks [4.844 4.219 4.125 4.125 3.891 4.344 4.281 4.031] | Δticks -0.812 | ETA 43.4h
step  65140 | loss 7.6709 | lr 2.31e-04 | grad 1.38 | 0.8k tok/s (avg 0.9k) | cert 0.45→0.65 | ticks [4.812 4.219 3.984 3.859 3.844 4.281 4.031 3.938] | Δticks -0.875 | ETA 43.8h
step  65150 | loss 9.7310 | lr 2.31e-04 | grad 1.38 | 1.1k tok/s (avg 0.9k) | cert 0.40→0.64 | ticks [5.062 4.469 4.281 4.344 4.188 4.656 4.531 4.219] | Δticks -0.844 | ETA 43.1h
step  65160 | loss 6.3587 | lr 2.31e-04 | grad 1.39 | 0.8k tok/s (avg 0.9k) | cert 0.44→0.68 | ticks [5.125 4.000 3.922 3.797 3.875 4.312 4.156 3.922] | Δticks -1.203 | ETA 43.5h
step  65170 | loss 6.7364 | lr 2.31e-04 | grad 1.38 | 0.8k tok/s (avg 0.9k) | cert 0.46→0.68 | ticks [4.875 3.953 3.953 3.828 3.703 4.156 4.062 3.734] | Δticks -1.141 | ETA 43.7h
step  65180 | loss 7.6022 | lr 2.31e-04 | grad 1.38 | 1.1k tok/s (avg 0.9k) | cert 0.38→0.54 | ticks [5.219 5.000 4.656 4.719 4.594 4.656 4.531 4.812] | Δticks -0.406 | ETA 43.1h
step  65190 | loss 8.2025 | lr 2.31e-04 | grad 1.80 | 0.8k tok/s (avg 0.9k) | cert 0.35→0.59 | ticks [5.719 4.719 4.594 4.625 4.469 5.031 4.781 4.562] | Δticks -1.156 | ETA 43.4h
step  65200 | loss 8.3458 | lr 2.31e-04 | grad 1.40 | 0.8k tok/s (avg 0.9k) | cert 0.48→0.62 | ticks [4.375 3.859 3.891 3.812 3.906 4.000 3.984 3.969] | Δticks -0.406 | ETA 43.6h
step  65210 | loss 6.6144 | lr 2.31e-04 | grad 1.40 | 1.1k tok/s (avg 0.9k) | cert 0.40→0.66 | ticks [4.812 4.156 3.922 3.906 3.938 4.281 4.031 3.766] | Δticks -1.047 | ETA 43.2h
step  65220 | loss 4.5805 | lr 2.31e-04 | grad 1.39 | 0.8k tok/s (avg 0.9k) | cert 0.32→0.60 | ticks [4.688 3.297 3.375 3.422 3.344 3.328 3.422 3.328] | Δticks -1.359 | ETA 43.4h
step  65230 | loss 8.0447 | lr 2.31e-04 | grad 1.39 | 1.1k tok/s (avg 0.9k) | cert 0.31→0.54 | ticks [6.531 5.844 5.781 5.812 5.750 5.812 5.812 5.844] | Δticks -0.688 | ETA 43.0h
step  65240 | loss 8.5629 | lr 2.31e-04 | grad 1.29 | 0.8k tok/s (avg 0.9k) | cert 0.46→0.56 | ticks [5.281 4.750 4.594 4.750 4.656 4.750 4.562 4.750] | Δticks -0.531 | ETA 43.2h
step  65250 | loss 7.0824 | lr 2.31e-04 | grad 1.45 | 0.8k tok/s (avg 0.9k) | cert 0.43→0.65 | ticks [5.312 4.594 4.250 4.219 4.281 4.562 4.344 4.156] | Δticks -1.156 | ETA 43.4h
step  65260 | loss 7.8508 | lr 2.31e-04 | grad 1.45 | 1.1k tok/s (avg 0.9k) | cert 0.50→0.66 | ticks [4.188 3.453 3.453 3.703 3.562 3.938 3.703 3.469] | Δticks -0.719 | ETA 43.0h
step  65270 | loss 7.6365 | lr 2.31e-04 | grad 1.61 | 0.8k tok/s (avg 0.9k) | cert 0.42→0.55 | ticks [5.312 4.656 4.281 4.375 4.406 4.531 4.406 4.531] | Δticks -0.781 | ETA 43.2h
step  65280 | loss 8.4854 | lr 2.31e-04 | grad 1.38 | 0.8k tok/s (avg 0.9k) | cert 0.34→0.59 | ticks [6.125 5.031 4.938 4.844 4.812 5.281 5.031 4.844] | Δticks -1.281 | ETA 43.4h
step  65290 | loss 8.0910 | lr 2.31e-04 | grad 1.38 | 1.1k tok/s (avg 0.9k) | cert 0.49→0.65 | ticks [4.281 3.812 3.766 3.625 3.688 4.000 3.750 3.594] | Δticks -0.688 | ETA 43.0h
step  65300 | loss 6.6876 | lr 2.30e-04 | grad 1.34 | 0.8k tok/s (avg 0.9k) | cert 0.39→0.65 | ticks [5.188 4.594 4.344 4.344 4.188 4.656 4.375 4.281] | Δticks -0.906 | ETA 43.2h
step  65310 | loss 8.5648 | lr 2.30e-04 | grad 1.34 | 1.1k tok/s (avg 0.9k) | cert 0.49→0.61 | ticks [4.438 4.312 4.219 4.250 3.953 4.375 4.125 4.094] | Δticks -0.344 | ETA 42.9h
step  65320 | loss 8.1497 | lr 2.30e-04 | grad 1.27 | 0.8k tok/s (avg 0.9k) | cert 0.48→0.59 | ticks [4.719 4.281 4.094 4.156 3.969 4.156 4.062 4.125] | Δticks -0.594 | ETA 43.1h
step  65330 | loss 6.8445 | lr 2.30e-04 | grad 1.55 | 0.8k tok/s (avg 0.9k) | cert 0.42→0.64 | ticks [4.938 4.281 4.094 4.031 3.828 4.281 4.156 4.031] | Δticks -0.906 | ETA 43.2h
step  65340 | loss 6.3471 | lr 2.30e-04 | grad 1.55 | 1.1k tok/s (avg 0.9k) | cert 0.48→0.68 | ticks [4.375 3.922 3.938 3.922 3.656 4.156 4.094 3.891] | Δticks -0.484 | ETA 42.9h
step  65350 | loss 8.0606 | lr 2.30e-04 | grad 1.41 | 0.8k tok/s (avg 0.9k) | cert 0.36→0.51 | ticks [5.406 4.438 4.531 4.656 4.750 4.812 4.750 4.719] | Δticks -0.688 | ETA 43.1h
step  65360 | loss 7.4380 | lr 2.30e-04 | grad 1.30 | 0.8k tok/s (avg 0.9k) | cert 0.54→0.67 | ticks [4.500 4.188 3.812 3.828 3.734 4.188 4.094 3.906] | Δticks -0.594 | ETA 43.2h
step  65370 | loss 7.5981 | lr 2.30e-04 | grad 1.30 | 1.1k tok/s (avg 0.9k) | cert 0.49→0.66 | ticks [4.688 3.953 3.953 4.031 3.969 4.281 4.094 3.938] | Δticks -0.750 | ETA 43.0h
step  65380 | loss 7.7459 | lr 2.30e-04 | grad 1.73 | 0.8k tok/s (avg 0.9k) | cert 0.47→0.69 | ticks [5.000 4.312 4.219 4.219 4.094 4.500 4.406 4.312] | Δticks -0.688 | ETA 43.1h
step  65390 | loss 7.5899 | lr 2.30e-04 | grad 1.73 | 1.1k tok/s (avg 0.9k) | cert 0.55→0.71 | ticks [4.500 3.828 3.641 3.812 3.781 4.031 3.891 3.828] | Δticks -0.672 | ETA 42.9h
step  65400 | loss 9.8880 | lr 2.30e-04 | grad 1.49 | 0.8k tok/s (avg 0.9k) | cert 0.65→0.69 | ticks [4.562 4.031 4.031 4.250 3.859 4.469 4.344 4.062] | Δticks -0.500 | ETA 43.0h
step  65410 | loss 7.6341 | lr 2.30e-04 | grad 1.44 | 0.8k tok/s (avg 0.9k) | cert 0.22→0.48 | ticks [6.969 5.750 5.562 5.562 5.656 5.750 5.688 5.750] | Δticks -1.219 | ETA 43.1h
step  65420 | loss 12.2309 | lr 2.30e-04 | grad 1.44 | 1.1k tok/s (avg 0.9k) | cert 0.38→0.51 | ticks [6.438 5.625 5.406 5.500 5.531 5.812 5.562 5.625] | Δticks -0.812 | ETA 42.9h
step  65430 | loss 10.7882 | lr 2.30e-04 | grad 1.33 | 0.7k tok/s (avg 0.9k) | cert 0.41→0.53 | ticks [5.875 5.375 5.094 5.250 5.250 5.406 5.281 5.312] | Δticks -0.562 | ETA 43.1h
step  65440 | loss 9.9107 | lr 2.30e-04 | grad 1.25 | 0.8k tok/s (avg 0.9k) | cert 0.33→0.46 | ticks [6.094 5.312 5.156 5.281 5.281 5.500 5.438 5.594] | Δticks -0.500 | ETA 43.2h
step  65450 | loss 6.6613 | lr 2.30e-04 | grad 1.25 | 1.1k tok/s (avg 0.9k) | cert 0.22→0.55 | ticks [6.219 4.875 4.688 4.844 4.781 4.938 4.875 4.812] | Δticks -1.406 | ETA 43.0h
step  65460 | loss 8.1825 | lr 2.30e-04 | grad 1.32 | 0.7k tok/s (avg 0.9k) | cert 0.32→0.50 | ticks [6.281 5.312 5.062 5.125 5.219 5.281 5.188 5.250] | Δticks -1.031 | ETA 43.2h
step  65470 | loss 5.7488 | lr 2.30e-04 | grad 1.32 | 1.1k tok/s (avg 0.9k) | cert 0.41→0.68 | ticks [4.781 4.000 3.875 3.688 3.719 4.156 3.953 3.859] | Δticks -0.922 | ETA 43.0h
step  65480 | loss 6.4785 | lr 2.30e-04 | grad 1.18 | 0.8k tok/s (avg 0.9k) | cert 0.54→0.71 | ticks [4.094 3.609 3.656 3.516 3.266 3.625 3.672 3.500] | Δticks -0.594 | ETA 43.1h
step  65490 | loss 8.1175 | lr 2.30e-04 | grad 1.47 | 0.8k tok/s (avg 0.9k) | cert 0.32→0.54 | ticks [6.531 5.531 5.281 5.312 5.250 5.531 5.406 5.406] | Δticks -1.125 | ETA 43.2h
step  65500 | loss 7.9829 | lr 2.30e-04 | grad 1.47 | 1.1k tok/s (avg 0.9k) | cert 0.55→0.68 | ticks [4.156 3.453 3.547 3.469 3.281 3.750 3.531 3.344] | Δticks -0.812 | ETA 43.0h
step  65510 | loss 4.9730 | lr 2.30e-04 | grad 1.27 | 0.8k tok/s (avg 0.9k) | cert 0.35→0.56 | ticks [4.500 3.250 3.172 3.219 3.203 3.328 3.297 3.422] | Δticks -1.078 | ETA 43.1h
step  65520 | loss 6.5662 | lr 2.30e-04 | grad 1.30 | 0.8k tok/s (avg 0.9k) | cert 0.33→0.62 | ticks [5.438 4.656 4.375 4.344 4.438 4.750 4.562 4.312] | Δticks -1.125 | ETA 43.2h
step  65530 | loss 7.6357 | lr 2.30e-04 | grad 1.30 | 1.1k tok/s (avg 0.9k) | cert 0.29→0.49 | ticks [6.375 5.594 5.312 5.438 5.375 5.562 5.406 5.469] | Δticks -0.906 | ETA 43.0h
step  65540 | loss 6.5360 | lr 2.30e-04 | grad 1.59 | 0.8k tok/s (avg 0.9k) | cert 0.38→0.65 | ticks [4.969 4.469 4.250 4.062 4.094 4.438 4.250 4.312] | Δticks -0.656 | ETA 43.1h
step  65550 | loss 6.0798 | lr 2.30e-04 | grad 1.59 | 1.1k tok/s (avg 0.9k) | cert 0.41→0.66 | ticks [4.688 3.953 3.766 3.688 3.703 3.984 3.859 3.812] | Δticks -0.875 | ETA 42.9h
step  65560 | loss 9.4532 | lr 2.30e-04 | grad 1.27 | 0.8k tok/s (avg 0.9k) | cert 0.53→0.59 | ticks [5.125 4.750 4.688 4.750 4.656 4.906 4.781 4.812] | Δticks -0.312 | ETA 43.0h
step  65570 | loss 11.0113 | lr 2.30e-04 | grad 1.38 | 0.8k tok/s (avg 0.9k) | cert 0.52→0.68 | ticks [5.438 4.844 4.844 4.781 4.719 4.938 4.781 4.750] | Δticks -0.688 | ETA 43.1h
step  65580 | loss 6.5303 | lr 2.30e-04 | grad 1.38 | 1.1k tok/s (avg 0.9k) | cert 0.44→0.67 | ticks [4.750 4.344 4.156 4.156 4.062 4.344 4.188 4.188] | Δticks -0.562 | ETA 42.9h
step  65590 | loss 10.4594 | lr 2.30e-04 | grad 1.27 | 0.8k tok/s (avg 0.9k) | cert 0.44→0.54 | ticks [5.000 4.781 4.562 4.625 4.656 4.812 4.688 4.719] | Δticks -0.281 | ETA 43.0h
step  65600 | loss 9.3996 | lr 2.30e-04 | grad 1.44 | 0.8k tok/s (avg 0.9k) | cert 0.37→0.53 | ticks [6.906 6.406 6.094 6.188 6.094 6.500 6.188 6.219] | Δticks -0.688 | ETA 43.1h
step  65610 | loss 6.5326 | lr 2.30e-04 | grad 1.44 | 1.1k tok/s (avg 0.9k) | cert 0.43→0.70 | ticks [4.625 3.906 3.703 3.750 3.656 3.953 3.859 3.766] | Δticks -0.859 | ETA 42.9h
step  65620 | loss 7.8808 | lr 2.30e-04 | grad 1.38 | 0.8k tok/s (avg 0.9k) | cert 0.54→0.66 | ticks [4.500 3.844 3.750 3.969 3.797 4.031 4.000 3.703] | Δticks -0.797 | ETA 43.0h
step  65630 | loss 5.4849 | lr 2.30e-04 | grad 1.38 | 1.1k tok/s (avg 0.9k) | cert 0.53→0.71 | ticks [3.719 3.250 3.219 3.047 2.984 3.141 3.203 3.000] | Δticks -0.719 | ETA 42.9h
step  65640 | loss 7.4105 | lr 2.30e-04 | grad 1.34 | 0.8k tok/s (avg 0.9k) | cert 0.42→0.56 | ticks [5.031 4.500 4.438 4.438 4.281 4.531 4.438 4.375] | Δticks -0.656 | ETA 42.9h
step  65650 | loss 7.9078 | lr 2.30e-04 | grad 1.33 | 0.8k tok/s (avg 0.9k) | cert 0.33→0.57 | ticks [6.094 5.094 4.875 5.125 4.938 5.094 5.125 4.969] | Δticks -1.125 | ETA 43.0h
step  65660 | loss 8.7345 | lr 2.30e-04 | grad 1.33 | 1.1k tok/s (avg 0.9k) | cert 0.49→0.69 | ticks [4.625 4.062 3.859 3.781 3.641 3.984 3.922 3.797] | Δticks -0.828 | ETA 42.9h
step  65670 | loss 7.1626 | lr 2.30e-04 | grad 1.54 | 0.8k tok/s (avg 0.9k) | cert 0.41→0.62 | ticks [5.031 4.406 4.188 4.219 4.094 4.531 4.500 4.375] | Δticks -0.656 | ETA 42.9h
step  65680 | loss 7.7164 | lr 2.30e-04 | grad 1.16 | 0.8k tok/s (avg 0.9k) | cert 0.54→0.71 | ticks [4.344 3.672 3.703 3.594 3.422 3.875 3.812 3.516] | Δticks -0.828 | ETA 43.0h
step  65690 | loss 12.5297 | lr 2.30e-04 | grad 1.16 | 1.1k tok/s (avg 0.9k) | cert 0.49→0.61 | ticks [4.312 3.828 3.797 3.969 3.812 4.250 4.125 4.031] | Δticks -0.281 | ETA 42.9h
step  65700 | loss 6.4125 | lr 2.30e-04 | grad 1.30 | 0.8k tok/s (avg 0.9k) | cert 0.47→0.64 | ticks [4.531 3.891 3.922 3.859 3.781 4.062 3.891 3.844] | Δticks -0.688 | ETA 42.9h
step  65710 | loss 5.7298 | lr 2.30e-04 | grad 1.30 | 1.1k tok/s (avg 0.9k) | cert 0.55→0.71 | ticks [3.906 3.422 3.266 3.078 3.078 3.281 3.375 3.266] | Δticks -0.641 | ETA 42.8h
step  65720 | loss 8.3018 | lr 2.30e-04 | grad 1.30 | 0.8k tok/s (avg 0.9k) | cert 0.48→0.61 | ticks [4.812 4.219 4.062 4.156 4.312 4.531 4.344 4.125] | Δticks -0.688 | ETA 42.9h
step  65730 | loss 7.1697 | lr 2.30e-04 | grad 1.26 | 0.8k tok/s (avg 0.9k) | cert 0.30→0.57 | ticks [5.938 4.781 4.625 4.750 4.719 4.844 4.875 4.781] | Δticks -1.156 | ETA 42.9h
step  65740 | loss 5.7520 | lr 2.30e-04 | grad 1.26 | 1.1k tok/s (avg 0.9k) | cert 0.27→0.58 | ticks [5.094 3.719 3.578 3.719 3.719 3.781 3.828 3.688] | Δticks -1.406 | ETA 42.8h
step  65750 | loss 9.8244 | lr 2.30e-04 | grad 1.46 | 0.8k tok/s (avg 0.9k) | cert 0.28→0.51 | ticks [6.938 5.969 5.844 6.000 5.938 6.000 6.031 6.031] | Δticks -0.906 | ETA 42.9h
step  65760 | loss 8.8543 | lr 2.30e-04 | grad 1.16 | 0.8k tok/s (avg 0.9k) | cert 0.37→0.58 | ticks [5.500 4.812 4.656 4.688 4.562 5.000 4.781 4.781] | Δticks -0.719 | ETA 42.9h
step  65770 | loss 7.3349 | lr 2.30e-04 | grad 1.16 | 1.1k tok/s (avg 0.9k) | cert 0.37→0.61 | ticks [4.969 4.250 4.031 4.062 4.094 4.438 4.188 4.125] | Δticks -0.844 | ETA 42.8h
step  65780 | loss 8.0953 | lr 2.30e-04 | grad 1.33 | 0.8k tok/s (avg 0.9k) | cert 0.31→0.49 | ticks [5.750 4.688 4.781 4.906 5.062 5.031 4.844 5.125] | Δticks -0.625 | ETA 42.9h
step  65790 | loss 7.6020 | lr 2.30e-04 | grad 1.33 | 1.1k tok/s (avg 0.9k) | cert 0.52→0.60 | ticks [4.750 4.406 4.344 4.281 4.125 4.375 4.281 4.344] | Δticks -0.406 | ETA 42.8h
step  65800 | loss 7.7278 | lr 2.29e-04 | grad 1.39 | 0.8k tok/s (avg 0.9k) | cert 0.40→0.55 | ticks [5.625 5.094 4.844 4.938 4.812 5.000 4.906 4.875] | Δticks -0.750 | ETA 42.8h
step  65810 | loss 6.2708 | lr 2.29e-04 | grad 1.38 | 0.8k tok/s (avg 0.9k) | cert 0.47→0.66 | ticks [4.438 3.719 3.719 3.672 3.578 3.859 3.844 3.609] | Δticks -0.828 | ETA 42.9h
step  65820 | loss 5.9054 | lr 2.29e-04 | grad 1.38 | 1.1k tok/s (avg 0.9k) | cert 0.47→0.63 | ticks [4.406 3.766 3.750 3.750 3.641 3.844 3.750 3.766] | Δticks -0.641 | ETA 42.8h
step  65830 | loss 8.3286 | lr 2.29e-04 | grad 1.33 | 0.8k tok/s (avg 0.9k) | cert 0.34→0.53 | ticks [6.438 5.812 5.531 5.594 5.594 5.750 5.656 5.625] | Δticks -0.812 | ETA 42.8h
step  65840 | loss 6.4976 | lr 2.29e-04 | grad 1.25 | 0.8k tok/s (avg 0.9k) | cert 0.47→0.69 | ticks [4.688 3.984 3.922 3.672 3.641 3.969 3.766 3.750] | Δticks -0.938 | ETA 42.9h
step  65850 | loss 7.2232 | lr 2.29e-04 | grad 1.25 | 1.1k tok/s (avg 0.9k) | cert 0.46→0.60 | ticks [4.844 4.250 4.250 4.219 4.094 4.312 4.312 4.219] | Δticks -0.625 | ETA 42.8h
step  65860 | loss 5.7890 | lr 2.29e-04 | grad 1.43 | 0.8k tok/s (avg 0.9k) | cert 0.43→0.71 | ticks [4.156 3.594 3.500 3.312 3.281 3.625 3.594 3.391] | Δticks -0.766 | ETA 42.8h
step  65870 | loss 6.5326 | lr 2.29e-04 | grad 1.43 | 1.1k tok/s (avg 0.9k) | cert 0.28→0.61 | ticks [5.531 4.531 4.312 4.219 4.312 4.625 4.406 4.250] | Δticks -1.281 | ETA 42.7h
step  65880 | loss 9.1500 | lr 2.29e-04 | grad 1.35 | 0.8k tok/s (avg 0.9k) | cert 0.31→0.57 | ticks [5.750 4.812 4.688 4.688 4.906 5.062 4.969 4.750] | Δticks -1.000 | ETA 42.8h
step  65890 | loss 9.4848 | lr 2.29e-04 | grad 1.48 | 0.8k tok/s (avg 0.9k) | cert 0.46→0.57 | ticks [4.719 4.312 4.250 4.344 4.375 4.594 4.406 4.406] | Δticks -0.312 | ETA 42.8h
step  65900 | loss 9.9515 | lr 2.29e-04 | grad 1.48 | 1.1k tok/s (avg 0.9k) | cert 0.23→0.47 | ticks [7.094 5.875 5.781 5.906 5.906 6.000 5.875 6.031] | Δticks -1.062 | ETA 42.7h
step  65910 | loss 6.2513 | lr 2.29e-04 | grad 1.26 | 0.8k tok/s (avg 0.9k) | cert 0.51→0.69 | ticks [4.500 3.688 3.500 3.469 3.453 3.766 3.609 3.469] | Δticks -1.031 | ETA 42.8h
step  65920 | loss 7.1806 | lr 2.29e-04 | grad 1.37 | 0.8k tok/s (avg 0.9k) | cert 0.48→0.64 | ticks [4.219 3.797 3.766 3.594 3.562 3.969 3.703 3.578] | Δticks -0.641 | ETA 42.8h
step  65930 | loss 7.0395 | lr 2.29e-04 | grad 1.37 | 1.1k tok/s (avg 0.9k) | cert 0.50→0.68 | ticks [4.406 3.906 3.828 3.797 3.859 4.188 4.000 3.703] | Δticks -0.703 | ETA 42.7h
step  65940 | loss 8.2505 | lr 2.29e-04 | grad 1.32 | 0.8k tok/s (avg 0.9k) | cert 0.43→0.62 | ticks [4.719 4.094 4.000 3.969 4.031 4.375 4.188 3.875] | Δticks -0.844 | ETA 42.8h
step  65950 | loss 6.3382 | lr 2.29e-04 | grad 1.32 | 1.1k tok/s (avg 0.9k) | cert 0.44→0.69 | ticks [4.562 3.922 3.656 3.688 3.609 3.922 3.859 3.562] | Δticks -1.000 | ETA 42.7h
step  65960 | loss 7.5914 | lr 2.29e-04 | grad 1.39 | 0.8k tok/s (avg 0.9k) | cert 0.46→0.62 | ticks [4.812 4.312 4.094 4.344 4.219 4.500 4.406 4.094] | Δticks -0.719 | ETA 42.7h
step  65970 | loss 9.9831 | lr 2.29e-04 | grad 1.48 | 0.8k tok/s (avg 0.9k) | cert 0.68→0.69 | ticks [4.188 4.000 4.125 4.094 3.906 4.344 4.281 4.156] | Δticks -0.031 | ETA 42.8h
step  65980 | loss 6.5203 | lr 2.29e-04 | grad 1.48 | 1.1k tok/s (avg 0.9k) | cert 0.43→0.60 | ticks [4.344 3.703 3.766 3.641 3.672 3.922 3.719 3.672] | Δticks -0.672 | ETA 42.7h
step  65990 | loss 6.3819 | lr 2.29e-04 | grad 1.28 | 0.8k tok/s (avg 0.9k) | cert 0.37→0.59 | ticks [5.031 4.406 4.219 4.094 4.062 4.500 4.375 4.000] | Δticks -1.031 | ETA 42.7h
step  66000 | loss 6.9749 | lr 2.29e-04 | grad 1.26 | 0.8k tok/s (avg 0.9k) | cert 0.42→0.66 | ticks [4.812 4.219 4.125 3.953 4.000 4.438 4.312 4.094] | Δticks -0.719 | ETA 42.8h
step  66010 | loss 7.2669 | lr 2.29e-04 | grad 1.26 | 1.1k tok/s (avg 0.9k) | cert 0.37→0.61 | ticks [5.062 4.438 4.156 4.188 4.125 4.531 4.312 4.250] | Δticks -0.812 | ETA 42.7h
step  66020 | loss 8.6146 | lr 2.29e-04 | grad 1.29 | 0.8k tok/s (avg 0.9k) | cert 0.22→0.43 | ticks [7.750 6.812 6.625 6.625 6.594 6.812 6.688 6.781] | Δticks -0.969 | ETA 42.7h
step  66030 | loss 12.5768 | lr 2.29e-04 | grad 1.29 | 1.1k tok/s (avg 0.9k) | cert 0.54→0.59 | ticks [4.781 4.094 4.188 4.156 4.188 4.438 4.344 4.250] | Δticks -0.531 | ETA 42.6h
step  66040 | loss 7.8415 | lr 2.29e-04 | grad 1.32 | 0.8k tok/s (avg 0.9k) | cert 0.49→0.66 | ticks [4.875 4.281 4.219 4.125 4.125 4.438 4.344 4.281] | Δticks -0.594 | ETA 42.7h
step  66050 | loss 7.3890 | lr 2.29e-04 | grad 1.37 | 0.8k tok/s (avg 0.9k) | cert 0.51→0.72 | ticks [4.844 4.156 4.000 3.953 3.906 4.312 4.125 4.062] | Δticks -0.781 | ETA 42.7h
step  66060 | loss 9.2605 | lr 2.29e-04 | grad 1.37 | 1.1k tok/s (avg 0.9k) | cert 0.32→0.51 | ticks [5.812 4.969 4.812 4.906 4.781 5.031 4.750 4.938] | Δticks -0.875 | ETA 42.6h
step  66070 | loss 8.1103 | lr 2.29e-04 | grad 1.47 | 0.8k tok/s (avg 0.9k) | cert 0.39→0.64 | ticks [4.906 4.031 3.984 3.922 3.984 4.219 4.000 4.031] | Δticks -0.875 | ETA 42.7h
step  66080 | loss 7.0813 | lr 2.29e-04 | grad 1.45 | 0.8k tok/s (avg 0.9k) | cert 0.29→0.54 | ticks [6.250 5.531 5.062 5.125 5.156 5.438 5.156 5.188] | Δticks -1.062 | ETA 42.7h
step  66090 | loss 6.5808 | lr 2.29e-04 | grad 1.45 | 1.1k tok/s (avg 0.9k) | cert 0.49→0.70 | ticks [4.438 4.000 3.766 3.781 3.609 4.031 3.953 3.625] | Δticks -0.812 | ETA 42.6h
step  66100 | loss 9.1649 | lr 2.29e-04 | grad 1.36 | 0.8k tok/s (avg 0.9k) | cert 0.49→0.64 | ticks [4.906 4.188 4.281 4.312 4.125 4.594 4.375 4.156] | Δticks -0.750 | ETA 42.7h
step  66110 | loss 4.3321 | lr 2.29e-04 | grad 1.36 | 1.1k tok/s (avg 0.9k) | cert 0.39→0.65 | ticks [4.000 2.594 2.641 2.875 2.812 2.844 2.828 2.625] | Δticks -1.375 | ETA 42.6h
step  66120 | loss 7.9470 | lr 2.29e-04 | grad 1.27 | 0.8k tok/s (avg 0.9k) | cert 0.47→0.63 | ticks [5.750 4.594 4.656 4.781 4.531 5.062 4.969 4.531] | Δticks -1.219 | ETA 42.6h
step  66130 | loss 8.8097 | lr 2.29e-04 | grad 1.28 | 0.8k tok/s (avg 0.9k) | cert 0.39→0.51 | ticks [5.781 4.969 4.875 4.906 5.031 5.062 5.000 5.094] | Δticks -0.688 | ETA 42.7h
step  66140 | loss 9.5364 | lr 2.29e-04 | grad 1.28 | 1.1k tok/s (avg 0.9k) | cert 0.35→0.57 | ticks [6.125 5.219 5.094 5.281 5.188 5.656 5.469 5.094] | Δticks -1.031 | ETA 42.6h
step  66150 | loss 7.1995 | lr 2.29e-04 | grad 1.36 | 0.8k tok/s (avg 0.9k) | cert 0.44→0.64 | ticks [5.000 4.312 4.406 4.344 4.094 4.531 4.312 4.219] | Δticks -0.781 | ETA 42.6h
step  66160 | loss 8.4521 | lr 2.29e-04 | grad 1.28 | 0.8k tok/s (avg 0.9k) | cert 0.37→0.59 | ticks [5.594 4.812 4.719 4.719 4.688 5.062 4.875 4.750] | Δticks -0.844 | ETA 42.7h
step  66170 | loss 9.9947 | lr 2.29e-04 | grad 1.28 | 1.1k tok/s (avg 0.9k) | cert 0.26→0.42 | ticks [6.562 6.188 6.125 6.156 6.031 6.312 6.031 6.156] | Δticks -0.406 | ETA 42.6h
step  66180 | loss 9.5542 | lr 2.29e-04 | grad 1.14 | 0.8k tok/s (avg 0.9k) | cert 0.54→0.62 | ticks [4.719 4.094 4.000 4.062 4.062 4.438 4.094 4.062] | Δticks -0.656 | ETA 42.6h
step  66190 | loss 8.8656 | lr 2.29e-04 | grad 1.14 | 1.1k tok/s (avg 0.9k) | cert 0.43→0.66 | ticks [4.719 3.906 3.984 4.000 3.844 4.406 4.219 3.938] | Δticks -0.781 | ETA 42.6h
step  66200 | loss 8.0648 | lr 2.29e-04 | grad 1.29 | 0.8k tok/s (avg 0.9k) | cert 0.43→0.67 | ticks [4.375 3.531 3.594 3.547 3.422 4.031 3.797 3.484] | Δticks -0.891 | ETA 42.6h
step  66210 | loss 9.2892 | lr 2.29e-04 | grad 1.38 | 0.8k tok/s (avg 0.9k) | cert 0.34→0.48 | ticks [6.219 5.562 5.438 5.406 5.375 5.625 5.438 5.656] | Δticks -0.562 | ETA 42.6h
step  66220 | loss 10.6649 | lr 2.29e-04 | grad 1.38 | 1.1k tok/s (avg 0.9k) | cert 0.62→0.65 | ticks [4.625 4.031 3.984 3.953 3.844 4.406 4.000 3.828] | Δticks -0.797 | ETA 42.6h
step  66230 | loss 10.8206 | lr 2.29e-04 | grad 1.49 | 0.8k tok/s (avg 0.9k) | cert 0.66→0.69 | ticks [4.156 3.812 3.750 3.750 3.703 3.984 3.672 3.594] | Δticks -0.562 | ETA 42.6h
step  66240 | loss 6.8530 | lr 2.29e-04 | grad 1.48 | 0.8k tok/s (avg 0.9k) | cert 0.33→0.47 | ticks [5.719 5.188 4.969 5.031 5.094 5.219 5.094 5.312] | Δticks -0.406 | ETA 42.6h
step  66250 | loss 5.5997 | lr 2.29e-04 | grad 1.48 | 1.1k tok/s (avg 0.9k) | cert 0.41→0.71 | ticks [4.500 3.938 3.641 3.656 3.453 3.797 3.641 3.641] | Δticks -0.859 | ETA 42.6h
step  66260 | loss 6.2230 | lr 2.29e-04 | grad 1.48 | 0.8k tok/s (avg 0.9k) | cert 0.48→0.65 | ticks [4.406 3.922 3.625 3.703 3.703 4.062 3.906 3.750] | Δticks -0.656 | ETA 42.6h
step  66270 | loss 7.2670 | lr 2.29e-04 | grad 1.48 | 1.1k tok/s (avg 0.9k) | cert 0.37→0.60 | ticks [4.938 4.188 4.000 3.953 4.062 4.375 4.062 4.094] | Δticks -0.844 | ETA 42.5h
step  66280 | loss 5.2812 | lr 2.29e-04 | grad 1.40 | 0.8k tok/s (avg 0.9k) | cert 0.29→0.57 | ticks [4.875 3.469 3.328 3.375 3.406 3.562 3.422 3.516] | Δticks -1.359 | ETA 42.6h
step  66290 | loss 9.9023 | lr 2.28e-04 | grad 1.42 | 0.8k tok/s (avg 0.9k) | cert 0.69→0.69 | ticks [4.000 3.516 3.688 3.641 3.672 4.094 3.797 3.703] | Δticks -0.297 | ETA 42.6h
step  66300 | loss 8.7399 | lr 2.28e-04 | grad 1.42 | 1.1k tok/s (avg 0.9k) | cert 0.19→0.43 | ticks [7.531 6.562 6.156 6.156 6.156 6.562 6.156 6.406] | Δticks -1.125 | ETA 42.5h
step  66310 | loss 7.0211 | lr 2.28e-04 | grad 1.42 | 0.8k tok/s (avg 0.9k) | cert 0.43→0.63 | ticks [4.750 4.000 3.828 3.891 3.781 4.281 3.984 3.969] | Δticks -0.781 | ETA 42.6h
step  66320 | loss 7.0478 | lr 2.28e-04 | grad 1.59 | 0.8k tok/s (avg 0.9k) | cert 0.46→0.69 | ticks [4.750 3.922 3.672 3.656 3.594 4.062 3.953 3.766] | Δticks -0.984 | ETA 42.6h
step  66330 | loss 7.6053 | lr 2.28e-04 | grad 1.59 | 1.1k tok/s (avg 0.9k) | cert 0.33→0.57 | ticks [6.500 5.281 5.312 5.344 5.250 5.656 5.656 5.406] | Δticks -1.094 | ETA 42.5h
step  66340 | loss 8.0014 | lr 2.28e-04 | grad 1.39 | 0.8k tok/s (avg 0.9k) | cert 0.43→0.64 | ticks [5.125 4.531 4.344 4.281 4.312 4.656 4.500 4.219] | Δticks -0.906 | ETA 42.6h
step  66350 | loss 8.4296 | lr 2.28e-04 | grad 1.39 | 1.1k tok/s (avg 0.9k) | cert 0.25→0.49 | ticks [6.156 5.438 5.219 5.312 5.375 5.438 5.219 5.312] | Δticks -0.844 | ETA 42.5h
step  66360 | loss 10.0888 | lr 2.28e-04 | grad 1.43 | 0.8k tok/s (avg 0.9k) | cert 0.64→0.70 | ticks [4.469 4.031 4.188 4.125 3.766 4.062 4.062 3.891] | Δticks -0.578 | ETA 42.5h
step  66370 | loss 6.4170 | lr 2.28e-04 | grad 1.36 | 0.8k tok/s (avg 0.9k) | cert 0.40→0.61 | ticks [4.969 4.219 3.984 3.953 3.969 4.406 4.094 4.031] | Δticks -0.938 | ETA 42.6h
step  66380 | loss 9.2012 | lr 2.28e-04 | grad 1.36 | 1.1k tok/s (avg 0.9k) | cert 0.49→0.64 | ticks [5.406 4.594 4.531 4.656 4.500 4.906 4.656 4.562] | Δticks -0.844 | ETA 42.5h
step  66390 | loss 8.8082 | lr 2.28e-04 | grad 1.34 | 0.8k tok/s (avg 0.9k) | cert 0.42→0.54 | ticks [5.844 5.062 4.969 5.094 4.906 5.250 5.031 4.969] | Δticks -0.875 | ETA 42.5h
step  66400 | loss 8.5521 | lr 2.28e-04 | grad 1.45 | 0.8k tok/s (avg 0.9k) | cert 0.57→0.62 | ticks [4.625 4.219 4.000 4.125 3.828 4.062 3.938 4.156] | Δticks -0.469 | ETA 42.6h
step  66410 | loss 7.8577 | lr 2.28e-04 | grad 1.45 | 1.1k tok/s (avg 0.9k) | cert 0.21→0.48 | ticks [6.031 4.750 4.656 4.688 4.719 4.781 4.812 4.812] | Δticks -1.219 | ETA 42.5h
step  66420 | loss 7.6051 | lr 2.28e-04 | grad 1.53 | 0.8k tok/s (avg 0.9k) | cert 0.39→0.54 | ticks [5.688 5.000 4.844 5.000 4.781 5.125 4.938 5.000] | Δticks -0.688 | ETA 42.5h
step  66430 | loss 7.3158 | lr 2.28e-04 | grad 1.53 | 1.1k tok/s (avg 0.9k) | cert 0.39→0.64 | ticks [5.219 4.250 4.094 4.156 4.094 4.656 4.312 4.125] | Δticks -1.094 | ETA 42.5h
step  66440 | loss 6.5493 | lr 2.28e-04 | grad 1.60 | 0.8k tok/s (avg 0.9k) | cert 0.48→0.66 | ticks [4.531 4.219 3.891 3.766 3.641 4.250 3.984 3.844] | Δticks -0.688 | ETA 42.5h
step  66450 | loss 7.7493 | lr 2.28e-04 | grad 1.20 | 0.8k tok/s (avg 0.9k) | cert 0.36→0.52 | ticks [5.406 4.688 4.719 4.844 4.875 5.000 4.844 4.812] | Δticks -0.594 | ETA 42.5h
step  66460 | loss 7.2874 | lr 2.28e-04 | grad 1.20 | 1.1k tok/s (avg 0.9k) | cert 0.50→0.59 | ticks [4.750 4.531 4.375 4.375 4.312 4.500 4.375 4.219] | Δticks -0.531 | ETA 42.5h
step  66470 | loss 10.3751 | lr 2.28e-04 | grad 1.36 | 0.8k tok/s (avg 0.9k) | cert 0.35→0.54 | ticks [5.656 4.562 4.500 4.781 4.938 5.188 4.969 4.719] | Δticks -0.938 | ETA 42.5h
step  66480 | loss 8.8867 | lr 2.28e-04 | grad 1.34 | 0.8k tok/s (avg 0.9k) | cert 0.38→0.58 | ticks [5.656 4.969 5.000 5.031 4.812 5.250 5.094 4.906] | Δticks -0.750 | ETA 42.5h
step  66490 | loss 9.9260 | lr 2.28e-04 | grad 1.34 | 1.1k tok/s (avg 0.9k) | cert 0.41→0.60 | ticks [5.875 5.281 5.031 5.031 4.938 5.281 5.219 5.188] | Δticks -0.688 | ETA 42.5h
step  66500 | loss 7.1765 | lr 2.28e-04 | grad 1.38 | 0.8k tok/s (avg 0.9k) | cert 0.41→0.64 | ticks [4.969 4.281 4.188 4.156 4.125 4.531 4.250 4.062] | Δticks -0.906 | ETA 42.5h
step  66510 | loss 7.9982 | lr 2.28e-04 | grad 1.38 | 1.1k tok/s (avg 0.9k) | cert 0.52→0.60 | ticks [4.812 4.250 4.031 4.094 4.125 4.344 4.312 4.250] | Δticks -0.562 | ETA 42.4h
step  66520 | loss 8.3962 | lr 2.28e-04 | grad 1.30 | 0.8k tok/s (avg 0.9k) | cert 0.62→0.70 | ticks [3.891 3.562 3.438 3.438 3.391 3.719 3.688 3.344] | Δticks -0.547 | ETA 42.5h
step  66530 | loss 7.3365 | lr 2.28e-04 | grad 1.34 | 0.8k tok/s (avg 0.9k) | cert 0.45→0.67 | ticks [4.656 3.922 3.891 3.766 3.656 3.969 3.938 3.734] | Δticks -0.922 | ETA 42.5h
step  66540 | loss 8.0403 | lr 2.28e-04 | grad 1.34 | 1.1k tok/s (avg 0.9k) | cert 0.27→0.51 | ticks [6.188 5.531 5.219 5.281 5.312 5.406 5.156 5.250] | Δticks -0.938 | ETA 42.4h
step  66550 | loss 7.6914 | lr 2.28e-04 | grad 1.23 | 0.8k tok/s (avg 0.9k) | cert 0.32→0.52 | ticks [5.781 4.938 4.938 5.031 4.969 5.188 5.031 5.125] | Δticks -0.656 | ETA 42.5h
step  66560 | loss 9.2115 | lr 2.28e-04 | grad 1.26 | 0.8k tok/s (avg 0.9k) | cert 0.52→0.62 | ticks [4.531 3.828 3.938 3.891 4.094 4.344 4.125 4.062] | Δticks -0.469 | ETA 42.5h
step  66570 | loss 9.0017 | lr 2.28e-04 | grad 1.26 | 1.1k tok/s (avg 0.9k) | cert 0.23→0.45 | ticks [6.656 5.594 5.344 5.406 5.469 5.562 5.438 5.656] | Δticks -1.000 | ETA 42.4h
step  66580 | loss 7.8389 | lr 2.28e-04 | grad 1.40 | 0.8k tok/s (avg 0.9k) | cert 0.43→0.65 | ticks [4.594 4.000 3.672 3.500 3.641 3.938 3.812 3.703] | Δticks -0.891 | ETA 42.5h
step  66590 | loss 6.8452 | lr 2.28e-04 | grad 1.40 | 1.1k tok/s (avg 0.9k) | cert 0.55→0.68 | ticks [4.281 3.703 3.656 3.656 3.609 3.984 3.766 3.578] | Δticks -0.703 | ETA 42.4h
step  66600 | loss 9.3558 | lr 2.28e-04 | grad 1.29 | 0.8k tok/s (avg 0.9k) | cert 0.75→0.68 | ticks [3.516 3.078 3.156 3.531 3.516 3.578 3.688 3.391] | Δticks -0.125 | ETA 42.4h
step  66610 | loss 10.4325 | lr 2.28e-04 | grad 1.20 | 0.8k tok/s (avg 0.9k) | cert 0.49→0.64 | ticks [5.562 4.688 4.594 4.719 4.438 5.031 4.938 4.594] | Δticks -0.969 | ETA 42.5h
step  66620 | loss 8.1133 | lr 2.28e-04 | grad 1.20 | 1.1k tok/s (avg 0.9k) | cert 0.29→0.53 | ticks [6.281 5.469 5.250 5.375 5.219 5.312 5.281 5.312] | Δticks -0.969 | ETA 42.4h
step  66630 | loss 10.3778 | lr 2.28e-04 | grad 1.34 | 0.8k tok/s (avg 0.9k) | cert 0.40→0.52 | ticks [5.750 5.000 5.062 5.250 5.281 5.469 5.344 5.312] | Δticks -0.438 | ETA 42.4h
step  66640 | loss 8.8845 | lr 2.28e-04 | grad 1.26 | 0.8k tok/s (avg 0.9k) | cert 0.21→0.40 | ticks [8.062 6.844 6.812 6.812 6.688 6.969 6.812 6.938] | Δticks -1.125 | ETA 42.5h
step  66650 | loss 4.4678 | lr 2.28e-04 | grad 1.26 | 1.1k tok/s (avg 0.9k) | cert 0.31→0.59 | ticks [4.688 3.031 3.000 3.047 3.109 3.094 3.094 3.234] | Δticks -1.453 | ETA 42.4h
step  66660 | loss 8.5710 | lr 2.28e-04 | grad 1.12 | 0.8k tok/s (avg 0.9k) | cert 0.24→0.46 | ticks [6.875 5.906 5.500 5.562 5.656 5.875 5.656 5.875] | Δticks -1.000 | ETA 42.4h
step  66670 | loss 8.2320 | lr 2.28e-04 | grad 1.12 | 1.1k tok/s (avg 0.9k) | cert 0.43→0.62 | ticks [4.844 4.094 3.906 3.938 3.938 4.250 3.984 4.031] | Δticks -0.812 | ETA 42.4h
step  66680 | loss 6.2922 | lr 2.28e-04 | grad 1.45 | 0.8k tok/s (avg 0.9k) | cert 0.44→0.66 | ticks [4.531 4.000 3.766 3.688 3.625 3.938 3.828 3.797] | Δticks -0.734 | ETA 42.4h
step  66690 | loss 7.1297 | lr 2.28e-04 | grad 1.20 | 0.8k tok/s (avg 0.9k) | cert 0.46→0.66 | ticks [4.438 3.859 3.766 3.719 3.719 4.062 3.719 3.766] | Δticks -0.672 | ETA 42.4h
step  66700 | loss 8.6624 | lr 2.28e-04 | grad 1.20 | 1.1k tok/s (avg 0.9k) | cert 0.52→0.65 | ticks [4.500 4.094 3.938 3.969 3.828 4.062 4.125 3.891] | Δticks -0.609 | ETA 42.4h
step  66710 | loss 6.7134 | lr 2.28e-04 | grad 1.38 | 0.8k tok/s (avg 0.9k) | cert 0.29→0.52 | ticks [6.125 5.406 5.156 5.250 5.156 5.375 5.156 5.219] | Δticks -0.906 | ETA 42.4h
step  66720 | loss 7.9732 | lr 2.28e-04 | grad 1.26 | 0.8k tok/s (avg 0.9k) | cert 0.39→0.60 | ticks [5.156 4.406 4.312 4.250 4.219 4.656 4.375 4.281] | Δticks -0.875 | ETA 42.4h
step  66730 | loss 11.2272 | lr 2.28e-04 | grad 1.26 | 1.1k tok/s (avg 0.9k) | cert 0.49→0.57 | ticks [5.375 4.844 4.688 4.719 4.594 4.938 4.844 4.969] | Δticks -0.406 | ETA 42.4h
step  66740 | loss 6.9099 | lr 2.28e-04 | grad 1.27 | 0.8k tok/s (avg 0.9k) | cert 0.46→0.65 | ticks [4.438 3.781 3.609 3.578 3.531 3.812 3.844 3.641] | Δticks -0.797 | ETA 42.4h
step  66750 | loss 7.2862 | lr 2.28e-04 | grad 1.27 | 1.1k tok/s (avg 0.9k) | cert 0.46→0.61 | ticks [4.469 4.062 3.922 3.938 3.922 4.219 4.000 3.953] | Δticks -0.516 | ETA 42.4h
step  66760 | loss 8.1759 | lr 2.28e-04 | grad 1.29 | 0.8k tok/s (avg 0.9k) | cert 0.43→0.66 | ticks [4.344 3.672 3.547 3.656 3.641 3.984 3.891 3.547] | Δticks -0.797 | ETA 42.4h
step  66770 | loss 9.7096 | lr 2.28e-04 | grad 1.35 | 0.8k tok/s (avg 0.9k) | cert 0.71→0.74 | ticks [3.609 3.562 3.469 3.469 3.156 3.703 3.656 3.359] | Δticks -0.250 | ETA 42.4h
step  66780 | loss 8.1356 | lr 2.28e-04 | grad 1.35 | 1.1k tok/s (avg 0.9k) | cert 0.26→0.45 | ticks [7.375 6.844 6.625 6.562 6.500 6.750 6.625 6.844] | Δticks -0.531 | ETA 42.4h
step  66790 | loss 7.9987 | lr 2.27e-04 | grad 1.20 | 0.8k tok/s (avg 0.9k) | cert 0.42→0.58 | ticks [5.719 4.875 4.781 4.750 4.719 5.188 4.938 4.844] | Δticks -0.875 | ETA 42.4h
step  66800 | loss 6.6631 | lr 2.27e-04 | grad 1.29 | 0.8k tok/s (avg 0.9k) | cert 0.49→0.66 | ticks [4.719 4.125 3.922 3.938 3.781 4.188 4.156 3.938] | Δticks -0.781 | ETA 42.4h
step  66810 | loss 8.3841 | lr 2.27e-04 | grad 1.29 | 1.1k tok/s (avg 0.9k) | cert 0.28→0.48 | ticks [6.312 5.562 5.250 5.188 5.344 5.531 5.406 5.438] | Δticks -0.875 | ETA 42.4h
step  66820 | loss 6.1375 | lr 2.27e-04 | grad 1.20 | 0.8k tok/s (avg 0.9k) | cert 0.41→0.71 | ticks [4.438 3.672 3.516 3.531 3.266 3.750 3.734 3.328] | Δticks -1.109 | ETA 42.4h
step  66830 | loss 5.1655 | lr 2.27e-04 | grad 1.20 | 1.1k tok/s (avg 0.9k) | cert 0.29→0.59 | ticks [5.219 3.797 3.703 3.719 3.641 3.781 3.766 3.828] | Δticks -1.391 | ETA 42.3h
step  66840 | loss 6.8807 | lr 2.27e-04 | grad 1.37 | 0.8k tok/s (avg 0.9k) | cert 0.36→0.61 | ticks [5.219 4.312 4.188 4.312 4.312 4.656 4.500 4.344] | Δticks -0.875 | ETA 42.4h
step  66850 | loss 10.7852 | lr 2.27e-04 | grad 1.20 | 0.8k tok/s (avg 0.9k) | cert 0.55→0.61 | ticks [4.469 4.062 3.953 3.938 3.984 4.344 4.094 4.062] | Δticks -0.406 | ETA 42.4h
step  66860 | loss 8.2441 | lr 2.27e-04 | grad 1.20 | 1.1k tok/s (avg 0.9k) | cert 0.58→0.66 | ticks [4.906 4.281 4.406 4.188 4.062 4.531 4.469 4.250] | Δticks -0.656 | ETA 42.3h
step  66870 | loss 6.3623 | lr 2.27e-04 | grad 1.42 | 0.8k tok/s (avg 0.9k) | cert 0.43→0.65 | ticks [4.469 4.094 3.797 3.719 3.750 4.031 3.875 3.703] | Δticks -0.766 | ETA 42.4h
step  66880 | loss 6.4212 | lr 2.27e-04 | grad 1.32 | 0.8k tok/s (avg 0.9k) | cert 0.28→0.52 | ticks [5.750 4.688 4.406 4.469 4.469 4.500 4.469 4.500] | Δticks -1.250 | ETA 42.4h
step  66890 | loss 7.2290 | lr 2.27e-04 | grad 1.32 | 1.1k tok/s (avg 0.9k) | cert 0.39→0.51 | ticks [5.094 4.375 4.312 4.469 4.625 4.625 4.469 4.562] | Δticks -0.531 | ETA 42.3h
step  66900 | loss 10.7632 | lr 2.27e-04 | grad 1.36 | 0.8k tok/s (avg 0.9k) | cert 0.70→0.71 | ticks [4.438 3.875 3.844 3.750 3.688 4.188 4.062 3.766] | Δticks -0.672 | ETA 42.4h
step  66910 | loss 9.6656 | lr 2.27e-04 | grad 1.36 | 1.1k tok/s (avg 0.9k) | cert 0.60→0.69 | ticks [4.375 4.219 4.000 3.969 3.781 4.219 4.094 3.875] | Δticks -0.500 | ETA 42.3h
step  66920 | loss 5.9749 | lr 2.27e-04 | grad 1.24 | 0.8k tok/s (avg 0.9k) | cert 0.37→0.62 | ticks [5.594 4.625 4.469 4.656 4.594 4.875 4.688 4.500] | Δticks -1.094 | ETA 42.3h
step  66930 | loss 8.1131 | lr 2.27e-04 | grad 1.45 | 0.8k tok/s (avg 0.9k) | cert 0.53→0.65 | ticks [4.844 4.344 3.969 4.094 3.984 4.531 4.312 4.125] | Δticks -0.719 | ETA 42.3h
step  66940 | loss 7.4700 | lr 2.27e-04 | grad 1.45 | 1.1k tok/s (avg 0.9k) | cert 0.41→0.59 | ticks [4.969 4.188 4.125 4.219 4.188 4.531 4.312 4.156] | Δticks -0.812 | ETA 42.3h
step  66950 | loss 8.5693 | lr 2.27e-04 | grad 1.59 | 0.8k tok/s (avg 0.9k) | cert 0.41→0.51 | ticks [5.781 4.625 4.500 4.719 4.750 4.875 4.781 4.719] | Δticks -1.062 | ETA 42.3h
step  66960 | loss 6.3633 | lr 2.27e-04 | grad 1.33 | 0.8k tok/s (avg 0.9k) | cert 0.39→0.63 | ticks [5.062 4.406 4.156 4.125 4.031 4.500 4.188 4.031] | Δticks -1.031 | ETA 42.3h
step  66970 | loss 7.3857 | lr 2.27e-04 | grad 1.33 | 1.1k tok/s (avg 0.9k) | cert 0.47→0.66 | ticks [4.656 4.156 4.000 4.031 3.875 4.375 4.062 3.875] | Δticks -0.781 | ETA 42.3h
step  66980 | loss 5.9173 | lr 2.27e-04 | grad 1.24 | 0.8k tok/s (avg 0.9k) | cert 0.43→0.64 | ticks [4.281 4.000 3.484 3.453 3.469 3.812 3.594 3.531] | Δticks -0.750 | ETA 42.3h
step  66990 | loss 9.9402 | lr 2.27e-04 | grad 1.24 | 1.1k tok/s (avg 0.9k) | cert 0.21→0.40 | ticks [7.969 7.219 7.188 7.156 6.969 7.219 7.156 7.281] | Δticks -0.688 | ETA 42.3h
step  67000 | loss 9.4658 | lr 2.27e-04 | grad 1.24 | 0.8k tok/s (avg 0.9k) | cert 0.58→0.68 | ticks [4.438 4.125 4.000 4.219 3.828 4.500 4.125 3.891] | Δticks -0.547 | ETA 42.3h
step  67010 | loss 6.6238 | lr 2.27e-04 | grad 1.23 | 0.8k tok/s (avg 0.9k) | cert 0.43→0.57 | ticks [5.000 4.531 4.406 4.312 4.281 4.656 4.406 4.219] | Δticks -0.781 | ETA 42.3h
step  67020 | loss 7.7604 | lr 2.27e-04 | grad 1.23 | 1.1k tok/s (avg 0.9k) | cert 0.42→0.61 | ticks [5.062 4.469 4.188 4.219 4.094 4.375 4.344 4.219] | Δticks -0.844 | ETA 42.3h
step  67030 | loss 5.4906 | lr 2.27e-04 | grad 1.50 | 0.8k tok/s (avg 0.9k) | cert 0.27→0.52 | ticks [5.375 3.953 3.828 3.781 3.938 4.062 4.000 3.953] | Δticks -1.422 | ETA 42.3h
step  67040 | loss 10.9066 | lr 2.27e-04 | grad 1.66 | 0.8k tok/s (avg 0.9k) | cert 0.59→0.64 | ticks [4.094 3.672 3.453 3.641 3.672 3.984 3.875 3.672] | Δticks -0.422 | ETA 42.3h
step  67050 | loss 7.2825 | lr 2.27e-04 | grad 1.66 | 1.1k tok/s (avg 0.9k) | cert 0.34→0.62 | ticks [5.156 4.469 4.312 4.281 4.219 4.812 4.469 4.188] | Δticks -0.969 | ETA 42.3h
step  67060 | loss 8.2842 | lr 2.27e-04 | grad 1.36 | 0.8k tok/s (avg 0.9k) | cert 0.50→0.58 | ticks [4.969 4.406 4.281 4.219 4.281 4.531 4.375 4.438] | Δticks -0.531 | ETA 42.3h
step  67070 | loss 7.7168 | lr 2.27e-04 | grad 1.36 | 1.1k tok/s (avg 0.9k) | cert 0.41→0.57 | ticks [5.469 4.938 4.781 4.750 4.719 5.031 4.719 4.719] | Δticks -0.750 | ETA 42.2h
step  67080 | loss 9.3256 | lr 2.27e-04 | grad 1.42 | 0.8k tok/s (avg 0.9k) | cert 0.38→0.64 | ticks [5.281 4.406 4.125 4.031 4.125 4.375 4.219 4.188] | Δticks -1.094 | ETA 42.3h
step  67090 | loss 8.7444 | lr 2.27e-04 | grad 1.31 | 0.8k tok/s (avg 0.9k) | cert 0.38→0.54 | ticks [5.562 4.688 4.594 4.562 4.719 5.062 4.781 4.781] | Δticks -0.781 | ETA 42.3h
step  67100 | loss 9.8384 | lr 2.27e-04 | grad 1.31 | 1.1k tok/s (avg 0.9k) | cert 0.48→0.59 | ticks [4.500 3.953 4.156 4.219 4.250 4.562 4.500 4.125] | Δticks -0.375 | ETA 42.2h
step  67110 | loss 6.8946 | lr 2.27e-04 | grad 1.57 | 0.8k tok/s (avg 0.9k) | cert 0.46→0.65 | ticks [4.969 4.500 4.312 4.188 4.250 4.531 4.438 4.312] | Δticks -0.656 | ETA 42.3h
step  67120 | loss 7.1750 | lr 2.27e-04 | grad 1.59 | 0.8k tok/s (avg 0.9k) | cert 0.30→0.57 | ticks [6.312 5.188 5.000 5.125 5.125 5.625 5.281 5.000] | Δticks -1.312 | ETA 42.3h
step  67130 | loss 7.3220 | lr 2.27e-04 | grad 1.59 | 1.1k tok/s (avg 0.9k) | cert 0.42→0.66 | ticks [4.938 4.250 4.094 4.031 3.953 4.312 4.250 4.031] | Δticks -0.906 | ETA 42.2h
step  67140 | loss 9.6664 | lr 2.27e-04 | grad 1.56 | 0.8k tok/s (avg 0.9k) | cert 0.53→0.64 | ticks [4.781 4.250 4.344 4.344 4.062 4.688 4.594 4.188] | Δticks -0.594 | ETA 42.3h
step  67150 | loss 6.8866 | lr 2.27e-04 | grad 1.56 | 1.1k tok/s (avg 0.9k) | cert 0.50→0.68 | ticks [4.625 3.938 3.797 3.672 3.703 3.938 3.844 3.734] | Δticks -0.891 | ETA 42.2h
step  67160 | loss 7.5930 | lr 2.27e-04 | grad 1.69 | 0.8k tok/s (avg 0.9k) | cert 0.41→0.62 | ticks [5.469 4.688 4.469 4.562 4.469 4.719 4.562 4.562] | Δticks -0.906 | ETA 42.2h
step  67170 | loss 7.8539 | lr 2.27e-04 | grad 1.27 | 0.8k tok/s (avg 0.9k) | cert 0.48→0.60 | ticks [4.875 4.406 4.344 4.344 4.156 4.469 4.344 4.188] | Δticks -0.688 | ETA 42.3h
step  67180 | loss 8.1501 | lr 2.27e-04 | grad 1.27 | 1.1k tok/s (avg 0.9k) | cert 0.23→0.49 | ticks [6.781 6.031 5.719 5.812 5.719 6.062 5.719 5.750] | Δticks -1.031 | ETA 42.2h
step  67190 | loss 7.3326 | lr 2.27e-04 | grad 1.38 | 0.8k tok/s (avg 0.9k) | cert 0.45→0.62 | ticks [5.000 4.656 4.406 4.531 4.312 4.375 4.562 4.500] | Δticks -0.500 | ETA 42.2h
step  67200 | loss 8.7020 | lr 2.27e-04 | grad 1.48 | 0.8k tok/s (avg 0.9k) | cert 0.54→0.65 | ticks [4.406 3.672 3.672 3.984 3.828 4.156 4.000 3.859] | Δticks -0.547 | ETA 42.3h
step  67210 | loss 6.8358 | lr 2.27e-04 | grad 1.48 | 1.1k tok/s (avg 0.9k) | cert 0.53→0.62 | ticks [4.531 3.938 3.922 4.094 4.062 4.250 4.156 4.094] | Δticks -0.438 | ETA 42.2h
step  67220 | loss 6.6193 | lr 2.27e-04 | grad 1.49 | 0.8k tok/s (avg 0.9k) | cert 0.37→0.57 | ticks [5.281 4.688 4.344 4.531 4.344 4.562 4.344 4.500] | Δticks -0.781 | ETA 42.2h
step  67230 | loss 9.9265 | lr 2.27e-04 | grad 1.49 | 1.1k tok/s (avg 0.9k) | cert 0.53→0.57 | ticks [4.594 4.125 4.000 4.031 4.094 4.531 4.219 4.156] | Δticks -0.438 | ETA 42.2h
step  67240 | loss 6.6851 | lr 2.27e-04 | grad 1.48 | 0.8k tok/s (avg 0.9k) | cert 0.44→0.68 | ticks [4.594 3.609 3.703 3.641 3.531 3.875 3.750 3.609] | Δticks -0.984 | ETA 42.2h
step  67250 | loss 8.9420 | lr 2.27e-04 | grad 1.65 | 0.8k tok/s (avg 0.9k) | cert 0.33→0.51 | ticks [5.375 4.438 4.438 4.406 4.438 4.812 4.625 4.594] | Δticks -0.781 | ETA 42.2h
step  67260 | loss 10.7351 | lr 2.27e-04 | grad 1.65 | 1.1k tok/s (avg 0.9k) | cert 0.50→0.58 | ticks [4.875 4.344 4.125 4.062 3.922 4.469 4.125 4.219] | Δticks -0.656 | ETA 42.2h
step  67270 | loss 8.3140 | lr 2.26e-04 | grad 1.47 | 0.8k tok/s (avg 0.9k) | cert 0.60→0.71 | ticks [3.938 3.844 3.812 3.750 3.469 3.922 3.844 3.766] | Δticks -0.172 | ETA 42.2h
step  67280 | loss 7.4297 | lr 2.26e-04 | grad 1.59 | 0.8k tok/s (avg 0.9k) | cert 0.38→0.60 | ticks [5.344 4.594 4.531 4.500 4.438 4.781 4.656 4.531] | Δticks -0.812 | ETA 42.2h
step  67290 | loss 6.4102 | lr 2.26e-04 | grad 1.59 | 1.1k tok/s (avg 0.9k) | cert 0.50→0.69 | ticks [4.156 3.359 3.500 3.328 3.219 3.594 3.375 3.312] | Δticks -0.844 | ETA 42.2h
step  67300 | loss 8.1033 | lr 2.26e-04 | grad 1.17 | 0.8k tok/s (avg 0.9k) | cert 0.54→0.67 | ticks [3.906 3.375 3.375 3.438 3.469 3.828 3.703 3.391] | Δticks -0.516 | ETA 42.2h
step  67310 | loss 8.1877 | lr 2.26e-04 | grad 1.17 | 1.1k tok/s (avg 0.9k) | cert 0.45→0.56 | ticks [5.531 4.938 4.812 4.875 4.906 5.188 4.875 5.031] | Δticks -0.500 | ETA 42.2h
step  67320 | loss 7.4078 | lr 2.26e-04 | grad 1.52 | 0.8k tok/s (avg 0.9k) | cert 0.27→0.51 | ticks [6.344 5.656 5.375 5.312 5.312 5.625 5.375 5.438] | Δticks -0.906 | ETA 42.2h
step  67330 | loss 7.3169 | lr 2.26e-04 | grad 1.47 | 0.8k tok/s (avg 0.9k) | cert 0.40→0.60 | ticks [4.906 4.125 3.844 3.828 3.797 4.344 4.031 3.875] | Δticks -1.031 | ETA 42.2h
step  67340 | loss 6.7422 | lr 2.26e-04 | grad 1.47 | 1.1k tok/s (avg 0.9k) | cert 0.46→0.61 | ticks [4.531 4.156 4.031 3.984 3.969 4.281 4.094 3.953] | Δticks -0.578 | ETA 42.2h
step  67350 | loss 7.0397 | lr 2.26e-04 | grad 1.53 | 0.8k tok/s (avg 0.9k) | cert 0.41→0.61 | ticks [5.656 5.062 5.125 5.031 4.906 5.219 5.156 4.969] | Δticks -0.688 | ETA 42.2h
step  67360 | loss 8.2673 | lr 2.26e-04 | grad 1.36 | 0.8k tok/s (avg 0.9k) | cert 0.31→0.54 | ticks [5.844 5.188 4.875 5.031 4.969 5.438 5.250 5.094] | Δticks -0.750 | ETA 42.2h
step  67370 | loss 9.5740 | lr 2.26e-04 | grad 1.36 | 1.1k tok/s (avg 0.9k) | cert 0.56→0.59 | ticks [4.625 4.312 4.219 4.281 4.219 4.469 4.344 4.406] | Δticks -0.219 | ETA 42.2h
step  67380 | loss 7.8826 | lr 2.26e-04 | grad 1.35 | 0.8k tok/s (avg 0.9k) | cert 0.35→0.60 | ticks [5.469 4.844 4.500 4.531 4.562 4.844 4.656 4.562] | Δticks -0.906 | ETA 42.2h
step  67390 | loss 9.3307 | lr 2.26e-04 | grad 1.35 | 1.1k tok/s (avg 0.9k) | cert 0.38→0.54 | ticks [6.031 5.406 5.250 5.219 5.031 5.406 5.312 5.281] | Δticks -0.750 | ETA 42.1h
step  67400 | loss 11.0969 | lr 2.26e-04 | grad 1.11 | 0.8k tok/s (avg 0.9k) | cert 0.71→0.73 | ticks [3.641 3.469 3.547 3.891 3.375 3.484 3.609 3.578] | Δticks -0.062 | ETA 42.2h
step  67410 | loss 8.4356 | lr 2.26e-04 | grad 1.37 | 0.8k tok/s (avg 0.9k) | cert 0.46→0.62 | ticks [4.938 4.344 4.406 4.375 4.219 4.688 4.500 4.281] | Δticks -0.656 | ETA 42.2h
step  67420 | loss 8.6690 | lr 2.26e-04 | grad 1.37 | 1.1k tok/s (avg 0.9k) | cert 0.56→0.64 | ticks [4.625 3.750 3.828 4.094 4.000 4.250 3.984 4.062] | Δticks -0.562 | ETA 42.1h
step  67430 | loss 6.3976 | lr 2.26e-04 | grad 1.38 | 0.8k tok/s (avg 0.9k) | cert 0.38→0.63 | ticks [4.531 3.922 3.984 3.875 3.766 4.312 3.984 3.781] | Δticks -0.750 | ETA 42.1h
step  67440 | loss 8.3327 | lr 2.26e-04 | grad 1.20 | 0.8k tok/s (avg 0.9k) | cert 0.49→0.59 | ticks [5.188 4.469 4.469 4.500 4.406 4.594 4.531 4.406] | Δticks -0.781 | ETA 42.2h
step  67450 | loss 7.2457 | lr 2.26e-04 | grad 1.20 | 1.1k tok/s (avg 0.9k) | cert 0.45→0.66 | ticks [4.781 4.031 3.984 3.906 3.906 4.312 4.188 4.000] | Δticks -0.781 | ETA 42.1h
step  67460 | loss 9.2901 | lr 2.26e-04 | grad 1.39 | 0.8k tok/s (avg 0.9k) | cert 0.54→0.64 | ticks [4.375 3.625 3.688 3.797 3.766 4.031 3.859 3.844] | Δticks -0.531 | ETA 42.1h
step  67470 | loss 7.9695 | lr 2.26e-04 | grad 1.39 | 1.1k tok/s (avg 0.9k) | cert 0.31→0.49 | ticks [5.656 5.000 4.969 5.125 5.125 5.281 5.094 5.156] | Δticks -0.500 | ETA 42.1h
step  67480 | loss 8.9869 | lr 2.26e-04 | grad 1.45 | 0.8k tok/s (avg 0.9k) | cert 0.47→0.64 | ticks [5.312 4.594 4.438 4.562 4.312 4.625 4.594 4.438] | Δticks -0.875 | ETA 42.1h
step  67490 | loss 11.3082 | lr 2.26e-04 | grad 1.45 | 0.8k tok/s (avg 0.9k) | cert 0.38→0.49 | ticks [5.469 5.031 4.844 4.875 4.938 5.188 4.938 5.031] | Δticks -0.438 | ETA 42.1h
step  67500 | loss 8.3239 | lr 2.26e-04 | grad 1.45 | 1.1k tok/s (avg 0.9k) | cert 0.40→0.59 | ticks [5.281 4.562 4.438 4.469 4.312 4.625 4.531 4.469] | Δticks -0.812 | ETA 42.1h
step  67510 | loss 8.6129 | lr 2.26e-04 | grad 1.31 | 0.8k tok/s (avg 0.9k) | cert 0.39→0.55 | ticks [5.688 5.250 4.969 4.969 4.969 5.219 4.969 4.938] | Δticks -0.750 | ETA 42.1h
step  67520 | loss 7.7663 | lr 2.26e-04 | grad 1.51 | 0.8k tok/s (avg 0.9k) | cert 0.44→0.64 | ticks [5.156 4.344 4.125 4.188 4.125 4.500 4.312 4.156] | Δticks -1.000 | ETA 42.1h
step  67530 | loss 5.9756 | lr 2.26e-04 | grad 1.51 | 1.1k tok/s (avg 0.9k) | cert 0.50→0.69 | ticks [3.906 3.656 3.562 3.375 3.219 3.828 3.688 3.438] | Δticks -0.469 | ETA 42.1h
step  67540 | loss 6.7649 | lr 2.26e-04 | grad 1.34 | 0.8k tok/s (avg 0.9k) | cert 0.23→0.50 | ticks [5.656 4.594 4.312 4.250 4.312 4.594 4.531 4.562] | Δticks -1.094 | ETA 42.1h
step  67550 | loss 8.4025 | lr 2.26e-04 | grad 1.34 | 1.1k tok/s (avg 0.9k) | cert 0.32→0.49 | ticks [6.594 5.938 5.656 5.719 5.750 5.969 5.719 5.812] | Δticks -0.781 | ETA 42.1h
step  67560 | loss 9.5941 | lr 2.26e-04 | grad 1.38 | 0.8k tok/s (avg 0.9k) | cert 0.40→0.59 | ticks [5.375 4.375 4.312 4.438 4.250 4.656 4.500 4.406] | Δticks -0.969 | ETA 42.1h
step  67570 | loss 7.5854 | lr 2.26e-04 | grad 1.41 | 0.8k tok/s (avg 0.9k) | cert 0.26→0.53 | ticks [6.562 5.469 5.281 5.438 5.344 5.719 5.438 5.500] | Δticks -1.062 | ETA 42.1h
step  67580 | loss 8.1871 | lr 2.26e-04 | grad 1.41 | 1.1k tok/s (avg 0.9k) | cert 0.48→0.67 | ticks [4.938 4.125 4.062 4.031 3.922 4.562 4.406 4.062] | Δticks -0.875 | ETA 42.1h
step  67590 | loss 7.0861 | lr 2.26e-04 | grad 1.48 | 0.8k tok/s (avg 0.9k) | cert 0.29→0.54 | ticks [6.375 5.219 5.312 5.375 5.219 5.531 5.438 5.312] | Δticks -1.062 | ETA 42.1h
step  67600 | loss 7.9539 | lr 2.26e-04 | grad 1.22 | 0.8k tok/s (avg 0.9k) | cert 0.43→0.66 | ticks [4.531 3.828 3.859 3.672 3.672 3.953 4.031 3.781] | Δticks -0.750 | ETA 42.1h
step  67610 | loss 6.2327 | lr 2.26e-04 | grad 1.22 | 1.1k tok/s (avg 0.9k) | cert 0.47→0.66 | ticks [4.469 3.891 3.750 3.625 3.625 4.000 3.906 3.703] | Δticks -0.766 | ETA 42.1h
step  67620 | loss 7.7258 | lr 2.26e-04 | grad 1.27 | 0.8k tok/s (avg 0.9k) | cert 0.52→0.67 | ticks [4.344 3.781 3.734 3.594 3.562 3.828 3.891 3.656] | Δticks -0.688 | ETA 42.1h
step  67630 | loss 10.4591 | lr 2.26e-04 | grad 1.27 | 1.1k tok/s (avg 0.9k) | cert 0.75→0.73 | ticks [3.812 3.672 3.750 3.859 3.188 3.734 3.703 3.562] | Δticks -0.250 | ETA 42.1h
step  67640 | loss 6.8034 | lr 2.26e-04 | grad 1.50 | 0.8k tok/s (avg 0.9k) | cert 0.42→0.65 | ticks [5.000 4.219 4.031 3.969 3.969 4.312 4.219 4.188] | Δticks -0.812 | ETA 42.1h
step  67650 | loss 5.8374 | lr 2.26e-04 | grad 1.34 | 0.8k tok/s (avg 0.9k) | cert 0.60→0.70 | ticks [3.828 3.297 3.531 3.203 3.156 3.516 3.391 3.203] | Δticks -0.625 | ETA 42.1h
step  67660 | loss 9.2698 | lr 2.26e-04 | grad 1.34 | 1.1k tok/s (avg 0.9k) | cert 0.44→0.56 | ticks [5.812 5.312 5.250 5.312 5.250 5.562 5.344 5.375] | Δticks -0.438 | ETA 42.0h
step  67670 | loss 7.3462 | lr 2.26e-04 | grad 1.38 | 0.8k tok/s (avg 0.9k) | cert 0.31→0.52 | ticks [6.031 5.250 4.938 4.938 4.938 5.312 4.906 4.969] | Δticks -1.062 | ETA 42.1h
step  67680 | loss 6.0206 | lr 2.26e-04 | grad 1.45 | 0.8k tok/s (avg 0.9k) | cert 0.48→0.62 | ticks [4.125 3.812 3.562 3.562 3.594 3.953 3.719 3.672] | Δticks -0.453 | ETA 42.1h
step  67690 | loss 7.5616 | lr 2.26e-04 | grad 1.45 | 1.1k tok/s (avg 0.9k) | cert 0.49→0.71 | ticks [3.906 3.375 3.344 3.172 3.141 3.609 3.453 3.297] | Δticks -0.609 | ETA 42.0h
step  67700 | loss 7.8644 | lr 2.26e-04 | grad 1.52 | 0.8k tok/s (avg 0.9k) | cert 0.45→0.55 | ticks [5.000 4.438 4.156 4.250 4.281 4.625 4.375 4.406] | Δticks -0.594 | ETA 42.1h
step  67710 | loss 9.7543 | lr 2.26e-04 | grad 1.52 | 1.1k tok/s (avg 0.9k) | cert 0.28→0.49 | ticks [5.906 5.062 4.750 4.719 4.875 5.031 4.844 5.094] | Δticks -0.812 | ETA 42.0h
step  67720 | loss 7.8750 | lr 2.26e-04 | grad 1.44 | 0.8k tok/s (avg 0.9k) | cert 0.59→0.69 | ticks [3.750 3.531 3.422 3.219 3.281 3.641 3.531 3.422] | Δticks -0.328 | ETA 42.0h
step  67730 | loss 7.3117 | lr 2.26e-04 | grad 1.41 | 0.8k tok/s (avg 0.9k) | cert 0.33→0.53 | ticks [5.562 5.188 4.719 4.906 4.844 5.094 4.781 4.781] | Δticks -0.781 | ETA 42.1h
step  67740 | loss 7.2272 | lr 2.26e-04 | grad 1.41 | 1.1k tok/s (avg 0.9k) | cert 0.37→0.61 | ticks [5.031 4.469 4.188 4.156 4.094 4.688 4.375 4.219] | Δticks -0.812 | ETA 42.0h
step  67750 | loss 7.1444 | lr 2.26e-04 | grad 1.28 | 0.8k tok/s (avg 0.9k) | cert 0.48→0.64 | ticks [4.281 3.812 3.594 3.531 3.578 4.062 3.641 3.531] | Δticks -0.750 | ETA 42.0h
step  67760 | loss 10.3546 | lr 2.25e-04 | grad 1.30 | 0.8k tok/s (avg 0.9k) | cert 0.56→0.67 | ticks [4.188 3.938 3.844 3.891 3.672 3.938 3.891 3.703] | Δticks -0.484 | ETA 42.1h
step  67770 | loss 8.5477 | lr 2.25e-04 | grad 1.30 | 1.1k tok/s (avg 0.9k) | cert 0.51→0.66 | ticks [4.438 4.031 3.734 3.703 3.688 4.094 4.000 3.828] | Δticks -0.609 | ETA 42.0h
step  67780 | loss 7.7883 | lr 2.25e-04 | grad 1.42 | 0.8k tok/s (avg 0.9k) | cert 0.39→0.52 | ticks [5.031 4.312 4.312 4.375 4.406 4.562 4.438 4.469] | Δticks -0.562 | ETA 42.0h
step  67790 | loss 8.0325 | lr 2.25e-04 | grad 1.42 | 1.1k tok/s (avg 0.9k) | cert 0.35→0.60 | ticks [4.562 3.562 3.562 3.609 3.578 3.906 3.672 3.688] | Δticks -0.875 | ETA 42.0h
step  67800 | loss 7.7654 | lr 2.25e-04 | grad 1.39 | 0.8k tok/s (avg 0.9k) | cert 0.56→0.70 | ticks [4.000 3.625 3.531 3.172 3.109 3.609 3.609 3.266] | Δticks -0.734 | ETA 42.0h
step  67810 | loss 6.8092 | lr 2.25e-04 | grad 1.28 | 0.8k tok/s (avg 0.9k) | cert 0.49→0.61 | ticks [4.688 4.250 4.188 4.188 4.094 4.312 4.156 4.125] | Δticks -0.562 | ETA 42.0h
step  67820 | loss 7.9545 | lr 2.25e-04 | grad 1.28 | 1.1k tok/s (avg 0.9k) | cert 0.58→0.66 | ticks [4.250 3.562 3.516 3.688 3.656 3.766 3.719 3.609] | Δticks -0.641 | ETA 42.0h
step  67830 | loss 8.1456 | lr 2.25e-04 | grad 1.30 | 0.8k tok/s (avg 0.9k) | cert 0.35→0.54 | ticks [6.156 5.438 5.219 5.219 5.219 5.375 5.281 5.312] | Δticks -0.844 | ETA 42.0h
step  67840 | loss 7.6334 | lr 2.25e-04 | grad 1.44 | 0.8k tok/s (avg 0.9k) | cert 0.47→0.61 | ticks [4.719 3.922 4.125 4.281 3.938 4.188 4.219 4.094] | Δticks -0.625 | ETA 42.0h
step  67850 | loss 7.8649 | lr 2.25e-04 | grad 1.44 | 1.1k tok/s (avg 0.9k) | cert 0.56→0.64 | ticks [4.875 4.594 4.406 4.469 4.188 4.375 4.250 4.344] | Δticks -0.531 | ETA 42.0h
step  67860 | loss 7.9002 | lr 2.25e-04 | grad 1.20 | 0.8k tok/s (avg 0.9k) | cert 0.26→0.51 | ticks [6.281 5.406 5.188 5.281 5.375 5.500 5.312 5.312] | Δticks -0.969 | ETA 42.0h
step  67870 | loss 6.5229 | lr 2.25e-04 | grad 1.20 | 1.1k tok/s (avg 0.9k) | cert 0.21→0.48 | ticks [5.969 4.656 4.562 4.625 4.688 4.844 4.844 4.688] | Δticks -1.281 | ETA 42.0h
step  67880 | loss 6.6720 | lr 2.25e-04 | grad 1.48 | 0.8k tok/s (avg 0.9k) | cert 0.46→0.68 | ticks [4.656 4.062 3.891 3.906 3.766 4.094 4.188 3.969] | Δticks -0.688 | ETA 42.0h
step  67890 | loss 7.4896 | lr 2.25e-04 | grad 1.22 | 0.8k tok/s (avg 0.9k) | cert 0.33→0.54 | ticks [5.969 5.125 4.938 4.844 4.844 5.031 4.844 5.000] | Δticks -0.969 | ETA 42.0h
step  67900 | loss 9.3565 | lr 2.25e-04 | grad 1.22 | 1.1k tok/s (avg 0.9k) | cert 0.51→0.66 | ticks [4.938 4.156 4.094 4.094 4.094 4.469 4.312 4.188] | Δticks -0.750 | ETA 42.0h
step  67910 | loss 10.9405 | lr 2.25e-04 | grad 1.34 | 0.8k tok/s (avg 0.9k) | cert 0.52→0.54 | ticks [4.938 4.406 4.375 4.312 4.281 4.531 4.531 4.594] | Δticks -0.344 | ETA 42.0h
step  67920 | loss 8.4109 | lr 2.25e-04 | grad 1.21 | 0.8k tok/s (avg 0.9k) | cert 0.39→0.57 | ticks [5.812 5.188 5.281 5.438 5.031 5.469 5.469 5.375] | Δticks -0.438 | ETA 42.0h
step  67930 | loss 7.6385 | lr 2.25e-04 | grad 1.21 | 1.1k tok/s (avg 0.9k) | cert 0.59→0.68 | ticks [4.125 3.609 3.484 3.344 3.312 3.625 3.672 3.500] | Δticks -0.625 | ETA 42.0h
step  67940 | loss 6.6953 | lr 2.25e-04 | grad 1.45 | 0.8k tok/s (avg 0.9k) | cert 0.46→0.65 | ticks [4.062 3.812 3.578 3.531 3.422 3.953 3.594 3.484] | Δticks -0.578 | ETA 42.0h
step  67950 | loss 7.6448 | lr 2.25e-04 | grad 1.45 | 1.1k tok/s (avg 0.9k) | cert 0.25→0.48 | ticks [6.688 5.844 5.469 5.562 5.531 5.781 5.531 5.625] | Δticks -1.062 | ETA 41.9h
step  67960 | loss 7.9806 | lr 2.25e-04 | grad 1.23 | 0.8k tok/s (avg 0.9k) | cert 0.43→0.59 | ticks [5.469 4.969 4.625 4.750 4.719 5.031 4.875 4.750] | Δticks -0.719 | ETA 42.0h
step  67970 | loss 7.3466 | lr 2.25e-04 | grad 1.31 | 0.8k tok/s (avg 0.9k) | cert 0.41→0.64 | ticks [4.688 4.000 3.984 3.859 3.688 4.312 4.031 3.781] | Δticks -0.906 | ETA 42.0h
step  67980 | loss 7.9164 | lr 2.25e-04 | grad 1.31 | 1.1k tok/s (avg 0.9k) | cert 0.37→0.54 | ticks [5.188 4.656 4.500 4.562 4.531 4.781 4.688 4.656] | Δticks -0.531 | ETA 41.9h
step  67990 | loss 6.5610 | lr 2.25e-04 | grad 1.23 | 0.8k tok/s (avg 0.9k) | cert 0.47→0.70 | ticks [4.375 3.516 3.625 3.375 3.375 3.641 3.578 3.500] | Δticks -0.875 | ETA 42.0h
step  68000 | loss 7.1355 | lr 2.25e-04 | grad 1.20 | 0.8k tok/s (avg 0.9k) | cert 0.29→0.51 | ticks [6.000 5.188 5.094 5.062 5.094 5.344 5.031 5.094] | Δticks -0.906 | ETA 42.0h
step  68010 | loss 8.1461 | lr 2.25e-04 | grad 1.20 | 1.1k tok/s (avg 0.9k) | cert 0.46→0.65 | ticks [4.438 3.703 3.719 3.609 3.641 4.219 3.922 3.578] | Δticks -0.859 | ETA 41.9h
step  68020 | loss 5.8906 | lr 2.25e-04 | grad 1.35 | 0.8k tok/s (avg 0.9k) | cert 0.47→0.67 | ticks [4.406 3.719 3.609 3.406 3.375 3.828 3.641 3.547] | Δticks -0.859 | ETA 41.9h
step  68030 | loss 7.2367 | lr 2.25e-04 | grad 1.35 | 1.1k tok/s (avg 0.9k) | cert 0.33→0.66 | ticks [5.500 4.594 4.656 4.625 4.531 4.906 4.688 4.562] | Δticks -0.938 | ETA 41.9h
step  68040 | loss 6.2162 | lr 2.25e-04 | grad 1.24 | 0.8k tok/s (avg 0.9k) | cert 0.41→0.61 | ticks [4.969 4.312 4.125 4.094 4.000 4.312 4.375 4.281] | Δticks -0.688 | ETA 41.9h
step  68050 | loss 6.9884 | lr 2.25e-04 | grad 1.39 | 0.8k tok/s (avg 0.9k) | cert 0.38→0.58 | ticks [5.062 4.031 4.062 4.125 4.000 4.188 4.219 4.188] | Δticks -0.875 | ETA 41.9h
step  68060 | loss 8.1298 | lr 2.25e-04 | grad 1.39 | 1.1k tok/s (avg 0.9k) | cert 0.53→0.60 | ticks [4.750 4.188 4.094 4.094 4.031 4.375 4.250 4.281] | Δticks -0.469 | ETA 41.9h
step  68070 | loss 6.2523 | lr 2.25e-04 | grad 1.40 | 0.8k tok/s (avg 0.9k) | cert 0.43→0.62 | ticks [4.188 3.641 3.422 3.500 3.406 3.734 3.625 3.500] | Δticks -0.688 | ETA 41.9h
step  68080 | loss 8.6879 | lr 2.25e-04 | grad 1.38 | 0.8k tok/s (avg 0.9k) | cert 0.33→0.51 | ticks [6.219 5.562 5.250 5.312 5.281 5.625 5.312 5.406] | Δticks -0.812 | ETA 41.9h
step  68090 | loss 10.0281 | lr 2.25e-04 | grad 1.38 | 1.1k tok/s (avg 0.9k) | cert 0.39→0.62 | ticks [5.594 4.719 4.500 4.500 4.406 4.750 4.562 4.500] | Δticks -1.094 | ETA 41.9h
step  68100 | loss 7.2371 | lr 2.25e-04 | grad 1.66 | 0.8k tok/s (avg 0.9k) | cert 0.42→0.63 | ticks [5.062 4.531 4.250 4.281 4.125 4.531 4.250 4.344] | Δticks -0.719 | ETA 41.9h
step  68110 | loss 8.1428 | lr 2.25e-04 | grad 1.66 | 1.1k tok/s (avg 0.9k) | cert 0.36→0.47 | ticks [5.594 4.750 4.688 4.906 4.938 5.031 4.875 5.031] | Δticks -0.562 | ETA 41.9h
step  68120 | loss 7.0474 | lr 2.25e-04 | grad 1.74 | 0.8k tok/s (avg 0.9k) | cert 0.37→0.64 | ticks [5.500 4.406 4.344 4.219 4.250 4.562 4.438 4.375] | Δticks -1.125 | ETA 41.9h
step  68130 | loss 7.9588 | lr 2.25e-04 | grad 1.43 | 0.8k tok/s (avg 0.9k) | cert 0.48→0.60 | ticks [4.469 4.031 3.984 3.891 3.812 4.312 3.812 3.906] | Δticks -0.562 | ETA 41.9h
step  68140 | loss 8.8132 | lr 2.25e-04 | grad 1.43 | 1.1k tok/s (avg 0.9k) | cert 0.21→0.48 | ticks [7.281 6.219 5.938 5.844 5.844 6.188 6.000 6.094] | Δticks -1.188 | ETA 41.9h
step  68150 | loss 8.1676 | lr 2.25e-04 | grad 1.67 | 0.8k tok/s (avg 0.9k) | cert 0.34→0.67 | ticks [5.500 4.562 4.688 4.656 4.625 5.094 4.844 4.562] | Δticks -0.938 | ETA 41.9h
step  68160 | loss 8.7892 | lr 2.25e-04 | grad 1.48 | 0.8k tok/s (avg 0.9k) | cert 0.45→0.60 | ticks [5.312 4.812 4.750 4.688 4.531 4.656 4.594 4.594] | Δticks -0.719 | ETA 41.9h
step  68170 | loss 8.3150 | lr 2.25e-04 | grad 1.48 | 1.1k tok/s (avg 0.9k) | cert 0.59→0.71 | ticks [4.312 3.734 3.562 3.594 3.594 3.891 3.766 3.641] | Δticks -0.672 | ETA 41.9h
step  68180 | loss 8.2562 | lr 2.25e-04 | grad 1.58 | 0.8k tok/s (avg 0.9k) | cert 0.52→0.66 | ticks [4.781 3.844 3.797 3.766 3.781 4.281 4.031 3.828] | Δticks -0.953 | ETA 41.9h
step  68190 | loss 8.5442 | lr 2.25e-04 | grad 1.58 | 1.1k tok/s (avg 0.9k) | cert 0.54→0.68 | ticks [4.625 4.031 4.031 3.875 3.844 4.250 4.000 3.812] | Δticks -0.812 | ETA 41.9h
step  68200 | loss 7.6099 | lr 2.25e-04 | grad 1.45 | 0.8k tok/s (avg 0.9k) | cert 0.51→0.65 | ticks [4.719 4.125 4.062 3.891 3.938 4.125 3.953 3.844] | Δticks -0.875 | ETA 41.9h
step  68210 | loss 8.9897 | lr 2.25e-04 | grad 1.66 | 0.8k tok/s (avg 0.9k) | cert 0.21→0.46 | ticks [7.812 6.750 6.625 6.594 6.562 6.844 6.812 6.812] | Δticks -1.000 | ETA 41.9h
step  68220 | loss 7.1340 | lr 2.25e-04 | grad 1.66 | 1.1k tok/s (avg 0.9k) | cert 0.24→0.48 | ticks [5.812 4.719 4.500 4.438 4.562 4.750 4.719 4.625] | Δticks -1.188 | ETA 41.9h
step  68230 | loss 11.7097 | lr 2.25e-04 | grad 1.48 | 0.8k tok/s (avg 0.9k) | cert 0.34→0.54 | ticks [5.656 4.750 4.562 4.625 4.750 5.094 4.812 4.656] | Δticks -1.000 | ETA 41.9h
step  68240 | loss 11.3838 | lr 2.25e-04 | grad 1.42 | 0.8k tok/s (avg 0.9k) | cert 0.23→0.45 | ticks [6.625 5.562 5.438 5.562 5.531 5.844 5.750 5.750] | Δticks -0.875 | ETA 41.9h
step  68250 | loss 7.2099 | lr 2.24e-04 | grad 1.42 | 1.1k tok/s (avg 0.9k) | cert 0.39→0.60 | ticks [5.500 4.969 4.656 4.562 4.500 4.844 4.625 4.469] | Δticks -1.031 | ETA 41.9h
step  68260 | loss 5.8691 | lr 2.24e-04 | grad 1.41 | 0.8k tok/s (avg 0.9k) | cert 0.69→0.53 | ticks [3.922 3.828 3.641 3.672 3.328 3.609 3.328 3.781] | Δticks -0.141 | ETA 41.9h
step  68270 | loss 8.8319 | lr 2.24e-04 | grad 1.41 | 1.1k tok/s (avg 0.9k) | cert 0.29→0.44 | ticks [6.094 5.219 5.219 5.312 5.375 5.562 5.375 5.406] | Δticks -0.688 | ETA 41.8h
step  68280 | loss 7.9559 | lr 2.24e-04 | grad 1.39 | 0.8k tok/s (avg 0.9k) | cert 0.46→0.66 | ticks [4.812 4.250 3.969 4.031 3.906 4.281 4.250 3.969] | Δticks -0.844 | ETA 41.9h
step  68290 | loss 5.5760 | lr 2.24e-04 | grad 1.41 | 0.8k tok/s (avg 0.9k) | cert 0.34→0.54 | ticks [4.625 3.656 3.547 3.500 3.562 3.734 3.562 3.719] | Δticks -0.906 | ETA 41.9h
step  68300 | loss 7.9313 | lr 2.24e-04 | grad 1.41 | 1.1k tok/s (avg 0.9k) | cert 0.21→0.48 | ticks [7.125 6.406 6.125 6.281 6.125 6.344 6.219 6.094] | Δticks -1.031 | ETA 41.8h
step  68310 | loss 7.9530 | lr 2.24e-04 | grad 1.46 | 0.8k tok/s (avg 0.9k) | cert 0.38→0.56 | ticks [5.406 4.750 4.781 4.781 4.812 5.094 4.906 4.906] | Δticks -0.500 | ETA 41.8h
step  68320 | loss 7.9697 | lr 2.24e-04 | grad 1.27 | 0.8k tok/s (avg 0.9k) | cert 0.55→0.68 | ticks [4.594 4.125 4.000 4.031 3.750 4.250 4.188 3.922] | Δticks -0.672 | ETA 41.9h
step  68330 | loss 7.5878 | lr 2.24e-04 | grad 1.27 | 1.1k tok/s (avg 0.9k) | cert 0.38→0.68 | ticks [5.062 4.375 4.375 4.438 4.281 4.500 4.438 4.406] | Δticks -0.656 | ETA 41.8h
step  68340 | loss 8.7920 | lr 2.24e-04 | grad 1.48 | 0.8k tok/s (avg 0.9k) | cert 0.28→0.48 | ticks [6.500 5.531 5.375 5.438 5.500 5.688 5.500 5.562] | Δticks -0.938 | ETA 41.8h
step  68350 | loss 8.0542 | lr 2.24e-04 | grad 1.48 | 1.1k tok/s (avg 0.9k) | cert 0.28→0.62 | ticks [5.812 4.562 4.375 4.469 4.438 4.844 4.688 4.500] | Δticks -1.312 | ETA 41.8h
step  68360 | loss 7.5730 | lr 2.24e-04 | grad 1.34 | 0.8k tok/s (avg 0.9k) | cert 0.40→0.66 | ticks [4.719 3.906 3.781 3.797 3.812 3.891 3.688 3.688] | Δticks -1.031 | ETA 41.8h
step  68370 | loss 12.1513 | lr 2.24e-04 | grad 1.39 | 0.8k tok/s (avg 0.9k) | cert 0.31→0.44 | ticks [6.406 5.938 5.812 5.844 5.812 6.125 5.938 6.031] | Δticks -0.375 | ETA 41.8h
step  68380 | loss 11.0485 | lr 2.24e-04 | grad 1.39 | 1.1k tok/s (avg 0.9k) | cert 0.74→0.74 | ticks [4.156 3.828 3.828 3.906 3.531 3.844 3.750 3.594] | Δticks -0.562 | ETA 41.8h
step  68390 | loss 8.5473 | lr 2.24e-04 | grad 1.32 | 0.8k tok/s (avg 0.9k) | cert 0.50→0.62 | ticks [4.500 3.859 3.938 4.031 3.953 4.219 4.188 4.125] | Δticks -0.375 | ETA 41.8h
step  68400 | loss 6.5473 | lr 2.24e-04 | grad 1.38 | 0.8k tok/s (avg 0.9k) | cert 0.54→0.71 | ticks [4.156 3.609 3.625 3.656 3.312 3.688 3.828 3.500] | Δticks -0.656 | ETA 41.8h
step  68410 | loss 8.7726 | lr 2.24e-04 | grad 1.38 | 1.1k tok/s (avg 0.9k) | cert 0.25→0.50 | ticks [6.688 5.781 5.625 5.781 5.594 5.750 5.688 5.719] | Δticks -0.969 | ETA 41.8h
step  68420 | loss 7.4624 | lr 2.24e-04 | grad 1.34 | 0.8k tok/s (avg 0.9k) | cert 0.39→0.61 | ticks [5.094 4.594 4.344 4.375 4.250 4.875 4.594 4.281] | Δticks -0.812 | ETA 41.8h
step  68430 | loss 7.8685 | lr 2.24e-04 | grad 1.34 | 1.1k tok/s (avg 0.9k) | cert 0.60→0.69 | ticks [4.281 3.984 3.891 3.984 3.594 4.000 4.156 3.797] | Δticks -0.484 | ETA 41.8h
step  68440 | loss 10.6962 | lr 2.24e-04 | grad 1.52 | 0.8k tok/s (avg 0.9k) | cert 0.55→0.58 | ticks [4.438 3.891 4.000 4.156 4.031 4.375 4.281 4.062] | Δticks -0.375 | ETA 41.8h
step  68450 | loss 9.1692 | lr 2.24e-04 | grad 1.35 | 0.8k tok/s (avg 0.9k) | cert 0.41→0.60 | ticks [6.625 5.375 5.375 5.531 5.281 5.750 5.531 5.250] | Δticks -1.375 | ETA 41.8h
step  68460 | loss 7.3965 | lr 2.24e-04 | grad 1.35 | 1.1k tok/s (avg 0.9k) | cert 0.32→0.55 | ticks [6.375 5.625 5.250 5.438 5.156 5.469 5.344 5.344] | Δticks -1.031 | ETA 41.8h
step  68470 | loss 7.8103 | lr 2.24e-04 | grad 1.48 | 0.8k tok/s (avg 0.9k) | cert 0.38→0.56 | ticks [5.281 4.594 4.469 4.438 4.469 4.750 4.531 4.469] | Δticks -0.812 | ETA 41.8h
step  68480 | loss 7.8363 | lr 2.24e-04 | grad 1.36 | 0.8k tok/s (avg 0.9k) | cert 0.41→0.55 | ticks [4.812 4.219 4.125 4.219 4.344 4.469 4.375 4.375] | Δticks -0.438 | ETA 41.8h
step  68490 | loss 8.8579 | lr 2.24e-04 | grad 1.36 | 1.1k tok/s (avg 0.9k) | cert 0.29→0.50 | ticks [6.562 6.125 5.969 5.969 5.875 6.125 5.969 6.031] | Δticks -0.531 | ETA 41.8h
step  68500 | loss 8.2715 | lr 2.24e-04 | grad 1.76 | 0.8k tok/s (avg 0.9k) | cert 0.48→0.66 | ticks [4.844 4.188 4.062 4.094 4.062 4.219 4.125 4.000] | Δticks -0.844 | ETA 41.8h
step  68510 | loss 6.4618 | lr 2.24e-04 | grad 1.76 | 1.1k tok/s (avg 0.9k) | cert 0.51→0.65 | ticks [4.500 4.219 3.891 4.000 3.828 4.219 4.188 4.000] | Δticks -0.500 | ETA 41.8h
step  68520 | loss 9.4321 | lr 2.24e-04 | grad 1.37 | 0.8k tok/s (avg 0.9k) | cert 0.37→0.54 | ticks [6.281 5.531 5.500 5.438 5.312 5.562 5.438 5.438] | Δticks -0.844 | ETA 41.8h
step  68530 | loss 6.7727 | lr 2.24e-04 | grad 1.73 | 0.8k tok/s (avg 0.9k) | cert 0.38→0.59 | ticks [4.969 4.062 3.953 3.922 3.891 4.156 3.938 3.891] | Δticks -1.078 | ETA 41.8h
step  68540 | loss 7.7137 | lr 2.24e-04 | grad 1.73 | 1.1k tok/s (avg 0.9k) | cert 0.29→0.61 | ticks [5.906 4.719 4.688 4.750 4.750 5.094 5.031 4.750] | Δticks -1.156 | ETA 41.8h
step  68550 | loss 10.9358 | lr 2.24e-04 | grad 1.32 | 0.8k tok/s (avg 0.9k) | cert 0.22→0.44 | ticks [7.000 5.906 5.750 5.781 5.750 6.000 5.969 5.969] | Δticks -1.031 | ETA 41.8h
step  68560 | loss 6.6890 | lr 2.24e-04 | grad 1.45 | 0.8k tok/s (avg 0.9k) | cert 0.49→0.67 | ticks [4.312 3.703 3.562 3.547 3.562 3.844 3.734 3.641] | Δticks -0.672 | ETA 41.8h
step  68570 | loss 7.7676 | lr 2.24e-04 | grad 1.45 | 1.1k tok/s (avg 0.9k) | cert 0.19→0.49 | ticks [7.438 6.281 6.219 6.344 6.250 6.469 6.344 6.344] | Δticks -1.094 | ETA 41.7h
step  68580 | loss 8.9786 | lr 2.24e-04 | grad 1.62 | 0.8k tok/s (avg 0.9k) | cert 0.52→0.70 | ticks [4.688 3.984 4.094 4.000 3.828 4.156 4.094 3.938] | Δticks -0.750 | ETA 41.8h
step  68590 | loss 8.8161 | lr 2.24e-04 | grad 1.62 | 1.1k tok/s (avg 0.9k) | cert 0.29→0.48 | ticks [6.156 5.344 5.250 5.375 5.562 5.594 5.562 5.469] | Δticks -0.688 | ETA 41.7h
step  68600 | loss 8.3198 | lr 2.24e-04 | grad 1.36 | 0.8k tok/s (avg 0.9k) | cert 0.28→0.48 | ticks [6.188 5.094 5.125 5.156 5.156 5.312 5.250 5.375] | Δticks -0.812 | ETA 41.7h
step  68610 | loss 10.0762 | lr 2.24e-04 | grad 1.45 | 0.8k tok/s (avg 0.9k) | cert 0.32→0.54 | ticks [6.438 5.875 5.625 5.594 5.469 5.719 5.500 5.531] | Δticks -0.906 | ETA 41.8h
step  68620 | loss 6.9738 | lr 2.24e-04 | grad 1.45 | 1.1k tok/s (avg 0.9k) | cert 0.32→0.57 | ticks [6.406 5.406 5.312 5.438 5.406 5.688 5.562 5.375] | Δticks -1.031 | ETA 41.7h
step  68630 | loss 11.6573 | lr 2.24e-04 | grad 1.51 | 0.8k tok/s (avg 0.9k) | cert 0.30→0.43 | ticks [6.094 5.656 5.562 5.719 5.625 5.844 5.719 5.844] | Δticks -0.250 | ETA 41.7h
step  68640 | loss 7.4939 | lr 2.24e-04 | grad 1.32 | 0.8k tok/s (avg 0.9k) | cert 0.27→0.54 | ticks [5.969 5.125 4.938 5.094 5.000 5.281 5.156 5.000] | Δticks -0.969 | ETA 41.7h
step  68650 | loss 7.0979 | lr 2.24e-04 | grad 1.32 | 1.1k tok/s (avg 0.9k) | cert 0.26→0.51 | ticks [6.062 4.938 4.719 4.750 4.812 4.938 4.906 4.906] | Δticks -1.156 | ETA 41.7h
step  68660 | loss 9.6737 | lr 2.24e-04 | grad 1.30 | 0.8k tok/s (avg 0.9k) | cert 0.55→0.67 | ticks [4.438 4.031 3.812 3.859 3.719 4.125 4.094 3.875] | Δticks -0.562 | ETA 41.7h
step  68670 | loss 7.5441 | lr 2.24e-04 | grad 1.30 | 1.1k tok/s (avg 0.9k) | cert 0.35→0.59 | ticks [5.250 4.344 4.250 4.188 4.250 4.500 4.375 4.281] | Δticks -0.969 | ETA 41.7h
step  68680 | loss 7.5324 | lr 2.24e-04 | grad 1.30 | 0.8k tok/s (avg 0.9k) | cert 0.31→0.50 | ticks [5.938 5.062 4.906 5.000 5.062 5.156 5.125 5.156] | Δticks -0.781 | ETA 41.7h
step  68690 | loss 6.9370 | lr 2.24e-04 | grad 1.29 | 0.8k tok/s (avg 0.9k) | cert 0.33→0.60 | ticks [5.375 4.000 3.781 3.844 3.891 4.031 3.922 3.891] | Δticks -1.484 | ETA 41.7h
step  68700 | loss 9.7487 | lr 2.24e-04 | grad 1.29 | 1.1k tok/s (avg 0.9k) | cert 0.42→0.65 | ticks [5.094 4.156 4.094 4.031 4.031 4.375 4.375 4.125] | Δticks -0.969 | ETA 41.7h
step  68710 | loss 8.2146 | lr 2.24e-04 | grad 1.45 | 0.8k tok/s (avg 0.9k) | cert 0.31→0.59 | ticks [6.219 5.312 5.219 5.219 5.188 5.531 5.281 5.188] | Δticks -1.031 | ETA 41.7h
step  68720 | loss 6.4518 | lr 2.24e-04 | grad 1.29 | 0.8k tok/s (avg 0.9k) | cert 0.38→0.62 | ticks [4.531 3.969 3.703 3.656 3.531 3.891 3.656 3.625] | Δticks -0.906 | ETA 41.7h
step  68730 | loss 8.9189 | lr 2.23e-04 | grad 1.29 | 1.1k tok/s (avg 0.9k) | cert 0.24→0.48 | ticks [6.750 6.062 5.688 5.781 5.781 5.938 5.750 5.875] | Δticks -0.875 | ETA 41.7h
step  68740 | loss 8.0903 | lr 2.23e-04 | grad 1.40 | 0.8k tok/s (avg 0.9k) | cert 0.34→0.47 | ticks [5.625 4.906 4.844 4.938 5.031 5.125 5.000 5.062] | Δticks -0.562 | ETA 41.7h
step  68750 | loss 8.8449 | lr 2.23e-04 | grad 1.40 | 1.1k tok/s (avg 0.9k) | cert 0.45→0.54 | ticks [5.125 4.594 4.344 4.406 4.375 4.594 4.406 4.625] | Δticks -0.500 | ETA 41.7h
step  68760 | loss 7.3791 | lr 2.23e-04 | grad 1.48 | 0.8k tok/s (avg 0.9k) | cert 0.38→0.55 | ticks [5.312 4.906 4.531 4.594 4.750 4.875 4.688 4.625] | Δticks -0.688 | ETA 41.7h
step  68770 | loss 7.5469 | lr 2.23e-04 | grad 1.45 | 0.8k tok/s (avg 0.9k) | cert 0.38→0.64 | ticks [4.875 4.156 3.922 4.000 3.875 4.062 4.094 3.891] | Δticks -0.984 | ETA 41.7h
step  68780 | loss 8.8172 | lr 2.23e-04 | grad 1.45 | 1.1k tok/s (avg 0.9k) | cert 0.61→0.63 | ticks [4.094 3.672 3.719 3.828 3.781 4.062 3.969 3.766] | Δticks -0.328 | ETA 41.7h
step  68790 | loss 7.5486 | lr 2.23e-04 | grad 1.27 | 0.8k tok/s (avg 0.9k) | cert 0.29→0.52 | ticks [6.344 5.812 5.438 5.500 5.531 5.562 5.500 5.500] | Δticks -0.844 | ETA 41.7h
step  68800 | loss 8.3144 | lr 2.23e-04 | grad 1.41 | 0.8k tok/s (avg 0.9k) | cert 0.39→0.58 | ticks [5.656 5.156 4.906 5.094 4.844 4.906 4.969 4.938] | Δticks -0.719 | ETA 41.7h
step  68810 | loss 7.0626 | lr 2.23e-04 | grad 1.41 | 1.1k tok/s (avg 0.9k) | cert 0.55→0.61 | ticks [4.938 4.438 4.312 4.438 4.406 4.469 4.438 4.438] | Δticks -0.500 | ETA 41.7h
step  68820 | loss 8.6037 | lr 2.23e-04 | grad 1.49 | 0.8k tok/s (avg 0.9k) | cert 0.45→0.61 | ticks [4.562 4.219 4.094 3.984 4.031 4.375 3.859 3.953] | Δticks -0.609 | ETA 41.7h
step  68830 | loss 7.5664 | lr 2.23e-04 | grad 1.49 | 1.1k tok/s (avg 0.9k) | cert 0.61→0.72 | ticks [4.344 3.609 3.547 3.875 3.453 4.000 3.859 3.578] | Δticks -0.766 | ETA 41.7h
step  68840 | loss 8.9698 | lr 2.23e-04 | grad 1.38 | 0.8k tok/s (avg 0.9k) | cert 0.50→0.66 | ticks [4.531 4.031 3.812 3.750 3.703 3.984 3.953 3.688] | Δticks -0.844 | ETA 41.7h
step  68850 | loss 10.4057 | lr 2.23e-04 | grad 1.51 | 0.8k tok/s (avg 0.9k) | cert 0.73→0.73 | ticks [3.375 3.125 3.250 3.312 3.297 3.422 3.219 3.188] | Δticks -0.188 | ETA 41.7h
step  68860 | loss 8.4028 | lr 2.23e-04 | grad 1.51 | 1.1k tok/s (avg 0.9k) | cert 0.36→0.57 | ticks [5.938 4.906 4.781 4.781 4.812 5.156 4.969 4.844] | Δticks -1.094 | ETA 41.6h
step  68870 | loss 8.5716 | lr 2.23e-04 | grad 1.51 | 0.8k tok/s (avg 0.9k) | cert 0.50→0.65 | ticks [5.281 4.656 4.594 4.594 4.625 4.719 4.656 4.562] | Δticks -0.719 | ETA 41.7h
step  68880 | loss 6.9218 | lr 2.23e-04 | grad 1.30 | 0.8k tok/s (avg 0.9k) | cert 0.50→0.65 | ticks [4.375 3.812 3.641 3.641 3.688 3.844 3.672 3.516] | Δticks -0.859 | ETA 41.7h
step  68890 | loss 6.8667 | lr 2.23e-04 | grad 1.30 | 1.1k tok/s (avg 0.9k) | cert 0.48→0.66 | ticks [4.344 3.688 3.641 3.562 3.578 3.688 3.781 3.516] | Δticks -0.828 | ETA 41.6h
step  68900 | loss 6.8841 | lr 2.23e-04 | grad 1.45 | 0.8k tok/s (avg 0.9k) | cert 0.41→0.63 | ticks [4.906 4.344 4.062 4.062 4.000 4.312 4.219 4.000] | Δticks -0.906 | ETA 41.7h
step  68910 | loss 8.4509 | lr 2.23e-04 | grad 1.45 | 1.1k tok/s (avg 0.9k) | cert 0.45→0.57 | ticks [4.875 4.156 4.062 4.156 4.031 4.406 4.219 4.250] | Δticks -0.625 | ETA 41.6h
step  68920 | loss 9.1865 | lr 2.23e-04 | grad 1.36 | 0.8k tok/s (avg 0.9k) | cert 0.33→0.52 | ticks [6.656 5.812 5.438 5.562 5.531 5.781 5.594 5.656] | Δticks -1.000 | ETA 41.6h
step  68930 | loss 6.7793 | lr 2.23e-04 | grad 1.26 | 0.8k tok/s (avg 0.9k) | cert 0.43→0.56 | ticks [4.969 4.062 3.953 4.031 4.156 4.250 4.062 4.094] | Δticks -0.875 | ETA 41.6h
step  68940 | loss 6.6409 | lr 2.23e-04 | grad 1.26 | 1.1k tok/s (avg 0.9k) | cert 0.48→0.67 | ticks [4.062 3.438 3.344 3.312 3.281 3.484 3.422 3.250] | Δticks -0.812 | ETA 41.6h
step  68950 | loss 6.8169 | lr 2.23e-04 | grad 1.45 | 0.8k tok/s (avg 0.9k) | cert 0.54→0.67 | ticks [4.531 3.906 3.781 3.703 3.547 3.688 3.781 3.703] | Δticks -0.828 | ETA 41.6h
step  68960 | loss 6.5375 | lr 2.23e-04 | grad 1.53 | 0.8k tok/s (avg 0.9k) | cert 0.51→0.68 | ticks [4.156 3.594 3.688 3.578 3.297 3.672 3.734 3.344] | Δticks -0.812 | ETA 41.6h
step  68970 | loss 7.8875 | lr 2.23e-04 | grad 1.53 | 1.1k tok/s (avg 0.9k) | cert 0.27→0.49 | ticks [6.531 5.562 5.312 5.375 5.344 5.656 5.500 5.562] | Δticks -0.969 | ETA 41.6h
step  68980 | loss 7.5917 | lr 2.23e-04 | grad 1.42 | 0.8k tok/s (avg 0.9k) | cert 0.35→0.54 | ticks [5.312 4.656 4.438 4.594 4.469 4.781 4.500 4.500] | Δticks -0.812 | ETA 41.6h
step  68990 | loss 7.3270 | lr 2.23e-04 | grad 1.42 | 1.1k tok/s (avg 0.9k) | cert 0.51→0.64 | ticks [4.281 3.781 3.672 3.594 3.531 3.766 3.656 3.578] | Δticks -0.703 | ETA 41.6h
step  69000 | loss 7.5950 | lr 2.23e-04 | grad 1.23 | 0.8k tok/s (avg 0.9k) | cert 0.30→0.57 | ticks [4.938 3.938 3.656 3.703 3.781 3.875 3.734 3.719] | Δticks -1.219 | ETA 41.6h
step  69010 | loss 6.8555 | lr 2.23e-04 | grad 1.40 | 0.8k tok/s (avg 0.9k) | cert 0.41→0.63 | ticks [5.156 4.469 4.250 4.219 4.219 4.531 4.500 4.281] | Δticks -0.875 | ETA 41.6h
step  69020 | loss 12.8104 | lr 2.23e-04 | grad 1.40 | 1.1k tok/s (avg 0.9k) | cert 0.42→0.50 | ticks [5.281 5.000 5.000 5.094 5.125 5.250 5.125 5.156] | Δticks -0.125 | ETA 41.6h
step  69030 | loss 12.9468 | lr 2.23e-04 | grad 1.51 | 0.8k tok/s (avg 0.9k) | cert 0.37→0.46 | ticks [5.906 5.156 5.188 5.188 5.125 5.312 5.344 5.594] | Δticks -0.312 | ETA 41.6h
step  69040 | loss 6.9368 | lr 2.23e-04 | grad 1.29 | 0.8k tok/s (avg 0.9k) | cert 0.50→0.68 | ticks [3.906 3.375 3.328 3.359 3.266 3.500 3.406 3.312] | Δticks -0.594 | ETA 41.6h
step  69050 | loss 8.2473 | lr 2.23e-04 | grad 1.29 | 1.1k tok/s (avg 0.9k) | cert 0.45→0.64 | ticks [4.406 3.734 3.547 3.609 3.625 3.859 3.641 3.625] | Δticks -0.781 | ETA 41.6h
step  69060 | loss 7.3552 | lr 2.23e-04 | grad 1.52 | 0.8k tok/s (avg 0.9k) | cert 0.45→0.55 | ticks [4.469 3.719 3.609 3.750 3.922 3.953 3.859 3.969] | Δticks -0.500 | ETA 41.6h
step  69070 | loss 6.4308 | lr 2.23e-04 | grad 1.52 | 1.1k tok/s (avg 0.9k) | cert 0.47→0.64 | ticks [4.344 3.844 3.703 3.734 3.750 4.000 3.766 3.656] | Δticks -0.688 | ETA 41.6h
step  69080 | loss 8.1070 | lr 2.23e-04 | grad 1.22 | 0.8k tok/s (avg 0.9k) | cert 0.61→0.70 | ticks [3.797 3.641 3.719 3.594 3.453 3.641 3.672 3.484] | Δticks -0.312 | ETA 41.6h
step  69090 | loss 8.6932 | lr 2.23e-04 | grad 1.35 | 0.8k tok/s (avg 0.9k) | cert 0.40→0.51 | ticks [5.094 4.594 4.594 4.656 4.781 4.938 4.844 4.938] | Δticks -0.156 | ETA 41.6h
step  69100 | loss 13.4882 | lr 2.23e-04 | grad 1.35 | 1.1k tok/s (avg 0.9k) | cert 0.62→0.66 | ticks [4.375 3.906 3.953 3.922 3.953 4.094 4.031 3.938] | Δticks -0.438 | ETA 41.6h
step  69110 | loss 4.9975 | lr 2.23e-04 | grad 1.36 | 0.8k tok/s (avg 0.9k) | cert 0.31→0.62 | ticks [4.906 3.562 3.422 3.484 3.469 3.688 3.609 3.406] | Δticks -1.500 | ETA 41.6h
step  69120 | loss 8.8365 | lr 2.23e-04 | grad 1.48 | 0.8k tok/s (avg 0.9k) | cert 0.32→0.45 | ticks [6.438 5.969 5.969 5.875 5.844 6.125 5.719 6.062] | Δticks -0.375 | ETA 41.6h
step  69130 | loss 8.2771 | lr 2.23e-04 | grad 1.48 | 1.1k tok/s (avg 0.9k) | cert 0.44→0.64 | ticks [5.438 4.688 4.594 4.781 4.688 5.094 4.906 4.719] | Δticks -0.719 | ETA 41.6h
step  69140 | loss 8.6442 | lr 2.23e-04 | grad 1.88 | 0.8k tok/s (avg 0.9k) | cert 0.48→0.58 | ticks [4.875 4.062 3.969 3.984 4.062 4.344 4.188 4.281] | Δticks -0.594 | ETA 41.6h
step  69150 | loss 9.6880 | lr 2.23e-04 | grad 1.88 | 1.1k tok/s (avg 0.9k) | cert 0.41→0.62 | ticks [5.000 4.156 3.984 4.188 4.188 4.406 4.219 4.156] | Δticks -0.844 | ETA 41.5h
step  69160 | loss 7.2784 | lr 2.23e-04 | grad 1.21 | 0.8k tok/s (avg 0.9k) | cert 0.35→0.64 | ticks [6.000 5.031 4.750 4.719 4.625 5.156 5.062 4.875] | Δticks -1.125 | ETA 41.5h
step  69170 | loss 5.6254 | lr 2.23e-04 | grad 1.32 | 0.8k tok/s (avg 0.9k) | cert 0.28→0.54 | ticks [5.469 4.188 3.984 4.062 4.094 4.188 4.188 4.188] | Δticks -1.281 | ETA 41.6h
step  69180 | loss 6.0343 | lr 2.23e-04 | grad 1.32 | 1.1k tok/s (avg 0.9k) | cert 0.73→0.60 | ticks [3.484 3.266 3.188 2.953 2.922 3.344 2.703 3.203] | Δticks -0.281 | ETA 41.5h
step  69190 | loss 7.4153 | lr 2.23e-04 | grad 1.45 | 0.8k tok/s (avg 0.9k) | cert 0.37→0.61 | ticks [5.531 4.438 4.375 4.500 4.375 4.969 4.750 4.469] | Δticks -1.062 | ETA 41.5h
step  69200 | loss 8.5993 | lr 2.23e-04 | grad 1.30 | 0.8k tok/s (avg 0.9k) | cert 0.30→0.64 | ticks [5.500 4.562 4.344 4.500 4.438 4.844 4.719 4.469] | Δticks -1.031 | ETA 41.5h
step  69210 | loss 10.2212 | lr 2.22e-04 | grad 1.30 | 1.1k tok/s (avg 0.9k) | cert 0.20→0.39 | ticks [7.656 6.594 6.438 6.531 6.531 6.750 6.750 6.719] | Δticks -0.938 | ETA 41.5h
step  69220 | loss 6.7322 | lr 2.22e-04 | grad 1.49 | 0.8k tok/s (avg 0.9k) | cert 0.44→0.64 | ticks [4.812 3.891 3.797 3.844 3.719 4.031 4.094 3.969] | Δticks -0.844 | ETA 41.5h
step  69230 | loss 8.7740 | lr 2.22e-04 | grad 1.49 | 1.1k tok/s (avg 0.9k) | cert 0.24→0.48 | ticks [6.969 6.438 6.156 6.250 6.219 6.375 6.250 6.219] | Δticks -0.750 | ETA 41.5h
step  69240 | loss 7.2584 | lr 2.22e-04 | grad 1.59 | 0.8k tok/s (avg 0.9k) | cert 0.35→0.57 | ticks [5.781 5.031 4.719 4.812 4.812 5.000 4.781 4.719] | Δticks -1.062 | ETA 41.5h
step  69250 | loss 6.6102 | lr 2.22e-04 | grad 1.59 | 0.8k tok/s (avg 0.9k) | cert 0.52→0.60 | ticks [3.953 3.953 3.734 3.812 3.578 3.859 3.688 4.000] | Δticks +0.047 | ETA 41.5h
step  69260 | loss 7.7166 | lr 2.22e-04 | grad 1.59 | 1.1k tok/s (avg 0.9k) | cert 0.46→0.65 | ticks [5.656 4.781 4.625 4.625 4.562 4.906 4.812 4.594] | Δticks -1.062 | ETA 41.5h
step  69270 | loss 7.1363 | lr 2.22e-04 | grad 1.48 | 0.8k tok/s (avg 0.9k) | cert 0.42→0.64 | ticks [5.312 4.500 4.344 4.312 4.312 4.688 4.594 4.469] | Δticks -0.844 | ETA 41.5h
step  69280 | loss 8.3288 | lr 2.22e-04 | grad 1.46 | 0.8k tok/s (avg 0.9k) | cert 0.30→0.52 | ticks [5.812 5.156 5.062 5.062 4.938 5.281 4.875 4.938] | Δticks -0.875 | ETA 41.5h
step  69290 | loss 9.8776 | lr 2.22e-04 | grad 1.46 | 1.1k tok/s (avg 0.9k) | cert 0.55→0.69 | ticks [5.281 4.656 4.625 4.875 4.500 4.656 4.719 4.594] | Δticks -0.688 | ETA 41.5h
step  69300 | loss 6.7001 | lr 2.22e-04 | grad 1.59 | 0.8k tok/s (avg 0.9k) | cert 0.38→0.61 | ticks [5.344 4.594 4.469 4.438 4.469 4.719 4.594 4.438] | Δticks -0.906 | ETA 41.5h
step  69310 | loss 7.9145 | lr 2.22e-04 | grad 1.59 | 1.1k tok/s (avg 0.9k) | cert 0.29→0.52 | ticks [6.250 5.094 5.000 5.125 4.875 5.062 5.031 5.062] | Δticks -1.188 | ETA 41.5h
step  69320 | loss 9.4347 | lr 2.22e-04 | grad 1.27 | 0.8k tok/s (avg 0.9k) | cert 0.36→0.59 | ticks [5.625 4.750 4.750 4.812 4.750 5.000 4.875 4.844] | Δticks -0.781 | ETA 41.5h
step  69330 | loss 7.2961 | lr 2.22e-04 | grad 1.41 | 0.8k tok/s (avg 0.9k) | cert 0.44→0.64 | ticks [5.094 4.156 4.156 4.125 4.031 4.312 4.250 4.125] | Δticks -0.969 | ETA 41.5h
step  69340 | loss 9.0300 | lr 2.22e-04 | grad 1.41 | 1.1k tok/s (avg 0.9k) | cert 0.33→0.65 | ticks [5.219 4.375 4.312 4.156 4.219 4.625 4.438 4.188] | Δticks -1.031 | ETA 41.5h
step  69350 | loss 8.5300 | lr 2.22e-04 | grad 1.51 | 0.8k tok/s (avg 0.9k) | cert 0.24→0.47 | ticks [6.844 5.875 5.719 5.844 6.031 6.156 6.000 6.000] | Δticks -0.844 | ETA 41.5h
step  69360 | loss 8.3274 | lr 2.22e-04 | grad 1.41 | 0.8k tok/s (avg 0.9k) | cert 0.31→0.59 | ticks [5.719 4.688 4.375 4.438 4.531 4.844 4.594 4.562] | Δticks -1.156 | ETA 41.5h
step  69370 | loss 7.7043 | lr 2.22e-04 | grad 1.41 | 1.1k tok/s (avg 0.9k) | cert 0.24→0.44 | ticks [6.625 5.625 5.594 5.781 5.969 6.062 5.969 5.906] | Δticks -0.719 | ETA 41.5h
step  69380 | loss 7.9164 | lr 2.22e-04 | grad 1.37 | 0.8k tok/s (avg 0.9k) | cert 0.48→0.57 | ticks [5.344 4.844 4.594 4.719 4.562 4.688 4.656 4.750] | Δticks -0.594 | ETA 41.5h
step  69390 | loss 10.2531 | lr 2.22e-04 | grad 1.37 | 1.1k tok/s (avg 0.9k) | cert 0.36→0.53 | ticks [6.219 5.594 5.312 5.500 5.531 5.781 5.594 5.500] | Δticks -0.719 | ETA 41.5h
step  69400 | loss 7.8979 | lr 2.22e-04 | grad 1.39 | 0.8k tok/s (avg 0.9k) | cert 0.35→0.50 | ticks [6.219 5.594 5.406 5.438 5.344 5.531 5.375 5.406] | Δticks -0.812 | ETA 41.5h
step  69410 | loss 7.7222 | lr 2.22e-04 | grad 1.27 | 0.8k tok/s (avg 0.9k) | cert 0.41→0.54 | ticks [5.562 5.188 5.094 4.969 5.031 5.469 5.188 5.062] | Δticks -0.500 | ETA 41.5h
step  69420 | loss 8.0478 | lr 2.22e-04 | grad 1.27 | 1.1k tok/s (avg 0.9k) | cert 0.23→0.43 | ticks [6.875 5.750 5.781 5.875 6.094 6.219 6.125 6.031] | Δticks -0.844 | ETA 41.5h
step  69430 | loss 7.6593 | lr 2.22e-04 | grad 1.46 | 0.8k tok/s (avg 0.9k) | cert 0.35→0.59 | ticks [5.531 4.719 4.625 4.469 4.500 4.906 4.812 4.625] | Δticks -0.906 | ETA 41.5h
step  69440 | loss 9.3600 | lr 2.22e-04 | grad 1.31 | 0.8k tok/s (avg 0.9k) | cert 0.54→0.60 | ticks [4.625 4.125 4.156 4.188 4.188 4.469 4.250 4.250] | Δticks -0.375 | ETA 41.5h
step  69450 | loss 8.8964 | lr 2.22e-04 | grad 1.31 | 1.1k tok/s (avg 0.9k) | cert 0.50→0.64 | ticks [5.375 4.844 4.812 4.938 4.562 4.938 4.781 4.781] | Δticks -0.594 | ETA 41.4h
step  69460 | loss 9.0153 | lr 2.22e-04 | grad 1.28 | 0.8k tok/s (avg 0.9k) | cert 0.60→0.60 | ticks [4.562 4.125 3.922 4.031 4.031 4.281 4.094 4.125] | Δticks -0.438 | ETA 41.5h
step  69470 | loss 10.2926 | lr 2.22e-04 | grad 1.28 | 1.1k tok/s (avg 0.9k) | cert 0.39→0.61 | ticks [5.688 4.875 4.719 4.938 4.844 5.094 5.156 4.844] | Δticks -0.844 | ETA 41.4h
step  69480 | loss 9.1962 | lr 2.22e-04 | grad 1.35 | 0.8k tok/s (avg 0.9k) | cert 0.17→0.33 | ticks [8.000 7.312 7.219 7.188 7.406 7.562 7.500 7.656] | Δticks -0.344 | ETA 41.4h
step  69490 | loss 8.4566 | lr 2.22e-04 | grad 1.27 | 0.8k tok/s (avg 0.9k) | cert 0.29→0.60 | ticks [5.531 4.812 4.625 4.594 4.562 5.125 4.938 4.719] | Δticks -0.812 | ETA 41.4h
step  69500 | loss 7.4144 | lr 2.22e-04 | grad 1.27 | 1.1k tok/s (avg 0.9k) | cert 0.38→0.63 | ticks [5.375 4.406 4.312 4.250 4.219 4.719 4.469 4.344] | Δticks -1.031 | ETA 41.4h
step  69510 | loss 6.7299 | lr 2.22e-04 | grad 1.37 | 0.8k tok/s (avg 0.9k) | cert 0.27→0.56 | ticks [5.781 4.719 4.500 4.562 4.625 4.812 4.750 4.688] | Δticks -1.094 | ETA 41.4h
step  69520 | loss 6.0422 | lr 2.22e-04 | grad 1.42 | 0.8k tok/s (avg 0.9k) | cert 0.39→0.67 | ticks [4.781 3.938 3.781 3.750 3.906 4.156 3.938 3.797] | Δticks -0.984 | ETA 41.4h
step  69530 | loss 8.9325 | lr 2.22e-04 | grad 1.42 | 1.1k tok/s (avg 0.9k) | cert 0.27→0.47 | ticks [6.125 5.281 5.156 5.219 5.344 5.625 5.312 5.562] | Δticks -0.562 | ETA 41.4h
step  69540 | loss 12.3933 | lr 2.22e-04 | grad 1.39 | 0.8k tok/s (avg 0.9k) | cert 0.61→0.70 | ticks [4.188 3.781 4.031 4.094 3.734 4.156 4.094 3.891] | Δticks -0.297 | ETA 41.4h
step  69550 | loss 9.6969 | lr 2.22e-04 | grad 1.39 | 1.1k tok/s (avg 0.9k) | cert 0.18→0.39 | ticks [7.562 6.375 6.156 6.188 6.344 6.500 6.375 6.562] | Δticks -1.000 | ETA 41.4h
step  69560 | loss 7.9450 | lr 2.22e-04 | grad 1.64 | 0.8k tok/s (avg 0.9k) | cert 0.27→0.43 | ticks [6.781 6.000 6.094 6.094 5.844 6.125 6.062 6.000] | Δticks -0.781 | ETA 41.4h
step  69570 | loss 10.5000 | lr 2.22e-04 | grad 1.81 | 0.8k tok/s (avg 0.9k) | cert 0.31→0.52 | ticks [6.062 5.094 4.969 5.031 5.094 5.406 5.188 5.062] | Δticks -1.000 | ETA 41.4h
step  69580 | loss 5.4425 | lr 2.22e-04 | grad 1.81 | 1.1k tok/s (avg 0.9k) | cert 0.44→0.64 | ticks [4.312 3.188 3.062 3.219 3.453 3.484 3.359 3.203] | Δticks -1.109 | ETA 41.4h
step  69590 | loss 6.5205 | lr 2.22e-04 | grad 1.38 | 0.8k tok/s (avg 0.9k) | cert 0.44→0.61 | ticks [5.156 4.562 4.188 4.188 4.281 4.531 4.406 4.312] | Δticks -0.844 | ETA 41.4h
step  69600 | loss 7.9004 | lr 2.22e-04 | grad 1.39 | 0.8k tok/s (avg 0.9k) | cert 0.35→0.46 | ticks [5.656 5.219 5.156 5.188 5.000 5.344 5.094 5.406] | Δticks -0.250 | ETA 41.4h
step  69610 | loss 9.9073 | lr 2.22e-04 | grad 1.39 | 1.1k tok/s (avg 0.9k) | cert 0.73→0.68 | ticks [3.750 3.375 3.453 3.578 3.500 3.719 3.531 3.375] | Δticks -0.375 | ETA 41.4h
step  69620 | loss 9.1767 | lr 2.22e-04 | grad 1.39 | 0.8k tok/s (avg 0.9k) | cert 0.42→0.55 | ticks [5.594 5.031 4.750 4.812 4.875 4.969 5.000 4.906] | Δticks -0.688 | ETA 41.4h
step  69630 | loss 8.4527 | lr 2.22e-04 | grad 1.39 | 1.1k tok/s (avg 0.9k) | cert 0.55→0.68 | ticks [4.406 3.609 3.750 3.812 3.719 4.031 3.844 3.594] | Δticks -0.812 | ETA 41.4h
step  69640 | loss 9.8493 | lr 2.22e-04 | grad 1.30 | 0.8k tok/s (avg 0.9k) | cert 0.30→0.47 | ticks [7.219 6.750 6.625 6.625 6.562 6.812 6.688 6.750] | Δticks -0.469 | ETA 41.4h
step  69650 | loss 9.6664 | lr 2.22e-04 | grad 1.30 | 0.8k tok/s (avg 0.9k) | cert 0.45→0.58 | ticks [5.312 4.594 4.688 4.875 5.000 5.219 5.062 4.906] | Δticks -0.406 | ETA 41.4h
step  69660 | loss 8.2941 | lr 2.22e-04 | grad 1.30 | 1.1k tok/s (avg 0.9k) | cert 0.30→0.41 | ticks [7.125 5.938 5.969 5.875 5.969 6.062 5.906 6.094] | Δticks -1.031 | ETA 41.4h
step  69670 | loss 8.8163 | lr 2.22e-04 | grad 1.28 | 0.8k tok/s (avg 0.9k) | cert 0.61→0.62 | ticks [4.094 3.906 3.922 3.906 3.625 3.922 3.844 3.828] | Δticks -0.266 | ETA 41.4h
step  69680 | loss 7.9362 | lr 2.22e-04 | grad 1.42 | 0.8k tok/s (avg 0.9k) | cert 0.55→0.68 | ticks [4.562 3.875 4.031 4.031 3.812 4.000 4.094 3.875] | Δticks -0.688 | ETA 41.4h
step  69690 | loss 8.5001 | lr 2.21e-04 | grad 1.42 | 1.1k tok/s (avg 0.9k) | cert 0.22→0.48 | ticks [7.469 6.562 6.469 6.500 6.375 6.656 6.469 6.531] | Δticks -0.938 | ETA 41.4h
step  69700 | loss 6.2359 | lr 2.21e-04 | grad 1.34 | 0.8k tok/s (avg 0.9k) | cert 0.56→0.72 | ticks [4.062 3.359 3.469 3.484 3.188 3.547 3.547 3.422] | Δticks -0.641 | ETA 41.4h
step  69710 | loss 7.5704 | lr 2.21e-04 | grad 1.34 | 1.1k tok/s (avg 0.9k) | cert 0.23→0.53 | ticks [5.531 4.344 4.094 4.281 4.188 4.469 4.406 4.281] | Δticks -1.250 | ETA 41.4h
step  69720 | loss 7.0057 | lr 2.21e-04 | grad 1.47 | 0.8k tok/s (avg 0.9k) | cert 0.50→0.67 | ticks [4.969 4.344 4.188 4.188 3.969 4.438 4.312 4.281] | Δticks -0.688 | ETA 41.4h
step  69730 | loss 8.0436 | lr 2.21e-04 | grad 1.28 | 0.8k tok/s (avg 0.9k) | cert 0.44→0.61 | ticks [5.062 4.750 4.469 4.594 4.562 4.906 4.469 4.500] | Δticks -0.562 | ETA 41.4h
step  69740 | loss 10.5035 | lr 2.21e-04 | grad 1.28 | 1.1k tok/s (avg 0.9k) | cert 0.44→0.54 | ticks [5.906 5.312 5.312 5.406 5.312 5.500 5.312 5.406] | Δticks -0.500 | ETA 41.3h
step  69750 | loss 9.4038 | lr 2.21e-04 | grad 1.37 | 0.8k tok/s (avg 0.9k) | cert 0.47→0.62 | ticks [5.344 4.656 4.594 4.812 4.844 5.156 4.906 4.750] | Δticks -0.594 | ETA 41.4h
step  69760 | loss 8.1401 | lr 2.21e-04 | grad 1.28 | 0.8k tok/s (avg 0.9k) | cert 0.38→0.59 | ticks [5.438 4.688 4.438 4.500 4.531 4.812 4.531 4.562] | Δticks -0.875 | ETA 41.4h
step  69770 | loss 8.6720 | lr 2.21e-04 | grad 1.28 | 1.1k tok/s (avg 0.9k) | cert 0.46→0.56 | ticks [5.438 4.812 4.562 4.688 4.688 5.000 4.750 4.812] | Δticks -0.625 | ETA 41.3h
step  69780 | loss 9.0944 | lr 2.21e-04 | grad 1.30 | 0.8k tok/s (avg 0.9k) | cert 0.48→0.57 | ticks [5.188 4.688 4.781 4.781 4.812 4.938 4.938 4.781] | Δticks -0.406 | ETA 41.4h
step  69790 | loss 8.6657 | lr 2.21e-04 | grad 1.30 | 1.1k tok/s (avg 0.9k) | cert 0.41→0.60 | ticks [5.156 4.344 4.344 4.375 4.250 4.688 4.531 4.375] | Δticks -0.781 | ETA 41.3h
step  69800 | loss 9.4283 | lr 2.21e-04 | grad 1.26 | 0.8k tok/s (avg 0.9k) | cert 0.24→0.41 | ticks [6.375 5.344 5.438 5.438 5.531 5.688 5.625 5.594] | Δticks -0.781 | ETA 41.3h
step  69810 | loss 7.0272 | lr 2.21e-04 | grad 1.35 | 0.8k tok/s (avg 0.9k) | cert 0.25→0.48 | ticks [5.594 4.281 4.156 4.250 4.312 4.438 4.344 4.406] | Δticks -1.188 | ETA 41.3h
step  69820 | loss 8.7636 | lr 2.21e-04 | grad 1.35 | 1.1k tok/s (avg 0.9k) | cert 0.43→0.64 | ticks [5.219 4.594 4.438 4.406 4.250 4.656 4.531 4.375] | Δticks -0.844 | ETA 41.3h
step  69830 | loss 7.5672 | lr 2.21e-04 | grad 1.24 | 0.8k tok/s (avg 0.9k) | cert 0.31→0.56 | ticks [5.562 4.531 4.500 4.531 4.531 4.750 4.750 4.531] | Δticks -1.031 | ETA 41.3h
step  69840 | loss 11.9970 | lr 2.21e-04 | grad 1.45 | 0.8k tok/s (avg 0.9k) | cert 0.49→0.52 | ticks [4.906 4.438 4.438 4.438 4.438 4.594 4.562 4.562] | Δticks -0.344 | ETA 41.3h
step  69850 | loss 6.8502 | lr 2.21e-04 | grad 1.45 | 1.1k tok/s (avg 0.9k) | cert 0.27→0.54 | ticks [6.094 5.062 4.938 4.969 5.031 5.125 5.156 5.062] | Δticks -1.031 | ETA 41.3h
step  69860 | loss 8.1638 | lr 2.21e-04 | grad 1.38 | 0.8k tok/s (avg 0.9k) | cert 0.53→0.62 | ticks [4.531 4.156 4.156 4.188 3.969 4.062 4.156 4.062] | Δticks -0.469 | ETA 41.3h
step  69870 | loss 7.8876 | lr 2.21e-04 | grad 1.38 | 1.1k tok/s (avg 0.9k) | cert 0.41→0.64 | ticks [4.812 4.219 4.125 4.125 4.156 4.469 4.500 4.094] | Δticks -0.719 | ETA 41.3h
step  69880 | loss 11.0428 | lr 2.21e-04 | grad 1.27 | 0.8k tok/s (avg 0.9k) | cert 0.49→0.60 | ticks [5.250 4.719 4.688 4.781 4.438 4.781 4.812 4.656] | Δticks -0.594 | ETA 41.3h
step  69890 | loss 7.8467 | lr 2.21e-04 | grad 1.41 | 0.8k tok/s (avg 0.9k) | cert 0.35→0.59 | ticks [5.438 4.312 4.312 4.438 4.469 5.062 4.781 4.406] | Δticks -1.031 | ETA 41.3h
step  69900 | loss 6.1567 | lr 2.21e-04 | grad 1.41 | 1.1k tok/s (avg 0.9k) | cert 0.25→0.50 | ticks [5.812 4.406 4.281 4.312 4.438 4.562 4.406 4.531] | Δticks -1.281 | ETA 41.3h
step  69910 | loss 8.5670 | lr 2.21e-04 | grad 1.34 | 0.8k tok/s (avg 0.9k) | cert 0.32→0.52 | ticks [6.156 5.500 5.312 5.375 5.281 5.406 5.312 5.375] | Δticks -0.781 | ETA 41.3h
step  69920 | loss 7.0380 | lr 2.21e-04 | grad 1.45 | 0.8k tok/s (avg 0.9k) | cert 0.22→0.56 | ticks [5.688 4.625 4.500 4.406 4.438 4.656 4.625 4.500] | Δticks -1.188 | ETA 41.3h
step  69930 | loss 7.4740 | lr 2.21e-04 | grad 1.45 | 1.1k tok/s (avg 0.9k) | cert 0.31→0.58 | ticks [5.219 4.500 4.406 4.344 4.406 4.625 4.500 4.375] | Δticks -0.844 | ETA 41.3h
step  69940 | loss 5.0749 | lr 2.21e-04 | grad 1.31 | 0.8k tok/s (avg 0.9k) | cert 0.43→0.56 | ticks [4.156 3.453 3.266 3.266 3.297 3.484 3.344 3.406] | Δticks -0.750 | ETA 41.3h
step  69950 | loss 8.5418 | lr 2.21e-04 | grad 1.31 | 1.1k tok/s (avg 0.9k) | cert 0.55→0.70 | ticks [4.094 3.453 3.344 3.453 3.234 3.578 3.438 3.359] | Δticks -0.734 | ETA 41.3h
step  69960 | loss 7.2841 | lr 2.21e-04 | grad 1.27 | 0.8k tok/s (avg 0.9k) | cert 0.34→0.59 | ticks [5.062 4.375 4.219 4.125 4.219 4.531 4.344 4.250] | Δticks -0.812 | ETA 41.3h
step  69970 | loss 7.5550 | lr 2.21e-04 | grad 1.11 | 0.8k tok/s (avg 0.9k) | cert 0.32→0.49 | ticks [5.844 5.094 4.969 4.969 5.031 5.062 5.062 5.156] | Δticks -0.688 | ETA 41.3h
step  69980 | loss 7.0335 | lr 2.21e-04 | grad 1.11 | 1.1k tok/s (avg 0.9k) | cert 0.40→0.64 | ticks [5.094 4.219 4.188 4.125 4.031 4.406 4.219 4.125] | Δticks -0.969 | ETA 41.3h
step  69990 | loss 10.4845 | lr 2.21e-04 | grad 1.36 | 0.8k tok/s (avg 0.9k) | cert 0.46→0.57 | ticks [5.156 4.406 4.375 4.375 4.406 4.781 4.656 4.500] | Δticks -0.656 | ETA 41.3h
step  70000 | loss 9.2414 | lr 2.21e-04 | grad 1.38 | 0.8k tok/s (avg 0.9k) | cert 0.30→0.42 | ticks [5.875 5.219 5.219 5.281 5.281 5.500 5.406 5.531] | Δticks -0.344 | ETA 41.3h
  Saved checkpoint at step 70000
step  70010 | loss 8.9093 | lr 2.21e-04 | grad 1.38 | 0.9k tok/s (avg 0.9k) | cert 0.44→0.58 | ticks [5.438 4.750 4.781 4.906 4.812 5.250 4.906 4.750] | Δticks -0.688 | ETA 41.3h
step  70020 | loss 11.1976 | lr 2.21e-04 | grad 1.34 | 0.8k tok/s (avg 0.9k) | cert 0.45→0.54 | ticks [5.594 5.031 4.906 4.969 4.844 5.188 5.031 5.094] | Δticks -0.500 | ETA 41.3h
step  70030 | loss 11.1411 | lr 2.21e-04 | grad 1.34 | 1.1k tok/s (avg 0.9k) | cert 0.17→0.38 | ticks [8.312 7.250 6.969 7.062 7.094 7.375 7.125 7.281] | Δticks -1.031 | ETA 41.3h
step  70040 | loss 10.4289 | lr 2.21e-04 | grad 1.23 | 0.8k tok/s (avg 0.9k) | cert 0.13→0.34 | ticks [8.438 7.531 7.438 7.438 7.406 7.719 7.531 7.719] | Δticks -0.719 | ETA 41.3h
step  70050 | loss 7.1284 | lr 2.21e-04 | grad 1.26 | 0.8k tok/s (avg 0.9k) | cert 0.32→0.52 | ticks [6.156 5.625 5.219 5.188 5.125 5.438 5.312 5.188] | Δticks -0.969 | ETA 41.3h
step  70060 | loss 8.0777 | lr 2.21e-04 | grad 1.26 | 1.1k tok/s (avg 0.9k) | cert 0.46→0.54 | ticks [5.312 4.688 4.531 4.594 4.625 4.844 4.750 4.719] | Δticks -0.594 | ETA 41.3h
step  70070 | loss 9.9719 | lr 2.21e-04 | grad 1.61 | 0.8k tok/s (avg 0.9k) | cert 0.32→0.51 | ticks [6.469 5.781 5.438 5.562 5.594 5.812 5.656 5.750] | Δticks -0.719 | ETA 41.3h
step  70080 | loss 7.1090 | lr 2.21e-04 | grad 1.32 | 0.8k tok/s (avg 0.9k) | cert 0.29→0.56 | ticks [5.781 5.000 4.844 4.938 4.719 5.094 4.906 4.875] | Δticks -0.906 | ETA 41.3h
step  70090 | loss 9.1611 | lr 2.21e-04 | grad 1.32 | 1.1k tok/s (avg 0.9k) | cert 0.52→0.60 | ticks [5.562 5.281 5.062 5.125 4.969 5.156 5.156 5.000] | Δticks -0.562 | ETA 41.3h
step  70100 | loss 7.1263 | lr 2.21e-04 | grad 1.56 | 0.8k tok/s (avg 0.9k) | cert 0.53→0.70 | ticks [4.188 3.484 3.547 3.562 3.422 3.844 3.672 3.359] | Δticks -0.828 | ETA 41.3h
step  70110 | loss 11.3238 | lr 2.21e-04 | grad 1.56 | 1.1k tok/s (avg 0.9k) | cert 0.64→0.68 | ticks [3.734 3.625 3.547 3.641 3.422 3.906 3.859 3.562] | Δticks -0.172 | ETA 41.2h
step  70120 | loss 8.2285 | lr 2.21e-04 | grad 1.45 | 0.8k tok/s (avg 0.9k) | cert 0.20→0.44 | ticks [6.875 5.594 5.438 5.406 5.406 5.594 5.531 5.656] | Δticks -1.219 | ETA 41.2h
step  70130 | loss 6.4621 | lr 2.21e-04 | grad 1.30 | 0.8k tok/s (avg 0.9k) | cert 0.36→0.66 | ticks [4.781 4.031 4.094 3.875 3.938 4.312 4.031 3.797] | Δticks -0.984 | ETA 41.3h
step  70140 | loss 7.5099 | lr 2.21e-04 | grad 1.30 | 1.1k tok/s (avg 0.9k) | cert 0.22→0.50 | ticks [6.969 5.875 5.625 5.719 5.719 5.875 5.750 5.719] | Δticks -1.250 | ETA 41.2h
step  70150 | loss 9.9155 | lr 2.21e-04 | grad 1.27 | 0.8k tok/s (avg 0.9k) | cert 0.49→0.64 | ticks [5.156 4.500 4.531 4.531 4.344 4.781 4.594 4.438] | Δticks -0.719 | ETA 41.2h
step  70160 | loss 11.6402 | lr 2.21e-04 | grad 1.42 | 0.8k tok/s (avg 0.9k) | cert 0.38→0.49 | ticks [5.781 5.125 4.938 5.125 5.188 5.281 5.250 5.250] | Δticks -0.531 | ETA 41.2h
step  70170 | loss 7.5222 | lr 2.20e-04 | grad 1.42 | 1.1k tok/s (avg 0.9k) | cert 0.41→0.59 | ticks [5.062 4.562 4.250 4.250 4.219 4.688 4.469 4.281] | Δticks -0.781 | ETA 41.2h
step  70180 | loss 7.8091 | lr 2.20e-04 | grad 1.40 | 0.8k tok/s (avg 0.9k) | cert 0.57→0.68 | ticks [4.312 3.828 3.922 3.812 3.703 4.031 3.922 3.891] | Δticks -0.422 | ETA 41.2h
step  70190 | loss 7.2212 | lr 2.20e-04 | grad 1.40 | 1.1k tok/s (avg 0.9k) | cert 0.37→0.55 | ticks [5.250 4.750 4.500 4.562 4.656 4.875 4.625 4.594] | Δticks -0.656 | ETA 41.2h
step  70200 | loss 8.7805 | lr 2.20e-04 | grad 1.51 | 0.8k tok/s (avg 0.9k) | cert 0.49→0.70 | ticks [4.750 4.000 3.906 3.953 3.812 4.250 4.031 3.891] | Δticks -0.859 | ETA 41.2h
step  70210 | loss 8.2655 | lr 2.20e-04 | grad 1.53 | 0.8k tok/s (avg 0.9k) | cert 0.45→0.68 | ticks [5.031 4.125 3.969 4.062 4.000 4.438 4.219 4.000] | Δticks -1.031 | ETA 41.2h
step  70220 | loss 11.8933 | lr 2.20e-04 | grad 1.53 | 1.1k tok/s (avg 0.9k) | cert 0.54→0.68 | ticks [4.250 3.844 3.641 3.750 3.656 4.062 4.094 3.656] | Δticks -0.594 | ETA 41.2h
step  70230 | loss 9.2973 | lr 2.20e-04 | grad 1.63 | 0.8k tok/s (avg 0.9k) | cert 0.22→0.56 | ticks [6.969 5.750 5.656 5.750 5.500 5.844 5.812 5.500] | Δticks -1.469 | ETA 41.2h
step  70240 | loss 7.0628 | lr 2.20e-04 | grad 1.29 | 0.8k tok/s (avg 0.9k) | cert 0.38→0.59 | ticks [5.188 4.688 4.406 4.312 4.312 4.750 4.500 4.406] | Δticks -0.781 | ETA 41.2h
step  70250 | loss 8.4705 | lr 2.20e-04 | grad 1.29 | 1.1k tok/s (avg 0.9k) | cert 0.29→0.55 | ticks [6.375 5.594 5.531 5.562 5.469 5.906 5.625 5.562] | Δticks -0.812 | ETA 41.2h
step  70260 | loss 6.8928 | lr 2.20e-04 | grad 1.34 | 0.8k tok/s (avg 0.9k) | cert 0.45→0.68 | ticks [5.438 4.406 4.344 4.219 4.156 4.625 4.469 4.312] | Δticks -1.125 | ETA 41.2h
step  70270 | loss 6.8666 | lr 2.20e-04 | grad 1.34 | 1.1k tok/s (avg 0.9k) | cert 0.41→0.64 | ticks [4.906 4.188 4.031 3.984 3.969 4.375 4.188 4.031] | Δticks -0.875 | ETA 41.2h
step  70280 | loss 14.3272 | lr 2.20e-04 | grad 1.39 | 0.8k tok/s (avg 0.9k) | cert 0.48→0.57 | ticks [4.562 3.828 3.781 3.953 3.891 4.094 3.906 3.938] | Δticks -0.625 | ETA 41.2h
step  70290 | loss 7.7024 | lr 2.20e-04 | grad 1.45 | 0.8k tok/s (avg 0.9k) | cert 0.25→0.51 | ticks [6.469 5.375 5.281 5.344 5.156 5.406 5.375 5.219] | Δticks -1.250 | ETA 41.2h
step  70300 | loss 9.3927 | lr 2.20e-04 | grad 1.45 | 1.1k tok/s (avg 0.9k) | cert 0.34→0.61 | ticks [5.531 4.500 4.375 4.344 4.281 4.906 4.656 4.438] | Δticks -1.094 | ETA 41.2h
step  70310 | loss 7.3511 | lr 2.20e-04 | grad 1.43 | 0.8k tok/s (avg 0.9k) | cert 0.22→0.47 | ticks [6.875 5.719 5.594 5.719 5.688 5.844 5.812 5.719] | Δticks -1.156 | ETA 41.2h
step  70320 | loss 9.1042 | lr 2.20e-04 | grad 1.42 | 0.8k tok/s (avg 0.9k) | cert 0.39→0.53 | ticks [6.219 5.062 5.094 5.281 5.312 5.500 5.344 5.281] | Δticks -0.938 | ETA 41.2h
step  70330 | loss 9.4683 | lr 2.20e-04 | grad 1.42 | 1.1k tok/s (avg 0.9k) | cert 0.57→0.59 | ticks [5.000 4.344 4.500 4.531 4.500 4.688 4.656 4.625] | Δticks -0.375 | ETA 41.2h
step  70340 | loss 7.5791 | lr 2.20e-04 | grad 1.46 | 0.8k tok/s (avg 0.9k) | cert 0.44→0.66 | ticks [5.156 4.250 4.156 4.156 4.125 4.438 4.281 4.062] | Δticks -1.094 | ETA 41.2h
step  70350 | loss 9.5334 | lr 2.20e-04 | grad 1.46 | 1.1k tok/s (avg 0.9k) | cert 0.51→0.59 | ticks [4.469 3.984 3.984 4.219 4.250 4.562 4.312 4.062] | Δticks -0.406 | ETA 41.2h
step  70360 | loss 6.8101 | lr 2.20e-04 | grad 1.34 | 0.8k tok/s (avg 0.9k) | cert 0.39→0.57 | ticks [4.969 4.469 4.281 4.344 4.312 4.531 4.438 4.344] | Δticks -0.625 | ETA 41.2h
step  70370 | loss 9.6109 | lr 2.20e-04 | grad 1.22 | 0.8k tok/s (avg 0.9k) | cert 0.16→0.38 | ticks [8.375 7.188 7.094 7.156 7.062 7.375 7.156 7.281] | Δticks -1.094 | ETA 41.2h
step  70380 | loss 8.6263 | lr 2.20e-04 | grad 1.22 | 1.1k tok/s (avg 0.9k) | cert 0.35→0.49 | ticks [5.938 5.219 5.031 5.062 4.969 5.312 5.156 5.219] | Δticks -0.719 | ETA 41.2h
step  70390 | loss 6.7288 | lr 2.20e-04 | grad 1.55 | 0.8k tok/s (avg 0.9k) | cert 0.46→0.67 | ticks [4.656 4.000 3.734 3.719 3.734 4.062 3.938 3.781] | Δticks -0.875 | ETA 41.2h
step  70400 | loss 7.3739 | lr 2.20e-04 | grad 1.23 | 0.8k tok/s (avg 0.9k) | cert 0.33→0.52 | ticks [5.312 4.312 4.250 4.406 4.531 4.562 4.469 4.500] | Δticks -0.812 | ETA 41.2h
step  70410 | loss 8.3689 | lr 2.20e-04 | grad 1.23 | 1.1k tok/s (avg 0.9k) | cert 0.35→0.57 | ticks [6.312 5.312 5.312 5.562 5.219 5.594 5.469 5.406] | Δticks -0.906 | ETA 41.1h
step  70420 | loss 6.9385 | lr 2.20e-04 | grad 1.47 | 0.8k tok/s (avg 0.9k) | cert 0.39→0.66 | ticks [4.844 4.188 4.000 3.953 3.734 4.062 3.969 3.797] | Δticks -1.047 | ETA 41.2h
step  70430 | loss 7.3080 | lr 2.20e-04 | grad 1.47 | 1.1k tok/s (avg 0.9k) | cert 0.31→0.55 | ticks [6.000 5.312 5.031 5.188 5.062 5.406 5.156 5.125] | Δticks -0.875 | ETA 41.1h
step  70440 | loss 7.9804 | lr 2.20e-04 | grad 1.55 | 0.8k tok/s (avg 0.9k) | cert 0.30→0.61 | ticks [5.688 4.625 4.281 4.312 4.312 4.781 4.344 4.281] | Δticks -1.406 | ETA 41.1h
step  70450 | loss 7.6314 | lr 2.20e-04 | grad 1.14 | 0.8k tok/s (avg 0.9k) | cert 0.38→0.64 | ticks [5.469 4.656 4.625 4.594 4.562 4.906 4.719 4.438] | Δticks -1.031 | ETA 41.1h
step  70460 | loss 6.6320 | lr 2.20e-04 | grad 1.14 | 1.1k tok/s (avg 0.9k) | cert 0.44→0.65 | ticks [4.844 4.219 4.125 3.984 4.031 4.344 4.156 4.062] | Δticks -0.781 | ETA 41.1h
step  70470 | loss 6.9315 | lr 2.20e-04 | grad 1.26 | 0.8k tok/s (avg 0.9k) | cert 0.48→0.65 | ticks [4.906 4.344 4.188 4.188 4.156 4.438 4.344 4.094] | Δticks -0.812 | ETA 41.1h
step  70480 | loss 6.8018 | lr 2.20e-04 | grad 1.32 | 0.8k tok/s (avg 0.9k) | cert 0.51→0.69 | ticks [4.531 3.922 3.766 3.750 3.594 4.062 4.062 3.672] | Δticks -0.859 | ETA 41.1h
step  70490 | loss 8.4298 | lr 2.20e-04 | grad 1.32 | 1.1k tok/s (avg 0.9k) | cert 0.28→0.49 | ticks [6.875 6.344 6.094 6.125 6.094 6.312 6.062 6.156] | Δticks -0.719 | ETA 41.1h
step  70500 | loss 8.0656 | lr 2.20e-04 | grad 1.30 | 0.8k tok/s (avg 0.9k) | cert 0.26→0.50 | ticks [6.594 5.938 5.719 5.688 5.688 5.875 5.719 5.750] | Δticks -0.844 | ETA 41.1h
step  70510 | loss 7.9059 | lr 2.20e-04 | grad 1.30 | 1.1k tok/s (avg 0.9k) | cert 0.38→0.67 | ticks [4.969 4.188 4.031 3.875 3.859 4.281 4.250 3.859] | Δticks -1.109 | ETA 41.1h
step  70520 | loss 7.7149 | lr 2.20e-04 | grad 1.23 | 0.8k tok/s (avg 0.9k) | cert 0.44→0.69 | ticks [4.469 3.859 3.984 3.875 3.703 4.250 4.094 3.844] | Δticks -0.625 | ETA 41.1h
step  70530 | loss 7.7785 | lr 2.20e-04 | grad 1.14 | 0.8k tok/s (avg 0.9k) | cert 0.42→0.59 | ticks [5.188 4.594 4.469 4.562 4.531 4.750 4.531 4.500] | Δticks -0.688 | ETA 41.1h
step  70540 | loss 6.1724 | lr 2.20e-04 | grad 1.14 | 1.1k tok/s (avg 0.9k) | cert 0.41→0.61 | ticks [4.656 4.062 3.703 3.594 3.609 4.062 3.938 3.844] | Δticks -0.812 | ETA 41.1h
step  70550 | loss 7.9919 | lr 2.20e-04 | grad 1.42 | 0.8k tok/s (avg 0.9k) | cert 0.35→0.49 | ticks [5.844 5.281 5.094 5.156 5.188 5.500 5.375 5.375] | Δticks -0.469 | ETA 41.1h
step  70560 | loss 9.9058 | lr 2.20e-04 | grad 1.37 | 0.8k tok/s (avg 0.9k) | cert 0.39→0.57 | ticks [5.719 5.000 4.906 4.969 5.094 5.281 5.219 5.031] | Δticks -0.688 | ETA 41.1h
step  70570 | loss 6.4791 | lr 2.20e-04 | grad 1.37 | 1.1k tok/s (avg 0.9k) | cert 0.36→0.64 | ticks [5.156 4.188 4.000 3.844 3.797 4.250 4.062 3.984] | Δticks -1.172 | ETA 41.1h
step  70580 | loss 7.9756 | lr 2.20e-04 | grad 1.27 | 0.8k tok/s (avg 0.9k) | cert 0.32→0.57 | ticks [5.781 5.000 4.781 4.750 4.719 5.156 4.906 4.781] | Δticks -1.000 | ETA 41.1h
step  70590 | loss 8.8923 | lr 2.20e-04 | grad 1.27 | 1.1k tok/s (avg 0.9k) | cert 0.30→0.52 | ticks [6.781 5.938 5.844 5.781 5.750 6.000 5.938 5.812] | Δticks -0.969 | ETA 41.1h
step  70600 | loss 4.8199 | lr 2.20e-04 | grad 1.38 | 0.8k tok/s (avg 0.9k) | cert 0.31→0.61 | ticks [4.969 3.453 3.250 3.328 3.422 3.453 3.500 3.422] | Δticks -1.547 | ETA 41.1h
step  70610 | loss 6.6727 | lr 2.20e-04 | grad 1.23 | 0.8k tok/s (avg 0.9k) | cert 0.47→0.63 | ticks [4.500 4.031 3.859 3.797 3.828 4.250 4.000 3.938] | Δticks -0.562 | ETA 41.1h
step  70620 | loss 8.8802 | lr 2.20e-04 | grad 1.23 | 1.1k tok/s (avg 0.9k) | cert 0.31→0.49 | ticks [6.062 5.156 5.000 5.094 5.094 5.344 5.219 5.281] | Δticks -0.781 | ETA 41.1h
step  70630 | loss 6.9096 | lr 2.20e-04 | grad 1.33 | 0.8k tok/s (avg 0.9k) | cert 0.37→0.57 | ticks [5.125 4.375 4.312 4.344 4.438 4.625 4.250 4.250] | Δticks -0.875 | ETA 41.1h
step  70640 | loss 7.5153 | lr 2.19e-04 | grad 1.22 | 0.8k tok/s (avg 0.9k) | cert 0.41→0.57 | ticks [5.281 4.812 4.594 4.719 4.562 4.906 4.531 4.562] | Δticks -0.719 | ETA 41.1h
step  70650 | loss 7.7393 | lr 2.19e-04 | grad 1.22 | 1.1k tok/s (avg 0.9k) | cert 0.26→0.52 | ticks [6.156 5.156 4.875 4.969 5.000 5.188 4.969 5.031] | Δticks -1.125 | ETA 41.1h
step  70660 | loss 9.5343 | lr 2.19e-04 | grad 1.33 | 0.8k tok/s (avg 0.9k) | cert 0.38→0.56 | ticks [5.562 4.625 4.375 4.438 4.500 4.594 4.562 4.656] | Δticks -0.906 | ETA 41.1h
step  70670 | loss 10.6815 | lr 2.19e-04 | grad 1.33 | 1.1k tok/s (avg 0.9k) | cert 0.46→0.64 | ticks [5.031 4.406 4.406 4.312 4.188 4.688 4.562 4.188] | Δticks -0.844 | ETA 41.1h
step  70680 | loss 7.5475 | lr 2.19e-04 | grad 1.68 | 0.8k tok/s (avg 0.9k) | cert 0.34→0.59 | ticks [5.469 4.625 4.375 4.406 4.375 4.625 4.531 4.312] | Δticks -1.156 | ETA 41.1h
step  70690 | loss 7.7481 | lr 2.19e-04 | grad 1.45 | 0.8k tok/s (avg 0.9k) | cert 0.32→0.57 | ticks [5.719 5.000 4.844 4.750 4.781 5.156 4.969 4.906] | Δticks -0.812 | ETA 41.1h
step  70700 | loss 6.7647 | lr 2.19e-04 | grad 1.45 | 1.1k tok/s (avg 0.9k) | cert 0.52→0.68 | ticks [4.438 3.875 3.812 3.922 3.766 4.094 3.844 3.797] | Δticks -0.641 | ETA 41.1h
step  70710 | loss 7.5285 | lr 2.19e-04 | grad 1.29 | 0.8k tok/s (avg 0.9k) | cert 0.32→0.54 | ticks [5.594 4.969 4.625 4.750 4.781 4.969 4.750 4.781] | Δticks -0.812 | ETA 41.1h
step  70720 | loss 8.1914 | lr 2.19e-04 | grad 1.33 | 0.8k tok/s (avg 0.9k) | cert 0.33→0.48 | ticks [6.000 5.188 5.031 5.000 5.094 5.219 5.219 5.375] | Δticks -0.625 | ETA 41.1h
step  70730 | loss 8.3419 | lr 2.19e-04 | grad 1.33 | 1.1k tok/s (avg 0.9k) | cert 0.36→0.61 | ticks [5.375 4.438 4.406 4.438 4.469 4.750 4.531 4.406] | Δticks -0.969 | ETA 41.0h
step  70740 | loss 10.2948 | lr 2.19e-04 | grad 1.27 | 0.8k tok/s (avg 0.9k) | cert 0.34→0.57 | ticks [5.844 5.125 5.062 5.125 5.219 5.375 5.312 5.125] | Δticks -0.719 | ETA 41.1h
step  70750 | loss 8.5168 | lr 2.19e-04 | grad 1.27 | 1.1k tok/s (avg 0.9k) | cert 0.50→0.67 | ticks [4.812 4.000 3.828 3.750 3.844 4.312 4.250 3.828] | Δticks -0.984 | ETA 41.0h
step  70760 | loss 6.8974 | lr 2.19e-04 | grad 1.23 | 0.8k tok/s (avg 0.9k) | cert 0.48→0.64 | ticks [4.844 4.094 4.000 3.969 3.922 4.219 4.188 3.953] | Δticks -0.891 | ETA 41.0h
step  70770 | loss 9.3583 | lr 2.19e-04 | grad 1.45 | 0.8k tok/s (avg 0.9k) | cert 0.32→0.47 | ticks [6.000 5.250 5.156 5.219 5.281 5.469 5.344 5.438] | Δticks -0.562 | ETA 41.0h
step  70780 | loss 7.0538 | lr 2.19e-04 | grad 1.45 | 1.1k tok/s (avg 0.9k) | cert 0.34→0.62 | ticks [5.250 4.250 4.250 4.188 4.156 4.688 4.375 4.156] | Δticks -1.094 | ETA 41.0h
step  70790 | loss 8.6275 | lr 2.19e-04 | grad 1.23 | 0.8k tok/s (avg 0.9k) | cert 0.23→0.41 | ticks [6.281 5.281 5.312 5.375 5.500 5.594 5.438 5.500] | Δticks -0.781 | ETA 41.0h
step  70800 | loss 6.0926 | lr 2.19e-04 | grad 1.27 | 0.8k tok/s (avg 0.9k) | cert 0.49→0.69 | ticks [4.312 3.594 3.578 3.625 3.359 3.844 3.766 3.516] | Δticks -0.797 | ETA 41.0h
step  70810 | loss 5.9994 | lr 2.19e-04 | grad 1.27 | 1.1k tok/s (avg 0.9k) | cert 0.29→0.56 | ticks [5.438 4.000 3.734 3.891 3.844 3.906 3.828 3.828] | Δticks -1.609 | ETA 41.0h
step  70820 | loss 7.6217 | lr 2.19e-04 | grad 1.42 | 0.8k tok/s (avg 0.9k) | cert 0.39→0.64 | ticks [5.344 4.625 4.562 4.500 4.344 4.719 4.719 4.531] | Δticks -0.812 | ETA 41.0h
step  70830 | loss 8.3482 | lr 2.19e-04 | grad 1.42 | 1.1k tok/s (avg 0.9k) | cert 0.51→0.68 | ticks [4.062 3.625 3.438 3.375 3.344 3.875 3.844 3.391] | Δticks -0.672 | ETA 41.0h
step  70840 | loss 7.3108 | lr 2.19e-04 | grad 1.23 | 0.8k tok/s (avg 0.9k) | cert 0.41→0.56 | ticks [5.031 4.594 4.344 4.406 4.312 4.594 4.406 4.250] | Δticks -0.781 | ETA 41.0h
step  70850 | loss 7.7265 | lr 2.19e-04 | grad 1.30 | 0.8k tok/s (avg 0.9k) | cert 0.25→0.58 | ticks [5.594 4.406 4.344 4.250 4.312 4.562 4.406 4.250] | Δticks -1.344 | ETA 41.0h
step  70860 | loss 6.1773 | lr 2.19e-04 | grad 1.30 | 1.1k tok/s (avg 0.9k) | cert 0.40→0.55 | ticks [4.875 4.281 4.094 4.094 4.031 4.219 4.094 4.094] | Δticks -0.781 | ETA 41.0h
step  70870 | loss 6.5673 | lr 2.19e-04 | grad 1.46 | 0.8k tok/s (avg 0.9k) | cert 0.44→0.67 | ticks [4.844 4.031 4.031 3.938 3.922 4.188 4.125 3.984] | Δticks -0.859 | ETA 41.0h
step  70880 | loss 6.6280 | lr 2.19e-04 | grad 1.28 | 0.8k tok/s (avg 0.9k) | cert 0.60→0.66 | ticks [3.656 3.812 3.703 3.875 3.359 3.781 3.750 3.750] | Δticks +0.094 | ETA 41.0h
step  70890 | loss 7.5491 | lr 2.19e-04 | grad 1.28 | 1.1k tok/s (avg 0.9k) | cert 0.44→0.57 | ticks [5.094 4.594 4.406 4.406 4.375 4.531 4.469 4.344] | Δticks -0.750 | ETA 41.0h
step  70900 | loss 7.2152 | lr 2.19e-04 | grad 1.44 | 0.8k tok/s (avg 0.9k) | cert 0.25→0.55 | ticks [5.688 4.469 4.500 4.562 4.438 4.844 4.625 4.406] | Δticks -1.281 | ETA 41.0h
step  70910 | loss 6.1811 | lr 2.19e-04 | grad 1.44 | 1.1k tok/s (avg 0.9k) | cert 0.41→0.62 | ticks [5.219 4.438 4.125 4.094 4.062 4.594 4.438 4.219] | Δticks -1.000 | ETA 41.0h
step  70920 | loss 7.1437 | lr 2.19e-04 | grad 1.29 | 0.8k tok/s (avg 0.9k) | cert 0.33→0.53 | ticks [5.281 4.812 4.500 4.562 4.562 4.938 4.594 4.469] | Δticks -0.812 | ETA 41.0h
step  70930 | loss 8.9877 | lr 2.19e-04 | grad 1.24 | 0.8k tok/s (avg 0.9k) | cert 0.42→0.58 | ticks [5.094 4.594 4.438 4.531 4.406 4.750 4.406 4.406] | Δticks -0.688 | ETA 41.0h
step  70940 | loss 8.3250 | lr 2.19e-04 | grad 1.24 | 1.1k tok/s (avg 0.9k) | cert 0.38→0.63 | ticks [5.000 4.188 4.125 4.219 4.312 4.562 4.531 4.125] | Δticks -0.875 | ETA 41.0h
step  70950 | loss 10.4666 | lr 2.19e-04 | grad 1.25 | 0.8k tok/s (avg 0.9k) | cert 0.43→0.48 | ticks [5.594 5.000 4.844 4.875 4.844 5.094 5.062 5.219] | Δticks -0.375 | ETA 41.0h
step  70960 | loss 6.5939 | lr 2.19e-04 | grad 1.48 | 0.8k tok/s (avg 0.9k) | cert 0.34→0.45 | ticks [4.969 4.188 4.188 4.344 4.406 4.500 4.406 4.500] | Δticks -0.469 | ETA 41.0h
step  70970 | loss 8.4534 | lr 2.19e-04 | grad 1.48 | 1.1k tok/s (avg 0.9k) | cert 0.31→0.52 | ticks [6.344 5.844 5.594 5.688 5.656 5.812 5.688 5.781] | Δticks -0.562 | ETA 41.0h
step  70980 | loss 7.0551 | lr 2.19e-04 | grad 1.34 | 0.8k tok/s (avg 0.9k) | cert 0.55→0.68 | ticks [4.594 3.891 4.062 4.125 3.844 4.344 4.188 3.828] | Δticks -0.766 | ETA 41.0h
step  70990 | loss 7.3631 | lr 2.19e-04 | grad 1.34 | 1.1k tok/s (avg 0.9k) | cert 0.23→0.50 | ticks [6.531 5.688 5.219 5.406 5.281 5.719 5.375 5.406] | Δticks -1.125 | ETA 41.0h
step  71000 | loss 6.6071 | lr 2.19e-04 | grad 1.09 | 0.8k tok/s (avg 0.9k) | cert 0.32→0.55 | ticks [5.250 4.469 4.281 4.125 4.125 4.469 4.344 4.250] | Δticks -1.000 | ETA 41.0h
step  71010 | loss 6.9267 | lr 2.19e-04 | grad 1.25 | 0.8k tok/s (avg 0.9k) | cert 0.49→0.68 | ticks [4.500 3.891 3.906 3.766 3.781 4.031 4.031 3.766] | Δticks -0.734 | ETA 41.0h
step  71020 | loss 6.2447 | lr 2.19e-04 | grad 1.25 | 1.1k tok/s (avg 0.9k) | cert 0.47→0.65 | ticks [4.375 3.875 3.578 3.594 3.516 3.859 3.750 3.641] | Δticks -0.734 | ETA 40.9h
step  71030 | loss 6.1389 | lr 2.19e-04 | grad 1.32 | 0.8k tok/s (avg 0.9k) | cert 0.34→0.45 | ticks [4.812 3.984 4.062 4.188 4.250 4.375 4.250 4.312] | Δticks -0.500 | ETA 41.0h
step  71040 | loss 8.4436 | lr 2.19e-04 | grad 1.25 | 0.8k tok/s (avg 0.9k) | cert 0.32→0.52 | ticks [6.469 5.719 5.562 5.625 5.625 5.875 5.625 5.656] | Δticks -0.812 | ETA 41.0h
step  71050 | loss 7.4297 | lr 2.19e-04 | grad 1.25 | 1.1k tok/s (avg 0.9k) | cert 0.33→0.50 | ticks [5.406 4.312 4.344 4.531 4.500 4.656 4.594 4.719] | Δticks -0.688 | ETA 40.9h
step  71060 | loss 9.2621 | lr 2.19e-04 | grad 1.16 | 0.8k tok/s (avg 0.9k) | cert 0.40→0.57 | ticks [4.969 4.219 4.250 4.500 4.562 4.719 4.656 4.375] | Δticks -0.594 | ETA 40.9h
step  71070 | loss 8.0630 | lr 2.19e-04 | grad 1.16 | 1.1k tok/s (avg 0.9k) | cert 0.21→0.40 | ticks [7.500 6.594 6.406 6.500 6.406 6.625 6.531 6.781] | Δticks -0.719 | ETA 40.9h
step  71080 | loss 6.7796 | lr 2.19e-04 | grad 1.40 | 0.8k tok/s (avg 0.9k) | cert 0.36→0.56 | ticks [5.094 4.500 4.250 4.219 4.312 4.531 4.375 4.312] | Δticks -0.781 | ETA 40.9h
step  71090 | loss 7.8461 | lr 2.19e-04 | grad 1.35 | 0.8k tok/s (avg 0.9k) | cert 0.33→0.47 | ticks [5.844 5.031 5.031 5.125 5.219 5.156 5.188 5.438] | Δticks -0.406 | ETA 40.9h
step  71100 | loss 7.2379 | lr 2.19e-04 | grad 1.35 | 1.1k tok/s (avg 0.9k) | cert 0.34→0.59 | ticks [5.750 4.812 4.562 4.500 4.500 4.844 4.719 4.625] | Δticks -1.125 | ETA 40.9h
step  71110 | loss 7.6489 | lr 2.19e-04 | grad 1.46 | 0.8k tok/s (avg 0.9k) | cert 0.28→0.50 | ticks [6.219 5.531 5.062 5.219 5.250 5.438 5.094 5.156] | Δticks -1.062 | ETA 40.9h
step  71120 | loss 6.6221 | lr 2.18e-04 | grad 1.32 | 0.8k tok/s (avg 0.9k) | cert 0.38→0.60 | ticks [4.844 4.156 3.938 3.875 3.844 4.281 3.984 3.938] | Δticks -0.906 | ETA 40.9h
step  71130 | loss 6.3579 | lr 2.18e-04 | grad 1.32 | 1.1k tok/s (avg 0.9k) | cert 0.37→0.66 | ticks [5.031 4.125 4.062 4.125 3.891 4.375 4.250 4.031] | Δticks -1.000 | ETA 40.9h
step  71140 | loss 7.3032 | lr 2.18e-04 | grad 1.57 | 0.8k tok/s (avg 0.9k) | cert 0.50→0.63 | ticks [4.781 4.344 4.062 4.000 3.844 4.062 3.953 4.031] | Δticks -0.750 | ETA 40.9h
step  71150 | loss 8.9480 | lr 2.18e-04 | grad 1.57 | 1.1k tok/s (avg 0.9k) | cert 0.48→0.66 | ticks [5.000 4.594 4.625 4.438 4.406 4.938 4.656 4.500] | Δticks -0.500 | ETA 40.9h
step  71160 | loss 7.9493 | lr 2.18e-04 | grad 1.37 | 0.8k tok/s (avg 0.9k) | cert 0.44→0.61 | ticks [5.406 4.750 4.562 4.500 4.469 4.969 4.656 4.688] | Δticks -0.719 | ETA 40.9h
step  71170 | loss 8.7991 | lr 2.18e-04 | grad 1.70 | 0.8k tok/s (avg 0.9k) | cert 0.58→0.62 | ticks [4.844 4.031 3.984 4.250 4.188 4.531 4.250 4.156] | Δticks -0.688 | ETA 40.9h
step  71180 | loss 7.2922 | lr 2.18e-04 | grad 1.70 | 1.1k tok/s (avg 0.9k) | cert 0.37→0.60 | ticks [5.531 4.875 4.875 4.844 4.812 5.156 4.906 4.719] | Δticks -0.812 | ETA 40.9h
step  71190 | loss 8.9610 | lr 2.18e-04 | grad 1.32 | 0.8k tok/s (avg 0.9k) | cert 0.51→0.68 | ticks [4.781 4.094 4.281 4.281 4.000 4.344 4.344 4.312] | Δticks -0.469 | ETA 40.9h
step  71200 | loss 10.0314 | lr 2.18e-04 | grad 1.54 | 0.8k tok/s (avg 0.9k) | cert 0.64→0.60 | ticks [4.719 4.469 4.406 4.500 4.188 4.312 4.438 4.500] | Δticks -0.219 | ETA 40.9h
step  71210 | loss 9.0870 | lr 2.18e-04 | grad 1.54 | 1.1k tok/s (avg 0.9k) | cert 0.55→0.63 | ticks [4.844 4.531 4.438 4.531 4.344 4.531 4.344 4.469] | Δticks -0.375 | ETA 40.9h
step  71220 | loss 7.8048 | lr 2.18e-04 | grad 1.42 | 0.8k tok/s (avg 0.9k) | cert 0.40→0.61 | ticks [5.250 4.531 4.344 4.219 4.125 4.469 4.406 4.344] | Δticks -0.906 | ETA 40.9h
step  71230 | loss 7.7971 | lr 2.18e-04 | grad 1.42 | 1.1k tok/s (avg 0.9k) | cert 0.41→0.65 | ticks [5.000 3.969 3.953 3.797 3.781 4.156 4.094 3.938] | Δticks -1.062 | ETA 40.9h
step  71240 | loss 6.8503 | lr 2.18e-04 | grad 1.47 | 0.8k tok/s (avg 0.9k) | cert 0.52→0.67 | ticks [4.188 3.531 3.797 3.672 3.625 3.844 3.844 3.688] | Δticks -0.500 | ETA 40.9h
step  71250 | loss 9.2692 | lr 2.18e-04 | grad 1.34 | 0.8k tok/s (avg 0.9k) | cert 0.11→0.35 | ticks [9.062 7.781 7.719 7.719 7.812 7.906 7.812 8.062] | Δticks -1.000 | ETA 40.9h
step  71260 | loss 6.3963 | lr 2.18e-04 | grad 1.34 | 1.1k tok/s (avg 0.9k) | cert 0.48→0.70 | ticks [4.656 3.719 3.844 3.797 3.734 3.938 3.750 3.562] | Δticks -1.094 | ETA 40.9h
step  71270 | loss 12.8180 | lr 2.18e-04 | grad 1.48 | 0.8k tok/s (avg 0.9k) | cert 0.58→0.72 | ticks [4.812 4.344 4.281 4.500 3.953 4.406 4.188 4.219] | Δticks -0.594 | ETA 40.9h
step  71280 | loss 7.3238 | lr 2.18e-04 | grad 1.55 | 0.8k tok/s (avg 0.9k) | cert 0.42→0.64 | ticks [5.500 4.656 4.625 4.469 4.406 4.719 4.688 4.438] | Δticks -1.062 | ETA 40.9h
step  71290 | loss 9.9995 | lr 2.18e-04 | grad 1.55 | 1.1k tok/s (avg 0.9k) | cert 0.53→0.61 | ticks [4.812 4.250 4.125 4.219 4.219 4.562 4.344 4.281] | Δticks -0.531 | ETA 40.9h
step  71300 | loss 7.8330 | lr 2.18e-04 | grad 1.48 | 0.8k tok/s (avg 0.9k) | cert 0.38→0.49 | ticks [5.938 4.969 4.875 4.906 5.031 5.156 5.000 5.344] | Δticks -0.594 | ETA 40.9h
step  71310 | loss 7.6093 | lr 2.18e-04 | grad 1.48 | 1.1k tok/s (avg 0.9k) | cert 0.48→0.56 | ticks [5.031 4.562 4.281 4.250 4.281 4.531 4.312 4.469] | Δticks -0.562 | ETA 40.9h
step  71320 | loss 8.6975 | lr 2.18e-04 | grad 1.44 | 0.8k tok/s (avg 0.9k) | cert 0.31→0.51 | ticks [5.781 4.719 4.531 4.688 4.688 5.000 4.750 4.812] | Δticks -0.969 | ETA 40.9h
step  71330 | loss 6.3051 | lr 2.18e-04 | grad 1.41 | 0.8k tok/s (avg 0.9k) | cert 0.39→0.60 | ticks [5.062 4.531 4.188 4.250 4.250 4.656 4.406 4.312] | Δticks -0.750 | ETA 40.9h
step  71340 | loss 8.0123 | lr 2.18e-04 | grad 1.41 | 1.1k tok/s (avg 0.9k) | cert 0.32→0.49 | ticks [6.188 5.156 5.062 5.219 5.344 5.375 5.344 5.375] | Δticks -0.812 | ETA 40.8h
step  71350 | loss 7.9047 | lr 2.18e-04 | grad 1.43 | 0.8k tok/s (avg 0.9k) | cert 0.54→0.70 | ticks [4.281 3.734 3.594 3.609 3.438 3.734 3.641 3.578] | Δticks -0.703 | ETA 40.9h
step  71360 | loss 7.8934 | lr 2.18e-04 | grad 1.34 | 0.8k tok/s (avg 0.9k) | cert 0.48→0.63 | ticks [4.562 4.281 3.906 3.828 3.812 4.344 3.953 3.875] | Δticks -0.688 | ETA 40.9h
step  71370 | loss 8.8434 | lr 2.18e-04 | grad 1.34 | 1.1k tok/s (avg 0.9k) | cert 0.36→0.47 | ticks [5.875 5.125 4.969 5.156 5.125 5.281 5.219 5.375] | Δticks -0.500 | ETA 40.8h
step  71380 | loss 7.5862 | lr 2.18e-04 | grad 1.34 | 0.8k tok/s (avg 0.9k) | cert 0.41→0.62 | ticks [4.969 4.438 4.062 3.906 4.000 4.375 4.062 4.125] | Δticks -0.844 | ETA 40.8h
step  71390 | loss 8.2208 | lr 2.18e-04 | grad 1.34 | 1.1k tok/s (avg 0.9k) | cert 0.23→0.50 | ticks [7.250 6.000 5.688 5.750 5.781 6.188 5.812 5.812] | Δticks -1.438 | ETA 40.8h
step  71400 | loss 6.5950 | lr 2.18e-04 | grad 1.35 | 0.8k tok/s (avg 0.9k) | cert 0.40→0.61 | ticks [4.969 4.500 4.344 4.219 4.375 4.781 4.562 4.312] | Δticks -0.656 | ETA 40.8h
step  71410 | loss 7.1646 | lr 2.18e-04 | grad 1.39 | 0.8k tok/s (avg 0.9k) | cert 0.22→0.52 | ticks [6.469 5.281 5.031 5.094 5.094 5.312 5.219 5.219] | Δticks -1.250 | ETA 40.8h
step  71420 | loss 7.3773 | lr 2.18e-04 | grad 1.39 | 1.1k tok/s (avg 0.9k) | cert 0.38→0.59 | ticks [5.625 4.938 4.719 4.656 4.688 5.094 4.875 4.656] | Δticks -0.969 | ETA 40.8h
step  71430 | loss 7.6477 | lr 2.18e-04 | grad 1.23 | 0.8k tok/s (avg 0.9k) | cert 0.38→0.55 | ticks [5.344 4.344 4.438 4.562 4.688 4.688 4.625 4.594] | Δticks -0.750 | ETA 40.8h
step  71440 | loss 9.2778 | lr 2.18e-04 | grad 1.41 | 0.8k tok/s (avg 0.9k) | cert 0.26→0.46 | ticks [6.875 5.938 5.656 5.719 5.688 5.969 5.750 6.031] | Δticks -0.844 | ETA 40.8h
step  71450 | loss 8.3381 | lr 2.18e-04 | grad 1.41 | 1.1k tok/s (avg 0.9k) | cert 0.31→0.51 | ticks [6.188 5.219 5.188 5.344 5.406 5.469 5.406 5.281] | Δticks -0.906 | ETA 40.8h
step  71460 | loss 10.0744 | lr 2.18e-04 | grad 1.55 | 0.8k tok/s (avg 0.9k) | cert 0.42→0.59 | ticks [5.312 4.688 4.469 4.625 4.500 4.906 4.750 4.656] | Δticks -0.656 | ETA 40.8h
step  71470 | loss 7.4880 | lr 2.18e-04 | grad 1.55 | 1.1k tok/s (avg 0.9k) | cert 0.49→0.62 | ticks [4.406 4.000 3.938 3.938 3.891 4.125 4.000 3.844] | Δticks -0.562 | ETA 40.8h
step  71480 | loss 10.4377 | lr 2.18e-04 | grad 1.48 | 0.8k tok/s (avg 0.9k) | cert 0.38→0.51 | ticks [6.000 5.312 5.094 5.219 5.219 5.500 5.281 5.344] | Δticks -0.656 | ETA 40.8h
step  71490 | loss 9.1095 | lr 2.18e-04 | grad 1.40 | 0.8k tok/s (avg 0.9k) | cert 0.64→0.66 | ticks [3.547 3.234 3.219 3.281 3.297 3.625 3.516 3.391] | Δticks -0.156 | ETA 40.8h
step  71500 | loss 7.4800 | lr 2.18e-04 | grad 1.40 | 1.1k tok/s (avg 0.9k) | cert 0.44→0.63 | ticks [4.906 4.125 4.000 3.984 3.906 4.344 4.188 4.031] | Δticks -0.875 | ETA 40.8h
step  71510 | loss 7.9433 | lr 2.18e-04 | grad 1.38 | 0.8k tok/s (avg 0.9k) | cert 0.46→0.65 | ticks [4.938 4.062 3.922 4.062 3.750 4.281 4.125 3.969] | Δticks -0.969 | ETA 40.8h
step  71520 | loss 11.9529 | lr 2.18e-04 | grad 1.39 | 0.8k tok/s (avg 0.9k) | cert 0.74→0.69 | ticks [4.188 3.797 3.734 3.828 3.562 4.094 3.922 3.672] | Δticks -0.516 | ETA 40.8h
step  71530 | loss 10.2298 | lr 2.18e-04 | grad 1.39 | 1.1k tok/s (avg 0.9k) | cert 0.42→0.60 | ticks [5.562 4.656 4.562 4.562 4.531 4.906 4.781 4.625] | Δticks -0.938 | ETA 40.8h
step  71540 | loss 8.1836 | lr 2.18e-04 | grad 1.26 | 0.8k tok/s (avg 0.9k) | cert 0.36→0.52 | ticks [5.500 5.094 4.781 4.906 4.812 5.031 4.812 4.781] | Δticks -0.719 | ETA 40.8h
step  71550 | loss 7.2521 | lr 2.18e-04 | grad 1.26 | 1.1k tok/s (avg 0.9k) | cert 0.33→0.52 | ticks [5.719 5.156 4.875 5.000 5.062 5.344 4.938 4.969] | Δticks -0.750 | ETA 40.8h
step  71560 | loss 13.0305 | lr 2.18e-04 | grad 1.38 | 0.8k tok/s (avg 0.9k) | cert 0.44→0.55 | ticks [4.875 4.219 4.156 4.312 4.250 4.531 4.469 4.406] | Δticks -0.469 | ETA 40.8h
step  71570 | loss 6.3121 | lr 2.18e-04 | grad 1.34 | 0.8k tok/s (avg 0.9k) | cert 0.53→0.65 | ticks [4.281 4.031 3.703 3.656 3.594 3.922 3.609 3.625] | Δticks -0.656 | ETA 40.8h
step  71580 | loss 7.1962 | lr 2.18e-04 | grad 1.34 | 1.1k tok/s (avg 0.9k) | cert 0.43→0.62 | ticks [4.906 4.250 4.094 4.000 3.984 4.344 4.219 4.094] | Δticks -0.812 | ETA 40.8h
step  71590 | loss 9.7058 | lr 2.17e-04 | grad 1.34 | 0.8k tok/s (avg 0.9k) | cert 0.40→0.48 | ticks [5.438 4.719 4.531 4.625 4.625 4.781 4.750 4.938] | Δticks -0.500 | ETA 40.8h
step  71600 | loss 7.6554 | lr 2.17e-04 | grad 1.54 | 0.8k tok/s (avg 0.9k) | cert 0.47→0.66 | ticks [4.812 4.312 4.250 4.219 4.094 4.531 4.219 4.062] | Δticks -0.750 | ETA 40.8h
step  71610 | loss 7.7092 | lr 2.17e-04 | grad 1.54 | 1.1k tok/s (avg 0.9k) | cert 0.49→0.65 | ticks [4.562 4.156 3.906 3.766 3.688 4.125 3.828 3.969] | Δticks -0.594 | ETA 40.8h
step  71620 | loss 8.3477 | lr 2.17e-04 | grad 1.59 | 0.8k tok/s (avg 0.9k) | cert 0.50→0.60 | ticks [5.125 4.812 4.688 4.781 4.594 4.875 4.781 4.719] | Δticks -0.406 | ETA 40.8h
step  71630 | loss 8.9217 | lr 2.17e-04 | grad 1.59 | 1.1k tok/s (avg 0.9k) | cert 0.35→0.55 | ticks [6.375 5.344 5.406 5.594 5.562 5.656 5.500 5.562] | Δticks -0.812 | ETA 40.8h
step  71640 | loss 9.0038 | lr 2.17e-04 | grad 1.39 | 0.8k tok/s (avg 0.9k) | cert 0.31→0.45 | ticks [6.250 5.375 5.094 5.188 5.312 5.531 5.406 5.531] | Δticks -0.719 | ETA 40.8h
step  71650 | loss 8.0616 | lr 2.17e-04 | grad 1.42 | 0.8k tok/s (avg 0.9k) | cert 0.37→0.61 | ticks [5.312 4.094 4.125 4.219 4.344 4.656 4.312 4.219] | Δticks -1.094 | ETA 40.8h
step  71660 | loss 8.6302 | lr 2.17e-04 | grad 1.42 | 1.1k tok/s (avg 0.9k) | cert 0.50→0.64 | ticks [5.062 4.375 4.188 4.281 4.125 4.531 4.312 4.156] | Δticks -0.906 | ETA 40.7h
step  71670 | loss 9.9036 | lr 2.17e-04 | grad 1.42 | 0.8k tok/s (avg 0.9k) | cert 0.33→0.43 | ticks [6.094 5.156 5.125 5.312 5.219 5.500 5.438 5.594] | Δticks -0.500 | ETA 40.7h
step  71680 | loss 8.3777 | lr 2.17e-04 | grad 1.63 | 0.8k tok/s (avg 0.9k) | cert 0.61→0.69 | ticks [4.750 4.281 4.344 4.531 4.000 4.250 4.312 4.219] | Δticks -0.531 | ETA 40.8h
step  71690 | loss 7.2900 | lr 2.17e-04 | grad 1.63 | 1.1k tok/s (avg 0.9k) | cert 0.44→0.55 | ticks [5.188 4.594 4.438 4.375 4.375 4.500 4.625 4.625] | Δticks -0.562 | ETA 40.7h
step  71700 | loss 10.1522 | lr 2.17e-04 | grad 1.62 | 0.8k tok/s (avg 0.9k) | cert 0.64→0.67 | ticks [4.406 4.281 4.219 4.125 3.953 4.094 4.156 4.125] | Δticks -0.281 | ETA 40.7h
step  71710 | loss 10.3721 | lr 2.17e-04 | grad 1.62 | 1.1k tok/s (avg 0.9k) | cert 0.55→0.60 | ticks [4.844 4.250 4.156 4.219 4.188 4.406 4.281 4.312] | Δticks -0.531 | ETA 40.7h
step  71720 | loss 7.2344 | lr 2.17e-04 | grad 1.41 | 0.8k tok/s (avg 0.9k) | cert 0.49→0.64 | ticks [4.344 3.797 3.484 3.578 3.516 3.969 3.750 3.594] | Δticks -0.750 | ETA 40.7h
step  71730 | loss 7.6248 | lr 2.17e-04 | grad 1.41 | 0.8k tok/s (avg 0.9k) | cert 0.39→0.59 | ticks [5.250 4.562 4.406 4.281 4.312 4.656 4.500 4.344] | Δticks -0.906 | ETA 40.7h
step  71740 | loss 8.6285 | lr 2.17e-04 | grad 1.41 | 1.1k tok/s (avg 0.9k) | cert 0.59→0.61 | ticks [4.562 4.094 3.938 4.094 4.156 4.406 4.125 4.094] | Δticks -0.469 | ETA 40.7h
step  71750 | loss 9.5574 | lr 2.17e-04 | grad 1.32 | 0.8k tok/s (avg 0.9k) | cert 0.54→0.59 | ticks [4.656 4.000 3.719 3.781 3.891 4.156 3.859 3.875] | Δticks -0.781 | ETA 40.7h
step  71760 | loss 6.8516 | lr 2.17e-04 | grad 1.59 | 0.8k tok/s (avg 0.9k) | cert 0.38→0.64 | ticks [5.312 4.500 4.281 4.219 4.188 4.688 4.438 4.344] | Δticks -0.969 | ETA 40.7h
step  71770 | loss 7.5146 | lr 2.17e-04 | grad 1.59 | 1.1k tok/s (avg 0.9k) | cert 0.46→0.65 | ticks [5.312 4.469 4.469 4.375 4.438 4.906 4.750 4.375] | Δticks -0.938 | ETA 40.7h
step  71780 | loss 6.7255 | lr 2.17e-04 | grad 1.27 | 0.8k tok/s (avg 0.9k) | cert 0.28→0.46 | ticks [5.719 4.562 4.500 4.625 4.750 4.844 4.750 4.906] | Δticks -0.812 | ETA 40.7h
step  71790 | loss 7.7222 | lr 2.17e-04 | grad 1.27 | 1.1k tok/s (avg 0.9k) | cert 0.54→0.69 | ticks [4.406 3.812 3.953 3.969 3.672 4.156 4.000 3.953] | Δticks -0.453 | ETA 40.7h
step  71800 | loss 8.8409 | lr 2.17e-04 | grad 1.40 | 0.8k tok/s (avg 0.9k) | cert 0.30→0.57 | ticks [6.438 5.062 5.156 5.344 5.062 5.531 5.375 5.125] | Δticks -1.312 | ETA 40.7h
step  71810 | loss 8.7866 | lr 2.17e-04 | grad 1.30 | 0.8k tok/s (avg 0.9k) | cert 0.44→0.58 | ticks [5.625 5.000 5.031 5.031 4.938 5.188 4.969 5.062] | Δticks -0.562 | ETA 40.7h
step  71820 | loss 6.8132 | lr 2.17e-04 | grad 1.30 | 1.1k tok/s (avg 0.9k) | cert 0.43→0.62 | ticks [4.844 4.188 3.953 3.922 3.938 4.156 4.000 4.000] | Δticks -0.844 | ETA 40.7h
step  71830 | loss 7.0940 | lr 2.17e-04 | grad 1.12 | 0.8k tok/s (avg 0.9k) | cert 0.37→0.53 | ticks [5.156 4.281 4.312 4.438 4.562 4.625 4.438 4.438] | Δticks -0.719 | ETA 40.7h
step  71840 | loss 8.7793 | lr 2.17e-04 | grad 1.39 | 0.8k tok/s (avg 0.9k) | cert 0.61→0.68 | ticks [4.094 3.531 3.609 3.719 3.719 3.984 3.828 3.750] | Δticks -0.344 | ETA 40.7h
step  71850 | loss 7.5404 | lr 2.17e-04 | grad 1.39 | 1.1k tok/s (avg 0.9k) | cert 0.42→0.68 | ticks [5.156 4.500 4.438 4.281 4.250 4.562 4.312 4.188] | Δticks -0.969 | ETA 40.7h
step  71860 | loss 6.6907 | lr 2.17e-04 | grad 1.31 | 0.8k tok/s (avg 0.9k) | cert 0.40→0.65 | ticks [4.594 4.125 3.781 3.578 3.656 4.000 3.812 3.781] | Δticks -0.812 | ETA 40.7h
step  71870 | loss 7.7508 | lr 2.17e-04 | grad 1.31 | 1.1k tok/s (avg 0.9k) | cert 0.57→0.62 | ticks [3.641 3.047 3.188 3.141 3.312 3.688 3.453 3.375] | Δticks -0.266 | ETA 40.7h
step  71880 | loss 8.5598 | lr 2.17e-04 | grad 1.38 | 0.8k tok/s (avg 0.9k) | cert 0.19→0.47 | ticks [7.031 5.688 5.469 5.469 5.531 5.594 5.594 5.656] | Δticks -1.375 | ETA 40.7h
step  71890 | loss 7.5635 | lr 2.17e-04 | grad 1.31 | 0.8k tok/s (avg 0.9k) | cert 0.42→0.63 | ticks [4.938 4.375 4.062 4.000 3.969 4.469 4.312 4.156] | Δticks -0.781 | ETA 40.7h
step  71900 | loss 7.1143 | lr 2.17e-04 | grad 1.31 | 1.1k tok/s (avg 0.9k) | cert 0.48→0.68 | ticks [4.469 3.953 4.000 3.875 3.859 4.219 4.031 3.781] | Δticks -0.688 | ETA 40.7h
step  71910 | loss 6.9992 | lr 2.17e-04 | grad 1.32 | 0.8k tok/s (avg 0.9k) | cert 0.46→0.65 | ticks [5.156 4.406 4.250 4.312 4.250 4.469 4.469 4.156] | Δticks -1.000 | ETA 40.7h
step  71920 | loss 7.2240 | lr 2.17e-04 | grad 1.50 | 0.8k tok/s (avg 0.9k) | cert 0.40→0.59 | ticks [5.062 4.281 4.062 4.094 4.094 4.469 4.250 4.094] | Δticks -0.969 | ETA 40.7h
step  71930 | loss 11.7987 | lr 2.17e-04 | grad 1.50 | 1.1k tok/s (avg 0.9k) | cert 0.73→0.73 | ticks [4.000 3.891 3.781 4.188 3.531 3.953 3.969 3.672] | Δticks -0.328 | ETA 40.7h
step  71940 | loss 8.1821 | lr 2.17e-04 | grad 1.43 | 0.8k tok/s (avg 0.9k) | cert 0.54→0.65 | ticks [4.469 4.188 3.891 4.031 4.031 4.094 3.844 3.953] | Δticks -0.516 | ETA 40.7h
step  71950 | loss 9.9395 | lr 2.17e-04 | grad 1.43 | 1.1k tok/s (avg 0.9k) | cert 0.34→0.56 | ticks [6.094 5.031 4.844 4.844 4.969 5.219 5.000 4.844] | Δticks -1.250 | ETA 40.6h
step  71960 | loss 9.7843 | lr 2.17e-04 | grad 1.35 | 0.8k tok/s (avg 0.9k) | cert 0.27→0.54 | ticks [6.188 5.406 5.125 5.188 5.250 5.469 5.312 5.156] | Δticks -1.031 | ETA 40.6h
step  71970 | loss 8.1792 | lr 2.17e-04 | grad 1.44 | 0.8k tok/s (avg 0.9k) | cert 0.41→0.57 | ticks [5.000 4.031 4.000 4.094 4.062 4.312 4.219 4.250] | Δticks -0.750 | ETA 40.7h
step  71980 | loss 6.5150 | lr 2.17e-04 | grad 1.44 | 1.1k tok/s (avg 0.9k) | cert 0.30→0.59 | ticks [5.656 4.625 4.469 4.469 4.531 4.906 4.625 4.406] | Δticks -1.250 | ETA 40.6h
step  71990 | loss 8.4577 | lr 2.17e-04 | grad 1.32 | 0.8k tok/s (avg 0.9k) | cert 0.23→0.48 | ticks [7.219 6.375 6.094 6.125 6.156 6.500 6.250 6.344] | Δticks -0.875 | ETA 40.6h
step  72000 | loss 6.3969 | lr 2.17e-04 | grad 1.27 | 0.8k tok/s (avg 0.9k) | cert 0.34→0.61 | ticks [5.344 4.156 4.031 3.984 4.000 4.344 4.062 4.094] | Δticks -1.250 | ETA 40.6h
step  72010 | loss 7.5275 | lr 2.17e-04 | grad 1.27 | 1.1k tok/s (avg 0.9k) | cert 0.52→0.65 | ticks [4.594 4.094 3.844 3.922 3.844 4.406 4.062 3.953] | Δticks -0.641 | ETA 40.6h
step  72020 | loss 6.7271 | lr 2.17e-04 | grad 1.39 | 0.8k tok/s (avg 0.9k) | cert 0.31→0.57 | ticks [5.500 4.719 4.500 4.500 4.500 4.844 4.688 4.500] | Δticks -1.000 | ETA 40.6h
step  72030 | loss 6.4863 | lr 2.17e-04 | grad 1.39 | 1.1k tok/s (avg 0.9k) | cert 0.46→0.65 | ticks [4.312 3.625 3.578 3.422 3.281 3.781 3.562 3.422] | Δticks -0.891 | ETA 40.6h
step  72040 | loss 5.8034 | lr 2.17e-04 | grad 1.27 | 0.8k tok/s (avg 0.9k) | cert 0.37→0.62 | ticks [4.094 3.203 3.250 3.219 3.125 3.469 3.281 3.141] | Δticks -0.953 | ETA 40.6h
step  72050 | loss 9.7232 | lr 2.17e-04 | grad 1.41 | 0.8k tok/s (avg 0.9k) | cert 0.61→0.67 | ticks [4.375 3.875 3.859 3.938 3.609 4.156 4.219 3.828] | Δticks -0.547 | ETA 40.6h
step  72060 | loss 8.2464 | lr 2.16e-04 | grad 1.41 | 1.1k tok/s (avg 0.9k) | cert 0.39→0.56 | ticks [5.281 4.594 4.406 4.375 4.469 4.844 4.625 4.594] | Δticks -0.688 | ETA 40.6h
step  72070 | loss 7.1497 | lr 2.16e-04 | grad 1.20 | 0.8k tok/s (avg 0.9k) | cert 0.33→0.62 | ticks [5.094 4.188 4.156 4.062 4.031 4.406 4.312 4.031] | Δticks -1.062 | ETA 40.6h
step  72080 | loss 7.7824 | lr 2.16e-04 | grad 1.39 | 0.8k tok/s (avg 0.9k) | cert 0.57→0.72 | ticks [4.281 3.500 3.516 3.625 3.328 3.672 3.484 3.516] | Δticks -0.766 | ETA 40.6h
step  72090 | loss 11.4520 | lr 2.16e-04 | grad 1.39 | 1.1k tok/s (avg 0.9k) | cert 0.26→0.45 | ticks [6.594 5.531 5.375 5.312 5.406 5.500 5.500 5.625] | Δticks -0.969 | ETA 40.6h
step  72100 | loss 12.9928 | lr 2.16e-04 | grad 1.30 | 0.8k tok/s (avg 0.9k) | cert 0.46→0.57 | ticks [5.062 4.656 4.500 4.656 4.469 4.781 4.656 4.656] | Δticks -0.406 | ETA 40.6h
step  72110 | loss 6.3642 | lr 2.16e-04 | grad 1.30 | 1.1k tok/s (avg 0.9k) | cert 0.39→0.62 | ticks [4.125 3.484 3.422 3.391 3.375 3.656 3.422 3.375] | Δticks -0.750 | ETA 40.6h
step  72120 | loss 6.5701 | lr 2.16e-04 | grad 1.34 | 0.8k tok/s (avg 0.9k) | cert 0.44→0.61 | ticks [5.125 4.625 4.438 4.406 4.344 4.719 4.469 4.406] | Δticks -0.719 | ETA 40.6h
step  72130 | loss 5.5368 | lr 2.16e-04 | grad 1.27 | 0.8k tok/s (avg 0.9k) | cert 0.49→0.66 | ticks [3.672 3.281 3.203 3.062 3.094 3.375 3.188 3.062] | Δticks -0.609 | ETA 40.6h
step  72140 | loss 6.1301 | lr 2.16e-04 | grad 1.27 | 1.1k tok/s (avg 0.9k) | cert 0.46→0.66 | ticks [4.594 3.781 3.734 3.844 3.641 4.219 3.953 3.703] | Δticks -0.891 | ETA 40.6h
step  72150 | loss 8.7604 | lr 2.16e-04 | grad 1.40 | 0.8k tok/s (avg 0.9k) | cert 0.27→0.48 | ticks [7.000 5.875 5.812 5.844 5.812 6.156 5.875 6.000] | Δticks -1.000 | ETA 40.6h
step  72160 | loss 10.0918 | lr 2.16e-04 | grad 1.37 | 0.8k tok/s (avg 0.9k) | cert 0.46→0.67 | ticks [4.875 4.031 3.734 3.875 3.891 4.312 4.125 3.797] | Δticks -1.078 | ETA 40.6h
step  72170 | loss 7.5572 | lr 2.16e-04 | grad 1.37 | 1.1k tok/s (avg 0.9k) | cert 0.20→0.47 | ticks [7.312 6.344 6.031 6.031 6.188 6.406 6.094 6.188] | Δticks -1.125 | ETA 40.6h
step  72180 | loss 8.1499 | lr 2.16e-04 | grad 1.40 | 0.8k tok/s (avg 0.9k) | cert 0.56→0.66 | ticks [4.031 3.688 3.484 3.359 3.359 3.797 3.625 3.500] | Δticks -0.531 | ETA 40.6h
step  72190 | loss 7.4921 | lr 2.16e-04 | grad 1.40 | 1.1k tok/s (avg 0.9k) | cert 0.50→0.59 | ticks [5.188 4.688 4.469 4.594 4.500 4.656 4.594 4.531] | Δticks -0.656 | ETA 40.6h
step  72200 | loss 8.2713 | lr 2.16e-04 | grad 1.65 | 0.8k tok/s (avg 0.9k) | cert 0.40→0.59 | ticks [5.719 4.719 4.688 4.656 4.812 4.969 4.844 4.500] | Δticks -1.219 | ETA 40.6h
step  72210 | loss 7.8056 | lr 2.16e-04 | grad 1.48 | 0.8k tok/s (avg 0.9k) | cert 0.32→0.58 | ticks [6.219 5.625 5.375 5.344 5.250 5.594 5.594 5.344] | Δticks -0.875 | ETA 40.6h
step  72220 | loss 8.6721 | lr 2.16e-04 | grad 1.48 | 1.1k tok/s (avg 0.9k) | cert 0.51→0.67 | ticks [4.594 4.062 4.000 4.000 3.953 4.406 4.250 3.969] | Δticks -0.625 | ETA 40.6h
step  72230 | loss 7.8816 | lr 2.16e-04 | grad 1.47 | 0.8k tok/s (avg 0.9k) | cert 0.41→0.63 | ticks [5.094 4.375 3.891 3.953 3.906 4.438 4.094 4.094] | Δticks -1.000 | ETA 40.6h
step  72240 | loss 7.4944 | lr 2.16e-04 | grad 1.50 | 0.8k tok/s (avg 0.9k) | cert 0.31→0.54 | ticks [6.031 5.312 4.906 4.906 5.000 5.312 4.938 4.969] | Δticks -1.062 | ETA 40.6h
step  72250 | loss 8.5377 | lr 2.16e-04 | grad 1.50 | 1.1k tok/s (avg 0.9k) | cert 0.38→0.62 | ticks [5.125 4.469 4.312 4.312 4.406 4.656 4.531 4.406] | Δticks -0.719 | ETA 40.6h
step  72260 | loss 7.4361 | lr 2.16e-04 | grad 1.45 | 0.8k tok/s (avg 0.9k) | cert 0.46→0.65 | ticks [4.875 4.375 4.156 4.062 4.062 4.469 4.406 4.094] | Δticks -0.781 | ETA 40.6h
step  72270 | loss 6.6720 | lr 2.16e-04 | grad 1.45 | 1.1k tok/s (avg 0.9k) | cert 0.40→0.64 | ticks [4.844 4.219 3.922 3.984 3.859 4.281 4.156 3.969] | Δticks -0.875 | ETA 40.5h
step  72280 | loss 6.7415 | lr 2.16e-04 | grad 1.27 | 0.8k tok/s (avg 0.9k) | cert 0.46→0.63 | ticks [4.719 4.188 3.891 3.984 3.875 4.156 4.000 3.938] | Δticks -0.781 | ETA 40.5h
step  72290 | loss 7.3263 | lr 2.16e-04 | grad 1.44 | 0.8k tok/s (avg 0.9k) | cert 0.41→0.56 | ticks [5.656 5.094 4.906 5.000 4.781 4.969 4.969 4.875] | Δticks -0.781 | ETA 40.5h
step  72300 | loss 7.5551 | lr 2.16e-04 | grad 1.44 | 1.1k tok/s (avg 0.9k) | cert 0.35→0.61 | ticks [5.375 4.500 4.344 4.312 4.438 4.656 4.562 4.281] | Δticks -1.094 | ETA 40.5h
step  72310 | loss 7.4677 | lr 2.16e-04 | grad 1.36 | 0.8k tok/s (avg 0.9k) | cert 0.36→0.54 | ticks [5.312 4.250 4.281 4.281 4.375 4.438 4.375 4.438] | Δticks -0.875 | ETA 40.5h
step  72320 | loss 7.4215 | lr 2.16e-04 | grad 1.47 | 0.8k tok/s (avg 0.9k) | cert 0.35→0.59 | ticks [5.406 4.344 4.344 4.406 4.312 4.531 4.375 4.375] | Δticks -1.031 | ETA 40.5h
step  72330 | loss 10.1117 | lr 2.16e-04 | grad 1.47 | 1.1k tok/s (avg 0.9k) | cert 0.51→0.67 | ticks [4.562 3.891 3.938 3.938 3.766 4.312 4.281 3.859] | Δticks -0.703 | ETA 40.5h
step  72340 | loss 7.7023 | lr 2.16e-04 | grad 1.43 | 0.8k tok/s (avg 0.9k) | cert 0.38→0.64 | ticks [5.031 4.219 3.812 3.922 4.000 4.312 4.094 3.969] | Δticks -1.062 | ETA 40.5h
step  72350 | loss 6.2145 | lr 2.16e-04 | grad 1.43 | 1.1k tok/s (avg 0.9k) | cert 0.30→0.59 | ticks [5.250 3.703 3.594 3.641 3.609 3.625 3.547 3.688] | Δticks -1.562 | ETA 40.5h
step  72360 | loss 7.4767 | lr 2.16e-04 | grad 1.52 | 0.8k tok/s (avg 0.9k) | cert 0.38→0.63 | ticks [4.781 4.062 3.797 3.656 3.797 3.922 3.875 3.844] | Δticks -0.938 | ETA 40.5h
step  72370 | loss 8.6115 | lr 2.16e-04 | grad 1.26 | 0.8k tok/s (avg 0.9k) | cert 0.27→0.59 | ticks [6.062 5.125 4.969 4.938 4.875 5.438 5.062 4.844] | Δticks -1.219 | ETA 40.5h
step  72380 | loss 7.1235 | lr 2.16e-04 | grad 1.26 | 1.1k tok/s (avg 0.9k) | cert 0.32→0.50 | ticks [6.000 5.438 5.000 5.094 5.156 5.375 5.062 5.125] | Δticks -0.875 | ETA 40.5h
step  72390 | loss 8.7851 | lr 2.16e-04 | grad 1.30 | 0.8k tok/s (avg 0.9k) | cert 0.41→0.62 | ticks [5.156 4.375 4.125 4.188 4.250 4.406 4.219 4.188] | Δticks -0.969 | ETA 40.5h
step  72400 | loss 6.2650 | lr 2.16e-04 | grad 1.70 | 0.8k tok/s (avg 0.9k) | cert 0.29→0.54 | ticks [5.562 4.406 4.281 4.344 4.344 4.562 4.438 4.438] | Δticks -1.125 | ETA 40.5h
step  72410 | loss 13.7300 | lr 2.16e-04 | grad 1.70 | 1.1k tok/s (avg 0.9k) | cert 0.56→0.52 | ticks [4.750 4.469 4.312 4.438 4.375 4.500 4.406 4.531] | Δticks -0.219 | ETA 40.5h
step  72420 | loss 11.1039 | lr 2.16e-04 | grad 1.45 | 0.8k tok/s (avg 0.9k) | cert 0.49→0.61 | ticks [5.312 4.656 4.625 4.781 4.812 5.062 4.844 4.719] | Δticks -0.594 | ETA 40.5h
step  72430 | loss 9.1977 | lr 2.16e-04 | grad 1.45 | 1.1k tok/s (avg 0.9k) | cert 0.10→0.36 | ticks [8.438 7.219 7.156 7.250 7.250 7.344 7.250 7.312] | Δticks -1.125 | ETA 40.5h
step  72440 | loss 8.3368 | lr 2.16e-04 | grad 1.28 | 0.8k tok/s (avg 0.9k) | cert 0.32→0.61 | ticks [5.312 4.312 4.188 4.125 4.250 4.719 4.469 4.094] | Δticks -1.219 | ETA 40.5h
step  72450 | loss 9.2005 | lr 2.16e-04 | grad 1.45 | 0.8k tok/s (avg 0.9k) | cert 0.45→0.63 | ticks [4.594 3.656 3.750 4.062 4.156 4.469 4.156 3.953] | Δticks -0.641 | ETA 40.5h
step  72460 | loss 6.2727 | lr 2.16e-04 | grad 1.45 | 1.1k tok/s (avg 0.9k) | cert 0.49→0.67 | ticks [4.531 3.922 3.672 3.719 3.766 4.156 3.953 3.734] | Δticks -0.797 | ETA 40.5h
step  72470 | loss 8.9099 | lr 2.16e-04 | grad 1.24 | 0.8k tok/s (avg 0.9k) | cert 0.54→0.67 | ticks [5.062 4.531 4.375 4.500 4.312 4.719 4.750 4.312] | Δticks -0.750 | ETA 40.5h
step  72480 | loss 10.0606 | lr 2.16e-04 | grad 1.44 | 0.8k tok/s (avg 0.9k) | cert 0.23→0.42 | ticks [7.188 6.219 6.125 6.125 6.156 6.344 6.312 6.531] | Δticks -0.656 | ETA 40.5h
step  72490 | loss 7.4711 | lr 2.16e-04 | grad 1.44 | 1.1k tok/s (avg 0.9k) | cert 0.54→0.67 | ticks [4.500 3.875 3.906 3.750 3.625 3.906 4.062 3.750] | Δticks -0.750 | ETA 40.5h
step  72500 | loss 6.6808 | lr 2.16e-04 | grad 1.27 | 0.8k tok/s (avg 0.9k) | cert 0.37→0.61 | ticks [5.312 4.531 4.344 4.312 4.312 4.781 4.594 4.375] | Δticks -0.938 | ETA 40.5h
step  72510 | loss 6.3816 | lr 2.16e-04 | grad 1.27 | 1.1k tok/s (avg 0.9k) | cert 0.47→0.63 | ticks [4.156 3.734 3.453 3.469 3.438 3.844 3.578 3.609] | Δticks -0.547 | ETA 40.5h
step  72520 | loss 7.6324 | lr 2.15e-04 | grad 1.23 | 0.8k tok/s (avg 0.9k) | cert 0.43→0.58 | ticks [5.125 4.750 4.438 4.469 4.438 4.781 4.531 4.531] | Δticks -0.594 | ETA 40.5h
step  72530 | loss 8.5374 | lr 2.15e-04 | grad 1.25 | 0.8k tok/s (avg 0.9k) | cert 0.47→0.64 | ticks [5.562 4.156 3.844 4.156 3.984 4.500 4.281 4.094] | Δticks -1.469 | ETA 40.5h
step  72540 | loss 6.9065 | lr 2.15e-04 | grad 1.25 | 1.1k tok/s (avg 0.9k) | cert 0.41→0.63 | ticks [4.781 4.000 3.766 3.984 3.906 4.375 4.125 3.969] | Δticks -0.812 | ETA 40.5h
step  72550 | loss 9.4951 | lr 2.15e-04 | grad 1.45 | 0.8k tok/s (avg 0.9k) | cert 0.50→0.65 | ticks [4.906 4.312 4.219 4.250 4.125 4.469 4.281 4.281] | Δticks -0.625 | ETA 40.5h
step  72560 | loss 7.9422 | lr 2.15e-04 | grad 1.38 | 0.8k tok/s (avg 0.9k) | cert 0.51→0.66 | ticks [4.375 3.859 3.609 3.734 3.734 4.156 3.984 3.688] | Δticks -0.688 | ETA 40.5h
step  72570 | loss 7.2936 | lr 2.15e-04 | grad 1.38 | 1.1k tok/s (avg 0.9k) | cert 0.47→0.62 | ticks [4.688 4.312 4.031 4.062 4.125 4.469 4.219 3.969] | Δticks -0.719 | ETA 40.4h
step  72580 | loss 6.3020 | lr 2.15e-04 | grad 1.27 | 0.8k tok/s (avg 0.9k) | cert 0.32→0.47 | ticks [5.375 4.406 4.219 4.219 4.312 4.438 4.344 4.531] | Δticks -0.844 | ETA 40.4h
step  72590 | loss 7.5460 | lr 2.15e-04 | grad 1.27 | 1.1k tok/s (avg 0.9k) | cert 0.35→0.57 | ticks [4.938 4.281 4.125 4.000 4.000 4.438 4.250 4.094] | Δticks -0.844 | ETA 40.4h
step  72600 | loss 7.3529 | lr 2.15e-04 | grad 1.58 | 0.8k tok/s (avg 0.9k) | cert 0.46→0.66 | ticks [4.594 3.984 3.906 3.781 3.797 4.250 4.188 3.812] | Δticks -0.781 | ETA 40.4h
step  72610 | loss 7.3556 | lr 2.15e-04 | grad 1.64 | 0.8k tok/s (avg 0.9k) | cert 0.38→0.62 | ticks [5.156 4.219 4.062 3.984 3.984 4.438 4.188 3.906] | Δticks -1.250 | ETA 40.4h
step  72620 | loss 6.8551 | lr 2.15e-04 | grad 1.64 | 1.1k tok/s (avg 0.9k) | cert 0.45→0.65 | ticks [4.938 4.094 4.031 4.000 4.156 4.531 4.250 3.953] | Δticks -0.984 | ETA 40.4h
step  72630 | loss 6.5588 | lr 2.15e-04 | grad 1.33 | 0.8k tok/s (avg 0.9k) | cert 0.57→0.71 | ticks [4.312 3.844 3.969 3.953 3.625 4.062 4.156 3.734] | Δticks -0.578 | ETA 40.4h
step  72640 | loss 6.6953 | lr 2.15e-04 | grad 1.32 | 0.8k tok/s (avg 0.9k) | cert 0.52→0.63 | ticks [3.953 3.391 3.281 3.328 3.391 3.625 3.484 3.281] | Δticks -0.672 | ETA 40.4h
step  72650 | loss 5.9496 | lr 2.15e-04 | grad 1.32 | 1.1k tok/s (avg 0.9k) | cert 0.20→0.49 | ticks [5.812 4.250 4.000 3.953 3.984 4.156 4.250 4.188] | Δticks -1.625 | ETA 40.4h
step  72660 | loss 12.1381 | lr 2.15e-04 | grad 1.35 | 0.8k tok/s (avg 0.9k) | cert 0.64→0.68 | ticks [4.156 3.734 3.781 3.875 3.797 4.094 4.031 3.922] | Δticks -0.234 | ETA 40.4h
step  72670 | loss 9.8656 | lr 2.15e-04 | grad 1.35 | 1.1k tok/s (avg 0.9k) | cert 0.61→0.65 | ticks [3.719 3.250 3.312 3.312 3.312 3.578 3.500 3.438] | Δticks -0.281 | ETA 40.4h
step  72680 | loss 7.2957 | lr 2.15e-04 | grad 1.48 | 0.8k tok/s (avg 0.9k) | cert 0.57→0.64 | ticks [4.562 4.031 4.125 4.188 3.875 4.125 4.031 4.000] | Δticks -0.562 | ETA 40.4h
step  72690 | loss 9.2476 | lr 2.15e-04 | grad 1.40 | 0.8k tok/s (avg 0.9k) | cert 0.52→0.62 | ticks [4.844 3.984 3.859 4.219 4.406 4.688 4.438 4.219] | Δticks -0.625 | ETA 40.4h
step  72700 | loss 8.8527 | lr 2.15e-04 | grad 1.40 | 1.1k tok/s (avg 0.9k) | cert 0.39→0.67 | ticks [5.125 4.219 4.250 4.219 4.125 4.594 4.312 4.219] | Δticks -0.906 | ETA 40.4h
step  72710 | loss 8.3409 | lr 2.15e-04 | grad 1.46 | 0.8k tok/s (avg 0.9k) | cert 0.49→0.64 | ticks [4.781 3.859 3.875 3.891 4.000 4.438 3.984 3.938] | Δticks -0.844 | ETA 40.4h
step  72720 | loss 6.7185 | lr 2.15e-04 | grad 1.36 | 0.8k tok/s (avg 0.9k) | cert 0.41→0.65 | ticks [4.469 3.656 3.453 3.578 3.594 3.906 3.672 3.656] | Δticks -0.812 | ETA 40.4h
step  72730 | loss 7.4744 | lr 2.15e-04 | grad 1.36 | 1.1k tok/s (avg 0.9k) | cert 0.32→0.61 | ticks [5.656 4.375 4.344 4.406 4.438 4.875 4.562 4.406] | Δticks -1.250 | ETA 40.4h
step  72740 | loss 7.2795 | lr 2.15e-04 | grad 1.42 | 0.8k tok/s (avg 0.9k) | cert 0.40→0.64 | ticks [4.969 4.156 4.094 4.000 3.859 4.375 4.156 4.031] | Δticks -0.938 | ETA 40.4h
step  72750 | loss 7.7911 | lr 2.15e-04 | grad 1.42 | 1.1k tok/s (avg 0.9k) | cert 0.58→0.62 | ticks [4.406 4.156 4.125 4.281 3.859 4.125 3.906 4.031] | Δticks -0.375 | ETA 40.4h
step  72760 | loss 6.9760 | lr 2.15e-04 | grad 1.30 | 0.8k tok/s (avg 0.9k) | cert 0.34→0.67 | ticks [5.188 4.125 3.984 3.969 4.125 4.500 4.250 4.125] | Δticks -1.062 | ETA 40.4h
step  72770 | loss 8.0810 | lr 2.15e-04 | grad 1.20 | 0.8k tok/s (avg 0.9k) | cert 0.38→0.64 | ticks [5.375 4.375 4.281 4.250 4.281 4.500 4.469 4.281] | Δticks -1.094 | ETA 40.4h
step  72780 | loss 7.8116 | lr 2.15e-04 | grad 1.20 | 1.1k tok/s (avg 0.9k) | cert 0.31→0.54 | ticks [6.719 5.750 5.594 5.719 5.688 5.938 5.844 5.812] | Δticks -0.906 | ETA 40.4h
step  72790 | loss 9.0143 | lr 2.15e-04 | grad 1.28 | 0.8k tok/s (avg 0.9k) | cert 0.23→0.47 | ticks [7.375 6.344 6.188 6.188 6.219 6.562 6.312 6.438] | Δticks -0.938 | ETA 40.4h
step  72800 | loss 9.2668 | lr 2.15e-04 | grad 1.57 | 0.8k tok/s (avg 0.9k) | cert 0.38→0.65 | ticks [5.094 4.281 4.125 4.344 4.156 4.531 4.406 4.094] | Δticks -1.000 | ETA 40.4h
step  72810 | loss 7.3205 | lr 2.15e-04 | grad 1.57 | 1.1k tok/s (avg 0.9k) | cert 0.29→0.59 | ticks [5.781 4.844 4.812 4.812 4.719 5.156 4.969 4.781] | Δticks -1.000 | ETA 40.4h
step  72820 | loss 6.3922 | lr 2.15e-04 | grad 1.27 | 0.8k tok/s (avg 0.9k) | cert 0.40→0.66 | ticks [5.188 4.594 4.375 4.312 4.219 4.625 4.531 4.312] | Δticks -0.875 | ETA 40.4h
step  72830 | loss 7.3100 | lr 2.15e-04 | grad 1.27 | 1.1k tok/s (avg 0.9k) | cert 0.30→0.60 | ticks [5.406 4.312 4.188 4.250 4.281 4.781 4.344 4.094] | Δticks -1.312 | ETA 40.4h
step  72840 | loss 7.4012 | lr 2.15e-04 | grad 1.41 | 0.8k tok/s (avg 0.9k) | cert 0.51→0.68 | ticks [4.656 3.859 3.750 3.828 3.875 4.219 4.031 3.750] | Δticks -0.906 | ETA 40.4h
step  72850 | loss 6.9432 | lr 2.15e-04 | grad 1.31 | 0.8k tok/s (avg 0.9k) | cert 0.53→0.69 | ticks [4.062 3.750 3.438 3.484 3.516 3.922 3.734 3.500] | Δticks -0.562 | ETA 40.4h
step  72860 | loss 6.7081 | lr 2.15e-04 | grad 1.31 | 1.1k tok/s (avg 0.9k) | cert 0.43→0.58 | ticks [5.000 4.562 4.281 4.312 4.312 4.594 4.344 4.250] | Δticks -0.750 | ETA 40.4h
step  72870 | loss 7.8717 | lr 2.15e-04 | grad 1.46 | 0.8k tok/s (avg 0.9k) | cert 0.54→0.61 | ticks [5.312 4.594 4.500 4.531 4.438 4.719 4.531 4.406] | Δticks -0.906 | ETA 40.4h
step  72880 | loss 7.5231 | lr 2.15e-04 | grad 1.42 | 0.8k tok/s (avg 0.9k) | cert 0.36→0.62 | ticks [5.094 4.250 4.031 4.094 3.969 4.438 4.281 4.000] | Δticks -1.094 | ETA 40.4h
step  72890 | loss 9.5846 | lr 2.15e-04 | grad 1.42 | 1.1k tok/s (avg 0.9k) | cert 0.48→0.62 | ticks [4.781 4.250 4.094 4.094 4.031 4.312 4.281 4.062] | Δticks -0.719 | ETA 40.3h
step  72900 | loss 9.4280 | lr 2.15e-04 | grad 1.20 | 0.8k tok/s (avg 0.9k) | cert 0.55→0.66 | ticks [5.031 4.469 4.594 4.656 4.281 4.594 4.656 4.312] | Δticks -0.719 | ETA 40.3h
step  72910 | loss 6.3288 | lr 2.15e-04 | grad 1.20 | 1.1k tok/s (avg 0.9k) | cert 0.54→0.72 | ticks [4.219 3.656 3.812 3.969 3.516 3.797 3.656 3.656] | Δticks -0.562 | ETA 40.3h
step  72920 | loss 7.2682 | lr 2.15e-04 | grad 1.31 | 0.8k tok/s (avg 0.9k) | cert 0.41→0.67 | ticks [4.719 3.875 3.812 3.875 3.656 4.156 3.906 3.844] | Δticks -0.875 | ETA 40.3h
step  72930 | loss 8.2881 | lr 2.15e-04 | grad 1.24 | 0.8k tok/s (avg 0.9k) | cert 0.22→0.53 | ticks [6.562 5.375 5.312 5.375 5.312 5.625 5.531 5.375] | Δticks -1.188 | ETA 40.3h
step  72940 | loss 7.3368 | lr 2.15e-04 | grad 1.24 | 1.1k tok/s (avg 0.9k) | cert 0.39→0.68 | ticks [4.812 4.062 3.844 3.891 3.781 4.250 4.062 3.844] | Δticks -0.969 | ETA 40.3h
step  72950 | loss 9.0219 | lr 2.15e-04 | grad 1.28 | 0.8k tok/s (avg 0.9k) | cert 0.14→0.36 | ticks [8.375 7.438 7.312 7.281 7.250 7.500 7.281 7.438] | Δticks -0.938 | ETA 40.3h
step  72960 | loss 7.8975 | lr 2.15e-04 | grad 1.24 | 0.8k tok/s (avg 0.9k) | cert 0.49→0.65 | ticks [4.500 4.156 4.031 3.969 3.891 4.219 3.906 3.922] | Δticks -0.578 | ETA 40.3h
step  72970 | loss 8.9375 | lr 2.15e-04 | grad 1.24 | 1.1k tok/s (avg 0.9k) | cert 0.59→0.65 | ticks [4.125 3.391 3.547 3.547 3.547 3.891 3.641 3.656] | Δticks -0.469 | ETA 40.3h
step  72980 | loss 7.7072 | lr 2.15e-04 | grad 1.41 | 0.8k tok/s (avg 0.9k) | cert 0.43→0.56 | ticks [4.844 4.375 4.250 4.281 4.219 4.531 4.219 4.219] | Δticks -0.625 | ETA 40.3h
step  72990 | loss 8.1278 | lr 2.14e-04 | grad 1.41 | 1.1k tok/s (avg 0.9k) | cert 0.55→0.67 | ticks [4.438 4.000 3.859 4.125 4.156 4.344 4.250 4.094] | Δticks -0.344 | ETA 40.3h
step  73000 | loss 7.1595 | lr 2.14e-04 | grad 1.28 | 0.8k tok/s (avg 0.9k) | cert 0.36→0.64 | ticks [5.094 4.062 3.969 3.984 4.062 4.344 4.250 4.031] | Δticks -1.062 | ETA 40.3h
step  73010 | loss 8.5315 | lr 2.14e-04 | grad 1.25 | 0.8k tok/s (avg 0.9k) | cert 0.48→0.68 | ticks [4.781 4.125 3.891 4.000 4.031 4.312 4.156 4.031] | Δticks -0.750 | ETA 40.3h
step  73020 | loss 6.7870 | lr 2.14e-04 | grad 1.25 | 1.1k tok/s (avg 0.9k) | cert 0.42→0.64 | ticks [4.625 4.219 3.938 3.938 3.812 4.156 3.906 3.953] | Δticks -0.672 | ETA 40.3h
step  73030 | loss 11.0697 | lr 2.14e-04 | grad 1.39 | 0.8k tok/s (avg 0.9k) | cert 0.67→0.74 | ticks [4.219 3.828 3.797 3.938 3.562 3.797 3.875 3.734] | Δticks -0.484 | ETA 40.3h
step  73040 | loss 4.1111 | lr 2.14e-04 | grad 1.29 | 0.8k tok/s (avg 0.9k) | cert 0.36→0.65 | ticks [4.062 2.844 2.891 2.922 2.906 2.906 2.875 2.750] | Δticks -1.312 | ETA 40.3h
step  73050 | loss 7.8073 | lr 2.14e-04 | grad 1.29 | 1.1k tok/s (avg 0.9k) | cert 0.62→0.74 | ticks [3.969 3.281 3.188 3.312 3.047 3.531 3.531 3.203] | Δticks -0.766 | ETA 40.3h
step  73060 | loss 6.5246 | lr 2.14e-04 | grad 1.35 | 0.8k tok/s (avg 0.9k) | cert 0.44→0.68 | ticks [4.062 3.609 3.328 3.359 3.281 3.594 3.469 3.219] | Δticks -0.844 | ETA 40.3h
step  73070 | loss 7.2282 | lr 2.14e-04 | grad 1.35 | 1.1k tok/s (avg 0.9k) | cert 0.48→0.69 | ticks [4.375 3.891 3.641 3.703 3.719 4.125 3.906 3.625] | Δticks -0.750 | ETA 40.3h
step  73080 | loss 8.9977 | lr 2.14e-04 | grad 1.29 | 0.8k tok/s (avg 0.9k) | cert 0.47→0.70 | ticks [4.906 4.156 4.281 4.219 4.031 4.469 4.250 4.000] | Δticks -0.906 | ETA 40.3h
step  73090 | loss 9.9817 | lr 2.14e-04 | grad 1.12 | 0.8k tok/s (avg 0.9k) | cert 0.45→0.66 | ticks [4.656 3.891 3.828 3.938 3.859 4.219 4.094 3.766] | Δticks -0.891 | ETA 40.3h
step  73100 | loss 9.4422 | lr 2.14e-04 | grad 1.12 | 1.1k tok/s (avg 0.9k) | cert 0.71→0.77 | ticks [3.516 3.391 3.516 3.797 3.156 3.391 3.688 3.391] | Δticks -0.125 | ETA 40.3h
step  73110 | loss 6.9716 | lr 2.14e-04 | grad 1.20 | 0.8k tok/s (avg 0.9k) | cert 0.39→0.63 | ticks [4.781 4.219 4.000 4.000 3.938 4.406 4.250 3.922] | Δticks -0.859 | ETA 40.3h
step  73120 | loss 9.0852 | lr 2.14e-04 | grad 1.19 | 0.8k tok/s (avg 0.9k) | cert 0.28→0.54 | ticks [5.594 4.469 4.312 4.375 4.406 4.438 4.375 4.344] | Δticks -1.250 | ETA 40.3h
step  73130 | loss 8.7511 | lr 2.14e-04 | grad 1.19 | 1.1k tok/s (avg 0.9k) | cert 0.39→0.64 | ticks [4.844 3.953 3.703 3.734 3.719 4.250 4.062 3.734] | Δticks -1.109 | ETA 40.3h
step  73140 | loss 8.3367 | lr 2.14e-04 | grad 1.41 | 0.8k tok/s (avg 0.9k) | cert 0.37→0.63 | ticks [4.969 4.125 3.984 3.922 4.031 4.250 4.188 3.891] | Δticks -1.078 | ETA 40.3h
step  73150 | loss 7.8748 | lr 2.14e-04 | grad 1.41 | 1.1k tok/s (avg 0.9k) | cert 0.52→0.71 | ticks [4.062 3.656 3.656 3.719 3.406 3.906 3.844 3.594] | Δticks -0.469 | ETA 40.3h
step  73160 | loss 9.6278 | lr 2.14e-04 | grad 1.27 | 0.8k tok/s (avg 0.9k) | cert 0.23→0.44 | ticks [7.281 6.188 6.031 6.125 6.000 6.312 6.156 6.281] | Δticks -1.000 | ETA 40.3h
step  73170 | loss 9.9943 | lr 2.14e-04 | grad 1.22 | 0.8k tok/s (avg 0.9k) | cert 0.41→0.58 | ticks [5.375 4.719 4.531 4.781 4.688 5.000 4.781 4.688] | Δticks -0.688 | ETA 40.3h
step  73180 | loss 8.0170 | lr 2.14e-04 | grad 1.22 | 1.1k tok/s (avg 0.9k) | cert 0.45→0.66 | ticks [4.656 3.969 3.703 3.641 3.609 4.031 3.922 3.625] | Δticks -1.031 | ETA 40.2h
step  73190 | loss 7.9136 | lr 2.14e-04 | grad 1.36 | 0.8k tok/s (avg 0.9k) | cert 0.29→0.62 | ticks [5.688 4.688 4.469 4.469 4.469 4.750 4.562 4.438] | Δticks -1.250 | ETA 40.3h
step  73200 | loss 12.7787 | lr 2.14e-04 | grad 1.41 | 0.8k tok/s (avg 0.9k) | cert 0.59→0.59 | ticks [4.844 4.094 4.219 4.375 4.250 4.562 4.531 4.469] | Δticks -0.375 | ETA 40.3h
step  73210 | loss 7.4451 | lr 2.14e-04 | grad 1.41 | 1.1k tok/s (avg 0.9k) | cert 0.39→0.57 | ticks [5.188 4.781 4.656 4.688 4.594 4.875 4.688 4.656] | Δticks -0.531 | ETA 40.2h
step  73220 | loss 8.9049 | lr 2.14e-04 | grad 1.70 | 0.8k tok/s (avg 0.9k) | cert 0.46→0.65 | ticks [4.969 4.281 4.188 4.281 4.188 4.344 4.312 4.156] | Δticks -0.812 | ETA 40.2h
step  73230 | loss 6.8037 | lr 2.14e-04 | grad 1.70 | 1.1k tok/s (avg 0.9k) | cert 0.39→0.64 | ticks [5.469 4.594 4.625 4.469 4.500 4.812 4.719 4.625] | Δticks -0.844 | ETA 40.2h
step  73240 | loss 6.6138 | lr 2.14e-04 | grad 1.59 | 0.8k tok/s (avg 0.9k) | cert 0.36→0.66 | ticks [4.875 4.188 3.938 3.891 3.812 4.312 4.031 3.969] | Δticks -0.906 | ETA 40.2h
step  73250 | loss 5.2008 | lr 2.14e-04 | grad 1.25 | 0.8k tok/s (avg 0.9k) | cert 0.29→0.57 | ticks [5.219 3.703 3.469 3.453 3.531 3.734 3.688 3.703] | Δticks -1.516 | ETA 40.2h
step  73260 | loss 8.1847 | lr 2.14e-04 | grad 1.25 | 1.1k tok/s (avg 0.9k) | cert 0.29→0.52 | ticks [6.094 5.406 5.125 5.312 5.188 5.406 5.344 5.312] | Δticks -0.781 | ETA 40.2h
step  73270 | loss 7.8891 | lr 2.14e-04 | grad 1.31 | 0.8k tok/s (avg 0.9k) | cert 0.42→0.62 | ticks [5.375 4.562 4.406 4.469 4.469 4.844 4.531 4.469] | Δticks -0.906 | ETA 40.2h
step  73280 | loss 9.3456 | lr 2.14e-04 | grad 1.25 | 0.8k tok/s (avg 0.9k) | cert 0.44→0.68 | ticks [4.469 3.828 3.656 3.594 3.719 4.000 3.828 3.547] | Δticks -0.922 | ETA 40.2h
step  73290 | loss 9.2038 | lr 2.14e-04 | grad 1.25 | 1.1k tok/s (avg 0.9k) | cert 0.33→0.60 | ticks [5.625 4.812 4.781 4.625 4.688 5.000 4.750 4.625] | Δticks -1.000 | ETA 40.2h
step  73300 | loss 7.8741 | lr 2.14e-04 | grad 1.62 | 0.8k tok/s (avg 0.9k) | cert 0.29→0.55 | ticks [6.125 5.000 4.688 4.781 4.812 5.031 4.812 4.812] | Δticks -1.312 | ETA 40.2h
step  73310 | loss 8.7330 | lr 2.14e-04 | grad 1.62 | 1.1k tok/s (avg 0.9k) | cert 0.35→0.58 | ticks [5.906 5.062 4.750 4.781 4.781 5.188 4.969 4.844] | Δticks -1.062 | ETA 40.2h
step  73320 | loss 9.1232 | lr 2.14e-04 | grad 1.48 | 0.8k tok/s (avg 0.9k) | cert 0.58→0.65 | ticks [4.375 3.922 3.734 3.750 3.531 3.922 3.734 3.750] | Δticks -0.625 | ETA 40.2h
step  73330 | loss 7.5825 | lr 2.14e-04 | grad 1.54 | 0.8k tok/s (avg 0.9k) | cert 0.51→0.65 | ticks [5.094 4.750 4.531 4.500 4.375 4.719 4.656 4.438] | Δticks -0.656 | ETA 40.2h
step  73340 | loss 9.3980 | lr 2.14e-04 | grad 1.54 | 1.1k tok/s (avg 0.9k) | cert 0.67→0.70 | ticks [4.312 4.094 3.766 4.094 3.562 4.031 3.906 3.734] | Δticks -0.578 | ETA 40.2h
step  73350 | loss 8.0633 | lr 2.14e-04 | grad 1.32 | 0.8k tok/s (avg 0.9k) | cert 0.43→0.56 | ticks [4.844 4.188 3.953 4.062 4.094 4.344 4.156 4.156] | Δticks -0.688 | ETA 40.2h
step  73360 | loss 8.7255 | lr 2.14e-04 | grad 1.37 | 0.8k tok/s (avg 0.9k) | cert 0.59→0.60 | ticks [4.938 4.500 4.500 4.438 4.344 4.656 4.500 4.469] | Δticks -0.469 | ETA 40.2h
step  73370 | loss 7.9816 | lr 2.14e-04 | grad 1.37 | 1.1k tok/s (avg 0.9k) | cert 0.30→0.50 | ticks [5.969 5.062 4.781 4.875 4.906 5.000 4.812 4.938] | Δticks -1.031 | ETA 40.2h
step  73380 | loss 8.5216 | lr 2.14e-04 | grad 1.40 | 0.8k tok/s (avg 0.9k) | cert 0.44→0.67 | ticks [4.562 3.766 3.875 3.812 3.656 4.125 3.734 3.656] | Δticks -0.906 | ETA 40.2h
step  73390 | loss 6.2216 | lr 2.14e-04 | grad 1.40 | 1.1k tok/s (avg 0.9k) | cert 0.38→0.64 | ticks [5.062 4.188 4.188 4.031 3.969 4.344 4.219 4.031] | Δticks -1.031 | ETA 40.2h
step  73400 | loss 8.5448 | lr 2.14e-04 | grad 1.33 | 0.8k tok/s (avg 0.9k) | cert 0.54→0.67 | ticks [4.281 3.906 3.719 3.594 3.516 4.031 3.812 3.719] | Δticks -0.562 | ETA 40.2h
step  73410 | loss 9.1080 | lr 2.14e-04 | grad 1.63 | 0.8k tok/s (avg 0.9k) | cert 0.56→0.69 | ticks [4.375 3.750 3.797 4.125 3.859 4.250 4.094 3.875] | Δticks -0.500 | ETA 40.2h
step  73420 | loss 8.0173 | lr 2.14e-04 | grad 1.63 | 1.1k tok/s (avg 0.9k) | cert 0.42→0.67 | ticks [4.688 3.922 3.875 3.844 3.859 4.062 3.969 3.797] | Δticks -0.891 | ETA 40.2h
step  73430 | loss 8.8524 | lr 2.14e-04 | grad 1.38 | 0.8k tok/s (avg 0.9k) | cert 0.35→0.56 | ticks [5.625 4.688 4.688 4.812 4.719 4.906 4.812 4.812] | Δticks -0.812 | ETA 40.2h
step  73440 | loss 6.8863 | lr 2.14e-04 | grad 1.34 | 0.8k tok/s (avg 0.9k) | cert 0.45→0.62 | ticks [5.000 4.344 4.094 3.969 3.891 4.312 4.188 4.094] | Δticks -0.906 | ETA 40.2h
step  73450 | loss 8.2195 | lr 2.14e-04 | grad 1.34 | 1.1k tok/s (avg 0.9k) | cert 0.30→0.54 | ticks [6.281 5.281 5.094 5.188 5.250 5.375 5.250 5.281] | Δticks -1.000 | ETA 40.2h
step  73460 | loss 8.8080 | lr 2.13e-04 | grad 1.38 | 0.8k tok/s (avg 0.9k) | cert 0.56→0.69 | ticks [4.031 3.609 3.484 3.625 3.406 3.875 3.828 3.453] | Δticks -0.578 | ETA 40.2h
step  73470 | loss 9.0041 | lr 2.13e-04 | grad 1.38 | 1.1k tok/s (avg 0.9k) | cert 0.24→0.43 | ticks [6.531 5.344 5.250 5.438 5.562 5.562 5.438 5.594] | Δticks -0.938 | ETA 40.2h
step  73480 | loss 7.4582 | lr 2.13e-04 | grad 1.32 | 0.8k tok/s (avg 0.9k) | cert 0.25→0.52 | ticks [6.188 5.062 4.906 4.844 4.812 5.031 5.000 5.062] | Δticks -1.125 | ETA 40.2h
step  73490 | loss 7.3718 | lr 2.13e-04 | grad 1.30 | 0.8k tok/s (avg 0.9k) | cert 0.29→0.50 | ticks [6.344 5.781 5.438 5.438 5.406 5.594 5.469 5.531] | Δticks -0.812 | ETA 40.2h
step  73500 | loss 9.0890 | lr 2.13e-04 | grad 1.30 | 1.1k tok/s (avg 0.9k) | cert 0.29→0.59 | ticks [6.094 5.125 4.969 4.906 4.938 5.188 5.031 5.031] | Δticks -1.062 | ETA 40.1h
step  73510 | loss 6.8562 | lr 2.13e-04 | grad 1.23 | 0.8k tok/s (avg 0.9k) | cert 0.33→0.60 | ticks [5.250 4.500 4.344 4.125 4.312 4.531 4.406 4.219] | Δticks -1.031 | ETA 40.2h
step  73520 | loss 10.0438 | lr 2.13e-04 | grad 1.52 | 0.8k tok/s (avg 0.9k) | cert 0.40→0.53 | ticks [5.812 5.188 5.000 4.938 5.062 5.344 5.125 5.250] | Δticks -0.562 | ETA 40.2h
step  73530 | loss 8.8473 | lr 2.13e-04 | grad 1.52 | 1.1k tok/s (avg 0.9k) | cert 0.38→0.62 | ticks [6.188 5.375 5.344 5.469 5.312 5.531 5.375 5.188] | Δticks -1.000 | ETA 40.1h
step  73540 | loss 9.5997 | lr 2.13e-04 | grad 1.46 | 0.8k tok/s (avg 0.9k) | cert 0.40→0.57 | ticks [5.844 5.031 4.969 5.094 5.062 5.312 5.094 5.281] | Δticks -0.562 | ETA 40.1h
step  73550 | loss 7.2660 | lr 2.13e-04 | grad 1.46 | 1.1k tok/s (avg 0.9k) | cert 0.26→0.51 | ticks [6.281 5.594 5.125 5.250 5.250 5.500 5.219 5.250] | Δticks -1.031 | ETA 40.1h
step  73560 | loss 7.6393 | lr 2.13e-04 | grad 1.27 | 0.8k tok/s (avg 0.9k) | cert 0.39→0.62 | ticks [5.375 4.562 4.250 4.312 4.375 4.688 4.438 4.281] | Δticks -1.094 | ETA 40.1h
step  73570 | loss 8.4122 | lr 2.13e-04 | grad 1.26 | 0.8k tok/s (avg 0.9k) | cert 0.37→0.59 | ticks [5.562 4.844 4.719 4.719 4.688 4.938 4.812 4.688] | Δticks -0.875 | ETA 40.1h
step  73580 | loss 6.8439 | lr 2.13e-04 | grad 1.26 | 1.1k tok/s (avg 0.9k) | cert 0.46→0.66 | ticks [4.562 3.906 3.750 3.594 3.531 3.953 3.906 3.703] | Δticks -0.859 | ETA 40.1h
step  73590 | loss 8.0929 | lr 2.13e-04 | grad 1.38 | 0.8k tok/s (avg 0.9k) | cert 0.40→0.61 | ticks [5.000 4.219 4.031 4.094 4.094 4.312 4.188 4.125] | Δticks -0.875 | ETA 40.1h
step  73600 | loss 7.2050 | lr 2.13e-04 | grad 1.30 | 0.8k tok/s (avg 0.9k) | cert 0.33→0.59 | ticks [5.250 4.250 4.281 4.188 4.125 4.500 4.375 4.188] | Δticks -1.062 | ETA 40.1h
step  73610 | loss 8.8125 | lr 2.13e-04 | grad 1.30 | 1.1k tok/s (avg 0.9k) | cert 0.26→0.48 | ticks [6.719 6.094 5.844 5.969 5.812 6.031 5.938 6.031] | Δticks -0.688 | ETA 40.1h
step  73620 | loss 7.6017 | lr 2.13e-04 | grad 1.71 | 0.8k tok/s (avg 0.9k) | cert 0.43→0.63 | ticks [5.125 4.156 4.125 4.156 4.062 4.594 4.500 4.219] | Δticks -0.906 | ETA 40.1h
step  73630 | loss 9.8485 | lr 2.13e-04 | grad 1.71 | 1.1k tok/s (avg 0.9k) | cert 0.31→0.52 | ticks [6.594 5.844 5.562 5.594 5.500 5.750 5.625 5.688] | Δticks -0.906 | ETA 40.1h
step  73640 | loss 6.6575 | lr 2.13e-04 | grad 1.42 | 0.8k tok/s (avg 0.9k) | cert 0.55→0.64 | ticks [4.719 3.891 3.875 3.984 3.578 3.953 4.031 3.875] | Δticks -0.844 | ETA 40.1h
step  73650 | loss 8.2234 | lr 2.13e-04 | grad 1.27 | 0.8k tok/s (avg 0.9k) | cert 0.50→0.62 | ticks [5.188 4.531 4.281 4.500 4.312 4.750 4.562 4.406] | Δticks -0.781 | ETA 40.1h
step  73660 | loss 8.8640 | lr 2.13e-04 | grad 1.27 | 1.1k tok/s (avg 0.9k) | cert 0.24→0.55 | ticks [6.656 5.594 5.469 5.531 5.531 5.625 5.656 5.625] | Δticks -1.031 | ETA 40.1h
step  73670 | loss 9.4484 | lr 2.13e-04 | grad 1.45 | 0.8k tok/s (avg 0.9k) | cert 0.35→0.49 | ticks [5.688 4.906 5.000 5.094 5.000 5.188 5.125 5.281] | Δticks -0.406 | ETA 40.1h
step  73680 | loss 9.6871 | lr 2.13e-04 | grad 1.45 | 0.8k tok/s (avg 0.9k) | cert 0.66→0.73 | ticks [4.375 4.281 4.156 4.344 3.812 4.406 4.125 4.125] | Δticks -0.250 | ETA 40.1h
step  73690 | loss 7.5879 | lr 2.13e-04 | grad 1.45 | 1.1k tok/s (avg 0.9k) | cert 0.44→0.63 | ticks [4.812 4.094 4.031 4.156 4.094 4.406 4.312 4.125] | Δticks -0.688 | ETA 40.1h
step  73700 | loss 8.5430 | lr 2.13e-04 | grad 1.35 | 0.8k tok/s (avg 0.9k) | cert 0.51→0.65 | ticks [4.719 3.922 3.922 4.094 3.875 4.375 4.031 3.891] | Δticks -0.828 | ETA 40.1h
step  73710 | loss 11.2139 | lr 2.13e-04 | grad 1.35 | 1.1k tok/s (avg 0.9k) | cert 0.54→0.59 | ticks [4.875 4.406 4.344 4.469 4.281 4.688 4.469 4.438] | Δticks -0.438 | ETA 40.1h
step  73720 | loss 8.4710 | lr 2.13e-04 | grad 1.25 | 0.8k tok/s (avg 0.9k) | cert 0.66→0.69 | ticks [4.344 4.062 4.000 4.094 3.719 4.188 4.031 4.000] | Δticks -0.344 | ETA 40.1h
step  73730 | loss 6.6207 | lr 2.13e-04 | grad 1.26 | 0.8k tok/s (avg 0.9k) | cert 0.40→0.65 | ticks [4.312 3.859 3.734 3.531 3.641 3.938 3.906 3.641] | Δticks -0.672 | ETA 40.1h
step  73740 | loss 10.1247 | lr 2.13e-04 | grad 1.26 | 1.1k tok/s (avg 0.9k) | cert 0.38→0.64 | ticks [5.719 4.750 4.500 4.594 4.500 4.812 4.719 4.531] | Δticks -1.188 | ETA 40.1h
step  73750 | loss 7.4330 | lr 2.13e-04 | grad 1.52 | 0.8k tok/s (avg 0.9k) | cert 0.48→0.66 | ticks [5.000 4.188 4.188 4.094 4.031 4.250 4.344 4.156] | Δticks -0.844 | ETA 40.1h
step  73760 | loss 6.4453 | lr 2.13e-04 | grad 1.34 | 0.8k tok/s (avg 0.9k) | cert 0.40→0.63 | ticks [4.844 4.094 3.906 3.844 3.688 4.219 4.000 3.875] | Δticks -0.969 | ETA 40.1h
step  73770 | loss 7.7019 | lr 2.13e-04 | grad 1.34 | 1.1k tok/s (avg 0.9k) | cert 0.44→0.65 | ticks [4.844 3.953 3.656 3.781 3.672 4.156 3.969 3.719] | Δticks -1.125 | ETA 40.1h
step  73780 | loss 6.9413 | lr 2.13e-04 | grad 1.35 | 0.8k tok/s (avg 0.9k) | cert 0.52→0.66 | ticks [4.156 3.938 3.609 3.484 3.438 3.797 3.750 3.641] | Δticks -0.516 | ETA 40.1h
step  73790 | loss 7.2955 | lr 2.13e-04 | grad 1.35 | 1.1k tok/s (avg 0.9k) | cert 0.28→0.53 | ticks [6.469 5.719 5.531 5.656 5.438 5.562 5.531 5.562] | Δticks -0.906 | ETA 40.1h
step  73800 | loss 10.3047 | lr 2.13e-04 | grad 1.41 | 0.8k tok/s (avg 0.9k) | cert 0.34→0.45 | ticks [6.281 5.719 5.656 5.688 5.812 5.906 5.812 6.031] | Δticks -0.250 | ETA 40.1h
step  73810 | loss 7.7179 | lr 2.13e-04 | grad 1.28 | 0.8k tok/s (avg 0.9k) | cert 0.27→0.47 | ticks [6.188 5.531 5.219 5.250 5.344 5.625 5.375 5.438] | Δticks -0.750 | ETA 40.1h
step  73820 | loss 9.3046 | lr 2.13e-04 | grad 1.28 | 1.1k tok/s (avg 0.9k) | cert 0.33→0.65 | ticks [6.219 5.062 5.062 5.062 5.094 5.438 5.188 5.188] | Δticks -1.031 | ETA 40.0h
step  73830 | loss 9.0613 | lr 2.13e-04 | grad 1.47 | 0.8k tok/s (avg 0.9k) | cert 0.55→0.68 | ticks [4.219 3.781 3.656 3.609 3.594 4.000 3.797 3.547] | Δticks -0.672 | ETA 40.0h
step  73840 | loss 7.4138 | lr 2.13e-04 | grad 1.19 | 0.8k tok/s (avg 0.9k) | cert 0.27→0.55 | ticks [6.531 5.094 5.031 5.000 4.938 5.344 5.188 5.125] | Δticks -1.406 | ETA 40.0h
step  73850 | loss 8.7146 | lr 2.13e-04 | grad 1.19 | 1.1k tok/s (avg 0.9k) | cert 0.41→0.58 | ticks [4.844 4.094 4.094 4.094 4.250 4.438 4.250 4.281] | Δticks -0.562 | ETA 40.0h
step  73860 | loss 10.8545 | lr 2.13e-04 | grad 1.34 | 0.8k tok/s (avg 0.9k) | cert 0.57→0.64 | ticks [5.031 4.594 4.406 4.531 4.156 4.750 4.594 4.406] | Δticks -0.625 | ETA 40.0h
step  73870 | loss 7.7959 | lr 2.13e-04 | grad 1.34 | 1.1k tok/s (avg 0.9k) | cert 0.28→0.52 | ticks [6.125 5.562 5.188 5.219 5.312 5.594 5.219 5.250] | Δticks -0.875 | ETA 40.0h
step  73880 | loss 7.2964 | lr 2.13e-04 | grad 1.37 | 0.8k tok/s (avg 0.9k) | cert 0.35→0.59 | ticks [5.250 4.406 4.250 4.219 4.156 4.562 4.250 4.219] | Δticks -1.031 | ETA 40.0h
step  73890 | loss 6.5178 | lr 2.13e-04 | grad 1.34 | 0.8k tok/s (avg 0.9k) | cert 0.40→0.64 | ticks [5.125 4.125 3.922 4.031 4.000 4.375 4.250 4.000] | Δticks -1.125 | ETA 40.0h
step  73900 | loss 7.0804 | lr 2.13e-04 | grad 1.34 | 1.1k tok/s (avg 0.9k) | cert 0.35→0.63 | ticks [5.875 4.844 4.938 4.969 4.812 5.156 5.031 4.750] | Δticks -1.125 | ETA 40.0h
step  73910 | loss 4.6238 | lr 2.13e-04 | grad 1.27 | 0.8k tok/s (avg 0.9k) | cert 0.33→0.63 | ticks [4.656 3.359 3.234 3.359 3.359 3.375 3.359 3.312] | Δticks -1.344 | ETA 40.0h
step  73920 | loss 7.9856 | lr 2.12e-04 | grad 1.36 | 0.8k tok/s (avg 0.9k) | cert 0.27→0.55 | ticks [5.969 5.031 5.000 5.000 5.031 5.250 5.062 5.031] | Δticks -0.938 | ETA 40.0h
step  73930 | loss 7.5803 | lr 2.12e-04 | grad 1.36 | 1.1k tok/s (avg 0.9k) | cert 0.32→0.55 | ticks [6.344 5.250 5.156 5.375 5.438 5.531 5.375 5.406] | Δticks -0.938 | ETA 40.0h
step  73940 | loss 8.6794 | lr 2.12e-04 | grad 1.41 | 0.8k tok/s (avg 0.9k) | cert 0.25→0.46 | ticks [6.812 5.781 5.562 5.625 5.625 5.844 5.812 5.938] | Δticks -0.875 | ETA 40.0h
step  73950 | loss 10.5396 | lr 2.12e-04 | grad 1.41 | 1.1k tok/s (avg 0.9k) | cert 0.27→0.44 | ticks [6.031 5.188 5.281 5.250 5.312 5.531 5.406 5.469] | Δticks -0.562 | ETA 40.0h
step  73960 | loss 8.5099 | lr 2.12e-04 | grad 1.27 | 0.8k tok/s (avg 0.9k) | cert 0.23→0.48 | ticks [6.875 5.562 5.406 5.375 5.312 5.781 5.375 5.531] | Δticks -1.344 | ETA 40.0h
step  73970 | loss 10.3121 | lr 2.12e-04 | grad 1.31 | 0.8k tok/s (avg 0.9k) | cert 0.52→0.61 | ticks [4.344 3.984 4.031 3.969 3.969 4.344 3.938 3.938] | Δticks -0.406 | ETA 40.0h
step  73980 | loss 7.2576 | lr 2.12e-04 | grad 1.31 | 1.1k tok/s (avg 0.9k) | cert 0.39→0.58 | ticks [4.812 4.094 3.969 3.953 3.922 4.438 4.031 4.000] | Δticks -0.812 | ETA 40.0h
step  73990 | loss 8.1647 | lr 2.12e-04 | grad 1.42 | 0.8k tok/s (avg 0.9k) | cert 0.21→0.50 | ticks [7.125 5.688 5.594 5.750 5.625 5.875 5.781 5.781] | Δticks -1.344 | ETA 40.0h
step  74000 | loss 9.6691 | lr 2.12e-04 | grad 1.55 | 0.8k tok/s (avg 0.9k) | cert 0.70→0.62 | ticks [3.875 3.484 3.609 3.781 3.656 4.062 3.891 3.672] | Δticks -0.203 | ETA 40.0h
step  74010 | loss 6.0431 | lr 2.12e-04 | grad 1.55 | 1.1k tok/s (avg 0.9k) | cert 0.29→0.55 | ticks [5.094 3.812 3.812 3.781 3.750 3.875 3.750 3.828] | Δticks -1.266 | ETA 40.0h
step  74020 | loss 8.9707 | lr 2.12e-04 | grad 1.38 | 0.8k tok/s (avg 0.9k) | cert 0.44→0.61 | ticks [5.219 4.594 4.562 4.562 4.375 4.750 4.688 4.562] | Δticks -0.656 | ETA 40.0h
step  74030 | loss 5.5091 | lr 2.12e-04 | grad 1.38 | 1.1k tok/s (avg 0.9k) | cert 0.31→0.59 | ticks [5.125 3.875 3.734 3.750 3.719 3.891 3.891 3.828] | Δticks -1.297 | ETA 40.0h
step  74040 | loss 8.9391 | lr 2.12e-04 | grad 1.46 | 0.8k tok/s (avg 0.9k) | cert 0.47→0.68 | ticks [4.469 3.953 3.719 3.906 3.891 4.156 4.156 3.812] | Δticks -0.656 | ETA 40.0h
step  74050 | loss 6.7157 | lr 2.12e-04 | grad 1.50 | 0.8k tok/s (avg 0.9k) | cert 0.40→0.62 | ticks [5.062 4.344 4.156 4.188 4.219 4.438 4.344 4.156] | Δticks -0.906 | ETA 40.0h
step  74060 | loss 12.0539 | lr 2.12e-04 | grad 1.50 | 1.1k tok/s (avg 0.9k) | cert 0.62→0.61 | ticks [4.031 3.844 3.531 3.719 3.562 3.859 3.734 3.641] | Δticks -0.391 | ETA 40.0h
step  74070 | loss 7.3344 | lr 2.12e-04 | grad 1.51 | 0.8k tok/s (avg 0.9k) | cert 0.45→0.66 | ticks [4.656 4.250 3.922 4.031 4.062 4.156 4.188 4.125] | Δticks -0.531 | ETA 40.0h
step  74080 | loss 13.4461 | lr 2.12e-04 | grad 1.32 | 0.8k tok/s (avg 0.9k) | cert 0.64→0.62 | ticks [4.500 4.156 4.000 4.031 3.922 4.125 4.125 4.219] | Δticks -0.281 | ETA 40.0h
step  74090 | loss 8.2131 | lr 2.12e-04 | grad 1.32 | 1.1k tok/s (avg 0.9k) | cert 0.29→0.51 | ticks [6.688 5.969 5.750 5.781 5.750 6.031 5.750 5.875] | Δticks -0.812 | ETA 40.0h
step  74100 | loss 11.4078 | lr 2.12e-04 | grad 1.49 | 0.8k tok/s (avg 0.9k) | cert 0.22→0.46 | ticks [8.250 7.531 7.312 7.469 7.500 7.625 7.469 7.406] | Δticks -0.844 | ETA 40.0h
step  74110 | loss 7.2888 | lr 2.12e-04 | grad 1.49 | 1.1k tok/s (avg 0.9k) | cert 0.46→0.62 | ticks [4.531 4.219 3.891 3.844 3.844 4.250 4.000 3.984] | Δticks -0.547 | ETA 40.0h
step  74120 | loss 6.0726 | lr 2.12e-04 | grad 1.42 | 0.8k tok/s (avg 0.9k) | cert 0.31→0.54 | ticks [5.281 3.891 3.844 3.875 3.953 4.031 3.922 4.000] | Δticks -1.281 | ETA 40.0h
step  74130 | loss 6.8137 | lr 2.12e-04 | grad 1.43 | 0.8k tok/s (avg 0.9k) | cert 0.53→0.68 | ticks [4.625 4.188 3.906 3.891 3.781 4.156 3.984 3.922] | Δticks -0.703 | ETA 40.0h
step  74140 | loss 8.2458 | lr 2.12e-04 | grad 1.43 | 1.1k tok/s (avg 0.9k) | cert 0.35→0.53 | ticks [5.969 5.312 5.125 5.219 5.125 5.281 5.188 5.312] | Δticks -0.656 | ETA 39.9h
step  74150 | loss 10.6290 | lr 2.12e-04 | grad 1.47 | 0.8k tok/s (avg 0.9k) | cert 0.63→0.66 | ticks [4.344 4.156 4.094 4.125 3.969 4.344 4.062 4.125] | Δticks -0.219 | ETA 39.9h
step  74160 | loss 10.0497 | lr 2.12e-04 | grad 1.40 | 0.8k tok/s (avg 0.9k) | cert 0.67→0.68 | ticks [3.859 3.422 3.469 3.422 3.172 3.531 3.578 3.438] | Δticks -0.422 | ETA 39.9h
step  74170 | loss 9.3927 | lr 2.12e-04 | grad 1.40 | 1.1k tok/s (avg 0.9k) | cert 0.40→0.48 | ticks [6.000 5.344 5.281 5.312 5.312 5.406 5.406 5.594] | Δticks -0.406 | ETA 39.9h
step  74180 | loss 11.9461 | lr 2.12e-04 | grad 1.29 | 0.8k tok/s (avg 0.9k) | cert 0.64→0.66 | ticks [4.469 4.094 3.953 4.062 3.891 4.250 4.094 4.031] | Δticks -0.438 | ETA 39.9h
step  74190 | loss 7.4259 | lr 2.12e-04 | grad 1.29 | 1.1k tok/s (avg 0.9k) | cert 0.33→0.50 | ticks [5.750 5.000 4.844 4.906 4.969 5.125 5.094 5.125] | Δticks -0.625 | ETA 39.9h
step  74200 | loss 7.5312 | lr 2.12e-04 | grad 1.55 | 0.8k tok/s (avg 0.9k) | cert 0.38→0.54 | ticks [5.750 4.938 4.781 4.875 4.812 5.062 4.906 4.969] | Δticks -0.781 | ETA 39.9h
step  74210 | loss 7.9158 | lr 2.12e-04 | grad 1.48 | 0.8k tok/s (avg 0.9k) | cert 0.46→0.62 | ticks [4.844 4.156 4.125 4.156 3.984 4.531 4.375 4.094] | Δticks -0.750 | ETA 39.9h
step  74220 | loss 9.2570 | lr 2.12e-04 | grad 1.48 | 1.1k tok/s (avg 0.9k) | cert 0.38→0.52 | ticks [6.000 5.219 5.250 5.219 5.188 5.375 5.312 5.312] | Δticks -0.688 | ETA 39.9h
step  74230 | loss 6.3501 | lr 2.12e-04 | grad 1.49 | 0.8k tok/s (avg 0.9k) | cert 0.46→0.67 | ticks [4.469 3.906 3.703 3.781 3.547 4.188 3.859 3.688] | Δticks -0.781 | ETA 39.9h
step  74240 | loss 8.5557 | lr 2.12e-04 | grad 1.41 | 0.8k tok/s (avg 0.9k) | cert 0.46→0.56 | ticks [5.531 5.406 5.281 5.375 5.062 5.281 5.188 5.219] | Δticks -0.312 | ETA 39.9h
step  74250 | loss 9.0071 | lr 2.12e-04 | grad 1.41 | 1.1k tok/s (avg 0.9k) | cert 0.38→0.62 | ticks [5.750 4.656 4.688 4.719 4.562 5.125 4.812 4.625] | Δticks -1.125 | ETA 39.9h
step  74260 | loss 7.6864 | lr 2.12e-04 | grad 1.50 | 0.8k tok/s (avg 0.9k) | cert 0.28→0.48 | ticks [6.688 5.812 5.562 5.531 5.500 5.781 5.656 5.625] | Δticks -1.062 | ETA 39.9h
step  74270 | loss 8.4549 | lr 2.12e-04 | grad 1.50 | 1.1k tok/s (avg 0.9k) | cert 0.27→0.53 | ticks [6.094 4.875 4.625 4.656 4.812 4.906 4.938 4.875] | Δticks -1.219 | ETA 39.9h
step  74280 | loss 7.5151 | lr 2.12e-04 | grad 1.37 | 0.8k tok/s (avg 0.9k) | cert 0.22→0.53 | ticks [5.969 4.750 4.719 4.625 4.688 4.750 4.875 4.781] | Δticks -1.188 | ETA 39.9h
step  74290 | loss 8.3482 | lr 2.12e-04 | grad 1.44 | 0.8k tok/s (avg 0.9k) | cert 0.55→0.64 | ticks [4.375 3.891 3.656 3.781 3.938 4.219 3.906 3.844] | Δticks -0.531 | ETA 39.9h
step  74300 | loss 7.1958 | lr 2.12e-04 | grad 1.44 | 1.1k tok/s (avg 0.9k) | cert 0.37→0.56 | ticks [5.250 4.719 4.531 4.500 4.531 4.812 4.625 4.531] | Δticks -0.719 | ETA 39.9h
step  74310 | loss 11.0422 | lr 2.12e-04 | grad 1.34 | 0.8k tok/s (avg 0.9k) | cert 0.47→0.56 | ticks [4.875 4.406 4.500 4.594 4.656 5.125 4.688 4.500] | Δticks -0.375 | ETA 39.9h
step  74320 | loss 7.6319 | lr 2.12e-04 | grad 1.40 | 0.8k tok/s (avg 0.9k) | cert 0.33→0.64 | ticks [5.656 4.656 4.531 4.438 4.438 4.844 4.594 4.438] | Δticks -1.219 | ETA 39.9h
step  74330 | loss 7.0804 | lr 2.12e-04 | grad 1.40 | 1.1k tok/s (avg 0.9k) | cert 0.45→0.65 | ticks [4.656 4.062 3.875 3.875 3.812 4.062 4.000 3.781] | Δticks -0.875 | ETA 39.9h
step  74340 | loss 8.1791 | lr 2.12e-04 | grad 1.46 | 0.8k tok/s (avg 0.9k) | cert 0.38→0.59 | ticks [5.594 4.906 4.750 4.719 4.781 5.062 4.938 4.812] | Δticks -0.781 | ETA 39.9h
step  74350 | loss 6.2174 | lr 2.12e-04 | grad 1.46 | 1.1k tok/s (avg 0.9k) | cert 0.35→0.62 | ticks [5.188 4.219 4.031 3.969 4.000 4.375 4.156 3.984] | Δticks -1.203 | ETA 39.9h
step  74360 | loss 11.7813 | lr 2.12e-04 | grad 1.27 | 0.8k tok/s (avg 0.9k) | cert 0.54→0.63 | ticks [4.906 4.438 4.375 4.281 4.062 4.625 4.344 4.156] | Δticks -0.750 | ETA 39.9h
step  74370 | loss 7.4096 | lr 2.12e-04 | grad 1.49 | 0.8k tok/s (avg 0.9k) | cert 0.33→0.60 | ticks [5.875 4.969 4.719 4.750 4.781 5.188 4.938 4.812] | Δticks -1.062 | ETA 39.9h
step  74380 | loss 8.6597 | lr 2.11e-04 | grad 1.49 | 1.1k tok/s (avg 0.9k) | cert 0.44→0.61 | ticks [5.156 4.344 4.438 4.562 4.406 4.844 4.562 4.438] | Δticks -0.719 | ETA 39.9h
step  74390 | loss 7.4363 | lr 2.11e-04 | grad 1.36 | 0.8k tok/s (avg 0.9k) | cert 0.54→0.66 | ticks [4.656 3.781 3.734 3.859 3.906 4.156 4.031 3.875] | Δticks -0.781 | ETA 39.9h
step  74400 | loss 6.8983 | lr 2.11e-04 | grad 1.37 | 0.8k tok/s (avg 0.9k) | cert 0.50→0.62 | ticks [4.438 4.250 4.031 4.062 3.938 4.250 4.125 4.156] | Δticks -0.281 | ETA 39.9h
step  74410 | loss 7.6948 | lr 2.11e-04 | grad 1.37 | 1.1k tok/s (avg 0.9k) | cert 0.53→0.67 | ticks [4.875 4.094 4.000 4.000 3.781 4.500 4.125 3.938] | Δticks -0.938 | ETA 39.9h
step  74420 | loss 7.7171 | lr 2.11e-04 | grad 1.55 | 0.8k tok/s (avg 0.9k) | cert 0.37→0.63 | ticks [5.688 4.812 4.625 4.500 4.438 5.031 4.719 4.531] | Δticks -1.156 | ETA 39.9h
step  74430 | loss 11.0041 | lr 2.11e-04 | grad 1.55 | 1.1k tok/s (avg 0.9k) | cert 0.73→0.71 | ticks [3.516 3.375 3.078 3.125 3.062 3.547 3.047 3.094] | Δticks -0.422 | ETA 39.8h
step  74440 | loss 9.6574 | lr 2.11e-04 | grad 1.54 | 0.8k tok/s (avg 0.9k) | cert 0.47→0.57 | ticks [5.156 4.438 4.312 4.438 4.188 4.469 4.500 4.469] | Δticks -0.688 | ETA 39.9h
step  74450 | loss 10.7904 | lr 2.11e-04 | grad 1.51 | 0.8k tok/s (avg 0.9k) | cert 0.45→0.56 | ticks [5.062 4.219 4.156 4.219 4.281 4.531 4.250 4.469] | Δticks -0.594 | ETA 39.9h
step  74460 | loss 8.2495 | lr 2.11e-04 | grad 1.51 | 1.1k tok/s (avg 0.9k) | cert 0.38→0.61 | ticks [5.656 4.812 4.875 4.625 4.562 5.062 4.906 4.688] | Δticks -0.969 | ETA 39.8h
step  74470 | loss 7.0925 | lr 2.11e-04 | grad 1.38 | 0.8k tok/s (avg 0.9k) | cert 0.33→0.59 | ticks [5.406 4.500 4.438 4.344 4.312 4.688 4.500 4.469] | Δticks -0.938 | ETA 39.8h
step  74480 | loss 8.3664 | lr 2.11e-04 | grad 1.34 | 0.8k tok/s (avg 0.9k) | cert 0.34→0.52 | ticks [6.375 5.625 5.344 5.438 5.281 5.469 5.500 5.500] | Δticks -0.875 | ETA 39.8h
step  74490 | loss 7.6216 | lr 2.11e-04 | grad 1.34 | 1.1k tok/s (avg 0.9k) | cert 0.30→0.59 | ticks [5.188 4.250 4.156 4.094 4.031 4.344 4.250 4.125] | Δticks -1.062 | ETA 39.8h
step  74500 | loss 7.6377 | lr 2.11e-04 | grad 1.36 | 0.8k tok/s (avg 0.9k) | cert 0.35→0.53 | ticks [6.000 5.125 4.938 5.031 5.094 5.250 5.094 5.031] | Δticks -0.969 | ETA 39.8h
step  74510 | loss 6.4232 | lr 2.11e-04 | grad 1.36 | 1.1k tok/s (avg 0.9k) | cert 0.38→0.62 | ticks [5.375 4.312 4.156 4.000 4.156 4.500 4.281 4.094] | Δticks -1.281 | ETA 39.8h
step  74520 | loss 8.1650 | lr 2.11e-04 | grad 1.25 | 0.8k tok/s (avg 0.9k) | cert 0.53→0.69 | ticks [4.562 3.906 3.859 3.875 3.828 4.312 4.031 3.875] | Δticks -0.688 | ETA 39.8h
step  74530 | loss 10.4753 | lr 2.11e-04 | grad 1.24 | 0.8k tok/s (avg 0.9k) | cert 0.54→0.61 | ticks [4.219 3.766 3.891 3.906 3.969 4.250 4.125 4.094] | Δticks -0.125 | ETA 39.8h
step  74540 | loss 6.8034 | lr 2.11e-04 | grad 1.24 | 1.1k tok/s (avg 0.9k) | cert 0.26→0.59 | ticks [5.562 4.281 4.219 4.219 4.188 4.500 4.406 4.219] | Δticks -1.344 | ETA 39.8h
step  74550 | loss 10.1150 | lr 2.11e-04 | grad 1.54 | 0.8k tok/s (avg 0.9k) | cert 0.38→0.62 | ticks [5.219 4.281 4.219 4.250 4.188 4.562 4.312 4.219] | Δticks -1.000 | ETA 39.8h
step  74560 | loss 7.5306 | lr 2.11e-04 | grad 1.45 | 0.8k tok/s (avg 0.9k) | cert 0.30→0.56 | ticks [5.750 4.812 4.750 4.719 4.781 5.062 4.906 4.781] | Δticks -0.969 | ETA 39.8h
step  74570 | loss 6.4630 | lr 2.11e-04 | grad 1.45 | 1.1k tok/s (avg 0.9k) | cert 0.50→0.67 | ticks [4.188 3.547 3.562 3.734 3.641 3.938 3.875 3.656] | Δticks -0.531 | ETA 39.8h
step  74580 | loss 9.8146 | lr 2.11e-04 | grad 1.29 | 0.8k tok/s (avg 0.9k) | cert 0.59→0.62 | ticks [4.688 4.438 4.250 4.344 4.156 4.438 4.312 4.219] | Δticks -0.469 | ETA 39.8h
step  74590 | loss 7.4330 | lr 2.11e-04 | grad 1.29 | 1.1k tok/s (avg 0.9k) | cert 0.29→0.60 | ticks [5.656 4.562 4.344 4.344 4.406 4.875 4.656 4.438] | Δticks -1.219 | ETA 39.8h
step  74600 | loss 8.0749 | lr 2.11e-04 | grad 1.30 | 0.8k tok/s (avg 0.9k) | cert 0.21→0.50 | ticks [6.656 5.375 5.156 5.250 5.156 5.344 5.156 5.250] | Δticks -1.406 | ETA 39.8h
step  74610 | loss 11.3924 | lr 2.11e-04 | grad 1.31 | 0.8k tok/s (avg 0.9k) | cert 0.46→0.56 | ticks [5.094 4.562 4.312 4.375 4.344 4.656 4.281 4.438] | Δticks -0.656 | ETA 39.8h
step  74620 | loss 7.3019 | lr 2.11e-04 | grad 1.31 | 1.1k tok/s (avg 0.9k) | cert 0.53→0.69 | ticks [4.688 3.969 4.031 4.125 3.875 4.375 4.125 4.000] | Δticks -0.688 | ETA 39.8h
step  74630 | loss 7.9550 | lr 2.11e-04 | grad 1.42 | 0.8k tok/s (avg 0.9k) | cert 0.39→0.60 | ticks [5.219 4.594 4.562 4.438 4.562 4.812 4.625 4.469] | Δticks -0.750 | ETA 39.8h
step  74640 | loss 6.3885 | lr 2.11e-04 | grad 1.42 | 0.8k tok/s (avg 0.9k) | cert 0.41→0.64 | ticks [4.938 4.375 4.125 4.000 4.094 4.312 4.219 4.062] | Δticks -0.875 | ETA 39.8h
step  74650 | loss 7.8276 | lr 2.11e-04 | grad 1.42 | 1.1k tok/s (avg 0.9k) | cert 0.25→0.50 | ticks [6.438 5.719 5.438 5.469 5.500 5.719 5.500 5.500] | Δticks -0.938 | ETA 39.8h
step  74660 | loss 9.7579 | lr 2.11e-04 | grad 1.19 | 0.8k tok/s (avg 0.9k) | cert 0.29→0.45 | ticks [6.531 5.406 5.219 5.188 5.188 5.312 5.125 5.469] | Δticks -1.062 | ETA 39.8h
step  74670 | loss 8.6853 | lr 2.11e-04 | grad 1.19 | 1.1k tok/s (avg 0.9k) | cert 0.35→0.48 | ticks [5.594 4.688 4.562 4.688 4.750 4.781 4.750 4.844] | Δticks -0.750 | ETA 39.8h
step  74680 | loss 9.5662 | lr 2.11e-04 | grad 1.26 | 0.8k tok/s (avg 0.9k) | cert 0.46→0.65 | ticks [5.469 4.594 4.594 4.625 4.438 4.812 4.656 4.562] | Δticks -0.906 | ETA 39.8h
step  74690 | loss 8.0443 | lr 2.11e-04 | grad 1.20 | 0.8k tok/s (avg 0.9k) | cert 0.36→0.54 | ticks [5.594 5.000 4.781 4.906 4.875 5.062 4.906 4.938] | Δticks -0.656 | ETA 39.8h
step  74700 | loss 10.6057 | lr 2.11e-04 | grad 1.20 | 1.1k tok/s (avg 0.9k) | cert 0.45→0.56 | ticks [4.969 4.375 4.219 4.281 4.312 4.531 4.375 4.500] | Δticks -0.469 | ETA 39.8h
step  74710 | loss 7.2851 | lr 2.11e-04 | grad 1.29 | 0.8k tok/s (avg 0.9k) | cert 0.43→0.66 | ticks [5.031 4.094 4.188 4.188 3.969 4.406 4.125 4.062] | Δticks -0.969 | ETA 39.8h
step  74720 | loss 8.9089 | lr 2.11e-04 | grad 1.22 | 0.8k tok/s (avg 0.9k) | cert 0.41→0.57 | ticks [5.094 4.562 4.438 4.406 4.344 4.562 4.438 4.438] | Δticks -0.656 | ETA 39.8h
step  74730 | loss 7.6414 | lr 2.11e-04 | grad 1.22 | 1.1k tok/s (avg 0.9k) | cert 0.39→0.67 | ticks [4.438 3.578 3.469 3.641 3.547 3.891 3.688 3.453] | Δticks -0.984 | ETA 39.8h
step  74740 | loss 6.3793 | lr 2.11e-04 | grad 1.32 | 0.8k tok/s (avg 0.9k) | cert 0.29→0.57 | ticks [5.219 4.281 4.062 4.094 4.062 4.406 4.281 4.156] | Δticks -1.062 | ETA 39.8h
step  74750 | loss 6.8279 | lr 2.11e-04 | grad 1.32 | 1.1k tok/s (avg 0.9k) | cert 0.40→0.63 | ticks [4.719 3.891 3.859 3.812 3.844 4.219 4.031 3.906] | Δticks -0.812 | ETA 39.7h
step  74760 | loss 9.8213 | lr 2.11e-04 | grad 1.32 | 0.8k tok/s (avg 0.9k) | cert 0.32→0.62 | ticks [5.719 4.688 4.812 4.781 4.781 5.000 5.031 4.781] | Δticks -0.938 | ETA 39.7h
step  74770 | loss 8.2941 | lr 2.11e-04 | grad 1.41 | 0.8k tok/s (avg 0.9k) | cert 0.40→0.61 | ticks [5.812 4.906 5.031 5.031 4.844 5.156 5.250 5.062] | Δticks -0.750 | ETA 39.8h
step  74780 | loss 8.2889 | lr 2.11e-04 | grad 1.41 | 1.1k tok/s (avg 0.9k) | cert 0.27→0.53 | ticks [6.000 5.094 4.875 5.094 4.969 5.312 5.156 5.031] | Δticks -0.969 | ETA 39.7h
step  74790 | loss 7.1293 | lr 2.11e-04 | grad 1.16 | 0.8k tok/s (avg 0.9k) | cert 0.57→0.66 | ticks [3.844 3.703 3.672 3.688 3.375 3.578 3.766 3.578] | Δticks -0.266 | ETA 39.7h
step  74800 | loss 8.2216 | lr 2.11e-04 | grad 1.55 | 0.8k tok/s (avg 0.9k) | cert 0.33→0.59 | ticks [6.094 4.969 4.844 5.062 5.000 5.125 5.156 4.875] | Δticks -1.219 | ETA 39.7h
step  74810 | loss 6.2870 | lr 2.11e-04 | grad 1.55 | 1.1k tok/s (avg 0.9k) | cert 0.47→0.64 | ticks [4.031 3.375 3.234 3.312 3.234 3.578 3.438 3.328] | Δticks -0.703 | ETA 39.7h
step  74820 | loss 7.3935 | lr 2.11e-04 | grad 1.24 | 0.8k tok/s (avg 0.9k) | cert 0.55→0.67 | ticks [4.375 3.672 3.844 3.984 3.781 4.312 3.953 3.750] | Δticks -0.625 | ETA 39.7h
step  74830 | loss 8.2850 | lr 2.11e-04 | grad 1.24 | 1.1k tok/s (avg 0.9k) | cert 0.30→0.55 | ticks [5.250 4.062 3.922 3.906 4.000 4.062 4.031 3.969] | Δticks -1.281 | ETA 39.7h
step  74840 | loss 8.3971 | lr 2.10e-04 | grad 1.32 | 0.8k tok/s (avg 0.9k) | cert 0.43→0.61 | ticks [4.719 4.156 4.156 4.031 4.188 4.438 4.219 4.094] | Δticks -0.625 | ETA 39.7h
step  74850 | loss 7.8446 | lr 2.10e-04 | grad 1.27 | 0.8k tok/s (avg 0.9k) | cert 0.24→0.47 | ticks [6.562 5.375 5.156 5.156 5.219 5.375 5.312 5.344] | Δticks -1.219 | ETA 39.7h
step  74860 | loss 8.6163 | lr 2.10e-04 | grad 1.27 | 1.1k tok/s (avg 0.9k) | cert 0.48→0.63 | ticks [4.781 4.312 4.250 4.062 4.094 4.375 4.188 4.156] | Δticks -0.625 | ETA 39.7h
step  74870 | loss 9.5365 | lr 2.10e-04 | grad 1.58 | 0.8k tok/s (avg 0.9k) | cert 0.37→0.53 | ticks [5.656 4.812 4.531 4.688 4.750 4.969 4.656 4.781] | Δticks -0.875 | ETA 39.7h
step  74880 | loss 10.6032 | lr 2.10e-04 | grad 1.42 | 0.8k tok/s (avg 0.9k) | cert 0.45→0.60 | ticks [5.500 5.062 4.875 5.000 4.906 5.188 5.031 4.875] | Δticks -0.625 | ETA 39.7h
step  74890 | loss 8.2189 | lr 2.10e-04 | grad 1.42 | 1.1k tok/s (avg 0.9k) | cert 0.50→0.62 | ticks [5.312 4.656 4.656 4.750 4.469 4.812 4.812 4.562] | Δticks -0.750 | ETA 39.7h
step  74900 | loss 6.4807 | lr 2.10e-04 | grad 1.30 | 0.8k tok/s (avg 0.9k) | cert 0.55→0.66 | ticks [3.172 2.562 2.625 2.656 2.375 2.875 2.703 2.688] | Δticks -0.484 | ETA 39.7h
step  74910 | loss 9.9346 | lr 2.10e-04 | grad 1.30 | 1.1k tok/s (avg 0.9k) | cert 0.47→0.62 | ticks [5.500 4.594 4.531 4.812 4.594 4.844 4.719 4.688] | Δticks -0.812 | ETA 39.7h
step  74920 | loss 11.7344 | lr 2.10e-04 | grad 1.37 | 0.8k tok/s (avg 0.9k) | cert 0.48→0.65 | ticks [4.500 4.094 4.031 4.000 3.859 4.406 4.281 3.797] | Δticks -0.703 | ETA 39.7h
step  74930 | loss 6.3513 | lr 2.10e-04 | grad 1.39 | 0.8k tok/s (avg 0.9k) | cert 0.22→0.49 | ticks [6.312 5.000 4.781 4.844 4.875 4.969 4.938 4.969] | Δticks -1.344 | ETA 39.7h
step  74940 | loss 6.6293 | lr 2.10e-04 | grad 1.39 | 1.1k tok/s (avg 0.9k) | cert 0.33→0.62 | ticks [4.844 3.781 3.906 3.844 3.750 4.062 4.031 3.812] | Δticks -1.031 | ETA 39.7h
step  74950 | loss 6.7882 | lr 2.10e-04 | grad 1.34 | 0.8k tok/s (avg 0.9k) | cert 0.52→0.68 | ticks [4.156 3.734 3.625 3.531 3.312 3.844 3.734 3.516] | Δticks -0.641 | ETA 39.7h
step  74960 | loss 10.3163 | lr 2.10e-04 | grad 1.22 | 0.8k tok/s (avg 0.9k) | cert 0.70→0.71 | ticks [3.797 3.422 3.328 3.500 3.391 3.812 3.719 3.234] | Δticks -0.562 | ETA 39.7h
step  74970 | loss 7.6878 | lr 2.10e-04 | grad 1.22 | 1.1k tok/s (avg 0.9k) | cert 0.31→0.53 | ticks [6.375 5.719 5.438 5.469 5.469 5.750 5.500 5.469] | Δticks -0.906 | ETA 39.7h
step  74980 | loss 7.7518 | lr 2.10e-04 | grad 1.34 | 0.8k tok/s (avg 0.9k) | cert 0.36→0.54 | ticks [5.781 5.125 4.938 4.969 5.000 5.344 5.062 5.062] | Δticks -0.719 | ETA 39.7h
step  74990 | loss 6.2417 | lr 2.10e-04 | grad 1.34 | 1.1k tok/s (avg 0.9k) | cert 0.28→0.58 | ticks [5.500 4.188 4.094 4.000 4.094 4.562 4.188 4.031] | Δticks -1.469 | ETA 39.7h
step  75000 | loss 7.7861 | lr 2.10e-04 | grad 1.30 | 0.8k tok/s (avg 0.9k) | cert 0.40→0.64 | ticks [4.875 4.062 4.031 4.062 4.125 4.375 4.219 4.062] | Δticks -0.812 | ETA 39.7h
  Saved checkpoint at step 75000
step  75010 | loss 8.4655 | lr 2.10e-04 | grad 1.30 | 0.7k tok/s (avg 0.9k) | cert 0.48→0.55 | ticks [5.062 4.531 4.219 4.406 4.281 4.531 4.312 4.344] | Δticks -0.719 | ETA 39.7h
step  75020 | loss 7.4191 | lr 2.10e-04 | grad 1.30 | 1.1k tok/s (avg 0.9k) | cert 0.29→0.48 | ticks [6.312 5.594 5.156 5.281 5.438 5.781 5.344 5.500] | Δticks -0.812 | ETA 39.7h
step  75030 | loss 11.3237 | lr 2.10e-04 | grad 1.37 | 0.8k tok/s (avg 0.9k) | cert 0.67→0.69 | ticks [3.516 3.219 3.141 3.391 3.391 3.656 3.516 3.219] | Δticks -0.297 | ETA 39.7h
step  75040 | loss 7.5955 | lr 2.10e-04 | grad 1.25 | 0.8k tok/s (avg 0.9k) | cert 0.33→0.52 | ticks [4.906 3.875 4.031 4.125 4.188 4.312 4.156 4.156] | Δticks -0.750 | ETA 39.7h
step  75050 | loss 9.8245 | lr 2.10e-04 | grad 1.25 | 1.1k tok/s (avg 0.9k) | cert 0.40→0.61 | ticks [5.312 4.500 4.469 4.531 4.469 4.812 4.594 4.500] | Δticks -0.812 | ETA 39.7h
step  75060 | loss 7.0997 | lr 2.10e-04 | grad 1.22 | 0.8k tok/s (avg 0.9k) | cert 0.17→0.48 | ticks [7.000 5.406 5.312 5.438 5.469 5.688 5.562 5.469] | Δticks -1.531 | ETA 39.7h
step  75070 | loss 7.6542 | lr 2.10e-04 | grad 1.22 | 1.1k tok/s (avg 0.9k) | cert 0.27→0.51 | ticks [6.781 5.875 5.594 5.625 5.688 6.031 5.781 5.781] | Δticks -1.000 | ETA 39.7h
step  75080 | loss 10.1730 | lr 2.10e-04 | grad 1.27 | 0.8k tok/s (avg 0.9k) | cert 0.51→0.64 | ticks [4.969 4.250 4.312 4.281 4.188 4.594 4.438 4.281] | Δticks -0.688 | ETA 39.7h
step  75090 | loss 8.1907 | lr 2.10e-04 | grad 1.33 | 0.8k tok/s (avg 0.9k) | cert 0.29→0.58 | ticks [5.594 4.500 4.469 4.406 4.469 4.781 4.562 4.531] | Δticks -1.062 | ETA 39.7h
step  75100 | loss 8.5492 | lr 2.10e-04 | grad 1.33 | 1.1k tok/s (avg 0.9k) | cert 0.67→0.68 | ticks [3.344 3.016 3.109 3.250 2.938 3.172 3.375 3.266] | Δticks -0.078 | ETA 39.6h
step  75110 | loss 6.9356 | lr 2.10e-04 | grad 1.22 | 0.8k tok/s (avg 0.9k) | cert 0.34→0.59 | ticks [4.656 3.375 3.391 3.484 3.422 3.531 3.531 3.453] | Δticks -1.203 | ETA 39.6h
step  75120 | loss 7.1218 | lr 2.10e-04 | grad 1.28 | 0.8k tok/s (avg 0.9k) | cert 0.35→0.57 | ticks [5.469 4.625 4.625 4.500 4.531 4.844 4.719 4.562] | Δticks -0.906 | ETA 39.6h
step  75130 | loss 7.7315 | lr 2.10e-04 | grad 1.28 | 1.1k tok/s (avg 0.9k) | cert 0.51→0.66 | ticks [4.219 3.625 3.562 3.766 3.594 4.000 3.797 3.578] | Δticks -0.641 | ETA 39.6h
step  75140 | loss 14.0416 | lr 2.10e-04 | grad 1.24 | 0.8k tok/s (avg 0.9k) | cert 0.43→0.46 | ticks [5.594 5.188 4.938 5.031 4.906 5.219 5.156 5.281] | Δticks -0.312 | ETA 39.6h
step  75150 | loss 8.8602 | lr 2.10e-04 | grad 1.24 | 1.1k tok/s (avg 0.9k) | cert 0.37→0.55 | ticks [5.281 4.906 4.656 4.688 4.531 4.938 4.625 4.656] | Δticks -0.625 | ETA 39.6h
step  75160 | loss 8.9868 | lr 2.10e-04 | grad 1.30 | 0.8k tok/s (avg 0.9k) | cert 0.45→0.56 | ticks [5.812 5.438 5.250 5.469 5.188 5.625 5.469 5.375] | Δticks -0.438 | ETA 39.6h
step  75170 | loss 6.0404 | lr 2.10e-04 | grad 1.41 | 0.8k tok/s (avg 0.9k) | cert 0.50→0.60 | ticks [5.031 4.062 3.938 3.984 3.812 3.922 3.875 4.000] | Δticks -1.031 | ETA 39.6h
step  75180 | loss 6.8613 | lr 2.10e-04 | grad 1.41 | 1.1k tok/s (avg 0.9k) | cert 0.34→0.52 | ticks [5.969 5.188 4.875 4.969 5.031 5.219 5.125 5.094] | Δticks -0.875 | ETA 39.6h
step  75190 | loss 6.4979 | lr 2.10e-04 | grad 1.56 | 0.8k tok/s (avg 0.9k) | cert 0.34→0.57 | ticks [5.375 4.375 4.281 4.188 4.312 4.625 4.500 4.312] | Δticks -1.062 | ETA 39.6h
step  75200 | loss 5.9641 | lr 2.10e-04 | grad 1.27 | 0.8k tok/s (avg 0.9k) | cert 0.35→0.60 | ticks [4.969 3.984 3.891 3.922 3.938 4.219 4.000 3.969] | Δticks -1.000 | ETA 39.6h
step  75210 | loss 7.5241 | lr 2.10e-04 | grad 1.27 | 1.1k tok/s (avg 0.9k) | cert 0.24→0.48 | ticks [7.062 5.594 5.562 5.625 5.562 5.688 5.625 5.781] | Δticks -1.281 | ETA 39.6h
step  75220 | loss 6.1202 | lr 2.10e-04 | grad 1.38 | 0.8k tok/s (avg 0.9k) | cert 0.45→0.62 | ticks [4.625 3.953 3.875 3.859 3.812 4.062 4.031 3.953] | Δticks -0.672 | ETA 39.6h
step  75230 | loss 7.5904 | lr 2.10e-04 | grad 1.38 | 1.1k tok/s (avg 0.9k) | cert 0.50→0.64 | ticks [4.406 3.781 3.531 3.766 3.719 3.938 3.734 3.812] | Δticks -0.594 | ETA 39.6h
step  75240 | loss 8.0309 | lr 2.10e-04 | grad 1.41 | 0.8k tok/s (avg 0.9k) | cert 0.33→0.53 | ticks [6.031 5.250 5.125 5.125 5.188 5.469 5.219 5.250] | Δticks -0.781 | ETA 39.6h
step  75250 | loss 9.1266 | lr 2.10e-04 | grad 1.44 | 0.8k tok/s (avg 0.9k) | cert 0.39→0.50 | ticks [5.781 5.125 4.969 5.125 5.125 5.281 5.281 5.375] | Δticks -0.406 | ETA 39.6h
step  75260 | loss 13.2979 | lr 2.10e-04 | grad 1.44 | 1.1k tok/s (avg 0.9k) | cert 0.52→0.60 | ticks [4.688 4.188 4.250 4.219 4.219 4.438 4.438 4.438] | Δticks -0.250 | ETA 39.6h
step  75270 | loss 6.9871 | lr 2.10e-04 | grad 1.40 | 0.8k tok/s (avg 0.9k) | cert 0.45→0.64 | ticks [5.062 4.375 4.250 4.250 4.156 4.688 4.531 4.312] | Δticks -0.750 | ETA 39.6h
step  75280 | loss 10.9186 | lr 2.10e-04 | grad 1.49 | 0.8k tok/s (avg 0.9k) | cert 0.56→0.66 | ticks [5.031 4.469 4.438 4.531 4.250 4.656 4.500 4.438] | Δticks -0.594 | ETA 39.6h
step  75290 | loss 11.0093 | lr 2.10e-04 | grad 1.49 | 1.1k tok/s (avg 0.9k) | cert 0.42→0.57 | ticks [5.031 4.375 4.438 4.438 4.469 4.781 4.531 4.500] | Δticks -0.531 | ETA 39.6h
step  75300 | loss 7.5688 | lr 2.09e-04 | grad 1.37 | 0.8k tok/s (avg 0.9k) | cert 0.36→0.62 | ticks [5.156 4.312 4.062 4.000 4.031 4.438 4.281 4.188] | Δticks -0.969 | ETA 39.6h
step  75310 | loss 8.6365 | lr 2.09e-04 | grad 1.37 | 1.1k tok/s (avg 0.9k) | cert 0.43→0.64 | ticks [5.625 4.969 5.031 4.938 4.875 5.281 5.062 4.938] | Δticks -0.688 | ETA 39.6h
step  75320 | loss 6.7118 | lr 2.09e-04 | grad 1.42 | 0.8k tok/s (avg 0.9k) | cert 0.33→0.52 | ticks [5.625 4.719 4.562 4.812 4.844 4.938 4.750 4.781] | Δticks -0.844 | ETA 39.6h
step  75330 | loss 11.8496 | lr 2.09e-04 | grad 1.47 | 0.8k tok/s (avg 0.9k) | cert 0.54→0.59 | ticks [4.625 4.281 4.156 4.250 4.094 4.594 4.250 4.281] | Δticks -0.344 | ETA 39.6h
step  75340 | loss 7.5186 | lr 2.09e-04 | grad 1.47 | 1.1k tok/s (avg 0.9k) | cert 0.49→0.65 | ticks [4.625 4.344 3.844 3.938 3.969 4.406 4.094 4.000] | Δticks -0.625 | ETA 39.6h
step  75350 | loss 6.1793 | lr 2.09e-04 | grad 1.35 | 0.8k tok/s (avg 0.9k) | cert 0.38→0.64 | ticks [4.906 4.281 3.953 3.938 3.906 4.188 3.922 3.828] | Δticks -1.078 | ETA 39.6h
step  75360 | loss 10.5452 | lr 2.09e-04 | grad 1.30 | 0.8k tok/s (avg 0.9k) | cert 0.54→0.60 | ticks [4.469 4.000 3.844 3.844 3.891 4.219 3.953 3.891] | Δticks -0.578 | ETA 39.6h
step  75370 | loss 9.3583 | lr 2.09e-04 | grad 1.30 | 1.1k tok/s (avg 0.9k) | cert 0.43→0.59 | ticks [4.719 4.125 4.094 3.984 4.281 4.594 4.406 4.062] | Δticks -0.656 | ETA 39.6h
step  75380 | loss 7.1776 | lr 2.09e-04 | grad 1.36 | 0.8k tok/s (avg 0.9k) | cert 0.43→0.65 | ticks [5.406 4.500 4.375 4.312 4.281 4.688 4.344 4.250] | Δticks -1.156 | ETA 39.6h
step  75390 | loss 9.0253 | lr 2.09e-04 | grad 1.36 | 1.1k tok/s (avg 0.9k) | cert 0.40→0.60 | ticks [5.375 4.438 4.344 4.594 4.750 5.094 4.719 4.406] | Δticks -0.969 | ETA 39.5h
step  75400 | loss 8.2766 | lr 2.09e-04 | grad 1.48 | 0.8k tok/s (avg 0.9k) | cert 0.41→0.57 | ticks [5.062 4.312 4.219 4.344 4.375 4.594 4.438 4.344] | Δticks -0.719 | ETA 39.5h
step  75410 | loss 9.0439 | lr 2.09e-04 | grad 1.45 | 0.8k tok/s (avg 0.9k) | cert 0.45→0.53 | ticks [5.062 4.656 4.625 4.750 4.500 4.812 4.688 4.750] | Δticks -0.312 | ETA 39.6h
step  75420 | loss 9.4727 | lr 2.09e-04 | grad 1.45 | 1.1k tok/s (avg 0.9k) | cert 0.57→0.62 | ticks [4.438 4.312 4.062 4.031 3.953 4.250 4.094 3.906] | Δticks -0.531 | ETA 39.5h
step  75430 | loss 10.3079 | lr 2.09e-04 | grad 1.81 | 0.8k tok/s (avg 0.9k) | cert 0.51→0.65 | ticks [5.125 4.625 4.500 4.500 4.531 4.844 4.688 4.469] | Δticks -0.656 | ETA 39.5h
step  75440 | loss 7.7744 | lr 2.09e-04 | grad 1.48 | 0.8k tok/s (avg 0.9k) | cert 0.33→0.53 | ticks [5.875 5.250 5.031 5.094 5.062 5.406 5.156 5.094] | Δticks -0.781 | ETA 39.5h
step  75450 | loss 8.6221 | lr 2.09e-04 | grad 1.48 | 1.1k tok/s (avg 0.9k) | cert 0.51→0.67 | ticks [4.562 3.797 3.734 3.766 3.656 4.062 3.938 3.641] | Δticks -0.922 | ETA 39.5h
step  75460 | loss 7.1019 | lr 2.09e-04 | grad 1.29 | 0.8k tok/s (avg 0.9k) | cert 0.24→0.54 | ticks [6.625 5.438 5.312 5.469 5.344 5.625 5.406 5.438] | Δticks -1.188 | ETA 39.5h
step  75470 | loss 8.1024 | lr 2.09e-04 | grad 1.29 | 1.1k tok/s (avg 0.9k) | cert 0.32→0.48 | ticks [5.531 4.875 4.750 4.875 5.094 5.125 4.875 5.125] | Δticks -0.406 | ETA 39.5h
step  75480 | loss 8.1206 | lr 2.09e-04 | grad 1.38 | 0.8k tok/s (avg 0.9k) | cert 0.30→0.53 | ticks [6.375 5.375 5.281 5.312 5.344 5.625 5.406 5.344] | Δticks -1.031 | ETA 39.5h
step  75490 | loss 7.8089 | lr 2.09e-04 | grad 1.32 | 0.8k tok/s (avg 0.9k) | cert 0.52→0.67 | ticks [4.844 4.250 4.219 4.219 4.219 4.500 4.469 4.156] | Δticks -0.688 | ETA 39.5h
step  75500 | loss 7.4072 | lr 2.09e-04 | grad 1.32 | 1.1k tok/s (avg 0.9k) | cert 0.57→0.68 | ticks [4.312 3.891 3.891 3.938 3.719 4.125 4.062 3.875] | Δticks -0.438 | ETA 39.5h
step  75510 | loss 8.7362 | lr 2.09e-04 | grad 1.42 | 0.8k tok/s (avg 0.9k) | cert 0.34→0.57 | ticks [5.688 4.812 4.688 4.719 4.750 5.062 4.938 4.750] | Δticks -0.938 | ETA 39.5h
step  75520 | loss 10.2061 | lr 2.09e-04 | grad 1.34 | 0.8k tok/s (avg 0.9k) | cert 0.64→0.64 | ticks [3.578 3.391 3.297 3.500 3.422 3.766 3.672 3.453] | Δticks -0.125 | ETA 39.5h
step  75530 | loss 7.4903 | lr 2.09e-04 | grad 1.34 | 1.1k tok/s (avg 0.9k) | cert 0.36→0.62 | ticks [5.688 4.656 4.500 4.469 4.625 4.938 4.781 4.500] | Δticks -1.188 | ETA 39.5h
step  75540 | loss 8.0488 | lr 2.09e-04 | grad 1.62 | 0.8k tok/s (avg 0.9k) | cert 0.48→0.63 | ticks [5.094 4.031 4.094 4.219 4.219 4.469 4.438 4.281] | Δticks -0.812 | ETA 39.5h
step  75550 | loss 10.5568 | lr 2.09e-04 | grad 1.62 | 1.1k tok/s (avg 0.9k) | cert 0.32→0.52 | ticks [6.281 5.406 5.281 5.281 5.375 5.625 5.469 5.469] | Δticks -0.812 | ETA 39.5h
step  75560 | loss 7.5690 | lr 2.09e-04 | grad 1.58 | 0.8k tok/s (avg 0.9k) | cert 0.51→0.66 | ticks [4.719 4.094 3.953 3.953 3.734 4.250 4.188 3.844] | Δticks -0.875 | ETA 39.5h
step  75570 | loss 7.9306 | lr 2.09e-04 | grad 1.48 | 0.8k tok/s (avg 0.9k) | cert 0.46→0.59 | ticks [5.531 4.500 4.438 4.531 4.438 4.875 4.594 4.531] | Δticks -1.000 | ETA 39.5h
step  75580 | loss 7.1449 | lr 2.09e-04 | grad 1.48 | 1.1k tok/s (avg 0.9k) | cert 0.28→0.51 | ticks [6.219 5.344 5.125 5.219 5.219 5.562 5.312 5.344] | Δticks -0.875 | ETA 39.5h
step  75590 | loss 10.0912 | lr 2.09e-04 | grad 1.37 | 0.8k tok/s (avg 0.9k) | cert 0.49→0.64 | ticks [5.156 4.375 4.094 4.219 4.094 4.438 4.125 4.125] | Δticks -1.031 | ETA 39.5h
step  75600 | loss 5.8663 | lr 2.09e-04 | grad 1.49 | 0.8k tok/s (avg 0.9k) | cert 0.45→0.69 | ticks [4.562 3.969 3.969 3.906 3.656 4.062 3.859 3.734] | Δticks -0.828 | ETA 39.5h
step  75610 | loss 9.6664 | lr 2.09e-04 | grad 1.49 | 1.1k tok/s (avg 0.9k) | cert 0.33→0.46 | ticks [5.812 5.250 5.188 5.281 5.375 5.500 5.375 5.438] | Δticks -0.375 | ETA 39.5h
step  75620 | loss 8.9856 | lr 2.09e-04 | grad 1.38 | 0.8k tok/s (avg 0.9k) | cert 0.31→0.46 | ticks [5.844 5.281 5.156 5.375 5.344 5.500 5.406 5.625] | Δticks -0.219 | ETA 39.5h
step  75630 | loss 6.9160 | lr 2.09e-04 | grad 1.38 | 1.1k tok/s (avg 0.9k) | cert 0.37→0.62 | ticks [5.281 4.281 4.219 4.125 4.094 4.500 4.406 4.188] | Δticks -1.094 | ETA 39.5h
step  75640 | loss 8.0913 | lr 2.09e-04 | grad 1.41 | 0.8k tok/s (avg 0.9k) | cert 0.47→0.63 | ticks [5.062 4.094 4.125 4.219 4.156 4.688 4.375 4.344] | Δticks -0.719 | ETA 39.5h
step  75650 | loss 8.4644 | lr 2.09e-04 | grad 1.53 | 0.8k tok/s (avg 0.9k) | cert 0.43→0.54 | ticks [5.094 4.438 4.438 4.438 4.406 4.656 4.656 4.562] | Δticks -0.531 | ETA 39.5h
step  75660 | loss 9.1477 | lr 2.09e-04 | grad 1.53 | 1.1k tok/s (avg 0.9k) | cert 0.43→0.57 | ticks [4.938 4.500 4.406 4.469 4.562 4.812 4.625 4.531] | Δticks -0.406 | ETA 39.5h
step  75670 | loss 8.2663 | lr 2.09e-04 | grad 1.52 | 0.8k tok/s (avg 0.9k) | cert 0.37→0.62 | ticks [5.812 4.812 4.781 4.781 4.781 5.125 5.000 4.750] | Δticks -1.062 | ETA 39.5h
step  75680 | loss 7.3505 | lr 2.09e-04 | grad 1.48 | 0.8k tok/s (avg 0.9k) | cert 0.34→0.52 | ticks [5.688 5.062 4.875 4.875 4.938 5.156 4.938 4.875] | Δticks -0.812 | ETA 39.5h
step  75690 | loss 7.8968 | lr 2.09e-04 | grad 1.48 | 1.1k tok/s (avg 0.9k) | cert 0.35→0.55 | ticks [5.875 5.000 4.906 4.938 5.062 5.312 5.156 5.156] | Δticks -0.719 | ETA 39.5h
step  75700 | loss 5.8491 | lr 2.09e-04 | grad 1.55 | 0.8k tok/s (avg 0.9k) | cert 0.44→0.65 | ticks [4.125 3.531 3.359 3.312 3.344 3.688 3.516 3.250] | Δticks -0.875 | ETA 39.5h
step  75710 | loss 7.2466 | lr 2.09e-04 | grad 1.55 | 1.1k tok/s (avg 0.9k) | cert 0.40→0.55 | ticks [5.094 4.625 4.406 4.562 4.531 4.906 4.594 4.594] | Δticks -0.500 | ETA 39.4h
step  75720 | loss 6.6939 | lr 2.09e-04 | grad 1.41 | 0.8k tok/s (avg 0.9k) | cert 0.46→0.66 | ticks [4.781 4.188 3.906 3.938 3.828 4.375 4.156 3.844] | Δticks -0.938 | ETA 39.4h
step  75730 | loss 6.5327 | lr 2.09e-04 | grad 1.47 | 0.8k tok/s (avg 0.9k) | cert 0.53→0.68 | ticks [4.094 3.734 3.516 3.641 3.562 3.906 3.906 3.500] | Δticks -0.594 | ETA 39.4h
step  75740 | loss 7.1162 | lr 2.09e-04 | grad 1.47 | 1.1k tok/s (avg 0.9k) | cert 0.55→0.71 | ticks [4.250 3.641 3.516 3.547 3.203 3.594 3.609 3.547] | Δticks -0.703 | ETA 39.4h
step  75750 | loss 8.9767 | lr 2.09e-04 | grad 1.41 | 0.8k tok/s (avg 0.9k) | cert 0.32→0.46 | ticks [6.938 5.938 5.969 6.094 5.844 6.062 6.125 6.094] | Δticks -0.844 | ETA 39.4h
step  75760 | loss 6.5676 | lr 2.08e-04 | grad 1.28 | 0.8k tok/s (avg 0.9k) | cert 0.36→0.61 | ticks [5.375 4.438 4.281 4.344 4.375 4.781 4.531 4.250] | Δticks -1.125 | ETA 39.4h
step  75770 | loss 7.9669 | lr 2.08e-04 | grad 1.28 | 1.1k tok/s (avg 0.9k) | cert 0.31→0.44 | ticks [6.125 5.188 5.031 4.969 5.188 5.250 5.312 5.406] | Δticks -0.719 | ETA 39.4h
step  75780 | loss 7.0965 | lr 2.08e-04 | grad 1.41 | 0.8k tok/s (avg 0.9k) | cert 0.29→0.59 | ticks [6.000 5.000 4.938 5.000 4.969 5.500 5.031 4.844] | Δticks -1.156 | ETA 39.4h
step  75790 | loss 7.7330 | lr 2.08e-04 | grad 1.41 | 1.1k tok/s (avg 0.9k) | cert 0.53→0.64 | ticks [4.656 3.938 3.953 3.984 3.891 4.375 4.062 3.922] | Δticks -0.734 | ETA 39.4h
step  75800 | loss 7.8633 | lr 2.08e-04 | grad 1.39 | 0.8k tok/s (avg 0.9k) | cert 0.31→0.59 | ticks [6.312 5.062 4.938 5.000 4.969 5.438 5.156 5.031] | Δticks -1.281 | ETA 39.4h
step  75810 | loss 7.9615 | lr 2.08e-04 | grad 1.41 | 0.8k tok/s (avg 0.9k) | cert 0.30→0.61 | ticks [5.500 4.562 4.594 4.469 4.438 4.812 4.625 4.531] | Δticks -0.969 | ETA 39.4h
step  75820 | loss 6.6528 | lr 2.08e-04 | grad 1.41 | 1.1k tok/s (avg 0.9k) | cert 0.44→0.63 | ticks [4.750 4.062 3.938 4.031 3.938 4.375 4.156 3.969] | Δticks -0.781 | ETA 39.4h
step  75830 | loss 7.3327 | lr 2.08e-04 | grad 1.38 | 0.8k tok/s (avg 0.9k) | cert 0.54→0.70 | ticks [4.219 3.734 3.672 3.594 3.438 3.672 3.812 3.641] | Δticks -0.578 | ETA 39.4h
step  75840 | loss 7.1269 | lr 2.08e-04 | grad 1.40 | 0.8k tok/s (avg 0.9k) | cert 0.34→0.59 | ticks [4.656 4.094 3.938 3.828 3.891 4.125 3.938 3.734] | Δticks -0.922 | ETA 39.4h
step  75850 | loss 9.5838 | lr 2.08e-04 | grad 1.40 | 1.1k tok/s (avg 0.9k) | cert 0.23→0.47 | ticks [7.125 6.531 6.250 6.344 6.406 6.656 6.438 6.531] | Δticks -0.594 | ETA 39.4h
step  75860 | loss 7.0869 | lr 2.08e-04 | grad 1.35 | 0.8k tok/s (avg 0.9k) | cert 0.34→0.52 | ticks [5.094 4.281 4.219 4.219 4.250 4.469 4.375 4.344] | Δticks -0.750 | ETA 39.4h
step  75870 | loss 6.0871 | lr 2.08e-04 | grad 1.35 | 1.1k tok/s (avg 0.9k) | cert 0.42→0.66 | ticks [4.531 3.766 3.641 3.625 3.578 3.859 3.734 3.562] | Δticks -0.969 | ETA 39.4h
step  75880 | loss 7.4377 | lr 2.08e-04 | grad 1.29 | 0.8k tok/s (avg 0.9k) | cert 0.55→0.70 | ticks [4.344 3.906 3.750 3.672 3.531 3.750 3.875 3.672] | Δticks -0.672 | ETA 39.4h
step  75890 | loss 7.8884 | lr 2.08e-04 | grad 1.33 | 0.8k tok/s (avg 0.9k) | cert 0.21→0.49 | ticks [6.844 6.031 5.656 5.781 5.688 6.062 5.750 5.844] | Δticks -1.000 | ETA 39.4h
step  75900 | loss 14.7667 | lr 2.08e-04 | grad 1.33 | 1.1k tok/s (avg 0.9k) | cert 0.48→0.52 | ticks [4.594 4.125 4.000 4.156 4.031 4.531 4.406 4.406] | Δticks -0.188 | ETA 39.4h
step  75910 | loss 7.9225 | lr 2.08e-04 | grad 1.52 | 0.8k tok/s (avg 0.9k) | cert 0.45→0.66 | ticks [4.656 4.094 3.828 3.891 3.797 4.156 4.031 3.969] | Δticks -0.688 | ETA 39.4h
step  75920 | loss 5.8255 | lr 2.08e-04 | grad 1.33 | 0.8k tok/s (avg 0.9k) | cert 0.54→0.68 | ticks [4.094 3.578 3.531 3.516 3.297 3.625 3.734 3.453] | Δticks -0.641 | ETA 39.4h
step  75930 | loss 6.4053 | lr 2.08e-04 | grad 1.33 | 1.1k tok/s (avg 0.9k) | cert 0.59→0.71 | ticks [4.062 3.531 3.516 3.469 3.188 3.547 3.594 3.484] | Δticks -0.578 | ETA 39.4h
step  75940 | loss 8.4347 | lr 2.08e-04 | grad 1.34 | 0.8k tok/s (avg 0.9k) | cert 0.32→0.51 | ticks [6.281 5.438 5.219 5.438 5.375 5.750 5.375 5.438] | Δticks -0.844 | ETA 39.4h
step  75950 | loss 6.6977 | lr 2.08e-04 | grad 1.34 | 1.1k tok/s (avg 0.9k) | cert 0.44→0.66 | ticks [4.781 4.031 3.828 3.891 3.781 4.188 3.969 3.844] | Δticks -0.938 | ETA 39.4h
step  75960 | loss 3.6204 | lr 2.08e-04 | grad 1.55 | 0.8k tok/s (avg 0.9k) | cert 0.65→0.60 | ticks [2.438 2.828 3.125 3.219 2.641 3.266 2.844 3.219] | Δticks +0.781 | ETA 39.4h
step  75970 | loss 12.0946 | lr 2.08e-04 | grad 1.25 | 0.8k tok/s (avg 0.9k) | cert 0.74→0.75 | ticks [3.812 3.578 3.766 3.781 3.484 3.922 3.781 3.422] | Δticks -0.391 | ETA 39.4h
step  75980 | loss 6.8310 | lr 2.08e-04 | grad 1.25 | 1.1k tok/s (avg 0.9k) | cert 0.34→0.59 | ticks [4.844 3.594 3.562 3.750 3.719 3.812 3.828 3.766] | Δticks -1.078 | ETA 39.4h
step  75990 | loss 6.8138 | lr 2.08e-04 | grad 1.56 | 0.8k tok/s (avg 0.9k) | cert 0.43→0.57 | ticks [4.906 4.281 4.188 4.312 4.250 4.375 4.219 4.188] | Δticks -0.719 | ETA 39.4h
step  76000 | loss 8.9014 | lr 2.08e-04 | grad 1.41 | 0.8k tok/s (avg 0.9k) | cert 0.49→0.66 | ticks [4.969 4.094 4.156 4.000 4.000 4.344 4.125 3.906] | Δticks -1.062 | ETA 39.4h
step  76010 | loss 7.9934 | lr 2.08e-04 | grad 1.41 | 1.1k tok/s (avg 0.9k) | cert 0.51→0.70 | ticks [4.281 3.703 3.672 3.891 3.578 3.969 3.766 3.562] | Δticks -0.719 | ETA 39.4h
step  76020 | loss 6.8463 | lr 2.08e-04 | grad 1.38 | 0.8k tok/s (avg 0.9k) | cert 0.43→0.61 | ticks [5.000 4.500 4.406 4.531 4.188 4.344 4.281 4.312] | Δticks -0.688 | ETA 39.4h
step  76030 | loss 6.2212 | lr 2.08e-04 | grad 1.38 | 1.1k tok/s (avg 0.9k) | cert 0.45→0.68 | ticks [4.750 3.609 3.641 3.812 3.625 4.062 3.844 3.750] | Δticks -1.000 | ETA 39.3h
step  76040 | loss 10.9511 | lr 2.08e-04 | grad 1.20 | 0.8k tok/s (avg 0.9k) | cert 0.32→0.52 | ticks [5.812 4.844 4.750 4.844 4.812 5.031 4.906 4.906] | Δticks -0.906 | ETA 39.3h
step  76050 | loss 7.8129 | lr 2.08e-04 | grad 1.43 | 0.8k tok/s (avg 0.9k) | cert 0.49→0.64 | ticks [4.875 4.156 4.094 4.125 4.000 4.562 4.312 4.125] | Δticks -0.750 | ETA 39.3h
step  76060 | loss 8.2310 | lr 2.08e-04 | grad 1.43 | 1.1k tok/s (avg 0.9k) | cert 0.33→0.54 | ticks [5.969 5.062 4.938 5.094 5.000 5.344 5.125 5.062] | Δticks -0.906 | ETA 39.3h
step  76070 | loss 8.8183 | lr 2.08e-04 | grad 1.41 | 0.8k tok/s (avg 0.9k) | cert 0.21→0.42 | ticks [7.812 7.000 6.875 6.844 6.938 7.094 7.031 6.906] | Δticks -0.906 | ETA 39.3h
step  76080 | loss 9.0943 | lr 2.08e-04 | grad 1.38 | 0.8k tok/s (avg 0.9k) | cert 0.33→0.51 | ticks [5.938 5.219 4.938 4.938 5.031 5.219 5.000 5.094] | Δticks -0.844 | ETA 39.3h
step  76090 | loss 9.8265 | lr 2.08e-04 | grad 1.38 | 1.1k tok/s (avg 0.9k) | cert 0.66→0.70 | ticks [4.156 3.922 3.859 4.000 3.594 4.250 4.031 3.812] | Δticks -0.344 | ETA 39.3h
step  76100 | loss 9.3726 | lr 2.08e-04 | grad 1.26 | 0.8k tok/s (avg 0.9k) | cert 0.29→0.47 | ticks [6.594 5.688 5.469 5.531 5.531 5.688 5.656 5.719] | Δticks -0.875 | ETA 39.3h
step  76110 | loss 5.9832 | lr 2.08e-04 | grad 1.26 | 1.1k tok/s (avg 0.9k) | cert 0.37→0.60 | ticks [5.094 4.344 4.125 4.156 4.062 4.562 4.219 4.062] | Δticks -1.031 | ETA 39.3h
step  76120 | loss 8.9371 | lr 2.08e-04 | grad 1.18 | 0.8k tok/s (avg 0.9k) | cert 0.55→0.58 | ticks [4.344 3.828 3.641 3.859 3.875 4.156 3.875 3.844] | Δticks -0.500 | ETA 39.3h
step  76130 | loss 6.8433 | lr 2.08e-04 | grad 1.27 | 0.8k tok/s (avg 0.9k) | cert 0.50→0.68 | ticks [4.219 3.875 3.625 3.594 3.625 3.922 3.797 3.531] | Δticks -0.688 | ETA 39.3h
step  76140 | loss 10.5791 | lr 2.08e-04 | grad 1.27 | 1.1k tok/s (avg 0.9k) | cert 0.43→0.56 | ticks [5.375 4.875 4.594 4.562 4.594 4.844 4.625 4.719] | Δticks -0.656 | ETA 39.3h
step  76150 | loss 11.1415 | lr 2.08e-04 | grad 1.35 | 0.8k tok/s (avg 0.9k) | cert 0.46→0.54 | ticks [5.656 5.344 5.156 5.062 5.094 5.375 5.219 5.281] | Δticks -0.375 | ETA 39.3h
step  76160 | loss 8.7066 | lr 2.08e-04 | grad 1.34 | 0.8k tok/s (avg 0.9k) | cert 0.57→0.69 | ticks [4.562 4.125 4.188 4.219 3.984 4.312 4.250 4.062] | Δticks -0.500 | ETA 39.3h
step  76170 | loss 9.4533 | lr 2.08e-04 | grad 1.34 | 1.1k tok/s (avg 0.9k) | cert 0.41→0.61 | ticks [5.406 4.625 4.375 4.344 4.469 4.656 4.469 4.375] | Δticks -1.031 | ETA 39.3h
step  76180 | loss 9.3525 | lr 2.08e-04 | grad 1.29 | 0.8k tok/s (avg 0.9k) | cert 0.38→0.57 | ticks [6.094 5.062 4.906 5.094 4.844 5.094 5.062 5.031] | Δticks -1.062 | ETA 39.3h
step  76190 | loss 6.8119 | lr 2.08e-04 | grad 1.29 | 1.1k tok/s (avg 0.9k) | cert 0.45→0.62 | ticks [4.188 3.422 3.516 3.734 3.750 3.969 3.812 3.516] | Δticks -0.672 | ETA 39.3h
step  76200 | loss 6.9037 | lr 2.08e-04 | grad 1.37 | 0.8k tok/s (avg 0.9k) | cert 0.31→0.62 | ticks [5.344 4.312 4.156 4.156 4.094 4.375 4.281 4.094] | Δticks -1.250 | ETA 39.3h
step  76210 | loss 7.4674 | lr 2.07e-04 | grad 1.48 | 0.8k tok/s (avg 0.9k) | cert 0.31→0.51 | ticks [5.750 5.219 4.875 5.031 5.000 5.156 4.750 4.969] | Δticks -0.781 | ETA 39.3h
step  76220 | loss 8.8411 | lr 2.07e-04 | grad 1.48 | 1.1k tok/s (avg 0.9k) | cert 0.39→0.53 | ticks [5.719 5.250 5.000 4.969 4.875 5.188 5.000 5.062] | Δticks -0.656 | ETA 39.3h
step  76230 | loss 8.3778 | lr 2.07e-04 | grad 1.32 | 0.8k tok/s (avg 0.9k) | cert 0.42→0.62 | ticks [4.844 4.062 4.062 4.094 4.094 4.438 4.219 4.031] | Δticks -0.812 | ETA 39.3h
step  76240 | loss 6.8955 | lr 2.07e-04 | grad 1.57 | 0.8k tok/s (avg 0.9k) | cert 0.44→0.65 | ticks [4.812 4.219 4.000 3.984 3.891 4.406 4.281 4.000] | Δticks -0.812 | ETA 39.3h
step  76250 | loss 7.3899 | lr 2.07e-04 | grad 1.57 | 1.1k tok/s (avg 0.9k) | cert 0.46→0.66 | ticks [4.312 3.688 3.609 3.656 3.375 3.906 3.859 3.453] | Δticks -0.859 | ETA 39.3h
step  76260 | loss 6.2385 | lr 2.07e-04 | grad 1.57 | 0.8k tok/s (avg 0.9k) | cert 0.57→0.64 | ticks [3.766 3.609 3.516 3.406 3.188 3.469 3.484 3.422] | Δticks -0.344 | ETA 39.3h
step  76270 | loss 7.9699 | lr 2.07e-04 | grad 1.57 | 1.1k tok/s (avg 0.9k) | cert 0.25→0.55 | ticks [6.219 4.844 4.750 4.719 4.688 5.312 5.031 4.844] | Δticks -1.375 | ETA 39.3h
step  76280 | loss 8.1651 | lr 2.07e-04 | grad 1.37 | 0.8k tok/s (avg 0.9k) | cert 0.50→0.59 | ticks [4.312 3.797 3.844 3.922 3.672 4.250 4.156 3.984] | Δticks -0.328 | ETA 39.3h
step  76290 | loss 8.4471 | lr 2.07e-04 | grad 1.70 | 0.8k tok/s (avg 0.9k) | cert 0.35→0.60 | ticks [5.594 5.062 4.781 4.844 4.719 5.062 4.906 4.781] | Δticks -0.812 | ETA 39.3h
step  76300 | loss 12.4423 | lr 2.07e-04 | grad 1.70 | 1.1k tok/s (avg 0.9k) | cert 0.43→0.60 | ticks [5.562 5.000 4.938 5.031 4.625 5.156 4.781 4.656] | Δticks -0.906 | ETA 39.3h
step  76310 | loss 6.9714 | lr 2.07e-04 | grad 1.56 | 0.8k tok/s (avg 0.9k) | cert 0.33→0.54 | ticks [5.875 5.125 4.906 4.875 4.844 5.219 4.938 4.938] | Δticks -0.938 | ETA 39.3h
step  76320 | loss 7.2676 | lr 2.07e-04 | grad 1.44 | 0.8k tok/s (avg 0.9k) | cert 0.21→0.45 | ticks [6.375 5.250 5.062 4.969 5.156 5.281 5.156 5.375] | Δticks -1.000 | ETA 39.3h
step  76330 | loss 7.7032 | lr 2.07e-04 | grad 1.44 | 1.1k tok/s (avg 0.9k) | cert 0.38→0.62 | ticks [5.000 4.469 4.281 4.281 4.219 4.656 4.438 4.219] | Δticks -0.781 | ETA 39.3h
step  76340 | loss 8.3513 | lr 2.07e-04 | grad 1.55 | 0.8k tok/s (avg 0.9k) | cert 0.54→0.69 | ticks [4.844 4.031 4.219 4.219 3.953 4.344 4.406 4.125] | Δticks -0.719 | ETA 39.3h
step  76350 | loss 6.9027 | lr 2.07e-04 | grad 1.55 | 1.1k tok/s (avg 0.9k) | cert 0.39→0.65 | ticks [5.250 4.125 4.188 4.250 4.156 4.594 4.344 4.312] | Δticks -0.938 | ETA 39.2h
step  76360 | loss 7.9695 | lr 2.07e-04 | grad 1.39 | 0.8k tok/s (avg 0.9k) | cert 0.46→0.71 | ticks [4.469 4.062 3.891 3.828 3.688 4.188 4.000 3.844] | Δticks -0.625 | ETA 39.2h
step  76370 | loss 8.1525 | lr 2.07e-04 | grad 1.25 | 0.8k tok/s (avg 0.9k) | cert 0.54→0.69 | ticks [4.406 3.891 3.781 3.797 3.500 4.062 3.922 3.797] | Δticks -0.609 | ETA 39.2h
step  76380 | loss 8.3825 | lr 2.07e-04 | grad 1.25 | 1.1k tok/s (avg 0.9k) | cert 0.40→0.62 | ticks [4.781 4.031 4.000 3.969 4.000 4.219 3.969 3.922] | Δticks -0.859 | ETA 39.2h
step  76390 | loss 7.8190 | lr 2.07e-04 | grad 1.47 | 0.8k tok/s (avg 0.9k) | cert 0.50→0.66 | ticks [4.844 4.250 4.344 4.438 4.156 4.594 4.500 4.250] | Δticks -0.594 | ETA 39.2h
step  76400 | loss 5.5131 | lr 2.07e-04 | grad 1.23 | 0.8k tok/s (avg 0.9k) | cert 0.26→0.55 | ticks [5.312 3.984 3.891 3.969 3.891 4.094 4.094 3.969] | Δticks -1.344 | ETA 39.2h
step  76410 | loss 7.5890 | lr 2.07e-04 | grad 1.23 | 1.1k tok/s (avg 0.9k) | cert 0.41→0.62 | ticks [5.750 4.969 4.750 4.750 4.750 5.219 4.906 4.875] | Δticks -0.875 | ETA 39.2h
step  76420 | loss 8.1557 | lr 2.07e-04 | grad 1.31 | 0.8k tok/s (avg 0.9k) | cert 0.28→0.49 | ticks [6.938 6.438 5.969 6.094 6.125 6.344 6.156 6.094] | Δticks -0.844 | ETA 39.2h
step  76430 | loss 7.6441 | lr 2.07e-04 | grad 1.31 | 1.1k tok/s (avg 0.9k) | cert 0.34→0.57 | ticks [6.312 5.250 5.250 5.469 5.219 5.719 5.500 5.250] | Δticks -1.062 | ETA 39.2h
step  76440 | loss 7.6839 | lr 2.07e-04 | grad 1.38 | 0.8k tok/s (avg 0.9k) | cert 0.33→0.56 | ticks [5.969 4.781 4.812 4.969 4.906 5.156 5.031 4.844] | Δticks -1.125 | ETA 39.2h
step  76450 | loss 8.9152 | lr 2.07e-04 | grad 1.22 | 0.8k tok/s (avg 0.9k) | cert 0.38→0.52 | ticks [5.812 5.094 4.844 4.938 4.844 5.125 5.062 5.094] | Δticks -0.719 | ETA 39.2h
step  76460 | loss 6.7923 | lr 2.07e-04 | grad 1.22 | 1.1k tok/s (avg 0.9k) | cert 0.26→0.56 | ticks [6.312 5.219 5.062 5.188 5.062 5.312 5.156 5.000] | Δticks -1.312 | ETA 39.2h
step  76470 | loss 7.1843 | lr 2.07e-04 | grad 1.65 | 0.8k tok/s (avg 0.9k) | cert 0.25→0.52 | ticks [6.656 5.375 5.250 5.438 5.281 5.594 5.438 5.281] | Δticks -1.375 | ETA 39.2h
step  76480 | loss 7.5543 | lr 2.07e-04 | grad 1.59 | 0.8k tok/s (avg 0.9k) | cert 0.31→0.54 | ticks [6.344 5.656 5.156 5.312 5.188 5.375 5.188 5.219] | Δticks -1.125 | ETA 39.2h
step  76490 | loss 9.6779 | lr 2.07e-04 | grad 1.59 | 1.1k tok/s (avg 0.9k) | cert 0.46→0.59 | ticks [5.344 4.938 4.750 4.719 4.594 4.875 4.844 4.750] | Δticks -0.594 | ETA 39.2h
step  76500 | loss 10.7279 | lr 2.07e-04 | grad 1.44 | 0.8k tok/s (avg 0.9k) | cert 0.39→0.54 | ticks [6.094 5.594 5.250 5.312 5.219 5.562 5.375 5.406] | Δticks -0.688 | ETA 39.2h
step  76510 | loss 8.9264 | lr 2.07e-04 | grad 1.44 | 1.1k tok/s (avg 0.9k) | cert 0.21→0.44 | ticks [7.344 6.406 6.094 6.156 6.219 6.469 6.312 6.469] | Δticks -0.875 | ETA 39.2h
step  76520 | loss 6.9084 | lr 2.07e-04 | grad 1.54 | 0.8k tok/s (avg 0.9k) | cert 0.44→0.66 | ticks [4.656 4.062 3.812 3.828 3.672 4.062 3.984 3.828] | Δticks -0.828 | ETA 39.2h
step  76530 | loss 6.1643 | lr 2.07e-04 | grad 1.48 | 0.8k tok/s (avg 0.9k) | cert 0.35→0.54 | ticks [5.094 4.312 4.094 4.125 4.188 4.469 4.375 4.312] | Δticks -0.781 | ETA 39.2h
step  76540 | loss 7.9498 | lr 2.07e-04 | grad 1.48 | 1.1k tok/s (avg 0.9k) | cert 0.32→0.50 | ticks [5.781 5.281 4.938 5.000 5.031 5.406 5.031 5.094] | Δticks -0.688 | ETA 39.2h
step  76550 | loss 9.2013 | lr 2.07e-04 | grad 1.42 | 0.8k tok/s (avg 0.9k) | cert 0.44→0.66 | ticks [4.500 4.156 3.891 3.984 3.625 4.188 4.094 3.859] | Δticks -0.641 | ETA 39.2h
step  76560 | loss 10.5966 | lr 2.07e-04 | grad 1.48 | 0.8k tok/s (avg 0.9k) | cert 0.59→0.63 | ticks [4.406 3.797 3.672 3.703 3.781 3.969 3.812 3.656] | Δticks -0.750 | ETA 39.2h
step  76570 | loss 7.4709 | lr 2.07e-04 | grad 1.48 | 1.1k tok/s (avg 0.9k) | cert 0.32→0.59 | ticks [6.031 5.188 4.844 5.094 5.062 5.312 5.188 4.875] | Δticks -1.156 | ETA 39.2h
step  76580 | loss 8.7356 | lr 2.07e-04 | grad 1.51 | 0.8k tok/s (avg 0.9k) | cert 0.61→0.71 | ticks [5.531 4.750 4.656 4.969 4.406 4.844 4.781 4.625] | Δticks -0.906 | ETA 39.2h
step  76590 | loss 8.1879 | lr 2.07e-04 | grad 1.51 | 1.1k tok/s (avg 0.9k) | cert 0.27→0.51 | ticks [6.719 5.969 5.688 5.844 5.750 5.938 5.750 5.781] | Δticks -0.938 | ETA 39.2h
step  76600 | loss 6.5738 | lr 2.07e-04 | grad 1.41 | 0.8k tok/s (avg 0.9k) | cert 0.48→0.68 | ticks [4.031 3.562 3.531 3.578 3.422 3.688 3.703 3.484] | Δticks -0.547 | ETA 39.2h
step  76610 | loss 6.7741 | lr 2.07e-04 | grad 1.38 | 0.8k tok/s (avg 0.9k) | cert 0.37→0.59 | ticks [5.344 4.406 4.188 4.188 4.125 4.562 4.250 4.250] | Δticks -1.094 | ETA 39.2h
step  76620 | loss 8.0933 | lr 2.07e-04 | grad 1.38 | 1.1k tok/s (avg 0.9k) | cert 0.37→0.65 | ticks [5.375 4.594 4.469 4.438 4.312 4.719 4.688 4.469] | Δticks -0.906 | ETA 39.2h
step  76630 | loss 8.5478 | lr 2.07e-04 | grad 1.49 | 0.8k tok/s (avg 0.9k) | cert 0.29→0.57 | ticks [5.906 5.000 4.906 4.875 4.938 5.062 5.031 5.000] | Δticks -0.906 | ETA 39.2h
step  76640 | loss 8.0761 | lr 2.07e-04 | grad 1.45 | 0.8k tok/s (avg 0.9k) | cert 0.36→0.61 | ticks [5.750 5.031 4.969 5.094 4.781 4.969 5.031 4.875] | Δticks -0.875 | ETA 39.2h
step  76650 | loss 7.8422 | lr 2.07e-04 | grad 1.45 | 1.1k tok/s (avg 0.9k) | cert 0.36→0.55 | ticks [5.562 4.844 4.594 4.469 4.625 4.938 4.719 4.594] | Δticks -0.969 | ETA 39.1h
step  76660 | loss 5.9955 | lr 2.06e-04 | grad 1.46 | 0.8k tok/s (avg 0.9k) | cert 0.44→0.67 | ticks [4.375 3.766 3.578 3.719 3.578 4.125 4.094 3.484] | Δticks -0.891 | ETA 39.1h
step  76670 | loss 7.5036 | lr 2.06e-04 | grad 1.46 | 1.1k tok/s (avg 0.9k) | cert 0.41→0.56 | ticks [5.156 4.625 4.438 4.438 4.344 4.750 4.500 4.438] | Δticks -0.719 | ETA 39.1h
step  76680 | loss 7.9781 | lr 2.06e-04 | grad 1.34 | 0.8k tok/s (avg 0.9k) | cert 0.41→0.59 | ticks [5.594 4.938 4.781 4.812 4.656 5.156 5.000 4.781] | Δticks -0.812 | ETA 39.1h
step  76690 | loss 6.4653 | lr 2.06e-04 | grad 1.23 | 0.8k tok/s (avg 0.9k) | cert 0.36→0.55 | ticks [5.656 5.062 4.750 4.938 4.594 5.094 4.781 4.938] | Δticks -0.719 | ETA 39.1h
step  76700 | loss 6.3467 | lr 2.06e-04 | grad 1.23 | 1.1k tok/s (avg 0.9k) | cert 0.44→0.68 | ticks [4.125 3.547 3.406 3.234 3.062 3.578 3.500 3.297] | Δticks -0.828 | ETA 39.1h
step  76710 | loss 6.6085 | lr 2.06e-04 | grad 1.61 | 0.8k tok/s (avg 0.9k) | cert 0.44→0.56 | ticks [4.562 4.219 4.094 4.031 4.062 4.375 4.156 4.031] | Δticks -0.531 | ETA 39.1h
step  76720 | loss 8.0161 | lr 2.06e-04 | grad 1.27 | 0.8k tok/s (avg 0.9k) | cert 0.38→0.49 | ticks [5.469 4.938 4.656 4.656 4.750 5.031 4.812 4.969] | Δticks -0.500 | ETA 39.1h
step  76730 | loss 9.1155 | lr 2.06e-04 | grad 1.27 | 1.1k tok/s (avg 0.9k) | cert 0.57→0.67 | ticks [4.344 3.797 3.797 3.906 3.562 4.062 4.094 3.781] | Δticks -0.562 | ETA 39.1h
step  76740 | loss 7.3991 | lr 2.06e-04 | grad 1.30 | 0.8k tok/s (avg 0.9k) | cert 0.40→0.55 | ticks [4.906 4.594 4.281 4.312 4.281 4.531 4.312 4.312] | Δticks -0.594 | ETA 39.1h
step  76750 | loss 7.6234 | lr 2.06e-04 | grad 1.30 | 1.1k tok/s (avg 0.9k) | cert 0.57→0.70 | ticks [3.969 3.500 3.578 3.750 3.578 4.125 3.875 3.516] | Δticks -0.453 | ETA 39.1h
step  76760 | loss 6.4428 | lr 2.06e-04 | grad 1.42 | 0.8k tok/s (avg 0.9k) | cert 0.49→0.60 | ticks [4.969 4.500 4.281 4.344 4.250 4.562 4.375 4.250] | Δticks -0.719 | ETA 39.1h
step  76770 | loss 6.1619 | lr 2.06e-04 | grad 1.48 | 0.8k tok/s (avg 0.9k) | cert 0.30→0.54 | ticks [5.438 4.281 3.953 4.062 4.125 4.250 4.156 4.344] | Δticks -1.094 | ETA 39.1h
step  76780 | loss 9.4136 | lr 2.06e-04 | grad 1.48 | 1.1k tok/s (avg 0.9k) | cert 0.43→0.58 | ticks [5.281 4.562 4.469 4.594 4.469 4.781 4.719 4.656] | Δticks -0.625 | ETA 39.1h
step  76790 | loss 5.2247 | lr 2.06e-04 | grad 1.38 | 0.8k tok/s (avg 0.9k) | cert 0.45→0.69 | ticks [4.000 3.578 3.406 3.219 3.250 3.375 3.406 3.250] | Δticks -0.750 | ETA 39.1h
step  76800 | loss 12.2953 | lr 2.06e-04 | grad 1.23 | 0.8k tok/s (avg 0.9k) | cert 0.42→0.50 | ticks [5.406 4.750 4.562 4.625 4.656 4.781 4.781 4.844] | Δticks -0.562 | ETA 39.1h
step  76810 | loss 8.3546 | lr 2.06e-04 | grad 1.23 | 1.1k tok/s (avg 0.9k) | cert 0.44→0.55 | ticks [5.344 4.875 4.719 4.812 4.688 4.875 4.625 4.719] | Δticks -0.625 | ETA 39.1h
step  76820 | loss 9.1790 | lr 2.06e-04 | grad 1.38 | 0.8k tok/s (avg 0.9k) | cert 0.47→0.60 | ticks [4.969 4.562 4.312 4.375 4.344 4.656 4.438 4.406] | Δticks -0.562 | ETA 39.1h
step  76830 | loss 6.8006 | lr 2.06e-04 | grad 1.38 | 1.1k tok/s (avg 0.9k) | cert 0.35→0.53 | ticks [5.469 4.969 4.562 4.625 4.750 5.000 4.688 4.625] | Δticks -0.844 | ETA 39.1h
step  76840 | loss 6.8074 | lr 2.06e-04 | grad 1.39 | 0.8k tok/s (avg 0.9k) | cert 0.22→0.46 | ticks [6.625 5.219 5.031 5.156 5.156 5.312 5.250 5.250] | Δticks -1.375 | ETA 39.1h
step  76850 | loss 7.5188 | lr 2.06e-04 | grad 1.39 | 0.8k tok/s (avg 0.9k) | cert 0.37→0.54 | ticks [5.625 5.062 4.844 4.875 4.906 5.062 4.750 4.812] | Δticks -0.812 | ETA 39.1h
step  76860 | loss 8.8128 | lr 2.06e-04 | grad 1.39 | 1.1k tok/s (avg 0.9k) | cert 0.43→0.66 | ticks [4.594 3.969 3.922 3.844 3.719 4.188 3.906 3.828] | Δticks -0.766 | ETA 39.1h
step  76870 | loss 7.4816 | lr 2.06e-04 | grad 1.30 | 0.8k tok/s (avg 0.9k) | cert 0.45→0.67 | ticks [4.719 3.828 3.875 4.000 3.891 4.312 4.281 3.828] | Δticks -0.891 | ETA 39.1h
step  76880 | loss 8.9785 | lr 2.06e-04 | grad 1.52 | 0.8k tok/s (avg 0.9k) | cert 0.44→0.68 | ticks [4.562 3.891 3.719 3.562 3.719 4.219 4.125 3.828] | Δticks -0.734 | ETA 39.1h
step  76890 | loss 7.5711 | lr 2.06e-04 | grad 1.52 | 1.1k tok/s (avg 0.9k) | cert 0.38→0.53 | ticks [6.156 5.594 5.312 5.375 5.312 5.625 5.469 5.375] | Δticks -0.781 | ETA 39.1h
step  76900 | loss 7.8930 | lr 2.06e-04 | grad 1.39 | 0.8k tok/s (avg 0.9k) | cert 0.24→0.47 | ticks [6.812 6.000 5.625 5.719 5.719 6.062 5.844 5.875] | Δticks -0.938 | ETA 39.1h
step  76910 | loss 7.8484 | lr 2.06e-04 | grad 1.39 | 1.1k tok/s (avg 0.9k) | cert 0.29→0.50 | ticks [6.219 5.656 5.156 5.219 5.219 5.625 5.219 5.281] | Δticks -0.938 | ETA 39.1h
step  76920 | loss 6.6538 | lr 2.06e-04 | grad 1.24 | 0.8k tok/s (avg 0.9k) | cert 0.39→0.59 | ticks [5.312 4.312 4.250 4.188 4.156 4.625 4.375 4.188] | Δticks -1.125 | ETA 39.1h
step  76930 | loss 10.8641 | lr 2.06e-04 | grad 1.22 | 0.8k tok/s (avg 0.9k) | cert 0.49→0.58 | ticks [4.812 4.219 4.000 4.188 4.188 4.531 4.219 4.344] | Δticks -0.469 | ETA 39.1h
step  76940 | loss 6.4439 | lr 2.06e-04 | grad 1.22 | 1.1k tok/s (avg 0.9k) | cert 0.49→0.66 | ticks [4.719 3.797 3.781 3.906 3.672 4.094 3.969 3.891] | Δticks -0.828 | ETA 39.1h
step  76950 | loss 6.9179 | lr 2.06e-04 | grad 1.36 | 0.8k tok/s (avg 0.9k) | cert 0.33→0.56 | ticks [5.156 3.656 3.594 3.609 3.656 3.578 3.547 3.734] | Δticks -1.422 | ETA 39.1h
step  76960 | loss 9.0077 | lr 2.06e-04 | grad 1.41 | 0.8k tok/s (avg 0.9k) | cert 0.26→0.51 | ticks [6.250 5.156 4.969 4.938 4.844 5.125 5.062 5.031] | Δticks -1.219 | ETA 39.1h
step  76970 | loss 10.1045 | lr 2.06e-04 | grad 1.41 | 1.1k tok/s (avg 0.9k) | cert 0.39→0.56 | ticks [4.531 4.031 4.094 4.219 4.125 4.188 4.094 4.125] | Δticks -0.406 | ETA 39.0h
step  76980 | loss 9.1838 | lr 2.06e-04 | grad 1.91 | 0.8k tok/s (avg 0.9k) | cert 0.47→0.56 | ticks [5.375 4.750 4.500 4.625 4.594 4.812 4.656 4.812] | Δticks -0.562 | ETA 39.0h
step  76990 | loss 7.6458 | lr 2.06e-04 | grad 1.91 | 1.1k tok/s (avg 0.9k) | cert 0.27→0.57 | ticks [6.062 5.000 4.844 4.875 4.812 5.125 4.969 4.969] | Δticks -1.094 | ETA 39.0h
step  77000 | loss 11.5914 | lr 2.06e-04 | grad 1.24 | 0.8k tok/s (avg 0.9k) | cert 0.34→0.57 | ticks [6.344 5.156 5.000 5.125 4.875 5.219 5.219 4.938] | Δticks -1.406 | ETA 39.0h
step  77010 | loss 7.2650 | lr 2.06e-04 | grad 1.55 | 0.8k tok/s (avg 0.9k) | cert 0.37→0.62 | ticks [4.562 3.750 3.672 3.500 3.641 4.156 3.766 3.578] | Δticks -0.984 | ETA 39.0h
step  77020 | loss 9.7390 | lr 2.06e-04 | grad 1.55 | 1.1k tok/s (avg 0.9k) | cert 0.64→0.63 | ticks [4.625 4.281 4.312 4.312 4.156 4.250 4.406 4.281] | Δticks -0.344 | ETA 39.0h
step  77030 | loss 6.4745 | lr 2.06e-04 | grad 1.41 | 0.8k tok/s (avg 0.9k) | cert 0.29→0.55 | ticks [5.719 4.625 4.438 4.469 4.500 4.750 4.656 4.719] | Δticks -1.000 | ETA 39.0h
step  77040 | loss 11.8953 | lr 2.06e-04 | grad 1.47 | 0.8k tok/s (avg 0.9k) | cert 0.44→0.55 | ticks [5.906 5.312 5.094 5.156 5.062 5.438 5.188 5.188] | Δticks -0.719 | ETA 39.0h
step  77050 | loss 7.6203 | lr 2.06e-04 | grad 1.47 | 1.1k tok/s (avg 0.9k) | cert 0.45→0.68 | ticks [5.219 4.281 4.156 4.125 4.094 4.594 4.312 4.188] | Δticks -1.031 | ETA 39.0h
step  77060 | loss 6.4095 | lr 2.06e-04 | grad 1.30 | 0.8k tok/s (avg 0.9k) | cert 0.50→0.71 | ticks [3.969 3.438 3.328 3.422 3.188 3.719 3.562 3.219] | Δticks -0.750 | ETA 39.0h
step  77070 | loss 8.4666 | lr 2.06e-04 | grad 1.30 | 1.1k tok/s (avg 0.9k) | cert 0.47→0.60 | ticks [5.344 4.406 4.156 4.438 4.406 4.688 4.406 4.406] | Δticks -0.938 | ETA 39.0h
step  77080 | loss 7.3891 | lr 2.06e-04 | grad 1.52 | 0.8k tok/s (avg 0.9k) | cert 0.42→0.61 | ticks [4.844 4.250 3.906 3.875 3.781 4.125 4.062 3.906] | Δticks -0.938 | ETA 39.0h
step  77090 | loss 6.9558 | lr 2.06e-04 | grad 1.50 | 0.8k tok/s (avg 0.9k) | cert 0.25→0.50 | ticks [6.375 5.406 5.188 5.219 5.188 5.344 5.312 5.344] | Δticks -1.031 | ETA 39.0h
step  77100 | loss 9.8888 | lr 2.06e-04 | grad 1.50 | 1.1k tok/s (avg 0.9k) | cert 0.60→0.63 | ticks [4.406 4.188 4.156 4.125 3.938 4.219 4.094 4.094] | Δticks -0.312 | ETA 39.0h
step  77110 | loss 6.5534 | lr 2.06e-04 | grad 1.26 | 0.8k tok/s (avg 0.9k) | cert 0.45→0.62 | ticks [4.625 4.188 3.906 3.938 3.828 4.219 4.094 3.984] | Δticks -0.641 | ETA 39.0h
step  77120 | loss 5.6256 | lr 2.05e-04 | grad 1.29 | 0.8k tok/s (avg 0.9k) | cert 0.29→0.56 | ticks [5.125 3.812 3.688 3.672 3.719 3.781 3.906 3.984] | Δticks -1.141 | ETA 39.0h
step  77130 | loss 5.7619 | lr 2.05e-04 | grad 1.29 | 1.1k tok/s (avg 0.9k) | cert 0.54→0.71 | ticks [3.812 3.406 3.438 3.406 3.281 3.625 3.422 3.234] | Δticks -0.578 | ETA 39.0h
step  77140 | loss 8.1623 | lr 2.05e-04 | grad 1.34 | 0.8k tok/s (avg 0.9k) | cert 0.24→0.48 | ticks [6.531 5.812 5.375 5.500 5.438 5.781 5.469 5.562] | Δticks -0.969 | ETA 39.0h
step  77150 | loss 6.1254 | lr 2.05e-04 | grad 1.34 | 1.1k tok/s (avg 0.9k) | cert 0.33→0.62 | ticks [5.062 4.375 4.031 4.031 4.031 4.469 4.156 4.031] | Δticks -1.031 | ETA 39.0h
step  77160 | loss 7.1700 | lr 2.05e-04 | grad 1.32 | 0.8k tok/s (avg 0.9k) | cert 0.45→0.68 | ticks [4.562 3.969 3.812 3.719 3.578 3.875 3.703 3.781] | Δticks -0.781 | ETA 39.0h
step  77170 | loss 6.1168 | lr 2.05e-04 | grad 1.46 | 0.8k tok/s (avg 0.9k) | cert 0.27→0.54 | ticks [6.062 5.031 4.625 4.656 4.719 4.812 4.781 4.781] | Δticks -1.281 | ETA 39.0h
step  77180 | loss 8.8434 | lr 2.05e-04 | grad 1.46 | 1.1k tok/s (avg 0.9k) | cert 0.50→0.58 | ticks [5.219 4.594 4.469 4.500 4.500 4.781 4.656 4.688] | Δticks -0.531 | ETA 39.0h
step  77190 | loss 5.0792 | lr 2.05e-04 | grad 1.38 | 0.8k tok/s (avg 0.9k) | cert 0.34→0.64 | ticks [4.781 3.609 3.453 3.484 3.422 3.688 3.594 3.469] | Δticks -1.312 | ETA 39.0h
step  77200 | loss 8.3324 | lr 2.05e-04 | grad 1.35 | 0.8k tok/s (avg 0.9k) | cert 0.55→0.62 | ticks [5.000 4.562 4.500 4.562 4.281 4.656 4.656 4.531] | Δticks -0.469 | ETA 39.0h
step  77210 | loss 8.1601 | lr 2.05e-04 | grad 1.35 | 1.1k tok/s (avg 0.9k) | cert 0.34→0.48 | ticks [6.094 5.188 4.938 5.031 5.062 5.125 5.156 5.219] | Δticks -0.875 | ETA 39.0h
step  77220 | loss 7.3347 | lr 2.05e-04 | grad 1.52 | 0.8k tok/s (avg 0.9k) | cert 0.33→0.61 | ticks [5.625 4.875 4.688 4.625 4.625 5.031 4.906 4.656] | Δticks -0.969 | ETA 39.0h
step  77230 | loss 6.6861 | lr 2.05e-04 | grad 1.52 | 1.1k tok/s (avg 0.9k) | cert 0.46→0.66 | ticks [4.219 3.625 3.375 3.469 3.344 3.609 3.578 3.484] | Δticks -0.734 | ETA 39.0h
step  77240 | loss 8.3322 | lr 2.05e-04 | grad 1.43 | 0.8k tok/s (avg 0.9k) | cert 0.34→0.55 | ticks [6.219 5.438 5.344 5.344 5.281 5.625 5.406 5.281] | Δticks -0.938 | ETA 39.0h
step  77250 | loss 5.8057 | lr 2.05e-04 | grad 1.41 | 0.8k tok/s (avg 0.9k) | cert 0.51→0.70 | ticks [3.859 3.531 3.359 3.109 2.984 3.484 3.391 3.203] | Δticks -0.656 | ETA 39.0h
step  77260 | loss 6.1189 | lr 2.05e-04 | grad 1.41 | 1.1k tok/s (avg 0.9k) | cert 0.33→0.64 | ticks [4.812 4.062 3.797 3.703 3.719 4.219 3.984 3.688] | Δticks -1.125 | ETA 39.0h
step  77270 | loss 5.7421 | lr 2.05e-04 | grad 1.24 | 0.8k tok/s (avg 0.9k) | cert 0.47→0.68 | ticks [3.750 3.562 3.453 3.188 3.172 3.531 3.312 3.172] | Δticks -0.578 | ETA 39.0h
step  77280 | loss 7.8317 | lr 2.05e-04 | grad 1.45 | 0.8k tok/s (avg 0.9k) | cert 0.35→0.52 | ticks [5.875 5.281 4.906 4.938 5.031 5.406 5.062 5.094] | Δticks -0.781 | ETA 39.0h
step  77290 | loss 10.0607 | lr 2.05e-04 | grad 1.45 | 1.1k tok/s (avg 0.9k) | cert 0.44→0.61 | ticks [5.219 4.594 4.531 4.469 4.500 4.719 4.625 4.438] | Δticks -0.781 | ETA 38.9h
step  77300 | loss 8.5505 | lr 2.05e-04 | grad 1.45 | 0.8k tok/s (avg 0.9k) | cert 0.45→0.57 | ticks [5.406 5.000 4.875 4.875 4.750 5.188 5.031 4.875] | Δticks -0.531 | ETA 38.9h
step  77310 | loss 8.1827 | lr 2.05e-04 | grad 1.45 | 1.1k tok/s (avg 0.9k) | cert 0.21→0.48 | ticks [7.250 6.625 6.406 6.562 6.562 6.844 6.500 6.562] | Δticks -0.688 | ETA 38.9h
step  77320 | loss 8.5995 | lr 2.05e-04 | grad 1.60 | 0.8k tok/s (avg 0.9k) | cert 0.59→0.66 | ticks [4.875 4.375 4.438 4.719 4.125 4.562 4.562 4.219] | Δticks -0.656 | ETA 38.9h
step  77330 | loss 7.4370 | lr 2.05e-04 | grad 1.56 | 0.8k tok/s (avg 0.9k) | cert 0.35→0.54 | ticks [5.188 3.953 3.906 4.031 3.938 4.125 4.062 4.031] | Δticks -1.156 | ETA 38.9h
step  77340 | loss 8.1516 | lr 2.05e-04 | grad 1.56 | 1.1k tok/s (avg 0.9k) | cert 0.23→0.45 | ticks [7.094 6.031 5.781 5.875 5.844 6.031 5.969 5.969] | Δticks -1.125 | ETA 38.9h
step  77350 | loss 7.6427 | lr 2.05e-04 | grad 1.49 | 0.8k tok/s (avg 0.9k) | cert 0.43→0.65 | ticks [4.281 3.766 3.406 3.500 3.469 3.875 3.641 3.531] | Δticks -0.750 | ETA 38.9h
step  77360 | loss 8.2769 | lr 2.05e-04 | grad 1.33 | 0.8k tok/s (avg 0.9k) | cert 0.43→0.62 | ticks [5.406 4.500 4.531 4.656 4.500 4.875 4.594 4.594] | Δticks -0.812 | ETA 38.9h
step  77370 | loss 9.6837 | lr 2.05e-04 | grad 1.33 | 1.1k tok/s (avg 0.9k) | cert 0.37→0.47 | ticks [5.906 5.219 5.156 5.156 5.250 5.375 5.375 5.500] | Δticks -0.406 | ETA 38.9h
step  77380 | loss 8.5497 | lr 2.05e-04 | grad 1.47 | 0.8k tok/s (avg 0.9k) | cert 0.29→0.59 | ticks [6.531 5.250 5.219 5.250 5.156 5.562 5.312 5.250] | Δticks -1.281 | ETA 38.9h
step  77390 | loss 7.7251 | lr 2.05e-04 | grad 1.47 | 1.1k tok/s (avg 0.9k) | cert 0.21→0.49 | ticks [6.938 6.062 5.656 5.781 5.750 5.938 5.688 5.812] | Δticks -1.125 | ETA 38.9h
step  77400 | loss 6.9088 | lr 2.05e-04 | grad 1.46 | 0.8k tok/s (avg 0.9k) | cert 0.31→0.54 | ticks [6.250 5.219 5.094 5.125 5.094 5.438 5.031 5.094] | Δticks -1.156 | ETA 38.9h
step  77410 | loss 8.4984 | lr 2.05e-04 | grad 1.38 | 0.8k tok/s (avg 0.9k) | cert 0.26→0.49 | ticks [6.375 5.531 5.344 5.562 5.469 5.719 5.469 5.500] | Δticks -0.875 | ETA 38.9h
step  77420 | loss 5.4767 | lr 2.05e-04 | grad 1.38 | 1.1k tok/s (avg 0.9k) | cert 0.24→0.57 | ticks [5.344 3.922 3.734 3.703 3.734 3.812 3.859 3.812] | Δticks -1.531 | ETA 38.9h
step  77430 | loss 8.0847 | lr 2.05e-04 | grad 1.66 | 0.8k tok/s (avg 0.9k) | cert 0.47→0.66 | ticks [4.594 4.062 4.094 4.312 3.812 4.094 4.438 4.062] | Δticks -0.531 | ETA 38.9h
step  77440 | loss 13.4973 | lr 2.05e-04 | grad 1.57 | 0.8k tok/s (avg 0.9k) | cert 0.69→0.72 | ticks [3.984 3.328 3.156 3.359 3.344 3.641 3.688 3.500] | Δticks -0.484 | ETA 38.9h
step  77450 | loss 9.5615 | lr 2.05e-04 | grad 1.57 | 1.1k tok/s (avg 0.9k) | cert 0.54→0.66 | ticks [4.719 4.125 4.062 4.219 3.797 4.312 4.156 4.062] | Δticks -0.656 | ETA 38.9h
step  77460 | loss 7.5716 | lr 2.05e-04 | grad 1.60 | 0.8k tok/s (avg 0.9k) | cert 0.30→0.59 | ticks [6.219 5.156 4.938 5.000 4.969 5.469 5.094 4.844] | Δticks -1.375 | ETA 38.9h
step  77470 | loss 7.1953 | lr 2.05e-04 | grad 1.60 | 1.1k tok/s (avg 0.9k) | cert 0.34→0.53 | ticks [5.781 5.219 4.781 4.906 4.906 5.156 4.906 4.875] | Δticks -0.906 | ETA 38.9h
step  77480 | loss 8.9241 | lr 2.05e-04 | grad 1.26 | 0.8k tok/s (avg 0.9k) | cert 0.67→0.74 | ticks [4.000 3.750 3.609 3.672 3.344 3.703 3.828 3.578] | Δticks -0.422 | ETA 38.9h
step  77490 | loss 5.8617 | lr 2.05e-04 | grad 1.38 | 0.8k tok/s (avg 0.9k) | cert 0.33→0.52 | ticks [4.594 3.500 3.406 3.531 3.641 3.625 3.609 3.703] | Δticks -0.891 | ETA 38.9h
step  77500 | loss 7.4674 | lr 2.05e-04 | grad 1.38 | 1.1k tok/s (avg 0.9k) | cert 0.44→0.67 | ticks [4.875 4.094 4.062 3.953 3.984 4.375 4.156 4.000] | Δticks -0.875 | ETA 38.9h
step  77510 | loss 8.3194 | lr 2.05e-04 | grad 1.42 | 0.8k tok/s (avg 0.9k) | cert 0.51→0.66 | ticks [4.594 4.031 3.984 3.797 3.781 4.188 3.922 3.781] | Δticks -0.812 | ETA 38.9h
step  77520 | loss 8.3643 | lr 2.05e-04 | grad 1.35 | 0.8k tok/s (avg 0.9k) | cert 0.46→0.64 | ticks [4.844 4.125 4.156 4.375 4.250 4.750 4.531 4.406] | Δticks -0.438 | ETA 38.9h
step  77530 | loss 7.6616 | lr 2.05e-04 | grad 1.35 | 1.1k tok/s (avg 0.9k) | cert 0.28→0.46 | ticks [6.438 5.625 5.406 5.500 5.562 5.812 5.688 5.750] | Δticks -0.688 | ETA 38.9h
step  77540 | loss 8.4410 | lr 2.05e-04 | grad 1.37 | 0.8k tok/s (avg 0.9k) | cert 0.43→0.62 | ticks [5.281 4.375 4.469 4.531 4.656 4.844 4.781 4.625] | Δticks -0.656 | ETA 38.9h
step  77550 | loss 6.7732 | lr 2.05e-04 | grad 1.37 | 1.1k tok/s (avg 0.9k) | cert 0.53→0.68 | ticks [4.375 3.703 3.578 3.641 3.578 3.969 3.969 3.688] | Δticks -0.688 | ETA 38.9h
step  77560 | loss 4.2082 | lr 2.05e-04 | grad 1.27 | 0.8k tok/s (avg 0.9k) | cert 0.45→0.68 | ticks [3.594 2.312 2.578 2.531 2.500 2.766 2.547 2.453] | Δticks -1.141 | ETA 38.9h
step  77570 | loss 9.1528 | lr 2.04e-04 | grad 1.41 | 0.8k tok/s (avg 0.9k) | cert 0.24→0.58 | ticks [6.406 5.250 5.312 5.344 5.281 5.656 5.312 5.344] | Δticks -1.062 | ETA 38.9h
step  77580 | loss 11.5235 | lr 2.04e-04 | grad 1.41 | 1.1k tok/s (avg 0.9k) | cert 0.37→0.58 | ticks [5.438 4.750 4.594 4.688 4.625 4.844 4.781 4.781] | Δticks -0.656 | ETA 38.9h
step  77590 | loss 8.2355 | lr 2.04e-04 | grad 1.30 | 0.8k tok/s (avg 0.9k) | cert 0.24→0.53 | ticks [7.062 6.000 6.031 6.219 5.938 6.219 6.156 6.125] | Δticks -0.938 | ETA 38.9h
step  77600 | loss 8.6691 | lr 2.04e-04 | grad 1.40 | 0.8k tok/s (avg 0.9k) | cert 0.54→0.66 | ticks [4.656 4.062 3.844 3.766 3.719 3.969 3.922 3.781] | Δticks -0.875 | ETA 38.9h
step  77610 | loss 6.8808 | lr 2.04e-04 | grad 1.40 | 1.1k tok/s (avg 0.9k) | cert 0.49→0.68 | ticks [4.625 4.250 3.953 3.906 3.891 4.156 4.125 3.984] | Δticks -0.641 | ETA 38.8h
step  77620 | loss 8.5606 | lr 2.04e-04 | grad 1.27 | 0.8k tok/s (avg 0.9k) | cert 0.27→0.46 | ticks [6.531 5.500 5.562 5.625 5.688 5.719 5.688 5.719] | Δticks -0.812 | ETA 38.8h
step  77630 | loss 6.7016 | lr 2.04e-04 | grad 1.27 | 1.1k tok/s (avg 0.9k) | cert 0.53→0.67 | ticks [4.125 3.781 3.641 3.594 3.578 3.656 3.688 3.594] | Δticks -0.531 | ETA 38.8h
step  77640 | loss 8.0496 | lr 2.04e-04 | grad 1.33 | 0.8k tok/s (avg 0.9k) | cert 0.20→0.52 | ticks [7.438 6.125 6.125 6.250 6.062 6.219 6.125 6.125] | Δticks -1.312 | ETA 38.8h
step  77650 | loss 8.8587 | lr 2.04e-04 | grad 1.40 | 0.8k tok/s (avg 0.9k) | cert 0.38→0.56 | ticks [5.250 4.375 4.344 4.500 4.312 4.562 4.469 4.375] | Δticks -0.875 | ETA 38.8h
step  77660 | loss 8.5320 | lr 2.04e-04 | grad 1.40 | 1.1k tok/s (avg 0.9k) | cert 0.29→0.49 | ticks [6.406 5.531 5.344 5.281 5.281 5.531 5.438 5.469] | Δticks -0.938 | ETA 38.8h
step  77670 | loss 6.7429 | lr 2.04e-04 | grad 1.42 | 0.8k tok/s (avg 0.9k) | cert 0.41→0.57 | ticks [5.125 4.562 4.406 4.344 4.531 4.812 4.469 4.375] | Δticks -0.750 | ETA 38.8h
step  77680 | loss 7.5084 | lr 2.04e-04 | grad 1.24 | 0.8k tok/s (avg 0.9k) | cert 0.44→0.63 | ticks [4.688 4.188 3.875 3.797 3.734 4.031 3.906 3.797] | Δticks -0.891 | ETA 38.8h
step  77690 | loss 7.2874 | lr 2.04e-04 | grad 1.24 | 1.1k tok/s (avg 0.9k) | cert 0.50→0.67 | ticks [4.781 3.969 3.734 3.719 3.547 3.938 3.906 3.625] | Δticks -1.156 | ETA 38.8h
step  77700 | loss 8.6843 | lr 2.04e-04 | grad 1.37 | 0.8k tok/s (avg 0.9k) | cert 0.43→0.60 | ticks [5.312 4.500 4.438 4.625 4.656 5.062 4.719 4.531] | Δticks -0.781 | ETA 38.8h
step  77710 | loss 8.0327 | lr 2.04e-04 | grad 1.37 | 1.1k tok/s (avg 0.9k) | cert 0.37→0.51 | ticks [6.531 5.750 5.656 5.688 5.562 5.812 5.562 5.688] | Δticks -0.844 | ETA 38.8h
step  77720 | loss 4.6207 | lr 2.04e-04 | grad 1.33 | 0.8k tok/s (avg 0.9k) | cert 0.35→0.62 | ticks [4.719 3.500 3.359 3.391 3.406 3.594 3.453 3.422] | Δticks -1.297 | ETA 38.8h
step  77730 | loss 7.8292 | lr 2.04e-04 | grad 1.33 | 0.8k tok/s (avg 0.9k) | cert 0.32→0.48 | ticks [6.625 5.938 5.719 5.812 5.875 6.125 5.875 5.969] | Δticks -0.656 | ETA 38.8h
step  77740 | loss 7.1259 | lr 2.04e-04 | grad 1.33 | 1.1k tok/s (avg 0.9k) | cert 0.28→0.62 | ticks [5.719 4.656 4.375 4.594 4.438 4.812 4.812 4.281] | Δticks -1.438 | ETA 38.8h
step  77750 | loss 8.3879 | lr 2.04e-04 | grad 1.48 | 0.8k tok/s (avg 0.9k) | cert 0.44→0.68 | ticks [4.688 4.094 3.984 3.828 3.875 4.375 4.188 3.906] | Δticks -0.781 | ETA 38.8h
step  77760 | loss 9.3229 | lr 2.04e-04 | grad 1.53 | 0.8k tok/s (avg 0.9k) | cert 0.59→0.59 | ticks [4.250 3.766 3.781 3.969 4.000 4.375 4.031 4.000] | Δticks -0.250 | ETA 38.8h
step  77770 | loss 8.1496 | lr 2.04e-04 | grad 1.53 | 1.1k tok/s (avg 0.9k) | cert 0.30→0.61 | ticks [5.656 4.500 4.500 4.344 4.469 5.031 4.594 4.438] | Δticks -1.219 | ETA 38.8h
step  77780 | loss 6.0446 | lr 2.04e-04 | grad 1.47 | 0.8k tok/s (avg 0.9k) | cert 0.32→0.50 | ticks [5.406 4.188 4.094 4.094 4.188 4.344 4.219 4.438] | Δticks -0.969 | ETA 38.8h
step  77790 | loss 6.9932 | lr 2.04e-04 | grad 1.47 | 1.1k tok/s (avg 0.9k) | cert 0.57→0.71 | ticks [3.906 3.547 3.531 3.578 3.188 3.500 3.562 3.438] | Δticks -0.469 | ETA 38.8h
step  77800 | loss 6.6327 | lr 2.04e-04 | grad 1.35 | 0.8k tok/s (avg 0.9k) | cert 0.47→0.68 | ticks [4.531 3.984 3.906 3.719 3.578 4.094 3.844 3.703] | Δticks -0.828 | ETA 38.8h
step  77810 | loss 7.3846 | lr 2.04e-04 | grad 1.29 | 0.8k tok/s (avg 0.9k) | cert 0.51→0.66 | ticks [4.438 3.969 3.984 3.938 3.781 4.219 3.891 3.750] | Δticks -0.688 | ETA 38.8h
step  77820 | loss 6.1496 | lr 2.04e-04 | grad 1.29 | 1.1k tok/s (avg 0.9k) | cert 0.26→0.56 | ticks [5.469 4.094 4.000 4.062 4.031 4.219 4.094 4.062] | Δticks -1.406 | ETA 38.8h
step  77830 | loss 7.3257 | lr 2.04e-04 | grad 1.37 | 0.8k tok/s (avg 0.9k) | cert 0.61→0.70 | ticks [4.094 3.750 3.859 3.656 3.359 3.906 3.828 3.641] | Δticks -0.453 | ETA 38.8h
step  77840 | loss 6.4554 | lr 2.04e-04 | grad 1.41 | 0.8k tok/s (avg 0.9k) | cert 0.36→0.59 | ticks [5.156 4.375 4.281 4.062 4.250 4.594 4.375 4.156] | Δticks -1.000 | ETA 38.8h
step  77850 | loss 8.3257 | lr 2.04e-04 | grad 1.41 | 1.1k tok/s (avg 0.9k) | cert 0.15→0.41 | ticks [8.312 6.875 6.750 6.781 6.656 6.906 6.719 6.938] | Δticks -1.375 | ETA 38.8h
step  77860 | loss 8.7815 | lr 2.04e-04 | grad 1.27 | 0.8k tok/s (avg 0.9k) | cert 0.26→0.50 | ticks [6.781 6.000 5.562 5.594 5.688 5.812 5.656 5.656] | Δticks -1.125 | ETA 38.8h
step  77870 | loss 7.6995 | lr 2.04e-04 | grad 1.27 | 1.1k tok/s (avg 0.9k) | cert 0.36→0.61 | ticks [5.594 4.625 4.656 4.688 4.625 4.938 4.812 4.594] | Δticks -1.000 | ETA 38.8h
step  77880 | loss 7.1541 | lr 2.04e-04 | grad 1.34 | 0.8k tok/s (avg 0.9k) | cert 0.39→0.63 | ticks [4.906 4.031 4.031 4.188 4.062 4.469 4.250 3.922] | Δticks -0.984 | ETA 38.8h
step  77890 | loss 7.0966 | lr 2.04e-04 | grad 1.43 | 0.8k tok/s (avg 0.9k) | cert 0.33→0.64 | ticks [5.312 4.344 4.375 4.281 4.281 4.594 4.531 4.344] | Δticks -0.969 | ETA 38.8h
step  77900 | loss 8.9073 | lr 2.04e-04 | grad 1.43 | 1.1k tok/s (avg 0.9k) | cert 0.27→0.52 | ticks [6.281 5.594 5.344 5.312 5.312 5.594 5.281 5.344] | Δticks -0.938 | ETA 38.7h
step  77910 | loss 5.7115 | lr 2.04e-04 | grad 1.37 | 0.8k tok/s (avg 0.9k) | cert 0.26→0.56 | ticks [5.281 4.000 3.797 3.812 3.875 4.125 4.000 3.922] | Δticks -1.359 | ETA 38.7h
step  77920 | loss 9.5472 | lr 2.04e-04 | grad 1.25 | 0.8k tok/s (avg 0.9k) | cert 0.27→0.58 | ticks [6.562 5.094 5.219 5.375 5.188 5.375 5.375 5.281] | Δticks -1.281 | ETA 38.7h
step  77930 | loss 8.3536 | lr 2.04e-04 | grad 1.25 | 1.1k tok/s (avg 0.9k) | cert 0.47→0.64 | ticks [5.000 4.062 4.156 4.188 4.031 4.438 4.375 4.000] | Δticks -1.000 | ETA 38.7h
step  77940 | loss 9.5357 | lr 2.04e-04 | grad 1.38 | 0.8k tok/s (avg 0.9k) | cert 0.54→0.62 | ticks [4.344 3.938 3.906 3.953 3.953 4.219 4.062 3.844] | Δticks -0.500 | ETA 38.7h
step  77950 | loss 6.4270 | lr 2.04e-04 | grad 1.38 | 1.1k tok/s (avg 0.9k) | cert 0.48→0.58 | ticks [5.188 4.781 4.562 4.625 4.500 4.906 4.719 4.625] | Δticks -0.562 | ETA 38.7h
step  77960 | loss 7.6789 | lr 2.04e-04 | grad 1.48 | 0.8k tok/s (avg 0.9k) | cert 0.32→0.57 | ticks [5.594 4.781 4.625 4.531 4.594 5.031 4.812 4.750] | Δticks -0.844 | ETA 38.7h
step  77970 | loss 8.1907 | lr 2.04e-04 | grad 1.44 | 0.8k tok/s (avg 0.9k) | cert 0.19→0.54 | ticks [6.750 5.312 5.219 5.344 5.375 5.781 5.531 5.375] | Δticks -1.375 | ETA 38.7h
step  77980 | loss 7.3391 | lr 2.04e-04 | grad 1.44 | 1.1k tok/s (avg 0.9k) | cert 0.47→0.67 | ticks [4.625 3.984 3.906 3.812 3.750 4.156 3.969 3.750] | Δticks -0.875 | ETA 38.7h
step  77990 | loss 6.8764 | lr 2.04e-04 | grad 1.32 | 0.8k tok/s (avg 0.9k) | cert 0.29→0.50 | ticks [6.281 5.656 5.281 5.188 5.188 5.531 5.312 5.281] | Δticks -1.000 | ETA 38.7h
step  78000 | loss 7.1501 | lr 2.04e-04 | grad 1.17 | 0.8k tok/s (avg 0.9k) | cert 0.35→0.52 | ticks [5.156 4.281 4.375 4.438 4.406 4.594 4.438 4.406] | Δticks -0.750 | ETA 38.7h
step  78010 | loss 9.1276 | lr 2.04e-04 | grad 1.17 | 1.1k tok/s (avg 0.9k) | cert 0.29→0.56 | ticks [5.875 5.000 4.875 4.844 4.844 5.281 5.031 4.938] | Δticks -0.938 | ETA 38.7h
step  78020 | loss 8.6535 | lr 2.03e-04 | grad 1.29 | 0.8k tok/s (avg 0.9k) | cert 0.30→0.49 | ticks [6.750 5.812 5.500 5.562 5.500 5.812 5.625 5.719] | Δticks -1.031 | ETA 38.7h
step  78030 | loss 7.8490 | lr 2.03e-04 | grad 1.29 | 1.1k tok/s (avg 0.9k) | cert 0.35→0.60 | ticks [5.312 4.625 4.219 4.188 4.188 4.625 4.500 4.406] | Δticks -0.906 | ETA 38.7h
step  78040 | loss 7.2680 | lr 2.03e-04 | grad 1.48 | 0.8k tok/s (avg 0.9k) | cert 0.31→0.63 | ticks [5.406 4.500 4.375 4.281 4.031 4.625 4.500 4.375] | Δticks -1.031 | ETA 38.7h
step  78050 | loss 7.2315 | lr 2.03e-04 | grad 1.30 | 0.8k tok/s (avg 0.9k) | cert 0.49→0.68 | ticks [4.500 3.859 3.703 3.594 3.500 4.000 3.859 3.641] | Δticks -0.859 | ETA 38.7h
step  78060 | loss 8.9969 | lr 2.03e-04 | grad 1.30 | 1.1k tok/s (avg 0.9k) | cert 0.49→0.59 | ticks [4.656 4.188 3.891 3.938 3.984 4.219 4.062 4.156] | Δticks -0.500 | ETA 38.7h
step  78070 | loss 4.7820 | lr 2.03e-04 | grad 1.26 | 0.8k tok/s (avg 0.9k) | cert 0.33→0.62 | ticks [4.625 3.266 3.297 3.203 3.141 3.328 3.406 3.250] | Δticks -1.375 | ETA 38.7h
step  78080 | loss 5.8759 | lr 2.03e-04 | grad 1.30 | 0.8k tok/s (avg 0.9k) | cert 0.33→0.52 | ticks [5.344 4.406 4.188 4.281 4.344 4.531 4.406 4.562] | Δticks -0.781 | ETA 38.7h
step  78090 | loss 7.2105 | lr 2.03e-04 | grad 1.30 | 1.1k tok/s (avg 0.9k) | cert 0.53→0.65 | ticks [4.406 3.922 3.734 3.719 3.766 4.094 3.969 3.953] | Δticks -0.453 | ETA 38.7h
step  78100 | loss 7.4149 | lr 2.03e-04 | grad 1.29 | 0.8k tok/s (avg 0.9k) | cert 0.46→0.66 | ticks [4.500 3.844 3.672 3.734 3.641 4.125 3.938 3.781] | Δticks -0.719 | ETA 38.7h
step  78110 | loss 6.8861 | lr 2.03e-04 | grad 1.29 | 1.1k tok/s (avg 0.9k) | cert 0.39→0.65 | ticks [4.812 3.766 3.812 3.828 3.656 4.000 3.859 3.750] | Δticks -1.062 | ETA 38.7h
step  78120 | loss 8.1782 | lr 2.03e-04 | grad 1.60 | 0.8k tok/s (avg 0.9k) | cert 0.37→0.62 | ticks [5.438 4.469 4.406 4.469 4.469 4.812 4.688 4.438] | Δticks -1.000 | ETA 38.7h
step  78130 | loss 4.9711 | lr 2.03e-04 | grad 1.41 | 0.8k tok/s (avg 0.9k) | cert 0.35→0.59 | ticks [4.625 3.297 3.266 3.250 3.250 3.422 3.406 3.266] | Δticks -1.359 | ETA 38.7h
step  78140 | loss 7.8709 | lr 2.03e-04 | grad 1.41 | 1.1k tok/s (avg 0.9k) | cert 0.26→0.48 | ticks [6.375 5.469 5.188 5.281 5.344 5.438 5.469 5.406] | Δticks -0.969 | ETA 38.7h
step  78150 | loss 6.6668 | lr 2.03e-04 | grad 1.27 | 0.8k tok/s (avg 0.9k) | cert 0.54→0.67 | ticks [4.562 4.156 3.953 3.875 3.641 4.188 4.125 3.891] | Δticks -0.672 | ETA 38.7h
step  78160 | loss 11.8169 | lr 2.03e-04 | grad 1.48 | 0.8k tok/s (avg 0.9k) | cert 0.71→0.73 | ticks [3.719 3.656 3.531 3.578 3.016 3.766 3.891 3.422] | Δticks -0.297 | ETA 38.7h
step  78170 | loss 8.3278 | lr 2.03e-04 | grad 1.48 | 1.1k tok/s (avg 0.9k) | cert 0.36→0.53 | ticks [5.656 4.844 4.688 4.750 4.594 5.094 4.875 4.906] | Δticks -0.750 | ETA 38.7h
step  78180 | loss 9.3281 | lr 2.03e-04 | grad 1.44 | 0.8k tok/s (avg 0.9k) | cert 0.51→0.64 | ticks [5.094 4.531 4.312 4.438 4.125 4.438 4.500 4.312] | Δticks -0.781 | ETA 38.7h
step  78190 | loss 8.0422 | lr 2.03e-04 | grad 1.44 | 1.1k tok/s (avg 0.9k) | cert 0.26→0.57 | ticks [6.188 5.062 4.781 4.812 4.906 5.281 5.031 4.969] | Δticks -1.219 | ETA 38.7h
step  78200 | loss 8.1655 | lr 2.03e-04 | grad 1.35 | 0.8k tok/s (avg 0.9k) | cert 0.26→0.55 | ticks [5.750 4.688 4.406 4.469 4.438 4.812 4.594 4.375] | Δticks -1.375 | ETA 38.7h
step  78210 | loss 5.2051 | lr 2.03e-04 | grad 1.18 | 0.8k tok/s (avg 0.9k) | cert 0.30→0.60 | ticks [4.812 3.703 3.500 3.594 3.531 3.797 3.859 3.562] | Δticks -1.250 | ETA 38.7h
step  78220 | loss 7.4210 | lr 2.03e-04 | grad 1.18 | 1.1k tok/s (avg 0.9k) | cert 0.44→0.64 | ticks [5.250 4.469 4.281 4.156 4.062 4.562 4.469 4.281] | Δticks -0.969 | ETA 38.6h
step  78230 | loss 12.4948 | lr 2.03e-04 | grad 1.34 | 0.8k tok/s (avg 0.9k) | cert 0.33→0.43 | ticks [5.906 5.312 5.312 5.344 5.438 5.594 5.469 5.438] | Δticks -0.469 | ETA 38.6h
step  78240 | loss 7.5589 | lr 2.03e-04 | grad 1.23 | 0.8k tok/s (avg 0.9k) | cert 0.61→0.71 | ticks [3.328 3.078 3.062 2.922 2.828 3.203 3.109 2.938] | Δticks -0.391 | ETA 38.6h
step  78250 | loss 6.6735 | lr 2.03e-04 | grad 1.23 | 1.1k tok/s (avg 0.9k) | cert 0.37→0.54 | ticks [5.531 4.938 4.719 4.688 4.688 5.000 4.719 4.688] | Δticks -0.844 | ETA 38.6h
step  78260 | loss 7.3955 | lr 2.03e-04 | grad 1.44 | 0.8k tok/s (avg 0.9k) | cert 0.38→0.64 | ticks [5.375 4.375 4.250 4.312 4.312 4.719 4.406 4.312] | Δticks -1.062 | ETA 38.6h
step  78270 | loss 7.6434 | lr 2.03e-04 | grad 1.44 | 1.1k tok/s (avg 0.9k) | cert 0.46→0.61 | ticks [4.500 4.156 4.062 4.094 3.859 4.281 4.125 4.000] | Δticks -0.500 | ETA 38.6h
step  78280 | loss 6.7032 | lr 2.03e-04 | grad 1.36 | 0.8k tok/s (avg 0.9k) | cert 0.47→0.66 | ticks [4.531 3.797 3.750 3.688 3.609 3.797 3.703 3.594] | Δticks -0.938 | ETA 38.6h
step  78290 | loss 7.1199 | lr 2.03e-04 | grad 1.23 | 0.8k tok/s (avg 0.9k) | cert 0.30→0.51 | ticks [5.531 4.656 4.531 4.562 4.594 4.719 4.625 4.781] | Δticks -0.750 | ETA 38.6h
step  78300 | loss 7.3539 | lr 2.03e-04 | grad 1.23 | 1.1k tok/s (avg 0.9k) | cert 0.27→0.55 | ticks [6.438 5.469 5.188 5.312 5.125 5.438 5.281 5.250] | Δticks -1.188 | ETA 38.6h
step  78310 | loss 6.8912 | lr 2.03e-04 | grad 1.28 | 0.8k tok/s (avg 0.9k) | cert 0.44→0.62 | ticks [5.500 4.625 4.688 4.781 4.469 4.875 4.656 4.656] | Δticks -0.844 | ETA 38.6h
step  78320 | loss 7.6458 | lr 2.03e-04 | grad 1.42 | 0.8k tok/s (avg 0.9k) | cert 0.39→0.62 | ticks [6.062 5.344 5.219 5.312 5.125 5.531 5.438 5.188] | Δticks -0.875 | ETA 38.6h
step  78330 | loss 7.5960 | lr 2.03e-04 | grad 1.42 | 1.1k tok/s (avg 0.9k) | cert 0.28→0.55 | ticks [6.000 5.000 4.969 4.938 4.875 5.219 5.000 4.844] | Δticks -1.156 | ETA 38.6h
step  78340 | loss 9.4223 | lr 2.03e-04 | grad 1.54 | 0.8k tok/s (avg 0.9k) | cert 0.11→0.34 | ticks [8.812 7.500 7.469 7.562 7.531 7.781 7.656 7.844] | Δticks -0.969 | ETA 38.6h
step  78350 | loss 10.2332 | lr 2.03e-04 | grad 1.54 | 1.1k tok/s (avg 0.9k) | cert 0.36→0.54 | ticks [6.000 5.312 5.156 5.281 5.156 5.312 5.281 5.188] | Δticks -0.812 | ETA 38.6h
step  78360 | loss 10.3009 | lr 2.03e-04 | grad 1.27 | 0.8k tok/s (avg 0.9k) | cert 0.64→0.73 | ticks [3.812 3.797 3.547 3.484 3.125 3.641 3.734 3.422] | Δticks -0.391 | ETA 38.6h
step  78370 | loss 9.0317 | lr 2.03e-04 | grad 1.57 | 0.8k tok/s (avg 0.9k) | cert 0.14→0.40 | ticks [8.375 7.281 7.188 7.281 7.375 7.469 7.344 7.500] | Δticks -0.875 | ETA 38.6h
step  78380 | loss 8.7884 | lr 2.03e-04 | grad 1.57 | 1.1k tok/s (avg 0.9k) | cert 0.22→0.39 | ticks [7.750 6.594 6.562 6.750 6.562 6.750 6.688 6.750] | Δticks -1.000 | ETA 38.6h
step  78390 | loss 6.8143 | lr 2.03e-04 | grad 1.51 | 0.8k tok/s (avg 0.9k) | cert 0.31→0.57 | ticks [5.906 4.656 4.469 4.531 4.562 4.656 4.500 4.531] | Δticks -1.375 | ETA 38.6h
step  78400 | loss 8.4345 | lr 2.03e-04 | grad 1.45 | 0.8k tok/s (avg 0.9k) | cert 0.53→0.59 | ticks [4.188 3.875 3.781 3.969 4.031 3.984 4.000 3.922] | Δticks -0.266 | ETA 38.6h
step  78410 | loss 5.4604 | lr 2.03e-04 | grad 1.45 | 1.1k tok/s (avg 0.9k) | cert 0.32→0.63 | ticks [4.969 3.797 3.672 3.656 3.688 3.719 3.844 3.688] | Δticks -1.281 | ETA 38.6h
step  78420 | loss 7.6512 | lr 2.03e-04 | grad 1.47 | 0.8k tok/s (avg 0.9k) | cert 0.25→0.50 | ticks [6.625 5.844 5.469 5.562 5.656 5.906 5.688 5.688] | Δticks -0.938 | ETA 38.6h
step  78430 | loss 10.3229 | lr 2.03e-04 | grad 1.47 | 1.1k tok/s (avg 0.9k) | cert 0.63→0.66 | ticks [4.312 4.062 3.938 4.156 3.953 4.469 4.094 3.906] | Δticks -0.406 | ETA 38.6h
step  78440 | loss 6.4719 | lr 2.03e-04 | grad 1.44 | 0.8k tok/s (avg 0.9k) | cert 0.37→0.60 | ticks [5.312 4.469 4.406 4.344 4.375 4.781 4.531 4.344] | Δticks -0.969 | ETA 38.6h
step  78450 | loss 7.4317 | lr 2.03e-04 | grad 1.38 | 0.8k tok/s (avg 0.9k) | cert 0.28→0.51 | ticks [6.125 5.469 5.062 5.062 5.125 5.281 5.188 5.188] | Δticks -0.938 | ETA 38.6h
step  78460 | loss 6.4396 | lr 2.03e-04 | grad 1.38 | 1.1k tok/s (avg 0.9k) | cert 0.42→0.63 | ticks [4.938 4.344 4.156 4.000 4.156 4.531 4.281 4.031] | Δticks -0.906 | ETA 38.6h
step  78470 | loss 7.5869 | lr 2.02e-04 | grad 1.36 | 0.8k tok/s (avg 0.9k) | cert 0.38→0.61 | ticks [5.500 4.750 4.625 4.594 4.531 4.844 4.781 4.625] | Δticks -0.875 | ETA 38.6h
step  78480 | loss 9.4866 | lr 2.02e-04 | grad 1.52 | 0.8k tok/s (avg 0.9k) | cert 0.40→0.58 | ticks [5.531 4.844 4.500 4.688 4.594 4.906 4.688 4.594] | Δticks -0.938 | ETA 38.6h
step  78490 | loss 10.0104 | lr 2.02e-04 | grad 1.52 | 1.1k tok/s (avg 0.9k) | cert 0.26→0.43 | ticks [6.594 5.781 5.781 5.781 5.688 6.000 5.875 6.094] | Δticks -0.500 | ETA 38.6h
step  78500 | loss 9.7914 | lr 2.02e-04 | grad 1.36 | 0.8k tok/s (avg 0.9k) | cert 0.40→0.55 | ticks [5.438 5.031 4.844 4.781 4.781 5.094 4.812 4.875] | Δticks -0.562 | ETA 38.6h
step  78510 | loss 10.1756 | lr 2.02e-04 | grad 1.36 | 1.1k tok/s (avg 0.9k) | cert 0.30→0.50 | ticks [6.594 5.625 5.438 5.406 5.469 5.656 5.594 5.500] | Δticks -1.094 | ETA 38.6h
step  78520 | loss 8.6894 | lr 2.02e-04 | grad 1.41 | 0.8k tok/s (avg 0.9k) | cert 0.36→0.59 | ticks [5.594 4.531 4.375 4.531 4.406 4.938 4.844 4.688] | Δticks -0.906 | ETA 38.6h
step  78530 | loss 6.9916 | lr 2.02e-04 | grad 1.49 | 0.8k tok/s (avg 0.9k) | cert 0.24→0.49 | ticks [6.281 4.969 4.906 4.844 4.844 4.938 4.938 4.969] | Δticks -1.312 | ETA 38.6h
step  78540 | loss 9.1923 | lr 2.02e-04 | grad 1.49 | 1.1k tok/s (avg 0.9k) | cert 0.47→0.57 | ticks [5.062 4.656 4.469 4.469 4.344 4.594 4.469 4.406] | Δticks -0.656 | ETA 38.5h
step  78550 | loss 8.6572 | lr 2.02e-04 | grad 1.17 | 0.8k tok/s (avg 0.9k) | cert 0.41→0.63 | ticks [5.031 4.188 4.281 4.375 4.125 4.625 4.500 4.312] | Δticks -0.719 | ETA 38.5h
step  78560 | loss 8.3362 | lr 2.02e-04 | grad 1.47 | 0.8k tok/s (avg 0.9k) | cert 0.24→0.46 | ticks [7.250 6.438 6.094 6.062 6.188 6.469 6.219 6.250] | Δticks -1.000 | ETA 38.5h
step  78570 | loss 8.6550 | lr 2.02e-04 | grad 1.47 | 1.1k tok/s (avg 0.9k) | cert 0.29→0.52 | ticks [6.250 5.406 5.094 5.125 5.000 5.438 5.125 5.156] | Δticks -1.094 | ETA 38.5h
step  78580 | loss 6.9791 | lr 2.02e-04 | grad 1.45 | 0.8k tok/s (avg 0.9k) | cert 0.39→0.63 | ticks [5.188 4.375 4.219 4.219 4.125 4.500 4.344 4.188] | Δticks -1.000 | ETA 38.5h
step  78590 | loss 7.3274 | lr 2.02e-04 | grad 1.45 | 1.1k tok/s (avg 0.9k) | cert 0.34→0.58 | ticks [6.000 5.156 5.125 5.312 5.000 5.375 5.375 5.125] | Δticks -0.875 | ETA 38.5h
step  78600 | loss 9.3802 | lr 2.02e-04 | grad 1.56 | 0.8k tok/s (avg 0.9k) | cert 0.45→0.57 | ticks [5.156 4.438 4.438 4.719 4.812 5.031 4.844 4.719] | Δticks -0.438 | ETA 38.5h
step  78610 | loss 7.6081 | lr 2.02e-04 | grad 1.59 | 0.8k tok/s (avg 0.9k) | cert 0.37→0.62 | ticks [5.250 4.438 4.156 4.188 4.156 4.562 4.344 4.344] | Δticks -0.906 | ETA 38.5h
step  78620 | loss 8.5193 | lr 2.02e-04 | grad 1.59 | 1.1k tok/s (avg 0.9k) | cert 0.35→0.48 | ticks [6.406 5.688 5.531 5.531 5.531 5.750 5.406 5.656] | Δticks -0.750 | ETA 38.5h
step  78630 | loss 7.5747 | lr 2.02e-04 | grad 1.48 | 0.8k tok/s (avg 0.9k) | cert 0.30→0.56 | ticks [6.094 5.344 5.094 5.188 5.156 5.438 5.156 5.125] | Δticks -0.969 | ETA 38.5h
step  78640 | loss 9.6603 | lr 2.02e-04 | grad 1.43 | 0.8k tok/s (avg 0.9k) | cert 0.36→0.55 | ticks [5.406 4.750 4.438 4.469 4.531 4.938 4.500 4.500] | Δticks -0.906 | ETA 38.5h
step  78650 | loss 8.2091 | lr 2.02e-04 | grad 1.43 | 1.1k tok/s (avg 0.9k) | cert 0.22→0.45 | ticks [7.781 6.406 6.281 6.281 6.188 6.406 6.375 6.656] | Δticks -1.125 | ETA 38.5h
step  78660 | loss 7.8847 | lr 2.02e-04 | grad 1.19 | 0.8k tok/s (avg 0.9k) | cert 0.45→0.57 | ticks [4.781 4.156 4.188 4.156 4.094 4.531 4.219 4.000] | Δticks -0.781 | ETA 38.5h
step  78670 | loss 6.9858 | lr 2.02e-04 | grad 1.19 | 1.1k tok/s (avg 0.9k) | cert 0.52→0.68 | ticks [4.719 4.062 4.000 3.969 3.750 4.188 4.125 3.938] | Δticks -0.781 | ETA 38.5h
step  78680 | loss 8.7783 | lr 2.02e-04 | grad 1.69 | 0.8k tok/s (avg 0.9k) | cert 0.32→0.47 | ticks [5.531 5.031 4.906 4.938 5.094 5.281 5.062 5.125] | Δticks -0.406 | ETA 38.5h
step  78690 | loss 8.3581 | lr 2.02e-04 | grad 1.52 | 0.8k tok/s (avg 0.9k) | cert 0.38→0.59 | ticks [5.281 4.531 4.406 4.344 4.375 4.781 4.594 4.531] | Δticks -0.750 | ETA 38.5h
step  78700 | loss 10.0526 | lr 2.02e-04 | grad 1.52 | 1.1k tok/s (avg 0.9k) | cert 0.33→0.42 | ticks [5.594 5.094 5.094 5.188 5.156 5.312 5.250 5.406] | Δticks -0.188 | ETA 38.5h
step  78710 | loss 8.6605 | lr 2.02e-04 | grad 1.51 | 0.8k tok/s (avg 0.9k) | cert 0.33→0.52 | ticks [6.281 5.750 5.625 5.688 5.469 5.656 5.594 5.625] | Δticks -0.656 | ETA 38.5h
step  78720 | loss 7.6500 | lr 2.02e-04 | grad 1.41 | 0.8k tok/s (avg 0.9k) | cert 0.39→0.54 | ticks [5.406 5.031 4.656 4.719 4.719 5.031 4.750 4.719] | Δticks -0.688 | ETA 38.5h
step  78730 | loss 8.8967 | lr 2.02e-04 | grad 1.41 | 1.1k tok/s (avg 0.9k) | cert 0.29→0.49 | ticks [5.625 4.500 4.500 4.719 4.781 4.844 4.719 4.750] | Δticks -0.875 | ETA 38.5h
step  78740 | loss 8.0611 | lr 2.02e-04 | grad 1.54 | 0.8k tok/s (avg 0.9k) | cert 0.36→0.59 | ticks [5.812 5.062 4.906 4.875 4.906 5.281 5.094 4.906] | Δticks -0.906 | ETA 38.5h
step  78750 | loss 10.0250 | lr 2.02e-04 | grad 1.54 | 1.1k tok/s (avg 0.9k) | cert 0.40→0.55 | ticks [5.656 5.156 4.875 4.969 4.812 5.281 5.000 5.062] | Δticks -0.594 | ETA 38.5h
step  78760 | loss 7.2658 | lr 2.02e-04 | grad 1.24 | 0.8k tok/s (avg 0.9k) | cert 0.31→0.50 | ticks [6.188 5.625 5.438 5.500 5.438 5.625 5.438 5.375] | Δticks -0.812 | ETA 38.5h
step  78770 | loss 7.1538 | lr 2.02e-04 | grad 1.23 | 0.8k tok/s (avg 0.9k) | cert 0.42→0.63 | ticks [4.656 3.953 3.781 3.688 3.719 4.125 3.766 3.766] | Δticks -0.891 | ETA 38.5h
step  78780 | loss 10.0338 | lr 2.02e-04 | grad 1.23 | 1.1k tok/s (avg 0.9k) | cert 0.42→0.61 | ticks [5.688 4.812 4.906 4.875 4.594 5.062 4.969 4.750] | Δticks -0.938 | ETA 38.5h
step  78790 | loss 6.7634 | lr 2.02e-04 | grad 1.27 | 0.8k tok/s (avg 0.9k) | cert 0.34→0.49 | ticks [5.219 4.250 4.312 4.406 4.656 4.625 4.562 4.562] | Δticks -0.656 | ETA 38.5h
step  78800 | loss 12.5813 | lr 2.02e-04 | grad 1.30 | 0.8k tok/s (avg 0.9k) | cert 0.42→0.48 | ticks [5.781 5.031 4.906 4.969 5.000 5.188 5.188 5.188] | Δticks -0.594 | ETA 38.5h
step  78810 | loss 6.0382 | lr 2.02e-04 | grad 1.30 | 1.1k tok/s (avg 0.9k) | cert 0.36→0.64 | ticks [5.031 4.062 3.969 3.781 3.766 4.125 4.094 3.906] | Δticks -1.125 | ETA 38.5h
step  78820 | loss 11.0355 | lr 2.02e-04 | grad 1.28 | 0.8k tok/s (avg 0.9k) | cert 0.64→0.66 | ticks [4.219 3.875 3.891 4.031 3.828 3.969 3.922 3.969] | Δticks -0.250 | ETA 38.5h
step  78830 | loss 8.3557 | lr 2.02e-04 | grad 1.28 | 1.1k tok/s (avg 0.9k) | cert 0.31→0.57 | ticks [5.656 4.938 4.750 4.781 4.719 5.031 5.000 4.688] | Δticks -0.969 | ETA 38.5h
step  78840 | loss 8.8847 | lr 2.02e-04 | grad 1.38 | 0.8k tok/s (avg 0.9k) | cert 0.55→0.66 | ticks [4.406 3.891 3.891 3.906 3.812 4.094 4.000 3.844] | Δticks -0.562 | ETA 38.5h
step  78850 | loss 7.5837 | lr 2.02e-04 | grad 1.47 | 0.8k tok/s (avg 0.9k) | cert 0.35→0.61 | ticks [5.469 4.656 4.562 4.438 4.469 4.875 4.781 4.562] | Δticks -0.906 | ETA 38.5h
step  78860 | loss 7.1449 | lr 2.02e-04 | grad 1.47 | 1.1k tok/s (avg 0.9k) | cert 0.48→0.64 | ticks [4.750 4.219 3.844 3.938 3.844 4.219 4.156 4.094] | Δticks -0.656 | ETA 38.4h
step  78870 | loss 8.0065 | lr 2.02e-04 | grad 1.45 | 0.8k tok/s (avg 0.9k) | cert 0.27→0.50 | ticks [6.688 6.125 5.688 5.719 5.750 6.031 5.781 5.812] | Δticks -0.875 | ETA 38.4h
step  78880 | loss 9.4224 | lr 2.02e-04 | grad 1.27 | 0.8k tok/s (avg 0.9k) | cert 0.34→0.60 | ticks [5.375 4.750 4.594 4.719 4.594 4.656 4.719 4.500] | Δticks -0.875 | ETA 38.4h
step  78890 | loss 6.2603 | lr 2.02e-04 | grad 1.27 | 1.1k tok/s (avg 0.9k) | cert 0.37→0.61 | ticks [5.156 4.531 4.312 4.344 4.188 4.719 4.531 4.406] | Δticks -0.750 | ETA 38.4h
step  78900 | loss 8.1623 | lr 2.02e-04 | grad 1.39 | 0.8k tok/s (avg 0.9k) | cert 0.50→0.62 | ticks [4.469 3.750 3.750 3.922 3.859 4.219 4.125 4.031] | Δticks -0.438 | ETA 38.4h
step  78910 | loss 6.9426 | lr 2.02e-04 | grad 1.39 | 1.1k tok/s (avg 0.9k) | cert 0.39→0.61 | ticks [5.500 4.688 4.594 4.656 4.469 4.844 4.656 4.594] | Δticks -0.906 | ETA 38.4h
step  78920 | loss 9.1677 | lr 2.01e-04 | grad 1.46 | 0.8k tok/s (avg 0.9k) | cert 0.37→0.56 | ticks [5.781 4.906 4.719 4.812 4.844 5.188 4.844 4.844] | Δticks -0.938 | ETA 38.4h
step  78930 | loss 8.2807 | lr 2.01e-04 | grad 1.37 | 0.8k tok/s (avg 0.9k) | cert 0.22→0.39 | ticks [7.812 6.594 6.594 6.625 6.469 6.781 6.656 6.781] | Δticks -1.031 | ETA 38.4h
step  78940 | loss 6.8717 | lr 2.01e-04 | grad 1.37 | 1.1k tok/s (avg 0.9k) | cert 0.57→0.61 | ticks [4.250 3.953 3.875 3.828 3.734 3.922 3.984 3.859] | Δticks -0.391 | ETA 38.4h
step  78950 | loss 8.4739 | lr 2.01e-04 | grad 1.45 | 0.8k tok/s (avg 0.9k) | cert 0.34→0.54 | ticks [5.844 4.906 4.719 4.781 4.875 5.156 4.938 4.750] | Δticks -1.094 | ETA 38.4h
step  78960 | loss 8.8353 | lr 2.01e-04 | grad 1.27 | 0.8k tok/s (avg 0.9k) | cert 0.41→0.57 | ticks [5.594 4.625 4.656 4.688 4.750 5.031 4.875 4.750] | Δticks -0.844 | ETA 38.4h
step  78970 | loss 10.9389 | lr 2.01e-04 | grad 1.27 | 1.1k tok/s (avg 0.9k) | cert 0.57→0.67 | ticks [5.031 4.375 4.281 4.312 4.094 4.750 4.531 4.188] | Δticks -0.844 | ETA 38.4h
step  78980 | loss 7.5447 | lr 2.01e-04 | grad 1.25 | 0.8k tok/s (avg 0.9k) | cert 0.29→0.62 | ticks [5.844 4.781 4.688 4.656 4.688 5.062 4.906 4.719] | Δticks -1.125 | ETA 38.4h
step  78990 | loss 6.1599 | lr 2.01e-04 | grad 1.25 | 1.1k tok/s (avg 0.9k) | cert 0.34→0.48 | ticks [5.469 4.562 4.500 4.594 4.688 4.969 4.719 4.938] | Δticks -0.531 | ETA 38.4h
step  79000 | loss 5.2117 | lr 2.01e-04 | grad 1.21 | 0.8k tok/s (avg 0.9k) | cert 0.33→0.60 | ticks [4.969 3.766 3.859 3.828 3.719 3.906 3.781 3.781] | Δticks -1.188 | ETA 38.4h
step  79010 | loss 8.4313 | lr 2.01e-04 | grad 1.30 | 0.8k tok/s (avg 0.9k) | cert 0.36→0.61 | ticks [5.344 4.625 4.500 4.469 4.469 4.969 4.625 4.406] | Δticks -0.938 | ETA 38.4h
step  79020 | loss 10.2355 | lr 2.01e-04 | grad 1.30 | 1.1k tok/s (avg 0.9k) | cert 0.53→0.63 | ticks [5.250 4.625 4.594 4.688 4.219 4.594 4.719 4.469] | Δticks -0.781 | ETA 38.4h
step  79030 | loss 7.6320 | lr 2.01e-04 | grad 1.42 | 0.8k tok/s (avg 0.9k) | cert 0.27→0.53 | ticks [5.875 4.781 4.688 4.781 4.750 5.062 4.844 4.750] | Δticks -1.125 | ETA 38.4h
step  79040 | loss 9.4537 | lr 2.01e-04 | grad 1.25 | 0.8k tok/s (avg 0.9k) | cert 0.22→0.40 | ticks [7.312 6.062 6.094 6.250 6.125 6.312 6.094 6.375] | Δticks -0.938 | ETA 38.4h
step  79050 | loss 7.2657 | lr 2.01e-04 | grad 1.25 | 1.1k tok/s (avg 0.9k) | cert 0.32→0.52 | ticks [6.062 5.656 5.344 5.438 5.344 5.531 5.406 5.406] | Δticks -0.656 | ETA 38.4h
step  79060 | loss 8.1584 | lr 2.01e-04 | grad 1.27 | 0.8k tok/s (avg 0.9k) | cert 0.24→0.43 | ticks [7.625 6.656 6.562 6.531 6.469 6.625 6.688 6.812] | Δticks -0.812 | ETA 38.4h
step  79070 | loss 6.7441 | lr 2.01e-04 | grad 1.27 | 1.1k tok/s (avg 0.9k) | cert 0.31→0.52 | ticks [6.062 5.094 4.906 4.969 4.938 5.312 5.062 5.094] | Δticks -0.969 | ETA 38.4h
step  79080 | loss 6.1646 | lr 2.01e-04 | grad 1.29 | 0.8k tok/s (avg 0.9k) | cert 0.34→0.61 | ticks [5.094 4.156 4.000 3.875 3.938 4.188 4.125 3.938] | Δticks -1.156 | ETA 38.4h
step  79090 | loss 9.4200 | lr 2.01e-04 | grad 1.44 | 0.8k tok/s (avg 0.9k) | cert 0.36→0.55 | ticks [6.562 5.844 5.594 5.688 5.656 5.938 5.812 5.688] | Δticks -0.875 | ETA 38.4h
step  79100 | loss 7.2589 | lr 2.01e-04 | grad 1.44 | 1.1k tok/s (avg 0.9k) | cert 0.37→0.48 | ticks [5.812 5.000 5.000 5.156 5.188 5.219 5.219 5.281] | Δticks -0.531 | ETA 38.4h
step  79110 | loss 8.0279 | lr 2.01e-04 | grad 1.20 | 0.8k tok/s (avg 0.9k) | cert 0.53→0.61 | ticks [4.531 4.344 4.219 4.344 4.062 4.094 4.281 4.156] | Δticks -0.375 | ETA 38.4h
step  79120 | loss 7.0932 | lr 2.01e-04 | grad 1.30 | 0.8k tok/s (avg 0.9k) | cert 0.37→0.59 | ticks [5.438 4.812 4.656 4.594 4.625 5.062 4.875 4.594] | Δticks -0.844 | ETA 38.4h
step  79130 | loss 6.9350 | lr 2.01e-04 | grad 1.30 | 1.1k tok/s (avg 0.9k) | cert 0.36→0.57 | ticks [5.344 4.406 4.312 4.312 4.438 4.750 4.531 4.406] | Δticks -0.938 | ETA 38.4h
step  79140 | loss 6.2732 | lr 2.01e-04 | grad 1.42 | 0.8k tok/s (avg 0.9k) | cert 0.44→0.66 | ticks [4.656 4.188 3.734 3.750 3.703 4.250 3.938 3.766] | Δticks -0.891 | ETA 38.4h
step  79150 | loss 8.8870 | lr 2.01e-04 | grad 1.42 | 1.1k tok/s (avg 0.9k) | cert 0.28→0.42 | ticks [6.000 5.062 5.031 5.156 5.156 5.219 5.281 5.344] | Δticks -0.656 | ETA 38.3h
step  79160 | loss 6.7215 | lr 2.01e-04 | grad 1.42 | 0.8k tok/s (avg 0.9k) | cert 0.40→0.60 | ticks [5.219 4.719 4.312 4.312 4.219 4.688 4.438 4.375] | Δticks -0.844 | ETA 38.3h
step  79170 | loss 9.1200 | lr 2.01e-04 | grad 1.57 | 0.8k tok/s (avg 0.9k) | cert 0.52→0.61 | ticks [5.031 4.469 4.469 4.500 4.188 4.344 4.250 4.281] | Δticks -0.750 | ETA 38.3h
step  79180 | loss 6.6088 | lr 2.01e-04 | grad 1.57 | 1.1k tok/s (avg 0.9k) | cert 0.38→0.59 | ticks [5.344 4.906 4.625 4.438 4.531 4.938 4.719 4.531] | Δticks -0.812 | ETA 38.3h
step  79190 | loss 8.3742 | lr 2.01e-04 | grad 1.33 | 0.8k tok/s (avg 0.9k) | cert 0.20→0.50 | ticks [7.562 6.562 6.438 6.469 6.438 6.719 6.469 6.469] | Δticks -1.094 | ETA 38.3h
step  79200 | loss 9.2949 | lr 2.01e-04 | grad 1.37 | 0.8k tok/s (avg 0.9k) | cert 0.50→0.67 | ticks [4.438 3.891 3.734 3.688 3.547 4.094 4.000 3.656] | Δticks -0.781 | ETA 38.3h
step  79210 | loss 9.6033 | lr 2.01e-04 | grad 1.37 | 1.1k tok/s (avg 0.9k) | cert 0.51→0.58 | ticks [4.625 4.188 4.000 4.125 4.094 4.438 4.375 4.219] | Δticks -0.406 | ETA 38.3h
step  79220 | loss 9.6574 | lr 2.01e-04 | grad 1.35 | 0.8k tok/s (avg 0.9k) | cert 0.46→0.57 | ticks [5.156 4.562 4.438 4.531 4.219 4.531 4.594 4.469] | Δticks -0.688 | ETA 38.3h
step  79230 | loss 9.3466 | lr 2.01e-04 | grad 1.35 | 1.1k tok/s (avg 0.9k) | cert 0.34→0.52 | ticks [5.906 5.188 5.000 5.125 5.125 5.438 5.125 5.125] | Δticks -0.781 | ETA 38.3h
step  79240 | loss 6.4101 | lr 2.01e-04 | grad 1.60 | 0.8k tok/s (avg 0.9k) | cert 0.33→0.59 | ticks [5.469 4.688 4.469 4.438 4.344 4.875 4.781 4.531] | Δticks -0.938 | ETA 38.3h
step  79250 | loss 7.0301 | lr 2.01e-04 | grad 1.44 | 0.8k tok/s (avg 0.9k) | cert 0.27→0.50 | ticks [5.844 4.812 4.750 4.812 4.875 5.125 5.031 4.938] | Δticks -0.906 | ETA 38.3h
step  79260 | loss 7.5107 | lr 2.01e-04 | grad 1.44 | 1.1k tok/s (avg 0.9k) | cert 0.26→0.44 | ticks [5.781 4.688 4.719 4.875 4.875 4.969 4.938 4.938] | Δticks -0.844 | ETA 38.3h
step  79270 | loss 8.4248 | lr 2.01e-04 | grad 1.27 | 0.8k tok/s (avg 0.9k) | cert 0.52→0.66 | ticks [4.469 3.609 3.625 3.844 3.719 4.031 3.875 3.703] | Δticks -0.766 | ETA 38.3h
step  79280 | loss 7.2438 | lr 2.01e-04 | grad 1.25 | 0.8k tok/s (avg 0.9k) | cert 0.40→0.57 | ticks [5.156 4.688 4.500 4.406 4.312 4.562 4.500 4.344] | Δticks -0.812 | ETA 38.3h
step  79290 | loss 8.6653 | lr 2.01e-04 | grad 1.25 | 1.1k tok/s (avg 0.9k) | cert 0.30→0.52 | ticks [5.906 5.156 5.062 5.062 5.031 5.375 5.250 5.219] | Δticks -0.688 | ETA 38.3h
step  79300 | loss 6.5295 | lr 2.01e-04 | grad 1.46 | 0.8k tok/s (avg 0.9k) | cert 0.43→0.64 | ticks [5.000 4.281 4.250 4.156 4.156 4.500 4.312 4.281] | Δticks -0.719 | ETA 38.3h
step  79310 | loss 8.1463 | lr 2.01e-04 | grad 1.46 | 1.1k tok/s (avg 0.9k) | cert 0.55→0.67 | ticks [4.656 3.906 3.906 3.938 3.750 4.094 3.922 3.812] | Δticks -0.844 | ETA 38.3h
step  79320 | loss 13.1940 | lr 2.01e-04 | grad 1.33 | 0.8k tok/s (avg 0.9k) | cert 0.54→0.63 | ticks [4.844 4.250 4.281 4.562 4.219 4.656 4.406 4.219] | Δticks -0.625 | ETA 38.3h
step  79330 | loss 8.4662 | lr 2.01e-04 | grad 1.52 | 0.8k tok/s (avg 0.9k) | cert 0.68→0.66 | ticks [4.406 3.938 3.922 3.922 3.734 3.953 3.875 3.969] | Δticks -0.438 | ETA 38.3h
step  79340 | loss 7.7545 | lr 2.01e-04 | grad 1.52 | 1.0k tok/s (avg 0.9k) | cert 0.31→0.63 | ticks [5.531 4.594 4.469 4.688 4.250 4.656 4.375 4.500] | Δticks -1.031 | ETA 38.3h
step  79350 | loss 6.1733 | lr 2.01e-04 | grad 1.80 | 0.8k tok/s (avg 0.9k) | cert 0.40→0.62 | ticks [4.938 4.062 3.922 3.906 3.859 4.188 4.094 4.094] | Δticks -0.844 | ETA 38.3h
step  79360 | loss 7.6843 | lr 2.00e-04 | grad 1.72 | 0.8k tok/s (avg 0.9k) | cert 0.24→0.49 | ticks [6.375 5.156 5.156 5.188 5.094 5.312 5.188 5.281] | Δticks -1.094 | ETA 38.3h
step  79370 | loss 9.9948 | lr 2.00e-04 | grad 1.72 | 1.1k tok/s (avg 0.9k) | cert 0.31→0.52 | ticks [6.219 5.406 5.125 5.125 5.125 5.344 5.031 5.125] | Δticks -1.094 | ETA 38.3h
step  79380 | loss 10.8518 | lr 2.00e-04 | grad 1.38 | 0.8k tok/s (avg 0.9k) | cert 0.37→0.51 | ticks [5.531 5.125 4.969 4.938 5.000 5.281 5.125 5.031] | Δticks -0.500 | ETA 38.3h
step  79390 | loss 6.8540 | lr 2.00e-04 | grad 1.38 | 1.1k tok/s (avg 0.9k) | cert 0.26→0.50 | ticks [6.156 5.344 5.000 5.031 5.125 5.344 5.188 5.125] | Δticks -1.031 | ETA 38.3h
step  79400 | loss 8.0814 | lr 2.00e-04 | grad 1.52 | 0.8k tok/s (avg 0.9k) | cert 0.28→0.49 | ticks [5.844 4.875 4.844 4.875 4.938 5.000 4.969 5.094] | Δticks -0.750 | ETA 38.3h
step  79410 | loss 9.1529 | lr 2.00e-04 | grad 1.50 | 0.8k tok/s (avg 0.9k) | cert 0.41→0.60 | ticks [5.250 4.188 4.188 4.250 4.250 4.531 4.406 4.281] | Δticks -0.969 | ETA 38.3h
step  79420 | loss 11.6555 | lr 2.00e-04 | grad 1.50 | 1.1k tok/s (avg 0.9k) | cert 0.49→0.65 | ticks [5.281 4.625 4.656 4.750 4.500 4.906 4.719 4.562] | Δticks -0.719 | ETA 38.3h
step  79430 | loss 9.1081 | lr 2.00e-04 | grad 1.29 | 0.8k tok/s (avg 0.9k) | cert 0.25→0.53 | ticks [6.812 5.781 5.688 5.750 5.781 6.031 5.844 5.688] | Δticks -1.125 | ETA 38.3h
step  79440 | loss 8.1385 | lr 2.00e-04 | grad 1.49 | 0.8k tok/s (avg 0.9k) | cert 0.27→0.50 | ticks [5.719 4.938 4.781 4.781 4.781 5.062 5.000 5.000] | Δticks -0.719 | ETA 38.3h
step  79450 | loss 8.3675 | lr 2.00e-04 | grad 1.49 | 1.1k tok/s (avg 0.9k) | cert 0.35→0.54 | ticks [5.656 4.906 4.812 4.781 4.781 5.188 4.969 4.781] | Δticks -0.875 | ETA 38.3h
step  79460 | loss 9.8450 | lr 2.00e-04 | grad 1.41 | 0.8k tok/s (avg 0.9k) | cert 0.39→0.49 | ticks [5.719 4.969 4.875 4.969 4.906 5.062 5.188 5.125] | Δticks -0.594 | ETA 38.3h
step  79470 | loss 9.3662 | lr 2.00e-04 | grad 1.41 | 1.1k tok/s (avg 0.9k) | cert 0.29→0.40 | ticks [6.062 5.344 5.406 5.469 5.531 5.562 5.625 5.656] | Δticks -0.406 | ETA 38.2h
step  79480 | loss 8.3143 | lr 2.00e-04 | grad 1.38 | 0.8k tok/s (avg 0.9k) | cert 0.48→0.67 | ticks [4.750 4.219 4.125 4.125 3.781 4.094 4.250 4.031] | Δticks -0.719 | ETA 38.2h
step  79490 | loss 7.1029 | lr 2.00e-04 | grad 1.41 | 0.8k tok/s (avg 0.9k) | cert 0.35→0.60 | ticks [5.281 4.688 4.406 4.188 4.312 4.688 4.531 4.469] | Δticks -0.812 | ETA 38.2h
step  79500 | loss 9.1086 | lr 2.00e-04 | grad 1.41 | 1.1k tok/s (avg 0.9k) | cert 0.55→0.65 | ticks [5.562 4.969 4.938 5.250 4.656 4.906 5.094 4.906] | Δticks -0.656 | ETA 38.2h
step  79510 | loss 8.2911 | lr 2.00e-04 | grad 1.27 | 0.8k tok/s (avg 0.9k) | cert 0.36→0.59 | ticks [5.594 4.656 4.688 4.625 4.531 4.906 4.719 4.594] | Δticks -1.000 | ETA 38.2h
step  79520 | loss 8.4792 | lr 2.00e-04 | grad 1.34 | 0.8k tok/s (avg 0.9k) | cert 0.39→0.61 | ticks [5.344 4.469 4.406 4.250 4.281 4.719 4.531 4.312] | Δticks -1.031 | ETA 38.2h
step  79530 | loss 8.0516 | lr 2.00e-04 | grad 1.34 | 1.1k tok/s (avg 0.9k) | cert 0.27→0.51 | ticks [6.375 5.344 5.156 5.156 5.156 5.438 5.312 5.312] | Δticks -1.062 | ETA 38.2h
step  79540 | loss 11.7256 | lr 2.00e-04 | grad 1.58 | 0.8k tok/s (avg 0.9k) | cert 0.25→0.56 | ticks [6.906 5.469 5.375 5.312 5.375 5.625 5.656 5.406] | Δticks -1.500 | ETA 38.2h
step  79550 | loss 7.8619 | lr 2.00e-04 | grad 1.58 | 1.1k tok/s (avg 0.9k) | cert 0.40→0.63 | ticks [5.344 4.594 4.469 4.438 4.312 4.812 4.625 4.438] | Δticks -0.906 | ETA 38.2h
step  79560 | loss 7.7533 | lr 2.00e-04 | grad 1.46 | 0.8k tok/s (avg 0.9k) | cert 0.42→0.58 | ticks [5.312 4.469 4.344 4.312 4.312 4.500 4.375 4.344] | Δticks -0.969 | ETA 38.2h
step  79570 | loss 9.9955 | lr 2.00e-04 | grad 1.37 | 0.8k tok/s (avg 0.9k) | cert 0.41→0.53 | ticks [5.375 4.812 4.719 4.719 4.719 4.781 4.719 4.719] | Δticks -0.656 | ETA 38.2h
step  79580 | loss 10.6936 | lr 2.00e-04 | grad 1.37 | 1.1k tok/s (avg 0.9k) | cert 0.33→0.62 | ticks [6.094 5.094 5.031 5.094 5.031 5.312 5.250 5.156] | Δticks -0.938 | ETA 38.2h
step  79590 | loss 7.8114 | lr 2.00e-04 | grad 1.62 | 0.8k tok/s (avg 0.9k) | cert 0.43→0.63 | ticks [4.531 3.969 3.781 3.828 3.797 4.250 4.156 3.859] | Δticks -0.672 | ETA 38.2h
step  79600 | loss 6.2968 | lr 2.00e-04 | grad 1.38 | 0.8k tok/s (avg 0.9k) | cert 0.51→0.64 | ticks [3.859 3.578 3.406 3.359 3.328 3.766 3.516 3.531] | Δticks -0.328 | ETA 38.2h
step  79610 | loss 9.7231 | lr 2.00e-04 | grad 1.38 | 1.1k tok/s (avg 0.9k) | cert 0.34→0.55 | ticks [5.969 5.219 5.188 5.125 5.094 5.531 5.281 5.250] | Δticks -0.719 | ETA 38.2h
step  79620 | loss 9.9672 | lr 2.00e-04 | grad 1.56 | 0.8k tok/s (avg 0.9k) | cert 0.58→0.60 | ticks [4.594 3.906 3.984 4.094 4.219 4.375 4.125 4.094] | Δticks -0.500 | ETA 38.2h
step  79630 | loss 8.1593 | lr 2.00e-04 | grad 1.56 | 1.1k tok/s (avg 0.9k) | cert 0.48→0.63 | ticks [5.125 4.188 4.312 4.312 4.531 4.781 4.469 4.344] | Δticks -0.781 | ETA 38.2h
step  79640 | loss 7.5782 | lr 2.00e-04 | grad 1.48 | 0.8k tok/s (avg 0.9k) | cert 0.31→0.52 | ticks [6.219 5.438 5.281 5.344 5.156 5.469 5.438 5.344] | Δticks -0.875 | ETA 38.2h
step  79650 | loss 8.3907 | lr 2.00e-04 | grad 1.50 | 0.8k tok/s (avg 0.9k) | cert 0.38→0.60 | ticks [5.719 4.781 4.656 4.688 4.688 5.094 4.938 4.688] | Δticks -1.031 | ETA 38.2h
step  79660 | loss 7.3086 | lr 2.00e-04 | grad 1.50 | 1.1k tok/s (avg 0.9k) | cert 0.37→0.61 | ticks [5.250 4.438 4.469 4.344 4.312 4.781 4.594 4.312] | Δticks -0.938 | ETA 38.2h
step  79670 | loss 10.8273 | lr 2.00e-04 | grad 1.37 | 0.8k tok/s (avg 0.9k) | cert 0.52→0.55 | ticks [4.719 4.438 4.344 4.406 4.500 4.656 4.500 4.562] | Δticks -0.156 | ETA 38.2h
step  79680 | loss 8.2310 | lr 2.00e-04 | grad 1.24 | 0.8k tok/s (avg 0.9k) | cert 0.44→0.62 | ticks [5.156 4.219 4.156 4.375 4.344 4.688 4.438 4.250] | Δticks -0.906 | ETA 38.2h
step  79690 | loss 10.4536 | lr 2.00e-04 | grad 1.24 | 1.1k tok/s (avg 0.9k) | cert 0.37→0.48 | ticks [5.719 5.094 5.062 5.250 5.188 5.375 5.344 5.375] | Δticks -0.344 | ETA 38.2h
step  79700 | loss 9.6544 | lr 2.00e-04 | grad 1.59 | 0.8k tok/s (avg 0.9k) | cert 0.23→0.46 | ticks [7.188 6.312 6.031 6.094 6.062 6.219 6.188 6.344] | Δticks -0.844 | ETA 38.2h
step  79710 | loss 6.6692 | lr 2.00e-04 | grad 1.59 | 1.1k tok/s (avg 0.9k) | cert 0.39→0.60 | ticks [5.250 4.562 4.344 4.312 4.312 4.781 4.594 4.438] | Δticks -0.812 | ETA 38.2h
step  79720 | loss 9.6129 | lr 2.00e-04 | grad 1.45 | 0.8k tok/s (avg 0.9k) | cert 0.28→0.60 | ticks [5.781 4.688 4.406 4.469 4.531 4.969 4.562 4.438] | Δticks -1.344 | ETA 38.2h
step  79730 | loss 10.5026 | lr 2.00e-04 | grad 1.40 | 0.8k tok/s (avg 0.9k) | cert 0.37→0.52 | ticks [5.875 5.188 5.062 5.031 5.125 5.250 5.188 5.156] | Δticks -0.719 | ETA 38.2h
step  79740 | loss 7.5007 | lr 2.00e-04 | grad 1.40 | 1.1k tok/s (avg 0.9k) | cert 0.43→0.64 | ticks [4.875 4.156 4.188 4.281 4.031 4.219 4.156 4.156] | Δticks -0.719 | ETA 38.2h
step  79750 | loss 8.3809 | lr 2.00e-04 | grad 1.37 | 0.8k tok/s (avg 0.9k) | cert 0.55→0.62 | ticks [4.281 4.094 3.828 3.875 3.719 3.875 3.891 3.766] | Δticks -0.516 | ETA 38.2h
step  79760 | loss 7.5064 | lr 2.00e-04 | grad 1.40 | 0.8k tok/s (avg 0.9k) | cert 0.25→0.48 | ticks [6.250 5.625 5.188 5.250 5.312 5.562 5.344 5.312] | Δticks -0.938 | ETA 38.2h
step  79770 | loss 8.1725 | lr 2.00e-04 | grad 1.40 | 1.1k tok/s (avg 0.9k) | cert 0.44→0.64 | ticks [5.250 4.250 4.062 4.188 4.031 4.438 4.250 4.219] | Δticks -1.031 | ETA 38.2h
step  79780 | loss 7.6135 | lr 2.00e-04 | grad 1.34 | 0.8k tok/s (avg 0.9k) | cert 0.49→0.55 | ticks [5.000 4.438 4.281 4.344 4.375 4.719 4.469 4.438] | Δticks -0.562 | ETA 38.2h
step  79790 | loss 6.9199 | lr 2.00e-04 | grad 1.34 | 1.1k tok/s (avg 0.9k) | cert 0.41→0.63 | ticks [4.469 3.891 3.688 3.641 3.531 3.938 3.719 3.828] | Δticks -0.641 | ETA 38.1h
step  79800 | loss 7.8417 | lr 2.00e-04 | grad 1.43 | 0.8k tok/s (avg 0.9k) | cert 0.41→0.61 | ticks [4.375 3.891 3.797 3.734 3.609 3.969 3.797 3.812] | Δticks -0.562 | ETA 38.1h
step  79810 | loss 6.0967 | lr 1.99e-04 | grad 1.62 | 0.8k tok/s (avg 0.9k) | cert 0.34→0.62 | ticks [5.062 4.156 4.125 4.125 4.125 4.344 4.281 3.984] | Δticks -1.078 | ETA 38.1h
step  79820 | loss 8.2598 | lr 1.99e-04 | grad 1.62 | 1.1k tok/s (avg 0.9k) | cert 0.17→0.49 | ticks [7.000 5.719 5.531 5.688 5.562 5.844 5.719 5.688] | Δticks -1.312 | ETA 38.1h
step  79830 | loss 9.8962 | lr 1.99e-04 | grad 1.34 | 0.8k tok/s (avg 0.9k) | cert 0.31→0.49 | ticks [6.344 5.531 5.438 5.531 5.531 5.688 5.688 5.594] | Δticks -0.750 | ETA 38.1h
step  79840 | loss 7.9433 | lr 1.99e-04 | grad 1.22 | 0.8k tok/s (avg 0.9k) | cert 0.47→0.64 | ticks [4.062 3.531 3.312 3.328 3.328 3.562 3.422 3.406] | Δticks -0.656 | ETA 38.1h
step  79850 | loss 9.6182 | lr 1.99e-04 | grad 1.22 | 1.1k tok/s (avg 0.9k) | cert 0.38→0.52 | ticks [5.719 4.969 4.625 4.688 4.688 4.812 4.781 4.812] | Δticks -0.906 | ETA 38.1h
step  79860 | loss 9.6002 | lr 1.99e-04 | grad 1.34 | 0.8k tok/s (avg 0.9k) | cert 0.55→0.63 | ticks [4.844 4.219 4.094 4.188 4.281 4.594 4.375 4.250] | Δticks -0.594 | ETA 38.1h
step  79870 | loss 6.6724 | lr 1.99e-04 | grad 1.34 | 1.1k tok/s (avg 0.9k) | cert 0.31→0.60 | ticks [5.281 4.281 4.125 4.031 4.000 4.312 4.219 4.281] | Δticks -1.000 | ETA 38.1h
step  79880 | loss 6.8229 | lr 1.99e-04 | grad 1.49 | 0.8k tok/s (avg 0.9k) | cert 0.41→0.61 | ticks [5.094 4.375 4.188 4.094 4.062 4.438 4.281 4.156] | Δticks -0.938 | ETA 38.1h
step  79890 | loss 6.7285 | lr 1.99e-04 | grad 1.59 | 0.8k tok/s (avg 0.9k) | cert 0.40→0.55 | ticks [5.562 5.000 4.688 4.625 4.625 4.906 4.750 4.844] | Δticks -0.719 | ETA 38.1h
step  79900 | loss 8.7679 | lr 1.99e-04 | grad 1.59 | 1.1k tok/s (avg 0.9k) | cert 0.47→0.56 | ticks [5.406 4.750 4.562 4.688 4.688 5.031 4.906 4.719] | Δticks -0.688 | ETA 38.1h
step  79910 | loss 5.5953 | lr 1.99e-04 | grad 1.39 | 0.8k tok/s (avg 0.9k) | cert 0.37→0.64 | ticks [4.562 3.969 3.781 3.719 3.672 4.000 3.891 3.625] | Δticks -0.938 | ETA 38.1h
step  79920 | loss 7.2333 | lr 1.99e-04 | grad 1.44 | 0.8k tok/s (avg 0.9k) | cert 0.29→0.52 | ticks [5.438 5.000 4.625 4.656 4.656 4.938 4.625 4.750] | Δticks -0.688 | ETA 38.1h
step  79930 | loss 8.2597 | lr 1.99e-04 | grad 1.44 | 1.1k tok/s (avg 0.9k) | cert 0.33→0.60 | ticks [5.281 4.344 4.156 4.219 4.281 4.500 4.250 4.156] | Δticks -1.125 | ETA 38.1h
step  79940 | loss 6.7479 | lr 1.99e-04 | grad 1.34 | 0.8k tok/s (avg 0.9k) | cert 0.51→0.62 | ticks [4.188 3.812 3.625 3.656 3.609 3.875 3.781 3.719] | Δticks -0.469 | ETA 38.1h
step  79950 | loss 7.7521 | lr 1.99e-04 | grad 1.34 | 1.1k tok/s (avg 0.9k) | cert 0.22→0.46 | ticks [7.000 5.750 5.594 5.688 5.562 5.875 5.688 5.844] | Δticks -1.156 | ETA 38.1h
step  79960 | loss 8.5487 | lr 1.99e-04 | grad 1.31 | 0.8k tok/s (avg 0.9k) | cert 0.35→0.60 | ticks [5.812 4.906 4.656 4.750 4.594 4.969 4.906 4.719] | Δticks -1.094 | ETA 38.1h
step  79970 | loss 7.2765 | lr 1.99e-04 | grad 1.41 | 0.8k tok/s (avg 0.9k) | cert 0.37→0.62 | ticks [5.344 4.375 4.188 4.188 4.219 4.469 4.344 4.219] | Δticks -1.125 | ETA 38.1h
step  79980 | loss 8.4099 | lr 1.99e-04 | grad 1.41 | 1.1k tok/s (avg 0.9k) | cert 0.27→0.56 | ticks [6.281 5.125 5.094 5.281 4.906 5.375 5.219 5.094] | Δticks -1.188 | ETA 38.1h
step  79990 | loss 9.3320 | lr 1.99e-04 | grad 1.37 | 0.8k tok/s (avg 0.9k) | cert 0.37→0.55 | ticks [5.344 4.844 4.688 4.719 4.812 5.094 4.844 4.781] | Δticks -0.562 | ETA 38.1h
step  80000 | loss 8.5050 | lr 1.99e-04 | grad 1.31 | 0.8k tok/s (avg 0.9k) | cert 0.18→0.53 | ticks [7.000 5.438 5.375 5.406 5.438 5.781 5.594 5.406] | Δticks -1.594 | ETA 38.1h
  Saved checkpoint at step 80000
step  80010 | loss 7.7023 | lr 1.99e-04 | grad 1.31 | 0.9k tok/s (avg 0.9k) | cert 0.18→0.45 | ticks [7.344 6.219 5.969 6.031 6.031 6.250 6.094 6.094] | Δticks -1.250 | ETA 38.1h
step  80020 | loss 6.5012 | lr 1.99e-04 | grad 1.32 | 0.8k tok/s (avg 0.9k) | cert 0.30→0.61 | ticks [5.062 3.875 3.719 3.656 3.719 4.062 3.828 3.656] | Δticks -1.406 | ETA 38.1h
step  80030 | loss 7.8408 | lr 1.99e-04 | grad 1.32 | 1.1k tok/s (avg 0.9k) | cert 0.34→0.59 | ticks [6.062 5.188 5.156 5.156 5.000 5.469 5.156 5.156] | Δticks -0.906 | ETA 38.1h
step  80040 | loss 8.5549 | lr 1.99e-04 | grad 1.43 | 0.8k tok/s (avg 0.9k) | cert 0.34→0.59 | ticks [5.188 4.344 4.156 4.156 4.125 4.469 4.344 4.156] | Δticks -1.031 | ETA 38.1h
step  80050 | loss 7.9014 | lr 1.99e-04 | grad 1.42 | 0.8k tok/s (avg 0.9k) | cert 0.51→0.67 | ticks [5.094 4.594 4.469 4.656 4.219 4.656 4.594 4.312] | Δticks -0.781 | ETA 38.1h
step  80060 | loss 7.4229 | lr 1.99e-04 | grad 1.42 | 1.1k tok/s (avg 0.9k) | cert 0.40→0.54 | ticks [5.406 4.969 4.812 4.750 4.750 5.125 4.875 4.688] | Δticks -0.719 | ETA 38.1h
step  80070 | loss 7.8566 | lr 1.99e-04 | grad 1.35 | 0.8k tok/s (avg 0.9k) | cert 0.42→0.66 | ticks [4.656 3.859 3.781 3.875 3.844 4.062 3.938 3.750] | Δticks -0.906 | ETA 38.1h
step  80080 | loss 7.4773 | lr 1.99e-04 | grad 1.49 | 0.8k tok/s (avg 0.9k) | cert 0.53→0.66 | ticks [4.969 4.438 4.469 4.438 4.219 4.594 4.562 4.312] | Δticks -0.656 | ETA 38.1h
step  80090 | loss 7.8335 | lr 1.99e-04 | grad 1.49 | 1.1k tok/s (avg 0.9k) | cert 0.52→0.66 | ticks [4.250 3.844 3.578 3.594 3.562 4.031 3.734 3.641] | Δticks -0.609 | ETA 38.1h
step  80100 | loss 8.2994 | lr 1.99e-04 | grad 1.28 | 0.8k tok/s (avg 0.9k) | cert 0.42→0.59 | ticks [4.938 4.438 4.219 4.250 4.188 4.562 4.219 4.250] | Δticks -0.688 | ETA 38.1h
step  80110 | loss 8.2832 | lr 1.99e-04 | grad 1.28 | 1.1k tok/s (avg 0.9k) | cert 0.29→0.52 | ticks [6.250 5.625 5.406 5.281 5.375 5.625 5.438 5.406] | Δticks -0.844 | ETA 38.0h
step  80120 | loss 8.8345 | lr 1.99e-04 | grad 1.36 | 0.8k tok/s (avg 0.9k) | cert 0.58→0.63 | ticks [4.156 3.547 3.578 3.734 3.891 4.062 3.906 3.781] | Δticks -0.375 | ETA 38.0h
step  80130 | loss 8.7688 | lr 1.99e-04 | grad 1.36 | 0.8k tok/s (avg 0.9k) | cert 0.34→0.53 | ticks [5.969 5.344 4.969 5.000 5.094 5.500 5.094 5.156] | Δticks -0.812 | ETA 38.0h
step  80140 | loss 7.1843 | lr 1.99e-04 | grad 1.36 | 1.1k tok/s (avg 0.9k) | cert 0.40→0.64 | ticks [5.000 4.125 3.828 3.953 3.828 4.250 4.156 3.969] | Δticks -1.031 | ETA 38.0h
step  80150 | loss 7.8588 | lr 1.99e-04 | grad 1.41 | 0.8k tok/s (avg 0.9k) | cert 0.34→0.53 | ticks [6.219 5.562 5.312 5.375 5.375 5.594 5.438 5.375] | Δticks -0.844 | ETA 38.0h
step  80160 | loss 7.2630 | lr 1.99e-04 | grad 1.35 | 0.8k tok/s (avg 0.9k) | cert 0.49→0.66 | ticks [4.219 3.484 3.578 3.609 3.344 3.656 3.594 3.484] | Δticks -0.734 | ETA 38.0h
step  80170 | loss 8.0007 | lr 1.99e-04 | grad 1.35 | 1.1k tok/s (avg 0.9k) | cert 0.50→0.56 | ticks [4.844 4.250 4.031 4.094 4.125 4.438 4.312 4.312] | Δticks -0.531 | ETA 38.0h
step  80180 | loss 7.7789 | lr 1.99e-04 | grad 1.49 | 0.8k tok/s (avg 0.9k) | cert 0.57→0.69 | ticks [4.344 3.844 3.750 3.781 3.609 4.062 3.875 3.594] | Δticks -0.750 | ETA 38.0h
step  80190 | loss 7.1464 | lr 1.99e-04 | grad 1.49 | 1.1k tok/s (avg 0.9k) | cert 0.49→0.61 | ticks [4.469 3.891 3.859 3.922 3.859 4.156 3.984 3.812] | Δticks -0.656 | ETA 38.0h
step  80200 | loss 9.2363 | lr 1.99e-04 | grad 1.41 | 0.8k tok/s (avg 0.9k) | cert 0.45→0.53 | ticks [5.156 4.750 4.469 4.438 4.531 4.844 4.656 4.750] | Δticks -0.406 | ETA 38.0h
step  80210 | loss 6.7568 | lr 1.99e-04 | grad 1.43 | 0.8k tok/s (avg 0.9k) | cert 0.45→0.56 | ticks [4.844 4.438 4.156 4.250 4.125 4.281 4.281 4.250] | Δticks -0.594 | ETA 38.0h
step  80220 | loss 7.4635 | lr 1.99e-04 | grad 1.43 | 1.1k tok/s (avg 0.9k) | cert 0.39→0.59 | ticks [5.031 4.250 4.344 4.250 4.250 4.719 4.562 4.250] | Δticks -0.781 | ETA 38.0h
step  80230 | loss 6.2897 | lr 1.99e-04 | grad 1.62 | 0.8k tok/s (avg 0.9k) | cert 0.32→0.58 | ticks [4.969 3.953 3.797 3.703 3.891 4.062 3.906 3.922] | Δticks -1.047 | ETA 38.0h
step  80240 | loss 8.1644 | lr 1.99e-04 | grad 1.38 | 0.8k tok/s (avg 0.9k) | cert 0.23→0.52 | ticks [6.094 5.062 4.906 5.000 5.031 5.250 5.156 5.031] | Δticks -1.062 | ETA 38.0h
step  80250 | loss 8.1516 | lr 1.98e-04 | grad 1.38 | 1.1k tok/s (avg 0.9k) | cert 0.43→0.63 | ticks [5.156 4.406 4.156 4.219 4.188 4.531 4.312 4.219] | Δticks -0.938 | ETA 38.0h
step  80260 | loss 11.6054 | lr 1.98e-04 | grad 1.40 | 0.8k tok/s (avg 0.9k) | cert 0.39→0.47 | ticks [5.469 4.750 4.688 4.688 4.875 5.000 4.781 5.031] | Δticks -0.438 | ETA 38.0h
step  80270 | loss 9.3609 | lr 1.98e-04 | grad 1.40 | 1.1k tok/s (avg 0.9k) | cert 0.40→0.61 | ticks [5.312 4.438 4.344 4.375 4.469 4.750 4.656 4.438] | Δticks -0.875 | ETA 38.0h
step  80280 | loss 6.1504 | lr 1.98e-04 | grad 1.37 | 0.8k tok/s (avg 0.9k) | cert 0.33→0.57 | ticks [5.344 4.344 4.281 4.250 4.156 4.656 4.469 4.312] | Δticks -1.031 | ETA 38.0h
step  80290 | loss 5.5605 | lr 1.98e-04 | grad 1.35 | 0.8k tok/s (avg 0.9k) | cert 0.35→0.66 | ticks [4.438 3.406 3.328 3.375 3.344 3.688 3.641 3.375] | Δticks -1.062 | ETA 38.0h
step  80300 | loss 9.0416 | lr 1.98e-04 | grad 1.35 | 1.1k tok/s (avg 0.9k) | cert 0.38→0.51 | ticks [5.656 5.094 4.844 4.906 4.906 5.031 4.938 5.062] | Δticks -0.594 | ETA 38.0h
step  80310 | loss 7.9376 | lr 1.98e-04 | grad 1.55 | 0.8k tok/s (avg 0.9k) | cert 0.38→0.64 | ticks [5.438 4.406 4.500 4.562 4.562 5.000 4.750 4.594] | Δticks -0.844 | ETA 38.0h
step  80320 | loss 6.2411 | lr 1.98e-04 | grad 1.41 | 0.8k tok/s (avg 0.9k) | cert 0.45→0.60 | ticks [4.531 4.188 4.031 3.984 3.938 4.281 4.125 3.844] | Δticks -0.688 | ETA 38.0h
step  80330 | loss 6.5349 | lr 1.98e-04 | grad 1.41 | 1.1k tok/s (avg 0.9k) | cert 0.55→0.64 | ticks [4.344 4.125 3.984 4.000 3.578 3.797 4.031 3.953] | Δticks -0.391 | ETA 38.0h
step  80340 | loss 8.0195 | lr 1.98e-04 | grad 1.42 | 0.8k tok/s (avg 0.9k) | cert 0.16→0.45 | ticks [7.594 6.312 6.031 6.125 6.062 6.344 6.156 6.188] | Δticks -1.406 | ETA 38.0h
step  80350 | loss 7.6862 | lr 1.98e-04 | grad 1.42 | 1.1k tok/s (avg 0.9k) | cert 0.36→0.56 | ticks [5.625 4.812 4.688 4.750 4.750 5.031 4.750 4.719] | Δticks -0.906 | ETA 38.0h
step  80360 | loss 8.3913 | lr 1.98e-04 | grad 1.30 | 0.8k tok/s (avg 0.9k) | cert 0.38→0.56 | ticks [5.469 4.906 4.562 4.719 4.625 4.875 4.625 4.594] | Δticks -0.875 | ETA 38.0h
step  80370 | loss 9.7853 | lr 1.98e-04 | grad 1.32 | 0.8k tok/s (avg 0.9k) | cert 0.57→0.66 | ticks [4.719 4.156 4.188 4.281 4.062 4.219 4.375 4.219] | Δticks -0.500 | ETA 38.0h
step  80380 | loss 10.0119 | lr 1.98e-04 | grad 1.32 | 1.1k tok/s (avg 0.9k) | cert 0.42→0.48 | ticks [6.031 5.281 5.188 5.312 5.219 5.406 5.375 5.438] | Δticks -0.594 | ETA 38.0h
step  80390 | loss 6.7915 | lr 1.98e-04 | grad 1.55 | 0.8k tok/s (avg 0.9k) | cert 0.42→0.66 | ticks [4.594 3.875 3.750 3.750 3.625 3.875 3.797 3.656] | Δticks -0.938 | ETA 38.0h
step  80400 | loss 9.7682 | lr 1.98e-04 | grad 2.28 | 0.8k tok/s (avg 0.9k) | cert 0.48→0.60 | ticks [5.156 4.656 4.594 4.562 4.281 4.844 4.562 4.531] | Δticks -0.625 | ETA 38.0h
step  80410 | loss 8.6746 | lr 1.98e-04 | grad 2.28 | 1.1k tok/s (avg 0.9k) | cert 0.40→0.57 | ticks [5.469 4.812 4.750 4.719 4.656 4.875 4.750 4.594] | Δticks -0.875 | ETA 38.0h
step  80420 | loss 7.4156 | lr 1.98e-04 | grad 2.17 | 0.8k tok/s (avg 0.9k) | cert 0.46→0.61 | ticks [5.031 4.344 4.312 4.438 4.281 4.688 4.500 4.375] | Δticks -0.656 | ETA 38.0h
step  80430 | loss 9.4291 | lr 1.98e-04 | grad 2.17 | 1.1k tok/s (avg 0.9k) | cert 0.57→0.65 | ticks [4.625 4.125 3.969 4.156 4.031 4.250 4.250 3.969] | Δticks -0.656 | ETA 37.9h
step  80440 | loss 8.2070 | lr 1.98e-04 | grad 1.73 | 0.8k tok/s (avg 0.9k) | cert 0.46→0.64 | ticks [4.875 4.031 4.094 4.219 4.250 4.219 4.188 3.922] | Δticks -0.953 | ETA 37.9h
step  80450 | loss 8.9956 | lr 1.98e-04 | grad 1.49 | 0.8k tok/s (avg 0.9k) | cert 0.46→0.65 | ticks [5.344 4.250 4.094 4.219 4.188 4.125 4.188 4.031] | Δticks -1.312 | ETA 37.9h
step  80460 | loss 7.2373 | lr 1.98e-04 | grad 1.49 | 1.1k tok/s (avg 0.9k) | cert 0.29→0.61 | ticks [6.156 5.125 5.031 4.938 4.906 5.281 5.188 4.906] | Δticks -1.250 | ETA 37.9h
step  80470 | loss 7.9370 | lr 1.98e-04 | grad 1.26 | 0.8k tok/s (avg 0.9k) | cert 0.41→0.55 | ticks [5.375 4.938 4.781 4.750 4.688 5.031 4.844 4.750] | Δticks -0.625 | ETA 37.9h
step  80480 | loss 8.1792 | lr 1.98e-04 | grad 1.42 | 0.8k tok/s (avg 0.9k) | cert 0.30→0.53 | ticks [5.625 5.000 4.719 4.781 4.688 5.031 4.750 4.688] | Δticks -0.938 | ETA 37.9h
step  80490 | loss 6.1860 | lr 1.98e-04 | grad 1.42 | 1.1k tok/s (avg 0.9k) | cert 0.27→0.54 | ticks [5.469 4.062 4.188 4.156 4.250 4.250 4.188 4.281] | Δticks -1.188 | ETA 37.9h
step  80500 | loss 8.5636 | lr 1.98e-04 | grad 1.54 | 0.8k tok/s (avg 0.9k) | cert 0.56→0.72 | ticks [4.219 3.703 3.719 3.656 3.500 3.891 3.703 3.562] | Δticks -0.656 | ETA 37.9h
step  80510 | loss 7.3109 | lr 1.98e-04 | grad 1.54 | 1.1k tok/s (avg 0.9k) | cert 0.42→0.66 | ticks [4.812 4.000 4.000 3.891 3.844 4.406 4.250 3.969] | Δticks -0.844 | ETA 37.9h
step  80520 | loss 6.4226 | lr 1.98e-04 | grad 1.85 | 0.8k tok/s (avg 0.9k) | cert 0.35→0.65 | ticks [4.906 3.797 3.688 3.641 3.547 3.750 3.797 3.656] | Δticks -1.250 | ETA 37.9h
step  80530 | loss 8.3958 | lr 1.98e-04 | grad 1.57 | 0.8k tok/s (avg 0.9k) | cert 0.47→0.66 | ticks [5.219 4.500 4.469 4.375 4.219 4.656 4.656 4.406] | Δticks -0.812 | ETA 37.9h
step  80540 | loss 8.6401 | lr 1.98e-04 | grad 1.57 | 1.1k tok/s (avg 0.9k) | cert 0.54→0.68 | ticks [4.469 3.734 3.844 3.906 3.797 4.031 4.062 3.906] | Δticks -0.562 | ETA 37.9h
step  80550 | loss 8.5342 | lr 1.98e-04 | grad 1.38 | 0.8k tok/s (avg 0.9k) | cert 0.62→0.70 | ticks [4.062 3.688 3.750 3.750 3.562 4.031 3.859 3.781] | Δticks -0.281 | ETA 37.9h
step  80560 | loss 7.0356 | lr 1.98e-04 | grad 1.41 | 0.8k tok/s (avg 0.9k) | cert 0.29→0.52 | ticks [6.156 5.312 4.906 5.031 4.906 5.188 4.938 5.000] | Δticks -1.156 | ETA 37.9h
step  80570 | loss 8.0616 | lr 1.98e-04 | grad 1.41 | 1.1k tok/s (avg 0.9k) | cert 0.53→0.71 | ticks [3.594 3.172 3.250 3.359 2.656 3.141 3.391 3.156] | Δticks -0.438 | ETA 37.9h
step  80580 | loss 5.8127 | lr 1.98e-04 | grad 1.44 | 0.8k tok/s (avg 0.9k) | cert 0.29→0.57 | ticks [5.281 4.219 3.969 3.969 4.031 4.188 4.094 4.156] | Δticks -1.125 | ETA 37.9h
step  80590 | loss 5.7588 | lr 1.98e-04 | grad 1.44 | 1.1k tok/s (avg 0.9k) | cert 0.41→0.65 | ticks [5.031 4.000 4.156 4.000 3.953 4.250 4.094 4.000] | Δticks -1.031 | ETA 37.9h
step  80600 | loss 8.1979 | lr 1.98e-04 | grad 1.37 | 0.8k tok/s (avg 0.9k) | cert 0.35→0.52 | ticks [5.719 4.656 4.781 4.906 4.719 5.188 5.000 4.844] | Δticks -0.875 | ETA 37.9h
step  80610 | loss 6.1947 | lr 1.98e-04 | grad 1.36 | 0.8k tok/s (avg 0.9k) | cert 0.48→0.64 | ticks [4.438 3.922 3.797 3.828 3.750 4.062 3.906 3.797] | Δticks -0.641 | ETA 37.9h
step  80620 | loss 7.5869 | lr 1.98e-04 | grad 1.36 | 1.1k tok/s (avg 0.9k) | cert 0.70→0.68 | ticks [4.031 3.844 3.812 3.828 3.625 4.031 3.828 3.750] | Δticks -0.281 | ETA 37.9h
step  80630 | loss 6.3386 | lr 1.98e-04 | grad 1.24 | 0.8k tok/s (avg 0.9k) | cert 0.55→0.64 | ticks [4.344 3.875 3.844 3.906 3.734 3.984 3.812 3.922] | Δticks -0.422 | ETA 37.9h
step  80640 | loss 5.9343 | lr 1.98e-04 | grad 1.27 | 0.8k tok/s (avg 0.9k) | cert 0.53→0.71 | ticks [4.188 3.547 3.641 3.609 3.281 3.750 3.562 3.500] | Δticks -0.688 | ETA 37.9h
step  80650 | loss 6.9387 | lr 1.98e-04 | grad 1.27 | 1.1k tok/s (avg 0.9k) | cert 0.60→0.68 | ticks [3.906 3.484 3.391 3.484 3.094 3.312 3.359 3.375] | Δticks -0.531 | ETA 37.9h
step  80660 | loss 6.5023 | lr 1.98e-04 | grad 1.52 | 0.8k tok/s (avg 0.9k) | cert 0.43→0.59 | ticks [5.156 4.688 4.500 4.438 4.469 4.812 4.625 4.438] | Δticks -0.719 | ETA 37.9h
step  80670 | loss 9.8842 | lr 1.98e-04 | grad 1.52 | 1.1k tok/s (avg 0.9k) | cert 0.40→0.59 | ticks [5.438 4.875 4.719 4.594 4.750 4.969 4.781 4.719] | Δticks -0.719 | ETA 37.9h
step  80680 | loss 6.4705 | lr 1.98e-04 | grad 1.30 | 0.8k tok/s (avg 0.9k) | cert 0.27→0.46 | ticks [5.688 4.562 4.375 4.469 4.531 4.656 4.469 4.875] | Δticks -0.812 | ETA 37.9h
step  80690 | loss 11.5919 | lr 1.98e-04 | grad 1.34 | 0.8k tok/s (avg 0.9k) | cert 0.62→0.62 | ticks [3.344 3.016 3.359 3.609 3.406 3.594 3.734 3.391] | Δticks +0.047 | ETA 37.9h
step  80700 | loss 8.2089 | lr 1.97e-04 | grad 1.34 | 1.1k tok/s (avg 0.9k) | cert 0.51→0.66 | ticks [5.156 4.531 4.531 4.438 4.312 4.812 4.750 4.406] | Δticks -0.750 | ETA 37.9h
step  80710 | loss 9.1259 | lr 1.97e-04 | grad 1.76 | 0.8k tok/s (avg 0.9k) | cert 0.49→0.70 | ticks [4.250 3.531 3.562 3.594 3.438 3.828 3.672 3.594] | Δticks -0.656 | ETA 37.9h
step  80720 | loss 6.8287 | lr 1.97e-04 | grad 1.55 | 0.8k tok/s (avg 0.9k) | cert 0.58→0.70 | ticks [3.984 3.406 3.359 3.422 3.234 3.656 3.516 3.406] | Δticks -0.578 | ETA 37.9h
step  80730 | loss 9.3118 | lr 1.97e-04 | grad 1.55 | 1.1k tok/s (avg 0.9k) | cert 0.15→0.38 | ticks [8.438 7.219 7.125 7.219 7.188 7.312 7.156 7.438] | Δticks -1.000 | ETA 37.9h
step  80740 | loss 8.9228 | lr 1.97e-04 | grad 1.49 | 0.8k tok/s (avg 0.9k) | cert 0.16→0.37 | ticks [8.125 6.906 6.875 6.938 6.938 7.062 6.969 7.250] | Δticks -0.875 | ETA 37.9h
step  80750 | loss 6.8241 | lr 1.97e-04 | grad 1.49 | 1.1k tok/s (avg 0.9k) | cert 0.42→0.63 | ticks [4.969 4.344 4.312 4.375 4.219 4.688 4.469 4.344] | Δticks -0.625 | ETA 37.8h
step  80760 | loss 8.9218 | lr 1.97e-04 | grad 1.39 | 0.8k tok/s (avg 0.9k) | cert 0.21→0.49 | ticks [6.938 5.844 5.656 5.750 5.594 5.844 5.781 5.844] | Δticks -1.094 | ETA 37.8h
step  80770 | loss 11.6779 | lr 1.97e-04 | grad 1.45 | 0.8k tok/s (avg 0.9k) | cert 0.53→0.59 | ticks [5.000 4.312 4.344 4.406 4.250 4.656 4.594 4.375] | Δticks -0.625 | ETA 37.8h
step  80780 | loss 6.4082 | lr 1.97e-04 | grad 1.45 | 1.1k tok/s (avg 0.9k) | cert 0.50→0.70 | ticks [4.625 3.891 3.875 3.828 3.609 4.000 3.859 3.656] | Δticks -0.969 | ETA 37.8h
step  80790 | loss 8.2592 | lr 1.97e-04 | grad 1.67 | 0.8k tok/s (avg 0.9k) | cert 0.26→0.46 | ticks [6.844 6.094 6.062 6.188 6.156 6.312 6.250 6.219] | Δticks -0.625 | ETA 37.8h
step  80800 | loss 7.3836 | lr 1.97e-04 | grad 1.54 | 0.8k tok/s (avg 0.9k) | cert 0.35→0.52 | ticks [5.000 4.344 4.594 4.688 4.656 4.781 4.719 4.594] | Δticks -0.406 | ETA 37.8h
step  80810 | loss 7.9325 | lr 1.97e-04 | grad 1.54 | 1.1k tok/s (avg 0.9k) | cert 0.50→0.64 | ticks [4.406 3.859 3.734 3.688 3.812 3.859 3.781 3.609] | Δticks -0.797 | ETA 37.8h
step  80820 | loss 9.0023 | lr 1.97e-04 | grad 1.53 | 0.8k tok/s (avg 0.9k) | cert 0.34→0.52 | ticks [5.906 5.000 5.094 5.250 5.250 5.344 5.281 5.312] | Δticks -0.594 | ETA 37.8h
step  80830 | loss 7.3484 | lr 1.97e-04 | grad 1.53 | 1.1k tok/s (avg 0.9k) | cert 0.48→0.66 | ticks [4.719 3.688 3.797 3.719 3.656 4.156 3.891 3.719] | Δticks -1.000 | ETA 37.8h
step  80840 | loss 8.4863 | lr 1.97e-04 | grad 1.63 | 0.8k tok/s (avg 0.9k) | cert 0.25→0.50 | ticks [7.375 6.656 6.531 6.562 6.531 6.875 6.719 6.469] | Δticks -0.906 | ETA 37.8h
step  80850 | loss 9.1533 | lr 1.97e-04 | grad 1.36 | 0.8k tok/s (avg 0.9k) | cert 0.20→0.47 | ticks [7.688 6.031 6.031 6.062 5.969 6.281 6.156 6.156] | Δticks -1.531 | ETA 37.8h
step  80860 | loss 7.6161 | lr 1.97e-04 | grad 1.36 | 1.1k tok/s (avg 0.9k) | cert 0.47→0.64 | ticks [4.500 3.891 3.812 3.859 4.031 4.125 3.906 3.734] | Δticks -0.766 | ETA 37.8h
step  80870 | loss 10.6387 | lr 1.97e-04 | grad 1.52 | 0.8k tok/s (avg 0.9k) | cert 0.49→0.61 | ticks [4.750 4.062 4.188 4.219 3.891 4.406 4.281 4.188] | Δticks -0.562 | ETA 37.8h
step  80880 | loss 11.0807 | lr 1.97e-04 | grad 1.34 | 0.8k tok/s (avg 0.9k) | cert 0.54→0.64 | ticks [5.438 4.375 4.438 4.406 4.281 4.812 4.594 4.406] | Δticks -1.031 | ETA 37.8h
step  80890 | loss 12.6028 | lr 1.97e-04 | grad 1.34 | 1.1k tok/s (avg 0.9k) | cert 0.41→0.51 | ticks [4.969 4.500 4.312 4.500 4.469 4.719 4.562 4.688] | Δticks -0.281 | ETA 37.8h
step  80900 | loss 6.1367 | lr 1.97e-04 | grad 1.29 | 0.8k tok/s (avg 0.9k) | cert 0.45→0.64 | ticks [4.375 3.656 3.453 3.406 3.375 3.859 3.641 3.531] | Δticks -0.844 | ETA 37.8h
step  80910 | loss 7.9429 | lr 1.97e-04 | grad 1.29 | 1.1k tok/s (avg 0.9k) | cert 0.50→0.58 | ticks [5.031 4.312 4.188 4.375 4.281 4.500 4.312 4.375] | Δticks -0.656 | ETA 37.8h
step  80920 | loss 7.2971 | lr 1.97e-04 | grad 1.31 | 0.8k tok/s (avg 0.9k) | cert 0.38→0.59 | ticks [5.094 4.500 4.312 4.375 4.125 4.531 4.438 4.281] | Δticks -0.812 | ETA 37.8h
step  80930 | loss 7.3314 | lr 1.97e-04 | grad 1.46 | 0.8k tok/s (avg 0.9k) | cert 0.35→0.53 | ticks [5.875 5.312 5.125 5.125 4.969 5.438 5.188 5.188] | Δticks -0.688 | ETA 37.8h
step  80940 | loss 7.1214 | lr 1.97e-04 | grad 1.46 | 1.1k tok/s (avg 0.9k) | cert 0.38→0.56 | ticks [5.125 4.750 4.469 4.656 4.469 4.812 4.625 4.562] | Δticks -0.562 | ETA 37.8h
step  80950 | loss 5.8647 | lr 1.97e-04 | grad 1.18 | 0.8k tok/s (avg 0.9k) | cert 0.24→0.51 | ticks [5.625 4.188 4.094 4.125 4.125 4.219 4.219 4.250] | Δticks -1.375 | ETA 37.8h
step  80960 | loss 8.7530 | lr 1.97e-04 | grad 1.16 | 0.8k tok/s (avg 0.9k) | cert 0.46→0.62 | ticks [5.281 4.688 4.562 4.562 4.375 4.531 4.594 4.500] | Δticks -0.781 | ETA 37.8h
step  80970 | loss 9.5134 | lr 1.97e-04 | grad 1.16 | 1.1k tok/s (avg 0.9k) | cert 0.21→0.43 | ticks [7.531 6.594 6.375 6.469 6.469 6.812 6.562 6.688] | Δticks -0.844 | ETA 37.8h
step  80980 | loss 6.9513 | lr 1.97e-04 | grad 1.33 | 0.8k tok/s (avg 0.9k) | cert 0.59→0.70 | ticks [4.156 3.359 3.359 3.484 3.375 3.703 3.562 3.422] | Δticks -0.734 | ETA 37.8h
step  80990 | loss 6.8885 | lr 1.97e-04 | grad 1.33 | 1.1k tok/s (avg 0.9k) | cert 0.53→0.71 | ticks [4.125 3.406 3.438 3.453 3.375 3.766 3.625 3.453] | Δticks -0.672 | ETA 37.8h
step  81000 | loss 9.7477 | lr 1.97e-04 | grad 1.12 | 0.8k tok/s (avg 0.9k) | cert 0.15→0.38 | ticks [7.969 6.625 6.562 6.562 6.625 6.719 6.688 6.875] | Δticks -1.094 | ETA 37.8h
step  81010 | loss 8.3499 | lr 1.97e-04 | grad 1.30 | 0.8k tok/s (avg 0.9k) | cert 0.59→0.68 | ticks [4.219 3.609 3.672 3.625 3.531 3.922 3.938 3.719] | Δticks -0.500 | ETA 37.8h
step  81020 | loss 9.8235 | lr 1.97e-04 | grad 1.30 | 1.1k tok/s (avg 0.9k) | cert 0.43→0.57 | ticks [4.781 4.000 4.031 4.031 3.938 4.188 4.156 4.062] | Δticks -0.719 | ETA 37.8h
step  81030 | loss 8.2956 | lr 1.97e-04 | grad 1.38 | 0.8k tok/s (avg 0.9k) | cert 0.42→0.62 | ticks [5.344 4.406 4.250 4.281 4.312 4.688 4.625 4.375] | Δticks -0.969 | ETA 37.8h
step  81040 | loss 6.8131 | lr 1.97e-04 | grad 1.34 | 0.8k tok/s (avg 0.9k) | cert 0.51→0.67 | ticks [4.344 3.516 3.500 3.531 3.547 3.547 3.500 3.484] | Δticks -0.859 | ETA 37.8h
step  81050 | loss 4.2595 | lr 1.97e-04 | grad 1.34 | 1.1k tok/s (avg 0.9k) | cert 0.40→0.65 | ticks [4.344 3.141 3.109 3.047 3.016 3.172 3.141 3.031] | Δticks -1.312 | ETA 37.8h
step  81060 | loss 7.5222 | lr 1.97e-04 | grad 1.38 | 0.8k tok/s (avg 0.9k) | cert 0.53→0.66 | ticks [3.922 3.359 3.344 3.312 3.203 3.484 3.422 3.297] | Δticks -0.625 | ETA 37.8h
step  81070 | loss 7.5172 | lr 1.97e-04 | grad 1.38 | 1.1k tok/s (avg 0.9k) | cert 0.34→0.62 | ticks [5.281 4.344 4.219 3.969 4.000 4.406 4.375 4.062] | Δticks -1.219 | ETA 37.7h
step  81080 | loss 10.5837 | lr 1.97e-04 | grad 1.25 | 0.8k tok/s (avg 0.9k) | cert 0.43→0.61 | ticks [5.031 4.281 4.312 4.312 4.312 4.719 4.594 4.375] | Δticks -0.656 | ETA 37.7h
step  81090 | loss 8.4413 | lr 1.97e-04 | grad 1.40 | 0.8k tok/s (avg 0.9k) | cert 0.19→0.45 | ticks [7.500 6.531 6.219 6.375 6.312 6.656 6.219 6.406] | Δticks -1.094 | ETA 37.7h
step  81100 | loss 8.7934 | lr 1.97e-04 | grad 1.40 | 1.1k tok/s (avg 0.9k) | cert 0.39→0.49 | ticks [5.219 4.625 4.594 4.625 4.531 4.656 4.719 4.656] | Δticks -0.562 | ETA 37.7h
step  81110 | loss 9.8689 | lr 1.97e-04 | grad 1.27 | 0.8k tok/s (avg 0.9k) | cert 0.39→0.46 | ticks [6.281 5.531 5.375 5.469 5.406 5.656 5.562 5.906] | Δticks -0.375 | ETA 37.7h
step  81120 | loss 7.5877 | lr 1.97e-04 | grad 1.34 | 0.8k tok/s (avg 0.9k) | cert 0.42→0.64 | ticks [5.000 4.375 4.094 4.062 3.984 4.438 4.250 4.125] | Δticks -0.875 | ETA 37.7h
step  81130 | loss 5.8700 | lr 1.97e-04 | grad 1.34 | 1.1k tok/s (avg 0.9k) | cert 0.56→0.71 | ticks [3.609 3.250 3.344 3.422 3.000 3.484 3.344 3.281] | Δticks -0.328 | ETA 37.7h
step  81140 | loss 8.6173 | lr 1.96e-04 | grad 1.22 | 0.8k tok/s (avg 0.9k) | cert 0.28→0.50 | ticks [6.562 5.531 5.250 5.469 5.406 5.625 5.281 5.406] | Δticks -1.156 | ETA 37.7h
step  81150 | loss 6.7345 | lr 1.96e-04 | grad 1.22 | 1.1k tok/s (avg 0.9k) | cert 0.44→0.58 | ticks [5.031 4.562 4.531 4.625 4.375 4.500 4.531 4.500] | Δticks -0.531 | ETA 37.7h
step  81160 | loss 9.8679 | lr 1.96e-04 | grad 1.32 | 0.8k tok/s (avg 0.9k) | cert 0.41→0.60 | ticks [5.469 4.938 4.719 4.844 4.781 5.031 4.781 4.750] | Δticks -0.719 | ETA 37.7h
step  81170 | loss 9.3285 | lr 1.96e-04 | grad 1.30 | 0.8k tok/s (avg 0.9k) | cert 0.26→0.50 | ticks [5.781 4.781 4.750 4.750 4.875 5.000 4.969 4.938] | Δticks -0.844 | ETA 37.7h
step  81180 | loss 8.1094 | lr 1.96e-04 | grad 1.30 | 1.1k tok/s (avg 0.9k) | cert 0.43→0.64 | ticks [5.031 4.344 4.188 4.125 4.125 4.469 4.281 4.188] | Δticks -0.844 | ETA 37.7h
step  81190 | loss 5.7836 | lr 1.96e-04 | grad 1.27 | 0.8k tok/s (avg 0.9k) | cert 0.50→0.68 | ticks [4.625 3.656 3.672 3.578 3.422 3.750 3.641 3.562] | Δticks -1.062 | ETA 37.7h
step  81200 | loss 6.3005 | lr 1.96e-04 | grad 1.45 | 0.8k tok/s (avg 0.9k) | cert 0.40→0.64 | ticks [4.500 3.938 3.672 3.531 3.562 3.891 3.750 3.719] | Δticks -0.781 | ETA 37.7h
step  81210 | loss 6.8789 | lr 1.96e-04 | grad 1.45 | 1.1k tok/s (avg 0.9k) | cert 0.37→0.55 | ticks [5.188 4.562 4.281 4.250 4.312 4.656 4.375 4.406] | Δticks -0.781 | ETA 37.7h
step  81220 | loss 7.5630 | lr 1.96e-04 | grad 1.24 | 0.8k tok/s (avg 0.9k) | cert 0.35→0.64 | ticks [4.969 4.219 3.938 3.906 4.062 4.469 4.188 3.984] | Δticks -0.984 | ETA 37.7h
step  81230 | loss 9.7561 | lr 1.96e-04 | grad 1.24 | 1.1k tok/s (avg 0.9k) | cert 0.39→0.60 | ticks [5.156 4.562 4.469 4.562 4.375 4.719 4.531 4.375] | Δticks -0.781 | ETA 37.7h
step  81240 | loss 7.7779 | lr 1.96e-04 | grad 1.36 | 0.8k tok/s (avg 0.9k) | cert 0.30→0.52 | ticks [5.906 5.094 4.906 4.906 4.969 5.188 4.906 5.000] | Δticks -0.906 | ETA 37.7h
step  81250 | loss 7.3345 | lr 1.96e-04 | grad 1.33 | 0.8k tok/s (avg 0.9k) | cert 0.43→0.60 | ticks [5.000 4.000 3.891 4.094 4.094 4.281 4.125 4.062] | Δticks -0.938 | ETA 37.7h
step  81260 | loss 9.6318 | lr 1.96e-04 | grad 1.33 | 1.1k tok/s (avg 0.9k) | cert 0.45→0.65 | ticks [4.656 4.000 4.031 3.969 3.891 4.188 4.125 3.875] | Δticks -0.781 | ETA 37.7h
step  81270 | loss 6.4111 | lr 1.96e-04 | grad 1.21 | 0.8k tok/s (avg 0.9k) | cert 0.42→0.62 | ticks [4.281 3.688 3.516 3.500 3.438 3.781 3.625 3.469] | Δticks -0.812 | ETA 37.7h
step  81280 | loss 7.4250 | lr 1.96e-04 | grad 1.48 | 0.8k tok/s (avg 0.9k) | cert 0.17→0.45 | ticks [6.750 5.375 5.125 5.156 5.125 5.406 5.312 5.344] | Δticks -1.406 | ETA 37.7h
step  81290 | loss 7.4294 | lr 1.96e-04 | grad 1.48 | 1.1k tok/s (avg 0.9k) | cert 0.32→0.60 | ticks [5.750 4.594 4.438 4.500 4.531 5.000 4.750 4.344] | Δticks -1.406 | ETA 37.7h
step  81300 | loss 9.5613 | lr 1.96e-04 | grad 1.36 | 0.8k tok/s (avg 0.9k) | cert 0.41→0.54 | ticks [5.531 4.781 4.562 4.656 4.531 4.969 4.688 4.750] | Δticks -0.781 | ETA 37.7h
step  81310 | loss 10.3808 | lr 1.96e-04 | grad 1.36 | 1.1k tok/s (avg 0.9k) | cert 0.45→0.58 | ticks [4.906 4.281 4.156 4.219 4.125 4.531 4.188 4.156] | Δticks -0.750 | ETA 37.7h
step  81320 | loss 7.2860 | lr 1.96e-04 | grad 1.47 | 0.8k tok/s (avg 0.9k) | cert 0.37→0.54 | ticks [5.688 5.062 4.875 4.875 4.875 5.156 4.906 4.844] | Δticks -0.844 | ETA 37.7h
step  81330 | loss 7.8409 | lr 1.96e-04 | grad 1.33 | 0.8k tok/s (avg 0.9k) | cert 0.48→0.66 | ticks [4.562 3.938 3.656 3.719 3.656 3.953 3.891 3.734] | Δticks -0.828 | ETA 37.7h
step  81340 | loss 9.5540 | lr 1.96e-04 | grad 1.33 | 1.1k tok/s (avg 0.9k) | cert 0.32→0.52 | ticks [6.094 5.250 5.031 5.031 5.094 5.344 5.188 5.312] | Δticks -0.781 | ETA 37.7h
step  81350 | loss 7.1210 | lr 1.96e-04 | grad 1.31 | 0.8k tok/s (avg 0.9k) | cert 0.36→0.56 | ticks [5.594 5.250 4.969 5.094 4.938 5.156 5.031 5.094] | Δticks -0.500 | ETA 37.7h
step  81360 | loss 9.6856 | lr 1.96e-04 | grad 1.22 | 0.8k tok/s (avg 0.9k) | cert 0.40→0.61 | ticks [5.531 4.875 4.750 4.938 4.750 5.250 4.875 4.844] | Δticks -0.688 | ETA 37.7h
step  81370 | loss 6.0929 | lr 1.96e-04 | grad 1.22 | 1.1k tok/s (avg 0.9k) | cert 0.24→0.53 | ticks [6.219 5.094 4.812 4.781 4.906 5.062 4.969 4.938] | Δticks -1.281 | ETA 37.6h
step  81380 | loss 7.8073 | lr 1.96e-04 | grad 1.28 | 0.8k tok/s (avg 0.9k) | cert 0.21→0.47 | ticks [6.656 5.719 5.562 5.719 5.656 5.969 5.719 5.750] | Δticks -0.906 | ETA 37.6h
step  81390 | loss 8.3213 | lr 1.96e-04 | grad 1.28 | 1.1k tok/s (avg 0.9k) | cert 0.38→0.55 | ticks [5.094 4.344 4.469 4.531 4.656 4.719 4.625 4.531] | Δticks -0.562 | ETA 37.6h
step  81400 | loss 10.6604 | lr 1.96e-04 | grad 1.44 | 0.8k tok/s (avg 0.9k) | cert 0.65→0.67 | ticks [3.844 3.828 3.781 4.062 3.688 4.125 4.031 3.969] | Δticks +0.125 | ETA 37.6h
step  81410 | loss 7.7920 | lr 1.96e-04 | grad 1.64 | 0.8k tok/s (avg 0.9k) | cert 0.44→0.64 | ticks [4.906 4.031 3.938 4.125 4.156 4.250 4.281 4.000] | Δticks -0.906 | ETA 37.6h
step  81420 | loss 10.2499 | lr 1.96e-04 | grad 1.64 | 1.1k tok/s (avg 0.9k) | cert 0.47→0.57 | ticks [4.875 4.344 4.250 4.438 4.500 4.625 4.562 4.375] | Δticks -0.500 | ETA 37.6h
step  81430 | loss 6.5493 | lr 1.96e-04 | grad 1.60 | 0.8k tok/s (avg 0.9k) | cert 0.42→0.64 | ticks [4.812 4.062 4.125 3.875 4.094 4.469 4.219 4.000] | Δticks -0.812 | ETA 37.6h
step  81440 | loss 7.9148 | lr 1.96e-04 | grad 1.44 | 0.8k tok/s (avg 0.9k) | cert 0.36→0.57 | ticks [5.562 4.188 4.188 4.250 4.156 4.375 4.188 4.250] | Δticks -1.312 | ETA 37.6h
step  81450 | loss 7.7233 | lr 1.96e-04 | grad 1.44 | 1.1k tok/s (avg 0.9k) | cert 0.47→0.65 | ticks [5.156 4.406 4.281 4.188 4.156 4.594 4.531 4.219] | Δticks -0.938 | ETA 37.6h
step  81460 | loss 7.9213 | lr 1.96e-04 | grad 1.59 | 0.8k tok/s (avg 0.9k) | cert 0.25→0.50 | ticks [6.250 5.562 5.031 5.125 5.219 5.594 5.125 5.219] | Δticks -1.031 | ETA 37.6h
step  81470 | loss 8.6396 | lr 1.96e-04 | grad 1.59 | 1.1k tok/s (avg 0.9k) | cert 0.32→0.48 | ticks [6.406 5.438 5.312 5.406 5.438 5.562 5.531 5.562] | Δticks -0.844 | ETA 37.6h
step  81480 | loss 8.8997 | lr 1.96e-04 | grad 1.67 | 0.8k tok/s (avg 0.9k) | cert 0.38→0.62 | ticks [5.281 4.531 4.344 4.375 4.406 4.812 4.500 4.344] | Δticks -0.938 | ETA 37.6h
step  81490 | loss 10.5625 | lr 1.96e-04 | grad 1.38 | 0.8k tok/s (avg 0.9k) | cert 0.37→0.52 | ticks [5.688 5.062 4.844 4.875 4.844 5.125 4.938 5.062] | Δticks -0.625 | ETA 37.6h
step  81500 | loss 8.0214 | lr 1.96e-04 | grad 1.38 | 1.1k tok/s (avg 0.9k) | cert 0.52→0.63 | ticks [4.625 3.766 3.781 3.906 3.938 4.219 3.969 3.891] | Δticks -0.734 | ETA 37.6h
step  81510 | loss 9.4342 | lr 1.96e-04 | grad 1.73 | 0.8k tok/s (avg 0.9k) | cert 0.46→0.62 | ticks [5.562 4.594 4.500 4.594 4.438 4.812 4.719 4.469] | Δticks -1.094 | ETA 37.6h
step  81520 | loss 10.3351 | lr 1.96e-04 | grad 1.61 | 0.8k tok/s (avg 0.9k) | cert 0.55→0.64 | ticks [4.594 3.875 3.812 4.000 3.969 4.188 4.062 3.953] | Δticks -0.641 | ETA 37.6h
step  81530 | loss 8.3319 | lr 1.96e-04 | grad 1.61 | 1.1k tok/s (avg 0.9k) | cert 0.40→0.62 | ticks [4.938 4.375 4.094 4.062 3.922 4.406 4.250 3.984] | Δticks -0.953 | ETA 37.6h
step  81540 | loss 7.1561 | lr 1.96e-04 | grad 1.43 | 0.8k tok/s (avg 0.9k) | cert 0.43→0.65 | ticks [4.875 4.312 4.219 4.219 4.062 4.500 4.281 4.062] | Δticks -0.812 | ETA 37.6h
step  81550 | loss 9.6347 | lr 1.96e-04 | grad 1.43 | 1.1k tok/s (avg 0.9k) | cert 0.49→0.62 | ticks [5.062 4.656 4.500 4.531 4.438 4.656 4.625 4.438] | Δticks -0.625 | ETA 37.6h
step  81560 | loss 7.0802 | lr 1.96e-04 | grad 1.26 | 0.8k tok/s (avg 0.9k) | cert 0.57→0.66 | ticks [3.766 3.516 3.562 3.719 3.234 3.625 3.594 3.484] | Δticks -0.281 | ETA 37.6h
step  81570 | loss 6.7468 | lr 1.96e-04 | grad 1.45 | 0.8k tok/s (avg 0.9k) | cert 0.39→0.63 | ticks [5.062 4.438 4.000 4.000 4.062 4.375 4.344 4.188] | Δticks -0.875 | ETA 37.6h
step  81580 | loss 9.2837 | lr 1.95e-04 | grad 1.45 | 1.1k tok/s (avg 0.9k) | cert 0.55→0.59 | ticks [4.625 4.219 3.906 4.062 4.031 4.312 4.125 4.156] | Δticks -0.469 | ETA 37.6h
step  81590 | loss 11.3960 | lr 1.95e-04 | grad 1.31 | 0.8k tok/s (avg 0.9k) | cert 0.46→0.57 | ticks [4.875 3.875 3.781 3.984 4.219 4.438 4.156 4.125] | Δticks -0.750 | ETA 37.6h
step  81600 | loss 6.7058 | lr 1.95e-04 | grad 1.46 | 0.8k tok/s (avg 0.9k) | cert 0.41→0.63 | ticks [4.844 4.406 4.000 3.969 3.984 4.156 4.219 4.125] | Δticks -0.719 | ETA 37.6h
step  81610 | loss 7.2804 | lr 1.95e-04 | grad 1.46 | 1.1k tok/s (avg 0.9k) | cert 0.38→0.61 | ticks [4.938 4.188 3.906 3.906 3.953 4.344 4.188 4.125] | Δticks -0.812 | ETA 37.6h
step  81620 | loss 7.8556 | lr 1.95e-04 | grad 1.34 | 0.8k tok/s (avg 0.9k) | cert 0.17→0.45 | ticks [7.406 6.469 6.188 6.219 6.219 6.375 6.219 6.281] | Δticks -1.125 | ETA 37.6h
step  81630 | loss 8.4621 | lr 1.95e-04 | grad 1.34 | 1.1k tok/s (avg 0.9k) | cert 0.41→0.63 | ticks [5.094 4.312 4.062 3.953 4.000 4.406 4.281 4.219] | Δticks -0.875 | ETA 37.6h
step  81640 | loss 7.3033 | lr 1.95e-04 | grad 1.30 | 0.8k tok/s (avg 0.9k) | cert 0.40→0.64 | ticks [5.375 4.594 4.281 4.156 4.156 4.625 4.438 4.344] | Δticks -1.031 | ETA 37.6h
step  81650 | loss 7.5623 | lr 1.95e-04 | grad 1.31 | 0.8k tok/s (avg 0.9k) | cert 0.42→0.64 | ticks [4.906 4.250 3.953 4.000 3.906 4.344 4.125 4.062] | Δticks -0.844 | ETA 37.6h
step  81660 | loss 10.0566 | lr 1.95e-04 | grad 1.31 | 1.1k tok/s (avg 0.9k) | cert 0.37→0.54 | ticks [6.094 5.156 5.188 5.156 5.188 5.469 5.250 5.375] | Δticks -0.719 | ETA 37.6h
step  81670 | loss 7.7631 | lr 1.95e-04 | grad 1.26 | 0.8k tok/s (avg 0.9k) | cert 0.50→0.66 | ticks [4.375 3.547 3.609 3.609 3.578 3.875 3.656 3.609] | Δticks -0.766 | ETA 37.6h
step  81680 | loss 8.6766 | lr 1.95e-04 | grad 1.55 | 0.8k tok/s (avg 0.9k) | cert 0.29→0.60 | ticks [5.906 4.938 4.750 4.719 4.812 5.062 4.938 4.688] | Δticks -1.219 | ETA 37.6h
step  81690 | loss 14.4370 | lr 1.95e-04 | grad 1.55 | 1.1k tok/s (avg 0.9k) | cert 0.45→0.49 | ticks [5.000 4.594 4.406 4.469 4.531 4.625 4.594 4.688] | Δticks -0.312 | ETA 37.5h
step  81700 | loss 5.9220 | lr 1.95e-04 | grad 1.32 | 0.8k tok/s (avg 0.9k) | cert 0.37→0.62 | ticks [4.906 4.156 3.891 3.891 3.797 4.375 4.062 3.875] | Δticks -1.031 | ETA 37.5h
step  81710 | loss 9.8174 | lr 1.95e-04 | grad 1.32 | 1.1k tok/s (avg 0.9k) | cert 0.24→0.38 | ticks [6.312 5.312 5.250 5.406 5.375 5.625 5.438 5.719] | Δticks -0.594 | ETA 37.5h
step  81720 | loss 7.1837 | lr 1.95e-04 | grad 1.43 | 0.8k tok/s (avg 0.9k) | cert 0.41→0.66 | ticks [4.750 3.969 3.891 3.719 3.516 4.062 4.094 3.844] | Δticks -0.906 | ETA 37.5h
step  81730 | loss 7.5018 | lr 1.95e-04 | grad 1.41 | 0.8k tok/s (avg 0.9k) | cert 0.38→0.61 | ticks [5.750 4.875 4.906 4.906 4.812 5.094 4.938 4.906] | Δticks -0.844 | ETA 37.5h
step  81740 | loss 7.2950 | lr 1.95e-04 | grad 1.41 | 1.1k tok/s (avg 0.9k) | cert 0.43→0.61 | ticks [4.969 4.312 4.094 4.188 4.156 4.531 4.406 4.219] | Δticks -0.750 | ETA 37.5h
step  81750 | loss 6.4521 | lr 1.95e-04 | grad 1.39 | 0.8k tok/s (avg 0.9k) | cert 0.38→0.55 | ticks [5.094 4.188 4.094 4.281 4.312 4.406 4.312 4.469] | Δticks -0.625 | ETA 37.5h
step  81760 | loss 8.9342 | lr 1.95e-04 | grad 1.32 | 0.8k tok/s (avg 0.9k) | cert 0.46→0.56 | ticks [5.031 4.562 4.344 4.469 4.469 4.719 4.562 4.562] | Δticks -0.469 | ETA 37.5h
step  81770 | loss 7.6200 | lr 1.95e-04 | grad 1.32 | 1.1k tok/s (avg 0.9k) | cert 0.51→0.64 | ticks [4.562 4.000 4.000 4.062 3.984 4.344 4.188 4.094] | Δticks -0.469 | ETA 37.5h
step  81780 | loss 7.6251 | lr 1.95e-04 | grad 1.47 | 0.8k tok/s (avg 0.9k) | cert 0.37→0.64 | ticks [5.531 4.406 4.469 4.344 4.250 4.688 4.562 4.344] | Δticks -1.188 | ETA 37.5h
step  81790 | loss 9.0221 | lr 1.95e-04 | grad 1.47 | 1.1k tok/s (avg 0.9k) | cert 0.34→0.54 | ticks [6.156 5.312 5.188 5.188 5.000 5.281 5.188 5.156] | Δticks -1.000 | ETA 37.5h
step  81800 | loss 7.4836 | lr 1.95e-04 | grad 1.30 | 0.8k tok/s (avg 0.9k) | cert 0.42→0.64 | ticks [4.969 4.156 4.188 4.031 4.031 4.406 4.219 4.094] | Δticks -0.875 | ETA 37.5h
step  81810 | loss 6.8922 | lr 1.95e-04 | grad 1.57 | 0.8k tok/s (avg 0.9k) | cert 0.42→0.63 | ticks [4.500 3.938 3.797 3.578 3.688 3.844 3.875 3.844] | Δticks -0.656 | ETA 37.5h
step  81820 | loss 7.0667 | lr 1.95e-04 | grad 1.57 | 1.1k tok/s (avg 0.9k) | cert 0.46→0.63 | ticks [4.438 3.688 3.641 3.625 3.641 3.859 3.734 3.625] | Δticks -0.812 | ETA 37.5h
step  81830 | loss 7.2655 | lr 1.95e-04 | grad 1.33 | 0.8k tok/s (avg 0.9k) | cert 0.36→0.63 | ticks [5.094 4.219 4.281 4.094 4.062 4.531 4.312 4.125] | Δticks -0.969 | ETA 37.5h
step  81840 | loss 8.9237 | lr 1.95e-04 | grad 1.41 | 0.8k tok/s (avg 0.9k) | cert 0.19→0.39 | ticks [8.375 7.156 7.094 7.219 6.938 7.250 7.188 7.281] | Δticks -1.094 | ETA 37.5h
step  81850 | loss 7.9958 | lr 1.95e-04 | grad 1.41 | 1.1k tok/s (avg 0.9k) | cert 0.41→0.52 | ticks [5.375 4.531 4.469 4.625 4.812 4.812 4.781 4.812] | Δticks -0.562 | ETA 37.5h
step  81860 | loss 11.0732 | lr 1.95e-04 | grad 1.41 | 0.8k tok/s (avg 0.9k) | cert 0.61→0.69 | ticks [4.312 4.062 3.891 3.984 3.656 3.969 3.828 3.891] | Δticks -0.422 | ETA 37.5h
step  81870 | loss 8.2618 | lr 1.95e-04 | grad 1.41 | 1.1k tok/s (avg 0.9k) | cert 0.55→0.57 | ticks [4.281 3.766 3.703 3.750 3.734 4.031 3.797 3.922] | Δticks -0.359 | ETA 37.5h
step  81880 | loss 8.2201 | lr 1.95e-04 | grad 1.51 | 0.8k tok/s (avg 0.9k) | cert 0.37→0.61 | ticks [5.031 4.062 4.125 4.219 4.125 4.562 4.219 4.094] | Δticks -0.938 | ETA 37.5h
step  81890 | loss 12.2843 | lr 1.95e-04 | grad 1.30 | 0.8k tok/s (avg 0.9k) | cert 0.38→0.52 | ticks [5.625 4.875 4.719 4.844 4.719 5.000 4.844 4.875] | Δticks -0.750 | ETA 37.5h
step  81900 | loss 12.3005 | lr 1.95e-04 | grad 1.30 | 1.1k tok/s (avg 0.9k) | cert 0.61→0.70 | ticks [4.812 4.312 4.250 4.312 4.094 4.562 4.250 4.188] | Δticks -0.625 | ETA 37.5h
step  81910 | loss 11.4584 | lr 1.95e-04 | grad 1.38 | 0.8k tok/s (avg 0.9k) | cert 0.31→0.48 | ticks [6.344 5.562 5.531 5.656 5.594 5.812 5.688 5.750] | Δticks -0.594 | ETA 37.5h
step  81920 | loss 5.1349 | lr 1.95e-04 | grad 1.59 | 0.8k tok/s (avg 0.9k) | cert 0.32→0.55 | ticks [4.812 3.453 3.297 3.297 3.422 3.406 3.438 3.469] | Δticks -1.344 | ETA 37.5h
step  81930 | loss 7.4962 | lr 1.95e-04 | grad 1.59 | 1.1k tok/s (avg 0.9k) | cert 0.42→0.55 | ticks [4.875 4.094 4.219 4.406 4.469 4.500 4.406 4.344] | Δticks -0.531 | ETA 37.5h
step  81940 | loss 7.1693 | lr 1.95e-04 | grad 1.48 | 0.8k tok/s (avg 0.9k) | cert 0.28→0.59 | ticks [5.719 4.594 4.406 4.188 4.375 4.781 4.500 4.406] | Δticks -1.312 | ETA 37.5h
step  81950 | loss 8.4470 | lr 1.95e-04 | grad 1.48 | 1.1k tok/s (avg 0.9k) | cert 0.42→0.63 | ticks [4.844 4.188 4.062 4.031 4.062 4.344 4.031 4.062] | Δticks -0.781 | ETA 37.5h
step  81960 | loss 6.9529 | lr 1.95e-04 | grad 1.34 | 0.8k tok/s (avg 0.9k) | cert 0.38→0.61 | ticks [4.969 4.062 3.891 3.797 3.875 4.250 3.969 3.891] | Δticks -1.078 | ETA 37.5h
step  81970 | loss 7.4183 | lr 1.95e-04 | grad 1.30 | 0.8k tok/s (avg 0.9k) | cert 0.42→0.53 | ticks [5.000 4.219 4.312 4.531 4.531 4.562 4.562 4.531] | Δticks -0.469 | ETA 37.5h
step  81980 | loss 11.3916 | lr 1.95e-04 | grad 1.30 | 1.1k tok/s (avg 0.9k) | cert 0.70→0.63 | ticks [3.828 3.484 3.703 3.672 3.453 3.516 3.656 3.531] | Δticks -0.297 | ETA 37.5h
step  81990 | loss 6.7376 | lr 1.95e-04 | grad 1.56 | 0.8k tok/s (avg 0.9k) | cert 0.43→0.63 | ticks [4.750 4.125 3.859 3.797 3.812 4.125 3.906 3.766] | Δticks -0.984 | ETA 37.5h
step  82000 | loss 9.8537 | lr 1.95e-04 | grad 1.53 | 0.8k tok/s (avg 0.9k) | cert 0.39→0.60 | ticks [5.625 4.812 4.906 4.750 4.750 5.125 4.938 4.750] | Δticks -0.875 | ETA 37.5h
step  82010 | loss 6.5112 | lr 1.95e-04 | grad 1.53 | 1.1k tok/s (avg 0.9k) | cert 0.31→0.50 | ticks [5.562 4.469 4.406 4.562 4.406 4.719 4.500 4.750] | Δticks -0.812 | ETA 37.4h
step  82020 | loss 8.4369 | lr 1.94e-04 | grad 1.54 | 0.8k tok/s (avg 0.9k) | cert 0.43→0.57 | ticks [5.375 4.906 4.812 4.906 4.656 4.812 4.781 4.812] | Δticks -0.562 | ETA 37.4h
step  82030 | loss 7.1287 | lr 1.94e-04 | grad 1.54 | 1.1k tok/s (avg 0.9k) | cert 0.46→0.65 | ticks [4.906 3.969 4.062 4.031 3.953 4.438 4.219 3.984] | Δticks -0.922 | ETA 37.4h
step  82040 | loss 6.5192 | lr 1.94e-04 | grad 1.66 | 0.8k tok/s (avg 0.9k) | cert 0.35→0.62 | ticks [5.156 4.125 3.828 3.812 3.875 4.375 3.984 3.891] | Δticks -1.266 | ETA 37.4h
step  82050 | loss 10.7628 | lr 1.94e-04 | grad 1.34 | 0.8k tok/s (avg 0.9k) | cert 0.58→0.62 | ticks [4.000 3.438 3.516 3.688 3.688 3.812 3.703 3.750] | Δticks -0.250 | ETA 37.4h
step  82060 | loss 5.9037 | lr 1.94e-04 | grad 1.34 | 1.1k tok/s (avg 0.9k) | cert 0.36→0.54 | ticks [4.969 3.969 3.766 3.953 3.766 4.094 3.891 4.125] | Δticks -0.844 | ETA 37.4h
step  82070 | loss 10.1919 | lr 1.94e-04 | grad 1.49 | 0.8k tok/s (avg 0.9k) | cert 0.41→0.61 | ticks [4.844 4.188 4.125 4.125 3.984 4.312 4.281 4.062] | Δticks -0.781 | ETA 37.4h
step  82080 | loss 8.6644 | lr 1.94e-04 | grad 1.35 | 0.8k tok/s (avg 0.9k) | cert 0.23→0.41 | ticks [8.250 7.188 7.094 7.094 7.000 7.125 7.094 7.250] | Δticks -1.000 | ETA 37.4h
step  82090 | loss 7.0305 | lr 1.94e-04 | grad 1.35 | 1.1k tok/s (avg 0.9k) | cert 0.42→0.64 | ticks [4.844 4.250 3.875 3.766 3.734 4.062 3.984 3.953] | Δticks -0.891 | ETA 37.4h
step  82100 | loss 8.5361 | lr 1.94e-04 | grad 1.55 | 0.8k tok/s (avg 0.9k) | cert 0.14→0.36 | ticks [8.125 7.250 7.031 7.125 7.000 7.188 7.062 7.406] | Δticks -0.719 | ETA 37.4h
step  82110 | loss 10.5324 | lr 1.94e-04 | grad 1.55 | 1.1k tok/s (avg 0.9k) | cert 0.55→0.60 | ticks [5.250 4.469 4.312 4.406 4.281 4.688 4.469 4.375] | Δticks -0.875 | ETA 37.4h
step  82120 | loss 8.6871 | lr 1.94e-04 | grad 1.36 | 0.8k tok/s (avg 0.9k) | cert 0.59→0.63 | ticks [4.812 4.688 4.594 4.562 4.219 4.312 4.469 4.344] | Δticks -0.469 | ETA 37.4h
step  82130 | loss 7.3668 | lr 1.94e-04 | grad 1.17 | 0.8k tok/s (avg 0.9k) | cert 0.38→0.56 | ticks [6.188 5.375 5.344 5.375 5.250 5.625 5.500 5.344] | Δticks -0.844 | ETA 37.4h
step  82140 | loss 6.4407 | lr 1.94e-04 | grad 1.17 | 1.1k tok/s (avg 0.9k) | cert 0.43→0.63 | ticks [5.000 4.562 4.469 4.375 4.281 4.719 4.562 4.438] | Δticks -0.562 | ETA 37.4h
step  82150 | loss 10.3811 | lr 1.94e-04 | grad 1.38 | 0.8k tok/s (avg 0.9k) | cert 0.41→0.61 | ticks [5.406 4.938 4.688 4.750 4.750 4.906 4.812 4.719] | Δticks -0.688 | ETA 37.4h
step  82160 | loss 9.6903 | lr 1.94e-04 | grad 1.40 | 0.8k tok/s (avg 0.9k) | cert 0.61→0.67 | ticks [4.312 4.125 4.031 4.281 3.953 4.312 4.219 4.125] | Δticks -0.188 | ETA 37.4h
step  82170 | loss 7.3174 | lr 1.94e-04 | grad 1.40 | 1.1k tok/s (avg 0.9k) | cert 0.37→0.63 | ticks [5.000 4.156 3.969 4.000 3.953 4.250 4.062 3.953] | Δticks -1.047 | ETA 37.4h
step  82180 | loss 8.0910 | lr 1.94e-04 | grad 1.34 | 0.8k tok/s (avg 0.9k) | cert 0.40→0.63 | ticks [5.031 4.312 4.344 4.312 4.344 4.625 4.500 4.281] | Δticks -0.750 | ETA 37.4h
step  82190 | loss 8.1782 | lr 1.94e-04 | grad 1.34 | 1.1k tok/s (avg 0.9k) | cert 0.33→0.49 | ticks [6.219 5.250 5.188 5.375 5.406 5.438 5.438 5.531] | Δticks -0.688 | ETA 37.4h
step  82200 | loss 8.8166 | lr 1.94e-04 | grad 1.34 | 0.8k tok/s (avg 0.9k) | cert 0.18→0.52 | ticks [7.531 6.656 6.312 6.344 6.406 6.531 6.438 6.406] | Δticks -1.125 | ETA 37.4h
step  82210 | loss 6.4430 | lr 1.94e-04 | grad 1.44 | 0.8k tok/s (avg 0.9k) | cert 0.45→0.63 | ticks [4.531 3.844 3.688 3.734 3.719 4.125 3.906 3.719] | Δticks -0.812 | ETA 37.4h
step  82220 | loss 7.8758 | lr 1.94e-04 | grad 1.44 | 1.1k tok/s (avg 0.9k) | cert 0.66→0.73 | ticks [4.406 4.062 4.094 4.375 3.781 3.859 4.250 4.062] | Δticks -0.344 | ETA 37.4h
step  82230 | loss 9.0038 | lr 1.94e-04 | grad 1.41 | 0.8k tok/s (avg 0.9k) | cert 0.54→0.65 | ticks [4.875 4.188 4.219 4.312 4.312 4.625 4.344 4.094] | Δticks -0.781 | ETA 37.4h
step  82240 | loss 6.5691 | lr 1.94e-04 | grad 1.52 | 0.8k tok/s (avg 0.9k) | cert 0.44→0.62 | ticks [4.625 4.000 3.766 3.781 3.734 4.312 4.094 3.766] | Δticks -0.859 | ETA 37.4h
step  82250 | loss 8.8131 | lr 1.94e-04 | grad 1.52 | 1.1k tok/s (avg 0.9k) | cert 0.47→0.55 | ticks [4.688 4.250 4.094 4.250 4.000 4.375 4.406 4.250] | Δticks -0.438 | ETA 37.4h
step  82260 | loss 10.2831 | lr 1.94e-04 | grad 1.33 | 0.8k tok/s (avg 0.9k) | cert 0.61→0.72 | ticks [3.500 3.531 3.625 3.859 3.141 3.281 3.812 3.438] | Δticks -0.062 | ETA 37.4h
step  82270 | loss 7.5069 | lr 1.94e-04 | grad 1.33 | 1.1k tok/s (avg 0.9k) | cert 0.46→0.64 | ticks [4.625 3.969 3.906 3.922 3.812 4.125 4.156 3.875] | Δticks -0.750 | ETA 37.4h
step  82280 | loss 8.0197 | lr 1.94e-04 | grad 1.40 | 0.8k tok/s (avg 0.9k) | cert 0.43→0.61 | ticks [4.594 3.938 3.672 3.781 3.922 4.062 4.000 3.797] | Δticks -0.797 | ETA 37.4h
step  82290 | loss 8.3111 | lr 1.94e-04 | grad 1.42 | 0.8k tok/s (avg 0.9k) | cert 0.29→0.48 | ticks [6.594 5.875 5.531 5.531 5.625 5.812 5.625 5.781] | Δticks -0.812 | ETA 37.4h
step  82300 | loss 11.8646 | lr 1.94e-04 | grad 1.42 | 1.1k tok/s (avg 0.9k) | cert 0.51→0.50 | ticks [5.594 5.062 4.875 5.000 5.031 5.156 5.188 5.406] | Δticks -0.188 | ETA 37.4h
step  82310 | loss 8.2027 | lr 1.94e-04 | grad 1.35 | 0.8k tok/s (avg 0.9k) | cert 0.45→0.64 | ticks [4.906 4.156 3.969 3.891 3.891 4.375 4.219 4.000] | Δticks -0.906 | ETA 37.4h
step  82320 | loss 10.8341 | lr 1.94e-04 | grad 1.22 | 0.8k tok/s (avg 0.9k) | cert 0.38→0.48 | ticks [5.781 5.219 5.156 5.188 5.125 5.344 5.312 5.406] | Δticks -0.375 | ETA 37.4h
step  82330 | loss 9.6458 | lr 1.94e-04 | grad 1.22 | 1.1k tok/s (avg 0.9k) | cert 0.32→0.46 | ticks [6.156 5.469 5.406 5.438 5.594 5.688 5.594 5.594] | Δticks -0.562 | ETA 37.3h
step  82340 | loss 6.5002 | lr 1.94e-04 | grad 1.43 | 0.8k tok/s (avg 0.9k) | cert 0.33→0.61 | ticks [5.094 4.062 3.906 3.812 3.906 4.375 3.953 3.922] | Δticks -1.172 | ETA 37.3h
step  82350 | loss 6.4019 | lr 1.94e-04 | grad 1.43 | 1.1k tok/s (avg 0.9k) | cert 0.47→0.65 | ticks [4.062 3.562 3.406 3.359 3.406 3.609 3.516 3.391] | Δticks -0.672 | ETA 37.3h
step  82360 | loss 7.9068 | lr 1.94e-04 | grad 1.39 | 0.8k tok/s (avg 0.9k) | cert 0.24→0.49 | ticks [6.625 5.688 5.406 5.406 5.438 5.688 5.562 5.531] | Δticks -1.094 | ETA 37.3h
step  82370 | loss 6.6528 | lr 1.94e-04 | grad 1.39 | 0.8k tok/s (avg 0.9k) | cert 0.50→0.67 | ticks [3.953 3.469 3.344 3.391 3.297 3.641 3.469 3.328] | Δticks -0.625 | ETA 37.3h
step  82380 | loss 7.3642 | lr 1.94e-04 | grad 1.39 | 1.1k tok/s (avg 0.9k) | cert 0.42→0.64 | ticks [4.656 3.812 3.859 3.828 3.766 4.125 4.000 3.844] | Δticks -0.812 | ETA 37.3h
step  82390 | loss 9.2372 | lr 1.94e-04 | grad 1.39 | 0.8k tok/s (avg 0.9k) | cert 0.36→0.52 | ticks [5.812 4.688 4.719 4.844 5.000 5.031 4.812 4.969] | Δticks -0.844 | ETA 37.3h
step  82400 | loss 8.5086 | lr 1.94e-04 | grad 1.28 | 0.8k tok/s (avg 0.9k) | cert 0.44→0.61 | ticks [4.875 4.156 4.094 4.062 4.094 4.562 4.344 4.062] | Δticks -0.812 | ETA 37.3h
step  82410 | loss 8.2814 | lr 1.94e-04 | grad 1.28 | 1.1k tok/s (avg 0.9k) | cert 0.21→0.50 | ticks [7.844 6.906 6.688 6.781 6.719 7.000 6.844 6.812] | Δticks -1.031 | ETA 37.3h
step  82420 | loss 7.8216 | lr 1.94e-04 | grad 1.56 | 0.8k tok/s (avg 0.9k) | cert 0.45→0.64 | ticks [4.625 3.938 4.062 3.922 3.766 4.188 3.938 3.750] | Δticks -0.875 | ETA 37.3h
step  82430 | loss 6.6065 | lr 1.94e-04 | grad 1.56 | 1.1k tok/s (avg 0.9k) | cert 0.40→0.63 | ticks [4.625 3.938 3.703 3.688 3.781 4.156 3.891 3.672] | Δticks -0.953 | ETA 37.3h
step  82440 | loss 6.9112 | lr 1.94e-04 | grad 1.71 | 0.8k tok/s (avg 0.9k) | cert 0.36→0.62 | ticks [5.750 4.688 4.500 4.531 4.469 4.781 4.781 4.562] | Δticks -1.188 | ETA 37.3h
step  82450 | loss 8.3678 | lr 1.94e-04 | grad 1.79 | 0.8k tok/s (avg 0.9k) | cert 0.36→0.64 | ticks [5.250 4.094 3.922 4.000 4.031 4.438 4.312 3.844] | Δticks -1.406 | ETA 37.3h
step  82460 | loss 7.9196 | lr 1.93e-04 | grad 1.79 | 1.1k tok/s (avg 0.9k) | cert 0.43→0.53 | ticks [5.875 5.531 5.344 5.344 5.312 5.438 5.500 5.500] | Δticks -0.375 | ETA 37.3h
step  82470 | loss 6.8445 | lr 1.93e-04 | grad 1.62 | 0.8k tok/s (avg 0.9k) | cert 0.45→0.57 | ticks [5.312 4.594 4.594 4.500 4.438 4.719 4.500 4.562] | Δticks -0.750 | ETA 37.3h
step  82480 | loss 7.3229 | lr 1.93e-04 | grad 1.45 | 0.8k tok/s (avg 0.9k) | cert 0.43→0.63 | ticks [4.688 4.062 3.828 3.891 3.719 4.094 4.094 3.938] | Δticks -0.750 | ETA 37.3h
step  82490 | loss 7.5494 | lr 1.93e-04 | grad 1.45 | 1.1k tok/s (avg 0.9k) | cert 0.36→0.60 | ticks [5.219 4.375 4.156 4.188 4.156 4.469 4.344 4.250] | Δticks -0.969 | ETA 37.3h
step  82500 | loss 8.8557 | lr 1.93e-04 | grad 1.36 | 0.8k tok/s (avg 0.9k) | cert 0.34→0.52 | ticks [6.281 5.438 5.250 5.281 5.125 5.375 5.312 5.344] | Δticks -0.938 | ETA 37.3h
step  82510 | loss 9.2552 | lr 1.93e-04 | grad 1.36 | 1.1k tok/s (avg 0.9k) | cert 0.44→0.68 | ticks [4.656 4.094 3.875 3.875 3.781 4.312 4.000 3.844] | Δticks -0.812 | ETA 37.3h
step  82520 | loss 10.1454 | lr 1.93e-04 | grad 1.44 | 0.8k tok/s (avg 0.9k) | cert 0.64→0.68 | ticks [3.984 3.781 3.594 3.641 3.391 3.984 3.875 3.672] | Δticks -0.312 | ETA 37.3h
step  82530 | loss 7.7423 | lr 1.93e-04 | grad 1.42 | 0.8k tok/s (avg 0.9k) | cert 0.30→0.62 | ticks [5.500 4.312 4.375 4.188 4.250 4.625 4.469 4.188] | Δticks -1.312 | ETA 37.3h
step  82540 | loss 7.4493 | lr 1.93e-04 | grad 1.42 | 1.1k tok/s (avg 0.9k) | cert 0.30→0.59 | ticks [5.844 5.031 4.688 4.688 4.750 5.031 4.875 4.719] | Δticks -1.125 | ETA 37.3h
step  82550 | loss 11.7822 | lr 1.93e-04 | grad 1.34 | 0.8k tok/s (avg 0.9k) | cert 0.22→0.37 | ticks [5.938 5.219 5.250 5.281 5.469 5.438 5.469 5.594] | Δticks -0.344 | ETA 37.3h
step  82560 | loss 8.2839 | lr 1.93e-04 | grad 1.54 | 0.8k tok/s (avg 0.9k) | cert 0.46→0.68 | ticks [4.750 4.125 4.094 4.125 3.797 4.188 4.281 4.094] | Δticks -0.656 | ETA 37.3h
step  82570 | loss 8.0114 | lr 1.93e-04 | grad 1.54 | 1.1k tok/s (avg 0.9k) | cert 0.29→0.50 | ticks [6.312 5.625 5.281 5.375 5.250 5.375 5.562 5.438] | Δticks -0.875 | ETA 37.3h
step  82580 | loss 8.2325 | lr 1.93e-04 | grad 1.42 | 0.8k tok/s (avg 0.9k) | cert 0.34→0.47 | ticks [6.031 5.125 5.188 5.344 5.219 5.281 5.281 5.406] | Δticks -0.625 | ETA 37.3h
step  82590 | loss 7.5236 | lr 1.93e-04 | grad 1.42 | 1.1k tok/s (avg 0.9k) | cert 0.38→0.61 | ticks [5.125 4.406 4.156 4.125 4.125 4.375 4.281 4.188] | Δticks -0.938 | ETA 37.3h
step  82600 | loss 7.6714 | lr 1.93e-04 | grad 1.55 | 0.8k tok/s (avg 0.9k) | cert 0.54→0.60 | ticks [4.750 4.312 4.281 4.344 4.344 4.625 4.312 4.344] | Δticks -0.406 | ETA 37.3h
step  82610 | loss 6.5564 | lr 1.93e-04 | grad 1.35 | 0.8k tok/s (avg 0.9k) | cert 0.40→0.64 | ticks [5.094 4.281 4.188 4.156 4.219 4.406 4.344 4.031] | Δticks -1.062 | ETA 37.3h
step  82620 | loss 8.2505 | lr 1.93e-04 | grad 1.35 | 1.1k tok/s (avg 0.9k) | cert 0.34→0.54 | ticks [5.531 4.969 4.625 4.719 4.562 4.875 4.719 4.688] | Δticks -0.844 | ETA 37.3h
step  82630 | loss 11.8589 | lr 1.93e-04 | grad 1.29 | 0.8k tok/s (avg 0.9k) | cert 0.60→0.67 | ticks [4.406 3.969 3.984 4.062 3.797 4.312 4.062 4.000] | Δticks -0.406 | ETA 37.3h
step  82640 | loss 10.9436 | lr 1.93e-04 | grad 1.38 | 0.8k tok/s (avg 0.9k) | cert 0.36→0.57 | ticks [5.594 4.844 4.719 4.781 4.812 5.031 4.969 4.844] | Δticks -0.750 | ETA 37.2h
step  82650 | loss 7.3364 | lr 1.93e-04 | grad 1.38 | 1.1k tok/s (avg 0.9k) | cert 0.36→0.61 | ticks [5.312 4.500 4.312 4.406 4.281 4.812 4.438 4.375] | Δticks -0.938 | ETA 37.2h
step  82660 | loss 8.0910 | lr 1.93e-04 | grad 1.55 | 0.8k tok/s (avg 0.9k) | cert 0.33→0.57 | ticks [5.688 4.875 4.656 4.594 4.656 5.000 4.781 4.719] | Δticks -0.969 | ETA 37.2h
step  82670 | loss 7.7022 | lr 1.93e-04 | grad 1.55 | 1.1k tok/s (avg 0.9k) | cert 0.54→0.67 | ticks [4.344 3.750 3.812 3.938 3.766 4.125 4.031 3.812] | Δticks -0.531 | ETA 37.2h
step  82680 | loss 6.6646 | lr 1.93e-04 | grad 1.27 | 0.8k tok/s (avg 0.9k) | cert 0.25→0.57 | ticks [5.844 4.688 4.531 4.438 4.531 4.750 4.438 4.469] | Δticks -1.375 | ETA 37.2h
step  82690 | loss 13.8890 | lr 1.93e-04 | grad 1.31 | 0.8k tok/s (avg 0.9k) | cert 0.35→0.42 | ticks [6.344 5.812 5.781 5.938 5.906 6.000 6.000 6.000] | Δticks -0.344 | ETA 37.2h
step  82700 | loss 9.0321 | lr 1.93e-04 | grad 1.31 | 1.1k tok/s (avg 0.9k) | cert 0.58→0.62 | ticks [4.156 3.938 3.844 3.891 3.875 4.250 4.094 4.062] | Δticks -0.094 | ETA 37.2h
step  82710 | loss 6.5403 | lr 1.93e-04 | grad 1.34 | 0.8k tok/s (avg 0.9k) | cert 0.50→0.69 | ticks [4.281 3.922 3.656 3.438 3.438 3.953 3.703 3.594] | Δticks -0.688 | ETA 37.2h
step  82720 | loss 7.1031 | lr 1.93e-04 | grad 1.59 | 0.8k tok/s (avg 0.9k) | cert 0.30→0.50 | ticks [5.531 4.344 4.438 4.656 4.719 4.750 4.656 4.688] | Δticks -0.844 | ETA 37.2h
step  82730 | loss 9.2624 | lr 1.93e-04 | grad 1.59 | 1.1k tok/s (avg 0.9k) | cert 0.36→0.59 | ticks [5.781 4.844 4.625 4.688 4.750 5.031 4.875 4.688] | Δticks -1.094 | ETA 37.2h
step  82740 | loss 8.3344 | lr 1.93e-04 | grad 1.34 | 0.8k tok/s (avg 0.9k) | cert 0.57→0.68 | ticks [4.469 3.812 3.812 3.828 3.812 4.031 3.984 3.828] | Δticks -0.641 | ETA 37.2h
step  82750 | loss 7.6570 | lr 1.93e-04 | grad 1.34 | 1.1k tok/s (avg 0.9k) | cert 0.36→0.54 | ticks [5.312 4.750 4.500 4.469 4.688 4.844 4.500 4.562] | Δticks -0.750 | ETA 37.2h
step  82760 | loss 7.0251 | lr 1.93e-04 | grad 1.39 | 0.8k tok/s (avg 0.9k) | cert 0.53→0.67 | ticks [4.438 4.000 3.766 3.844 3.750 4.312 4.125 3.828] | Δticks -0.609 | ETA 37.2h
step  82770 | loss 6.5097 | lr 1.93e-04 | grad 1.53 | 0.8k tok/s (avg 0.9k) | cert 0.55→0.68 | ticks [4.062 3.469 3.453 3.188 3.250 3.625 3.531 3.250] | Δticks -0.812 | ETA 37.2h
step  82780 | loss 8.1645 | lr 1.93e-04 | grad 1.53 | 1.1k tok/s (avg 0.9k) | cert 0.44→0.61 | ticks [5.500 4.688 4.375 4.500 4.531 4.938 4.719 4.500] | Δticks -1.000 | ETA 37.2h
step  82790 | loss 7.9811 | lr 1.93e-04 | grad 1.30 | 0.8k tok/s (avg 0.9k) | cert 0.38→0.54 | ticks [6.188 5.500 5.094 5.188 5.156 5.312 5.281 5.188] | Δticks -1.000 | ETA 37.2h
step  82800 | loss 6.8560 | lr 1.93e-04 | grad 1.74 | 0.8k tok/s (avg 0.9k) | cert 0.22→0.50 | ticks [5.656 4.562 4.438 4.406 4.469 4.531 4.656 4.594] | Δticks -1.062 | ETA 37.2h
step  82810 | loss 6.9409 | lr 1.93e-04 | grad 1.74 | 1.1k tok/s (avg 0.9k) | cert 0.33→0.60 | ticks [5.031 4.219 3.812 3.781 3.734 4.188 4.156 3.906] | Δticks -1.125 | ETA 37.2h
step  82820 | loss 9.3136 | lr 1.93e-04 | grad 1.54 | 0.8k tok/s (avg 0.9k) | cert 0.36→0.60 | ticks [5.625 4.781 4.688 4.688 4.656 4.969 4.906 4.719] | Δticks -0.906 | ETA 37.2h
step  82830 | loss 8.3493 | lr 1.93e-04 | grad 1.54 | 1.1k tok/s (avg 0.9k) | cert 0.36→0.65 | ticks [5.188 4.188 3.984 4.000 3.875 4.156 4.188 3.984] | Δticks -1.203 | ETA 37.2h
step  82840 | loss 6.7681 | lr 1.93e-04 | grad 1.48 | 0.8k tok/s (avg 0.9k) | cert 0.53→0.70 | ticks [4.375 4.031 3.656 3.578 3.438 3.922 3.875 3.594] | Δticks -0.781 | ETA 37.2h
step  82850 | loss 8.7576 | lr 1.93e-04 | grad 1.43 | 0.8k tok/s (avg 0.9k) | cert 0.35→0.64 | ticks [5.250 4.375 4.156 4.188 4.094 4.281 4.312 4.219] | Δticks -1.031 | ETA 37.2h
step  82860 | loss 6.1872 | lr 1.93e-04 | grad 1.43 | 1.1k tok/s (avg 0.9k) | cert 0.30→0.59 | ticks [5.375 4.375 4.281 4.219 4.219 4.625 4.281 4.156] | Δticks -1.219 | ETA 37.2h
step  82870 | loss 7.6829 | lr 1.93e-04 | grad 1.35 | 0.8k tok/s (avg 0.9k) | cert 0.63→0.66 | ticks [4.219 3.750 3.844 3.781 3.828 4.062 3.938 3.875] | Δticks -0.344 | ETA 37.2h
step  82880 | loss 7.1480 | lr 1.93e-04 | grad 1.50 | 0.8k tok/s (avg 0.9k) | cert 0.56→0.68 | ticks [4.594 3.891 3.906 3.875 3.688 4.156 4.062 3.875] | Δticks -0.719 | ETA 37.2h
step  82890 | loss 6.9035 | lr 1.93e-04 | grad 1.50 | 1.1k tok/s (avg 0.9k) | cert 0.38→0.50 | ticks [5.469 4.500 4.531 4.594 4.719 4.812 4.656 4.875] | Δticks -0.594 | ETA 37.2h
step  82900 | loss 8.5721 | lr 1.92e-04 | grad 1.37 | 0.8k tok/s (avg 0.9k) | cert 0.57→0.69 | ticks [4.250 3.641 3.766 3.594 3.359 3.891 3.906 3.734] | Δticks -0.516 | ETA 37.2h
step  82910 | loss 7.8887 | lr 1.92e-04 | grad 1.37 | 1.1k tok/s (avg 0.9k) | cert 0.28→0.43 | ticks [5.688 5.000 5.188 5.125 5.312 5.250 5.188 5.312] | Δticks -0.375 | ETA 37.2h
step  82920 | loss 7.6121 | lr 1.92e-04 | grad 1.40 | 0.8k tok/s (avg 0.9k) | cert 0.57→0.71 | ticks [4.062 3.500 3.391 3.406 3.312 3.688 3.656 3.438] | Δticks -0.625 | ETA 37.2h
step  82930 | loss 8.3979 | lr 1.92e-04 | grad 1.34 | 0.8k tok/s (avg 0.9k) | cert 0.38→0.60 | ticks [5.531 4.531 4.500 4.438 4.531 4.938 4.625 4.531] | Δticks -1.000 | ETA 37.2h
step  82940 | loss 8.6881 | lr 1.92e-04 | grad 1.34 | 1.1k tok/s (avg 0.9k) | cert 0.28→0.54 | ticks [6.812 5.844 5.656 5.719 5.781 6.000 5.812 5.812] | Δticks -1.000 | ETA 37.1h
step  82950 | loss 7.4243 | lr 1.92e-04 | grad 1.40 | 0.8k tok/s (avg 0.9k) | cert 0.37→0.56 | ticks [4.875 4.156 3.844 4.094 4.094 4.438 4.125 4.094] | Δticks -0.781 | ETA 37.1h
step  82960 | loss 12.4588 | lr 1.92e-04 | grad 1.41 | 0.8k tok/s (avg 0.9k) | cert 0.55→0.65 | ticks [5.156 4.406 4.344 4.375 4.250 4.531 4.469 4.406] | Δticks -0.750 | ETA 37.1h
step  82970 | loss 5.6842 | lr 1.92e-04 | grad 1.41 | 1.1k tok/s (avg 0.9k) | cert 0.37→0.61 | ticks [4.906 3.688 3.531 3.703 3.672 3.875 3.750 3.688] | Δticks -1.219 | ETA 37.1h
step  82980 | loss 9.6793 | lr 1.92e-04 | grad 1.49 | 0.8k tok/s (avg 0.9k) | cert 0.54→0.66 | ticks [4.812 4.250 4.188 4.188 3.953 4.344 4.312 4.188] | Δticks -0.625 | ETA 37.1h
step  82990 | loss 8.0285 | lr 1.92e-04 | grad 1.49 | 1.1k tok/s (avg 0.9k) | cert 0.48→0.64 | ticks [4.375 3.875 3.859 3.859 3.844 4.062 4.062 3.906] | Δticks -0.469 | ETA 37.1h
step  83000 | loss 6.5759 | lr 1.92e-04 | grad 1.35 | 0.8k tok/s (avg 0.9k) | cert 0.29→0.46 | ticks [5.469 4.625 4.500 4.625 4.688 4.844 4.719 4.906] | Δticks -0.562 | ETA 37.1h
step  83010 | loss 7.4800 | lr 1.92e-04 | grad 1.41 | 0.8k tok/s (avg 0.9k) | cert 0.42→0.70 | ticks [4.375 3.703 3.672 3.672 3.422 3.672 3.875 3.578] | Δticks -0.797 | ETA 37.1h
step  83020 | loss 9.2519 | lr 1.92e-04 | grad 1.41 | 1.1k tok/s (avg 0.9k) | cert 0.45→0.56 | ticks [5.000 4.281 4.250 4.375 4.375 4.656 4.469 4.406] | Δticks -0.594 | ETA 37.1h
step  83030 | loss 7.6556 | lr 1.92e-04 | grad 1.34 | 0.8k tok/s (avg 0.9k) | cert 0.28→0.53 | ticks [6.031 5.188 5.156 5.250 5.219 5.438 5.250 5.281] | Δticks -0.750 | ETA 37.1h
step  83040 | loss 8.7322 | lr 1.92e-04 | grad 1.62 | 0.8k tok/s (avg 0.9k) | cert 0.31→0.51 | ticks [5.969 4.875 4.938 5.125 5.188 5.188 5.219 4.969] | Δticks -1.000 | ETA 37.1h
step  83050 | loss 8.6045 | lr 1.92e-04 | grad 1.62 | 1.1k tok/s (avg 0.9k) | cert 0.50→0.66 | ticks [4.688 4.094 4.094 4.062 3.969 4.406 4.344 3.969] | Δticks -0.719 | ETA 37.1h
step  83060 | loss 5.9065 | lr 1.92e-04 | grad 1.45 | 0.8k tok/s (avg 0.9k) | cert 0.40→0.66 | ticks [4.562 3.797 3.781 3.734 3.672 3.875 3.953 3.547] | Δticks -1.016 | ETA 37.1h
step  83070 | loss 7.2728 | lr 1.92e-04 | grad 1.45 | 1.1k tok/s (avg 0.9k) | cert 0.23→0.59 | ticks [6.031 4.750 4.531 4.500 4.594 4.969 4.750 4.438] | Δticks -1.594 | ETA 37.1h
step  83080 | loss 7.3798 | lr 1.92e-04 | grad 1.48 | 0.8k tok/s (avg 0.9k) | cert 0.47→0.66 | ticks [4.500 3.953 3.562 3.688 3.750 3.750 3.797 3.828] | Δticks -0.672 | ETA 37.1h
step  83090 | loss 11.1425 | lr 1.92e-04 | grad 1.32 | 0.8k tok/s (avg 0.9k) | cert 0.69→0.63 | ticks [4.344 4.031 4.094 4.219 4.188 4.312 4.062 3.953] | Δticks -0.391 | ETA 37.1h
step  83100 | loss 8.2595 | lr 1.92e-04 | grad 1.32 | 1.1k tok/s (avg 0.9k) | cert 0.22→0.46 | ticks [7.344 6.125 5.906 5.938 5.938 6.094 6.031 6.031] | Δticks -1.312 | ETA 37.1h
step  83110 | loss 6.9164 | lr 1.92e-04 | grad 1.41 | 0.8k tok/s (avg 0.9k) | cert 0.43→0.63 | ticks [4.812 4.125 3.703 3.625 3.656 4.000 3.906 3.734] | Δticks -1.078 | ETA 37.1h
step  83120 | loss 10.3934 | lr 1.92e-04 | grad 1.34 | 0.8k tok/s (avg 0.9k) | cert 0.64→0.67 | ticks [3.891 3.750 3.812 3.719 3.578 3.672 3.781 3.531] | Δticks -0.359 | ETA 37.1h
step  83130 | loss 12.4917 | lr 1.92e-04 | grad 1.34 | 1.1k tok/s (avg 0.9k) | cert 0.55→0.65 | ticks [5.375 4.625 4.531 4.594 4.562 4.969 4.844 4.562] | Δticks -0.812 | ETA 37.1h
step  83140 | loss 7.5017 | lr 1.92e-04 | grad 1.34 | 0.8k tok/s (avg 0.9k) | cert 0.53→0.65 | ticks [4.406 3.953 3.766 3.672 3.500 4.031 3.719 3.656] | Δticks -0.750 | ETA 37.1h
step  83150 | loss 6.7467 | lr 1.92e-04 | grad 1.34 | 1.1k tok/s (avg 0.9k) | cert 0.47→0.64 | ticks [4.344 3.594 3.500 3.500 3.641 4.062 3.859 3.531] | Δticks -0.812 | ETA 37.1h
step  83160 | loss 7.7472 | lr 1.92e-04 | grad 1.45 | 0.8k tok/s (avg 0.9k) | cert 0.55→0.66 | ticks [4.438 4.125 3.766 3.719 3.703 3.938 3.922 3.797] | Δticks -0.641 | ETA 37.1h
step  83170 | loss 8.7530 | lr 1.92e-04 | grad 1.33 | 0.8k tok/s (avg 0.9k) | cert 0.49→0.66 | ticks [4.719 4.062 3.812 3.812 3.781 4.156 3.953 3.906] | Δticks -0.812 | ETA 37.1h
step  83180 | loss 5.7657 | lr 1.92e-04 | grad 1.33 | 1.1k tok/s (avg 0.9k) | cert 0.49→0.69 | ticks [4.188 3.703 3.312 3.250 3.234 3.672 3.594 3.312] | Δticks -0.875 | ETA 37.1h
step  83190 | loss 7.5055 | lr 1.92e-04 | grad 1.22 | 0.8k tok/s (avg 0.9k) | cert 0.37→0.54 | ticks [5.312 4.812 4.531 4.625 4.625 4.969 4.625 4.625] | Δticks -0.688 | ETA 37.1h
step  83200 | loss 7.2340 | lr 1.92e-04 | grad 1.52 | 0.8k tok/s (avg 0.9k) | cert 0.54→0.69 | ticks [4.062 3.719 3.594 3.562 3.469 3.703 3.750 3.609] | Δticks -0.453 | ETA 37.1h
step  83210 | loss 6.8920 | lr 1.92e-04 | grad 1.52 | 1.1k tok/s (avg 0.9k) | cert 0.37→0.54 | ticks [5.656 4.875 4.625 4.812 4.719 5.000 4.812 4.781] | Δticks -0.875 | ETA 37.1h
step  83220 | loss 7.2713 | lr 1.92e-04 | grad 1.38 | 0.8k tok/s (avg 0.9k) | cert 0.48→0.67 | ticks [4.250 3.719 3.531 3.547 3.312 3.750 3.656 3.469] | Δticks -0.781 | ETA 37.1h
step  83230 | loss 7.8660 | lr 1.92e-04 | grad 1.38 | 1.1k tok/s (avg 0.9k) | cert 0.21→0.47 | ticks [6.250 5.094 4.844 4.906 4.906 5.125 5.000 5.188] | Δticks -1.062 | ETA 37.1h
step  83240 | loss 8.8370 | lr 1.92e-04 | grad 1.41 | 0.8k tok/s (avg 0.9k) | cert 0.22→0.37 | ticks [7.656 6.406 6.375 6.500 6.312 6.562 6.438 6.688] | Δticks -0.969 | ETA 37.1h
step  83250 | loss 8.7093 | lr 1.92e-04 | grad 1.30 | 0.8k tok/s (avg 0.9k) | cert 0.33→0.54 | ticks [6.562 5.219 5.188 5.438 5.062 5.406 5.406 5.312] | Δticks -1.250 | ETA 37.1h
step  83260 | loss 9.2233 | lr 1.92e-04 | grad 1.30 | 1.1k tok/s (avg 0.9k) | cert 0.59→0.66 | ticks [4.469 4.125 3.953 4.125 3.953 4.219 3.922 3.938] | Δticks -0.531 | ETA 37.0h
step  83270 | loss 8.0525 | lr 1.92e-04 | grad 1.43 | 0.8k tok/s (avg 0.9k) | cert 0.47→0.61 | ticks [4.875 4.219 4.156 4.156 4.000 4.375 4.281 4.125] | Δticks -0.750 | ETA 37.0h
step  83280 | loss 8.1629 | lr 1.92e-04 | grad 1.40 | 0.8k tok/s (avg 0.9k) | cert 0.57→0.68 | ticks [4.312 3.750 3.516 3.594 3.438 3.891 3.797 3.641] | Δticks -0.672 | ETA 37.0h
step  83290 | loss 7.0468 | lr 1.92e-04 | grad 1.40 | 1.1k tok/s (avg 0.9k) | cert 0.49→0.66 | ticks [4.406 3.875 3.672 3.688 3.578 3.781 3.859 3.703] | Δticks -0.703 | ETA 37.0h
step  83300 | loss 8.0887 | lr 1.92e-04 | grad 1.45 | 0.8k tok/s (avg 0.9k) | cert 0.17→0.40 | ticks [7.344 6.344 6.062 6.062 6.156 6.406 6.219 6.250] | Δticks -1.094 | ETA 37.0h
step  83310 | loss 8.6822 | lr 1.92e-04 | grad 1.45 | 1.1k tok/s (avg 0.9k) | cert 0.30→0.45 | ticks [6.062 5.094 5.156 5.281 5.312 5.438 5.344 5.500] | Δticks -0.562 | ETA 37.0h
step  83320 | loss 9.0156 | lr 1.92e-04 | grad 1.33 | 0.8k tok/s (avg 0.9k) | cert 0.24→0.41 | ticks [6.281 5.406 5.406 5.469 5.531 5.750 5.562 5.656] | Δticks -0.625 | ETA 37.0h
step  83330 | loss 7.9748 | lr 1.92e-04 | grad 1.28 | 0.8k tok/s (avg 0.9k) | cert 0.21→0.52 | ticks [7.062 6.188 5.625 5.719 5.812 6.062 5.812 5.781] | Δticks -1.281 | ETA 37.0h
step  83340 | loss 6.9836 | lr 1.91e-04 | grad 1.28 | 1.1k tok/s (avg 0.9k) | cert 0.27→0.51 | ticks [6.281 5.438 5.281 5.219 5.312 5.594 5.281 5.281] | Δticks -1.000 | ETA 37.0h
step  83350 | loss 6.9860 | lr 1.91e-04 | grad 1.31 | 0.8k tok/s (avg 0.9k) | cert 0.41→0.61 | ticks [5.344 4.719 4.438 4.469 4.500 4.844 4.625 4.531] | Δticks -0.812 | ETA 37.0h
step  83360 | loss 9.2521 | lr 1.91e-04 | grad 1.26 | 0.8k tok/s (avg 0.9k) | cert 0.26→0.48 | ticks [6.625 5.656 5.438 5.438 5.500 5.719 5.562 5.656] | Δticks -0.969 | ETA 37.0h
step  83370 | loss 7.9463 | lr 1.91e-04 | grad 1.26 | 1.1k tok/s (avg 0.9k) | cert 0.21→0.47 | ticks [7.156 6.406 5.969 6.000 6.156 6.344 6.156 6.156] | Δticks -1.000 | ETA 37.0h
step  83380 | loss 10.7346 | lr 1.91e-04 | grad 1.47 | 0.8k tok/s (avg 0.9k) | cert 0.38→0.55 | ticks [6.188 5.688 5.438 5.469 5.219 5.594 5.469 5.469] | Δticks -0.719 | ETA 37.0h
step  83390 | loss 6.9507 | lr 1.91e-04 | grad 1.47 | 1.1k tok/s (avg 0.9k) | cert 0.47→0.65 | ticks [4.000 3.609 3.469 3.375 3.438 3.734 3.625 3.516] | Δticks -0.484 | ETA 37.0h
step  83400 | loss 7.0722 | lr 1.91e-04 | grad 1.28 | 0.8k tok/s (avg 0.9k) | cert 0.37→0.53 | ticks [5.219 4.312 4.344 4.469 4.594 4.531 4.500 4.625] | Δticks -0.594 | ETA 37.0h
step  83410 | loss 6.8137 | lr 1.91e-04 | grad 1.27 | 0.8k tok/s (avg 0.9k) | cert 0.56→0.69 | ticks [4.375 3.828 3.719 3.766 3.562 3.859 3.812 3.609] | Δticks -0.766 | ETA 37.0h
step  83420 | loss 7.4812 | lr 1.91e-04 | grad 1.27 | 1.1k tok/s (avg 0.9k) | cert 0.35→0.61 | ticks [4.750 4.031 3.812 3.703 3.750 3.953 3.875 3.891] | Δticks -0.859 | ETA 37.0h
step  83430 | loss 8.6585 | lr 1.91e-04 | grad 1.41 | 0.8k tok/s (avg 0.9k) | cert 0.22→0.59 | ticks [6.062 4.781 4.562 4.531 4.625 4.719 4.625 4.562] | Δticks -1.500 | ETA 37.0h
step  83440 | loss 8.0081 | lr 1.91e-04 | grad 1.40 | 0.8k tok/s (avg 0.9k) | cert 0.38→0.56 | ticks [6.281 5.594 5.531 5.625 5.281 5.625 5.625 5.594] | Δticks -0.688 | ETA 37.0h
step  83450 | loss 9.3233 | lr 1.91e-04 | grad 1.40 | 1.1k tok/s (avg 0.9k) | cert 0.58→0.69 | ticks [4.500 4.125 3.953 4.188 3.984 4.531 4.281 3.953] | Δticks -0.547 | ETA 37.0h
step  83460 | loss 9.2550 | lr 1.91e-04 | grad 1.49 | 0.8k tok/s (avg 0.9k) | cert 0.37→0.61 | ticks [5.062 4.438 4.375 4.281 4.250 4.562 4.406 4.156] | Δticks -0.906 | ETA 37.0h
step  83470 | loss 8.4200 | lr 1.91e-04 | grad 1.49 | 1.1k tok/s (avg 0.9k) | cert 0.33→0.52 | ticks [6.156 5.281 5.125 5.312 5.312 5.531 5.469 5.375] | Δticks -0.781 | ETA 37.0h
step  83480 | loss 7.9524 | lr 1.91e-04 | grad 1.68 | 0.8k tok/s (avg 0.9k) | cert 0.54→0.72 | ticks [4.500 3.953 3.797 3.875 3.672 4.219 4.062 3.625] | Δticks -0.875 | ETA 37.0h
step  83490 | loss 7.7375 | lr 1.91e-04 | grad 1.38 | 0.8k tok/s (avg 0.9k) | cert 0.40→0.61 | ticks [5.375 4.375 4.406 4.406 4.375 4.719 4.469 4.312] | Δticks -1.062 | ETA 37.0h
step  83500 | loss 7.6972 | lr 1.91e-04 | grad 1.38 | 1.1k tok/s (avg 0.9k) | cert 0.44→0.62 | ticks [5.062 4.281 4.219 4.188 4.156 4.562 4.281 4.156] | Δticks -0.906 | ETA 37.0h
step  83510 | loss 8.6613 | lr 1.91e-04 | grad 1.51 | 0.8k tok/s (avg 0.9k) | cert 0.32→0.52 | ticks [6.094 5.281 5.156 5.312 5.250 5.531 5.281 5.250] | Δticks -0.844 | ETA 37.0h
step  83520 | loss 6.3864 | lr 1.91e-04 | grad 1.46 | 0.8k tok/s (avg 0.9k) | cert 0.40→0.68 | ticks [4.688 3.656 3.828 3.938 3.703 4.344 3.875 3.656] | Δticks -1.031 | ETA 37.0h
step  83530 | loss 9.1446 | lr 1.91e-04 | grad 1.46 | 1.1k tok/s (avg 0.9k) | cert 0.29→0.45 | ticks [7.406 6.812 6.906 6.906 6.812 6.938 6.750 7.000] | Δticks -0.406 | ETA 37.0h
step  83540 | loss 6.1394 | lr 1.91e-04 | grad 1.52 | 0.8k tok/s (avg 0.9k) | cert 0.35→0.64 | ticks [5.219 4.219 4.188 4.000 4.094 4.438 4.125 4.062] | Δticks -1.156 | ETA 37.0h
step  83550 | loss 8.3049 | lr 1.91e-04 | grad 1.52 | 1.1k tok/s (avg 0.9k) | cert 0.38→0.66 | ticks [4.875 4.094 3.922 3.938 3.828 4.312 4.219 3.828] | Δticks -1.047 | ETA 37.0h
step  83560 | loss 8.2008 | lr 1.91e-04 | grad 1.33 | 0.8k tok/s (avg 0.9k) | cert 0.57→0.70 | ticks [4.281 3.719 3.766 3.734 3.438 3.938 3.828 3.625] | Δticks -0.656 | ETA 37.0h
step  83570 | loss 7.1064 | lr 1.91e-04 | grad 1.46 | 0.8k tok/s (avg 0.9k) | cert 0.39→0.64 | ticks [4.906 4.062 4.031 3.953 3.984 4.312 4.031 3.969] | Δticks -0.938 | ETA 37.0h
step  83580 | loss 5.9109 | lr 1.91e-04 | grad 1.46 | 1.1k tok/s (avg 0.9k) | cert 0.42→0.66 | ticks [4.531 3.922 3.719 3.672 3.672 4.125 3.828 3.766] | Δticks -0.766 | ETA 36.9h
step  83590 | loss 10.7871 | lr 1.91e-04 | grad 1.31 | 0.8k tok/s (avg 0.9k) | cert 0.55→0.68 | ticks [5.250 4.844 4.875 4.938 4.750 5.062 4.906 4.844] | Δticks -0.406 | ETA 36.9h
step  83600 | loss 7.6212 | lr 1.91e-04 | grad 1.40 | 0.8k tok/s (avg 0.9k) | cert 0.48→0.68 | ticks [5.062 4.438 4.438 4.250 4.156 4.625 4.375 4.281] | Δticks -0.781 | ETA 36.9h
step  83610 | loss 10.3811 | lr 1.91e-04 | grad 1.40 | 1.1k tok/s (avg 0.9k) | cert 0.68→0.74 | ticks [3.797 3.547 3.484 3.656 3.531 3.969 3.516 3.359] | Δticks -0.438 | ETA 36.9h
step  83620 | loss 8.5142 | lr 1.91e-04 | grad 1.46 | 0.8k tok/s (avg 0.9k) | cert 0.49→0.67 | ticks [5.219 4.250 4.156 4.250 4.250 4.625 4.375 4.094] | Δticks -1.125 | ETA 36.9h
step  83630 | loss 8.1806 | lr 1.91e-04 | grad 1.46 | 1.1k tok/s (avg 0.9k) | cert 0.27→0.49 | ticks [5.938 4.969 4.938 5.000 4.906 5.031 4.906 4.969] | Δticks -0.969 | ETA 36.9h
step  83640 | loss 9.0462 | lr 1.91e-04 | grad 1.50 | 0.8k tok/s (avg 0.9k) | cert 0.35→0.49 | ticks [6.219 5.562 5.500 5.500 5.438 5.781 5.594 5.688] | Δticks -0.531 | ETA 36.9h
step  83650 | loss 7.1812 | lr 1.91e-04 | grad 1.35 | 0.8k tok/s (avg 0.9k) | cert 0.38→0.60 | ticks [4.969 4.094 4.094 4.031 3.984 4.500 4.250 4.000] | Δticks -0.969 | ETA 36.9h
step  83660 | loss 7.2992 | lr 1.91e-04 | grad 1.35 | 1.1k tok/s (avg 0.9k) | cert 0.44→0.69 | ticks [4.625 3.922 3.875 3.750 3.906 4.188 3.906 3.719] | Δticks -0.906 | ETA 36.9h
step  83670 | loss 7.7743 | lr 1.91e-04 | grad 1.50 | 0.8k tok/s (avg 0.9k) | cert 0.40→0.63 | ticks [4.906 4.125 3.984 3.938 3.938 4.250 4.156 3.953] | Δticks -0.953 | ETA 36.9h
step  83680 | loss 9.6822 | lr 1.91e-04 | grad 1.29 | 0.8k tok/s (avg 0.9k) | cert 0.52→0.67 | ticks [4.438 3.766 3.781 3.641 3.547 3.969 3.938 3.594] | Δticks -0.844 | ETA 36.9h
step  83690 | loss 10.8895 | lr 1.91e-04 | grad 1.29 | 1.1k tok/s (avg 0.9k) | cert 0.44→0.60 | ticks [5.188 4.438 4.406 4.438 4.531 4.781 4.562 4.500] | Δticks -0.688 | ETA 36.9h
step  83700 | loss 10.4880 | lr 1.91e-04 | grad 1.31 | 0.8k tok/s (avg 0.9k) | cert 0.64→0.70 | ticks [4.031 4.219 4.094 4.188 3.594 4.031 4.156 3.891] | Δticks -0.141 | ETA 36.9h
step  83710 | loss 8.2070 | lr 1.91e-04 | grad 1.31 | 1.1k tok/s (avg 0.9k) | cert 0.39→0.62 | ticks [5.344 4.375 4.188 4.188 4.250 4.531 4.344 4.188] | Δticks -1.156 | ETA 36.9h
step  83720 | loss 8.0871 | lr 1.91e-04 | grad 1.22 | 0.8k tok/s (avg 0.9k) | cert 0.35→0.51 | ticks [5.844 4.844 4.812 4.844 4.750 4.969 5.031 5.094] | Δticks -0.750 | ETA 36.9h
step  83730 | loss 6.9905 | lr 1.91e-04 | grad 1.30 | 0.8k tok/s (avg 0.9k) | cert 0.35→0.65 | ticks [4.875 4.000 3.859 3.891 3.812 4.250 3.984 3.844] | Δticks -1.031 | ETA 36.9h
step  83740 | loss 6.9409 | lr 1.91e-04 | grad 1.30 | 1.1k tok/s (avg 0.9k) | cert 0.45→0.68 | ticks [4.406 3.797 3.859 3.656 3.766 4.188 4.094 3.641] | Δticks -0.766 | ETA 36.9h
step  83750 | loss 6.6250 | lr 1.91e-04 | grad 1.27 | 0.8k tok/s (avg 0.9k) | cert 0.43→0.60 | ticks [4.719 3.984 3.906 3.969 3.812 4.406 4.125 4.000] | Δticks -0.719 | ETA 36.9h
step  83760 | loss 6.3426 | lr 1.91e-04 | grad 1.52 | 0.8k tok/s (avg 0.9k) | cert 0.46→0.70 | ticks [4.125 3.344 3.531 3.328 3.094 3.641 3.453 3.266] | Δticks -0.859 | ETA 36.9h
step  83770 | loss 8.1461 | lr 1.90e-04 | grad 1.52 | 1.1k tok/s (avg 0.9k) | cert 0.49→0.69 | ticks [4.031 3.750 3.781 3.469 3.641 3.969 3.875 3.516] | Δticks -0.516 | ETA 36.9h
step  83780 | loss 7.1050 | lr 1.90e-04 | grad 1.30 | 0.8k tok/s (avg 0.9k) | cert 0.39→0.64 | ticks [4.469 3.906 3.688 3.578 3.516 3.922 3.734 3.625] | Δticks -0.844 | ETA 36.9h
step  83790 | loss 10.7780 | lr 1.90e-04 | grad 1.30 | 1.1k tok/s (avg 0.9k) | cert 0.43→0.52 | ticks [5.219 4.656 4.562 4.625 4.656 4.812 4.656 4.750] | Δticks -0.469 | ETA 36.9h
step  83800 | loss 8.5685 | lr 1.90e-04 | grad 1.48 | 0.8k tok/s (avg 0.9k) | cert 0.50→0.70 | ticks [4.281 3.766 3.688 3.625 3.500 3.938 3.906 3.578] | Δticks -0.703 | ETA 36.9h
step  83810 | loss 6.9759 | lr 1.90e-04 | grad 1.39 | 0.8k tok/s (avg 0.9k) | cert 0.29→0.58 | ticks [6.469 5.281 5.125 5.250 5.219 5.406 5.281 5.188] | Δticks -1.281 | ETA 36.9h
step  83820 | loss 7.2089 | lr 1.90e-04 | grad 1.39 | 1.1k tok/s (avg 0.9k) | cert 0.48→0.70 | ticks [4.469 3.812 3.828 3.531 3.625 4.062 3.953 3.719] | Δticks -0.750 | ETA 36.9h
step  83830 | loss 7.1473 | lr 1.90e-04 | grad 1.29 | 0.8k tok/s (avg 0.9k) | cert 0.19→0.46 | ticks [6.438 5.188 4.844 4.906 4.844 5.219 5.156 5.031] | Δticks -1.406 | ETA 36.9h
step  83840 | loss 5.6296 | lr 1.90e-04 | grad 1.20 | 0.8k tok/s (avg 0.9k) | cert 0.50→0.61 | ticks [4.062 3.688 3.578 3.750 3.234 3.453 3.422 3.453] | Δticks -0.609 | ETA 36.9h
step  83850 | loss 12.1701 | lr 1.90e-04 | grad 1.20 | 1.1k tok/s (avg 0.9k) | cert 0.48→0.54 | ticks [5.438 4.875 4.844 4.906 4.906 5.219 4.875 4.906] | Δticks -0.531 | ETA 36.9h
step  83860 | loss 8.9830 | lr 1.90e-04 | grad 1.41 | 0.8k tok/s (avg 0.9k) | cert 0.62→0.71 | ticks [4.875 3.750 3.828 3.859 3.547 3.969 4.031 3.719] | Δticks -1.156 | ETA 36.9h
step  83870 | loss 6.9171 | lr 1.90e-04 | grad 1.41 | 1.1k tok/s (avg 0.9k) | cert 0.38→0.62 | ticks [5.156 4.312 4.125 4.125 4.000 4.438 4.250 4.031] | Δticks -1.125 | ETA 36.9h
step  83880 | loss 7.9986 | lr 1.90e-04 | grad 1.38 | 0.8k tok/s (avg 0.9k) | cert 0.57→0.70 | ticks [3.969 3.641 3.719 3.641 3.484 4.031 3.828 3.406] | Δticks -0.562 | ETA 36.9h
step  83890 | loss 6.4496 | lr 1.90e-04 | grad 1.38 | 0.8k tok/s (avg 0.9k) | cert 0.52→0.64 | ticks [4.469 3.562 3.703 3.688 3.391 3.953 3.797 3.656] | Δticks -0.812 | ETA 36.9h
step  83900 | loss 8.5053 | lr 1.90e-04 | grad 1.38 | 1.1k tok/s (avg 0.9k) | cert 0.40→0.63 | ticks [5.094 4.438 4.219 4.156 4.188 4.812 4.469 4.156] | Δticks -0.938 | ETA 36.8h
step  83910 | loss 8.1946 | lr 1.90e-04 | grad 1.53 | 0.8k tok/s (avg 0.9k) | cert 0.43→0.64 | ticks [4.875 4.344 4.125 4.156 4.094 4.406 4.312 4.188] | Δticks -0.688 | ETA 36.8h
step  83920 | loss 7.7410 | lr 1.90e-04 | grad 1.53 | 0.8k tok/s (avg 0.9k) | cert 0.44→0.61 | ticks [4.938 4.438 4.344 4.406 4.219 4.625 4.469 4.438] | Δticks -0.500 | ETA 36.8h
step  83930 | loss 6.7779 | lr 1.90e-04 | grad 1.53 | 1.1k tok/s (avg 0.9k) | cert 0.44→0.62 | ticks [4.000 3.594 3.344 3.344 3.297 3.688 3.297 3.406] | Δticks -0.594 | ETA 36.8h
step  83940 | loss 7.2638 | lr 1.90e-04 | grad 1.52 | 0.8k tok/s (avg 0.9k) | cert 0.44→0.65 | ticks [4.750 4.125 3.953 3.984 3.766 4.188 4.094 3.953] | Δticks -0.797 | ETA 36.8h
step  83950 | loss 6.7061 | lr 1.90e-04 | grad 1.52 | 1.1k tok/s (avg 0.9k) | cert 0.31→0.56 | ticks [5.188 4.562 4.406 4.250 4.281 4.719 4.500 4.500] | Δticks -0.688 | ETA 36.8h
step  83960 | loss 11.1919 | lr 1.90e-04 | grad 1.36 | 0.8k tok/s (avg 0.9k) | cert 0.69→0.69 | ticks [3.453 3.172 3.297 3.578 3.203 3.547 3.484 3.312] | Δticks -0.141 | ETA 36.8h
step  83970 | loss 7.5524 | lr 1.90e-04 | grad 1.20 | 0.8k tok/s (avg 0.9k) | cert 0.40→0.67 | ticks [4.906 4.250 4.219 4.312 4.125 4.469 4.125 4.156] | Δticks -0.750 | ETA 36.8h
step  83980 | loss 13.2153 | lr 1.90e-04 | grad 1.20 | 1.1k tok/s (avg 0.9k) | cert 0.72→0.75 | ticks [3.828 3.922 3.750 3.828 3.469 3.969 3.891 3.672] | Δticks -0.156 | ETA 36.8h
step  83990 | loss 6.8718 | lr 1.90e-04 | grad 1.47 | 0.8k tok/s (avg 0.9k) | cert 0.35→0.54 | ticks [5.719 4.938 4.625 4.656 4.594 4.938 4.656 4.688] | Δticks -1.031 | ETA 36.8h
step  84000 | loss 7.5498 | lr 1.90e-04 | grad 1.46 | 0.8k tok/s (avg 0.9k) | cert 0.36→0.53 | ticks [5.688 4.969 4.750 4.812 4.812 5.188 4.875 4.875] | Δticks -0.812 | ETA 36.8h
step  84010 | loss 7.7919 | lr 1.90e-04 | grad 1.46 | 1.1k tok/s (avg 0.9k) | cert 0.44→0.60 | ticks [5.438 4.938 4.656 4.719 4.562 4.719 4.531 4.719] | Δticks -0.719 | ETA 36.8h
step  84020 | loss 8.8684 | lr 1.90e-04 | grad 1.38 | 0.8k tok/s (avg 0.9k) | cert 0.11→0.37 | ticks [8.812 7.469 7.375 7.469 7.438 7.625 7.500 7.719] | Δticks -1.094 | ETA 36.8h
step  84030 | loss 7.1502 | lr 1.90e-04 | grad 1.38 | 1.1k tok/s (avg 0.9k) | cert 0.50→0.69 | ticks [4.531 3.875 3.844 3.797 3.531 4.125 4.094 3.891] | Δticks -0.641 | ETA 36.8h
step  84040 | loss 8.1308 | lr 1.90e-04 | grad 1.52 | 0.8k tok/s (avg 0.9k) | cert 0.46→0.68 | ticks [4.750 4.031 3.984 3.781 3.812 4.250 4.000 3.859] | Δticks -0.891 | ETA 36.8h
step  84050 | loss 10.6103 | lr 1.90e-04 | grad 1.43 | 0.8k tok/s (avg 0.9k) | cert 0.50→0.58 | ticks [5.031 4.156 4.000 4.188 4.219 4.500 4.406 4.281] | Δticks -0.750 | ETA 36.8h
step  84060 | loss 7.5181 | lr 1.90e-04 | grad 1.43 | 1.1k tok/s (avg 0.9k) | cert 0.40→0.60 | ticks [5.312 4.719 4.562 4.500 4.500 4.875 4.625 4.438] | Δticks -0.875 | ETA 36.8h
step  84070 | loss 7.1700 | lr 1.90e-04 | grad 1.39 | 0.8k tok/s (avg 0.9k) | cert 0.29→0.60 | ticks [5.438 4.594 4.406 4.438 4.562 4.969 4.625 4.406] | Δticks -1.031 | ETA 36.8h
step  84080 | loss 8.2797 | lr 1.90e-04 | grad 1.38 | 0.8k tok/s (avg 0.9k) | cert 0.62→0.67 | ticks [3.891 3.531 3.406 3.547 3.578 3.922 3.672 3.516] | Δticks -0.375 | ETA 36.8h
step  84090 | loss 6.8697 | lr 1.90e-04 | grad 1.38 | 1.1k tok/s (avg 0.9k) | cert 0.36→0.60 | ticks [5.469 4.625 4.406 4.375 4.469 4.719 4.500 4.375] | Δticks -1.094 | ETA 36.8h
step  84100 | loss 6.5293 | lr 1.90e-04 | grad 1.40 | 0.8k tok/s (avg 0.9k) | cert 0.35→0.58 | ticks [5.000 4.281 4.188 4.031 4.000 4.469 4.344 4.125] | Δticks -0.875 | ETA 36.8h
step  84110 | loss 7.8129 | lr 1.90e-04 | grad 1.40 | 1.1k tok/s (avg 0.9k) | cert 0.23→0.54 | ticks [7.125 5.938 5.812 5.844 5.812 6.094 6.000 5.812] | Δticks -1.312 | ETA 36.8h
step  84120 | loss 7.2499 | lr 1.90e-04 | grad 1.23 | 0.8k tok/s (avg 0.9k) | cert 0.40→0.64 | ticks [4.531 3.641 3.578 3.484 3.422 3.844 3.812 3.453] | Δticks -1.078 | ETA 36.8h
step  84130 | loss 8.0720 | lr 1.90e-04 | grad 1.53 | 0.8k tok/s (avg 0.9k) | cert 0.48→0.68 | ticks [4.719 3.938 3.859 3.688 3.688 4.062 3.969 3.703] | Δticks -1.016 | ETA 36.8h
step  84140 | loss 6.4743 | lr 1.90e-04 | grad 1.53 | 1.1k tok/s (avg 0.9k) | cert 0.49→0.63 | ticks [4.219 3.734 3.672 3.609 3.359 4.000 3.594 3.562] | Δticks -0.656 | ETA 36.8h
step  84150 | loss 7.0367 | lr 1.90e-04 | grad 1.32 | 0.8k tok/s (avg 0.9k) | cert 0.47→0.67 | ticks [4.812 3.953 4.062 4.062 3.922 4.469 4.094 3.875] | Δticks -0.938 | ETA 36.8h
step  84160 | loss 7.1388 | lr 1.90e-04 | grad 1.35 | 0.8k tok/s (avg 0.9k) | cert 0.47→0.69 | ticks [4.625 3.906 3.797 3.938 3.750 4.156 3.906 3.719] | Δticks -0.906 | ETA 36.8h
step  84170 | loss 9.5785 | lr 1.90e-04 | grad 1.35 | 1.1k tok/s (avg 0.9k) | cert 0.41→0.61 | ticks [5.031 4.250 4.281 4.531 4.531 4.781 4.500 4.344] | Δticks -0.688 | ETA 36.8h
step  84180 | loss 8.1088 | lr 1.90e-04 | grad 1.34 | 0.8k tok/s (avg 0.9k) | cert 0.34→0.61 | ticks [5.438 4.281 4.312 4.312 4.250 4.562 4.375 4.281] | Δticks -1.156 | ETA 36.8h
step  84190 | loss 6.7721 | lr 1.90e-04 | grad 1.34 | 1.1k tok/s (avg 0.9k) | cert 0.45→0.64 | ticks [4.781 4.000 3.891 3.953 3.859 4.344 4.062 4.000] | Δticks -0.781 | ETA 36.8h
step  84200 | loss 6.8755 | lr 1.90e-04 | grad 1.32 | 0.8k tok/s (avg 0.9k) | cert 0.43→0.63 | ticks [4.906 3.734 3.781 3.875 3.969 4.250 3.859 3.797] | Δticks -1.109 | ETA 36.8h
step  84210 | loss 7.5148 | lr 1.89e-04 | grad 1.26 | 0.8k tok/s (avg 0.9k) | cert 0.41→0.59 | ticks [5.375 4.750 4.656 4.812 4.625 4.812 4.812 4.750] | Δticks -0.625 | ETA 36.8h
step  84220 | loss 8.4024 | lr 1.89e-04 | grad 1.26 | 1.1k tok/s (avg 0.9k) | cert 0.50→0.67 | ticks [4.188 3.578 3.609 3.484 3.531 3.922 3.656 3.469] | Δticks -0.719 | ETA 36.7h
step  84230 | loss 9.1595 | lr 1.89e-04 | grad 1.35 | 0.8k tok/s (avg 0.9k) | cert 0.38→0.61 | ticks [5.406 4.469 4.344 4.375 4.469 4.625 4.531 4.531] | Δticks -0.875 | ETA 36.7h
step  84240 | loss 6.7876 | lr 1.89e-04 | grad 1.68 | 0.8k tok/s (avg 0.9k) | cert 0.50→0.68 | ticks [3.953 3.422 3.328 3.422 3.312 3.656 3.594 3.484] | Δticks -0.469 | ETA 36.7h
step  84250 | loss 8.1109 | lr 1.89e-04 | grad 1.68 | 1.1k tok/s (avg 0.9k) | cert 0.37→0.61 | ticks [5.562 4.594 4.312 4.250 4.344 4.688 4.594 4.531] | Δticks -1.031 | ETA 36.7h
step  84260 | loss 7.0736 | lr 1.89e-04 | grad 1.36 | 0.8k tok/s (avg 0.9k) | cert 0.31→0.55 | ticks [5.719 4.844 4.719 4.781 4.750 4.938 4.906 4.875] | Δticks -0.844 | ETA 36.7h
step  84270 | loss 9.0806 | lr 1.89e-04 | grad 1.36 | 1.1k tok/s (avg 0.9k) | cert 0.35→0.62 | ticks [4.906 4.156 4.094 3.922 3.953 4.312 4.281 4.062] | Δticks -0.844 | ETA 36.7h
step  84280 | loss 7.2534 | lr 1.89e-04 | grad 1.29 | 0.8k tok/s (avg 0.9k) | cert 0.43→0.59 | ticks [5.875 5.125 4.938 4.938 4.781 4.906 5.000 4.969] | Δticks -0.906 | ETA 36.7h
step  84290 | loss 6.8575 | lr 1.89e-04 | grad 1.21 | 0.8k tok/s (avg 0.9k) | cert 0.33→0.55 | ticks [5.562 4.812 4.562 4.562 4.531 4.844 4.562 4.562] | Δticks -1.000 | ETA 36.7h
step  84300 | loss 6.1234 | lr 1.89e-04 | grad 1.21 | 1.1k tok/s (avg 0.9k) | cert 0.42→0.68 | ticks [3.953 3.172 3.250 3.266 3.062 3.609 3.422 3.172] | Δticks -0.781 | ETA 36.7h
step  84310 | loss 7.4716 | lr 1.89e-04 | grad 1.28 | 0.8k tok/s (avg 0.9k) | cert 0.40→0.67 | ticks [4.438 3.750 3.688 3.672 3.656 3.969 3.859 3.641] | Δticks -0.797 | ETA 36.7h
step  84320 | loss 5.7370 | lr 1.89e-04 | grad 1.31 | 0.8k tok/s (avg 0.9k) | cert 0.41→0.64 | ticks [4.656 3.938 3.609 3.719 3.609 4.125 3.875 3.672] | Δticks -0.984 | ETA 36.7h
step  84330 | loss 8.7456 | lr 1.89e-04 | grad 1.31 | 1.1k tok/s (avg 0.9k) | cert 0.32→0.52 | ticks [6.219 5.438 5.062 5.156 5.125 5.344 5.125 5.156] | Δticks -1.062 | ETA 36.7h
step  84340 | loss 8.5300 | lr 1.89e-04 | grad 1.30 | 0.8k tok/s (avg 0.9k) | cert 0.51→0.66 | ticks [4.656 4.219 4.094 4.156 3.969 4.375 4.188 4.094] | Δticks -0.562 | ETA 36.7h
step  84350 | loss 7.6796 | lr 1.89e-04 | grad 1.30 | 1.1k tok/s (avg 0.9k) | cert 0.31→0.50 | ticks [6.344 5.625 5.375 5.469 5.406 5.625 5.469 5.500] | Δticks -0.844 | ETA 36.7h
step  84360 | loss 8.7156 | lr 1.89e-04 | grad 1.32 | 0.8k tok/s (avg 0.9k) | cert 0.41→0.51 | ticks [5.438 4.562 4.625 4.688 4.719 4.906 4.875 4.906] | Δticks -0.531 | ETA 36.7h
step  84370 | loss 9.0776 | lr 1.89e-04 | grad 1.45 | 0.8k tok/s (avg 0.9k) | cert 0.06→0.30 | ticks [9.500 8.250 8.000 8.000 8.125 8.250 8.062 8.375] | Δticks -1.125 | ETA 36.7h
step  84380 | loss 8.3037 | lr 1.89e-04 | grad 1.45 | 1.1k tok/s (avg 0.9k) | cert 0.42→0.65 | ticks [4.938 4.062 4.125 3.906 4.000 4.281 4.062 4.094] | Δticks -0.844 | ETA 36.7h
step  84390 | loss 5.8963 | lr 1.89e-04 | grad 1.24 | 0.8k tok/s (avg 0.9k) | cert 0.42→0.67 | ticks [4.625 4.125 3.844 3.719 3.688 4.125 3.844 3.859] | Δticks -0.766 | ETA 36.7h
step  84400 | loss 6.5796 | lr 1.89e-04 | grad 1.29 | 0.8k tok/s (avg 0.9k) | cert 0.42→0.64 | ticks [4.438 3.703 3.922 3.828 3.875 4.125 3.828 3.719] | Δticks -0.719 | ETA 36.7h
step  84410 | loss 7.0893 | lr 1.89e-04 | grad 1.29 | 1.1k tok/s (avg 0.9k) | cert 0.42→0.67 | ticks [4.688 3.906 3.906 3.812 3.828 4.125 4.031 3.734] | Δticks -0.953 | ETA 36.7h
step  84420 | loss 9.8224 | lr 1.89e-04 | grad 1.36 | 0.8k tok/s (avg 0.9k) | cert 0.36→0.56 | ticks [6.000 5.031 5.000 5.188 4.906 5.281 5.156 5.156] | Δticks -0.844 | ETA 36.7h
step  84430 | loss 10.9704 | lr 1.89e-04 | grad 1.36 | 1.1k tok/s (avg 0.9k) | cert 0.64→0.63 | ticks [4.062 3.781 3.672 3.781 3.656 4.031 3.703 3.828] | Δticks -0.234 | ETA 36.7h
step  84440 | loss 7.8658 | lr 1.89e-04 | grad 1.52 | 0.8k tok/s (avg 0.9k) | cert 0.49→0.64 | ticks [4.781 4.094 4.000 4.156 3.984 4.312 4.281 3.875] | Δticks -0.906 | ETA 36.7h
step  84450 | loss 7.0203 | lr 1.89e-04 | grad 1.27 | 0.8k tok/s (avg 0.9k) | cert 0.34→0.54 | ticks [5.875 5.250 5.156 5.250 5.219 5.344 5.125 5.094] | Δticks -0.781 | ETA 36.7h
step  84460 | loss 6.8314 | lr 1.89e-04 | grad 1.27 | 1.1k tok/s (avg 0.9k) | cert 0.29→0.52 | ticks [5.625 4.969 4.594 4.656 4.812 4.969 4.844 4.719] | Δticks -0.906 | ETA 36.7h
step  84470 | loss 9.5456 | lr 1.89e-04 | grad 1.39 | 0.8k tok/s (avg 0.9k) | cert 0.30→0.48 | ticks [5.875 4.906 5.000 5.281 5.375 5.344 5.344 5.344] | Δticks -0.531 | ETA 36.7h
step  84480 | loss 7.7613 | lr 1.89e-04 | grad 1.44 | 0.8k tok/s (avg 0.9k) | cert 0.38→0.65 | ticks [4.969 4.188 4.062 4.188 4.125 4.375 4.125 4.000] | Δticks -0.969 | ETA 36.7h
step  84490 | loss 7.8218 | lr 1.89e-04 | grad 1.44 | 1.1k tok/s (avg 0.9k) | cert 0.38→0.59 | ticks [5.969 5.000 5.000 5.031 4.750 5.062 5.125 5.031] | Δticks -0.938 | ETA 36.7h
step  84500 | loss 7.6615 | lr 1.89e-04 | grad 1.67 | 0.8k tok/s (avg 0.9k) | cert 0.36→0.56 | ticks [5.688 4.969 4.906 4.906 4.906 5.031 4.750 4.812] | Δticks -0.875 | ETA 36.7h
step  84510 | loss 7.7555 | lr 1.89e-04 | grad 1.67 | 1.1k tok/s (avg 0.9k) | cert 0.37→0.64 | ticks [5.281 4.219 4.250 4.219 4.219 4.406 4.469 4.125] | Δticks -1.156 | ETA 36.7h
step  84520 | loss 6.2686 | lr 1.89e-04 | grad 1.32 | 0.8k tok/s (avg 0.9k) | cert 0.46→0.68 | ticks [4.438 3.969 3.609 3.656 3.562 4.000 3.891 3.641] | Δticks -0.797 | ETA 36.7h
step  84530 | loss 9.3730 | lr 1.89e-04 | grad 1.31 | 0.8k tok/s (avg 0.9k) | cert 0.38→0.48 | ticks [5.656 5.094 4.844 4.938 4.906 5.188 5.000 5.125] | Δticks -0.531 | ETA 36.6h
step  84540 | loss 10.0087 | lr 1.89e-04 | grad 1.31 | 1.1k tok/s (avg 0.9k) | cert 0.42→0.58 | ticks [5.281 4.375 4.250 4.625 4.500 4.781 4.656 4.562] | Δticks -0.719 | ETA 36.6h
step  84550 | loss 8.1974 | lr 1.89e-04 | grad 1.59 | 0.8k tok/s (avg 0.9k) | cert 0.36→0.59 | ticks [5.750 4.875 4.812 4.938 4.625 4.938 5.125 4.875] | Δticks -0.875 | ETA 36.6h
step  84560 | loss 6.2798 | lr 1.89e-04 | grad 1.70 | 0.8k tok/s (avg 0.9k) | cert 0.39→0.62 | ticks [4.875 4.125 4.000 3.906 3.953 4.344 4.094 4.031] | Δticks -0.844 | ETA 36.6h
step  84570 | loss 8.0572 | lr 1.89e-04 | grad 1.70 | 1.1k tok/s (avg 0.9k) | cert 0.39→0.51 | ticks [5.656 4.938 4.562 4.625 4.656 4.812 4.688 4.781] | Δticks -0.875 | ETA 36.6h
step  84580 | loss 7.7938 | lr 1.89e-04 | grad 1.42 | 0.8k tok/s (avg 0.9k) | cert 0.48→0.66 | ticks [4.750 4.250 4.000 4.125 4.000 4.438 4.281 4.094] | Δticks -0.656 | ETA 36.6h
step  84590 | loss 8.6812 | lr 1.89e-04 | grad 1.42 | 1.1k tok/s (avg 0.9k) | cert 0.35→0.50 | ticks [6.438 5.531 5.281 5.344 5.375 5.438 5.344 5.438] | Δticks -1.000 | ETA 36.6h
step  84600 | loss 7.8899 | lr 1.89e-04 | grad 1.42 | 0.8k tok/s (avg 0.9k) | cert 0.30→0.49 | ticks [5.969 4.938 4.938 5.094 5.188 5.375 5.125 5.188] | Δticks -0.781 | ETA 36.6h
step  84610 | loss 6.6221 | lr 1.89e-04 | grad 1.45 | 0.8k tok/s (avg 0.9k) | cert 0.58→0.72 | ticks [4.219 3.641 3.578 3.500 3.375 3.859 3.844 3.578] | Δticks -0.641 | ETA 36.6h
step  84620 | loss 7.0090 | lr 1.89e-04 | grad 1.45 | 1.1k tok/s (avg 0.9k) | cert 0.45→0.68 | ticks [4.531 4.312 3.969 3.688 3.688 4.281 4.031 3.953] | Δticks -0.578 | ETA 36.6h
step  84630 | loss 8.1099 | lr 1.89e-04 | grad 1.62 | 0.8k tok/s (avg 0.9k) | cert 0.24→0.47 | ticks [7.031 6.250 6.000 6.094 6.031 6.312 6.094 6.156] | Δticks -0.875 | ETA 36.6h
step  84640 | loss 7.5192 | lr 1.89e-04 | grad 1.38 | 0.8k tok/s (avg 0.9k) | cert 0.33→0.54 | ticks [6.281 5.250 4.844 4.906 4.906 5.281 5.062 5.062] | Δticks -1.219 | ETA 36.6h
step  84650 | loss 11.6472 | lr 1.88e-04 | grad 1.38 | 1.1k tok/s (avg 0.9k) | cert 0.41→0.46 | ticks [5.594 5.250 5.281 5.344 5.344 5.500 5.312 5.406] | Δticks -0.188 | ETA 36.6h
step  84660 | loss 6.4265 | lr 1.88e-04 | grad 1.49 | 0.8k tok/s (avg 0.9k) | cert 0.51→0.67 | ticks [4.344 3.766 3.688 3.656 3.578 3.922 3.703 3.578] | Δticks -0.766 | ETA 36.6h
step  84670 | loss 8.5012 | lr 1.88e-04 | grad 1.49 | 1.1k tok/s (avg 0.9k) | cert 0.43→0.63 | ticks [5.188 4.469 4.281 4.344 4.312 4.625 4.531 4.344] | Δticks -0.844 | ETA 36.6h
step  84680 | loss 7.4471 | lr 1.88e-04 | grad 1.36 | 0.8k tok/s (avg 0.9k) | cert 0.52→0.65 | ticks [4.594 4.125 4.125 4.281 3.844 4.250 4.031 4.188] | Δticks -0.406 | ETA 36.6h
step  84690 | loss 10.1335 | lr 1.88e-04 | grad 1.49 | 0.8k tok/s (avg 0.9k) | cert 0.52→0.61 | ticks [4.781 3.875 3.906 4.156 4.312 4.406 4.219 4.188] | Δticks -0.594 | ETA 36.6h
step  84700 | loss 7.8188 | lr 1.88e-04 | grad 1.49 | 1.1k tok/s (avg 0.9k) | cert 0.40→0.64 | ticks [5.219 4.438 4.219 4.344 4.281 4.719 4.500 4.250] | Δticks -0.969 | ETA 36.6h
step  84710 | loss 6.4302 | lr 1.88e-04 | grad 1.39 | 0.8k tok/s (avg 0.9k) | cert 0.40→0.65 | ticks [4.844 4.125 3.859 3.734 3.750 4.094 3.953 3.797] | Δticks -1.047 | ETA 36.6h
step  84720 | loss 10.0471 | lr 1.88e-04 | grad 1.32 | 0.8k tok/s (avg 0.9k) | cert 0.50→0.64 | ticks [4.781 4.031 3.906 3.906 4.000 4.281 4.188 4.125] | Δticks -0.656 | ETA 36.6h
step  84730 | loss 8.1462 | lr 1.88e-04 | grad 1.32 | 1.1k tok/s (avg 0.9k) | cert 0.39→0.63 | ticks [5.031 4.312 4.094 4.094 4.094 4.312 4.219 4.125] | Δticks -0.906 | ETA 36.6h
step  84740 | loss 9.8605 | lr 1.88e-04 | grad 1.68 | 0.8k tok/s (avg 0.9k) | cert 0.42→0.49 | ticks [5.500 4.812 4.688 4.875 4.844 4.906 4.938 5.000] | Δticks -0.500 | ETA 36.6h
step  84750 | loss 6.9171 | lr 1.88e-04 | grad 1.68 | 1.1k tok/s (avg 0.9k) | cert 0.43→0.67 | ticks [4.594 4.062 3.953 3.906 3.797 4.281 4.125 3.812] | Δticks -0.781 | ETA 36.6h
step  84760 | loss 7.9631 | lr 1.88e-04 | grad 1.70 | 0.8k tok/s (avg 0.9k) | cert 0.27→0.49 | ticks [5.500 4.594 4.469 4.438 4.531 4.750 4.625 4.531] | Δticks -0.969 | ETA 36.6h
step  84770 | loss 8.3667 | lr 1.88e-04 | grad 1.47 | 0.8k tok/s (avg 0.9k) | cert 0.33→0.51 | ticks [5.750 5.031 4.938 5.094 5.281 5.375 5.156 5.219] | Δticks -0.531 | ETA 36.6h
step  84780 | loss 7.0652 | lr 1.88e-04 | grad 1.47 | 1.1k tok/s (avg 0.9k) | cert 0.35→0.62 | ticks [5.375 4.500 4.281 4.281 4.312 4.625 4.531 4.312] | Δticks -1.062 | ETA 36.6h
step  84790 | loss 10.5577 | lr 1.88e-04 | grad 1.43 | 0.8k tok/s (avg 0.9k) | cert 0.63→0.62 | ticks [4.125 3.828 3.797 3.812 3.672 3.938 3.734 3.812] | Δticks -0.312 | ETA 36.6h
step  84800 | loss 7.8345 | lr 1.88e-04 | grad 1.54 | 0.8k tok/s (avg 0.9k) | cert 0.26→0.50 | ticks [6.781 6.031 5.750 5.781 5.844 6.094 5.875 5.875] | Δticks -0.906 | ETA 36.6h
step  84810 | loss 12.2839 | lr 1.88e-04 | grad 1.54 | 1.1k tok/s (avg 0.9k) | cert 0.77→0.75 | ticks [3.578 3.469 3.453 3.625 3.203 3.500 3.344 3.375] | Δticks -0.203 | ETA 36.6h
step  84820 | loss 6.4220 | lr 1.88e-04 | grad 1.38 | 0.8k tok/s (avg 0.9k) | cert 0.57→0.62 | ticks [3.766 3.375 3.406 3.312 3.141 3.391 3.531 3.438] | Δticks -0.328 | ETA 36.6h
step  84830 | loss 10.2296 | lr 1.88e-04 | grad 1.38 | 1.1k tok/s (avg 0.9k) | cert 0.52→0.62 | ticks [4.812 4.219 4.188 4.250 4.125 4.344 4.281 4.094] | Δticks -0.719 | ETA 36.5h
step  84840 | loss 7.2163 | lr 1.88e-04 | grad 1.57 | 0.8k tok/s (avg 0.9k) | cert 0.33→0.52 | ticks [6.031 5.375 5.062 5.094 5.000 5.250 5.062 5.031] | Δticks -1.000 | ETA 36.5h
step  84850 | loss 7.9689 | lr 1.88e-04 | grad 1.56 | 0.8k tok/s (avg 0.9k) | cert 0.36→0.62 | ticks [5.312 4.406 4.250 4.250 4.094 4.562 4.406 4.219] | Δticks -1.094 | ETA 36.5h
step  84860 | loss 7.0864 | lr 1.88e-04 | grad 1.56 | 1.1k tok/s (avg 0.9k) | cert 0.32→0.62 | ticks [5.344 4.531 4.125 4.062 4.125 4.375 4.344 4.219] | Δticks -1.125 | ETA 36.5h
step  84870 | loss 8.2049 | lr 1.88e-04 | grad 1.56 | 0.8k tok/s (avg 0.9k) | cert 0.27→0.57 | ticks [5.844 4.906 4.625 4.688 4.625 5.062 4.812 4.688] | Δticks -1.156 | ETA 36.5h
step  84880 | loss 7.2128 | lr 1.88e-04 | grad 1.37 | 0.8k tok/s (avg 0.9k) | cert 0.38→0.53 | ticks [5.406 5.031 4.688 4.781 4.875 5.125 4.875 4.781] | Δticks -0.625 | ETA 36.5h
step  84890 | loss 11.6270 | lr 1.88e-04 | grad 1.37 | 1.1k tok/s (avg 0.9k) | cert 0.59→0.61 | ticks [4.000 3.578 3.781 3.812 3.922 4.219 4.062 3.797] | Δticks -0.203 | ETA 36.5h
step  84900 | loss 5.8033 | lr 1.88e-04 | grad 1.47 | 0.8k tok/s (avg 0.9k) | cert 0.43→0.65 | ticks [4.344 3.406 3.391 3.359 3.500 3.750 3.625 3.438] | Δticks -0.906 | ETA 36.5h
step  84910 | loss 8.7475 | lr 1.88e-04 | grad 1.47 | 1.1k tok/s (avg 0.9k) | cert 0.31→0.50 | ticks [6.031 5.094 5.000 5.219 5.156 5.312 5.219 5.156] | Δticks -0.875 | ETA 36.5h
step  84920 | loss 8.1529 | lr 1.88e-04 | grad 1.48 | 0.8k tok/s (avg 0.9k) | cert 0.57→0.66 | ticks [4.406 3.766 3.594 3.719 3.562 3.953 4.031 3.766] | Δticks -0.641 | ETA 36.5h
step  84930 | loss 11.3463 | lr 1.88e-04 | grad 1.48 | 0.8k tok/s (avg 0.9k) | cert 0.39→0.51 | ticks [5.719 5.281 5.219 5.250 5.312 5.500 5.281 5.375] | Δticks -0.344 | ETA 36.5h
step  84940 | loss 9.3330 | lr 1.88e-04 | grad 1.48 | 1.1k tok/s (avg 0.9k) | cert 0.33→0.40 | ticks [5.625 4.969 5.031 5.156 5.125 5.281 5.156 5.344] | Δticks -0.281 | ETA 36.5h
step  84950 | loss 6.1174 | lr 1.88e-04 | grad 1.44 | 0.8k tok/s (avg 0.9k) | cert 0.45→0.67 | ticks [4.344 4.062 3.594 3.562 3.625 4.125 3.906 3.672] | Δticks -0.672 | ETA 36.5h
step  84960 | loss 7.6875 | lr 1.88e-04 | grad 1.34 | 0.8k tok/s (avg 0.9k) | cert 0.40→0.63 | ticks [4.750 4.125 3.828 3.875 3.797 4.156 4.031 3.844] | Δticks -0.906 | ETA 36.5h
step  84970 | loss 7.8684 | lr 1.88e-04 | grad 1.34 | 1.1k tok/s (avg 0.9k) | cert 0.49→0.66 | ticks [4.844 4.344 4.062 3.969 3.812 4.375 4.344 3.906] | Δticks -0.938 | ETA 36.5h
step  84980 | loss 6.9376 | lr 1.88e-04 | grad 1.41 | 0.8k tok/s (avg 0.9k) | cert 0.39→0.62 | ticks [5.062 4.344 4.094 3.984 3.969 4.250 4.219 4.125] | Δticks -0.938 | ETA 36.5h
step  84990 | loss 7.5013 | lr 1.88e-04 | grad 1.41 | 1.1k tok/s (avg 0.9k) | cert 0.23→0.48 | ticks [6.875 5.969 5.594 5.562 5.625 5.781 5.688 5.750] | Δticks -1.125 | ETA 36.5h
step  85000 | loss 7.1107 | lr 1.88e-04 | grad 1.41 | 0.8k tok/s (avg 0.9k) | cert 0.28→0.57 | ticks [6.062 5.000 4.812 4.844 4.812 5.156 4.938 4.938] | Δticks -1.125 | ETA 36.5h
  Saved checkpoint at step 85000
step  85010 | loss 8.4753 | lr 1.88e-04 | grad 1.42 | 0.7k tok/s (avg 0.9k) | cert 0.22→0.50 | ticks [6.688 5.656 5.438 5.531 5.562 5.656 5.625 5.625] | Δticks -1.062 | ETA 36.5h
step  85020 | loss 9.0179 | lr 1.88e-04 | grad 1.42 | 1.1k tok/s (avg 0.9k) | cert 0.31→0.49 | ticks [6.594 5.938 5.656 5.781 5.719 5.938 5.719 5.938] | Δticks -0.656 | ETA 36.5h
step  85030 | loss 9.3542 | lr 1.88e-04 | grad 1.20 | 0.8k tok/s (avg 0.9k) | cert 0.43→0.52 | ticks [5.000 4.625 4.344 4.375 4.500 4.750 4.562 4.625] | Δticks -0.375 | ETA 36.5h
step  85040 | loss 7.6119 | lr 1.88e-04 | grad 1.75 | 0.8k tok/s (avg 0.9k) | cert 0.54→0.71 | ticks [4.625 3.969 4.031 3.891 3.766 4.156 3.953 3.734] | Δticks -0.891 | ETA 36.5h
step  85050 | loss 7.2054 | lr 1.88e-04 | grad 1.75 | 1.1k tok/s (avg 0.9k) | cert 0.35→0.55 | ticks [6.188 5.062 4.938 5.000 4.812 5.125 5.062 5.000] | Δticks -1.188 | ETA 36.5h
step  85060 | loss 12.7546 | lr 1.88e-04 | grad 1.26 | 0.8k tok/s (avg 0.9k) | cert 0.22→0.44 | ticks [7.031 6.000 5.719 5.906 5.844 6.094 5.969 6.156] | Δticks -0.875 | ETA 36.5h
step  85070 | loss 7.0193 | lr 1.88e-04 | grad 1.26 | 1.1k tok/s (avg 0.9k) | cert 0.39→0.63 | ticks [5.375 4.562 4.438 4.375 4.312 4.625 4.562 4.375] | Δticks -1.000 | ETA 36.5h
step  85080 | loss 7.3355 | lr 1.87e-04 | grad 1.49 | 0.8k tok/s (avg 0.9k) | cert 0.45→0.63 | ticks [4.562 4.094 3.922 3.812 3.656 4.094 4.125 3.906] | Δticks -0.656 | ETA 36.5h
step  85090 | loss 9.2570 | lr 1.87e-04 | grad 1.74 | 0.8k tok/s (avg 0.9k) | cert 0.39→0.57 | ticks [5.906 5.031 4.906 5.062 4.844 5.062 4.969 4.906] | Δticks -1.000 | ETA 36.5h
step  85100 | loss 12.1704 | lr 1.87e-04 | grad 1.74 | 1.1k tok/s (avg 0.9k) | cert 0.68→0.63 | ticks [4.531 4.031 3.906 4.312 4.219 4.312 4.250 4.281] | Δticks -0.250 | ETA 36.5h
step  85110 | loss 11.7787 | lr 1.87e-04 | grad 1.42 | 0.8k tok/s (avg 0.9k) | cert 0.35→0.60 | ticks [5.906 4.844 4.688 4.906 4.719 5.531 5.062 4.781] | Δticks -1.125 | ETA 36.5h
step  85120 | loss 6.8915 | lr 1.87e-04 | grad 1.43 | 0.8k tok/s (avg 0.9k) | cert 0.54→0.68 | ticks [4.656 4.031 4.094 4.094 3.797 4.375 4.156 3.859] | Δticks -0.797 | ETA 36.5h
step  85130 | loss 7.9350 | lr 1.87e-04 | grad 1.43 | 1.1k tok/s (avg 0.9k) | cert 0.68→0.59 | ticks [3.781 3.625 3.703 3.562 3.484 3.734 3.609 3.734] | Δticks -0.047 | ETA 36.5h
step  85140 | loss 7.4946 | lr 1.87e-04 | grad 1.42 | 0.8k tok/s (avg 0.9k) | cert 0.46→0.59 | ticks [4.875 4.375 4.344 4.344 4.312 4.562 4.344 4.312] | Δticks -0.562 | ETA 36.5h
step  85150 | loss 7.4449 | lr 1.87e-04 | grad 1.42 | 1.1k tok/s (avg 0.9k) | cert 0.41→0.61 | ticks [4.938 4.250 4.125 4.156 4.031 4.531 4.312 4.250] | Δticks -0.688 | ETA 36.4h
step  85160 | loss 8.4861 | lr 1.87e-04 | grad 1.38 | 0.8k tok/s (avg 0.9k) | cert 0.39→0.51 | ticks [5.156 4.344 4.406 4.531 4.719 4.812 4.656 4.625] | Δticks -0.531 | ETA 36.4h
step  85170 | loss 8.3451 | lr 1.87e-04 | grad 1.45 | 0.8k tok/s (avg 0.9k) | cert 0.37→0.52 | ticks [5.219 4.312 4.312 4.438 4.656 4.688 4.625 4.500] | Δticks -0.719 | ETA 36.4h
step  85180 | loss 6.8486 | lr 1.87e-04 | grad 1.45 | 1.1k tok/s (avg 0.9k) | cert 0.55→0.68 | ticks [3.766 3.438 3.281 3.156 3.047 3.562 3.359 3.172] | Δticks -0.594 | ETA 36.4h
step  85190 | loss 8.3240 | lr 1.87e-04 | grad 1.43 | 0.8k tok/s (avg 0.9k) | cert 0.32→0.45 | ticks [5.531 4.750 4.688 4.875 5.031 5.219 4.938 5.000] | Δticks -0.531 | ETA 36.4h
step  85200 | loss 7.8493 | lr 1.87e-04 | grad 1.30 | 0.8k tok/s (avg 0.9k) | cert 0.48→0.66 | ticks [5.062 4.219 4.219 4.250 4.062 4.594 4.375 4.094] | Δticks -0.969 | ETA 36.4h
step  85210 | loss 7.5184 | lr 1.87e-04 | grad 1.30 | 1.1k tok/s (avg 0.9k) | cert 0.42→0.64 | ticks [5.250 4.281 4.188 4.219 4.062 4.688 4.344 4.219] | Δticks -1.031 | ETA 36.4h
step  85220 | loss 7.6484 | lr 1.87e-04 | grad 1.30 | 0.8k tok/s (avg 0.9k) | cert 0.25→0.49 | ticks [6.688 5.781 5.469 5.625 5.656 5.938 5.531 5.594] | Δticks -1.094 | ETA 36.4h
step  85230 | loss 9.0528 | lr 1.87e-04 | grad 1.30 | 1.1k tok/s (avg 0.9k) | cert 0.41→0.60 | ticks [5.062 4.250 4.125 4.125 4.125 4.469 4.250 4.188] | Δticks -0.875 | ETA 36.4h
step  85240 | loss 6.3175 | lr 1.87e-04 | grad 1.38 | 0.8k tok/s (avg 0.9k) | cert 0.47→0.64 | ticks [4.438 4.031 3.703 3.797 3.656 4.094 3.859 3.922] | Δticks -0.516 | ETA 36.4h
step  85250 | loss 7.3690 | lr 1.87e-04 | grad 1.30 | 0.8k tok/s (avg 0.9k) | cert 0.21→0.55 | ticks [6.500 5.094 4.969 5.188 5.000 5.500 5.156 5.062] | Δticks -1.438 | ETA 36.4h
step  85260 | loss 9.1556 | lr 1.87e-04 | grad 1.30 | 1.1k tok/s (avg 0.9k) | cert 0.48→0.66 | ticks [4.594 3.844 3.906 3.844 3.891 4.125 4.031 3.828] | Δticks -0.766 | ETA 36.4h
step  85270 | loss 7.9706 | lr 1.87e-04 | grad 1.44 | 0.8k tok/s (avg 0.9k) | cert 0.31→0.56 | ticks [6.719 5.469 5.344 5.406 5.156 5.656 5.531 5.469] | Δticks -1.250 | ETA 36.4h
step  85280 | loss 8.7665 | lr 1.87e-04 | grad 1.44 | 0.8k tok/s (avg 0.9k) | cert 0.50→0.71 | ticks [4.406 3.719 3.516 3.594 3.391 3.781 3.703 3.594] | Δticks -0.812 | ETA 36.4h
step  85290 | loss 9.5991 | lr 1.87e-04 | grad 1.44 | 1.1k tok/s (avg 0.9k) | cert 0.46→0.57 | ticks [5.031 4.500 4.344 4.344 4.438 4.688 4.438 4.375] | Δticks -0.656 | ETA 36.4h
step  85300 | loss 6.2901 | lr 1.87e-04 | grad 1.57 | 0.8k tok/s (avg 0.9k) | cert 0.49→0.67 | ticks [4.375 3.719 3.625 3.672 3.625 3.859 3.938 3.875] | Δticks -0.500 | ETA 36.4h
step  85310 | loss 6.7046 | lr 1.87e-04 | grad 1.57 | 1.1k tok/s (avg 0.9k) | cert 0.39→0.62 | ticks [4.719 4.219 3.797 3.781 3.766 4.125 3.953 3.938] | Δticks -0.781 | ETA 36.4h
step  85320 | loss 9.5118 | lr 1.87e-04 | grad 1.42 | 0.8k tok/s (avg 0.9k) | cert 0.37→0.54 | ticks [5.344 4.406 4.312 4.531 4.531 4.594 4.500 4.562] | Δticks -0.781 | ETA 36.4h
step  85330 | loss 6.9059 | lr 1.87e-04 | grad 1.34 | 0.8k tok/s (avg 0.9k) | cert 0.49→0.65 | ticks [4.469 4.125 3.781 3.812 3.703 4.094 4.000 3.906] | Δticks -0.562 | ETA 36.4h
step  85340 | loss 8.9372 | lr 1.87e-04 | grad 1.34 | 1.1k tok/s (avg 0.9k) | cert 0.24→0.44 | ticks [6.781 5.656 5.531 5.688 5.625 5.688 5.781 5.719] | Δticks -1.062 | ETA 36.4h
step  85350 | loss 8.0249 | lr 1.87e-04 | grad 1.38 | 0.8k tok/s (avg 0.9k) | cert 0.40→0.56 | ticks [5.125 4.562 4.250 4.344 4.344 4.688 4.438 4.250] | Δticks -0.875 | ETA 36.4h
step  85360 | loss 11.8679 | lr 1.87e-04 | grad 1.41 | 0.8k tok/s (avg 0.9k) | cert 0.33→0.49 | ticks [5.594 5.031 4.906 4.969 5.031 5.188 5.094 5.062] | Δticks -0.531 | ETA 36.4h
step  85370 | loss 10.7441 | lr 1.87e-04 | grad 1.41 | 1.1k tok/s (avg 0.9k) | cert 0.68→0.67 | ticks [3.594 3.578 3.328 3.281 3.047 3.609 3.453 3.234] | Δticks -0.359 | ETA 36.4h
step  85380 | loss 8.2545 | lr 1.87e-04 | grad 1.40 | 0.8k tok/s (avg 0.9k) | cert 0.26→0.49 | ticks [6.594 5.969 5.531 5.562 5.688 5.875 5.688 5.688] | Δticks -0.906 | ETA 36.4h
step  85390 | loss 8.4186 | lr 1.87e-04 | grad 1.40 | 1.1k tok/s (avg 0.9k) | cert 0.41→0.57 | ticks [5.562 5.000 4.781 4.938 4.875 5.125 4.969 4.812] | Δticks -0.750 | ETA 36.4h
step  85400 | loss 6.7867 | lr 1.87e-04 | grad 1.34 | 0.8k tok/s (avg 0.9k) | cert 0.27→0.54 | ticks [5.969 4.906 4.625 4.656 4.625 5.000 4.656 4.594] | Δticks -1.375 | ETA 36.4h
step  85410 | loss 6.8360 | lr 1.87e-04 | grad 1.48 | 0.8k tok/s (avg 0.9k) | cert 0.52→0.67 | ticks [4.469 3.812 3.891 3.891 3.750 4.000 3.844 3.688] | Δticks -0.781 | ETA 36.4h
step  85420 | loss 6.6391 | lr 1.87e-04 | grad 1.48 | 1.1k tok/s (avg 0.9k) | cert 0.46→0.59 | ticks [4.594 4.031 3.938 4.031 3.781 3.953 3.984 3.984] | Δticks -0.609 | ETA 36.4h
step  85430 | loss 6.3272 | lr 1.87e-04 | grad 1.31 | 0.8k tok/s (avg 0.9k) | cert 0.60→0.70 | ticks [4.406 3.719 3.703 3.656 3.500 3.922 3.922 3.578] | Δticks -0.828 | ETA 36.4h
step  85440 | loss 8.0921 | lr 1.87e-04 | grad 1.41 | 0.8k tok/s (avg 0.9k) | cert 0.55→0.68 | ticks [4.406 3.797 3.672 3.703 3.422 4.031 3.828 3.609] | Δticks -0.797 | ETA 36.4h
step  85450 | loss 9.1074 | lr 1.87e-04 | grad 1.41 | 1.1k tok/s (avg 0.9k) | cert 0.60→0.72 | ticks [4.875 4.219 4.219 4.344 3.875 4.344 4.438 4.188] | Δticks -0.688 | ETA 36.4h
step  85460 | loss 9.8726 | lr 1.87e-04 | grad 1.56 | 0.8k tok/s (avg 0.9k) | cert 0.39→0.56 | ticks [5.531 4.781 4.719 4.750 4.625 4.875 4.750 4.781] | Δticks -0.750 | ETA 36.4h
step  85470 | loss 9.4935 | lr 1.87e-04 | grad 1.56 | 1.1k tok/s (avg 0.9k) | cert 0.35→0.51 | ticks [6.562 5.688 5.562 5.531 5.656 5.812 5.656 5.750] | Δticks -0.812 | ETA 36.3h
step  85480 | loss 9.4731 | lr 1.87e-04 | grad 1.63 | 0.8k tok/s (avg 0.9k) | cert 0.54→0.67 | ticks [4.844 4.281 4.312 4.281 4.094 4.625 4.500 4.250] | Δticks -0.594 | ETA 36.3h
step  85490 | loss 7.2139 | lr 1.87e-04 | grad 1.53 | 0.8k tok/s (avg 0.9k) | cert 0.27→0.47 | ticks [6.188 5.344 5.062 5.219 5.250 5.469 5.125 5.281] | Δticks -0.906 | ETA 36.3h
step  85500 | loss 8.2043 | lr 1.87e-04 | grad 1.53 | 1.1k tok/s (avg 0.9k) | cert 0.21→0.43 | ticks [7.125 6.125 6.000 6.062 6.062 6.250 6.094 6.406] | Δticks -0.719 | ETA 36.3h
step  85510 | loss 10.5126 | lr 1.86e-04 | grad 1.61 | 0.8k tok/s (avg 0.9k) | cert 0.33→0.49 | ticks [6.062 5.125 4.969 5.094 5.062 5.375 5.125 5.188] | Δticks -0.875 | ETA 36.3h
step  85520 | loss 8.3309 | lr 1.86e-04 | grad 1.49 | 0.8k tok/s (avg 0.9k) | cert 0.41→0.53 | ticks [5.438 4.875 4.594 4.625 4.688 4.969 4.750 4.781] | Δticks -0.656 | ETA 36.3h
step  85530 | loss 6.1557 | lr 1.86e-04 | grad 1.49 | 1.1k tok/s (avg 0.9k) | cert 0.32→0.48 | ticks [5.219 4.219 4.094 4.094 4.219 4.375 4.219 4.500] | Δticks -0.719 | ETA 36.3h
step  85540 | loss 9.2030 | lr 1.86e-04 | grad 1.23 | 0.8k tok/s (avg 0.9k) | cert 0.45→0.55 | ticks [5.344 4.625 4.625 4.688 4.750 5.000 4.750 4.656] | Δticks -0.688 | ETA 36.3h
step  85550 | loss 9.2759 | lr 1.86e-04 | grad 1.23 | 1.1k tok/s (avg 0.9k) | cert 0.35→0.54 | ticks [5.812 5.031 4.875 4.906 4.719 5.094 5.062 4.969] | Δticks -0.844 | ETA 36.3h
step  85560 | loss 6.9370 | lr 1.86e-04 | grad 1.44 | 0.8k tok/s (avg 0.9k) | cert 0.42→0.64 | ticks [4.656 3.906 3.688 3.594 3.469 4.031 3.672 3.688] | Δticks -0.969 | ETA 36.3h
step  85570 | loss 6.2887 | lr 1.86e-04 | grad 1.41 | 0.8k tok/s (avg 0.9k) | cert 0.46→0.66 | ticks [4.406 3.875 3.609 3.516 3.359 3.844 3.609 3.609] | Δticks -0.797 | ETA 36.3h
step  85580 | loss 7.6015 | lr 1.86e-04 | grad 1.41 | 1.1k tok/s (avg 0.9k) | cert 0.50→0.70 | ticks [4.312 3.656 3.688 3.547 3.328 3.875 3.734 3.531] | Δticks -0.781 | ETA 36.3h
step  85590 | loss 7.4711 | lr 1.86e-04 | grad 1.44 | 0.8k tok/s (avg 0.9k) | cert 0.35→0.50 | ticks [5.438 4.375 4.406 4.406 4.562 4.719 4.688 4.781] | Δticks -0.656 | ETA 36.3h
step  85600 | loss 7.1482 | lr 1.86e-04 | grad 1.62 | 0.8k tok/s (avg 0.9k) | cert 0.29→0.51 | ticks [5.938 5.281 5.000 5.125 5.000 5.125 5.031 5.062] | Δticks -0.875 | ETA 36.3h
step  85610 | loss 7.6831 | lr 1.86e-04 | grad 1.62 | 1.1k tok/s (avg 0.9k) | cert 0.44→0.68 | ticks [4.750 4.406 3.953 3.844 3.750 4.062 3.984 3.906] | Δticks -0.844 | ETA 36.3h
step  85620 | loss 12.0327 | lr 1.86e-04 | grad 1.27 | 0.8k tok/s (avg 0.9k) | cert 0.75→0.74 | ticks [3.438 3.125 3.188 3.391 3.109 3.516 3.375 3.109] | Δticks -0.328 | ETA 36.3h
step  85630 | loss 10.7668 | lr 1.86e-04 | grad 1.27 | 1.1k tok/s (avg 0.9k) | cert 0.58→0.67 | ticks [4.344 4.469 4.250 4.469 3.812 4.250 4.312 3.969] | Δticks -0.375 | ETA 36.3h
step  85640 | loss 8.1500 | lr 1.86e-04 | grad 1.61 | 0.8k tok/s (avg 0.9k) | cert 0.38→0.54 | ticks [6.062 5.469 5.219 5.312 5.250 5.562 5.438 5.375] | Δticks -0.688 | ETA 36.3h
step  85650 | loss 8.3739 | lr 1.86e-04 | grad 1.45 | 0.8k tok/s (avg 0.9k) | cert 0.54→0.65 | ticks [4.875 4.531 4.250 4.219 4.062 4.469 4.375 4.062] | Δticks -0.812 | ETA 36.3h
step  85660 | loss 8.4487 | lr 1.86e-04 | grad 1.45 | 1.1k tok/s (avg 0.9k) | cert 0.38→0.64 | ticks [5.125 4.188 4.062 4.188 4.281 4.688 4.344 4.094] | Δticks -1.031 | ETA 36.3h
step  85670 | loss 5.4271 | lr 1.86e-04 | grad 1.52 | 0.8k tok/s (avg 0.9k) | cert 0.41→0.50 | ticks [3.844 3.547 3.047 3.016 3.000 3.312 2.859 3.156] | Δticks -0.688 | ETA 36.3h
step  85680 | loss 10.0002 | lr 1.86e-04 | grad 1.41 | 0.8k tok/s (avg 0.9k) | cert 0.22→0.45 | ticks [6.906 6.000 5.719 5.750 5.812 6.094 5.938 6.000] | Δticks -0.906 | ETA 36.3h
step  85690 | loss 6.6933 | lr 1.86e-04 | grad 1.41 | 1.1k tok/s (avg 0.9k) | cert 0.35→0.60 | ticks [5.281 4.344 4.156 4.031 4.188 4.500 4.281 4.094] | Δticks -1.188 | ETA 36.3h
step  85700 | loss 7.0155 | lr 1.86e-04 | grad 1.45 | 0.8k tok/s (avg 0.9k) | cert 0.36→0.53 | ticks [5.000 4.750 4.375 4.500 4.562 4.875 4.531 4.469] | Δticks -0.531 | ETA 36.3h
step  85710 | loss 8.1162 | lr 1.86e-04 | grad 1.45 | 1.1k tok/s (avg 0.9k) | cert 0.29→0.54 | ticks [6.062 5.000 4.781 4.781 4.812 5.125 4.969 4.844] | Δticks -1.219 | ETA 36.3h
step  85720 | loss 7.9382 | lr 1.86e-04 | grad 1.52 | 0.8k tok/s (avg 0.9k) | cert 0.29→0.53 | ticks [5.875 5.344 4.906 5.062 4.969 5.375 5.094 5.000] | Δticks -0.875 | ETA 36.3h
step  85730 | loss 6.9525 | lr 1.86e-04 | grad 1.29 | 0.8k tok/s (avg 0.9k) | cert 0.39→0.57 | ticks [5.094 4.406 4.219 4.125 4.281 4.594 4.344 4.250] | Δticks -0.844 | ETA 36.3h
step  85740 | loss 6.6339 | lr 1.86e-04 | grad 1.29 | 1.1k tok/s (avg 0.9k) | cert 0.25→0.59 | ticks [6.219 5.031 4.875 4.844 4.875 5.219 5.094 4.844] | Δticks -1.375 | ETA 36.3h
step  85750 | loss 7.6431 | lr 1.86e-04 | grad 1.60 | 0.8k tok/s (avg 0.9k) | cert 0.35→0.52 | ticks [6.156 5.406 5.375 5.469 5.438 5.844 5.531 5.469] | Δticks -0.688 | ETA 36.3h
step  85760 | loss 8.6265 | lr 1.86e-04 | grad 1.41 | 0.8k tok/s (avg 0.9k) | cert 0.26→0.47 | ticks [7.094 6.156 6.125 6.188 6.094 6.406 6.156 6.250] | Δticks -0.844 | ETA 36.3h
step  85770 | loss 6.6854 | lr 1.86e-04 | grad 1.41 | 1.1k tok/s (avg 0.9k) | cert 0.31→0.50 | ticks [5.531 4.719 4.594 4.531 4.625 4.875 4.688 4.812] | Δticks -0.719 | ETA 36.3h
step  85780 | loss 8.6438 | lr 1.86e-04 | grad 1.34 | 0.8k tok/s (avg 0.9k) | cert 0.34→0.53 | ticks [5.594 4.688 4.562 4.500 4.562 4.844 4.625 4.781] | Δticks -0.812 | ETA 36.3h
step  85790 | loss 7.5826 | lr 1.86e-04 | grad 1.34 | 1.1k tok/s (avg 0.9k) | cert 0.37→0.60 | ticks [4.969 4.219 4.156 4.062 3.938 4.438 4.250 4.250] | Δticks -0.719 | ETA 36.2h
step  85800 | loss 7.8284 | lr 1.86e-04 | grad 1.40 | 0.8k tok/s (avg 0.9k) | cert 0.43→0.62 | ticks [4.500 3.828 3.719 3.609 3.719 4.000 3.781 3.734] | Δticks -0.766 | ETA 36.2h
step  85810 | loss 6.0818 | lr 1.86e-04 | grad 1.45 | 0.8k tok/s (avg 0.9k) | cert 0.39→0.65 | ticks [4.375 3.703 3.516 3.641 3.562 3.984 3.594 3.562] | Δticks -0.812 | ETA 36.2h
step  85820 | loss 6.8513 | lr 1.86e-04 | grad 1.45 | 1.1k tok/s (avg 0.9k) | cert 0.29→0.50 | ticks [6.156 5.562 5.094 5.188 5.188 5.531 5.031 5.219] | Δticks -0.938 | ETA 36.2h
step  85830 | loss 7.5301 | lr 1.86e-04 | grad 1.25 | 0.8k tok/s (avg 0.9k) | cert 0.50→0.66 | ticks [5.031 4.188 3.891 4.000 3.953 4.344 4.156 4.125] | Δticks -0.906 | ETA 36.2h
step  85840 | loss 6.7706 | lr 1.86e-04 | grad 1.42 | 0.8k tok/s (avg 0.9k) | cert 0.34→0.58 | ticks [5.344 4.156 4.156 4.281 4.219 4.438 4.281 4.312] | Δticks -1.031 | ETA 36.2h
step  85850 | loss 7.6154 | lr 1.86e-04 | grad 1.42 | 1.1k tok/s (avg 0.9k) | cert 0.43→0.65 | ticks [4.562 3.844 3.562 3.609 3.516 3.969 3.781 3.609] | Δticks -0.953 | ETA 36.2h
step  85860 | loss 7.3794 | lr 1.86e-04 | grad 1.41 | 0.8k tok/s (avg 0.9k) | cert 0.45→0.64 | ticks [4.844 4.250 4.000 4.031 3.906 4.250 4.156 3.953] | Δticks -0.891 | ETA 36.2h
step  85870 | loss 8.1193 | lr 1.86e-04 | grad 1.41 | 1.1k tok/s (avg 0.9k) | cert 0.39→0.57 | ticks [4.812 4.312 4.062 4.125 4.156 4.250 4.031 4.188] | Δticks -0.625 | ETA 36.2h
step  85880 | loss 9.8889 | lr 1.86e-04 | grad 1.24 | 0.8k tok/s (avg 0.9k) | cert 0.54→0.58 | ticks [4.750 4.188 4.125 4.312 4.281 4.406 4.219 4.344] | Δticks -0.406 | ETA 36.2h
step  85890 | loss 8.1212 | lr 1.86e-04 | grad 1.38 | 0.8k tok/s (avg 0.9k) | cert 0.28→0.59 | ticks [5.844 4.781 4.656 4.719 4.500 4.844 4.844 4.562] | Δticks -1.281 | ETA 36.2h
step  85900 | loss 7.0205 | lr 1.86e-04 | grad 1.38 | 1.1k tok/s (avg 0.9k) | cert 0.50→0.70 | ticks [4.750 3.969 3.750 4.062 3.844 4.219 4.062 3.859] | Δticks -0.891 | ETA 36.2h
step  85910 | loss 10.4370 | lr 1.86e-04 | grad 1.32 | 0.8k tok/s (avg 0.9k) | cert 0.50→0.65 | ticks [3.891 3.625 3.500 3.266 3.375 3.875 3.828 3.234] | Δticks -0.656 | ETA 36.2h
step  85920 | loss 8.3163 | lr 1.86e-04 | grad 1.43 | 0.8k tok/s (avg 0.9k) | cert 0.29→0.45 | ticks [6.000 5.156 5.156 5.219 5.406 5.438 5.281 5.406] | Δticks -0.594 | ETA 36.2h
step  85930 | loss 6.5529 | lr 1.86e-04 | grad 1.43 | 1.1k tok/s (avg 0.9k) | cert 0.49→0.66 | ticks [4.500 3.938 3.750 3.656 3.484 3.984 3.688 3.562] | Δticks -0.938 | ETA 36.2h
step  85940 | loss 9.5643 | lr 1.86e-04 | grad 1.29 | 0.8k tok/s (avg 0.9k) | cert 0.31→0.54 | ticks [6.000 4.844 4.875 4.969 5.094 5.156 5.156 5.000] | Δticks -1.000 | ETA 36.2h
step  85950 | loss 7.7665 | lr 1.85e-04 | grad 1.29 | 1.1k tok/s (avg 0.9k) | cert 0.39→0.60 | ticks [5.219 4.656 4.531 4.594 4.562 4.875 4.656 4.438] | Δticks -0.781 | ETA 36.2h
step  85960 | loss 10.3671 | lr 1.85e-04 | grad 1.27 | 0.8k tok/s (avg 0.9k) | cert 0.22→0.40 | ticks [7.250 6.594 6.375 6.469 6.500 6.781 6.625 6.688] | Δticks -0.562 | ETA 36.2h
step  85970 | loss 7.9548 | lr 1.85e-04 | grad 1.31 | 0.8k tok/s (avg 0.9k) | cert 0.31→0.65 | ticks [5.500 4.406 4.344 4.438 4.406 4.781 4.594 4.344] | Δticks -1.156 | ETA 36.2h
step  85980 | loss 9.5952 | lr 1.85e-04 | grad 1.31 | 1.1k tok/s (avg 0.9k) | cert 0.59→0.64 | ticks [4.312 3.703 3.703 3.781 3.734 4.125 3.766 3.766] | Δticks -0.547 | ETA 36.2h
step  85990 | loss 7.1290 | lr 1.85e-04 | grad 1.37 | 0.8k tok/s (avg 0.9k) | cert 0.26→0.52 | ticks [6.406 5.438 5.188 5.312 5.156 5.562 5.312 5.219] | Δticks -1.188 | ETA 36.2h
step  86000 | loss 8.3647 | lr 1.85e-04 | grad 1.26 | 0.8k tok/s (avg 0.9k) | cert 0.29→0.50 | ticks [6.219 5.438 5.219 5.250 5.219 5.438 5.250 5.281] | Δticks -0.938 | ETA 36.2h
step  86010 | loss 8.0060 | lr 1.85e-04 | grad 1.26 | 1.1k tok/s (avg 0.9k) | cert 0.44→0.57 | ticks [4.906 4.375 4.250 4.469 4.250 4.719 4.344 4.500] | Δticks -0.406 | ETA 36.2h
step  86020 | loss 8.5232 | lr 1.85e-04 | grad 1.55 | 0.8k tok/s (avg 0.9k) | cert 0.34→0.54 | ticks [5.594 4.906 4.656 4.625 4.688 5.094 4.781 4.719] | Δticks -0.875 | ETA 36.2h
step  86030 | loss 7.9884 | lr 1.85e-04 | grad 1.55 | 1.1k tok/s (avg 0.9k) | cert 0.21→0.57 | ticks [6.031 4.719 4.812 4.750 4.750 5.000 4.812 4.750] | Δticks -1.281 | ETA 36.2h
step  86040 | loss 7.6572 | lr 1.85e-04 | grad 1.32 | 0.8k tok/s (avg 0.9k) | cert 0.40→0.62 | ticks [5.656 5.094 4.906 4.906 4.812 5.156 5.062 4.938] | Δticks -0.719 | ETA 36.2h
step  86050 | loss 11.8477 | lr 1.85e-04 | grad 1.25 | 0.8k tok/s (avg 0.9k) | cert 0.50→0.64 | ticks [4.156 3.484 3.656 3.609 3.672 4.219 3.953 3.531] | Δticks -0.625 | ETA 36.2h
step  86060 | loss 9.0871 | lr 1.85e-04 | grad 1.25 | 1.1k tok/s (avg 0.9k) | cert 0.41→0.58 | ticks [4.812 4.219 3.969 4.062 4.188 4.562 4.250 4.125] | Δticks -0.688 | ETA 36.2h
step  86070 | loss 8.8071 | lr 1.85e-04 | grad 1.43 | 0.8k tok/s (avg 0.9k) | cert 0.28→0.48 | ticks [6.531 5.594 5.438 5.531 5.500 5.812 5.688 5.812] | Δticks -0.719 | ETA 36.2h
step  86080 | loss 10.3336 | lr 1.85e-04 | grad 1.47 | 0.8k tok/s (avg 0.9k) | cert 0.63→0.69 | ticks [4.219 4.188 3.953 4.156 3.641 4.156 3.859 3.953] | Δticks -0.266 | ETA 36.2h
step  86090 | loss 7.7721 | lr 1.85e-04 | grad 1.47 | 1.1k tok/s (avg 0.9k) | cert 0.20→0.53 | ticks [7.219 5.906 5.594 5.750 5.688 6.031 5.812 5.781] | Δticks -1.438 | ETA 36.2h
step  86100 | loss 9.5258 | lr 1.85e-04 | grad 1.55 | 0.8k tok/s (avg 0.9k) | cert 0.39→0.59 | ticks [4.906 4.094 4.000 3.938 4.188 4.406 4.219 3.969] | Δticks -0.938 | ETA 36.2h
step  86110 | loss 11.0883 | lr 1.85e-04 | grad 1.55 | 1.1k tok/s (avg 0.9k) | cert 0.40→0.61 | ticks [5.031 4.125 4.094 4.125 4.156 4.438 4.281 4.188] | Δticks -0.844 | ETA 36.1h
step  86120 | loss 9.1392 | lr 1.85e-04 | grad 1.54 | 0.8k tok/s (avg 0.9k) | cert 0.34→0.61 | ticks [5.375 4.438 4.250 4.312 4.281 4.625 4.500 4.312] | Δticks -1.062 | ETA 36.1h
step  86130 | loss 8.9735 | lr 1.85e-04 | grad 1.56 | 0.8k tok/s (avg 0.9k) | cert 0.50→0.61 | ticks [4.656 4.125 4.125 4.312 4.094 4.344 4.250 4.125] | Δticks -0.531 | ETA 36.1h
step  86140 | loss 6.7986 | lr 1.85e-04 | grad 1.56 | 1.1k tok/s (avg 0.9k) | cert 0.54→0.69 | ticks [4.062 3.875 3.688 3.641 3.594 3.797 3.828 3.750] | Δticks -0.312 | ETA 36.1h
step  86150 | loss 6.6503 | lr 1.85e-04 | grad 1.42 | 0.8k tok/s (avg 0.9k) | cert 0.35→0.61 | ticks [4.438 3.719 3.625 3.562 3.578 4.031 3.812 3.609] | Δticks -0.828 | ETA 36.1h
step  86160 | loss 7.4245 | lr 1.85e-04 | grad 1.27 | 0.8k tok/s (avg 0.9k) | cert 0.35→0.59 | ticks [5.531 4.500 4.562 4.594 4.688 4.844 4.656 4.562] | Δticks -0.969 | ETA 36.1h
step  86170 | loss 9.9802 | lr 1.85e-04 | grad 1.27 | 1.1k tok/s (avg 0.9k) | cert 0.36→0.50 | ticks [6.156 5.469 5.281 5.375 5.406 5.625 5.469 5.594] | Δticks -0.562 | ETA 36.1h
step  86180 | loss 6.9574 | lr 1.85e-04 | grad 1.41 | 0.8k tok/s (avg 0.9k) | cert 0.44→0.66 | ticks [4.875 4.281 4.125 4.062 3.953 4.344 4.312 4.156] | Δticks -0.719 | ETA 36.1h
step  86190 | loss 8.5390 | lr 1.85e-04 | grad 1.41 | 1.1k tok/s (avg 0.9k) | cert 0.55→0.70 | ticks [4.000 3.406 3.312 3.281 3.266 3.766 3.422 3.156] | Δticks -0.844 | ETA 36.1h
step  86200 | loss 8.8007 | lr 1.85e-04 | grad 1.59 | 0.8k tok/s (avg 0.9k) | cert 0.52→0.64 | ticks [3.953 3.531 3.609 3.609 3.312 3.641 3.672 3.484] | Δticks -0.469 | ETA 36.1h
step  86210 | loss 14.0256 | lr 1.85e-04 | grad 1.28 | 0.8k tok/s (avg 0.9k) | cert 0.74→0.73 | ticks [4.188 3.891 4.000 4.094 3.594 4.188 4.094 4.094] | Δticks -0.094 | ETA 36.1h
step  86220 | loss 7.6917 | lr 1.85e-04 | grad 1.28 | 1.1k tok/s (avg 0.9k) | cert 0.22→0.47 | ticks [7.125 6.031 5.844 6.031 5.938 6.156 6.094 6.000] | Δticks -1.125 | ETA 36.1h
step  86230 | loss 7.1990 | lr 1.85e-04 | grad 1.41 | 0.8k tok/s (avg 0.9k) | cert 0.23→0.52 | ticks [6.719 5.406 5.281 5.281 5.250 5.562 5.531 5.406] | Δticks -1.312 | ETA 36.1h
step  86240 | loss 8.9277 | lr 1.85e-04 | grad 1.39 | 0.8k tok/s (avg 0.9k) | cert 0.48→0.61 | ticks [5.281 4.656 4.625 4.594 4.656 4.938 4.656 4.531] | Δticks -0.750 | ETA 36.1h
step  86250 | loss 6.7403 | lr 1.85e-04 | grad 1.39 | 1.1k tok/s (avg 0.9k) | cert 0.31→0.56 | ticks [5.531 4.531 4.438 4.469 4.375 4.844 4.531 4.500] | Δticks -1.031 | ETA 36.1h
step  86260 | loss 7.5781 | lr 1.85e-04 | grad 1.26 | 0.8k tok/s (avg 0.9k) | cert 0.56→0.62 | ticks [4.438 3.922 3.938 4.062 3.750 4.062 4.000 3.938] | Δticks -0.500 | ETA 36.1h
step  86270 | loss 8.5189 | lr 1.85e-04 | grad 1.26 | 1.1k tok/s (avg 0.9k) | cert 0.45→0.63 | ticks [4.688 3.844 3.828 3.969 4.125 4.312 4.219 3.922] | Δticks -0.766 | ETA 36.1h
step  86280 | loss 7.4213 | lr 1.85e-04 | grad 1.44 | 0.8k tok/s (avg 0.9k) | cert 0.38→0.59 | ticks [5.250 4.688 4.594 4.500 4.406 4.812 4.719 4.469] | Δticks -0.781 | ETA 36.1h
step  86290 | loss 7.0945 | lr 1.85e-04 | grad 1.16 | 0.8k tok/s (avg 0.9k) | cert 0.53→0.66 | ticks [4.625 3.922 3.875 3.766 3.734 4.062 4.031 3.797] | Δticks -0.828 | ETA 36.1h
step  86300 | loss 6.3950 | lr 1.85e-04 | grad 1.16 | 1.1k tok/s (avg 0.9k) | cert 0.56→0.69 | ticks [4.156 3.500 3.484 3.234 3.156 3.391 3.453 3.297] | Δticks -0.859 | ETA 36.1h
step  86310 | loss 7.1631 | lr 1.85e-04 | grad 1.38 | 0.8k tok/s (avg 0.9k) | cert 0.33→0.53 | ticks [5.094 4.094 4.062 4.188 4.250 4.406 4.250 4.250] | Δticks -0.844 | ETA 36.1h
step  86320 | loss 6.6738 | lr 1.85e-04 | grad 1.30 | 0.8k tok/s (avg 0.9k) | cert 0.28→0.51 | ticks [5.969 5.188 4.844 4.906 4.969 5.312 5.000 5.000] | Δticks -0.969 | ETA 36.1h
step  86330 | loss 8.0524 | lr 1.85e-04 | grad 1.30 | 1.1k tok/s (avg 0.9k) | cert 0.30→0.59 | ticks [5.719 4.562 4.469 4.688 4.469 5.062 4.875 4.531] | Δticks -1.188 | ETA 36.1h
step  86340 | loss 7.1496 | lr 1.85e-04 | grad 1.45 | 0.8k tok/s (avg 0.9k) | cert 0.33→0.56 | ticks [5.562 4.844 4.625 4.656 4.625 4.906 4.562 4.562] | Δticks -1.000 | ETA 36.1h
step  86350 | loss 7.0618 | lr 1.85e-04 | grad 1.45 | 1.1k tok/s (avg 0.9k) | cert 0.28→0.50 | ticks [5.875 5.219 4.844 5.000 5.031 5.250 5.000 5.000] | Δticks -0.875 | ETA 36.1h
step  86360 | loss 7.1809 | lr 1.85e-04 | grad 1.34 | 0.8k tok/s (avg 0.9k) | cert 0.25→0.50 | ticks [6.469 5.719 5.406 5.531 5.500 5.625 5.469 5.562] | Δticks -0.906 | ETA 36.1h
step  86370 | loss 10.2165 | lr 1.85e-04 | grad 1.34 | 0.8k tok/s (avg 0.9k) | cert 0.39→0.64 | ticks [5.250 4.344 4.406 4.438 4.406 4.750 4.625 4.281] | Δticks -0.969 | ETA 36.1h
step  86380 | loss 9.7285 | lr 1.84e-04 | grad 1.34 | 1.1k tok/s (avg 0.9k) | cert 0.48→0.66 | ticks [4.281 3.781 3.719 3.844 3.766 4.156 4.000 3.672] | Δticks -0.609 | ETA 36.1h
step  86390 | loss 8.0133 | lr 1.84e-04 | grad 1.30 | 0.8k tok/s (avg 0.9k) | cert 0.29→0.52 | ticks [5.781 4.969 4.656 4.844 4.812 5.031 4.781 4.875] | Δticks -0.906 | ETA 36.1h
step  86400 | loss 6.3253 | lr 1.84e-04 | grad 1.46 | 0.8k tok/s (avg 0.9k) | cert 0.46→0.64 | ticks [4.281 3.781 3.547 3.531 3.406 3.859 3.703 3.453] | Δticks -0.828 | ETA 36.1h
step  86410 | loss 6.4111 | lr 1.84e-04 | grad 1.46 | 1.1k tok/s (avg 0.9k) | cert 0.25→0.52 | ticks [5.875 4.938 4.719 4.750 4.750 5.000 4.844 4.812] | Δticks -1.062 | ETA 36.0h
step  86420 | loss 10.3885 | lr 1.84e-04 | grad 1.23 | 0.8k tok/s (avg 0.9k) | cert 0.66→0.66 | ticks [3.828 3.547 3.531 3.562 3.641 3.891 3.734 3.578] | Δticks -0.250 | ETA 36.0h
step  86430 | loss 8.0518 | lr 1.84e-04 | grad 1.23 | 1.1k tok/s (avg 0.9k) | cert 0.36→0.59 | ticks [5.156 4.250 4.188 4.312 4.250 4.625 4.438 4.031] | Δticks -1.125 | ETA 36.0h
step  86440 | loss 8.2686 | lr 1.84e-04 | grad 1.35 | 0.8k tok/s (avg 0.9k) | cert 0.39→0.62 | ticks [4.688 3.828 3.891 3.859 3.875 4.406 4.219 3.844] | Δticks -0.844 | ETA 36.0h
step  86450 | loss 6.9970 | lr 1.84e-04 | grad 1.45 | 0.8k tok/s (avg 0.9k) | cert 0.35→0.52 | ticks [5.219 4.344 4.344 4.406 4.469 4.562 4.469 4.656] | Δticks -0.562 | ETA 36.0h
step  86460 | loss 10.7608 | lr 1.84e-04 | grad 1.45 | 1.1k tok/s (avg 0.9k) | cert 0.22→0.42 | ticks [7.219 6.281 6.094 6.188 6.188 6.344 6.281 6.438] | Δticks -0.781 | ETA 36.0h
step  86470 | loss 7.8299 | lr 1.84e-04 | grad 1.30 | 0.8k tok/s (avg 0.9k) | cert 0.46→0.59 | ticks [5.094 4.562 4.469 4.375 4.344 4.625 4.406 4.469] | Δticks -0.625 | ETA 36.0h
step  86480 | loss 6.9442 | lr 1.84e-04 | grad 1.30 | 0.8k tok/s (avg 0.9k) | cert 0.40→0.55 | ticks [5.000 4.281 4.312 4.312 4.312 4.719 4.281 4.250] | Δticks -0.750 | ETA 36.0h
step  86490 | loss 8.2328 | lr 1.84e-04 | grad 1.30 | 1.1k tok/s (avg 0.9k) | cert 0.45→0.64 | ticks [5.188 4.156 4.125 4.250 4.125 4.438 4.406 4.031] | Δticks -1.156 | ETA 36.0h
step  86500 | loss 7.7858 | lr 1.84e-04 | grad 1.40 | 0.8k tok/s (avg 0.9k) | cert 0.21→0.49 | ticks [6.844 6.000 5.656 5.719 5.781 6.031 5.750 5.781] | Δticks -1.062 | ETA 36.0h
step  86510 | loss 6.5574 | lr 1.84e-04 | grad 1.40 | 1.1k tok/s (avg 0.9k) | cert 0.36→0.59 | ticks [5.438 4.750 4.625 4.469 4.406 4.844 4.688 4.500] | Δticks -0.938 | ETA 36.0h
step  86520 | loss 7.8927 | lr 1.84e-04 | grad 1.66 | 0.8k tok/s (avg 0.9k) | cert 0.34→0.51 | ticks [6.281 5.406 5.219 5.188 5.312 5.469 5.406 5.500] | Δticks -0.781 | ETA 36.0h
step  86530 | loss 8.5389 | lr 1.84e-04 | grad 1.82 | 0.8k tok/s (avg 0.9k) | cert 0.50→0.64 | ticks [4.812 4.188 4.125 4.188 4.156 4.531 4.281 4.125] | Δticks -0.688 | ETA 36.0h
step  86540 | loss 7.3022 | lr 1.84e-04 | grad 1.82 | 1.1k tok/s (avg 0.9k) | cert 0.31→0.49 | ticks [5.781 4.750 4.812 4.812 5.031 5.031 5.094 5.062] | Δticks -0.719 | ETA 36.0h
step  86550 | loss 6.1904 | lr 1.84e-04 | grad 1.55 | 0.8k tok/s (avg 0.9k) | cert 0.50→0.69 | ticks [4.156 3.500 3.391 3.328 3.172 3.641 3.719 3.516] | Δticks -0.641 | ETA 36.0h
step  86560 | loss 7.3567 | lr 1.84e-04 | grad 1.45 | 0.8k tok/s (avg 0.9k) | cert 0.31→0.59 | ticks [5.500 4.500 4.625 4.438 4.531 4.938 4.781 4.531] | Δticks -0.969 | ETA 36.0h
step  86570 | loss 7.0876 | lr 1.84e-04 | grad 1.45 | 1.1k tok/s (avg 0.9k) | cert 0.37→0.54 | ticks [5.688 5.031 4.906 4.938 4.969 5.156 5.000 4.938] | Δticks -0.750 | ETA 36.0h
step  86580 | loss 7.3675 | lr 1.84e-04 | grad 1.35 | 0.8k tok/s (avg 0.9k) | cert 0.37→0.54 | ticks [4.906 4.031 4.031 3.969 4.250 4.312 4.156 4.156] | Δticks -0.750 | ETA 36.0h
step  86590 | loss 8.5165 | lr 1.84e-04 | grad 1.35 | 1.1k tok/s (avg 0.9k) | cert 0.24→0.48 | ticks [6.812 5.969 5.688 5.719 5.719 5.906 5.781 5.656] | Δticks -1.156 | ETA 36.0h
step  86600 | loss 7.8266 | lr 1.84e-04 | grad 1.52 | 0.8k tok/s (avg 0.9k) | cert 0.30→0.54 | ticks [6.031 5.312 5.062 5.094 4.969 5.281 5.125 5.031] | Δticks -1.000 | ETA 36.0h
step  86610 | loss 9.2594 | lr 1.84e-04 | grad 1.49 | 0.8k tok/s (avg 0.9k) | cert 0.26→0.66 | ticks [5.531 4.281 4.125 4.125 4.125 4.281 4.375 4.156] | Δticks -1.375 | ETA 36.0h
step  86620 | loss 7.6720 | lr 1.84e-04 | grad 1.49 | 1.1k tok/s (avg 0.9k) | cert 0.45→0.66 | ticks [4.719 4.000 3.953 3.984 3.984 4.250 4.094 3.859] | Δticks -0.859 | ETA 36.0h
step  86630 | loss 10.1892 | lr 1.84e-04 | grad 1.53 | 0.8k tok/s (avg 0.9k) | cert 0.54→0.64 | ticks [4.844 3.953 3.969 4.094 4.188 4.469 4.281 4.125] | Δticks -0.719 | ETA 36.0h
step  86640 | loss 6.5801 | lr 1.84e-04 | grad 1.61 | 0.8k tok/s (avg 0.9k) | cert 0.45→0.67 | ticks [4.969 4.188 4.094 3.969 3.781 4.219 4.188 4.062] | Δticks -0.906 | ETA 36.0h
step  86650 | loss 7.9755 | lr 1.84e-04 | grad 1.61 | 1.1k tok/s (avg 0.9k) | cert 0.46→0.66 | ticks [5.219 4.344 4.219 4.000 4.094 4.406 4.125 4.188] | Δticks -1.031 | ETA 36.0h
step  86660 | loss 8.0245 | lr 1.84e-04 | grad 1.53 | 0.8k tok/s (avg 0.9k) | cert 0.39→0.63 | ticks [4.750 3.984 3.719 3.688 3.703 4.125 3.938 3.734] | Δticks -1.016 | ETA 36.0h
step  86670 | loss 7.7623 | lr 1.84e-04 | grad 1.53 | 1.1k tok/s (avg 0.9k) | cert 0.34→0.52 | ticks [6.250 5.688 5.438 5.562 5.438 5.594 5.375 5.500] | Δticks -0.750 | ETA 36.0h
step  86680 | loss 8.0428 | lr 1.84e-04 | grad 1.41 | 0.8k tok/s (avg 0.9k) | cert 0.38→0.55 | ticks [5.438 4.938 4.750 4.875 4.656 5.094 4.906 4.750] | Δticks -0.688 | ETA 36.0h
step  86690 | loss 8.8218 | lr 1.84e-04 | grad 1.42 | 0.8k tok/s (avg 0.9k) | cert 0.25→0.47 | ticks [7.219 6.375 5.875 5.938 6.062 6.312 5.969 6.062] | Δticks -1.156 | ETA 36.0h
step  86700 | loss 7.2182 | lr 1.84e-04 | grad 1.42 | 1.1k tok/s (avg 0.9k) | cert 0.38→0.60 | ticks [5.562 4.875 4.750 4.750 4.750 5.125 4.844 4.719] | Δticks -0.844 | ETA 36.0h
step  86710 | loss 8.8062 | lr 1.84e-04 | grad 1.48 | 0.8k tok/s (avg 0.9k) | cert 0.43→0.66 | ticks [4.938 4.031 4.062 4.031 3.859 4.312 3.906 4.000] | Δticks -0.938 | ETA 36.0h
step  86720 | loss 4.8324 | lr 1.84e-04 | grad 1.30 | 0.8k tok/s (avg 0.9k) | cert 0.74→0.78 | ticks [3.266 2.812 2.656 2.531 2.703 2.734 2.906 2.797] | Δticks -0.469 | ETA 36.0h
step  86730 | loss 8.8372 | lr 1.84e-04 | grad 1.30 | 1.1k tok/s (avg 0.9k) | cert 0.37→0.52 | ticks [5.656 4.781 4.938 5.062 5.094 5.250 5.156 5.031] | Δticks -0.625 | ETA 35.9h
step  86740 | loss 7.7258 | lr 1.84e-04 | grad 1.51 | 0.8k tok/s (avg 0.9k) | cert 0.65→0.71 | ticks [3.750 3.547 3.609 3.688 3.328 3.781 3.625 3.438] | Δticks -0.312 | ETA 35.9h
step  86750 | loss 6.4695 | lr 1.84e-04 | grad 1.51 | 1.1k tok/s (avg 0.9k) | cert 0.47→0.60 | ticks [4.688 4.469 4.344 4.406 4.219 4.375 4.469 4.344] | Δticks -0.344 | ETA 35.9h
step  86760 | loss 11.3319 | lr 1.84e-04 | grad 1.44 | 0.8k tok/s (avg 0.9k) | cert 0.38→0.46 | ticks [6.125 5.594 5.312 5.406 5.469 5.594 5.625 5.688] | Δticks -0.438 | ETA 35.9h
step  86770 | loss 8.3079 | lr 1.84e-04 | grad 1.63 | 0.8k tok/s (avg 0.9k) | cert 0.24→0.51 | ticks [7.250 6.125 5.906 6.094 5.875 6.188 6.125 6.156] | Δticks -1.094 | ETA 35.9h
step  86780 | loss 8.2558 | lr 1.84e-04 | grad 1.63 | 1.1k tok/s (avg 0.9k) | cert 0.32→0.46 | ticks [5.938 5.094 4.938 5.125 5.156 5.281 5.281 5.312] | Δticks -0.625 | ETA 35.9h
step  86790 | loss 9.1536 | lr 1.84e-04 | grad 1.32 | 0.8k tok/s (avg 0.9k) | cert 0.53→0.67 | ticks [4.625 4.031 3.969 4.094 3.859 4.438 4.188 4.031] | Δticks -0.594 | ETA 35.9h
step  86800 | loss 8.5039 | lr 1.84e-04 | grad 1.35 | 0.8k tok/s (avg 0.9k) | cert 0.59→0.64 | ticks [4.062 3.500 3.609 3.703 3.609 3.766 3.703 3.844] | Δticks -0.219 | ETA 35.9h
step  86810 | loss 7.7596 | lr 1.83e-04 | grad 1.35 | 1.1k tok/s (avg 0.9k) | cert 0.23→0.56 | ticks [6.344 5.000 4.906 5.031 5.000 5.219 5.125 5.125] | Δticks -1.219 | ETA 35.9h
step  86820 | loss 10.5769 | lr 1.83e-04 | grad 1.38 | 0.8k tok/s (avg 0.9k) | cert 0.54→0.66 | ticks [4.625 4.188 3.906 3.969 3.812 4.344 4.250 4.031] | Δticks -0.594 | ETA 35.9h
step  86830 | loss 6.9971 | lr 1.83e-04 | grad 1.38 | 1.1k tok/s (avg 0.9k) | cert 0.33→0.61 | ticks [5.406 4.125 3.859 3.875 3.891 4.156 4.219 4.031] | Δticks -1.375 | ETA 35.9h
step  86840 | loss 7.8052 | lr 1.83e-04 | grad 1.32 | 0.8k tok/s (avg 0.9k) | cert 0.34→0.53 | ticks [5.219 4.688 4.219 4.406 4.375 4.719 4.438 4.469] | Δticks -0.750 | ETA 35.9h
step  86850 | loss 7.7042 | lr 1.83e-04 | grad 1.32 | 0.8k tok/s (avg 0.9k) | cert 0.32→0.63 | ticks [5.219 4.125 4.000 4.031 3.859 4.281 4.188 3.984] | Δticks -1.234 | ETA 35.9h
step  86860 | loss 9.8262 | lr 1.83e-04 | grad 1.32 | 1.1k tok/s (avg 0.9k) | cert 0.63→0.66 | ticks [3.484 3.188 3.109 3.281 3.281 3.547 3.312 3.359] | Δticks -0.125 | ETA 35.9h
step  86870 | loss 6.6651 | lr 1.83e-04 | grad 1.53 | 0.8k tok/s (avg 0.9k) | cert 0.43→0.62 | ticks [4.812 4.312 3.984 4.094 3.969 4.312 4.219 4.062] | Δticks -0.750 | ETA 35.9h
step  86880 | loss 7.5485 | lr 1.83e-04 | grad 1.37 | 0.8k tok/s (avg 0.9k) | cert 0.29→0.50 | ticks [6.344 5.625 5.281 5.406 5.312 5.625 5.406 5.469] | Δticks -0.875 | ETA 35.9h
step  86890 | loss 8.4478 | lr 1.83e-04 | grad 1.37 | 1.1k tok/s (avg 0.9k) | cert 0.39→0.63 | ticks [4.875 4.125 3.922 4.031 3.875 4.312 4.000 3.906] | Δticks -0.969 | ETA 35.9h
step  86900 | loss 8.4152 | lr 1.83e-04 | grad 1.45 | 0.8k tok/s (avg 0.9k) | cert 0.47→0.69 | ticks [3.797 3.438 3.453 3.219 3.344 3.703 3.578 3.219] | Δticks -0.578 | ETA 35.9h
step  86910 | loss 6.5645 | lr 1.83e-04 | grad 1.45 | 1.1k tok/s (avg 0.9k) | cert 0.33→0.62 | ticks [5.406 4.312 4.250 4.188 4.219 4.719 4.438 4.188] | Δticks -1.219 | ETA 35.9h
step  86920 | loss 8.9857 | lr 1.83e-04 | grad 1.39 | 0.8k tok/s (avg 0.9k) | cert 0.42→0.58 | ticks [5.094 4.656 4.500 4.469 4.531 4.844 4.562 4.375] | Δticks -0.719 | ETA 35.9h
step  86930 | loss 9.1592 | lr 1.83e-04 | grad 1.58 | 0.8k tok/s (avg 0.9k) | cert 0.29→0.48 | ticks [6.500 5.750 5.594 5.656 5.562 5.781 5.719 5.875] | Δticks -0.625 | ETA 35.9h
step  86940 | loss 7.8869 | lr 1.83e-04 | grad 1.58 | 1.1k tok/s (avg 0.9k) | cert 0.31→0.52 | ticks [6.062 5.250 4.906 5.000 5.000 5.312 5.156 5.125] | Δticks -0.938 | ETA 35.9h
step  86950 | loss 6.6309 | lr 1.83e-04 | grad 1.33 | 0.8k tok/s (avg 0.9k) | cert 0.48→0.59 | ticks [4.688 4.125 4.156 4.094 3.969 4.281 4.188 3.969] | Δticks -0.719 | ETA 35.9h
step  86960 | loss 7.6307 | lr 1.83e-04 | grad 1.45 | 0.8k tok/s (avg 0.9k) | cert 0.30→0.41 | ticks [5.656 4.844 4.906 4.938 5.062 5.219 5.094 5.188] | Δticks -0.469 | ETA 35.9h
step  86970 | loss 8.0140 | lr 1.83e-04 | grad 1.45 | 1.1k tok/s (avg 0.9k) | cert 0.26→0.51 | ticks [6.594 5.875 5.562 5.719 5.594 5.844 5.750 5.625] | Δticks -0.969 | ETA 35.9h
step  86980 | loss 6.9223 | lr 1.83e-04 | grad 1.36 | 0.8k tok/s (avg 0.9k) | cert 0.33→0.64 | ticks [5.469 4.344 4.094 4.125 4.094 4.688 4.344 4.125] | Δticks -1.344 | ETA 35.9h
step  86990 | loss 6.7747 | lr 1.83e-04 | grad 1.36 | 1.1k tok/s (avg 0.9k) | cert 0.46→0.66 | ticks [4.750 4.281 4.062 3.938 3.875 4.344 4.094 4.125] | Δticks -0.625 | ETA 35.9h
step  87000 | loss 7.0398 | lr 1.83e-04 | grad 1.31 | 0.8k tok/s (avg 0.9k) | cert 0.45→0.62 | ticks [4.562 4.031 3.828 3.766 3.812 4.188 3.906 4.000] | Δticks -0.562 | ETA 35.9h
step  87010 | loss 8.1333 | lr 1.83e-04 | grad 1.42 | 0.8k tok/s (avg 0.9k) | cert 0.56→0.69 | ticks [4.531 3.781 3.703 3.906 3.688 4.219 3.953 3.859] | Δticks -0.672 | ETA 35.9h
step  87020 | loss 8.2495 | lr 1.83e-04 | grad 1.42 | 1.1k tok/s (avg 0.9k) | cert 0.31→0.61 | ticks [5.406 4.438 4.406 4.406 4.375 4.750 4.531 4.469] | Δticks -0.938 | ETA 35.9h
step  87030 | loss 7.1098 | lr 1.83e-04 | grad 1.49 | 0.8k tok/s (avg 0.9k) | cert 0.35→0.46 | ticks [5.000 4.250 4.406 4.469 4.500 4.531 4.500 4.625] | Δticks -0.375 | ETA 35.9h
step  87040 | loss 8.1188 | lr 1.83e-04 | grad 1.30 | 0.8k tok/s (avg 0.9k) | cert 0.43→0.55 | ticks [4.750 3.969 4.062 4.219 4.406 4.344 4.250 4.312] | Δticks -0.438 | ETA 35.9h
step  87050 | loss 10.5473 | lr 1.83e-04 | grad 1.30 | 1.1k tok/s (avg 0.9k) | cert 0.54→0.63 | ticks [4.875 4.531 4.344 4.438 4.062 4.531 4.531 4.312] | Δticks -0.562 | ETA 35.8h
step  87060 | loss 10.8011 | lr 1.83e-04 | grad 1.38 | 0.8k tok/s (avg 0.9k) | cert 0.54→0.61 | ticks [4.750 4.125 3.938 4.219 4.250 4.531 4.344 4.156] | Δticks -0.594 | ETA 35.8h
step  87070 | loss 7.7644 | lr 1.83e-04 | grad 1.38 | 1.1k tok/s (avg 0.9k) | cert 0.43→0.62 | ticks [4.844 4.156 3.922 4.031 4.062 4.312 4.094 4.062] | Δticks -0.781 | ETA 35.8h
step  87080 | loss 7.1679 | lr 1.83e-04 | grad 1.53 | 0.8k tok/s (avg 0.9k) | cert 0.35→0.59 | ticks [5.094 4.375 4.281 4.125 4.125 4.500 4.188 4.219] | Δticks -0.875 | ETA 35.8h
step  87090 | loss 6.8332 | lr 1.83e-04 | grad 1.30 | 0.8k tok/s (avg 0.9k) | cert 0.36→0.59 | ticks [5.469 4.500 4.375 4.375 4.344 4.750 4.469 4.375] | Δticks -1.094 | ETA 35.8h
step  87100 | loss 7.8037 | lr 1.83e-04 | grad 1.30 | 1.1k tok/s (avg 0.9k) | cert 0.42→0.66 | ticks [4.906 4.156 4.000 4.000 3.969 4.312 4.156 3.984] | Δticks -0.922 | ETA 35.8h
step  87110 | loss 7.2628 | lr 1.83e-04 | grad 1.48 | 0.8k tok/s (avg 0.9k) | cert 0.46→0.65 | ticks [4.969 4.438 4.188 4.094 3.984 4.406 4.250 4.156] | Δticks -0.812 | ETA 35.8h
step  87120 | loss 7.2609 | lr 1.83e-04 | grad 1.44 | 0.8k tok/s (avg 0.9k) | cert 0.42→0.64 | ticks [4.938 4.344 4.312 4.281 3.969 4.438 4.281 4.188] | Δticks -0.750 | ETA 35.8h
step  87130 | loss 14.2535 | lr 1.83e-04 | grad 1.44 | 1.1k tok/s (avg 0.9k) | cert 0.44→0.47 | ticks [5.875 5.312 5.188 5.219 5.250 5.406 5.438 5.375] | Δticks -0.500 | ETA 35.8h
step  87140 | loss 7.2248 | lr 1.83e-04 | grad 1.35 | 0.8k tok/s (avg 0.9k) | cert 0.31→0.50 | ticks [5.312 4.375 4.250 4.344 4.469 4.625 4.438 4.500] | Δticks -0.812 | ETA 35.8h
step  87150 | loss 5.2630 | lr 1.83e-04 | grad 1.35 | 1.1k tok/s (avg 0.9k) | cert 0.46→0.68 | ticks [4.250 3.391 3.172 3.000 2.906 3.375 3.297 3.188] | Δticks -1.062 | ETA 35.8h
step  87160 | loss 7.7563 | lr 1.83e-04 | grad 1.46 | 0.8k tok/s (avg 0.9k) | cert 0.27→0.52 | ticks [6.875 6.062 5.719 5.625 5.750 5.969 5.750 5.781] | Δticks -1.094 | ETA 35.8h
step  87170 | loss 6.8778 | lr 1.83e-04 | grad 1.29 | 0.8k tok/s (avg 0.9k) | cert 0.47→0.60 | ticks [4.875 4.438 4.312 4.281 4.094 4.375 4.281 4.219] | Δticks -0.656 | ETA 35.8h
step  87180 | loss 8.1801 | lr 1.83e-04 | grad 1.29 | 1.1k tok/s (avg 0.9k) | cert 0.44→0.52 | ticks [4.688 4.062 3.938 4.031 4.312 4.281 4.094 4.250] | Δticks -0.438 | ETA 35.8h
step  87190 | loss 9.7087 | lr 1.83e-04 | grad 1.52 | 0.8k tok/s (avg 0.9k) | cert 0.30→0.46 | ticks [6.000 5.500 5.531 5.594 5.719 5.781 5.625 5.688] | Δticks -0.312 | ETA 35.8h
step  87200 | loss 7.9067 | lr 1.83e-04 | grad 1.33 | 0.8k tok/s (avg 0.9k) | cert 0.37→0.48 | ticks [5.812 5.156 5.062 5.219 5.375 5.469 5.281 5.312] | Δticks -0.500 | ETA 35.8h
step  87210 | loss 6.0321 | lr 1.83e-04 | grad 1.33 | 1.1k tok/s (avg 0.9k) | cert 0.40→0.63 | ticks [4.688 4.125 3.953 3.844 3.766 4.031 4.031 3.812] | Δticks -0.875 | ETA 35.8h
step  87220 | loss 8.7696 | lr 1.83e-04 | grad 1.41 | 0.8k tok/s (avg 0.9k) | cert 0.62→0.72 | ticks [4.000 3.406 3.547 3.625 3.391 3.734 3.562 3.469] | Δticks -0.531 | ETA 35.8h
step  87230 | loss 6.9854 | lr 1.83e-04 | grad 1.41 | 1.1k tok/s (avg 0.9k) | cert 0.33→0.55 | ticks [5.438 4.875 4.719 4.688 4.781 5.125 4.844 4.750] | Δticks -0.688 | ETA 35.8h
step  87240 | loss 6.9436 | lr 1.82e-04 | grad 1.32 | 0.8k tok/s (avg 0.9k) | cert 0.35→0.59 | ticks [5.438 4.531 4.375 4.344 4.312 4.625 4.688 4.625] | Δticks -0.812 | ETA 35.8h
step  87250 | loss 7.9588 | lr 1.82e-04 | grad 1.48 | 0.8k tok/s (avg 0.9k) | cert 0.37→0.59 | ticks [5.188 4.562 4.375 4.469 4.469 4.781 4.562 4.406] | Δticks -0.781 | ETA 35.8h
step  87260 | loss 8.7444 | lr 1.82e-04 | grad 1.48 | 1.1k tok/s (avg 0.9k) | cert 0.35→0.59 | ticks [5.375 4.375 4.406 4.406 4.562 4.719 4.531 4.500] | Δticks -0.875 | ETA 35.8h
step  87270 | loss 6.4084 | lr 1.82e-04 | grad 1.45 | 0.8k tok/s (avg 0.9k) | cert 0.46→0.65 | ticks [4.875 4.000 4.094 3.875 3.828 4.312 4.062 3.891] | Δticks -0.984 | ETA 35.8h
step  87280 | loss 5.9684 | lr 1.82e-04 | grad 1.38 | 0.8k tok/s (avg 0.9k) | cert 0.30→0.50 | ticks [5.094 4.094 4.031 4.031 4.219 4.438 4.188 4.312] | Δticks -0.781 | ETA 35.8h
step  87290 | loss 11.8014 | lr 1.82e-04 | grad 1.38 | 1.1k tok/s (avg 0.9k) | cert 0.33→0.46 | ticks [6.312 5.500 5.375 5.531 5.500 5.719 5.688 5.750] | Δticks -0.562 | ETA 35.8h
step  87300 | loss 8.6998 | lr 1.82e-04 | grad 1.29 | 0.8k tok/s (avg 0.9k) | cert 0.30→0.52 | ticks [5.906 4.938 5.000 5.000 4.875 5.156 5.031 5.125] | Δticks -0.781 | ETA 35.8h
step  87310 | loss 8.1120 | lr 1.82e-04 | grad 1.29 | 1.1k tok/s (avg 0.9k) | cert 0.27→0.57 | ticks [5.656 4.438 4.406 4.344 4.469 4.656 4.500 4.406] | Δticks -1.250 | ETA 35.8h
step  87320 | loss 7.2584 | lr 1.82e-04 | grad 1.46 | 0.8k tok/s (avg 0.9k) | cert 0.39→0.64 | ticks [5.062 4.219 4.250 4.281 4.156 4.562 4.406 4.156] | Δticks -0.906 | ETA 35.8h
step  87330 | loss 8.7447 | lr 1.82e-04 | grad 1.38 | 0.8k tok/s (avg 0.9k) | cert 0.21→0.50 | ticks [7.281 6.406 6.281 6.344 6.344 6.438 6.438 6.344] | Δticks -0.938 | ETA 35.8h
step  87340 | loss 6.0217 | lr 1.82e-04 | grad 1.38 | 1.1k tok/s (avg 0.9k) | cert 0.34→0.65 | ticks [4.781 4.125 4.031 3.844 3.906 4.156 4.094 3.969] | Δticks -0.812 | ETA 35.8h
step  87350 | loss 6.9625 | lr 1.82e-04 | grad 1.61 | 0.8k tok/s (avg 0.9k) | cert 0.40→0.65 | ticks [4.875 3.891 3.797 3.875 3.688 4.125 3.875 3.656] | Δticks -1.219 | ETA 35.8h
step  87360 | loss 9.2809 | lr 1.82e-04 | grad 1.22 | 0.8k tok/s (avg 0.9k) | cert 0.16→0.38 | ticks [8.500 7.438 7.375 7.406 7.250 7.531 7.375 7.594] | Δticks -0.906 | ETA 35.8h
step  87370 | loss 11.4866 | lr 1.82e-04 | grad 1.22 | 1.1k tok/s (avg 0.9k) | cert 0.44→0.51 | ticks [4.781 4.531 4.406 4.469 4.531 4.719 4.562 4.625] | Δticks -0.156 | ETA 35.7h
step  87380 | loss 8.0216 | lr 1.82e-04 | grad 1.32 | 0.8k tok/s (avg 0.9k) | cert 0.34→0.60 | ticks [4.969 4.344 4.250 4.156 4.125 4.344 4.281 4.188] | Δticks -0.781 | ETA 35.7h
step  87390 | loss 7.5474 | lr 1.82e-04 | grad 1.32 | 1.1k tok/s (avg 0.9k) | cert 0.32→0.48 | ticks [5.438 4.656 4.500 4.594 4.812 4.875 4.781 4.844] | Δticks -0.594 | ETA 35.7h
step  87400 | loss 7.6211 | lr 1.82e-04 | grad 1.46 | 0.8k tok/s (avg 0.9k) | cert 0.26→0.50 | ticks [6.219 5.438 5.094 5.188 5.156 5.438 5.062 5.188] | Δticks -1.031 | ETA 35.7h
step  87410 | loss 6.5361 | lr 1.82e-04 | grad 1.45 | 0.8k tok/s (avg 0.9k) | cert 0.47→0.69 | ticks [4.562 3.688 3.609 3.469 3.438 3.875 3.641 3.578] | Δticks -0.984 | ETA 35.7h
step  87420 | loss 7.4788 | lr 1.82e-04 | grad 1.45 | 1.1k tok/s (avg 0.9k) | cert 0.37→0.52 | ticks [5.625 5.125 4.844 4.938 4.938 5.188 4.938 4.938] | Δticks -0.688 | ETA 35.7h
step  87430 | loss 7.6693 | lr 1.82e-04 | grad 1.13 | 0.8k tok/s (avg 0.9k) | cert 0.34→0.48 | ticks [5.469 4.719 4.688 4.781 4.906 5.031 4.969 4.906] | Δticks -0.562 | ETA 35.7h
step  87440 | loss 6.9115 | lr 1.82e-04 | grad 1.27 | 0.8k tok/s (avg 0.9k) | cert 0.46→0.59 | ticks [4.406 4.125 3.875 3.906 3.797 4.094 3.984 3.844] | Δticks -0.562 | ETA 35.7h
step  87450 | loss 7.3157 | lr 1.82e-04 | grad 1.27 | 1.1k tok/s (avg 0.9k) | cert 0.32→0.52 | ticks [5.719 5.250 4.781 4.781 4.906 5.219 4.906 4.875] | Δticks -0.844 | ETA 35.7h
step  87460 | loss 8.0328 | lr 1.82e-04 | grad 1.22 | 0.8k tok/s (avg 0.9k) | cert 0.26→0.49 | ticks [6.531 5.844 5.594 5.688 5.594 5.812 5.656 5.719] | Δticks -0.812 | ETA 35.7h
step  87470 | loss 7.0629 | lr 1.82e-04 | grad 1.22 | 1.1k tok/s (avg 0.9k) | cert 0.38→0.54 | ticks [5.281 4.781 4.500 4.500 4.469 4.688 4.531 4.469] | Δticks -0.812 | ETA 35.7h
step  87480 | loss 8.0933 | lr 1.82e-04 | grad 1.40 | 0.8k tok/s (avg 0.9k) | cert 0.20→0.51 | ticks [6.781 5.812 5.406 5.562 5.531 5.719 5.562 5.719] | Δticks -1.062 | ETA 35.7h
step  87490 | loss 7.8296 | lr 1.82e-04 | grad 1.27 | 0.8k tok/s (avg 0.9k) | cert 0.33→0.58 | ticks [5.625 4.688 4.562 4.750 4.719 5.031 4.906 4.531] | Δticks -1.094 | ETA 35.7h
step  87500 | loss 7.9266 | lr 1.82e-04 | grad 1.27 | 1.1k tok/s (avg 0.9k) | cert 0.37→0.49 | ticks [5.438 4.812 4.688 4.719 4.938 4.969 4.812 4.906] | Δticks -0.531 | ETA 35.7h
step  87510 | loss 6.9687 | lr 1.82e-04 | grad 1.42 | 0.8k tok/s (avg 0.9k) | cert 0.41→0.50 | ticks [4.750 3.922 4.031 4.125 4.281 4.250 4.125 4.219] | Δticks -0.531 | ETA 35.7h
step  87520 | loss 7.6794 | lr 1.82e-04 | grad 1.30 | 0.8k tok/s (avg 0.9k) | cert 0.44→0.59 | ticks [5.375 4.656 4.438 4.500 4.344 4.750 4.656 4.594] | Δticks -0.781 | ETA 35.7h
step  87530 | loss 7.3147 | lr 1.82e-04 | grad 1.30 | 1.1k tok/s (avg 0.9k) | cert 0.40→0.69 | ticks [4.906 4.000 3.953 3.750 3.891 4.312 4.094 3.922] | Δticks -0.984 | ETA 35.7h
step  87540 | loss 7.1685 | lr 1.82e-04 | grad 1.38 | 0.8k tok/s (avg 0.9k) | cert 0.49→0.62 | ticks [4.938 4.438 4.344 4.406 4.156 4.406 4.469 4.375] | Δticks -0.562 | ETA 35.7h
step  87550 | loss 6.7577 | lr 1.82e-04 | grad 1.38 | 1.1k tok/s (avg 0.9k) | cert 0.43→0.64 | ticks [5.062 4.281 4.125 4.125 4.125 4.312 4.250 4.094] | Δticks -0.969 | ETA 35.7h
step  87560 | loss 15.4805 | lr 1.82e-04 | grad 1.59 | 0.8k tok/s (avg 0.9k) | cert 0.76→0.78 | ticks [4.031 3.438 3.469 3.688 3.203 3.578 3.766 3.406] | Δticks -0.625 | ETA 35.7h
step  87570 | loss 6.6660 | lr 1.82e-04 | grad 1.47 | 0.8k tok/s (avg 0.9k) | cert 0.33→0.55 | ticks [5.625 4.781 4.750 4.875 4.625 5.094 5.062 4.844] | Δticks -0.781 | ETA 35.7h
step  87580 | loss 8.1833 | lr 1.82e-04 | grad 1.47 | 1.1k tok/s (avg 0.9k) | cert 0.36→0.54 | ticks [5.750 5.094 5.031 5.062 5.000 5.188 5.000 4.969] | Δticks -0.781 | ETA 35.7h
step  87590 | loss 10.6530 | lr 1.82e-04 | grad 1.51 | 0.8k tok/s (avg 0.9k) | cert 0.36→0.53 | ticks [5.781 5.156 5.125 5.375 5.438 5.625 5.438 5.438] | Δticks -0.344 | ETA 35.7h
step  87600 | loss 8.8957 | lr 1.82e-04 | grad 1.67 | 0.8k tok/s (avg 0.9k) | cert 0.26→0.50 | ticks [6.688 5.906 5.750 5.812 5.750 6.094 5.719 5.688] | Δticks -1.000 | ETA 35.7h
step  87610 | loss 6.5375 | lr 1.82e-04 | grad 1.67 | 1.1k tok/s (avg 0.9k) | cert 0.41→0.62 | ticks [4.938 4.438 4.281 4.156 4.250 4.562 4.406 4.344] | Δticks -0.594 | ETA 35.7h
step  87620 | loss 7.7457 | lr 1.82e-04 | grad 1.52 | 0.8k tok/s (avg 0.9k) | cert 0.30→0.57 | ticks [6.625 5.469 5.312 5.438 5.406 5.844 5.594 5.312] | Δticks -1.312 | ETA 35.7h
step  87630 | loss 6.6989 | lr 1.82e-04 | grad 1.52 | 1.1k tok/s (avg 0.9k) | cert 0.47→0.68 | ticks [4.719 3.734 3.703 3.625 3.562 3.859 3.906 3.688] | Δticks -1.031 | ETA 35.7h
step  87640 | loss 7.3030 | lr 1.82e-04 | grad 1.43 | 0.8k tok/s (avg 0.9k) | cert 0.45→0.64 | ticks [4.812 4.219 3.953 4.156 4.031 4.438 4.469 4.188] | Δticks -0.625 | ETA 35.7h
step  87650 | loss 8.1962 | lr 1.82e-04 | grad 1.45 | 0.8k tok/s (avg 0.9k) | cert 0.45→0.62 | ticks [5.375 4.312 4.375 4.500 4.469 4.656 4.531 4.438] | Δticks -0.938 | ETA 35.7h
step  87660 | loss 7.6446 | lr 1.82e-04 | grad 1.45 | 1.1k tok/s (avg 0.9k) | cert 0.40→0.57 | ticks [5.750 5.125 4.812 4.875 4.750 4.906 5.031 4.844] | Δticks -0.906 | ETA 35.7h
step  87670 | loss 7.0995 | lr 1.81e-04 | grad 1.28 | 0.8k tok/s (avg 0.9k) | cert 0.35→0.60 | ticks [5.844 4.625 4.438 4.469 4.531 4.844 4.562 4.594] | Δticks -1.250 | ETA 35.7h
step  87680 | loss 9.3254 | lr 1.81e-04 | grad 1.29 | 0.8k tok/s (avg 0.9k) | cert 0.49→0.60 | ticks [5.594 4.906 4.844 4.875 4.625 5.062 4.844 4.781] | Δticks -0.812 | ETA 35.6h
step  87690 | loss 7.9738 | lr 1.81e-04 | grad 1.29 | 1.1k tok/s (avg 0.9k) | cert 0.46→0.55 | ticks [5.156 4.719 4.562 4.625 4.469 4.656 4.594 4.500] | Δticks -0.656 | ETA 35.6h
step  87700 | loss 6.4326 | lr 1.81e-04 | grad 1.35 | 0.8k tok/s (avg 0.9k) | cert 0.30→0.47 | ticks [5.375 4.250 4.031 4.125 4.188 4.344 4.125 4.438] | Δticks -0.938 | ETA 35.6h
step  87710 | loss 8.2675 | lr 1.81e-04 | grad 1.35 | 1.1k tok/s (avg 0.9k) | cert 0.49→0.68 | ticks [5.219 4.406 4.312 4.250 3.984 4.688 4.406 4.281] | Δticks -0.938 | ETA 35.6h
step  87720 | loss 7.6401 | lr 1.81e-04 | grad 1.32 | 0.8k tok/s (avg 0.9k) | cert 0.43→0.62 | ticks [5.656 4.625 4.500 4.469 4.438 4.875 4.562 4.531] | Δticks -1.125 | ETA 35.6h
step  87730 | loss 8.0549 | lr 1.81e-04 | grad 1.49 | 0.8k tok/s (avg 0.9k) | cert 0.61→0.68 | ticks [4.469 4.250 4.156 4.000 3.859 4.438 4.250 4.094] | Δticks -0.375 | ETA 35.6h
step  87740 | loss 8.7670 | lr 1.81e-04 | grad 1.49 | 1.1k tok/s (avg 0.9k) | cert 0.44→0.70 | ticks [4.875 3.984 4.000 3.891 3.891 4.469 4.281 4.062] | Δticks -0.812 | ETA 35.6h
step  87750 | loss 7.9776 | lr 1.81e-04 | grad 1.45 | 0.8k tok/s (avg 0.9k) | cert 0.22→0.44 | ticks [6.906 5.875 5.844 5.781 5.781 5.875 5.812 5.906] | Δticks -1.000 | ETA 35.6h
step  87760 | loss 8.0742 | lr 1.81e-04 | grad 1.28 | 0.8k tok/s (avg 0.9k) | cert 0.16→0.48 | ticks [7.531 6.094 5.844 5.938 5.906 6.250 6.000 6.000] | Δticks -1.531 | ETA 35.6h
step  87770 | loss 7.0865 | lr 1.81e-04 | grad 1.28 | 1.1k tok/s (avg 0.9k) | cert 0.60→0.70 | ticks [4.375 3.797 3.688 3.750 3.719 4.125 3.906 3.703] | Δticks -0.672 | ETA 35.6h
step  87780 | loss 8.9626 | lr 1.81e-04 | grad 1.31 | 0.8k tok/s (avg 0.9k) | cert 0.42→0.60 | ticks [4.875 4.219 4.094 4.031 4.188 4.531 4.188 4.188] | Δticks -0.688 | ETA 35.6h
step  87790 | loss 6.7057 | lr 1.81e-04 | grad 1.31 | 1.1k tok/s (avg 0.9k) | cert 0.37→0.64 | ticks [5.062 4.500 4.062 4.125 4.156 4.562 4.406 4.312] | Δticks -0.750 | ETA 35.6h
step  87800 | loss 7.5414 | lr 1.81e-04 | grad 1.24 | 0.8k tok/s (avg 0.9k) | cert 0.36→0.54 | ticks [6.312 5.375 5.125 5.125 5.094 5.281 5.250 5.219] | Δticks -1.094 | ETA 35.6h
step  87810 | loss 9.2889 | lr 1.81e-04 | grad 1.55 | 0.8k tok/s (avg 0.9k) | cert 0.42→0.53 | ticks [5.562 4.938 4.719 4.719 4.875 5.031 4.844 4.875] | Δticks -0.688 | ETA 35.6h
step  87820 | loss 10.3040 | lr 1.81e-04 | grad 1.55 | 1.1k tok/s (avg 0.9k) | cert 0.66→0.66 | ticks [3.500 3.219 3.219 3.281 3.266 3.453 3.391 3.312] | Δticks -0.188 | ETA 35.6h
step  87830 | loss 7.0197 | lr 1.81e-04 | grad 1.27 | 0.8k tok/s (avg 0.9k) | cert 0.38→0.59 | ticks [5.031 4.250 4.219 4.125 4.094 4.594 4.312 4.125] | Δticks -0.906 | ETA 35.6h
step  87840 | loss 8.1942 | lr 1.81e-04 | grad 1.52 | 0.8k tok/s (avg 0.9k) | cert 0.28→0.57 | ticks [5.688 4.656 4.375 4.312 4.438 4.812 4.625 4.594] | Δticks -1.094 | ETA 35.6h
step  87850 | loss 7.6743 | lr 1.81e-04 | grad 1.52 | 1.1k tok/s (avg 0.9k) | cert 0.31→0.61 | ticks [5.438 4.688 4.344 4.188 4.281 4.719 4.531 4.438] | Δticks -1.000 | ETA 35.6h
step  87860 | loss 9.4602 | lr 1.81e-04 | grad 1.45 | 0.8k tok/s (avg 0.9k) | cert 0.33→0.57 | ticks [6.094 4.938 5.000 5.094 4.812 5.219 4.969 4.938] | Δticks -1.156 | ETA 35.6h
step  87870 | loss 10.1382 | lr 1.81e-04 | grad 1.45 | 1.1k tok/s (avg 0.9k) | cert 0.71→0.73 | ticks [3.797 3.531 3.672 3.891 3.391 3.797 3.922 3.594] | Δticks -0.203 | ETA 35.6h
step  87880 | loss 8.3884 | lr 1.81e-04 | grad 1.34 | 0.8k tok/s (avg 0.9k) | cert 0.60→0.67 | ticks [4.500 4.281 4.438 4.531 3.844 4.281 4.344 4.031] | Δticks -0.469 | ETA 35.6h
step  87890 | loss 6.4892 | lr 1.81e-04 | grad 1.40 | 0.8k tok/s (avg 0.9k) | cert 0.46→0.68 | ticks [5.125 4.344 4.281 4.125 4.094 4.406 4.375 4.156] | Δticks -0.969 | ETA 35.6h
step  87900 | loss 11.6186 | lr 1.81e-04 | grad 1.40 | 1.1k tok/s (avg 0.9k) | cert 0.44→0.48 | ticks [5.375 5.062 4.844 4.750 4.844 4.875 4.875 5.000] | Δticks -0.375 | ETA 35.6h
step  87910 | loss 7.9458 | lr 1.81e-04 | grad 1.46 | 0.8k tok/s (avg 0.9k) | cert 0.36→0.61 | ticks [5.750 4.656 4.406 4.406 4.312 4.688 4.719 4.500] | Δticks -1.250 | ETA 35.6h
step  87920 | loss 8.3429 | lr 1.81e-04 | grad 1.57 | 0.8k tok/s (avg 0.9k) | cert 0.33→0.54 | ticks [5.938 5.031 4.875 5.000 4.969 5.312 5.000 5.031] | Δticks -0.906 | ETA 35.6h
step  87930 | loss 7.9628 | lr 1.81e-04 | grad 1.57 | 1.1k tok/s (avg 0.9k) | cert 0.42→0.62 | ticks [4.969 4.562 4.312 4.312 4.281 4.625 4.531 4.344] | Δticks -0.625 | ETA 35.6h
step  87940 | loss 7.5406 | lr 1.81e-04 | grad 1.52 | 0.8k tok/s (avg 0.9k) | cert 0.30→0.51 | ticks [5.969 5.094 4.906 5.031 5.062 5.375 5.125 5.156] | Δticks -0.812 | ETA 35.6h
step  87950 | loss 8.8927 | lr 1.81e-04 | grad 1.52 | 1.1k tok/s (avg 0.9k) | cert 0.44→0.57 | ticks [5.594 4.781 4.844 4.906 4.812 5.188 5.062 5.031] | Δticks -0.562 | ETA 35.6h
step  87960 | loss 7.5350 | lr 1.81e-04 | grad 1.34 | 0.8k tok/s (avg 0.9k) | cert 0.44→0.63 | ticks [4.906 4.031 3.922 3.953 3.859 4.219 4.094 3.984] | Δticks -0.922 | ETA 35.6h
step  87970 | loss 8.6024 | lr 1.81e-04 | grad 1.59 | 0.8k tok/s (avg 0.9k) | cert 0.46→0.55 | ticks [5.312 4.812 4.688 4.656 4.656 4.875 4.625 4.844] | Δticks -0.469 | ETA 35.6h
step  87980 | loss 6.9763 | lr 1.81e-04 | grad 1.59 | 1.1k tok/s (avg 0.9k) | cert 0.43→0.57 | ticks [5.375 4.688 4.656 4.688 4.625 4.938 4.688 4.656] | Δticks -0.719 | ETA 35.5h
step  87990 | loss 8.8180 | lr 1.81e-04 | grad 1.55 | 0.8k tok/s (avg 0.9k) | cert 0.46→0.63 | ticks [5.000 4.344 4.250 4.188 4.281 4.562 4.438 4.281] | Δticks -0.719 | ETA 35.5h
step  88000 | loss 6.3900 | lr 1.81e-04 | grad 1.64 | 0.8k tok/s (avg 0.9k) | cert 0.47→0.66 | ticks [4.500 4.062 3.844 3.672 3.641 4.125 3.938 3.750] | Δticks -0.750 | ETA 35.5h
step  88010 | loss 6.9752 | lr 1.81e-04 | grad 1.64 | 1.1k tok/s (avg 0.9k) | cert 0.36→0.64 | ticks [4.531 3.641 3.672 3.594 3.578 4.094 3.828 3.547] | Δticks -0.984 | ETA 35.5h
step  88020 | loss 5.9974 | lr 1.81e-04 | grad 1.33 | 0.8k tok/s (avg 0.9k) | cert 0.40→0.62 | ticks [4.844 3.906 3.875 3.953 3.938 4.188 4.031 3.922] | Δticks -0.922 | ETA 35.5h
step  88030 | loss 11.5617 | lr 1.81e-04 | grad 1.33 | 1.1k tok/s (avg 0.9k) | cert 0.56→0.62 | ticks [4.812 4.125 4.000 4.250 4.188 4.469 4.312 4.188] | Δticks -0.625 | ETA 35.5h
step  88040 | loss 13.2115 | lr 1.81e-04 | grad 1.41 | 0.8k tok/s (avg 0.9k) | cert 0.46→0.54 | ticks [5.219 4.875 4.562 4.594 4.500 4.875 4.844 4.938] | Δticks -0.281 | ETA 35.5h
step  88050 | loss 9.0709 | lr 1.81e-04 | grad 1.23 | 0.8k tok/s (avg 0.9k) | cert 0.16→0.43 | ticks [7.938 6.969 6.812 6.844 6.656 7.062 6.906 7.062] | Δticks -0.875 | ETA 35.5h
step  88060 | loss 6.9835 | lr 1.81e-04 | grad 1.23 | 1.1k tok/s (avg 0.9k) | cert 0.40→0.63 | ticks [5.219 4.312 4.000 4.062 3.938 4.406 4.188 4.062] | Δticks -1.156 | ETA 35.5h
step  88070 | loss 8.9824 | lr 1.81e-04 | grad 1.51 | 0.8k tok/s (avg 0.9k) | cert 0.29→0.49 | ticks [6.938 6.156 6.156 6.125 6.094 6.188 6.125 6.219] | Δticks -0.719 | ETA 35.5h
step  88080 | loss 6.7315 | lr 1.81e-04 | grad 1.41 | 0.8k tok/s (avg 0.9k) | cert 0.24→0.46 | ticks [5.875 4.688 4.531 4.500 4.656 4.844 4.594 4.969] | Δticks -0.906 | ETA 35.5h
step  88090 | loss 6.9920 | lr 1.81e-04 | grad 1.41 | 1.1k tok/s (avg 0.9k) | cert 0.51→0.65 | ticks [4.625 3.922 3.797 3.875 3.812 4.125 3.953 3.750] | Δticks -0.875 | ETA 35.5h
step  88100 | loss 6.9195 | lr 1.80e-04 | grad 1.50 | 0.8k tok/s (avg 0.9k) | cert 0.44→0.64 | ticks [4.969 4.094 3.953 3.969 3.938 4.188 3.984 3.938] | Δticks -1.031 | ETA 35.5h
step  88110 | loss 9.0195 | lr 1.80e-04 | grad 1.50 | 1.1k tok/s (avg 0.9k) | cert 0.31→0.54 | ticks [6.125 5.406 5.312 5.375 5.406 5.719 5.469 5.344] | Δticks -0.781 | ETA 35.5h
step  88120 | loss 7.4574 | lr 1.80e-04 | grad 1.20 | 0.8k tok/s (avg 0.9k) | cert 0.22→0.48 | ticks [6.719 5.562 5.188 5.156 5.281 5.469 5.344 5.344] | Δticks -1.375 | ETA 35.5h
step  88130 | loss 9.7679 | lr 1.80e-04 | grad 1.32 | 0.8k tok/s (avg 0.9k) | cert 0.61→0.62 | ticks [4.281 3.984 3.875 3.938 3.875 4.250 3.922 3.828] | Δticks -0.453 | ETA 35.5h
step  88140 | loss 4.5957 | lr 1.80e-04 | grad 1.32 | 1.1k tok/s (avg 0.9k) | cert 0.36→0.60 | ticks [4.906 3.344 3.234 3.281 3.328 3.391 3.344 3.500] | Δticks -1.406 | ETA 35.5h
step  88150 | loss 9.1604 | lr 1.80e-04 | grad 1.41 | 0.8k tok/s (avg 0.9k) | cert 0.25→0.46 | ticks [6.438 5.531 5.531 5.688 5.750 5.812 5.688 5.688] | Δticks -0.750 | ETA 35.5h
step  88160 | loss 10.1634 | lr 1.80e-04 | grad 1.38 | 0.8k tok/s (avg 0.9k) | cert 0.75→0.77 | ticks [3.172 3.234 3.281 3.266 3.016 3.016 3.391 3.188] | Δticks +0.016 | ETA 35.5h
step  88170 | loss 6.7246 | lr 1.80e-04 | grad 1.38 | 1.1k tok/s (avg 0.9k) | cert 0.43→0.66 | ticks [4.969 4.219 4.000 4.062 3.984 4.312 4.219 4.094] | Δticks -0.875 | ETA 35.5h
step  88180 | loss 8.3987 | lr 1.80e-04 | grad 1.58 | 0.8k tok/s (avg 0.9k) | cert 0.48→0.59 | ticks [4.906 4.375 4.094 4.219 4.344 4.594 4.281 4.188] | Δticks -0.719 | ETA 35.5h
step  88190 | loss 9.2996 | lr 1.80e-04 | grad 1.58 | 1.1k tok/s (avg 0.9k) | cert 0.35→0.59 | ticks [5.875 4.906 4.750 4.969 4.812 5.406 5.031 4.812] | Δticks -1.062 | ETA 35.5h
step  88200 | loss 7.7629 | lr 1.80e-04 | grad 1.37 | 0.8k tok/s (avg 0.9k) | cert 0.38→0.52 | ticks [5.125 4.562 4.375 4.312 4.406 4.500 4.500 4.656] | Δticks -0.469 | ETA 35.5h
step  88210 | loss 8.8582 | lr 1.80e-04 | grad 1.45 | 0.8k tok/s (avg 0.9k) | cert 0.36→0.53 | ticks [6.031 5.375 5.125 5.156 5.125 5.312 5.219 5.250] | Δticks -0.781 | ETA 35.5h
step  88220 | loss 5.9657 | lr 1.80e-04 | grad 1.45 | 1.1k tok/s (avg 0.9k) | cert 0.40→0.68 | ticks [4.719 3.844 3.547 3.516 3.531 3.891 3.750 3.594] | Δticks -1.125 | ETA 35.5h
step  88230 | loss 6.0715 | lr 1.80e-04 | grad 1.30 | 0.8k tok/s (avg 0.9k) | cert 0.49→0.70 | ticks [4.625 3.828 3.766 3.609 3.578 4.062 3.906 3.812] | Δticks -0.812 | ETA 35.5h
step  88240 | loss 8.2252 | lr 1.80e-04 | grad 1.55 | 0.8k tok/s (avg 0.9k) | cert 0.24→0.42 | ticks [7.688 6.406 6.406 6.312 6.219 6.406 6.344 6.438] | Δticks -1.250 | ETA 35.5h
step  88250 | loss 7.4444 | lr 1.80e-04 | grad 1.55 | 1.1k tok/s (avg 0.9k) | cert 0.29→0.51 | ticks [6.031 5.594 5.219 5.219 5.250 5.531 5.375 5.250] | Δticks -0.781 | ETA 35.5h
step  88260 | loss 6.9525 | lr 1.80e-04 | grad 1.38 | 0.8k tok/s (avg 0.9k) | cert 0.28→0.53 | ticks [6.656 5.625 5.438 5.500 5.312 5.781 5.531 5.531] | Δticks -1.125 | ETA 35.5h
step  88270 | loss 6.6922 | lr 1.80e-04 | grad 1.38 | 1.1k tok/s (avg 0.9k) | cert 0.39→0.64 | ticks [5.000 4.250 4.031 3.906 3.922 4.219 4.188 4.000] | Δticks -1.000 | ETA 35.5h
step  88280 | loss 6.0890 | lr 1.80e-04 | grad 1.30 | 0.8k tok/s (avg 0.9k) | cert 0.29→0.55 | ticks [5.469 4.375 4.375 4.438 4.438 4.719 4.625 4.438] | Δticks -1.031 | ETA 35.5h
step  88290 | loss 6.8602 | lr 1.80e-04 | grad 1.34 | 0.8k tok/s (avg 0.9k) | cert 0.28→0.59 | ticks [5.562 4.500 4.188 4.062 4.125 4.562 4.312 4.125] | Δticks -1.438 | ETA 35.5h
step  88300 | loss 6.9056 | lr 1.80e-04 | grad 1.34 | 1.1k tok/s (avg 0.9k) | cert 0.44→0.62 | ticks [4.781 4.188 3.828 3.922 3.766 4.250 4.125 3.844] | Δticks -0.938 | ETA 35.4h
step  88310 | loss 8.8845 | lr 1.80e-04 | grad 1.39 | 0.8k tok/s (avg 0.9k) | cert 0.45→0.57 | ticks [4.625 3.828 3.812 3.922 3.969 4.312 4.156 3.969] | Δticks -0.656 | ETA 35.4h
step  88320 | loss 10.8594 | lr 1.80e-04 | grad 1.34 | 0.8k tok/s (avg 0.9k) | cert 0.37→0.55 | ticks [5.688 4.969 4.844 5.000 4.844 5.125 4.938 4.875] | Δticks -0.812 | ETA 35.4h
step  88330 | loss 6.6981 | lr 1.80e-04 | grad 1.34 | 1.1k tok/s (avg 0.9k) | cert 0.28→0.55 | ticks [5.906 4.656 4.469 4.500 4.469 4.719 4.656 4.531] | Δticks -1.375 | ETA 35.4h
step  88340 | loss 7.5537 | lr 1.80e-04 | grad 1.41 | 0.8k tok/s (avg 0.9k) | cert 0.39→0.61 | ticks [4.938 4.219 4.125 3.875 3.859 4.219 4.094 4.156] | Δticks -0.781 | ETA 35.4h
step  88350 | loss 8.4886 | lr 1.80e-04 | grad 1.41 | 1.1k tok/s (avg 0.9k) | cert 0.40→0.54 | ticks [5.812 5.219 4.969 5.125 4.938 5.281 4.969 5.094] | Δticks -0.719 | ETA 35.4h
step  88360 | loss 7.7775 | lr 1.80e-04 | grad 1.42 | 0.8k tok/s (avg 0.9k) | cert 0.23→0.54 | ticks [6.594 5.375 5.344 5.344 5.312 5.688 5.281 5.375] | Δticks -1.219 | ETA 35.4h
step  88370 | loss 8.6087 | lr 1.80e-04 | grad 1.26 | 0.8k tok/s (avg 0.9k) | cert 0.32→0.51 | ticks [6.281 5.625 5.375 5.469 5.312 5.656 5.375 5.438] | Δticks -0.844 | ETA 35.4h
step  88380 | loss 7.9248 | lr 1.80e-04 | grad 1.26 | 1.1k tok/s (avg 0.9k) | cert 0.48→0.63 | ticks [4.281 3.766 3.594 3.719 3.688 4.062 3.797 3.703] | Δticks -0.578 | ETA 35.4h
step  88390 | loss 9.5643 | lr 1.80e-04 | grad 1.26 | 0.8k tok/s (avg 0.9k) | cert 0.45→0.51 | ticks [6.031 5.406 5.469 5.406 5.344 5.438 5.531 5.406] | Δticks -0.625 | ETA 35.4h
step  88400 | loss 7.7878 | lr 1.80e-04 | grad 1.33 | 0.8k tok/s (avg 0.9k) | cert 0.41→0.62 | ticks [5.406 4.375 4.281 4.344 4.344 4.688 4.406 4.312] | Δticks -1.094 | ETA 35.4h
step  88410 | loss 7.2431 | lr 1.80e-04 | grad 1.33 | 1.1k tok/s (avg 0.9k) | cert 0.36→0.55 | ticks [5.250 4.281 4.312 4.312 4.281 4.531 4.500 4.375] | Δticks -0.875 | ETA 35.4h
step  88420 | loss 6.9916 | lr 1.80e-04 | grad 1.32 | 0.8k tok/s (avg 0.9k) | cert 0.32→0.51 | ticks [5.875 5.062 4.906 4.906 5.062 5.219 5.125 5.125] | Δticks -0.750 | ETA 35.4h
step  88430 | loss 12.1906 | lr 1.80e-04 | grad 1.32 | 1.1k tok/s (avg 0.9k) | cert 0.36→0.54 | ticks [6.062 5.219 5.125 5.156 5.031 5.375 5.281 5.344] | Δticks -0.719 | ETA 35.4h
step  88440 | loss 6.1925 | lr 1.80e-04 | grad 1.36 | 0.8k tok/s (avg 0.9k) | cert 0.32→0.64 | ticks [5.000 3.891 3.797 3.844 3.656 4.156 4.031 3.812] | Δticks -1.188 | ETA 35.4h
step  88450 | loss 7.1040 | lr 1.80e-04 | grad 1.60 | 0.8k tok/s (avg 0.9k) | cert 0.41→0.69 | ticks [4.531 3.812 3.641 3.609 3.562 3.938 3.781 3.547] | Δticks -0.984 | ETA 35.4h
step  88460 | loss 9.3885 | lr 1.80e-04 | grad 1.60 | 1.1k tok/s (avg 0.9k) | cert 0.27→0.49 | ticks [6.562 5.656 5.500 5.625 5.531 5.625 5.656 5.750] | Δticks -0.812 | ETA 35.4h
step  88470 | loss 5.9012 | lr 1.80e-04 | grad 1.43 | 0.8k tok/s (avg 0.9k) | cert 0.43→0.68 | ticks [4.250 3.672 3.438 3.297 3.156 3.609 3.594 3.297] | Δticks -0.953 | ETA 35.4h
step  88480 | loss 7.1831 | lr 1.80e-04 | grad 1.40 | 0.8k tok/s (avg 0.9k) | cert 0.32→0.63 | ticks [5.250 4.250 3.938 3.938 3.938 4.250 4.094 3.938] | Δticks -1.312 | ETA 35.4h
step  88490 | loss 7.1893 | lr 1.80e-04 | grad 1.40 | 1.1k tok/s (avg 0.9k) | cert 0.36→0.62 | ticks [5.750 4.688 4.375 4.406 4.406 4.719 4.500 4.406] | Δticks -1.344 | ETA 35.4h
step  88500 | loss 6.8065 | lr 1.80e-04 | grad 1.36 | 0.8k tok/s (avg 0.9k) | cert 0.31→0.47 | ticks [5.438 4.562 4.594 4.688 4.812 4.875 4.875 4.781] | Δticks -0.656 | ETA 35.4h
step  88510 | loss 7.0149 | lr 1.80e-04 | grad 1.36 | 1.1k tok/s (avg 0.9k) | cert 0.48→0.66 | ticks [4.500 3.969 3.766 3.594 3.641 3.906 3.891 3.688] | Δticks -0.812 | ETA 35.4h
step  88520 | loss 7.0325 | lr 1.80e-04 | grad 1.45 | 0.8k tok/s (avg 0.9k) | cert 0.29→0.60 | ticks [5.188 4.094 3.812 3.766 3.766 4.125 3.938 3.828] | Δticks -1.359 | ETA 35.4h
step  88530 | loss 8.8801 | lr 1.79e-04 | grad 1.37 | 0.8k tok/s (avg 0.9k) | cert 0.40→0.58 | ticks [5.469 4.906 4.750 4.750 4.750 5.062 4.750 4.781] | Δticks -0.688 | ETA 35.4h
step  88540 | loss 8.3399 | lr 1.79e-04 | grad 1.37 | 1.1k tok/s (avg 0.9k) | cert 0.24→0.57 | ticks [6.562 5.344 5.344 5.406 5.250 5.688 5.625 5.344] | Δticks -1.219 | ETA 35.4h
step  88550 | loss 10.7723 | lr 1.79e-04 | grad 1.23 | 0.8k tok/s (avg 0.9k) | cert 0.77→0.75 | ticks [3.422 3.484 3.672 3.562 3.047 3.391 3.547 3.406] | Δticks -0.016 | ETA 35.4h
step  88560 | loss 7.8123 | lr 1.79e-04 | grad 1.54 | 0.8k tok/s (avg 0.9k) | cert 0.17→0.49 | ticks [7.000 5.594 5.594 5.531 5.562 5.969 5.719 5.656] | Δticks -1.344 | ETA 35.4h
step  88570 | loss 8.8743 | lr 1.79e-04 | grad 1.54 | 1.1k tok/s (avg 0.9k) | cert 0.27→0.55 | ticks [6.031 5.094 5.000 4.969 4.875 5.125 5.000 5.031] | Δticks -1.000 | ETA 35.4h
step  88580 | loss 8.1936 | lr 1.79e-04 | grad 1.42 | 0.8k tok/s (avg 0.9k) | cert 0.43→0.65 | ticks [5.156 4.375 4.188 4.281 4.219 4.594 4.250 4.312] | Δticks -0.844 | ETA 35.4h
step  88590 | loss 6.2830 | lr 1.79e-04 | grad 1.42 | 1.1k tok/s (avg 0.9k) | cert 0.47→0.68 | ticks [4.375 3.812 3.500 3.469 3.359 3.797 3.719 3.453] | Δticks -0.922 | ETA 35.4h
step  88600 | loss 9.6337 | lr 1.79e-04 | grad 1.54 | 0.8k tok/s (avg 0.9k) | cert 0.29→0.59 | ticks [5.844 4.719 4.625 4.656 4.688 5.062 4.844 4.625] | Δticks -1.219 | ETA 35.4h
step  88610 | loss 7.7676 | lr 1.79e-04 | grad 1.55 | 0.8k tok/s (avg 0.9k) | cert 0.45→0.66 | ticks [5.094 4.344 4.156 4.031 4.000 4.406 4.125 4.312] | Δticks -0.781 | ETA 35.4h
step  88620 | loss 8.0900 | lr 1.79e-04 | grad 1.55 | 1.1k tok/s (avg 0.9k) | cert 0.37→0.58 | ticks [5.656 4.844 4.750 4.688 4.625 5.125 4.812 4.812] | Δticks -0.844 | ETA 35.3h
step  88630 | loss 8.2507 | lr 1.79e-04 | grad 1.55 | 0.8k tok/s (avg 0.9k) | cert 0.51→0.61 | ticks [5.031 4.406 4.250 4.344 4.375 4.781 4.500 4.406] | Δticks -0.625 | ETA 35.3h
step  88640 | loss 12.1290 | lr 1.79e-04 | grad 1.34 | 0.8k tok/s (avg 0.9k) | cert 0.38→0.42 | ticks [6.156 5.875 5.875 5.875 5.875 5.969 5.906 6.000] | Δticks -0.156 | ETA 35.3h
step  88650 | loss 9.5372 | lr 1.79e-04 | grad 1.34 | 1.1k tok/s (avg 0.9k) | cert 0.44→0.64 | ticks [5.375 4.625 4.531 4.531 4.438 4.812 4.719 4.375] | Δticks -1.000 | ETA 35.3h
step  88660 | loss 8.0959 | lr 1.79e-04 | grad 1.50 | 0.8k tok/s (avg 0.9k) | cert 0.38→0.57 | ticks [5.125 4.531 4.375 4.562 4.406 4.688 4.531 4.469] | Δticks -0.656 | ETA 35.3h
step  88670 | loss 9.7735 | lr 1.79e-04 | grad 1.50 | 1.1k tok/s (avg 0.9k) | cert 0.61→0.69 | ticks [4.562 4.031 4.219 4.219 3.906 4.469 4.188 4.094] | Δticks -0.469 | ETA 35.3h
step  88680 | loss 7.1265 | lr 1.79e-04 | grad 1.35 | 0.8k tok/s (avg 0.9k) | cert 0.49→0.69 | ticks [4.656 3.953 3.828 3.875 3.609 4.000 4.125 3.875] | Δticks -0.781 | ETA 35.3h
step  88690 | loss 7.1192 | lr 1.79e-04 | grad 1.55 | 0.8k tok/s (avg 0.9k) | cert 0.41→0.64 | ticks [4.750 3.875 3.781 3.688 3.734 4.094 3.828 3.672] | Δticks -1.078 | ETA 35.3h
step  88700 | loss 6.5057 | lr 1.79e-04 | grad 1.55 | 1.1k tok/s (avg 0.9k) | cert 0.37→0.64 | ticks [5.094 4.281 4.156 4.094 4.000 4.375 4.219 4.094] | Δticks -1.000 | ETA 35.3h
step  88710 | loss 8.1279 | lr 1.79e-04 | grad 1.27 | 0.8k tok/s (avg 0.9k) | cert 0.43→0.59 | ticks [5.750 4.844 4.812 4.781 4.750 4.938 5.000 4.906] | Δticks -0.844 | ETA 35.3h
step  88720 | loss 8.9468 | lr 1.79e-04 | grad 1.55 | 0.8k tok/s (avg 0.9k) | cert 0.35→0.49 | ticks [6.406 5.750 5.531 5.594 5.656 5.906 5.719 5.625] | Δticks -0.781 | ETA 35.3h
step  88730 | loss 11.8716 | lr 1.79e-04 | grad 1.55 | 1.1k tok/s (avg 0.9k) | cert 0.33→0.43 | ticks [5.750 4.969 4.906 5.000 5.125 5.219 5.188 5.250] | Δticks -0.500 | ETA 35.3h
step  88740 | loss 8.9896 | lr 1.79e-04 | grad 1.43 | 0.8k tok/s (avg 0.9k) | cert 0.40→0.55 | ticks [5.344 4.688 4.562 4.562 4.500 4.844 4.531 4.656] | Δticks -0.688 | ETA 35.3h
step  88750 | loss 6.7078 | lr 1.79e-04 | grad 1.43 | 1.1k tok/s (avg 0.9k) | cert 0.43→0.64 | ticks [4.656 3.953 3.594 3.609 3.500 3.922 3.781 3.547] | Δticks -1.109 | ETA 35.3h
step  88760 | loss 7.4493 | lr 1.79e-04 | grad 1.23 | 0.8k tok/s (avg 0.9k) | cert 0.39→0.56 | ticks [5.594 4.969 4.781 4.969 4.812 4.906 4.875 4.750] | Δticks -0.844 | ETA 35.3h
step  88770 | loss 10.1449 | lr 1.79e-04 | grad 1.58 | 0.8k tok/s (avg 0.9k) | cert 0.57→0.68 | ticks [4.344 3.688 3.750 3.625 3.578 3.953 4.000 3.625] | Δticks -0.719 | ETA 35.3h
step  88780 | loss 8.0461 | lr 1.79e-04 | grad 1.58 | 1.1k tok/s (avg 0.9k) | cert 0.28→0.48 | ticks [5.781 4.781 4.844 4.969 4.906 5.031 4.969 5.000] | Δticks -0.781 | ETA 35.3h
step  88790 | loss 14.7943 | lr 1.79e-04 | grad 1.38 | 0.8k tok/s (avg 0.9k) | cert 0.46→0.48 | ticks [5.219 4.969 4.719 4.781 4.781 4.906 4.938 5.062] | Δticks -0.156 | ETA 35.3h
step  88800 | loss 9.6965 | lr 1.79e-04 | grad 1.36 | 0.8k tok/s (avg 0.9k) | cert 0.48→0.64 | ticks [5.125 4.406 4.531 4.531 4.469 4.688 4.531 4.531] | Δticks -0.594 | ETA 35.3h
step  88810 | loss 6.4666 | lr 1.79e-04 | grad 1.36 | 1.1k tok/s (avg 0.9k) | cert 0.30→0.45 | ticks [5.656 4.719 4.656 4.781 4.719 4.844 4.688 5.031] | Δticks -0.625 | ETA 35.3h
step  88820 | loss 7.4123 | lr 1.79e-04 | grad 1.66 | 0.8k tok/s (avg 0.9k) | cert 0.51→0.65 | ticks [4.969 4.281 4.312 4.375 4.406 4.719 4.469 4.281] | Δticks -0.688 | ETA 35.3h
step  88830 | loss 7.8412 | lr 1.79e-04 | grad 1.66 | 1.1k tok/s (avg 0.9k) | cert 0.24→0.49 | ticks [6.844 5.938 5.531 5.562 5.656 5.875 5.656 5.656] | Δticks -1.188 | ETA 35.3h
step  88840 | loss 7.4820 | lr 1.79e-04 | grad 1.48 | 0.8k tok/s (avg 0.9k) | cert 0.59→0.68 | ticks [3.891 3.547 3.312 3.406 3.312 3.750 3.578 3.453] | Δticks -0.438 | ETA 35.3h
step  88850 | loss 12.3999 | lr 1.79e-04 | grad 1.58 | 0.8k tok/s (avg 0.9k) | cert 0.49→0.61 | ticks [4.938 4.406 4.375 4.688 4.531 4.781 4.656 4.531] | Δticks -0.406 | ETA 35.3h
step  88860 | loss 8.2947 | lr 1.79e-04 | grad 1.58 | 1.1k tok/s (avg 0.9k) | cert 0.34→0.50 | ticks [6.125 5.500 5.125 5.188 5.219 5.531 5.344 5.375] | Δticks -0.750 | ETA 35.3h
step  88870 | loss 8.4528 | lr 1.79e-04 | grad 1.60 | 0.8k tok/s (avg 0.9k) | cert 0.46→0.57 | ticks [5.000 4.594 4.469 4.594 4.531 4.406 4.438 4.438] | Δticks -0.562 | ETA 35.3h
step  88880 | loss 6.3405 | lr 1.79e-04 | grad 1.52 | 0.8k tok/s (avg 0.9k) | cert 0.45→0.65 | ticks [4.406 3.750 3.594 3.578 3.625 4.031 3.969 3.625] | Δticks -0.781 | ETA 35.3h
step  88890 | loss 8.3110 | lr 1.79e-04 | grad 1.52 | 1.1k tok/s (avg 0.9k) | cert 0.27→0.51 | ticks [6.312 5.531 5.156 5.281 5.281 5.594 5.281 5.375] | Δticks -0.938 | ETA 35.3h
step  88900 | loss 7.5797 | lr 1.79e-04 | grad 1.36 | 0.8k tok/s (avg 0.9k) | cert 0.21→0.51 | ticks [6.469 5.344 5.062 5.125 5.125 5.344 5.250 5.156] | Δticks -1.312 | ETA 35.3h
step  88910 | loss 7.3074 | lr 1.79e-04 | grad 1.36 | 1.1k tok/s (avg 0.9k) | cert 0.45→0.64 | ticks [4.594 3.797 3.750 3.750 3.656 4.094 3.891 3.750] | Δticks -0.844 | ETA 35.3h
step  88920 | loss 7.2261 | lr 1.79e-04 | grad 1.65 | 0.8k tok/s (avg 0.9k) | cert 0.47→0.63 | ticks [4.781 3.938 3.719 3.781 3.703 4.125 3.812 3.891] | Δticks -0.891 | ETA 35.3h
step  88930 | loss 5.9616 | lr 1.79e-04 | grad 1.41 | 0.8k tok/s (avg 0.9k) | cert 0.33→0.48 | ticks [5.250 4.375 4.031 4.125 4.281 4.344 4.312 4.500] | Δticks -0.750 | ETA 35.3h
step  88940 | loss 9.8073 | lr 1.79e-04 | grad 1.41 | 1.1k tok/s (avg 0.9k) | cert 0.59→0.61 | ticks [4.781 4.062 4.156 4.125 4.219 4.438 4.406 4.219] | Δticks -0.562 | ETA 35.2h
step  88950 | loss 8.1325 | lr 1.79e-04 | grad 1.73 | 0.8k tok/s (avg 0.9k) | cert 0.42→0.69 | ticks [4.781 4.000 3.766 3.844 3.562 4.125 4.094 3.703] | Δticks -1.078 | ETA 35.2h
step  88960 | loss 7.7860 | lr 1.78e-04 | grad 1.66 | 0.8k tok/s (avg 0.9k) | cert 0.54→0.70 | ticks [4.562 4.156 3.859 3.828 3.656 4.156 3.984 3.828] | Δticks -0.734 | ETA 35.2h
step  88970 | loss 8.6290 | lr 1.78e-04 | grad 1.66 | 1.1k tok/s (avg 0.9k) | cert 0.50→0.59 | ticks [4.188 3.578 3.562 3.625 3.828 3.922 3.953 3.625] | Δticks -0.562 | ETA 35.2h
step  88980 | loss 7.1096 | lr 1.78e-04 | grad 1.41 | 0.8k tok/s (avg 0.9k) | cert 0.46→0.63 | ticks [4.719 4.125 3.844 3.844 3.844 4.125 4.031 3.906] | Δticks -0.812 | ETA 35.2h
step  88990 | loss 8.8085 | lr 1.78e-04 | grad 1.41 | 1.1k tok/s (avg 0.9k) | cert 0.62→0.67 | ticks [3.531 3.219 3.078 3.266 3.234 3.516 3.438 3.297] | Δticks -0.234 | ETA 35.2h
step  89000 | loss 6.1072 | lr 1.78e-04 | grad 1.60 | 0.8k tok/s (avg 0.9k) | cert 0.43→0.63 | ticks [4.656 3.984 3.766 3.688 3.719 4.125 3.891 3.750] | Δticks -0.906 | ETA 35.2h
step  89010 | loss 7.3713 | lr 1.78e-04 | grad 1.41 | 0.8k tok/s (avg 0.9k) | cert 0.36→0.60 | ticks [5.250 4.281 4.062 4.125 4.094 4.500 4.312 4.125] | Δticks -1.125 | ETA 35.2h
step  89020 | loss 7.4293 | lr 1.78e-04 | grad 1.41 | 1.1k tok/s (avg 0.9k) | cert 0.45→0.65 | ticks [4.688 3.844 3.859 3.953 3.781 4.188 4.031 3.781] | Δticks -0.906 | ETA 35.2h
step  89030 | loss 8.6871 | lr 1.78e-04 | grad 1.42 | 0.8k tok/s (avg 0.9k) | cert 0.66→0.72 | ticks [4.188 3.562 3.844 3.828 3.453 3.844 3.438 3.609] | Δticks -0.578 | ETA 35.2h
step  89040 | loss 11.4490 | lr 1.78e-04 | grad 1.70 | 0.8k tok/s (avg 0.9k) | cert 0.70→0.72 | ticks [3.266 3.266 3.203 3.406 3.203 3.625 3.438 3.359] | Δticks +0.094 | ETA 35.2h
step  89050 | loss 6.9704 | lr 1.78e-04 | grad 1.70 | 1.1k tok/s (avg 0.9k) | cert 0.33→0.51 | ticks [5.281 4.219 4.250 4.375 4.469 4.469 4.406 4.469] | Δticks -0.812 | ETA 35.2h
step  89060 | loss 7.0231 | lr 1.78e-04 | grad 1.51 | 0.8k tok/s (avg 0.9k) | cert 0.51→0.66 | ticks [4.531 3.922 3.781 3.891 3.688 4.125 3.906 3.812] | Δticks -0.719 | ETA 35.2h
step  89070 | loss 7.5096 | lr 1.78e-04 | grad 1.51 | 1.1k tok/s (avg 0.9k) | cert 0.51→0.67 | ticks [4.781 4.031 4.094 4.250 4.000 4.406 4.094 4.094] | Δticks -0.688 | ETA 35.2h
step  89080 | loss 6.2931 | lr 1.78e-04 | grad 1.48 | 0.8k tok/s (avg 0.9k) | cert 0.29→0.52 | ticks [5.594 4.406 4.312 4.438 4.406 4.625 4.469 4.562] | Δticks -1.031 | ETA 35.2h
step  89090 | loss 6.3764 | lr 1.78e-04 | grad 1.50 | 0.8k tok/s (avg 0.9k) | cert 0.42→0.65 | ticks [4.562 3.688 3.609 3.688 3.625 4.062 3.859 3.625] | Δticks -0.938 | ETA 35.2h
step  89100 | loss 8.3346 | lr 1.78e-04 | grad 1.50 | 1.1k tok/s (avg 0.9k) | cert 0.39→0.60 | ticks [5.031 4.406 4.375 4.312 4.188 4.469 4.375 4.250] | Δticks -0.781 | ETA 35.2h
step  89110 | loss 6.5246 | lr 1.78e-04 | grad 1.38 | 0.8k tok/s (avg 0.9k) | cert 0.45→0.66 | ticks [4.344 3.766 3.547 3.500 3.484 3.859 3.672 3.500] | Δticks -0.844 | ETA 35.2h
step  89120 | loss 9.5539 | lr 1.78e-04 | grad 1.45 | 0.8k tok/s (avg 0.9k) | cert 0.22→0.44 | ticks [6.812 5.844 5.656 5.688 5.750 5.938 5.781 6.000] | Δticks -0.812 | ETA 35.2h
step  89130 | loss 15.1013 | lr 1.78e-04 | grad 1.45 | 1.1k tok/s (avg 0.9k) | cert 0.45→0.46 | ticks [5.438 4.969 4.750 4.719 4.750 5.000 4.844 4.906] | Δticks -0.531 | ETA 35.2h
step  89140 | loss 7.4214 | lr 1.78e-04 | grad 1.43 | 0.8k tok/s (avg 0.9k) | cert 0.30→0.52 | ticks [6.344 5.438 5.031 5.125 5.125 5.312 5.219 5.156] | Δticks -1.188 | ETA 35.2h
step  89150 | loss 6.8791 | lr 1.78e-04 | grad 1.43 | 1.1k tok/s (avg 0.9k) | cert 0.49→0.64 | ticks [4.688 4.000 3.859 3.812 3.734 4.062 3.922 3.828] | Δticks -0.859 | ETA 35.2h
step  89160 | loss 8.8241 | lr 1.78e-04 | grad 1.41 | 0.8k tok/s (avg 0.9k) | cert 0.49→0.57 | ticks [4.969 4.312 4.312 4.406 4.312 4.656 4.531 4.594] | Δticks -0.375 | ETA 35.2h
step  89170 | loss 8.5325 | lr 1.78e-04 | grad 1.36 | 0.8k tok/s (avg 0.9k) | cert 0.24→0.50 | ticks [6.344 4.906 4.844 4.719 4.844 5.094 5.062 4.969] | Δticks -1.375 | ETA 35.2h
step  89180 | loss 7.8276 | lr 1.78e-04 | grad 1.36 | 1.1k tok/s (avg 0.9k) | cert 0.45→0.58 | ticks [4.594 3.672 3.781 3.781 3.719 3.922 3.922 3.969] | Δticks -0.625 | ETA 35.2h
step  89190 | loss 6.7643 | lr 1.78e-04 | grad 1.35 | 0.8k tok/s (avg 0.9k) | cert 0.46→0.64 | ticks [4.188 3.609 3.531 3.406 3.297 3.562 3.531 3.516] | Δticks -0.672 | ETA 35.2h
step  89200 | loss 7.4474 | lr 1.78e-04 | grad 1.35 | 0.8k tok/s (avg 0.9k) | cert 0.42→0.64 | ticks [4.844 4.125 3.938 3.969 4.031 4.375 4.094 3.891] | Δticks -0.953 | ETA 35.2h
step  89210 | loss 7.2047 | lr 1.78e-04 | grad 1.35 | 1.1k tok/s (avg 0.9k) | cert 0.45→0.64 | ticks [5.031 3.906 3.906 4.125 4.094 4.375 4.188 4.062] | Δticks -0.969 | ETA 35.2h
step  89220 | loss 8.0628 | lr 1.78e-04 | grad 1.45 | 0.8k tok/s (avg 0.9k) | cert 0.55→0.68 | ticks [4.375 3.875 3.875 3.953 3.859 4.094 3.984 3.906] | Δticks -0.469 | ETA 35.2h
step  89230 | loss 7.4520 | lr 1.78e-04 | grad 1.45 | 1.1k tok/s (avg 0.9k) | cert 0.52→0.63 | ticks [4.625 4.406 4.156 4.250 4.031 4.094 4.156 4.125] | Δticks -0.500 | ETA 35.2h
step  89240 | loss 7.8131 | lr 1.78e-04 | grad 1.51 | 0.8k tok/s (avg 0.9k) | cert 0.35→0.53 | ticks [5.375 4.688 4.312 4.250 4.406 4.719 4.438 4.438] | Δticks -0.938 | ETA 35.2h
step  89250 | loss 7.8055 | lr 1.78e-04 | grad 1.34 | 0.8k tok/s (avg 0.9k) | cert 0.41→0.62 | ticks [5.188 4.094 3.891 3.844 3.906 4.188 4.156 4.031] | Δticks -1.156 | ETA 35.1h
step  89260 | loss 9.3982 | lr 1.78e-04 | grad 1.34 | 1.1k tok/s (avg 0.9k) | cert 0.51→0.69 | ticks [4.188 3.391 3.375 3.219 3.281 3.672 3.672 3.344] | Δticks -0.844 | ETA 35.1h
step  89270 | loss 6.9490 | lr 1.78e-04 | grad 1.30 | 0.8k tok/s (avg 0.9k) | cert 0.38→0.64 | ticks [5.094 4.062 3.875 3.719 3.734 4.156 3.906 3.781] | Δticks -1.312 | ETA 35.1h
step  89280 | loss 10.1417 | lr 1.78e-04 | grad 1.30 | 0.8k tok/s (avg 0.9k) | cert 0.29→0.49 | ticks [7.312 6.312 6.156 6.250 6.125 6.469 6.312 6.250] | Δticks -1.062 | ETA 35.1h
step  89290 | loss 7.0086 | lr 1.78e-04 | grad 1.30 | 1.1k tok/s (avg 0.9k) | cert 0.20→0.47 | ticks [6.656 5.188 4.969 4.969 5.094 5.188 5.188 5.219] | Δticks -1.438 | ETA 35.1h
step  89300 | loss 6.9765 | lr 1.78e-04 | grad 1.34 | 0.8k tok/s (avg 0.9k) | cert 0.39→0.64 | ticks [5.062 4.062 3.875 3.859 3.891 4.156 4.094 4.062] | Δticks -1.000 | ETA 35.1h
step  89310 | loss 7.0483 | lr 1.78e-04 | grad 1.34 | 1.1k tok/s (avg 0.9k) | cert 0.32→0.61 | ticks [5.469 4.469 4.344 4.469 4.188 4.688 4.438 4.438] | Δticks -1.031 | ETA 35.1h
step  89320 | loss 7.8023 | lr 1.78e-04 | grad 1.38 | 0.8k tok/s (avg 0.9k) | cert 0.37→0.61 | ticks [5.250 4.062 3.891 4.094 4.094 4.500 4.281 4.062] | Δticks -1.188 | ETA 35.1h
step  89330 | loss 7.7754 | lr 1.78e-04 | grad 1.33 | 0.8k tok/s (avg 0.9k) | cert 0.21→0.50 | ticks [6.875 5.812 5.469 5.625 5.625 5.875 5.625 5.656] | Δticks -1.219 | ETA 35.1h
step  89340 | loss 7.9812 | lr 1.78e-04 | grad 1.33 | 1.1k tok/s (avg 0.9k) | cert 0.21→0.46 | ticks [6.219 5.344 5.219 5.281 5.438 5.562 5.406 5.438] | Δticks -0.781 | ETA 35.1h
step  89350 | loss 8.3268 | lr 1.78e-04 | grad 1.34 | 0.8k tok/s (avg 0.9k) | cert 0.30→0.54 | ticks [5.969 5.219 5.062 5.156 5.031 5.375 5.062 5.000] | Δticks -0.969 | ETA 35.1h
step  89360 | loss 6.6401 | lr 1.78e-04 | grad 1.26 | 0.8k tok/s (avg 0.9k) | cert 0.43→0.67 | ticks [4.812 3.969 3.922 3.906 3.750 4.000 4.094 3.875] | Δticks -0.938 | ETA 35.1h
step  89370 | loss 8.4968 | lr 1.78e-04 | grad 1.26 | 1.1k tok/s (avg 0.9k) | cert 0.43→0.66 | ticks [4.688 3.797 3.844 3.750 3.562 3.828 3.766 3.719] | Δticks -0.969 | ETA 35.1h
step  89380 | loss 6.3968 | lr 1.77e-04 | grad 1.48 | 0.8k tok/s (avg 0.9k) | cert 0.29→0.55 | ticks [5.156 3.766 3.641 3.828 3.797 3.844 3.859 3.812] | Δticks -1.344 | ETA 35.1h
step  89390 | loss 8.1273 | lr 1.77e-04 | grad 1.48 | 1.1k tok/s (avg 0.9k) | cert 0.54→0.66 | ticks [4.875 4.188 4.312 4.281 4.125 4.375 4.312 4.125] | Δticks -0.750 | ETA 35.1h
step  89400 | loss 6.6923 | lr 1.77e-04 | grad 1.49 | 0.8k tok/s (avg 0.9k) | cert 0.41→0.64 | ticks [5.375 4.531 4.500 4.500 4.250 4.531 4.562 4.500] | Δticks -0.875 | ETA 35.1h
step  89410 | loss 7.6198 | lr 1.77e-04 | grad 1.48 | 0.8k tok/s (avg 0.9k) | cert 0.47→0.69 | ticks [4.250 3.703 3.453 3.453 3.422 3.797 3.781 3.578] | Δticks -0.672 | ETA 35.1h
step  89420 | loss 8.0860 | lr 1.77e-04 | grad 1.48 | 1.1k tok/s (avg 0.9k) | cert 0.53→0.70 | ticks [4.312 3.641 3.438 3.578 3.453 3.781 3.625 3.422] | Δticks -0.891 | ETA 35.1h
step  89430 | loss 10.4271 | lr 1.77e-04 | grad 1.41 | 0.8k tok/s (avg 0.9k) | cert 0.58→0.69 | ticks [4.625 4.000 3.938 4.062 3.797 4.094 4.000 3.922] | Δticks -0.703 | ETA 35.1h
step  89440 | loss 6.5391 | lr 1.77e-04 | grad 1.56 | 0.8k tok/s (avg 0.9k) | cert 0.42→0.66 | ticks [4.594 3.922 3.797 3.703 3.609 4.156 3.766 3.734] | Δticks -0.859 | ETA 35.1h
step  89450 | loss 8.8704 | lr 1.77e-04 | grad 1.56 | 1.1k tok/s (avg 0.9k) | cert 0.36→0.58 | ticks [5.656 4.781 4.719 4.719 4.750 4.906 4.812 4.688] | Δticks -0.969 | ETA 35.1h
step  89460 | loss 8.2447 | lr 1.77e-04 | grad 1.56 | 0.8k tok/s (avg 0.9k) | cert 0.54→0.66 | ticks [4.375 4.125 3.859 3.734 3.609 4.062 3.797 3.797] | Δticks -0.578 | ETA 35.1h
step  89470 | loss 7.3992 | lr 1.77e-04 | grad 1.56 | 1.1k tok/s (avg 0.9k) | cert 0.47→0.66 | ticks [4.812 3.969 3.844 3.984 3.562 4.156 4.094 3.875] | Δticks -0.938 | ETA 35.1h
step  89480 | loss 6.3102 | lr 1.77e-04 | grad 1.33 | 0.8k tok/s (avg 0.9k) | cert 0.38→0.64 | ticks [4.875 4.188 4.000 3.812 3.828 4.219 4.188 4.031] | Δticks -0.844 | ETA 35.1h
step  89490 | loss 7.6603 | lr 1.77e-04 | grad 1.35 | 0.8k tok/s (avg 0.9k) | cert 0.36→0.57 | ticks [5.812 5.156 4.938 5.000 4.938 5.000 4.969 4.938] | Δticks -0.875 | ETA 35.1h
step  89500 | loss 8.1353 | lr 1.77e-04 | grad 1.35 | 1.1k tok/s (avg 0.9k) | cert 0.57→0.70 | ticks [4.406 3.750 3.953 3.812 3.609 3.891 3.766 3.641] | Δticks -0.766 | ETA 35.1h
step  89510 | loss 8.1576 | lr 1.77e-04 | grad 1.36 | 0.8k tok/s (avg 0.9k) | cert 0.31→0.59 | ticks [5.906 4.969 4.781 4.781 4.719 5.125 4.938 4.781] | Δticks -1.125 | ETA 35.1h
step  89520 | loss 7.3266 | lr 1.77e-04 | grad 1.48 | 0.8k tok/s (avg 0.9k) | cert 0.39→0.67 | ticks [4.375 3.609 3.594 3.531 3.547 4.031 3.766 3.406] | Δticks -0.969 | ETA 35.1h
step  89530 | loss 6.7076 | lr 1.77e-04 | grad 1.48 | 1.1k tok/s (avg 0.9k) | cert 0.43→0.68 | ticks [4.688 3.688 3.609 3.500 3.469 3.734 3.547 3.609] | Δticks -1.078 | ETA 35.1h
step  89540 | loss 7.2074 | lr 1.77e-04 | grad 1.45 | 0.8k tok/s (avg 0.9k) | cert 0.27→0.49 | ticks [6.031 5.250 5.000 5.094 5.125 5.344 5.031 5.250] | Δticks -0.781 | ETA 35.1h
step  89550 | loss 6.9328 | lr 1.77e-04 | grad 1.45 | 1.1k tok/s (avg 0.9k) | cert 0.42→0.63 | ticks [4.750 4.125 3.766 3.797 3.797 4.188 3.906 3.875] | Δticks -0.875 | ETA 35.1h
step  89560 | loss 11.3825 | lr 1.77e-04 | grad 1.28 | 0.8k tok/s (avg 0.9k) | cert 0.58→0.61 | ticks [4.219 3.531 3.641 3.812 3.781 3.969 3.953 3.688] | Δticks -0.531 | ETA 35.0h
step  89570 | loss 8.9452 | lr 1.77e-04 | grad 1.48 | 0.8k tok/s (avg 0.9k) | cert 0.41→0.54 | ticks [5.625 4.812 4.781 4.844 5.062 5.344 5.062 4.906] | Δticks -0.719 | ETA 35.0h
step  89580 | loss 7.0840 | lr 1.77e-04 | grad 1.48 | 1.1k tok/s (avg 0.9k) | cert 0.51→0.62 | ticks [4.531 4.375 3.984 4.156 3.703 4.031 3.969 4.062] | Δticks -0.469 | ETA 35.0h
step  89590 | loss 8.4616 | lr 1.77e-04 | grad 1.39 | 0.8k tok/s (avg 0.9k) | cert 0.30→0.61 | ticks [6.281 5.281 5.031 5.125 5.156 5.438 5.062 5.156] | Δticks -1.125 | ETA 35.0h
step  89600 | loss 12.4232 | lr 1.77e-04 | grad 1.66 | 0.8k tok/s (avg 0.9k) | cert 0.56→0.69 | ticks [4.125 4.250 4.062 4.281 3.594 4.031 3.922 3.922] | Δticks -0.203 | ETA 35.0h
step  89610 | loss 6.7819 | lr 1.77e-04 | grad 1.66 | 1.1k tok/s (avg 0.9k) | cert 0.41→0.62 | ticks [4.781 4.188 3.875 4.000 3.844 4.406 4.219 3.938] | Δticks -0.844 | ETA 35.0h
step  89620 | loss 9.0038 | lr 1.77e-04 | grad 1.74 | 0.8k tok/s (avg 0.9k) | cert 0.46→0.66 | ticks [5.562 4.594 4.562 4.531 4.469 4.750 4.812 4.406] | Δticks -1.156 | ETA 35.0h
step  89630 | loss 6.6644 | lr 1.77e-04 | grad 1.74 | 1.1k tok/s (avg 0.9k) | cert 0.30→0.47 | ticks [5.781 4.750 4.688 4.625 4.656 4.969 4.812 4.938] | Δticks -0.844 | ETA 35.0h
step  89640 | loss 8.0914 | lr 1.77e-04 | grad 2.31 | 0.8k tok/s (avg 0.9k) | cert 0.55→0.71 | ticks [4.656 4.031 3.938 4.031 3.750 4.094 4.125 3.859] | Δticks -0.797 | ETA 35.0h
step  89650 | loss 8.2883 | lr 1.77e-04 | grad 1.56 | 0.8k tok/s (avg 0.9k) | cert 0.22→0.55 | ticks [6.688 5.562 5.344 5.406 5.438 5.750 5.469 5.375] | Δticks -1.312 | ETA 35.0h
step  89660 | loss 9.0497 | lr 1.77e-04 | grad 1.56 | 1.1k tok/s (avg 0.9k) | cert 0.41→0.54 | ticks [5.375 4.781 4.469 4.594 4.688 4.812 4.781 4.812] | Δticks -0.562 | ETA 35.0h
step  89670 | loss 6.9396 | lr 1.77e-04 | grad 1.49 | 0.8k tok/s (avg 0.9k) | cert 0.50→0.70 | ticks [4.562 4.062 3.891 3.797 3.797 4.094 4.156 3.859] | Δticks -0.703 | ETA 35.0h
step  89680 | loss 8.0430 | lr 1.77e-04 | grad 1.87 | 0.8k tok/s (avg 0.9k) | cert 0.21→0.48 | ticks [6.562 5.812 5.375 5.531 5.562 5.781 5.500 5.656] | Δticks -0.906 | ETA 35.0h
step  89690 | loss 7.5909 | lr 1.77e-04 | grad 1.87 | 1.1k tok/s (avg 0.9k) | cert 0.46→0.70 | ticks [4.938 4.156 4.000 4.000 3.891 4.281 4.281 4.125] | Δticks -0.812 | ETA 35.0h
step  89700 | loss 4.7686 | lr 1.77e-04 | grad 1.58 | 0.8k tok/s (avg 0.9k) | cert 0.23→0.58 | ticks [5.562 3.766 3.562 3.562 3.625 3.781 3.609 3.750] | Δticks -1.812 | ETA 35.0h
step  89710 | loss 8.3764 | lr 1.77e-04 | grad 1.58 | 1.1k tok/s (avg 0.9k) | cert 0.33→0.46 | ticks [5.844 4.844 4.906 5.062 5.156 5.219 5.281 5.375] | Δticks -0.469 | ETA 35.0h
step  89720 | loss 8.2720 | lr 1.77e-04 | grad 1.59 | 0.8k tok/s (avg 0.9k) | cert 0.56→0.64 | ticks [4.656 4.188 4.094 4.062 3.953 4.094 4.125 4.156] | Δticks -0.500 | ETA 35.0h
step  89730 | loss 11.7306 | lr 1.77e-04 | grad 1.49 | 0.8k tok/s (avg 0.9k) | cert 0.63→0.70 | ticks [4.594 4.375 4.312 4.312 3.922 4.250 4.219 4.125] | Δticks -0.469 | ETA 35.0h
step  89740 | loss 9.1633 | lr 1.77e-04 | grad 1.49 | 1.1k tok/s (avg 0.9k) | cert 0.48→0.58 | ticks [4.781 4.156 4.125 4.344 4.375 4.531 4.469 4.312] | Δticks -0.469 | ETA 35.0h
step  89750 | loss 7.2739 | lr 1.77e-04 | grad 1.44 | 0.8k tok/s (avg 0.9k) | cert 0.36→0.64 | ticks [5.031 4.031 3.766 3.844 3.938 4.281 3.844 3.734] | Δticks -1.297 | ETA 35.0h
step  89760 | loss 6.8420 | lr 1.77e-04 | grad 1.60 | 0.8k tok/s (avg 0.9k) | cert 0.33→0.60 | ticks [5.625 4.750 4.625 4.500 4.438 4.812 4.625 4.438] | Δticks -1.188 | ETA 35.0h
step  89770 | loss 7.7024 | lr 1.77e-04 | grad 1.60 | 1.1k tok/s (avg 0.9k) | cert 0.33→0.56 | ticks [6.312 5.625 5.281 5.406 5.281 5.469 5.500 5.375] | Δticks -0.938 | ETA 35.0h
step  89780 | loss 8.4785 | lr 1.77e-04 | grad 1.75 | 0.8k tok/s (avg 0.9k) | cert 0.37→0.51 | ticks [5.750 5.156 5.125 5.281 5.188 5.219 5.188 5.281] | Δticks -0.469 | ETA 35.0h
step  89790 | loss 5.6982 | lr 1.77e-04 | grad 1.75 | 1.1k tok/s (avg 0.9k) | cert 0.28→0.57 | ticks [5.062 3.766 3.594 3.672 3.703 3.859 3.734 3.797] | Δticks -1.266 | ETA 35.0h
step  89800 | loss 8.1470 | lr 1.77e-04 | grad 2.02 | 0.8k tok/s (avg 0.9k) | cert 0.29→0.59 | ticks [6.031 4.781 4.719 4.562 4.531 5.031 4.781 4.688] | Δticks -1.344 | ETA 35.0h
step  89810 | loss 7.5382 | lr 1.76e-04 | grad 1.45 | 0.8k tok/s (avg 0.9k) | cert 0.51→0.65 | ticks [4.594 3.922 4.031 4.125 4.094 4.094 4.281 4.094] | Δticks -0.500 | ETA 35.0h
step  89820 | loss 7.6004 | lr 1.76e-04 | grad 1.45 | 1.1k tok/s (avg 0.9k) | cert 0.17→0.53 | ticks [6.938 5.188 5.094 5.312 5.219 5.469 5.094 5.156] | Δticks -1.781 | ETA 35.0h
step  89830 | loss 7.8312 | lr 1.76e-04 | grad 1.33 | 0.8k tok/s (avg 0.9k) | cert 0.45→0.56 | ticks [5.312 4.781 4.875 4.875 4.688 4.750 4.688 4.719] | Δticks -0.594 | ETA 35.0h
step  89840 | loss 8.6697 | lr 1.76e-04 | grad 1.60 | 0.8k tok/s (avg 0.9k) | cert 0.51→0.58 | ticks [5.219 4.719 4.719 4.906 4.594 4.594 4.688 4.719] | Δticks -0.500 | ETA 35.0h
step  89850 | loss 9.3818 | lr 1.76e-04 | grad 1.60 | 1.1k tok/s (avg 0.9k) | cert 0.46→0.60 | ticks [5.406 4.594 4.562 4.688 4.656 4.875 4.750 4.656] | Δticks -0.750 | ETA 35.0h
step  89860 | loss 7.3759 | lr 1.76e-04 | grad 1.44 | 0.8k tok/s (avg 0.9k) | cert 0.49→0.65 | ticks [4.531 4.031 4.125 4.062 3.766 4.469 4.188 3.953] | Δticks -0.578 | ETA 35.0h
step  89870 | loss 9.2052 | lr 1.76e-04 | grad 1.44 | 1.1k tok/s (avg 0.9k) | cert 0.34→0.64 | ticks [5.312 4.438 4.469 4.375 4.375 4.875 4.656 4.281] | Δticks -1.031 | ETA 34.9h
step  89880 | loss 6.4750 | lr 1.76e-04 | grad 1.50 | 0.8k tok/s (avg 0.9k) | cert 0.64→0.59 | ticks [4.125 3.953 3.703 3.828 3.453 3.812 3.891 3.844] | Δticks -0.281 | ETA 34.9h
step  89890 | loss 7.5729 | lr 1.76e-04 | grad 1.52 | 0.8k tok/s (avg 0.9k) | cert 0.58→0.71 | ticks [4.031 3.500 3.328 3.406 3.172 3.641 3.641 3.469] | Δticks -0.562 | ETA 34.9h
step  89900 | loss 8.6586 | lr 1.76e-04 | grad 1.52 | 1.1k tok/s (avg 0.9k) | cert 0.36→0.55 | ticks [6.688 5.906 5.812 5.812 5.656 6.000 5.875 5.875] | Δticks -0.812 | ETA 34.9h
step  89910 | loss 7.1211 | lr 1.76e-04 | grad 1.48 | 0.8k tok/s (avg 0.9k) | cert 0.32→0.62 | ticks [5.438 4.406 4.250 4.219 4.219 4.719 4.500 4.312] | Δticks -1.125 | ETA 34.9h
step  89920 | loss 8.3095 | lr 1.76e-04 | grad 1.59 | 0.8k tok/s (avg 0.9k) | cert 0.31→0.50 | ticks [6.281 5.531 5.344 5.500 5.250 5.375 5.406 5.562] | Δticks -0.719 | ETA 34.9h
step  89930 | loss 8.9165 | lr 1.76e-04 | grad 1.59 | 1.1k tok/s (avg 0.9k) | cert 0.37→0.60 | ticks [5.688 4.938 4.688 4.844 4.844 5.062 4.906 4.688] | Δticks -1.000 | ETA 34.9h
step  89940 | loss 7.3454 | lr 1.76e-04 | grad 1.44 | 0.8k tok/s (avg 0.9k) | cert 0.39→0.70 | ticks [4.969 4.031 3.812 3.828 3.531 4.062 4.094 3.828] | Δticks -1.141 | ETA 34.9h
step  89950 | loss 7.6657 | lr 1.76e-04 | grad 1.44 | 1.1k tok/s (avg 0.9k) | cert 0.41→0.59 | ticks [4.969 3.969 3.703 3.906 3.922 4.062 4.062 3.984] | Δticks -0.984 | ETA 34.9h
step  89960 | loss 7.8856 | lr 1.76e-04 | grad 1.50 | 0.8k tok/s (avg 0.9k) | cert 0.47→0.62 | ticks [5.656 4.812 4.750 4.938 4.531 4.875 4.875 4.656] | Δticks -1.000 | ETA 34.9h
step  89970 | loss 8.0280 | lr 1.76e-04 | grad 1.43 | 0.8k tok/s (avg 0.9k) | cert 0.27→0.49 | ticks [6.438 5.656 5.312 5.406 5.406 5.625 5.406 5.438] | Δticks -1.000 | ETA 34.9h
step  89980 | loss 7.0214 | lr 1.76e-04 | grad 1.43 | 1.1k tok/s (avg 0.9k) | cert 0.39→0.65 | ticks [5.031 4.375 4.156 3.969 4.094 4.375 4.250 4.188] | Δticks -0.844 | ETA 34.9h
step  89990 | loss 9.9573 | lr 1.76e-04 | grad 1.47 | 0.8k tok/s (avg 0.9k) | cert 0.60→0.65 | ticks [4.562 4.438 4.219 4.281 3.969 4.625 4.312 4.250] | Δticks -0.312 | ETA 34.9h
step  90000 | loss 9.7913 | lr 1.76e-04 | grad 1.80 | 0.8k tok/s (avg 0.9k) | cert 0.18→0.49 | ticks [7.906 7.281 7.000 7.000 7.031 7.219 7.031 6.938] | Δticks -0.969 | ETA 34.9h
  Saved checkpoint at step 90000
step  90010 | loss 10.7136 | lr 1.76e-04 | grad 1.80 | 0.9k tok/s (avg 0.9k) | cert 0.47→0.57 | ticks [5.469 4.969 4.844 5.000 5.031 5.219 5.031 5.000] | Δticks -0.469 | ETA 34.9h
step  90020 | loss 8.2197 | lr 1.76e-04 | grad 1.43 | 0.8k tok/s (avg 0.9k) | cert 0.48→0.65 | ticks [5.000 4.312 4.312 4.219 4.062 4.594 4.344 4.156] | Δticks -0.844 | ETA 34.9h
step  90030 | loss 9.2375 | lr 1.76e-04 | grad 1.43 | 1.1k tok/s (avg 0.9k) | cert 0.70→0.75 | ticks [3.688 3.703 3.672 3.719 3.234 3.578 3.766 3.547] | Δticks -0.141 | ETA 34.9h
step  90040 | loss 10.5933 | lr 1.76e-04 | grad 1.40 | 0.8k tok/s (avg 0.9k) | cert 0.71→0.75 | ticks [3.844 3.859 3.625 3.734 3.391 3.688 3.953 3.531] | Δticks -0.312 | ETA 34.9h
step  90050 | loss 7.0178 | lr 1.76e-04 | grad 1.51 | 0.8k tok/s (avg 0.9k) | cert 0.32→0.54 | ticks [5.750 5.062 4.812 4.906 4.750 5.156 4.844 4.938] | Δticks -0.812 | ETA 34.9h
step  90060 | loss 8.1974 | lr 1.76e-04 | grad 1.51 | 1.1k tok/s (avg 0.9k) | cert 0.48→0.65 | ticks [4.812 4.000 4.031 4.031 3.922 4.312 3.969 3.938] | Δticks -0.875 | ETA 34.9h
step  90070 | loss 7.0681 | lr 1.76e-04 | grad 1.30 | 0.8k tok/s (avg 0.9k) | cert 0.54→0.71 | ticks [4.500 3.562 3.484 3.766 3.547 4.125 3.516 3.391] | Δticks -1.109 | ETA 34.9h
step  90080 | loss 9.4470 | lr 1.76e-04 | grad 1.44 | 0.8k tok/s (avg 0.9k) | cert 0.55→0.64 | ticks [4.594 4.312 4.281 4.438 3.938 4.125 4.406 4.188] | Δticks -0.406 | ETA 34.9h
step  90090 | loss 8.5049 | lr 1.76e-04 | grad 1.44 | 1.1k tok/s (avg 0.9k) | cert 0.52→0.62 | ticks [4.844 4.094 4.031 4.094 4.000 4.438 4.094 4.062] | Δticks -0.781 | ETA 34.9h
step  90100 | loss 8.3081 | lr 1.76e-04 | grad 1.63 | 0.8k tok/s (avg 0.9k) | cert 0.29→0.51 | ticks [6.188 5.531 5.344 5.406 5.438 5.500 5.312 5.375] | Δticks -0.812 | ETA 34.9h
step  90110 | loss 8.5187 | lr 1.76e-04 | grad 1.63 | 1.1k tok/s (avg 0.9k) | cert 0.54→0.67 | ticks [4.406 4.000 4.000 3.781 3.719 4.062 4.000 3.750] | Δticks -0.656 | ETA 34.9h
step  90120 | loss 7.0326 | lr 1.76e-04 | grad 1.48 | 0.8k tok/s (avg 0.9k) | cert 0.32→0.60 | ticks [5.938 4.781 4.531 4.656 4.719 5.250 4.812 4.625] | Δticks -1.312 | ETA 34.9h
step  90130 | loss 9.4587 | lr 1.76e-04 | grad 1.48 | 0.8k tok/s (avg 0.9k) | cert 0.41→0.55 | ticks [5.438 4.562 4.562 4.719 4.562 4.875 4.656 4.750] | Δticks -0.688 | ETA 34.9h
step  90140 | loss 6.2752 | lr 1.76e-04 | grad 1.48 | 1.1k tok/s (avg 0.9k) | cert 0.42→0.57 | ticks [4.875 4.469 4.219 4.344 4.156 4.656 4.312 4.250] | Δticks -0.625 | ETA 34.9h
step  90150 | loss 8.9314 | lr 1.76e-04 | grad 1.37 | 0.8k tok/s (avg 0.9k) | cert 0.25→0.47 | ticks [6.406 5.594 5.219 5.312 5.375 5.719 5.344 5.500] | Δticks -0.906 | ETA 34.9h
step  90160 | loss 8.4795 | lr 1.76e-04 | grad 1.29 | 0.8k tok/s (avg 0.9k) | cert 0.38→0.52 | ticks [6.438 5.500 5.469 5.375 5.438 5.656 5.562 5.625] | Δticks -0.812 | ETA 34.9h
step  90170 | loss 8.8323 | lr 1.76e-04 | grad 1.29 | 1.1k tok/s (avg 0.9k) | cert 0.43→0.62 | ticks [5.156 4.250 4.281 4.375 4.344 4.594 4.531 4.406] | Δticks -0.750 | ETA 34.9h
step  90180 | loss 7.4880 | lr 1.76e-04 | grad 1.48 | 0.8k tok/s (avg 0.9k) | cert 0.41→0.64 | ticks [5.219 4.188 4.000 3.984 3.922 4.406 4.281 4.125] | Δticks -1.094 | ETA 34.9h
step  90190 | loss 8.2074 | lr 1.76e-04 | grad 1.48 | 1.1k tok/s (avg 0.9k) | cert 0.23→0.50 | ticks [7.188 6.375 6.156 6.156 6.375 6.469 6.219 6.250] | Δticks -0.938 | ETA 34.9h
step  90200 | loss 7.4285 | lr 1.76e-04 | grad 1.48 | 0.8k tok/s (avg 0.9k) | cert 0.36→0.61 | ticks [5.188 4.219 4.188 4.281 4.094 4.500 4.375 4.156] | Δticks -1.031 | ETA 34.8h
step  90210 | loss 8.2356 | lr 1.76e-04 | grad 1.44 | 0.8k tok/s (avg 0.9k) | cert 0.43→0.57 | ticks [4.938 4.531 4.438 4.469 4.344 4.469 4.438 4.438] | Δticks -0.500 | ETA 34.8h
step  90220 | loss 11.4770 | lr 1.76e-04 | grad 1.44 | 1.1k tok/s (avg 0.9k) | cert 0.40→0.52 | ticks [5.156 4.531 4.438 4.312 4.312 4.594 4.562 4.562] | Δticks -0.594 | ETA 34.8h
step  90230 | loss 7.2978 | lr 1.76e-04 | grad 1.43 | 0.8k tok/s (avg 0.9k) | cert 0.28→0.58 | ticks [6.688 5.312 5.281 5.375 5.250 5.719 5.531 5.312] | Δticks -1.375 | ETA 34.8h
step  90240 | loss 8.4433 | lr 1.75e-04 | grad 1.41 | 0.8k tok/s (avg 0.9k) | cert 0.16→0.43 | ticks [8.125 6.906 6.719 6.688 6.781 6.875 6.844 6.906] | Δticks -1.219 | ETA 34.8h
step  90250 | loss 9.0428 | lr 1.75e-04 | grad 1.41 | 1.1k tok/s (avg 0.9k) | cert 0.46→0.60 | ticks [5.188 4.688 4.531 4.625 4.625 4.750 4.625 4.500] | Δticks -0.688 | ETA 34.8h
step  90260 | loss 10.7201 | lr 1.75e-04 | grad 1.33 | 0.8k tok/s (avg 0.9k) | cert 0.36→0.61 | ticks [5.688 4.969 4.875 4.969 4.750 4.938 4.906 4.719] | Δticks -0.969 | ETA 34.8h
step  90270 | loss 6.8880 | lr 1.75e-04 | grad 1.33 | 1.1k tok/s (avg 0.9k) | cert 0.37→0.61 | ticks [4.906 3.969 3.922 3.922 3.828 4.250 4.000 3.875] | Δticks -1.031 | ETA 34.8h
step  90280 | loss 9.2809 | lr 1.75e-04 | grad 1.55 | 0.8k tok/s (avg 0.9k) | cert 0.50→0.59 | ticks [4.938 4.375 4.312 4.344 4.094 4.562 4.562 4.281] | Δticks -0.656 | ETA 34.8h
step  90290 | loss 12.2822 | lr 1.75e-04 | grad 1.39 | 0.8k tok/s (avg 0.9k) | cert 0.58→0.64 | ticks [4.625 4.250 4.031 4.188 4.156 4.406 4.125 4.156] | Δticks -0.469 | ETA 34.8h
step  90300 | loss 6.8374 | lr 1.75e-04 | grad 1.39 | 1.1k tok/s (avg 0.9k) | cert 0.46→0.61 | ticks [4.875 4.125 4.219 4.344 4.094 4.219 4.281 4.219] | Δticks -0.656 | ETA 34.8h
step  90310 | loss 7.4670 | lr 1.75e-04 | grad 1.56 | 0.8k tok/s (avg 0.9k) | cert 0.39→0.64 | ticks [4.562 3.922 3.844 3.797 3.781 4.188 4.062 3.719] | Δticks -0.844 | ETA 34.8h
step  90320 | loss 9.6201 | lr 1.75e-04 | grad 1.34 | 0.8k tok/s (avg 0.9k) | cert 0.39→0.48 | ticks [5.750 4.969 4.938 5.062 5.125 5.219 5.188 5.375] | Δticks -0.375 | ETA 34.8h
step  90330 | loss 9.1073 | lr 1.75e-04 | grad 1.34 | 1.1k tok/s (avg 0.9k) | cert 0.52→0.71 | ticks [4.312 3.891 4.031 3.984 3.703 4.188 3.906 3.672] | Δticks -0.641 | ETA 34.8h
step  90340 | loss 7.1970 | lr 1.75e-04 | grad 1.27 | 0.8k tok/s (avg 0.9k) | cert 0.43→0.64 | ticks [4.531 4.000 3.766 3.719 3.641 4.094 3.922 3.812] | Δticks -0.719 | ETA 34.8h
step  90350 | loss 8.2124 | lr 1.75e-04 | grad 1.27 | 1.1k tok/s (avg 0.9k) | cert 0.32→0.46 | ticks [6.219 5.469 5.312 5.562 5.625 5.750 5.594 5.656] | Δticks -0.562 | ETA 34.8h
step  90360 | loss 7.0589 | lr 1.75e-04 | grad 1.37 | 0.8k tok/s (avg 0.9k) | cert 0.32→0.46 | ticks [5.625 4.875 4.812 4.938 5.094 5.125 4.938 5.062] | Δticks -0.562 | ETA 34.8h
step  90370 | loss 9.0271 | lr 1.75e-04 | grad 1.22 | 0.8k tok/s (avg 0.9k) | cert 0.40→0.63 | ticks [5.406 4.562 4.438 4.688 4.562 5.094 4.656 4.250] | Δticks -1.156 | ETA 34.8h
step  90380 | loss 7.4459 | lr 1.75e-04 | grad 1.22 | 1.1k tok/s (avg 0.9k) | cert 0.40→0.61 | ticks [4.969 4.250 4.031 4.000 3.922 4.469 4.156 4.031] | Δticks -0.938 | ETA 34.8h
step  90390 | loss 14.7316 | lr 1.75e-04 | grad 1.23 | 0.8k tok/s (avg 0.9k) | cert 0.46→0.48 | ticks [5.188 4.812 4.625 4.688 4.719 4.969 4.750 4.906] | Δticks -0.281 | ETA 34.8h
step  90400 | loss 7.2905 | lr 1.75e-04 | grad 1.47 | 0.8k tok/s (avg 0.9k) | cert 0.28→0.51 | ticks [5.719 4.688 4.469 4.594 4.719 4.875 4.594 4.844] | Δticks -0.875 | ETA 34.8h
step  90410 | loss 6.9234 | lr 1.75e-04 | grad 1.47 | 1.1k tok/s (avg 0.9k) | cert 0.38→0.63 | ticks [5.281 4.250 4.094 4.156 4.062 4.531 4.375 4.188] | Δticks -1.094 | ETA 34.8h
step  90420 | loss 8.0201 | lr 1.75e-04 | grad 1.44 | 0.8k tok/s (avg 0.9k) | cert 0.26→0.56 | ticks [5.969 4.812 4.719 4.938 4.781 5.312 5.062 4.719] | Δticks -1.250 | ETA 34.8h
step  90430 | loss 9.3267 | lr 1.75e-04 | grad 1.44 | 1.1k tok/s (avg 0.9k) | cert 0.62→0.73 | ticks [4.562 4.125 4.031 4.062 3.781 4.031 4.094 3.875] | Δticks -0.688 | ETA 34.8h
step  90440 | loss 6.5550 | lr 1.75e-04 | grad 1.23 | 0.8k tok/s (avg 0.9k) | cert 0.34→0.63 | ticks [5.062 4.062 4.000 3.938 3.891 4.344 4.156 4.031] | Δticks -1.031 | ETA 34.8h
step  90450 | loss 8.4179 | lr 1.75e-04 | grad 1.29 | 0.8k tok/s (avg 0.9k) | cert 0.43→0.56 | ticks [5.250 4.625 4.406 4.625 4.688 4.969 4.781 4.688] | Δticks -0.562 | ETA 34.8h
step  90460 | loss 8.7985 | lr 1.75e-04 | grad 1.29 | 1.1k tok/s (avg 0.9k) | cert 0.52→0.65 | ticks [5.219 4.438 4.406 4.094 4.250 4.688 4.594 4.312] | Δticks -0.906 | ETA 34.8h
step  90470 | loss 8.1581 | lr 1.75e-04 | grad 1.29 | 0.8k tok/s (avg 0.9k) | cert 0.23→0.46 | ticks [7.125 6.188 5.812 5.875 5.938 6.219 6.000 6.000] | Δticks -1.125 | ETA 34.8h
step  90480 | loss 7.2657 | lr 1.75e-04 | grad 1.37 | 0.8k tok/s (avg 0.9k) | cert 0.41→0.54 | ticks [5.156 4.438 4.312 4.344 4.406 4.656 4.531 4.500] | Δticks -0.656 | ETA 34.8h
step  90490 | loss 6.6401 | lr 1.75e-04 | grad 1.37 | 1.1k tok/s (avg 0.9k) | cert 0.32→0.64 | ticks [5.125 3.859 3.750 3.859 3.859 4.188 3.797 3.750] | Δticks -1.375 | ETA 34.8h
step  90500 | loss 6.5540 | lr 1.75e-04 | grad 1.29 | 0.8k tok/s (avg 0.9k) | cert 0.59→0.69 | ticks [4.312 3.750 3.750 3.703 3.422 3.844 3.891 3.531] | Δticks -0.781 | ETA 34.8h
step  90510 | loss 6.7785 | lr 1.75e-04 | grad 1.29 | 1.1k tok/s (avg 0.9k) | cert 0.61→0.70 | ticks [3.812 3.453 3.328 3.344 3.141 3.609 3.500 3.344] | Δticks -0.469 | ETA 34.7h
step  90520 | loss 7.0230 | lr 1.75e-04 | grad 1.35 | 0.8k tok/s (avg 0.9k) | cert 0.46→0.59 | ticks [4.750 4.500 4.344 4.312 4.188 4.500 4.344 4.188] | Δticks -0.562 | ETA 34.7h
step  90530 | loss 7.8934 | lr 1.75e-04 | grad 1.34 | 0.8k tok/s (avg 0.9k) | cert 0.32→0.45 | ticks [5.531 4.562 4.531 4.750 4.719 4.844 4.719 4.812] | Δticks -0.719 | ETA 34.7h
step  90540 | loss 7.4734 | lr 1.75e-04 | grad 1.34 | 1.1k tok/s (avg 0.9k) | cert 0.41→0.64 | ticks [5.188 4.438 4.375 4.250 4.156 4.562 4.438 4.312] | Δticks -0.875 | ETA 34.7h
step  90550 | loss 8.1287 | lr 1.75e-04 | grad 1.33 | 0.8k tok/s (avg 0.9k) | cert 0.34→0.63 | ticks [5.031 4.312 4.156 4.094 4.031 4.406 4.281 4.062] | Δticks -0.969 | ETA 34.7h
step  90560 | loss 8.1272 | lr 1.75e-04 | grad 1.30 | 0.8k tok/s (avg 0.9k) | cert 0.33→0.55 | ticks [5.875 4.875 4.812 4.875 4.750 4.938 4.938 4.844] | Δticks -1.031 | ETA 34.7h
step  90570 | loss 8.0711 | lr 1.75e-04 | grad 1.30 | 1.1k tok/s (avg 0.9k) | cert 0.57→0.67 | ticks [4.469 3.844 3.891 3.891 3.594 3.922 3.891 3.797] | Δticks -0.672 | ETA 34.7h
step  90580 | loss 7.8197 | lr 1.75e-04 | grad 1.41 | 0.8k tok/s (avg 0.9k) | cert 0.37→0.64 | ticks [4.844 4.094 4.000 3.828 3.766 4.219 4.031 3.906] | Δticks -0.938 | ETA 34.7h
step  90590 | loss 7.0063 | lr 1.75e-04 | grad 1.41 | 1.1k tok/s (avg 0.9k) | cert 0.18→0.57 | ticks [5.938 4.375 4.250 4.250 4.438 4.750 4.344 4.188] | Δticks -1.750 | ETA 34.7h
step  90600 | loss 8.5563 | lr 1.75e-04 | grad 1.34 | 0.8k tok/s (avg 0.9k) | cert 0.35→0.51 | ticks [5.312 4.375 4.250 4.406 4.625 4.656 4.531 4.531] | Δticks -0.781 | ETA 34.7h
step  90610 | loss 7.5743 | lr 1.75e-04 | grad 1.46 | 0.8k tok/s (avg 0.9k) | cert 0.41→0.55 | ticks [5.594 4.969 4.875 5.031 4.906 5.250 4.875 4.938] | Δticks -0.656 | ETA 34.7h
step  90620 | loss 6.8520 | lr 1.75e-04 | grad 1.46 | 1.1k tok/s (avg 0.9k) | cert 0.33→0.66 | ticks [5.250 4.312 4.312 4.188 4.281 4.719 4.375 4.094] | Δticks -1.156 | ETA 34.7h
step  90630 | loss 10.5071 | lr 1.75e-04 | grad 1.59 | 0.8k tok/s (avg 0.9k) | cert 0.64→0.69 | ticks [4.844 4.250 4.188 4.344 3.875 4.312 4.312 4.000] | Δticks -0.844 | ETA 34.7h
step  90640 | loss 6.6042 | lr 1.75e-04 | grad 1.70 | 0.8k tok/s (avg 0.9k) | cert 0.40→0.59 | ticks [4.938 3.672 3.609 3.641 3.578 3.719 3.594 3.656] | Δticks -1.281 | ETA 34.7h
step  90650 | loss 8.7314 | lr 1.75e-04 | grad 1.70 | 1.1k tok/s (avg 0.9k) | cert 0.28→0.50 | ticks [7.156 6.562 6.312 6.375 6.281 6.656 6.312 6.312] | Δticks -0.844 | ETA 34.7h
step  90660 | loss 9.0760 | lr 1.74e-04 | grad 1.86 | 0.8k tok/s (avg 0.9k) | cert 0.53→0.70 | ticks [4.438 3.781 3.812 3.734 3.609 4.094 3.922 3.547] | Δticks -0.891 | ETA 34.7h
step  90670 | loss 6.8374 | lr 1.74e-04 | grad 1.86 | 1.1k tok/s (avg 0.9k) | cert 0.26→0.47 | ticks [5.719 4.688 4.406 4.500 4.594 4.781 4.531 4.656] | Δticks -1.062 | ETA 34.7h
step  90680 | loss 7.2031 | lr 1.74e-04 | grad 1.75 | 0.8k tok/s (avg 0.9k) | cert 0.52→0.69 | ticks [4.406 4.125 3.688 3.719 3.625 4.031 3.875 3.750] | Δticks -0.656 | ETA 34.7h
step  90690 | loss 7.0005 | lr 1.74e-04 | grad 1.37 | 0.8k tok/s (avg 0.9k) | cert 0.45→0.68 | ticks [4.688 4.219 3.922 4.031 3.891 4.438 4.250 3.969] | Δticks -0.719 | ETA 34.7h
step  90700 | loss 9.9268 | lr 1.74e-04 | grad 1.37 | 1.1k tok/s (avg 0.9k) | cert 0.71→0.72 | ticks [4.062 3.562 3.703 3.703 3.391 4.156 3.953 3.672] | Δticks -0.391 | ETA 34.7h
step  90710 | loss 9.3269 | lr 1.74e-04 | grad 1.51 | 0.8k tok/s (avg 0.9k) | cert 0.47→0.66 | ticks [4.969 4.438 4.156 4.156 3.922 4.688 4.500 4.188] | Δticks -0.781 | ETA 34.7h
step  90720 | loss 7.6646 | lr 1.74e-04 | grad 1.60 | 0.8k tok/s (avg 0.9k) | cert 0.46→0.59 | ticks [4.875 4.219 4.219 4.281 4.156 4.531 4.094 4.031] | Δticks -0.844 | ETA 34.7h
step  90730 | loss 6.7873 | lr 1.74e-04 | grad 1.60 | 1.1k tok/s (avg 0.9k) | cert 0.39→0.62 | ticks [5.281 4.719 4.312 4.406 4.250 4.844 4.562 4.406] | Δticks -0.875 | ETA 34.7h
step  90740 | loss 6.8016 | lr 1.74e-04 | grad 1.55 | 0.8k tok/s (avg 0.9k) | cert 0.39→0.60 | ticks [5.125 4.156 4.125 4.344 4.094 4.594 4.344 4.156] | Δticks -0.969 | ETA 34.7h
step  90750 | loss 7.1451 | lr 1.74e-04 | grad 1.55 | 1.1k tok/s (avg 0.9k) | cert 0.33→0.63 | ticks [5.531 4.625 4.438 4.375 4.250 4.781 4.656 4.375] | Δticks -1.156 | ETA 34.7h
step  90760 | loss 7.6914 | lr 1.74e-04 | grad 1.46 | 0.8k tok/s (avg 0.9k) | cert 0.31→0.59 | ticks [5.594 4.688 4.531 4.438 4.312 4.906 4.594 4.562] | Δticks -1.031 | ETA 34.7h
step  90770 | loss 9.5089 | lr 1.74e-04 | grad 1.64 | 0.8k tok/s (avg 0.9k) | cert 0.11→0.38 | ticks [8.875 7.531 7.406 7.375 7.438 7.719 7.594 7.594] | Δticks -1.281 | ETA 34.7h
step  90780 | loss 8.5920 | lr 1.74e-04 | grad 1.64 | 1.1k tok/s (avg 0.9k) | cert 0.30→0.60 | ticks [6.312 5.469 5.406 5.594 5.156 5.594 5.594 5.375] | Δticks -0.938 | ETA 34.7h
step  90790 | loss 10.6349 | lr 1.74e-04 | grad 1.58 | 0.8k tok/s (avg 0.9k) | cert 0.61→0.70 | ticks [4.781 4.188 4.156 4.375 3.922 4.438 4.281 4.156] | Δticks -0.625 | ETA 34.7h
step  90800 | loss 10.3978 | lr 1.74e-04 | grad 1.62 | 0.8k tok/s (avg 0.9k) | cert 0.28→0.44 | ticks [6.406 5.750 5.750 5.812 5.906 6.000 5.938 5.812] | Δticks -0.594 | ETA 34.7h
step  90810 | loss 7.2677 | lr 1.74e-04 | grad 1.62 | 1.1k tok/s (avg 0.9k) | cert 0.33→0.64 | ticks [5.531 4.438 4.281 4.281 4.312 4.625 4.375 4.188] | Δticks -1.344 | ETA 34.7h
step  90820 | loss 10.5731 | lr 1.74e-04 | grad 1.55 | 0.8k tok/s (avg 0.9k) | cert 0.48→0.62 | ticks [5.219 4.500 4.438 4.625 4.469 4.875 4.719 4.344] | Δticks -0.875 | ETA 34.7h
step  90830 | loss 7.6173 | lr 1.74e-04 | grad 1.55 | 1.1k tok/s (avg 0.9k) | cert 0.30→0.59 | ticks [5.594 4.656 4.688 4.531 4.594 4.844 4.781 4.500] | Δticks -1.094 | ETA 34.6h
step  90840 | loss 7.5741 | lr 1.74e-04 | grad 1.41 | 0.8k tok/s (avg 0.9k) | cert 0.38→0.61 | ticks [5.438 4.469 4.375 4.281 4.375 4.562 4.438 4.250] | Δticks -1.188 | ETA 34.6h
step  90850 | loss 7.6746 | lr 1.74e-04 | grad 1.44 | 0.8k tok/s (avg 0.9k) | cert 0.48→0.64 | ticks [4.625 3.891 3.859 4.000 4.062 4.312 4.156 3.984] | Δticks -0.641 | ETA 34.6h
step  90860 | loss 7.9925 | lr 1.74e-04 | grad 1.44 | 1.1k tok/s (avg 0.9k) | cert 0.50→0.70 | ticks [4.625 4.031 3.875 3.906 3.719 4.188 4.062 3.844] | Δticks -0.781 | ETA 34.6h
step  90870 | loss 8.8153 | lr 1.74e-04 | grad 1.66 | 0.8k tok/s (avg 0.9k) | cert 0.56→0.67 | ticks [4.438 3.531 3.781 3.703 3.547 4.062 3.828 3.609] | Δticks -0.828 | ETA 34.6h
step  90880 | loss 7.5185 | lr 1.74e-04 | grad 1.40 | 0.8k tok/s (avg 0.9k) | cert 0.39→0.51 | ticks [4.938 4.125 3.891 3.984 4.125 4.219 4.156 4.344] | Δticks -0.594 | ETA 34.6h
step  90890 | loss 9.5392 | lr 1.74e-04 | grad 1.40 | 1.1k tok/s (avg 0.9k) | cert 0.43→0.62 | ticks [5.344 4.562 4.438 4.531 4.438 4.844 4.781 4.531] | Δticks -0.812 | ETA 34.6h
step  90900 | loss 9.4217 | lr 1.74e-04 | grad 1.44 | 0.8k tok/s (avg 0.9k) | cert 0.47→0.57 | ticks [5.469 4.812 4.656 4.812 4.812 5.094 4.906 4.656] | Δticks -0.812 | ETA 34.6h
step  90910 | loss 5.4391 | lr 1.74e-04 | grad 1.44 | 1.1k tok/s (avg 0.9k) | cert 0.29→0.62 | ticks [5.406 3.969 3.719 3.750 3.797 3.984 3.844 3.719] | Δticks -1.688 | ETA 34.6h
step  90920 | loss 9.0852 | lr 1.74e-04 | grad 1.41 | 0.8k tok/s (avg 0.9k) | cert 0.59→0.64 | ticks [4.406 4.125 4.000 4.000 3.891 4.188 3.953 3.984] | Δticks -0.422 | ETA 34.6h
step  90930 | loss 6.2447 | lr 1.74e-04 | grad 1.30 | 0.8k tok/s (avg 0.9k) | cert 0.48→0.65 | ticks [4.719 4.281 3.750 3.781 3.734 4.281 4.125 3.906] | Δticks -0.812 | ETA 34.6h
step  90940 | loss 7.7205 | lr 1.74e-04 | grad 1.30 | 1.1k tok/s (avg 0.9k) | cert 0.41→0.53 | ticks [5.812 5.281 5.031 5.062 5.031 5.219 5.094 5.219] | Δticks -0.594 | ETA 34.6h
step  90950 | loss 8.7638 | lr 1.74e-04 | grad 1.66 | 0.8k tok/s (avg 0.9k) | cert 0.44→0.62 | ticks [5.000 4.062 4.125 4.281 4.062 4.406 4.188 4.156] | Δticks -0.844 | ETA 34.6h
step  90960 | loss 7.8431 | lr 1.74e-04 | grad 1.58 | 0.8k tok/s (avg 0.9k) | cert 0.34→0.49 | ticks [5.719 4.875 4.781 4.906 4.938 5.062 5.000 5.156] | Δticks -0.562 | ETA 34.6h
step  90970 | loss 8.8108 | lr 1.74e-04 | grad 1.58 | 1.1k tok/s (avg 0.9k) | cert 0.40→0.66 | ticks [4.531 3.891 3.641 3.719 3.812 4.219 4.125 3.750] | Δticks -0.781 | ETA 34.6h
step  90980 | loss 9.8767 | lr 1.74e-04 | grad 1.60 | 0.8k tok/s (avg 0.9k) | cert 0.52→0.67 | ticks [4.188 3.766 3.516 3.766 3.750 3.984 4.031 3.609] | Δticks -0.578 | ETA 34.6h
step  90990 | loss 6.8922 | lr 1.74e-04 | grad 1.60 | 1.1k tok/s (avg 0.9k) | cert 0.52→0.70 | ticks [4.219 3.891 3.641 3.625 3.391 3.703 3.781 3.625] | Δticks -0.594 | ETA 34.6h
step  91000 | loss 7.5000 | lr 1.74e-04 | grad 1.45 | 0.8k tok/s (avg 0.9k) | cert 0.29→0.55 | ticks [5.719 4.594 4.406 4.438 4.406 4.562 4.469 4.469] | Δticks -1.250 | ETA 34.6h
step  91010 | loss 7.9873 | lr 1.74e-04 | grad 1.45 | 0.8k tok/s (avg 0.9k) | cert 0.39→0.66 | ticks [5.125 4.344 4.281 4.188 4.250 4.594 4.531 4.250] | Δticks -0.875 | ETA 34.6h
step  91020 | loss 8.7098 | lr 1.74e-04 | grad 1.45 | 1.1k tok/s (avg 0.9k) | cert 0.49→0.61 | ticks [5.250 4.938 4.844 4.969 4.750 5.031 5.031 4.812] | Δticks -0.438 | ETA 34.6h
step  91030 | loss 6.9370 | lr 1.74e-04 | grad 1.57 | 0.8k tok/s (avg 0.9k) | cert 0.38→0.62 | ticks [4.844 4.094 3.984 3.828 3.781 4.281 4.125 3.844] | Δticks -1.000 | ETA 34.6h
step  91040 | loss 9.3736 | lr 1.74e-04 | grad 1.43 | 0.8k tok/s (avg 0.9k) | cert 0.26→0.50 | ticks [6.188 5.156 5.156 5.219 5.344 5.500 5.375 5.250] | Δticks -0.938 | ETA 34.6h
step  91050 | loss 9.1947 | lr 1.74e-04 | grad 1.43 | 1.1k tok/s (avg 0.9k) | cert 0.49→0.64 | ticks [4.812 4.125 4.156 4.094 4.094 4.375 4.344 4.125] | Δticks -0.688 | ETA 34.6h
step  91060 | loss 7.6836 | lr 1.74e-04 | grad 1.52 | 0.8k tok/s (avg 0.9k) | cert 0.51→0.70 | ticks [4.406 3.969 3.875 3.750 3.672 4.094 4.094 3.719] | Δticks -0.688 | ETA 34.6h
step  91070 | loss 7.3715 | lr 1.74e-04 | grad 1.52 | 1.1k tok/s (avg 0.9k) | cert 0.24→0.49 | ticks [6.406 5.594 5.312 5.281 5.406 5.719 5.344 5.438] | Δticks -0.969 | ETA 34.6h
step  91080 | loss 8.5982 | lr 1.74e-04 | grad 1.34 | 0.8k tok/s (avg 0.9k) | cert 0.17→0.31 | ticks [7.031 6.625 6.719 6.562 6.750 7.000 6.812 6.906] | Δticks -0.125 | ETA 34.6h
step  91090 | loss 8.2044 | lr 1.73e-04 | grad 1.35 | 0.8k tok/s (avg 0.9k) | cert 0.29→0.48 | ticks [5.906 4.812 4.938 5.094 5.125 5.344 5.094 5.031] | Δticks -0.875 | ETA 34.6h
step  91100 | loss 7.4550 | lr 1.73e-04 | grad 1.35 | 1.1k tok/s (avg 0.9k) | cert 0.36→0.66 | ticks [4.625 3.859 3.625 3.578 3.500 3.953 3.906 3.562] | Δticks -1.062 | ETA 34.6h
step  91110 | loss 7.5055 | lr 1.73e-04 | grad 1.42 | 0.8k tok/s (avg 0.9k) | cert 0.32→0.66 | ticks [5.188 4.062 4.000 3.922 3.953 4.344 4.125 3.844] | Δticks -1.344 | ETA 34.6h
step  91120 | loss 8.6310 | lr 1.73e-04 | grad 1.35 | 0.8k tok/s (avg 0.9k) | cert 0.30→0.46 | ticks [5.781 4.938 5.000 5.094 5.156 5.250 5.125 5.188] | Δticks -0.594 | ETA 34.6h
step  91130 | loss 7.6949 | lr 1.73e-04 | grad 1.35 | 1.1k tok/s (avg 0.9k) | cert 0.35→0.64 | ticks [4.625 3.844 3.656 3.719 3.781 4.094 4.031 3.641] | Δticks -0.984 | ETA 34.6h
step  91140 | loss 8.0590 | lr 1.73e-04 | grad 1.52 | 0.8k tok/s (avg 0.9k) | cert 0.24→0.40 | ticks [6.781 6.062 6.062 5.688 6.000 6.312 6.250 6.312] | Δticks -0.469 | ETA 34.5h
step  91150 | loss 7.9779 | lr 1.73e-04 | grad 1.52 | 1.1k tok/s (avg 0.9k) | cert 0.51→0.70 | ticks [4.406 3.891 3.828 3.719 3.438 3.969 3.875 3.625] | Δticks -0.781 | ETA 34.5h
step  91160 | loss 7.0635 | lr 1.73e-04 | grad 1.41 | 0.8k tok/s (avg 0.9k) | cert 0.36→0.64 | ticks [4.750 3.844 3.766 3.625 3.562 4.000 3.875 3.688] | Δticks -1.062 | ETA 34.5h
step  91170 | loss 8.6670 | lr 1.73e-04 | grad 1.43 | 0.8k tok/s (avg 0.9k) | cert 0.34→0.54 | ticks [6.125 5.469 5.188 5.219 5.250 5.594 5.219 5.219] | Δticks -0.906 | ETA 34.5h
step  91180 | loss 8.8465 | lr 1.73e-04 | grad 1.43 | 1.1k tok/s (avg 0.9k) | cert 0.59→0.63 | ticks [4.219 3.562 3.609 3.922 3.891 3.938 3.906 3.812] | Δticks -0.406 | ETA 34.5h
step  91190 | loss 7.4458 | lr 1.73e-04 | grad 1.33 | 0.8k tok/s (avg 0.9k) | cert 0.52→0.71 | ticks [4.312 3.734 3.656 3.734 3.609 3.984 3.797 3.641] | Δticks -0.672 | ETA 34.5h
step  91200 | loss 7.8666 | lr 1.73e-04 | grad 1.36 | 0.8k tok/s (avg 0.9k) | cert 0.49→0.64 | ticks [4.969 4.125 4.250 4.219 4.219 4.375 4.375 4.281] | Δticks -0.688 | ETA 34.5h
step  91210 | loss 8.3439 | lr 1.73e-04 | grad 1.36 | 1.1k tok/s (avg 0.9k) | cert 0.47→0.55 | ticks [5.438 4.719 4.625 4.719 4.625 5.000 4.844 4.875] | Δticks -0.562 | ETA 34.5h
step  91220 | loss 8.7881 | lr 1.73e-04 | grad 1.42 | 0.8k tok/s (avg 0.9k) | cert 0.38→0.38 | ticks [6.438 6.031 5.938 6.094 6.031 6.188 6.062 6.156] | Δticks -0.281 | ETA 34.5h
step  91230 | loss 7.0383 | lr 1.73e-04 | grad 1.42 | 1.1k tok/s (avg 0.9k) | cert 0.34→0.52 | ticks [5.188 4.281 4.219 4.406 4.594 4.625 4.469 4.469] | Δticks -0.719 | ETA 34.5h
step  91240 | loss 9.4350 | lr 1.73e-04 | grad 1.40 | 0.8k tok/s (avg 0.9k) | cert 0.44→0.54 | ticks [5.000 4.438 4.375 4.406 4.250 4.750 4.406 4.500] | Δticks -0.500 | ETA 34.5h
step  91250 | loss 7.7129 | lr 1.73e-04 | grad 1.40 | 0.8k tok/s (avg 0.9k) | cert 0.49→0.67 | ticks [4.750 4.094 4.062 4.094 3.844 4.281 4.250 4.031] | Δticks -0.719 | ETA 34.5h
step  91260 | loss 6.8513 | lr 1.73e-04 | grad 1.40 | 1.1k tok/s (avg 0.9k) | cert 0.43→0.62 | ticks [5.188 4.281 4.188 4.188 4.156 4.594 4.344 4.281] | Δticks -0.906 | ETA 34.5h
step  91270 | loss 8.8447 | lr 1.73e-04 | grad 1.39 | 0.8k tok/s (avg 0.9k) | cert 0.17→0.40 | ticks [8.125 6.938 6.906 6.844 6.750 7.094 6.969 7.062] | Δticks -1.062 | ETA 34.5h
step  91280 | loss 7.2676 | lr 1.73e-04 | grad 1.38 | 0.8k tok/s (avg 0.9k) | cert 0.36→0.63 | ticks [4.625 3.953 4.000 3.875 3.703 4.125 4.125 3.766] | Δticks -0.859 | ETA 34.5h
step  91290 | loss 8.8897 | lr 1.73e-04 | grad 1.38 | 1.1k tok/s (avg 0.9k) | cert 0.54→0.71 | ticks [4.156 3.688 3.688 3.719 3.672 4.156 3.953 3.547] | Δticks -0.609 | ETA 34.5h
step  91300 | loss 6.3574 | lr 1.73e-04 | grad 1.63 | 0.8k tok/s (avg 0.9k) | cert 0.31→0.57 | ticks [5.906 4.906 4.531 4.469 4.562 4.906 4.688 4.531] | Δticks -1.375 | ETA 34.5h
step  91310 | loss 7.2508 | lr 1.73e-04 | grad 1.63 | 1.1k tok/s (avg 0.9k) | cert 0.40→0.63 | ticks [4.656 3.875 3.688 3.672 3.719 4.031 3.922 3.750] | Δticks -0.906 | ETA 34.5h
step  91320 | loss 6.8082 | lr 1.73e-04 | grad 1.71 | 0.8k tok/s (avg 0.9k) | cert 0.41→0.62 | ticks [4.906 3.984 3.938 3.969 3.922 4.312 4.031 4.000] | Δticks -0.906 | ETA 34.5h
step  91330 | loss 7.7828 | lr 1.73e-04 | grad 1.51 | 0.8k tok/s (avg 0.9k) | cert 0.34→0.51 | ticks [6.094 5.219 4.969 5.094 5.062 5.281 5.156 5.125] | Δticks -0.969 | ETA 34.5h
step  91340 | loss 8.3372 | lr 1.73e-04 | grad 1.51 | 1.1k tok/s (avg 0.9k) | cert 0.39→0.63 | ticks [5.031 4.156 4.000 3.953 3.828 4.375 4.094 3.969] | Δticks -1.062 | ETA 34.5h
step  91350 | loss 7.7138 | lr 1.73e-04 | grad 1.38 | 0.8k tok/s (avg 0.9k) | cert 0.50→0.65 | ticks [4.656 3.656 3.562 3.750 3.641 3.984 3.750 3.688] | Δticks -0.969 | ETA 34.5h
step  91360 | loss 7.5217 | lr 1.73e-04 | grad 1.40 | 0.8k tok/s (avg 0.9k) | cert 0.38→0.63 | ticks [5.344 4.375 4.125 4.094 4.094 4.531 4.281 4.219] | Δticks -1.125 | ETA 34.5h
step  91370 | loss 8.0578 | lr 1.73e-04 | grad 1.40 | 1.1k tok/s (avg 0.9k) | cert 0.42→0.62 | ticks [5.906 5.062 4.906 5.062 4.625 4.969 4.812 4.844] | Δticks -1.062 | ETA 34.5h
step  91380 | loss 7.4469 | lr 1.73e-04 | grad 1.55 | 0.8k tok/s (avg 0.9k) | cert 0.41→0.57 | ticks [5.188 4.656 4.469 4.594 4.406 4.719 4.438 4.438] | Δticks -0.750 | ETA 34.5h
step  91390 | loss 9.2427 | lr 1.73e-04 | grad 1.55 | 1.1k tok/s (avg 0.9k) | cert 0.33→0.58 | ticks [5.062 4.344 4.281 4.406 4.312 4.781 4.469 4.438] | Δticks -0.625 | ETA 34.5h
step  91400 | loss 6.9302 | lr 1.73e-04 | grad 1.70 | 0.8k tok/s (avg 0.9k) | cert 0.36→0.68 | ticks [4.875 3.938 3.828 3.922 3.938 4.281 4.188 3.703] | Δticks -1.172 | ETA 34.5h
step  91410 | loss 6.7308 | lr 1.73e-04 | grad 1.29 | 0.8k tok/s (avg 0.9k) | cert 0.48→0.64 | ticks [5.156 4.656 4.250 4.281 4.094 4.594 4.469 4.312] | Δticks -0.844 | ETA 34.5h
step  91420 | loss 6.3168 | lr 1.73e-04 | grad 1.29 | 1.1k tok/s (avg 0.9k) | cert 0.32→0.59 | ticks [5.438 4.406 3.984 3.938 4.000 4.281 4.156 4.094] | Δticks -1.344 | ETA 34.5h
step  91430 | loss 6.7441 | lr 1.73e-04 | grad 1.52 | 0.8k tok/s (avg 0.9k) | cert 0.33→0.62 | ticks [5.469 4.594 4.562 4.469 4.438 4.781 4.719 4.438] | Δticks -1.031 | ETA 34.5h
step  91440 | loss 7.5901 | lr 1.73e-04 | grad 1.64 | 0.8k tok/s (avg 0.9k) | cert 0.21→0.49 | ticks [6.938 6.000 5.688 5.750 5.750 6.062 5.781 5.875] | Δticks -1.062 | ETA 34.5h
step  91450 | loss 6.9684 | lr 1.73e-04 | grad 1.64 | 1.1k tok/s (avg 0.9k) | cert 0.38→0.56 | ticks [5.562 5.031 4.781 4.844 4.625 4.812 4.719 4.781] | Δticks -0.781 | ETA 34.4h
step  91460 | loss 7.1694 | lr 1.73e-04 | grad 1.38 | 0.8k tok/s (avg 0.9k) | cert 0.33→0.54 | ticks [5.688 4.844 4.594 4.625 4.656 4.781 4.719 4.625] | Δticks -1.062 | ETA 34.4h
step  91470 | loss 9.8718 | lr 1.73e-04 | grad 1.38 | 1.1k tok/s (avg 0.9k) | cert 0.38→0.42 | ticks [5.719 5.219 5.312 5.312 5.312 5.406 5.312 5.438] | Δticks -0.281 | ETA 34.4h
step  91480 | loss 7.5469 | lr 1.73e-04 | grad 1.34 | 0.8k tok/s (avg 0.9k) | cert 0.40→0.54 | ticks [5.219 4.594 4.438 4.500 4.469 4.719 4.500 4.469] | Δticks -0.750 | ETA 34.4h
step  91490 | loss 10.9383 | lr 1.73e-04 | grad 1.41 | 0.8k tok/s (avg 0.9k) | cert 0.68→0.67 | ticks [4.062 3.500 3.719 3.781 3.688 3.984 3.875 3.609] | Δticks -0.453 | ETA 34.4h
step  91500 | loss 7.0033 | lr 1.73e-04 | grad 1.41 | 1.1k tok/s (avg 0.9k) | cert 0.29→0.58 | ticks [5.500 4.000 4.156 4.281 4.344 4.656 4.344 4.250] | Δticks -1.250 | ETA 34.4h
step  91510 | loss 6.8217 | lr 1.73e-04 | grad 1.65 | 0.8k tok/s (avg 0.9k) | cert 0.59→0.68 | ticks [4.125 3.906 3.891 3.953 3.375 3.766 3.719 3.781] | Δticks -0.344 | ETA 34.4h
step  91520 | loss 9.0173 | lr 1.72e-04 | grad 1.41 | 0.8k tok/s (avg 0.9k) | cert 0.56→0.73 | ticks [4.156 3.438 3.438 3.469 3.359 3.688 3.766 3.375] | Δticks -0.781 | ETA 34.4h
step  91530 | loss 7.8104 | lr 1.72e-04 | grad 1.41 | 1.1k tok/s (avg 0.9k) | cert 0.30→0.49 | ticks [6.062 5.000 4.938 5.062 5.031 5.344 5.031 5.188] | Δticks -0.875 | ETA 34.4h
step  91540 | loss 12.0646 | lr 1.72e-04 | grad 1.51 | 0.8k tok/s (avg 0.9k) | cert 0.62→0.64 | ticks [4.281 3.969 4.094 4.031 3.859 4.156 3.891 3.875] | Δticks -0.406 | ETA 34.4h
step  91550 | loss 9.6795 | lr 1.72e-04 | grad 1.51 | 1.1k tok/s (avg 0.9k) | cert 0.55→0.61 | ticks [4.375 3.844 3.797 3.844 3.906 4.219 4.031 4.094] | Δticks -0.281 | ETA 34.4h
step  91560 | loss 7.7993 | lr 1.72e-04 | grad 1.51 | 0.8k tok/s (avg 0.9k) | cert 0.24→0.55 | ticks [6.844 5.750 5.625 5.688 5.719 6.094 5.812 5.688] | Δticks -1.156 | ETA 34.4h
step  91570 | loss 10.1652 | lr 1.72e-04 | grad 1.43 | 0.8k tok/s (avg 0.9k) | cert 0.67→0.73 | ticks [3.609 3.234 3.281 3.328 3.000 3.609 3.234 3.234] | Δticks -0.375 | ETA 34.4h
step  91580 | loss 9.3398 | lr 1.72e-04 | grad 1.43 | 1.1k tok/s (avg 0.9k) | cert 0.55→0.64 | ticks [4.250 4.219 4.000 4.000 3.719 4.094 3.922 3.953] | Δticks -0.297 | ETA 34.4h
step  91590 | loss 12.6456 | lr 1.72e-04 | grad 1.54 | 0.8k tok/s (avg 0.9k) | cert 0.42→0.45 | ticks [5.312 5.062 4.875 4.844 4.938 5.125 4.969 5.156] | Δticks -0.156 | ETA 34.4h
step  91600 | loss 9.9154 | lr 1.72e-04 | grad 1.46 | 0.8k tok/s (avg 0.9k) | cert 0.72→0.69 | ticks [3.641 3.203 3.391 3.656 3.328 3.672 3.625 3.609] | Δticks -0.031 | ETA 34.4h
step  91610 | loss 7.7849 | lr 1.72e-04 | grad 1.46 | 1.1k tok/s (avg 0.9k) | cert 0.32→0.51 | ticks [6.156 5.625 5.188 5.250 5.250 5.531 5.250 5.344] | Δticks -0.812 | ETA 34.4h
step  91620 | loss 8.0642 | lr 1.72e-04 | grad 1.71 | 0.8k tok/s (avg 0.9k) | cert 0.39→0.52 | ticks [5.438 4.562 4.562 4.688 4.656 4.844 4.781 4.781] | Δticks -0.656 | ETA 34.4h
step  91630 | loss 7.1114 | lr 1.72e-04 | grad 1.71 | 1.1k tok/s (avg 0.9k) | cert 0.33→0.57 | ticks [5.094 3.812 3.844 4.031 3.906 3.938 3.969 3.859] | Δticks -1.234 | ETA 34.4h
step  91640 | loss 7.4937 | lr 1.72e-04 | grad 1.41 | 0.8k tok/s (avg 0.9k) | cert 0.49→0.68 | ticks [4.594 3.859 4.000 4.125 3.766 4.281 4.062 3.781] | Δticks -0.812 | ETA 34.4h
step  91650 | loss 7.5818 | lr 1.72e-04 | grad 1.72 | 0.8k tok/s (avg 0.9k) | cert 0.33→0.56 | ticks [5.938 5.188 5.000 5.188 4.906 5.344 5.062 5.062] | Δticks -0.875 | ETA 34.4h
step  91660 | loss 12.0309 | lr 1.72e-04 | grad 1.72 | 1.1k tok/s (avg 0.9k) | cert 0.72→0.78 | ticks [4.125 3.641 3.656 3.875 3.453 3.812 3.812 3.578] | Δticks -0.547 | ETA 34.4h
step  91670 | loss 6.4226 | lr 1.72e-04 | grad 1.57 | 0.8k tok/s (avg 0.9k) | cert 0.39→0.67 | ticks [4.969 4.219 4.062 3.984 3.812 4.406 4.312 4.000] | Δticks -0.969 | ETA 34.4h
step  91680 | loss 8.5384 | lr 1.72e-04 | grad 1.48 | 0.8k tok/s (avg 0.9k) | cert 0.31→0.48 | ticks [5.875 4.969 4.875 5.094 5.156 5.281 5.219 5.156] | Δticks -0.719 | ETA 34.4h
step  91690 | loss 11.9156 | lr 1.72e-04 | grad 1.48 | 1.1k tok/s (avg 0.9k) | cert 0.64→0.71 | ticks [4.281 4.188 4.000 4.250 3.641 3.906 4.125 3.969] | Δticks -0.312 | ETA 34.4h
step  91700 | loss 9.1756 | lr 1.72e-04 | grad 1.59 | 0.8k tok/s (avg 0.9k) | cert 0.46→0.65 | ticks [4.875 4.281 4.312 4.156 3.984 4.469 4.375 4.000] | Δticks -0.875 | ETA 34.4h
step  91710 | loss 8.3304 | lr 1.72e-04 | grad 1.59 | 1.1k tok/s (avg 0.9k) | cert 0.50→0.62 | ticks [5.000 4.469 4.562 4.562 4.219 4.531 4.531 4.438] | Δticks -0.562 | ETA 34.4h
step  91720 | loss 8.0331 | lr 1.72e-04 | grad 1.44 | 0.8k tok/s (avg 0.9k) | cert 0.22→0.50 | ticks [7.438 6.281 6.219 6.281 6.281 6.688 6.406 6.344] | Δticks -1.094 | ETA 34.4h
step  91730 | loss 6.8034 | lr 1.72e-04 | grad 1.31 | 0.8k tok/s (avg 0.9k) | cert 0.42→0.67 | ticks [4.875 3.953 3.969 3.922 4.031 4.219 4.094 3.859] | Δticks -1.016 | ETA 34.4h
step  91740 | loss 8.0044 | lr 1.72e-04 | grad 1.31 | 1.1k tok/s (avg 0.9k) | cert 0.46→0.62 | ticks [4.906 4.188 4.188 4.156 4.219 4.312 4.281 4.125] | Δticks -0.781 | ETA 34.4h
step  91750 | loss 8.1692 | lr 1.72e-04 | grad 1.44 | 0.8k tok/s (avg 0.9k) | cert 0.37→0.60 | ticks [5.656 4.594 4.594 4.750 4.375 4.812 4.750 4.531] | Δticks -1.125 | ETA 34.4h
step  91760 | loss 7.3449 | lr 1.72e-04 | grad 1.34 | 0.8k tok/s (avg 0.9k) | cert 0.33→0.61 | ticks [5.375 4.562 4.438 4.406 4.281 4.812 4.594 4.344] | Δticks -1.031 | ETA 34.4h
step  91770 | loss 7.8736 | lr 1.72e-04 | grad 1.34 | 1.1k tok/s (avg 0.9k) | cert 0.30→0.45 | ticks [6.938 6.000 6.000 6.062 5.688 6.031 5.688 6.000] | Δticks -0.938 | ETA 34.3h
step  91780 | loss 6.8534 | lr 1.72e-04 | grad 1.45 | 0.8k tok/s (avg 0.9k) | cert 0.36→0.63 | ticks [5.562 4.375 4.281 4.344 4.219 4.750 4.438 4.250] | Δticks -1.312 | ETA 34.3h
step  91790 | loss 10.2819 | lr 1.72e-04 | grad 1.45 | 1.1k tok/s (avg 0.9k) | cert 0.40→0.51 | ticks [5.406 4.531 4.438 4.562 4.562 4.812 4.719 4.719] | Δticks -0.688 | ETA 34.3h
step  91800 | loss 11.2261 | lr 1.72e-04 | grad 1.60 | 0.8k tok/s (avg 0.9k) | cert 0.43→0.55 | ticks [5.094 4.312 4.250 4.344 4.312 4.500 4.375 4.500] | Δticks -0.594 | ETA 34.3h
step  91810 | loss 5.1054 | lr 1.72e-04 | grad 1.70 | 0.8k tok/s (avg 0.9k) | cert 0.35→0.59 | ticks [4.375 3.062 2.938 2.984 3.062 3.109 3.062 3.062] | Δticks -1.312 | ETA 34.3h
step  91820 | loss 7.4848 | lr 1.72e-04 | grad 1.70 | 1.1k tok/s (avg 0.9k) | cert 0.37→0.52 | ticks [5.781 5.531 5.219 5.219 5.281 5.656 5.344 5.312] | Δticks -0.469 | ETA 34.3h
step  91830 | loss 8.7196 | lr 1.72e-04 | grad 1.31 | 0.8k tok/s (avg 0.9k) | cert 0.47→0.62 | ticks [4.938 4.344 4.250 4.188 4.188 4.781 4.375 4.406] | Δticks -0.531 | ETA 34.3h
step  91840 | loss 7.2621 | lr 1.72e-04 | grad 1.47 | 0.8k tok/s (avg 0.9k) | cert 0.36→0.54 | ticks [5.688 5.312 5.062 5.188 5.094 5.375 5.094 5.062] | Δticks -0.625 | ETA 34.3h
step  91850 | loss 7.2716 | lr 1.72e-04 | grad 1.47 | 1.1k tok/s (avg 0.9k) | cert 0.32→0.52 | ticks [5.938 5.375 5.062 5.219 5.125 5.406 5.125 5.219] | Δticks -0.719 | ETA 34.3h
step  91860 | loss 6.4434 | lr 1.72e-04 | grad 1.42 | 0.8k tok/s (avg 0.9k) | cert 0.39→0.59 | ticks [5.000 4.094 4.062 3.938 4.031 4.469 4.219 4.156] | Δticks -0.844 | ETA 34.3h
step  91870 | loss 6.1090 | lr 1.72e-04 | grad 1.42 | 1.1k tok/s (avg 0.9k) | cert 0.40→0.63 | ticks [5.250 4.500 4.156 4.062 4.031 4.562 4.375 4.125] | Δticks -1.125 | ETA 34.3h
step  91880 | loss 8.8853 | lr 1.72e-04 | grad 1.38 | 0.8k tok/s (avg 0.9k) | cert 0.21→0.45 | ticks [6.438 5.156 5.156 5.500 5.531 5.656 5.500 5.562] | Δticks -0.875 | ETA 34.3h
step  91890 | loss 8.0622 | lr 1.72e-04 | grad 1.30 | 0.8k tok/s (avg 0.9k) | cert 0.25→0.50 | ticks [6.250 5.281 5.062 5.062 4.969 5.281 5.219 5.219] | Δticks -1.031 | ETA 34.3h
step  91900 | loss 10.7055 | lr 1.72e-04 | grad 1.30 | 1.1k tok/s (avg 0.9k) | cert 0.73→0.75 | ticks [3.719 3.938 3.734 3.969 3.453 3.703 3.891 3.641] | Δticks -0.078 | ETA 34.3h
step  91910 | loss 7.2003 | lr 1.72e-04 | grad 1.27 | 0.8k tok/s (avg 0.9k) | cert 0.30→0.52 | ticks [6.000 5.344 5.188 5.250 5.156 5.469 5.250 5.188] | Δticks -0.812 | ETA 34.3h
step  91920 | loss 9.8823 | lr 1.72e-04 | grad 1.34 | 0.8k tok/s (avg 0.9k) | cert 0.34→0.46 | ticks [5.562 4.812 4.875 4.906 4.844 5.000 5.031 5.188] | Δticks -0.375 | ETA 34.3h
step  91930 | loss 7.8176 | lr 1.72e-04 | grad 1.34 | 1.1k tok/s (avg 0.9k) | cert 0.37→0.53 | ticks [5.531 4.750 4.531 4.656 4.594 4.781 4.500 4.594] | Δticks -0.938 | ETA 34.3h
step  91940 | loss 6.5908 | lr 1.71e-04 | grad 1.47 | 0.8k tok/s (avg 0.9k) | cert 0.41→0.65 | ticks [5.000 4.312 4.188 4.125 3.984 4.531 4.250 4.125] | Δticks -0.875 | ETA 34.3h
step  91950 | loss 6.4466 | lr 1.71e-04 | grad 1.47 | 1.1k tok/s (avg 0.9k) | cert 0.40→0.59 | ticks [5.094 4.625 4.500 4.594 4.281 4.531 4.438 4.469] | Δticks -0.625 | ETA 34.3h
step  91960 | loss 7.7553 | lr 1.71e-04 | grad 1.30 | 0.8k tok/s (avg 0.9k) | cert 0.59→0.67 | ticks [4.688 4.219 4.281 4.250 3.938 4.469 4.375 4.156] | Δticks -0.531 | ETA 34.3h
step  91970 | loss 8.3248 | lr 1.71e-04 | grad 1.34 | 0.8k tok/s (avg 0.9k) | cert 0.16→0.39 | ticks [8.312 7.219 7.094 6.938 7.000 7.281 7.031 7.125] | Δticks -1.188 | ETA 34.3h
step  91980 | loss 7.5203 | lr 1.71e-04 | grad 1.34 | 1.1k tok/s (avg 0.9k) | cert 0.26→0.54 | ticks [6.812 5.656 5.438 5.688 5.469 5.969 5.719 5.531] | Δticks -1.281 | ETA 34.3h
step  91990 | loss 8.4066 | lr 1.71e-04 | grad 1.58 | 0.8k tok/s (avg 0.9k) | cert 0.38→0.60 | ticks [5.500 4.688 4.562 4.438 4.594 5.031 4.719 4.594] | Δticks -0.906 | ETA 34.3h
step  92000 | loss 9.3604 | lr 1.71e-04 | grad 1.29 | 0.8k tok/s (avg 0.9k) | cert 0.42→0.57 | ticks [5.188 4.375 4.250 4.281 4.438 4.625 4.406 4.469] | Δticks -0.719 | ETA 34.3h
step  92010 | loss 7.1308 | lr 1.71e-04 | grad 1.29 | 1.1k tok/s (avg 0.9k) | cert 0.55→0.66 | ticks [4.062 3.797 3.703 3.641 3.531 3.844 3.781 3.625] | Δticks -0.438 | ETA 34.3h
step  92020 | loss 9.1655 | lr 1.71e-04 | grad 1.41 | 0.8k tok/s (avg 0.9k) | cert 0.52→0.60 | ticks [4.594 4.375 3.969 4.156 4.062 4.406 4.094 4.188] | Δticks -0.406 | ETA 34.3h
step  92030 | loss 9.3281 | lr 1.71e-04 | grad 1.41 | 1.1k tok/s (avg 0.9k) | cert 0.29→0.45 | ticks [6.000 4.969 4.906 4.938 5.000 5.219 4.938 5.219] | Δticks -0.781 | ETA 34.3h
step  92040 | loss 7.4949 | lr 1.71e-04 | grad 1.42 | 0.8k tok/s (avg 0.9k) | cert 0.30→0.52 | ticks [6.062 4.969 4.719 4.656 4.688 4.875 4.750 4.844] | Δticks -1.219 | ETA 34.3h
step  92050 | loss 7.9904 | lr 1.71e-04 | grad 1.29 | 0.8k tok/s (avg 0.9k) | cert 0.33→0.51 | ticks [5.656 4.906 4.719 4.688 4.750 5.094 4.812 4.812] | Δticks -0.844 | ETA 34.3h
step  92060 | loss 7.5297 | lr 1.71e-04 | grad 1.29 | 1.1k tok/s (avg 0.9k) | cert 0.31→0.50 | ticks [5.969 5.469 5.188 5.156 5.125 5.625 5.281 5.312] | Δticks -0.656 | ETA 34.3h
step  92070 | loss 9.3124 | lr 1.71e-04 | grad 1.38 | 0.8k tok/s (avg 0.9k) | cert 0.31→0.50 | ticks [6.531 5.531 5.406 5.344 5.500 5.750 5.500 5.531] | Δticks -1.000 | ETA 34.3h
step  92080 | loss 7.5592 | lr 1.71e-04 | grad 1.29 | 0.8k tok/s (avg 0.9k) | cert 0.28→0.47 | ticks [6.375 5.469 5.188 5.219 5.281 5.531 5.406 5.594] | Δticks -0.781 | ETA 34.3h
step  92090 | loss 6.7436 | lr 1.71e-04 | grad 1.29 | 1.1k tok/s (avg 0.9k) | cert 0.54→0.62 | ticks [4.312 3.875 3.906 3.844 3.594 3.891 4.031 3.875] | Δticks -0.438 | ETA 34.2h
step  92100 | loss 8.6911 | lr 1.71e-04 | grad 1.28 | 0.8k tok/s (avg 0.9k) | cert 0.32→0.45 | ticks [6.000 5.188 5.062 5.156 5.125 5.312 5.156 5.375] | Δticks -0.625 | ETA 34.2h
step  92110 | loss 7.9033 | lr 1.71e-04 | grad 1.28 | 1.1k tok/s (avg 0.9k) | cert 0.49→0.66 | ticks [5.188 4.469 4.531 4.625 4.250 4.812 4.688 4.469] | Δticks -0.719 | ETA 34.2h
step  92120 | loss 7.0385 | lr 1.71e-04 | grad 1.62 | 0.8k tok/s (avg 0.9k) | cert 0.30→0.59 | ticks [5.469 4.375 4.188 4.156 4.156 4.312 4.406 4.188] | Δticks -1.281 | ETA 34.2h
step  92130 | loss 5.7943 | lr 1.71e-04 | grad 1.47 | 0.8k tok/s (avg 0.9k) | cert 0.42→0.69 | ticks [4.062 3.469 3.094 3.062 2.906 3.297 3.297 3.062] | Δticks -1.000 | ETA 34.2h
step  92140 | loss 8.2424 | lr 1.71e-04 | grad 1.47 | 1.1k tok/s (avg 0.9k) | cert 0.38→0.60 | ticks [5.719 5.219 5.031 5.281 4.812 5.031 4.906 5.312] | Δticks -0.406 | ETA 34.2h
step  92150 | loss 7.5675 | lr 1.71e-04 | grad 1.36 | 0.8k tok/s (avg 0.9k) | cert 0.37→0.56 | ticks [5.375 4.906 4.594 4.625 4.562 4.844 4.531 4.688] | Δticks -0.688 | ETA 34.2h
step  92160 | loss 8.8715 | lr 1.71e-04 | grad 1.27 | 0.8k tok/s (avg 0.9k) | cert 0.24→0.48 | ticks [7.250 6.219 6.062 6.094 6.125 6.375 6.219 6.219] | Δticks -1.031 | ETA 34.2h
step  92170 | loss 9.0361 | lr 1.71e-04 | grad 1.27 | 1.1k tok/s (avg 0.9k) | cert 0.25→0.44 | ticks [7.281 6.750 6.406 6.469 6.438 6.656 6.594 6.781] | Δticks -0.500 | ETA 34.2h
step  92180 | loss 10.0220 | lr 1.71e-04 | grad 1.30 | 0.8k tok/s (avg 0.9k) | cert 0.33→0.51 | ticks [6.031 5.000 4.906 4.969 5.094 5.188 5.000 5.156] | Δticks -0.875 | ETA 34.2h
step  92190 | loss 7.2399 | lr 1.71e-04 | grad 1.30 | 1.1k tok/s (avg 0.9k) | cert 0.31→0.58 | ticks [5.406 4.438 4.188 4.281 4.219 4.531 4.469 4.188] | Δticks -1.219 | ETA 34.2h
step  92200 | loss 10.1156 | lr 1.71e-04 | grad 1.40 | 0.8k tok/s (avg 0.9k) | cert 0.27→0.50 | ticks [7.188 6.000 5.656 5.688 5.594 5.875 5.844 6.000] | Δticks -1.188 | ETA 34.2h
step  92210 | loss 7.0140 | lr 1.71e-04 | grad 1.48 | 0.8k tok/s (avg 0.9k) | cert 0.33→0.53 | ticks [5.594 5.219 4.812 4.844 4.812 5.062 4.781 4.844] | Δticks -0.750 | ETA 34.2h
step  92220 | loss 7.2555 | lr 1.71e-04 | grad 1.48 | 1.1k tok/s (avg 0.9k) | cert 0.44→0.66 | ticks [5.500 4.438 4.469 4.469 4.406 4.781 4.531 4.375] | Δticks -1.125 | ETA 34.2h
step  92230 | loss 7.9571 | lr 1.71e-04 | grad 1.45 | 0.8k tok/s (avg 0.9k) | cert 0.22→0.49 | ticks [6.938 6.156 5.750 5.812 5.844 6.031 5.938 5.906] | Δticks -1.031 | ETA 34.2h
step  92240 | loss 9.7552 | lr 1.71e-04 | grad 1.41 | 0.8k tok/s (avg 0.9k) | cert 0.28→0.44 | ticks [6.188 5.438 5.344 5.438 5.469 5.656 5.688 5.688] | Δticks -0.500 | ETA 34.2h
step  92250 | loss 6.2845 | lr 1.71e-04 | grad 1.41 | 1.1k tok/s (avg 0.9k) | cert 0.52→0.66 | ticks [4.375 3.828 3.703 3.547 3.562 3.891 3.719 3.641] | Δticks -0.734 | ETA 34.2h
step  92260 | loss 6.1617 | lr 1.71e-04 | grad 1.23 | 0.8k tok/s (avg 0.9k) | cert 0.43→0.66 | ticks [4.781 4.156 3.969 3.969 3.875 4.344 4.156 3.797] | Δticks -0.984 | ETA 34.2h
step  92270 | loss 8.6205 | lr 1.71e-04 | grad 1.23 | 1.1k tok/s (avg 0.9k) | cert 0.42→0.67 | ticks [4.656 4.000 3.859 3.844 3.719 4.094 3.844 3.734] | Δticks -0.922 | ETA 34.2h
step  92280 | loss 8.1795 | lr 1.71e-04 | grad 1.42 | 0.8k tok/s (avg 0.9k) | cert 0.35→0.60 | ticks [5.875 4.938 4.844 4.938 4.719 5.156 4.938 4.781] | Δticks -1.094 | ETA 34.2h
step  92290 | loss 7.0479 | lr 1.71e-04 | grad 1.39 | 0.8k tok/s (avg 0.9k) | cert 0.46→0.69 | ticks [4.594 4.062 3.781 3.641 3.562 3.891 3.812 3.562] | Δticks -1.031 | ETA 34.2h
step  92300 | loss 8.6618 | lr 1.71e-04 | grad 1.39 | 1.1k tok/s (avg 0.9k) | cert 0.34→0.57 | ticks [5.406 4.625 4.438 4.531 4.250 5.000 4.656 4.375] | Δticks -1.031 | ETA 34.2h
step  92310 | loss 6.4105 | lr 1.71e-04 | grad 1.55 | 0.8k tok/s (avg 0.9k) | cert 0.33→0.59 | ticks [5.469 4.656 4.312 4.375 4.406 4.844 4.500 4.438] | Δticks -1.031 | ETA 34.2h
step  92320 | loss 8.4911 | lr 1.71e-04 | grad 1.30 | 0.8k tok/s (avg 0.9k) | cert 0.42→0.61 | ticks [5.062 4.438 4.219 4.250 4.156 4.688 4.438 4.375] | Δticks -0.688 | ETA 34.2h
step  92330 | loss 7.6577 | lr 1.71e-04 | grad 1.30 | 1.1k tok/s (avg 0.9k) | cert 0.48→0.63 | ticks [4.438 3.953 4.000 3.984 3.969 4.031 4.062 3.891] | Δticks -0.547 | ETA 34.2h
step  92340 | loss 7.4762 | lr 1.71e-04 | grad 1.33 | 0.8k tok/s (avg 0.9k) | cert 0.35→0.55 | ticks [5.344 4.469 4.438 4.562 4.656 4.906 4.688 4.531] | Δticks -0.812 | ETA 34.2h
step  92350 | loss 11.4174 | lr 1.71e-04 | grad 1.33 | 1.1k tok/s (avg 0.9k) | cert 0.62→0.63 | ticks [5.188 4.719 4.750 4.906 4.469 4.688 4.750 4.625] | Δticks -0.562 | ETA 34.2h
step  92360 | loss 7.8181 | lr 1.70e-04 | grad 1.38 | 0.8k tok/s (avg 0.9k) | cert 0.20→0.50 | ticks [6.906 5.406 5.406 5.562 5.375 5.625 5.531 5.562] | Δticks -1.344 | ETA 34.2h
step  92370 | loss 10.1990 | lr 1.70e-04 | grad 1.37 | 0.8k tok/s (avg 0.9k) | cert 0.57→0.64 | ticks [4.531 4.188 4.094 4.156 3.938 4.125 4.156 4.031] | Δticks -0.500 | ETA 34.2h
step  92380 | loss 6.3616 | lr 1.70e-04 | grad 1.37 | 1.1k tok/s (avg 0.9k) | cert 0.38→0.66 | ticks [5.062 4.281 4.125 4.188 4.031 4.469 4.312 4.094] | Δticks -0.969 | ETA 34.2h
step  92390 | loss 6.5379 | lr 1.70e-04 | grad 1.20 | 0.8k tok/s (avg 0.9k) | cert 0.48→0.68 | ticks [4.344 3.859 3.641 3.531 3.453 3.781 3.766 3.500] | Δticks -0.844 | ETA 34.2h
step  92400 | loss 7.6065 | lr 1.70e-04 | grad 1.45 | 0.8k tok/s (avg 0.9k) | cert 0.51→0.68 | ticks [4.688 3.922 3.984 4.094 3.750 4.344 4.125 3.875] | Δticks -0.812 | ETA 34.2h
step  92410 | loss 9.0330 | lr 1.70e-04 | grad 1.45 | 1.1k tok/s (avg 0.9k) | cert 0.32→0.55 | ticks [5.875 5.125 4.812 4.844 4.781 5.156 4.844 4.938] | Δticks -0.938 | ETA 34.1h
step  92420 | loss 10.2992 | lr 1.70e-04 | grad 1.33 | 0.8k tok/s (avg 0.9k) | cert 0.62→0.68 | ticks [4.281 4.344 4.281 4.438 3.844 4.031 4.281 4.062] | Δticks -0.219 | ETA 34.1h
step  92430 | loss 9.8412 | lr 1.70e-04 | grad 1.33 | 1.1k tok/s (avg 0.9k) | cert 0.61→0.66 | ticks [4.312 3.969 3.875 4.062 3.969 4.219 4.000 4.031] | Δticks -0.281 | ETA 34.1h
step  92440 | loss 8.2319 | lr 1.70e-04 | grad 1.65 | 0.8k tok/s (avg 0.9k) | cert 0.26→0.42 | ticks [7.469 6.406 6.469 6.375 6.219 6.438 6.375 6.438] | Δticks -1.031 | ETA 34.1h
step  92450 | loss 8.4024 | lr 1.70e-04 | grad 1.35 | 0.8k tok/s (avg 0.9k) | cert 0.20→0.43 | ticks [7.125 6.094 5.844 5.906 5.844 6.219 5.969 6.062] | Δticks -1.062 | ETA 34.1h
step  92460 | loss 6.9925 | lr 1.70e-04 | grad 1.35 | 1.1k tok/s (avg 0.9k) | cert 0.53→0.65 | ticks [4.188 3.891 3.828 3.781 3.578 3.734 3.734 3.781] | Δticks -0.406 | ETA 34.1h
step  92470 | loss 8.8378 | lr 1.70e-04 | grad 1.30 | 0.8k tok/s (avg 0.9k) | cert 0.39→0.54 | ticks [6.188 5.562 5.406 5.500 5.469 5.781 5.562 5.500] | Δticks -0.688 | ETA 34.1h
step  92480 | loss 6.8170 | lr 1.70e-04 | grad 1.27 | 0.8k tok/s (avg 0.9k) | cert 0.29→0.62 | ticks [5.500 4.219 4.125 4.219 4.000 4.500 4.375 4.250] | Δticks -1.250 | ETA 34.1h
step  92490 | loss 7.1134 | lr 1.70e-04 | grad 1.27 | 1.1k tok/s (avg 0.9k) | cert 0.40→0.57 | ticks [4.625 4.312 4.094 4.094 3.953 4.438 4.094 4.125] | Δticks -0.500 | ETA 34.1h
step  92500 | loss 10.0759 | lr 1.70e-04 | grad 1.31 | 0.8k tok/s (avg 0.9k) | cert 0.55→0.67 | ticks [5.062 4.562 4.438 4.562 4.125 4.469 4.562 4.375] | Δticks -0.688 | ETA 34.1h
step  92510 | loss 6.7485 | lr 1.70e-04 | grad 1.31 | 1.1k tok/s (avg 0.9k) | cert 0.47→0.64 | ticks [5.031 4.344 4.281 4.438 4.031 4.531 4.469 4.219] | Δticks -0.812 | ETA 34.1h
step  92520 | loss 7.7801 | lr 1.70e-04 | grad 1.37 | 0.8k tok/s (avg 0.9k) | cert 0.37→0.57 | ticks [5.719 4.781 4.688 4.750 4.562 5.094 5.000 4.688] | Δticks -1.031 | ETA 34.1h
step  92530 | loss 8.6555 | lr 1.70e-04 | grad 1.28 | 0.8k tok/s (avg 0.9k) | cert 0.41→0.55 | ticks [5.062 4.312 4.281 4.344 4.375 4.719 4.562 4.562] | Δticks -0.500 | ETA 34.1h
step  92540 | loss 7.0798 | lr 1.70e-04 | grad 1.28 | 1.1k tok/s (avg 0.9k) | cert 0.44→0.64 | ticks [4.281 3.547 3.453 3.531 3.484 3.672 3.609 3.547] | Δticks -0.734 | ETA 34.1h
step  92550 | loss 6.5045 | lr 1.70e-04 | grad 1.33 | 0.8k tok/s (avg 0.9k) | cert 0.42→0.65 | ticks [4.781 4.156 3.828 3.766 3.625 4.031 3.953 3.859] | Δticks -0.922 | ETA 34.1h
step  92560 | loss 9.8716 | lr 1.70e-04 | grad 1.26 | 0.8k tok/s (avg 0.9k) | cert 0.51→0.62 | ticks [5.125 4.688 4.531 4.562 4.438 4.844 4.750 4.500] | Δticks -0.625 | ETA 34.1h
step  92570 | loss 11.1820 | lr 1.70e-04 | grad 1.26 | 1.1k tok/s (avg 0.9k) | cert 0.45→0.57 | ticks [5.094 4.531 4.312 4.438 4.469 4.688 4.625 4.469] | Δticks -0.625 | ETA 34.1h
step  92580 | loss 8.1470 | lr 1.70e-04 | grad 1.48 | 0.8k tok/s (avg 0.9k) | cert 0.25→0.56 | ticks [6.531 5.375 5.312 5.656 5.344 5.594 5.531 5.469] | Δticks -1.062 | ETA 34.1h
step  92590 | loss 7.1816 | lr 1.70e-04 | grad 1.48 | 1.1k tok/s (avg 0.9k) | cert 0.24→0.49 | ticks [6.344 5.562 5.125 5.250 5.125 5.562 5.281 5.219] | Δticks -1.125 | ETA 34.1h
step  92600 | loss 8.2878 | lr 1.70e-04 | grad 1.39 | 0.8k tok/s (avg 0.9k) | cert 0.41→0.59 | ticks [5.750 4.938 4.875 5.031 4.688 5.312 5.188 5.000] | Δticks -0.750 | ETA 34.1h
step  92610 | loss 7.6554 | lr 1.70e-04 | grad 1.44 | 0.8k tok/s (avg 0.9k) | cert 0.33→0.53 | ticks [5.469 4.750 4.500 4.531 4.469 4.844 4.625 4.531] | Δticks -0.938 | ETA 34.1h
step  92620 | loss 6.7495 | lr 1.70e-04 | grad 1.44 | 1.1k tok/s (avg 0.9k) | cert 0.31→0.58 | ticks [5.812 4.812 4.688 4.938 4.625 5.062 4.875 4.750] | Δticks -1.062 | ETA 34.1h
step  92630 | loss 7.3242 | lr 1.70e-04 | grad 1.59 | 0.8k tok/s (avg 0.9k) | cert 0.33→0.53 | ticks [5.625 5.062 4.875 4.875 4.844 5.156 4.906 4.906] | Δticks -0.719 | ETA 34.1h
step  92640 | loss 7.3879 | lr 1.70e-04 | grad 1.41 | 0.8k tok/s (avg 0.9k) | cert 0.52→0.66 | ticks [4.656 4.031 3.891 3.984 3.875 4.156 4.094 3.922] | Δticks -0.734 | ETA 34.1h
step  92650 | loss 5.5413 | lr 1.70e-04 | grad 1.41 | 1.1k tok/s (avg 0.9k) | cert 0.27→0.55 | ticks [5.156 3.578 3.406 3.578 3.625 3.594 3.625 3.688] | Δticks -1.469 | ETA 34.1h
step  92660 | loss 9.2203 | lr 1.70e-04 | grad 1.29 | 0.8k tok/s (avg 0.9k) | cert 0.35→0.61 | ticks [5.469 4.438 4.406 4.125 4.156 4.469 4.281 4.188] | Δticks -1.281 | ETA 34.1h
step  92670 | loss 7.1085 | lr 1.70e-04 | grad 1.29 | 1.1k tok/s (avg 0.9k) | cert 0.36→0.59 | ticks [5.500 4.688 4.406 4.469 4.438 4.906 4.625 4.469] | Δticks -1.031 | ETA 34.1h
step  92680 | loss 7.0871 | lr 1.70e-04 | grad 1.35 | 0.8k tok/s (avg 0.9k) | cert 0.43→0.60 | ticks [4.750 3.938 3.719 3.812 3.859 4.094 3.891 3.875] | Δticks -0.875 | ETA 34.1h
step  92690 | loss 8.4533 | lr 1.70e-04 | grad 1.46 | 0.8k tok/s (avg 0.9k) | cert 0.57→0.66 | ticks [4.875 4.250 4.312 4.219 4.031 4.344 4.344 4.125] | Δticks -0.750 | ETA 34.1h
step  92700 | loss 7.8663 | lr 1.70e-04 | grad 1.46 | 1.1k tok/s (avg 0.9k) | cert 0.41→0.62 | ticks [5.000 4.375 4.125 4.094 4.062 4.500 4.250 4.156] | Δticks -0.844 | ETA 34.1h
step  92710 | loss 9.1038 | lr 1.70e-04 | grad 1.39 | 0.8k tok/s (avg 0.9k) | cert 0.24→0.52 | ticks [6.375 5.562 5.188 5.312 5.344 5.750 5.188 5.344] | Δticks -1.031 | ETA 34.1h
step  92720 | loss 7.3632 | lr 1.70e-04 | grad 1.48 | 0.8k tok/s (avg 0.9k) | cert 0.34→0.48 | ticks [5.688 4.719 4.750 4.969 5.062 5.156 4.969 5.062] | Δticks -0.625 | ETA 34.0h
step  92730 | loss 7.4517 | lr 1.70e-04 | grad 1.48 | 1.1k tok/s (avg 0.9k) | cert 0.45→0.69 | ticks [4.500 3.828 3.828 3.891 3.438 4.094 3.984 3.594] | Δticks -0.906 | ETA 34.0h
step  92740 | loss 7.7644 | lr 1.70e-04 | grad 1.42 | 0.8k tok/s (avg 0.9k) | cert 0.44→0.53 | ticks [5.562 4.938 5.000 5.219 4.906 5.188 4.875 5.000] | Δticks -0.562 | ETA 34.0h
step  92750 | loss 10.7404 | lr 1.70e-04 | grad 1.42 | 1.1k tok/s (avg 0.9k) | cert 0.54→0.59 | ticks [5.594 5.094 5.031 5.094 4.750 5.250 5.031 5.031] | Δticks -0.562 | ETA 34.0h
step  92760 | loss 9.0605 | lr 1.70e-04 | grad 1.73 | 0.8k tok/s (avg 0.9k) | cert 0.55→0.70 | ticks [4.406 3.938 4.062 4.188 3.969 4.406 4.094 3.906] | Δticks -0.500 | ETA 34.0h
step  92770 | loss 5.9864 | lr 1.70e-04 | grad 1.58 | 0.8k tok/s (avg 0.9k) | cert 0.36→0.61 | ticks [5.188 4.406 4.062 4.031 3.969 4.469 4.125 4.000] | Δticks -1.188 | ETA 34.0h
step  92780 | loss 6.8407 | lr 1.70e-04 | grad 1.58 | 1.1k tok/s (avg 0.9k) | cert 0.43→0.66 | ticks [4.688 4.031 3.797 3.797 3.750 4.000 3.938 3.875] | Δticks -0.812 | ETA 34.0h
step  92790 | loss 7.5623 | lr 1.69e-04 | grad 1.30 | 0.8k tok/s (avg 0.9k) | cert 0.53→0.67 | ticks [4.000 3.625 3.453 3.453 3.438 3.734 3.688 3.406] | Δticks -0.594 | ETA 34.0h
step  92800 | loss 7.3868 | lr 1.69e-04 | grad 1.35 | 0.8k tok/s (avg 0.9k) | cert 0.48→0.71 | ticks [4.594 3.844 3.828 3.734 3.609 4.062 3.797 3.688] | Δticks -0.906 | ETA 34.0h
step  92810 | loss 6.5857 | lr 1.69e-04 | grad 1.35 | 1.1k tok/s (avg 0.9k) | cert 0.38→0.62 | ticks [5.312 4.781 4.406 4.406 4.344 4.812 4.562 4.375] | Δticks -0.938 | ETA 34.0h
step  92820 | loss 10.3675 | lr 1.69e-04 | grad 1.37 | 0.8k tok/s (avg 0.9k) | cert 0.48→0.60 | ticks [6.031 5.000 4.906 4.969 5.125 5.281 5.156 5.125] | Δticks -0.906 | ETA 34.0h
step  92830 | loss 8.7140 | lr 1.69e-04 | grad 1.37 | 1.1k tok/s (avg 0.9k) | cert 0.35→0.59 | ticks [5.344 4.656 4.375 4.344 4.312 4.719 4.375 4.406] | Δticks -0.938 | ETA 34.0h
step  92840 | loss 8.5762 | lr 1.69e-04 | grad 1.48 | 0.8k tok/s (avg 0.9k) | cert 0.17→0.45 | ticks [7.750 6.625 6.469 6.500 6.500 6.750 6.625 6.656] | Δticks -1.094 | ETA 34.0h
step  92850 | loss 7.1928 | lr 1.69e-04 | grad 1.34 | 0.8k tok/s (avg 0.9k) | cert 0.48→0.64 | ticks [4.719 4.125 4.000 3.969 3.922 4.281 4.125 3.969] | Δticks -0.750 | ETA 34.0h
step  92860 | loss 7.1798 | lr 1.69e-04 | grad 1.34 | 1.1k tok/s (avg 0.9k) | cert 0.49→0.67 | ticks [4.656 3.969 3.859 3.875 3.812 4.188 4.125 3.844] | Δticks -0.812 | ETA 34.0h
step  92870 | loss 8.3461 | lr 1.69e-04 | grad 1.44 | 0.8k tok/s (avg 0.9k) | cert 0.36→0.58 | ticks [5.781 4.938 4.781 4.719 4.562 5.125 4.969 4.750] | Δticks -1.031 | ETA 34.0h
step  92880 | loss 11.4082 | lr 1.69e-04 | grad 1.80 | 0.8k tok/s (avg 0.9k) | cert 0.46→0.55 | ticks [5.562 5.062 4.875 4.875 4.781 5.094 4.969 5.062] | Δticks -0.500 | ETA 34.0h
step  92890 | loss 9.2355 | lr 1.69e-04 | grad 1.80 | 1.1k tok/s (avg 0.9k) | cert 0.30→0.49 | ticks [6.281 5.500 5.250 5.250 5.312 5.625 5.469 5.562] | Δticks -0.719 | ETA 34.0h
step  92900 | loss 7.5630 | lr 1.69e-04 | grad 1.41 | 0.8k tok/s (avg 0.9k) | cert 0.19→0.49 | ticks [6.844 5.906 5.438 5.469 5.562 5.812 5.438 5.469] | Δticks -1.375 | ETA 34.0h
step  92910 | loss 7.3211 | lr 1.69e-04 | grad 1.41 | 1.1k tok/s (avg 0.9k) | cert 0.41→0.63 | ticks [4.812 4.188 3.969 3.875 3.891 4.094 4.125 3.969] | Δticks -0.844 | ETA 34.0h
step  92920 | loss 8.8083 | lr 1.69e-04 | grad 1.41 | 0.8k tok/s (avg 0.9k) | cert 0.54→0.70 | ticks [4.688 3.875 3.906 3.875 3.703 4.125 3.922 3.875] | Δticks -0.812 | ETA 34.0h
step  92930 | loss 6.4863 | lr 1.69e-04 | grad 1.35 | 0.8k tok/s (avg 0.9k) | cert 0.29→0.58 | ticks [5.656 4.750 4.625 4.469 4.406 4.812 4.750 4.594] | Δticks -1.062 | ETA 34.0h
step  92940 | loss 7.1504 | lr 1.69e-04 | grad 1.35 | 1.1k tok/s (avg 0.9k) | cert 0.45→0.64 | ticks [4.781 4.281 4.156 3.984 4.000 4.406 4.250 4.000] | Δticks -0.781 | ETA 34.0h
step  92950 | loss 8.9797 | lr 1.69e-04 | grad 1.23 | 0.8k tok/s (avg 0.9k) | cert 0.52→0.66 | ticks [5.219 4.750 4.688 4.469 4.375 4.781 4.781 4.500] | Δticks -0.719 | ETA 34.0h
step  92960 | loss 8.6239 | lr 1.69e-04 | grad 1.32 | 0.8k tok/s (avg 0.9k) | cert 0.39→0.60 | ticks [5.062 4.531 4.406 4.312 4.438 4.688 4.406 4.469] | Δticks -0.594 | ETA 34.0h
step  92970 | loss 7.8608 | lr 1.69e-04 | grad 1.32 | 1.1k tok/s (avg 0.9k) | cert 0.49→0.65 | ticks [4.250 3.875 3.875 3.812 3.516 4.062 3.938 3.609] | Δticks -0.641 | ETA 34.0h
step  92980 | loss 7.5624 | lr 1.69e-04 | grad 1.41 | 0.8k tok/s (avg 0.9k) | cert 0.45→0.65 | ticks [4.531 3.891 3.859 3.875 3.734 4.219 4.062 3.906] | Δticks -0.625 | ETA 34.0h
step  92990 | loss 6.8627 | lr 1.69e-04 | grad 1.41 | 1.1k tok/s (avg 0.9k) | cert 0.43→0.57 | ticks [4.969 4.469 4.312 4.312 4.188 4.594 4.312 4.281] | Δticks -0.688 | ETA 34.0h
step  93000 | loss 7.8819 | lr 1.69e-04 | grad 1.43 | 0.8k tok/s (avg 0.9k) | cert 0.22→0.48 | ticks [6.906 6.094 5.750 5.750 5.781 6.031 5.844 5.906] | Δticks -1.000 | ETA 34.0h
step  93010 | loss 7.9931 | lr 1.69e-04 | grad 1.31 | 0.8k tok/s (avg 0.9k) | cert 0.54→0.66 | ticks [4.281 3.812 3.641 3.641 3.516 3.953 3.844 3.641] | Δticks -0.641 | ETA 34.0h
step  93020 | loss 10.2824 | lr 1.69e-04 | grad 1.31 | 1.1k tok/s (avg 0.9k) | cert 0.70→0.68 | ticks [3.516 3.328 3.438 3.594 3.594 3.875 3.688 3.359] | Δticks -0.156 | ETA 33.9h
step  93030 | loss 10.3213 | lr 1.69e-04 | grad 1.41 | 0.8k tok/s (avg 0.9k) | cert 0.39→0.61 | ticks [5.250 4.219 4.250 4.500 4.594 4.906 4.688 4.281] | Δticks -0.969 | ETA 33.9h
step  93040 | loss 9.7771 | lr 1.69e-04 | grad 1.68 | 0.8k tok/s (avg 0.9k) | cert 0.38→0.47 | ticks [5.656 5.125 4.938 4.938 5.031 5.219 5.094 5.094] | Δticks -0.562 | ETA 33.9h
step  93050 | loss 8.4128 | lr 1.69e-04 | grad 1.68 | 1.1k tok/s (avg 0.9k) | cert 0.46→0.66 | ticks [4.625 3.953 3.859 3.984 3.844 4.000 4.031 3.797] | Δticks -0.828 | ETA 33.9h
step  93060 | loss 9.3067 | lr 1.69e-04 | grad 1.34 | 0.8k tok/s (avg 0.9k) | cert 0.29→0.46 | ticks [6.438 5.469 5.281 5.281 5.188 5.469 5.344 5.531] | Δticks -0.906 | ETA 33.9h
step  93070 | loss 6.9683 | lr 1.69e-04 | grad 1.34 | 1.1k tok/s (avg 0.9k) | cert 0.46→0.66 | ticks [4.750 4.156 3.906 3.922 3.797 4.344 4.188 3.812] | Δticks -0.938 | ETA 33.9h
step  93080 | loss 8.9396 | lr 1.69e-04 | grad 1.28 | 0.8k tok/s (avg 0.9k) | cert 0.62→0.66 | ticks [4.500 4.156 3.953 3.938 3.938 4.156 3.906 3.891] | Δticks -0.609 | ETA 33.9h
step  93090 | loss 10.3575 | lr 1.69e-04 | grad 1.27 | 0.8k tok/s (avg 0.9k) | cert 0.38→0.63 | ticks [4.844 4.062 3.922 3.906 3.875 4.219 4.094 3.844] | Δticks -1.000 | ETA 33.9h
step  93100 | loss 6.2164 | lr 1.69e-04 | grad 1.27 | 1.1k tok/s (avg 0.9k) | cert 0.43→0.64 | ticks [4.500 3.719 3.469 3.469 3.547 3.750 3.734 3.578] | Δticks -0.922 | ETA 33.9h
step  93110 | loss 6.9372 | lr 1.69e-04 | grad 1.56 | 0.8k tok/s (avg 0.9k) | cert 0.54→0.69 | ticks [4.781 4.094 3.859 3.891 3.734 4.156 4.188 4.000] | Δticks -0.781 | ETA 33.9h
step  93120 | loss 6.8289 | lr 1.69e-04 | grad 1.48 | 0.8k tok/s (avg 0.9k) | cert 0.59→0.70 | ticks [4.219 3.516 3.531 3.500 3.281 3.844 3.734 3.562] | Δticks -0.656 | ETA 33.9h
step  93130 | loss 7.6340 | lr 1.69e-04 | grad 1.48 | 1.1k tok/s (avg 0.9k) | cert 0.43→0.63 | ticks [5.000 4.281 4.094 4.125 4.094 4.531 4.500 4.094] | Δticks -0.906 | ETA 33.9h
step  93140 | loss 7.2030 | lr 1.69e-04 | grad 1.36 | 0.8k tok/s (avg 0.9k) | cert 0.31→0.58 | ticks [5.906 4.906 4.688 4.875 4.562 5.062 4.844 4.781] | Δticks -1.125 | ETA 33.9h
step  93150 | loss 8.0974 | lr 1.69e-04 | grad 1.36 | 1.1k tok/s (avg 0.9k) | cert 0.54→0.70 | ticks [3.969 3.484 3.359 3.297 3.234 3.547 3.672 3.375] | Δticks -0.594 | ETA 33.9h
step  93160 | loss 10.4961 | lr 1.69e-04 | grad 1.44 | 0.8k tok/s (avg 0.9k) | cert 0.46→0.62 | ticks [4.938 4.094 3.922 4.188 4.312 4.562 4.344 4.219] | Δticks -0.719 | ETA 33.9h
step  93170 | loss 8.5975 | lr 1.69e-04 | grad 1.32 | 0.8k tok/s (avg 0.9k) | cert 0.34→0.46 | ticks [6.094 5.188 5.156 5.188 5.219 5.375 5.375 5.500] | Δticks -0.594 | ETA 33.9h
step  93180 | loss 8.0255 | lr 1.69e-04 | grad 1.32 | 1.1k tok/s (avg 0.9k) | cert 0.25→0.47 | ticks [6.844 5.562 5.469 5.531 5.406 5.656 5.531 5.781] | Δticks -1.062 | ETA 33.9h
step  93190 | loss 8.1134 | lr 1.69e-04 | grad 1.27 | 0.8k tok/s (avg 0.9k) | cert 0.63→0.69 | ticks [4.281 4.094 4.062 3.797 3.625 4.188 4.188 4.000] | Δticks -0.281 | ETA 33.9h
step  93200 | loss 8.2862 | lr 1.69e-04 | grad 1.26 | 0.8k tok/s (avg 0.9k) | cert 0.21→0.46 | ticks [7.375 6.562 6.312 6.406 6.312 6.625 6.406 6.469] | Δticks -0.906 | ETA 33.9h
step  93210 | loss 8.3045 | lr 1.68e-04 | grad 1.26 | 1.1k tok/s (avg 0.9k) | cert 0.35→0.54 | ticks [5.438 4.844 4.625 4.719 4.594 5.062 4.656 4.750] | Δticks -0.688 | ETA 33.9h
step  93220 | loss 4.7673 | lr 1.68e-04 | grad 1.35 | 0.8k tok/s (avg 0.9k) | cert 0.36→0.60 | ticks [4.594 3.500 3.375 3.344 3.250 3.531 3.469 3.453] | Δticks -1.141 | ETA 33.9h
step  93230 | loss 8.5429 | lr 1.68e-04 | grad 1.35 | 1.1k tok/s (avg 0.9k) | cert 0.46→0.64 | ticks [4.875 4.219 3.953 4.000 4.062 4.531 4.312 4.188] | Δticks -0.688 | ETA 33.9h
step  93240 | loss 6.8063 | lr 1.68e-04 | grad 1.31 | 0.8k tok/s (avg 0.9k) | cert 0.34→0.60 | ticks [5.281 4.406 4.031 4.062 4.031 4.438 4.312 4.188] | Δticks -1.094 | ETA 33.9h
step  93250 | loss 12.9641 | lr 1.68e-04 | grad 1.38 | 0.8k tok/s (avg 0.9k) | cert 0.26→0.40 | ticks [6.281 5.906 5.844 6.000 5.844 6.062 5.969 6.125] | Δticks -0.156 | ETA 33.9h
step  93260 | loss 7.3110 | lr 1.68e-04 | grad 1.38 | 1.1k tok/s (avg 0.9k) | cert 0.29→0.59 | ticks [5.781 4.438 4.312 4.188 4.219 4.688 4.562 4.344] | Δticks -1.438 | ETA 33.9h
step  93270 | loss 6.8108 | lr 1.68e-04 | grad 1.30 | 0.8k tok/s (avg 0.9k) | cert 0.44→0.62 | ticks [4.250 3.609 3.266 3.375 3.328 3.594 3.562 3.516] | Δticks -0.734 | ETA 33.9h
step  93280 | loss 7.7645 | lr 1.68e-04 | grad 1.22 | 0.8k tok/s (avg 0.9k) | cert 0.39→0.61 | ticks [5.312 4.469 4.469 4.531 4.312 4.906 4.719 4.469] | Δticks -0.844 | ETA 33.9h
step  93290 | loss 6.9042 | lr 1.68e-04 | grad 1.22 | 1.1k tok/s (avg 0.9k) | cert 0.40→0.66 | ticks [4.875 4.188 3.906 4.031 3.875 4.406 4.188 3.953] | Δticks -0.922 | ETA 33.9h
step  93300 | loss 6.5393 | lr 1.68e-04 | grad 1.28 | 0.8k tok/s (avg 0.9k) | cert 0.34→0.62 | ticks [5.125 4.219 4.062 3.938 4.031 4.469 4.312 4.031] | Δticks -1.094 | ETA 33.9h
step  93310 | loss 6.2262 | lr 1.68e-04 | grad 1.28 | 1.1k tok/s (avg 0.9k) | cert 0.46→0.64 | ticks [4.344 3.516 3.250 3.203 3.234 3.547 3.391 3.344] | Δticks -1.000 | ETA 33.9h
step  93320 | loss 11.8599 | lr 1.68e-04 | grad 1.12 | 0.8k tok/s (avg 0.9k) | cert 0.62→0.62 | ticks [3.797 3.375 3.578 3.625 3.672 3.938 3.547 3.562] | Δticks -0.234 | ETA 33.9h
step  93330 | loss 7.5145 | lr 1.68e-04 | grad 1.37 | 0.8k tok/s (avg 0.9k) | cert 0.51→0.71 | ticks [4.375 3.938 3.859 3.844 3.641 4.125 4.031 3.625] | Δticks -0.750 | ETA 33.9h
step  93340 | loss 10.8093 | lr 1.68e-04 | grad 1.37 | 1.1k tok/s (avg 0.9k) | cert 0.38→0.54 | ticks [6.000 5.562 5.469 5.531 5.438 5.656 5.500 5.469] | Δticks -0.531 | ETA 33.8h
step  93350 | loss 8.2663 | lr 1.68e-04 | grad 1.30 | 0.8k tok/s (avg 0.9k) | cert 0.42→0.67 | ticks [4.531 3.969 3.891 4.188 3.672 4.281 4.219 3.734] | Δticks -0.797 | ETA 33.8h
step  93360 | loss 7.8994 | lr 1.68e-04 | grad 1.39 | 0.8k tok/s (avg 0.9k) | cert 0.37→0.50 | ticks [5.844 4.812 4.875 4.969 5.062 5.156 5.188 5.219] | Δticks -0.625 | ETA 33.8h
step  93370 | loss 7.7866 | lr 1.68e-04 | grad 1.39 | 1.1k tok/s (avg 0.9k) | cert 0.25→0.50 | ticks [6.844 6.062 5.688 5.656 5.656 5.906 5.719 5.781] | Δticks -1.062 | ETA 33.8h
step  93380 | loss 6.5674 | lr 1.68e-04 | grad 1.56 | 0.8k tok/s (avg 0.9k) | cert 0.36→0.55 | ticks [5.656 5.156 4.781 4.750 4.781 5.094 4.969 4.781] | Δticks -0.875 | ETA 33.8h
step  93390 | loss 10.3794 | lr 1.68e-04 | grad 1.56 | 1.1k tok/s (avg 0.9k) | cert 0.81→0.72 | ticks [3.047 2.875 3.203 3.250 3.219 3.422 3.531 3.203] | Δticks +0.156 | ETA 33.8h
step  93400 | loss 4.9436 | lr 1.68e-04 | grad 1.39 | 0.8k tok/s (avg 0.9k) | cert 0.29→0.63 | ticks [4.875 3.203 3.469 3.656 3.359 3.641 3.578 3.328] | Δticks -1.547 | ETA 33.8h
step  93410 | loss 6.8787 | lr 1.68e-04 | grad 1.41 | 0.8k tok/s (avg 0.9k) | cert 0.23→0.56 | ticks [6.750 5.281 5.219 5.312 5.156 5.594 5.406 5.281] | Δticks -1.469 | ETA 33.8h
step  93420 | loss 15.6674 | lr 1.68e-04 | grad 1.41 | 1.1k tok/s (avg 0.9k) | cert 0.57→0.57 | ticks [4.375 3.875 3.984 4.344 4.094 4.531 4.344 4.125] | Δticks -0.250 | ETA 33.8h
step  93430 | loss 8.5115 | lr 1.68e-04 | grad 1.42 | 0.8k tok/s (avg 0.9k) | cert 0.66→0.72 | ticks [4.156 3.922 4.125 4.188 3.641 3.938 4.250 4.031] | Δticks -0.125 | ETA 33.8h
step  93440 | loss 7.4031 | lr 1.68e-04 | grad 1.48 | 0.8k tok/s (avg 0.9k) | cert 0.45→0.68 | ticks [5.062 3.953 3.922 3.812 3.688 4.125 3.969 3.703] | Δticks -1.359 | ETA 33.8h
step  93450 | loss 8.7667 | lr 1.68e-04 | grad 1.48 | 1.1k tok/s (avg 0.9k) | cert 0.64→0.70 | ticks [3.984 3.719 3.641 3.688 3.406 3.969 3.906 3.656] | Δticks -0.328 | ETA 33.8h
step  93460 | loss 9.6253 | lr 1.68e-04 | grad 1.65 | 0.8k tok/s (avg 0.9k) | cert 0.38→0.62 | ticks [5.062 4.188 4.188 4.188 4.094 4.531 4.094 4.125] | Δticks -0.938 | ETA 33.8h
step  93470 | loss 7.7624 | lr 1.68e-04 | grad 1.65 | 1.1k tok/s (avg 0.9k) | cert 0.24→0.44 | ticks [6.406 5.375 5.312 5.406 5.438 5.656 5.562 5.625] | Δticks -0.781 | ETA 33.8h
step  93480 | loss 6.5464 | lr 1.68e-04 | grad 1.38 | 0.8k tok/s (avg 0.9k) | cert 0.33→0.61 | ticks [5.281 4.562 4.094 4.125 4.125 4.531 4.438 4.188] | Δticks -1.094 | ETA 33.8h
step  93490 | loss 7.6643 | lr 1.68e-04 | grad 1.35 | 0.8k tok/s (avg 0.9k) | cert 0.44→0.66 | ticks [4.719 4.156 3.922 3.906 3.938 4.250 4.062 3.906] | Δticks -0.812 | ETA 33.8h
step  93500 | loss 12.9080 | lr 1.68e-04 | grad 1.35 | 1.1k tok/s (avg 0.9k) | cert 0.49→0.56 | ticks [5.125 4.719 4.531 4.469 4.469 4.844 4.656 4.688] | Δticks -0.438 | ETA 33.8h
step  93510 | loss 11.6286 | lr 1.68e-04 | grad 1.46 | 0.8k tok/s (avg 0.9k) | cert 0.38→0.60 | ticks [5.156 4.594 4.281 4.219 4.219 4.656 4.469 4.375] | Δticks -0.781 | ETA 33.8h
step  93520 | loss 8.1918 | lr 1.68e-04 | grad 1.42 | 0.8k tok/s (avg 0.9k) | cert 0.50→0.66 | ticks [4.062 3.484 3.438 3.406 3.391 3.719 3.625 3.359] | Δticks -0.703 | ETA 33.8h
step  93530 | loss 6.2030 | lr 1.68e-04 | grad 1.42 | 1.1k tok/s (avg 0.9k) | cert 0.46→0.67 | ticks [4.250 3.734 3.625 3.609 3.500 3.797 3.734 3.531] | Δticks -0.719 | ETA 33.8h
step  93540 | loss 8.7409 | lr 1.68e-04 | grad 1.23 | 0.8k tok/s (avg 0.9k) | cert 0.63→0.62 | ticks [4.000 3.438 3.578 3.547 3.703 3.969 3.844 3.562] | Δticks -0.438 | ETA 33.8h
step  93550 | loss 8.0585 | lr 1.68e-04 | grad 1.23 | 1.1k tok/s (avg 0.9k) | cert 0.46→0.64 | ticks [5.250 4.438 4.406 4.469 4.438 4.688 4.625 4.438] | Δticks -0.812 | ETA 33.8h
step  93560 | loss 5.7682 | lr 1.68e-04 | grad 1.35 | 0.8k tok/s (avg 0.9k) | cert 0.42→0.65 | ticks [4.250 3.625 3.422 3.344 3.359 3.594 3.516 3.375] | Δticks -0.875 | ETA 33.8h
step  93570 | loss 8.1062 | lr 1.68e-04 | grad 1.24 | 0.8k tok/s (avg 0.9k) | cert 0.30→0.43 | ticks [6.938 5.875 5.781 5.812 5.500 5.844 5.938 5.938] | Δticks -1.000 | ETA 33.8h
step  93580 | loss 7.6165 | lr 1.68e-04 | grad 1.24 | 1.1k tok/s (avg 0.9k) | cert 0.27→0.50 | ticks [6.625 5.781 5.469 5.438 5.469 5.750 5.500 5.500] | Δticks -1.125 | ETA 33.8h
step  93590 | loss 7.3336 | lr 1.68e-04 | grad 1.55 | 0.8k tok/s (avg 0.9k) | cert 0.49→0.63 | ticks [4.875 4.000 4.062 4.219 4.250 4.438 4.250 4.000] | Δticks -0.875 | ETA 33.8h
step  93600 | loss 8.6842 | lr 1.68e-04 | grad 1.22 | 0.8k tok/s (avg 0.9k) | cert 0.34→0.62 | ticks [4.344 3.594 3.469 3.453 3.547 3.938 3.797 3.516] | Δticks -0.828 | ETA 33.8h
step  93610 | loss 7.8427 | lr 1.68e-04 | grad 1.22 | 1.1k tok/s (avg 0.9k) | cert 0.47→0.63 | ticks [4.656 3.969 4.000 4.031 4.000 4.469 4.219 4.094] | Δticks -0.562 | ETA 33.8h
step  93620 | loss 7.8675 | lr 1.68e-04 | grad 1.27 | 0.8k tok/s (avg 0.9k) | cert 0.40→0.62 | ticks [4.812 4.000 3.828 3.859 3.906 4.219 4.062 3.922] | Δticks -0.891 | ETA 33.8h
step  93630 | loss 8.1720 | lr 1.68e-04 | grad 1.27 | 1.1k tok/s (avg 0.9k) | cert 0.48→0.63 | ticks [4.719 3.969 4.094 4.062 3.969 4.281 4.156 4.125] | Δticks -0.594 | ETA 33.8h
step  93640 | loss 7.8677 | lr 1.67e-04 | grad 1.25 | 0.8k tok/s (avg 0.9k) | cert 0.37→0.62 | ticks [4.969 4.156 4.094 4.062 4.156 4.375 4.281 4.219] | Δticks -0.750 | ETA 33.8h
step  93650 | loss 8.5946 | lr 1.67e-04 | grad 1.41 | 0.8k tok/s (avg 0.9k) | cert 0.51→0.64 | ticks [4.719 3.938 3.922 3.953 4.062 4.312 4.094 4.000] | Δticks -0.719 | ETA 33.8h
step  93660 | loss 7.9354 | lr 1.67e-04 | grad 1.41 | 1.1k tok/s (avg 0.9k) | cert 0.38→0.59 | ticks [5.500 4.781 4.500 4.562 4.438 4.812 4.781 4.656] | Δticks -0.844 | ETA 33.7h
step  93670 | loss 9.9554 | lr 1.67e-04 | grad 1.41 | 0.8k tok/s (avg 0.9k) | cert 0.32→0.44 | ticks [6.312 5.562 5.438 5.531 5.594 5.750 5.625 5.750] | Δticks -0.562 | ETA 33.7h
step  93680 | loss 10.7407 | lr 1.67e-04 | grad 1.36 | 0.8k tok/s (avg 0.9k) | cert 0.70→0.73 | ticks [3.812 3.609 3.688 3.781 3.250 3.594 3.609 3.438] | Δticks -0.375 | ETA 33.7h
step  93690 | loss 8.6683 | lr 1.67e-04 | grad 1.36 | 1.1k tok/s (avg 0.9k) | cert 0.20→0.38 | ticks [7.750 6.688 6.500 6.562 6.438 6.812 6.750 6.844] | Δticks -0.906 | ETA 33.7h
step  93700 | loss 7.3413 | lr 1.67e-04 | grad 1.32 | 0.8k tok/s (avg 0.9k) | cert 0.35→0.63 | ticks [5.438 4.719 4.562 4.469 4.344 4.875 4.750 4.406] | Δticks -1.031 | ETA 33.7h
step  93710 | loss 11.4252 | lr 1.67e-04 | grad 1.32 | 1.1k tok/s (avg 0.9k) | cert 0.33→0.64 | ticks [5.188 4.250 4.219 4.094 3.969 4.438 4.219 4.062] | Δticks -1.125 | ETA 33.7h
step  93720 | loss 10.1790 | lr 1.67e-04 | grad 1.47 | 0.8k tok/s (avg 0.9k) | cert 0.30→0.49 | ticks [6.562 5.531 5.219 5.281 5.438 5.719 5.594 5.594] | Δticks -0.969 | ETA 33.7h
step  93730 | loss 9.8251 | lr 1.67e-04 | grad 1.48 | 0.8k tok/s (avg 0.9k) | cert 0.48→0.68 | ticks [5.312 4.781 4.531 4.656 4.438 4.906 4.938 4.562] | Δticks -0.750 | ETA 33.7h
step  93740 | loss 7.3943 | lr 1.67e-04 | grad 1.48 | 1.1k tok/s (avg 0.9k) | cert 0.48→0.68 | ticks [5.062 4.156 4.125 4.062 4.094 4.406 4.188 4.031] | Δticks -1.031 | ETA 33.7h
step  93750 | loss 8.0055 | lr 1.67e-04 | grad 1.43 | 0.8k tok/s (avg 0.9k) | cert 0.47→0.60 | ticks [4.375 3.938 3.875 4.000 3.906 4.188 3.938 3.812] | Δticks -0.562 | ETA 33.7h
step  93760 | loss 7.2188 | lr 1.67e-04 | grad 1.35 | 0.8k tok/s (avg 0.9k) | cert 0.32→0.61 | ticks [5.312 4.438 4.281 4.188 4.219 4.906 4.562 4.344] | Δticks -0.969 | ETA 33.7h
step  93770 | loss 9.0415 | lr 1.67e-04 | grad 1.35 | 1.1k tok/s (avg 0.9k) | cert 0.38→0.54 | ticks [5.688 4.656 4.562 4.750 4.656 4.938 4.719 4.594] | Δticks -1.094 | ETA 33.7h
step  93780 | loss 8.4249 | lr 1.67e-04 | grad 1.50 | 0.8k tok/s (avg 0.9k) | cert 0.36→0.47 | ticks [5.531 4.781 4.969 5.031 4.969 5.281 5.156 5.156] | Δticks -0.375 | ETA 33.7h
step  93790 | loss 7.6494 | lr 1.67e-04 | grad 1.50 | 1.1k tok/s (avg 0.9k) | cert 0.48→0.61 | ticks [4.438 4.094 3.844 3.875 3.781 4.219 4.094 3.891] | Δticks -0.547 | ETA 33.7h
step  93800 | loss 6.8372 | lr 1.67e-04 | grad 1.66 | 0.8k tok/s (avg 0.9k) | cert 0.40→0.64 | ticks [4.938 4.406 4.281 4.219 4.031 4.312 4.375 4.281] | Δticks -0.656 | ETA 33.7h
step  93810 | loss 8.2549 | lr 1.67e-04 | grad 1.27 | 0.8k tok/s (avg 0.9k) | cert 0.30→0.55 | ticks [5.812 4.656 4.688 4.781 4.719 5.000 4.750 4.750] | Δticks -1.062 | ETA 33.7h
step  93820 | loss 7.5044 | lr 1.67e-04 | grad 1.27 | 1.1k tok/s (avg 0.9k) | cert 0.54→0.60 | ticks [4.375 3.953 3.797 3.938 3.844 4.125 4.031 4.031] | Δticks -0.344 | ETA 33.7h
step  93830 | loss 10.1139 | lr 1.67e-04 | grad 1.50 | 0.8k tok/s (avg 0.9k) | cert 0.65→0.70 | ticks [4.625 4.312 4.281 4.406 4.000 4.125 4.188 4.219] | Δticks -0.406 | ETA 33.7h
step  93840 | loss 7.4715 | lr 1.67e-04 | grad 1.66 | 0.8k tok/s (avg 0.9k) | cert 0.33→0.54 | ticks [5.844 4.719 4.719 4.750 4.875 5.031 5.000 4.969] | Δticks -0.875 | ETA 33.7h
step  93850 | loss 10.3508 | lr 1.67e-04 | grad 1.66 | 1.1k tok/s (avg 0.9k) | cert 0.75→0.70 | ticks [3.000 2.766 3.016 3.172 3.062 3.250 3.234 3.062] | Δticks +0.062 | ETA 33.7h
step  93860 | loss 9.6227 | lr 1.67e-04 | grad 1.27 | 0.8k tok/s (avg 0.9k) | cert 0.16→0.36 | ticks [8.625 7.438 7.344 7.312 7.281 7.469 7.312 7.562] | Δticks -1.062 | ETA 33.7h
step  93870 | loss 11.3727 | lr 1.67e-04 | grad 1.27 | 1.1k tok/s (avg 0.9k) | cert 0.43→0.64 | ticks [5.062 4.094 4.125 4.000 4.094 4.469 4.250 4.000] | Δticks -1.062 | ETA 33.7h
step  93880 | loss 8.9887 | lr 1.67e-04 | grad 1.43 | 0.8k tok/s (avg 0.9k) | cert 0.43→0.67 | ticks [4.500 3.922 3.859 3.828 3.734 4.281 4.188 3.688] | Δticks -0.812 | ETA 33.7h
step  93890 | loss 8.5838 | lr 1.67e-04 | grad 1.36 | 0.8k tok/s (avg 0.9k) | cert 0.57→0.68 | ticks [4.062 3.531 3.609 3.422 3.328 3.828 3.609 3.500] | Δticks -0.562 | ETA 33.7h
step  93900 | loss 8.1190 | lr 1.67e-04 | grad 1.36 | 1.1k tok/s (avg 0.9k) | cert 0.49→0.66 | ticks [4.125 3.672 3.891 3.609 3.672 4.344 4.406 3.797] | Δticks -0.328 | ETA 33.7h
step  93910 | loss 7.9045 | lr 1.67e-04 | grad 1.49 | 0.8k tok/s (avg 0.9k) | cert 0.38→0.56 | ticks [5.312 4.719 4.594 4.500 4.500 4.938 4.719 4.656] | Δticks -0.656 | ETA 33.7h
step  93920 | loss 7.6636 | lr 1.67e-04 | grad 1.38 | 0.8k tok/s (avg 0.9k) | cert 0.37→0.49 | ticks [5.531 4.625 4.531 4.656 4.812 4.875 4.781 4.938] | Δticks -0.594 | ETA 33.7h
step  93930 | loss 7.2364 | lr 1.67e-04 | grad 1.38 | 1.1k tok/s (avg 0.9k) | cert 0.54→0.70 | ticks [4.719 3.938 4.000 3.828 3.688 4.250 4.156 3.844] | Δticks -0.875 | ETA 33.7h
step  93940 | loss 7.9396 | lr 1.67e-04 | grad 1.40 | 0.8k tok/s (avg 0.9k) | cert 0.52→0.62 | ticks [4.969 4.531 4.438 4.281 4.188 4.281 4.344 4.281] | Δticks -0.688 | ETA 33.7h
step  93950 | loss 6.9353 | lr 1.67e-04 | grad 1.40 | 1.1k tok/s (avg 0.9k) | cert 0.40→0.66 | ticks [4.875 3.922 3.938 3.797 3.750 4.188 3.969 3.891] | Δticks -0.984 | ETA 33.7h
step  93960 | loss 9.6847 | lr 1.67e-04 | grad 1.35 | 0.8k tok/s (avg 0.9k) | cert 0.50→0.60 | ticks [4.906 4.656 4.469 4.500 4.312 4.531 4.438 4.594] | Δticks -0.312 | ETA 33.7h
step  93970 | loss 7.3911 | lr 1.67e-04 | grad 1.44 | 0.8k tok/s (avg 0.9k) | cert 0.54→0.70 | ticks [4.281 3.797 3.594 3.344 3.250 3.859 3.844 3.531] | Δticks -0.750 | ETA 33.6h
step  93980 | loss 8.5849 | lr 1.67e-04 | grad 1.44 | 1.1k tok/s (avg 0.9k) | cert 0.49→0.67 | ticks [3.953 3.594 3.484 3.312 3.500 4.031 4.000 3.594] | Δticks -0.359 | ETA 33.6h
step  93990 | loss 6.2657 | lr 1.67e-04 | grad 1.38 | 0.8k tok/s (avg 0.9k) | cert 0.38→0.64 | ticks [4.781 3.797 3.906 3.719 3.688 4.125 3.906 3.656] | Δticks -1.125 | ETA 33.6h
step  94000 | loss 7.7303 | lr 1.67e-04 | grad 1.40 | 0.8k tok/s (avg 0.9k) | cert 0.36→0.60 | ticks [4.750 3.891 3.922 3.922 4.031 4.312 3.938 4.031] | Δticks -0.719 | ETA 33.6h
step  94010 | loss 7.8077 | lr 1.67e-04 | grad 1.40 | 1.1k tok/s (avg 0.9k) | cert 0.41→0.63 | ticks [4.812 4.219 4.094 4.094 4.125 4.531 4.312 4.094] | Δticks -0.719 | ETA 33.6h
step  94020 | loss 7.1953 | lr 1.67e-04 | grad 1.22 | 0.8k tok/s (avg 0.9k) | cert 0.44→0.63 | ticks [5.125 4.094 4.031 4.156 4.188 4.562 4.312 4.250] | Δticks -0.875 | ETA 33.6h
step  94030 | loss 10.7156 | lr 1.67e-04 | grad 1.22 | 1.1k tok/s (avg 0.9k) | cert 0.28→0.44 | ticks [6.469 5.688 5.562 5.625 5.594 5.906 5.719 5.875] | Δticks -0.594 | ETA 33.6h
step  94040 | loss 8.0343 | lr 1.67e-04 | grad 1.71 | 0.8k tok/s (avg 0.9k) | cert 0.32→0.50 | ticks [5.750 4.844 4.875 5.031 5.094 5.156 5.031 5.062] | Δticks -0.688 | ETA 33.6h
step  94050 | loss 7.3083 | lr 1.67e-04 | grad 1.40 | 0.8k tok/s (avg 0.9k) | cert 0.21→0.53 | ticks [7.094 5.625 5.562 5.625 5.562 5.844 5.656 5.656] | Δticks -1.438 | ETA 33.6h
step  94060 | loss 7.9369 | lr 1.66e-04 | grad 1.40 | 1.1k tok/s (avg 0.9k) | cert 0.38→0.61 | ticks [5.344 4.719 4.500 4.531 4.656 5.094 4.844 4.500] | Δticks -0.844 | ETA 33.6h
step  94070 | loss 11.4394 | lr 1.66e-04 | grad 1.38 | 0.8k tok/s (avg 0.9k) | cert 0.72→0.70 | ticks [3.828 3.266 3.312 3.438 3.562 3.750 3.609 3.359] | Δticks -0.469 | ETA 33.6h
step  94080 | loss 8.8584 | lr 1.66e-04 | grad 1.31 | 0.8k tok/s (avg 0.9k) | cert 0.46→0.65 | ticks [4.562 3.609 3.578 3.516 3.531 3.906 3.844 3.531] | Δticks -1.031 | ETA 33.6h
step  94090 | loss 9.0810 | lr 1.66e-04 | grad 1.31 | 1.1k tok/s (avg 0.9k) | cert 0.53→0.69 | ticks [4.594 4.156 3.984 3.953 3.953 4.281 4.125 3.969] | Δticks -0.625 | ETA 33.6h
step  94100 | loss 8.1564 | lr 1.66e-04 | grad 1.61 | 0.8k tok/s (avg 0.9k) | cert 0.42→0.67 | ticks [4.531 3.938 3.953 3.875 3.703 4.250 3.781 3.672] | Δticks -0.859 | ETA 33.6h
step  94110 | loss 10.7511 | lr 1.66e-04 | grad 1.61 | 1.1k tok/s (avg 0.9k) | cert 0.71→0.75 | ticks [4.031 3.531 3.766 3.969 3.484 3.922 4.125 3.688] | Δticks -0.344 | ETA 33.6h
step  94120 | loss 7.2875 | lr 1.66e-04 | grad 1.40 | 0.8k tok/s (avg 0.9k) | cert 0.34→0.54 | ticks [5.812 5.094 4.875 4.906 4.875 5.281 4.938 5.000] | Δticks -0.812 | ETA 33.6h
step  94130 | loss 7.6051 | lr 1.66e-04 | grad 1.52 | 0.8k tok/s (avg 0.9k) | cert 0.44→0.64 | ticks [4.844 4.156 3.828 3.953 3.734 4.281 4.125 4.125] | Δticks -0.719 | ETA 33.6h
step  94140 | loss 7.3811 | lr 1.66e-04 | grad 1.52 | 1.1k tok/s (avg 0.9k) | cert 0.26→0.50 | ticks [6.375 5.594 5.281 5.281 5.250 5.562 5.250 5.281] | Δticks -1.094 | ETA 33.6h
step  94150 | loss 8.4197 | lr 1.66e-04 | grad 1.34 | 0.8k tok/s (avg 0.9k) | cert 0.30→0.55 | ticks [6.375 5.438 5.375 5.250 5.250 5.688 5.438 5.469] | Δticks -0.906 | ETA 33.6h
step  94160 | loss 6.7619 | lr 1.66e-04 | grad 1.57 | 0.8k tok/s (avg 0.9k) | cert 0.52→0.63 | ticks [4.344 4.000 3.922 4.031 3.594 3.891 3.797 3.875] | Δticks -0.469 | ETA 33.6h
step  94170 | loss 9.1020 | lr 1.66e-04 | grad 1.57 | 1.1k tok/s (avg 0.9k) | cert 0.45→0.60 | ticks [5.219 4.594 4.406 4.500 4.375 4.656 4.406 4.438] | Δticks -0.781 | ETA 33.6h
step  94180 | loss 9.9752 | lr 1.66e-04 | grad 1.43 | 0.8k tok/s (avg 0.9k) | cert 0.40→0.56 | ticks [5.750 5.344 5.125 5.094 5.094 5.312 5.156 5.188] | Δticks -0.562 | ETA 33.6h
step  94190 | loss 8.4319 | lr 1.66e-04 | grad 1.43 | 1.1k tok/s (avg 0.9k) | cert 0.46→0.63 | ticks [5.281 4.281 4.344 4.219 4.125 4.438 4.438 4.250] | Δticks -1.031 | ETA 33.6h
step  94200 | loss 8.1826 | lr 1.66e-04 | grad 1.45 | 0.8k tok/s (avg 0.9k) | cert 0.32→0.46 | ticks [6.250 5.344 5.250 5.250 5.375 5.469 5.312 5.594] | Δticks -0.656 | ETA 33.6h
step  94210 | loss 9.3397 | lr 1.66e-04 | grad 1.30 | 0.8k tok/s (avg 0.9k) | cert 0.42→0.62 | ticks [5.688 4.906 4.781 4.938 4.594 4.938 4.812 4.875] | Δticks -0.812 | ETA 33.6h
step  94220 | loss 7.4602 | lr 1.66e-04 | grad 1.30 | 1.1k tok/s (avg 0.9k) | cert 0.33→0.56 | ticks [5.844 5.000 4.938 4.938 4.750 4.969 4.812 4.812] | Δticks -1.031 | ETA 33.6h
step  94230 | loss 6.9197 | lr 1.66e-04 | grad 1.27 | 0.8k tok/s (avg 0.9k) | cert 0.34→0.61 | ticks [5.250 4.438 4.375 4.281 4.312 4.719 4.562 4.281] | Δticks -0.969 | ETA 33.6h
step  94240 | loss 7.0914 | lr 1.66e-04 | grad 1.37 | 0.8k tok/s (avg 0.9k) | cert 0.26→0.53 | ticks [5.625 4.469 4.375 4.531 4.500 4.594 4.469 4.594] | Δticks -1.031 | ETA 33.6h
step  94250 | loss 7.0570 | lr 1.66e-04 | grad 1.37 | 1.1k tok/s (avg 0.9k) | cert 0.44→0.59 | ticks [5.344 4.906 4.844 4.781 4.625 4.656 4.719 4.750] | Δticks -0.594 | ETA 33.6h
step  94260 | loss 7.2815 | lr 1.66e-04 | grad 1.40 | 0.8k tok/s (avg 0.9k) | cert 0.46→0.66 | ticks [4.281 3.719 3.594 3.594 3.375 3.891 3.922 3.484] | Δticks -0.797 | ETA 33.6h
step  94270 | loss 7.4725 | lr 1.66e-04 | grad 1.40 | 1.1k tok/s (avg 0.9k) | cert 0.33→0.52 | ticks [6.250 5.656 5.375 5.531 5.375 5.594 5.469 5.469] | Δticks -0.781 | ETA 33.6h
step  94280 | loss 6.3660 | lr 1.66e-04 | grad 1.43 | 0.8k tok/s (avg 0.9k) | cert 0.38→0.58 | ticks [5.250 4.094 4.156 4.188 4.312 4.281 4.281 4.219] | Δticks -1.031 | ETA 33.5h
step  94290 | loss 6.8947 | lr 1.66e-04 | grad 1.36 | 0.8k tok/s (avg 0.9k) | cert 0.29→0.60 | ticks [5.219 4.219 4.125 4.031 4.062 4.438 4.281 4.094] | Δticks -1.125 | ETA 33.5h
step  94300 | loss 7.3525 | lr 1.66e-04 | grad 1.36 | 1.1k tok/s (avg 0.9k) | cert 0.39→0.63 | ticks [4.719 4.031 3.906 3.844 3.828 4.156 3.953 3.781] | Δticks -0.938 | ETA 33.5h
step  94310 | loss 6.6095 | lr 1.66e-04 | grad 1.41 | 0.8k tok/s (avg 0.9k) | cert 0.40→0.59 | ticks [4.781 4.094 3.828 3.734 3.781 4.094 4.000 4.000] | Δticks -0.781 | ETA 33.5h
step  94320 | loss 8.0350 | lr 1.66e-04 | grad 1.31 | 0.8k tok/s (avg 0.9k) | cert 0.45→0.64 | ticks [4.406 3.812 3.703 3.781 3.547 3.969 3.906 3.656] | Δticks -0.750 | ETA 33.5h
step  94330 | loss 9.1411 | lr 1.66e-04 | grad 1.31 | 1.1k tok/s (avg 0.9k) | cert 0.34→0.62 | ticks [5.438 4.562 4.406 4.562 4.375 4.719 4.719 4.469] | Δticks -0.969 | ETA 33.5h
step  94340 | loss 5.7991 | lr 1.66e-04 | grad 1.45 | 0.8k tok/s (avg 0.9k) | cert 0.41→0.62 | ticks [4.656 4.031 3.969 3.844 3.828 4.219 4.062 3.734] | Δticks -0.922 | ETA 33.5h
step  94350 | loss 7.4938 | lr 1.66e-04 | grad 1.45 | 1.1k tok/s (avg 0.9k) | cert 0.31→0.48 | ticks [6.312 5.156 5.281 5.406 5.500 5.562 5.531 5.438] | Δticks -0.875 | ETA 33.5h
step  94360 | loss 9.3723 | lr 1.66e-04 | grad 1.37 | 0.8k tok/s (avg 0.9k) | cert 0.42→0.53 | ticks [5.812 4.656 4.656 4.781 4.781 4.938 4.812 4.875] | Δticks -0.938 | ETA 33.5h
step  94370 | loss 9.0760 | lr 1.66e-04 | grad 1.27 | 0.8k tok/s (avg 0.9k) | cert 0.42→0.62 | ticks [4.938 4.469 4.344 4.375 4.188 4.594 4.250 4.219] | Δticks -0.719 | ETA 33.5h
step  94380 | loss 7.3534 | lr 1.66e-04 | grad 1.27 | 1.1k tok/s (avg 0.9k) | cert 0.46→0.65 | ticks [4.750 4.062 3.781 3.766 3.781 4.094 4.062 3.984] | Δticks -0.766 | ETA 33.5h
step  94390 | loss 6.9307 | lr 1.66e-04 | grad 1.40 | 0.8k tok/s (avg 0.9k) | cert 0.38→0.68 | ticks [5.000 4.281 4.094 4.000 3.953 4.281 4.281 4.000] | Δticks -1.000 | ETA 33.5h
step  94400 | loss 7.6623 | lr 1.66e-04 | grad 1.27 | 0.8k tok/s (avg 0.9k) | cert 0.39→0.63 | ticks [4.906 4.156 4.062 4.000 3.984 4.344 4.250 3.953] | Δticks -0.953 | ETA 33.5h
step  94410 | loss 7.3388 | lr 1.66e-04 | grad 1.27 | 1.1k tok/s (avg 0.9k) | cert 0.37→0.64 | ticks [4.844 3.922 3.828 3.891 3.875 4.156 3.984 3.875] | Δticks -0.969 | ETA 33.5h
step  94420 | loss 7.7331 | lr 1.66e-04 | grad 1.45 | 0.8k tok/s (avg 0.9k) | cert 0.41→0.64 | ticks [5.156 4.688 4.375 4.312 4.281 4.625 4.594 4.438] | Δticks -0.719 | ETA 33.5h
step  94430 | loss 10.2761 | lr 1.66e-04 | grad 1.45 | 1.1k tok/s (avg 0.9k) | cert 0.53→0.67 | ticks [5.125 4.594 4.469 4.531 4.219 4.688 4.500 4.406] | Δticks -0.719 | ETA 33.5h
step  94440 | loss 7.6875 | lr 1.66e-04 | grad 1.43 | 0.8k tok/s (avg 0.9k) | cert 0.44→0.65 | ticks [4.969 4.531 4.281 4.219 4.219 4.500 4.469 4.344] | Δticks -0.625 | ETA 33.5h
step  94450 | loss 8.4683 | lr 1.66e-04 | grad 1.32 | 0.8k tok/s (avg 0.9k) | cert 0.26→0.56 | ticks [6.594 5.344 5.156 5.156 5.094 5.531 5.250 5.000] | Δticks -1.594 | ETA 33.5h
step  94460 | loss 9.4178 | lr 1.66e-04 | grad 1.32 | 1.1k tok/s (avg 0.9k) | cert 0.37→0.52 | ticks [5.094 4.500 4.594 4.562 4.844 4.938 4.750 4.594] | Δticks -0.500 | ETA 33.5h
step  94470 | loss 7.0764 | lr 1.66e-04 | grad 1.51 | 0.8k tok/s (avg 0.9k) | cert 0.41→0.63 | ticks [5.062 4.219 4.125 4.062 4.094 4.406 4.188 4.094] | Δticks -0.969 | ETA 33.5h
step  94480 | loss 6.4130 | lr 1.65e-04 | grad 1.49 | 0.8k tok/s (avg 0.9k) | cert 0.41→0.62 | ticks [4.469 3.953 3.719 3.734 3.641 3.953 3.797 3.797] | Δticks -0.672 | ETA 33.5h
step  94490 | loss 8.6653 | lr 1.65e-04 | grad 1.49 | 1.1k tok/s (avg 0.9k) | cert 0.37→0.60 | ticks [5.469 4.562 4.500 4.531 4.406 4.625 4.531 4.469] | Δticks -1.000 | ETA 33.5h
step  94500 | loss 7.5009 | lr 1.65e-04 | grad 1.31 | 0.8k tok/s (avg 0.9k) | cert 0.24→0.52 | ticks [6.719 5.625 5.281 5.375 5.281 5.656 5.406 5.469] | Δticks -1.250 | ETA 33.5h
step  94510 | loss 7.7332 | lr 1.65e-04 | grad 1.31 | 1.1k tok/s (avg 0.9k) | cert 0.41→0.62 | ticks [5.281 4.500 4.406 4.344 4.312 4.625 4.500 4.281] | Δticks -1.000 | ETA 33.5h
step  94520 | loss 7.7079 | lr 1.65e-04 | grad 1.57 | 0.8k tok/s (avg 0.9k) | cert 0.44→0.57 | ticks [5.594 5.125 4.875 4.844 4.625 4.969 4.969 4.906] | Δticks -0.688 | ETA 33.5h
step  94530 | loss 8.3775 | lr 1.65e-04 | grad 1.41 | 0.8k tok/s (avg 0.9k) | cert 0.31→0.59 | ticks [5.250 4.156 4.094 3.922 4.094 4.375 4.125 4.000] | Δticks -1.250 | ETA 33.5h
step  94540 | loss 7.9174 | lr 1.65e-04 | grad 1.41 | 1.1k tok/s (avg 0.9k) | cert 0.28→0.53 | ticks [6.094 5.281 5.125 5.250 5.125 5.531 5.375 5.375] | Δticks -0.719 | ETA 33.5h
step  94550 | loss 8.8354 | lr 1.65e-04 | grad 1.50 | 0.8k tok/s (avg 0.9k) | cert 0.29→0.50 | ticks [6.719 5.969 5.688 5.812 5.844 6.062 5.969 5.969] | Δticks -0.750 | ETA 33.5h
step  94560 | loss 10.3790 | lr 1.65e-04 | grad 1.49 | 0.8k tok/s (avg 0.9k) | cert 0.68→0.73 | ticks [4.250 3.781 3.922 3.750 3.609 4.000 4.094 3.750] | Δticks -0.500 | ETA 33.5h
step  94570 | loss 7.1677 | lr 1.65e-04 | grad 1.49 | 1.1k tok/s (avg 0.9k) | cert 0.22→0.54 | ticks [6.719 5.469 5.438 5.531 5.344 5.562 5.562 5.531] | Δticks -1.188 | ETA 33.5h
step  94580 | loss 9.9457 | lr 1.65e-04 | grad 1.35 | 0.8k tok/s (avg 0.9k) | cert 0.36→0.54 | ticks [5.344 4.531 4.406 4.281 4.438 4.750 4.469 4.625] | Δticks -0.719 | ETA 33.5h
step  94590 | loss 7.9283 | lr 1.65e-04 | grad 1.35 | 1.1k tok/s (avg 0.9k) | cert 0.23→0.47 | ticks [6.938 6.156 5.656 5.844 5.781 6.000 5.875 5.938] | Δticks -1.000 | ETA 33.5h
step  94600 | loss 9.2154 | lr 1.65e-04 | grad 1.58 | 0.8k tok/s (avg 0.9k) | cert 0.28→0.44 | ticks [6.250 5.531 5.500 5.500 5.531 5.719 5.562 5.750] | Δticks -0.500 | ETA 33.4h
step  94610 | loss 8.6532 | lr 1.65e-04 | grad 1.26 | 0.8k tok/s (avg 0.9k) | cert 0.42→0.64 | ticks [4.562 3.984 3.844 3.750 3.688 4.031 4.188 3.750] | Δticks -0.812 | ETA 33.4h
step  94620 | loss 7.7882 | lr 1.65e-04 | grad 1.26 | 1.1k tok/s (avg 0.9k) | cert 0.35→0.60 | ticks [5.344 4.500 4.406 4.375 4.375 4.625 4.438 4.281] | Δticks -1.062 | ETA 33.4h
step  94630 | loss 7.3018 | lr 1.65e-04 | grad 1.93 | 0.8k tok/s (avg 0.9k) | cert 0.27→0.50 | ticks [6.031 5.500 5.000 5.125 5.156 5.500 5.156 5.188] | Δticks -0.844 | ETA 33.4h
step  94640 | loss 6.7267 | lr 1.65e-04 | grad 1.59 | 0.8k tok/s (avg 0.9k) | cert 0.31→0.50 | ticks [5.281 4.250 4.094 4.125 4.281 4.438 4.219 4.406] | Δticks -0.875 | ETA 33.4h
step  94650 | loss 8.8276 | lr 1.65e-04 | grad 1.59 | 1.1k tok/s (avg 0.9k) | cert 0.31→0.60 | ticks [5.500 4.469 4.406 4.469 4.312 4.594 4.469 4.375] | Δticks -1.125 | ETA 33.4h
step  94660 | loss 11.2690 | lr 1.65e-04 | grad 1.41 | 0.8k tok/s (avg 0.9k) | cert 0.67→0.71 | ticks [4.531 3.875 3.922 3.828 3.578 4.188 3.938 3.781] | Δticks -0.750 | ETA 33.4h
step  94670 | loss 7.7419 | lr 1.65e-04 | grad 1.41 | 1.1k tok/s (avg 0.9k) | cert 0.37→0.62 | ticks [4.719 3.953 3.828 3.734 3.828 4.062 3.906 3.844] | Δticks -0.875 | ETA 33.4h
step  94680 | loss 6.5681 | lr 1.65e-04 | grad 1.55 | 0.8k tok/s (avg 0.9k) | cert 0.48→0.68 | ticks [4.188 3.562 3.516 3.453 3.312 3.875 3.688 3.609] | Δticks -0.578 | ETA 33.4h
step  94690 | loss 8.2534 | lr 1.65e-04 | grad 1.41 | 0.8k tok/s (avg 0.9k) | cert 0.53→0.68 | ticks [4.688 3.906 3.859 3.875 3.766 3.953 4.062 3.781] | Δticks -0.906 | ETA 33.4h
step  94700 | loss 10.4617 | lr 1.65e-04 | grad 1.41 | 1.1k tok/s (avg 0.9k) | cert 0.49→0.67 | ticks [5.156 4.375 4.562 4.469 4.500 5.000 4.750 4.469] | Δticks -0.688 | ETA 33.4h
step  94710 | loss 8.0293 | lr 1.65e-04 | grad 1.40 | 0.8k tok/s (avg 0.9k) | cert 0.37→0.54 | ticks [5.406 4.844 4.688 4.656 4.719 4.844 4.656 4.688] | Δticks -0.719 | ETA 33.4h
step  94720 | loss 7.4056 | lr 1.65e-04 | grad 1.37 | 0.8k tok/s (avg 0.9k) | cert 0.47→0.62 | ticks [4.938 4.062 3.828 3.969 3.844 4.344 4.031 3.984] | Δticks -0.953 | ETA 33.4h
step  94730 | loss 7.8586 | lr 1.65e-04 | grad 1.37 | 1.1k tok/s (avg 0.9k) | cert 0.28→0.50 | ticks [6.156 5.438 5.156 5.156 5.219 5.406 5.094 5.156] | Δticks -1.000 | ETA 33.4h
step  94740 | loss 6.7272 | lr 1.65e-04 | grad 1.27 | 0.8k tok/s (avg 0.9k) | cert 0.30→0.55 | ticks [5.156 4.031 3.938 3.953 3.984 4.219 4.094 4.062] | Δticks -1.094 | ETA 33.4h
step  94750 | loss 8.4622 | lr 1.65e-04 | grad 1.27 | 1.1k tok/s (avg 0.9k) | cert 0.55→0.61 | ticks [5.250 4.750 4.719 4.719 4.594 4.938 4.844 4.656] | Δticks -0.594 | ETA 33.4h
step  94760 | loss 6.9623 | lr 1.65e-04 | grad 1.49 | 0.8k tok/s (avg 0.9k) | cert 0.60→0.70 | ticks [3.766 3.188 3.203 3.281 3.156 3.547 3.391 3.281] | Δticks -0.484 | ETA 33.4h
step  94770 | loss 8.8716 | lr 1.65e-04 | grad 1.49 | 0.8k tok/s (avg 0.9k) | cert 0.48→0.61 | ticks [4.969 4.531 4.406 4.438 4.219 4.625 4.438 4.219] | Δticks -0.750 | ETA 33.4h
step  94780 | loss 7.7406 | lr 1.65e-04 | grad 1.49 | 1.1k tok/s (avg 0.9k) | cert 0.33→0.55 | ticks [6.188 5.500 5.281 5.281 5.219 5.375 5.281 5.281] | Δticks -0.906 | ETA 33.4h
step  94790 | loss 6.9071 | lr 1.65e-04 | grad 1.45 | 0.8k tok/s (avg 0.9k) | cert 0.34→0.56 | ticks [5.656 4.969 4.688 4.656 4.594 5.031 4.625 4.625] | Δticks -1.031 | ETA 33.4h
step  94800 | loss 7.2643 | lr 1.65e-04 | grad 1.48 | 0.8k tok/s (avg 0.9k) | cert 0.47→0.64 | ticks [4.844 4.375 4.062 4.125 4.031 4.469 4.219 4.219] | Δticks -0.625 | ETA 33.4h
step  94810 | loss 8.2618 | lr 1.65e-04 | grad 1.48 | 1.1k tok/s (avg 0.9k) | cert 0.23→0.38 | ticks [7.000 6.125 6.031 5.938 6.000 6.156 6.000 6.156] | Δticks -0.844 | ETA 33.4h
step  94820 | loss 8.2000 | lr 1.65e-04 | grad 1.43 | 0.8k tok/s (avg 0.9k) | cert 0.34→0.54 | ticks [5.531 4.969 4.781 4.781 4.656 4.906 4.750 4.719] | Δticks -0.812 | ETA 33.4h
step  94830 | loss 7.2744 | lr 1.65e-04 | grad 1.43 | 1.1k tok/s (avg 0.9k) | cert 0.26→0.47 | ticks [6.406 5.312 5.156 5.125 5.094 5.438 5.219 5.312] | Δticks -1.094 | ETA 33.4h
step  94840 | loss 6.0989 | lr 1.65e-04 | grad 1.72 | 0.8k tok/s (avg 0.9k) | cert 0.45→0.68 | ticks [4.344 3.812 3.625 3.453 3.328 3.875 3.672 3.625] | Δticks -0.719 | ETA 33.4h
step  94850 | loss 9.6684 | lr 1.65e-04 | grad 1.38 | 0.8k tok/s (avg 0.9k) | cert 0.41→0.60 | ticks [6.000 5.312 5.344 5.344 5.062 5.469 5.281 5.156] | Δticks -0.844 | ETA 33.4h
step  94860 | loss 8.8307 | lr 1.65e-04 | grad 1.38 | 1.1k tok/s (avg 0.9k) | cert 0.49→0.66 | ticks [4.750 4.281 4.062 4.031 3.969 4.375 4.156 4.062] | Δticks -0.688 | ETA 33.4h
step  94870 | loss 9.4464 | lr 1.65e-04 | grad 1.39 | 0.8k tok/s (avg 0.9k) | cert 0.31→0.48 | ticks [6.375 5.750 5.656 5.625 5.688 5.938 5.719 5.594] | Δticks -0.781 | ETA 33.4h
step  94880 | loss 8.0515 | lr 1.65e-04 | grad 1.63 | 0.8k tok/s (avg 0.9k) | cert 0.42→0.62 | ticks [4.469 3.781 3.719 3.781 3.594 4.031 3.688 3.672] | Δticks -0.797 | ETA 33.4h
step  94890 | loss 7.2874 | lr 1.65e-04 | grad 1.63 | 1.1k tok/s (avg 0.9k) | cert 0.24→0.47 | ticks [6.250 5.125 5.188 5.250 5.312 5.281 5.188 5.250] | Δticks -1.000 | ETA 33.4h
step  94900 | loss 7.3711 | lr 1.64e-04 | grad 1.32 | 0.8k tok/s (avg 0.9k) | cert 0.37→0.58 | ticks [5.438 4.844 4.406 4.406 4.406 4.688 4.500 4.625] | Δticks -0.812 | ETA 33.4h
step  94910 | loss 10.4828 | lr 1.64e-04 | grad 1.32 | 1.1k tok/s (avg 0.9k) | cert 0.54→0.67 | ticks [5.031 4.250 4.188 4.094 4.188 4.625 4.531 4.062] | Δticks -0.969 | ETA 33.3h
step  94920 | loss 9.2845 | lr 1.64e-04 | grad 1.48 | 0.8k tok/s (avg 0.9k) | cert 0.36→0.59 | ticks [5.438 4.562 4.500 4.375 4.500 4.781 4.656 4.500] | Δticks -0.938 | ETA 33.3h
step  94930 | loss 8.1073 | lr 1.64e-04 | grad 1.34 | 0.8k tok/s (avg 0.9k) | cert 0.53→0.69 | ticks [4.906 4.219 3.891 3.766 3.812 4.219 4.062 3.938] | Δticks -0.969 | ETA 33.3h
step  94940 | loss 7.4631 | lr 1.64e-04 | grad 1.34 | 1.1k tok/s (avg 0.9k) | cert 0.37→0.60 | ticks [5.156 4.438 4.375 4.469 4.438 4.906 4.562 4.375] | Δticks -0.781 | ETA 33.3h
step  94950 | loss 9.5592 | lr 1.64e-04 | grad 1.41 | 0.8k tok/s (avg 0.9k) | cert 0.20→0.42 | ticks [7.562 6.438 6.219 6.281 6.375 6.531 6.344 6.469] | Δticks -1.094 | ETA 33.3h
step  94960 | loss 7.7393 | lr 1.64e-04 | grad 1.35 | 0.8k tok/s (avg 0.9k) | cert 0.42→0.62 | ticks [4.844 4.156 3.984 4.125 3.969 4.406 4.094 4.125] | Δticks -0.719 | ETA 33.3h
step  94970 | loss 7.4366 | lr 1.64e-04 | grad 1.35 | 1.1k tok/s (avg 0.9k) | cert 0.40→0.54 | ticks [4.719 3.875 3.828 3.891 4.031 4.156 4.031 4.125] | Δticks -0.594 | ETA 33.3h
step  94980 | loss 9.4154 | lr 1.64e-04 | grad 1.42 | 0.8k tok/s (avg 0.9k) | cert 0.29→0.59 | ticks [5.812 4.812 4.625 4.531 4.656 5.000 4.750 4.750] | Δticks -1.062 | ETA 33.3h
step  94990 | loss 8.8191 | lr 1.64e-04 | grad 1.42 | 1.1k tok/s (avg 0.9k) | cert 0.33→0.53 | ticks [6.000 5.219 5.062 5.000 5.031 5.406 5.062 5.000] | Δticks -1.000 | ETA 33.3h
step  95000 | loss 13.1409 | lr 1.64e-04 | grad 1.53 | 0.8k tok/s (avg 0.9k) | cert 0.38→0.43 | ticks [6.281 5.938 5.812 5.781 5.844 5.938 5.875 5.969] | Δticks -0.312 | ETA 33.3h
  Saved checkpoint at step 95000
step  95010 | loss 10.0449 | lr 1.64e-04 | grad 1.41 | 0.7k tok/s (avg 0.9k) | cert 0.40→0.65 | ticks [5.344 4.375 4.281 4.312 4.344 4.750 4.406 4.375] | Δticks -0.969 | ETA 33.3h
step  95020 | loss 7.3458 | lr 1.64e-04 | grad 1.41 | 1.1k tok/s (avg 0.9k) | cert 0.32→0.52 | ticks [5.938 5.062 4.969 5.125 5.031 5.156 5.188 5.094] | Δticks -0.844 | ETA 33.3h
step  95030 | loss 8.1684 | lr 1.64e-04 | grad 1.40 | 0.8k tok/s (avg 0.9k) | cert 0.47→0.62 | ticks [4.594 3.719 3.781 4.000 3.844 4.312 4.062 3.875] | Δticks -0.719 | ETA 33.3h
step  95040 | loss 9.0828 | lr 1.64e-04 | grad 1.22 | 0.8k tok/s (avg 0.9k) | cert 0.37→0.65 | ticks [5.000 4.156 4.031 3.984 3.891 4.438 4.156 3.969] | Δticks -1.031 | ETA 33.3h
step  95050 | loss 6.9790 | lr 1.64e-04 | grad 1.22 | 1.1k tok/s (avg 0.9k) | cert 0.31→0.59 | ticks [5.188 4.219 4.062 3.953 4.000 4.469 4.250 4.062] | Δticks -1.125 | ETA 33.3h
step  95060 | loss 7.3772 | lr 1.64e-04 | grad 1.38 | 0.8k tok/s (avg 0.9k) | cert 0.35→0.55 | ticks [5.938 5.000 4.750 4.750 4.656 5.094 4.969 4.938] | Δticks -1.000 | ETA 33.3h
step  95070 | loss 7.9447 | lr 1.64e-04 | grad 1.38 | 1.1k tok/s (avg 0.9k) | cert 0.23→0.44 | ticks [6.812 5.938 5.781 5.750 5.906 6.125 5.906 5.969] | Δticks -0.844 | ETA 33.3h
step  95080 | loss 9.8211 | lr 1.64e-04 | grad 1.41 | 0.8k tok/s (avg 0.9k) | cert 0.07→0.28 | ticks [9.562 8.250 8.125 8.250 8.250 8.375 8.312 8.312] | Δticks -1.250 | ETA 33.3h
step  95090 | loss 7.3150 | lr 1.64e-04 | grad 1.33 | 0.8k tok/s (avg 0.9k) | cert 0.33→0.61 | ticks [5.344 4.469 4.438 4.469 4.406 4.812 4.594 4.438] | Δticks -0.906 | ETA 33.3h
step  95100 | loss 7.4747 | lr 1.64e-04 | grad 1.33 | 1.1k tok/s (avg 0.9k) | cert 0.19→0.48 | ticks [7.219 5.938 5.781 5.844 5.750 6.188 5.938 5.781] | Δticks -1.438 | ETA 33.3h
step  95110 | loss 7.5923 | lr 1.64e-04 | grad 1.27 | 0.8k tok/s (avg 0.9k) | cert 0.38→0.56 | ticks [5.219 4.469 4.469 4.500 4.500 4.750 4.688 4.594] | Δticks -0.625 | ETA 33.3h
step  95120 | loss 7.6924 | lr 1.64e-04 | grad 1.30 | 0.8k tok/s (avg 0.9k) | cert 0.43→0.66 | ticks [5.062 4.156 3.984 3.938 3.953 4.188 4.188 3.953] | Δticks -1.109 | ETA 33.3h
step  95130 | loss 9.1729 | lr 1.64e-04 | grad 1.30 | 1.1k tok/s (avg 0.9k) | cert 0.61→0.69 | ticks [4.125 3.734 3.547 3.562 3.375 3.891 3.703 3.516] | Δticks -0.609 | ETA 33.3h
step  95140 | loss 7.7025 | lr 1.64e-04 | grad 1.30 | 0.8k tok/s (avg 0.9k) | cert 0.29→0.61 | ticks [5.750 4.469 4.656 4.625 4.781 5.125 4.875 4.531] | Δticks -1.219 | ETA 33.3h
step  95150 | loss 7.6660 | lr 1.64e-04 | grad 1.30 | 1.1k tok/s (avg 0.9k) | cert 0.43→0.64 | ticks [5.000 4.188 4.188 4.188 4.125 4.438 4.344 4.062] | Δticks -0.938 | ETA 33.3h
step  95160 | loss 8.7341 | lr 1.64e-04 | grad 1.34 | 0.8k tok/s (avg 0.9k) | cert 0.66→0.70 | ticks [3.953 3.578 3.547 3.516 3.344 3.922 3.859 3.469] | Δticks -0.484 | ETA 33.3h
step  95170 | loss 6.6900 | lr 1.64e-04 | grad 1.46 | 0.8k tok/s (avg 0.9k) | cert 0.42→0.65 | ticks [5.031 4.156 4.125 4.094 3.875 4.375 4.219 3.953] | Δticks -1.078 | ETA 33.3h
step  95180 | loss 6.5418 | lr 1.64e-04 | grad 1.46 | 1.1k tok/s (avg 0.9k) | cert 0.39→0.56 | ticks [5.750 4.594 4.812 4.844 4.562 4.750 4.844 4.938] | Δticks -0.812 | ETA 33.3h
step  95190 | loss 6.3731 | lr 1.64e-04 | grad 1.34 | 0.8k tok/s (avg 0.9k) | cert 0.53→0.66 | ticks [4.188 3.469 3.484 3.453 3.344 3.781 3.625 3.562] | Δticks -0.625 | ETA 33.3h
step  95200 | loss 6.6565 | lr 1.64e-04 | grad 1.42 | 0.8k tok/s (avg 0.9k) | cert 0.44→0.64 | ticks [4.688 3.750 3.625 3.656 3.547 4.125 3.891 3.672] | Δticks -1.016 | ETA 33.3h
step  95210 | loss 5.6452 | lr 1.64e-04 | grad 1.42 | 1.1k tok/s (avg 0.9k) | cert 0.30→0.54 | ticks [4.969 3.297 3.312 3.359 3.359 3.484 3.406 3.453] | Δticks -1.516 | ETA 33.3h
step  95220 | loss 9.6209 | lr 1.64e-04 | grad 1.48 | 0.8k tok/s (avg 0.9k) | cert 0.33→0.43 | ticks [5.281 4.594 4.688 4.781 4.625 5.031 4.906 4.969] | Δticks -0.312 | ETA 33.3h
step  95230 | loss 6.5210 | lr 1.64e-04 | grad 1.48 | 1.1k tok/s (avg 0.9k) | cert 0.38→0.62 | ticks [4.875 4.250 4.031 3.938 3.875 4.312 4.188 3.938] | Δticks -0.938 | ETA 33.2h
step  95240 | loss 7.2532 | lr 1.64e-04 | grad 1.55 | 0.8k tok/s (avg 0.9k) | cert 0.39→0.65 | ticks [5.438 4.312 4.188 4.188 4.094 4.562 4.281 4.281] | Δticks -1.156 | ETA 33.2h
step  95250 | loss 7.6322 | lr 1.64e-04 | grad 1.45 | 0.8k tok/s (avg 0.9k) | cert 0.22→0.47 | ticks [7.219 6.219 5.938 5.906 6.031 6.344 6.062 6.125] | Δticks -1.094 | ETA 33.2h
step  95260 | loss 11.9584 | lr 1.64e-04 | grad 1.45 | 1.1k tok/s (avg 0.9k) | cert 0.40→0.48 | ticks [5.688 5.000 4.812 4.906 4.875 5.094 5.000 5.156] | Δticks -0.531 | ETA 33.2h
step  95270 | loss 8.5061 | lr 1.64e-04 | grad 1.40 | 0.8k tok/s (avg 0.9k) | cert 0.56→0.68 | ticks [4.188 3.750 3.719 3.719 3.531 3.859 3.641 3.688] | Δticks -0.500 | ETA 33.2h
step  95280 | loss 7.2234 | lr 1.64e-04 | grad 1.34 | 0.8k tok/s (avg 0.9k) | cert 0.20→0.50 | ticks [7.156 5.938 5.594 5.688 5.625 6.125 5.781 5.750] | Δticks -1.406 | ETA 33.2h
step  95290 | loss 3.9414 | lr 1.64e-04 | grad 1.34 | 1.1k tok/s (avg 0.9k) | cert 0.39→0.68 | ticks [4.062 2.750 2.609 2.719 2.578 2.797 2.812 2.750] | Δticks -1.312 | ETA 33.2h
step  95300 | loss 10.6247 | lr 1.64e-04 | grad 1.52 | 0.8k tok/s (avg 0.9k) | cert 0.42→0.62 | ticks [5.656 4.969 4.688 4.750 4.750 5.156 4.875 4.719] | Δticks -0.938 | ETA 33.2h
step  95310 | loss 7.0752 | lr 1.64e-04 | grad 1.52 | 1.1k tok/s (avg 0.9k) | cert 0.33→0.61 | ticks [5.062 4.250 4.250 4.250 4.031 4.656 4.406 4.219] | Δticks -0.844 | ETA 33.2h
step  95320 | loss 6.9358 | lr 1.64e-04 | grad 1.57 | 0.8k tok/s (avg 0.9k) | cert 0.44→0.57 | ticks [5.438 4.875 4.812 4.875 4.656 4.844 4.781 4.719] | Δticks -0.719 | ETA 33.2h
step  95330 | loss 7.9791 | lr 1.63e-04 | grad 1.34 | 0.8k tok/s (avg 0.9k) | cert 0.53→0.60 | ticks [4.062 3.406 3.406 3.594 3.906 4.219 3.922 3.844] | Δticks -0.219 | ETA 33.2h
step  95340 | loss 7.1197 | lr 1.63e-04 | grad 1.34 | 1.1k tok/s (avg 0.9k) | cert 0.37→0.64 | ticks [4.750 3.797 3.656 3.578 3.609 3.719 3.750 3.688] | Δticks -1.062 | ETA 33.2h
step  95350 | loss 7.1073 | lr 1.63e-04 | grad 1.39 | 0.8k tok/s (avg 0.9k) | cert 0.61→0.67 | ticks [3.719 3.609 3.719 3.844 3.391 3.516 3.641 3.719] | Δticks +0.000 | ETA 33.2h
step  95360 | loss 7.0984 | lr 1.63e-04 | grad 1.53 | 0.8k tok/s (avg 0.9k) | cert 0.33→0.62 | ticks [5.250 4.500 4.219 4.250 4.250 4.688 4.344 4.219] | Δticks -1.031 | ETA 33.2h
step  95370 | loss 10.6001 | lr 1.63e-04 | grad 1.53 | 1.1k tok/s (avg 0.9k) | cert 0.77→0.73 | ticks [3.359 3.266 3.391 3.328 3.391 3.375 3.297 3.078] | Δticks -0.281 | ETA 33.2h
step  95380 | loss 9.2046 | lr 1.63e-04 | grad 1.34 | 0.8k tok/s (avg 0.9k) | cert 0.12→0.36 | ticks [8.750 7.594 7.344 7.438 7.500 7.750 7.594 7.750] | Δticks -1.000 | ETA 33.2h
step  95390 | loss 8.0727 | lr 1.63e-04 | grad 1.34 | 1.1k tok/s (avg 0.9k) | cert 0.49→0.64 | ticks [5.031 4.531 4.438 4.531 4.156 4.656 4.562 4.344] | Δticks -0.688 | ETA 33.2h
step  95400 | loss 7.0511 | lr 1.63e-04 | grad 1.47 | 0.8k tok/s (avg 0.9k) | cert 0.32→0.59 | ticks [5.750 4.562 4.438 4.406 4.500 4.781 4.625 4.375] | Δticks -1.375 | ETA 33.2h
step  95410 | loss 7.4244 | lr 1.63e-04 | grad 1.45 | 0.8k tok/s (avg 0.9k) | cert 0.24→0.51 | ticks [6.062 5.375 4.875 4.844 4.875 5.344 4.812 4.875] | Δticks -1.188 | ETA 33.2h
step  95420 | loss 6.1868 | lr 1.63e-04 | grad 1.45 | 1.1k tok/s (avg 0.9k) | cert 0.39→0.65 | ticks [4.781 4.031 3.891 3.656 3.719 4.125 3.906 3.828] | Δticks -0.953 | ETA 33.2h
step  95430 | loss 10.0608 | lr 1.63e-04 | grad 1.47 | 0.8k tok/s (avg 0.9k) | cert 0.50→0.64 | ticks [5.062 4.469 4.344 4.344 4.219 4.781 4.594 4.281] | Δticks -0.781 | ETA 33.2h
step  95440 | loss 7.6373 | lr 1.63e-04 | grad 1.37 | 0.8k tok/s (avg 0.9k) | cert 0.40→0.62 | ticks [4.969 4.156 3.969 3.906 3.906 4.375 4.062 3.984] | Δticks -0.984 | ETA 33.2h
step  95450 | loss 7.3038 | lr 1.63e-04 | grad 1.37 | 1.1k tok/s (avg 0.9k) | cert 0.19→0.60 | ticks [5.906 4.500 4.500 4.344 4.375 4.812 4.500 4.406] | Δticks -1.500 | ETA 33.2h
step  95460 | loss 8.5098 | lr 1.63e-04 | grad 1.55 | 0.8k tok/s (avg 0.9k) | cert 0.39→0.54 | ticks [5.281 4.594 4.531 4.625 4.531 4.875 4.625 4.750] | Δticks -0.531 | ETA 33.2h
step  95470 | loss 6.5979 | lr 1.63e-04 | grad 1.55 | 1.1k tok/s (avg 0.9k) | cert 0.36→0.62 | ticks [4.906 4.312 4.031 4.094 3.891 4.375 4.031 4.062] | Δticks -0.844 | ETA 33.2h
step  95480 | loss 8.3735 | lr 1.63e-04 | grad 1.44 | 0.8k tok/s (avg 0.9k) | cert 0.42→0.66 | ticks [5.188 4.312 4.219 4.156 3.922 4.344 4.188 4.031] | Δticks -1.156 | ETA 33.2h
step  95490 | loss 7.1965 | lr 1.63e-04 | grad 1.35 | 0.8k tok/s (avg 0.9k) | cert 0.42→0.55 | ticks [4.969 4.406 4.375 4.469 4.281 4.469 4.219 4.375] | Δticks -0.594 | ETA 33.2h
step  95500 | loss 8.8040 | lr 1.63e-04 | grad 1.35 | 1.1k tok/s (avg 0.9k) | cert 0.24→0.61 | ticks [5.938 4.969 4.906 4.875 4.812 5.219 5.000 4.844] | Δticks -1.094 | ETA 33.2h
step  95510 | loss 7.6347 | lr 1.63e-04 | grad 1.32 | 0.8k tok/s (avg 0.9k) | cert 0.41→0.62 | ticks [5.188 4.500 4.188 4.281 4.219 4.594 4.375 4.281] | Δticks -0.906 | ETA 33.2h
step  95520 | loss 5.5831 | lr 1.63e-04 | grad 1.38 | 0.8k tok/s (avg 0.9k) | cert 0.22→0.52 | ticks [5.469 4.094 4.062 4.062 4.062 4.312 4.188 4.031] | Δticks -1.438 | ETA 33.2h
step  95530 | loss 8.8457 | lr 1.63e-04 | grad 1.38 | 1.1k tok/s (avg 0.9k) | cert 0.47→0.61 | ticks [4.844 4.031 3.969 4.188 4.125 4.500 4.344 4.250] | Δticks -0.594 | ETA 33.2h
step  95540 | loss 9.8587 | lr 1.63e-04 | grad 1.56 | 0.8k tok/s (avg 0.9k) | cert 0.63→0.73 | ticks [4.031 3.672 3.516 3.516 3.438 3.844 3.859 3.594] | Δticks -0.438 | ETA 33.2h
step  95550 | loss 6.9493 | lr 1.63e-04 | grad 1.56 | 1.1k tok/s (avg 0.9k) | cert 0.35→0.60 | ticks [5.000 4.250 4.125 4.094 3.984 4.469 4.312 4.156] | Δticks -0.844 | ETA 33.1h
step  95560 | loss 5.2479 | lr 1.63e-04 | grad 1.36 | 0.8k tok/s (avg 0.9k) | cert 0.34→0.57 | ticks [4.875 3.500 3.375 3.453 3.422 3.500 3.516 3.609] | Δticks -1.266 | ETA 33.1h
step  95570 | loss 8.4154 | lr 1.63e-04 | grad 1.41 | 0.8k tok/s (avg 0.9k) | cert 0.48→0.67 | ticks [4.938 4.219 4.188 4.188 3.969 4.531 4.375 4.188] | Δticks -0.750 | ETA 33.1h
step  95580 | loss 7.1572 | lr 1.63e-04 | grad 1.41 | 1.1k tok/s (avg 0.9k) | cert 0.35→0.54 | ticks [5.312 4.875 4.531 4.656 4.594 5.000 4.625 4.625] | Δticks -0.688 | ETA 33.1h
step  95590 | loss 4.4976 | lr 1.63e-04 | grad 1.26 | 0.8k tok/s (avg 0.9k) | cert 0.39→0.60 | ticks [4.375 3.094 2.984 3.094 3.094 3.203 3.172 3.172] | Δticks -1.203 | ETA 33.1h
step  95600 | loss 6.5642 | lr 1.63e-04 | grad 1.30 | 0.8k tok/s (avg 0.9k) | cert 0.34→0.59 | ticks [5.094 4.125 4.094 4.062 4.062 4.375 4.125 4.062] | Δticks -1.031 | ETA 33.1h
step  95610 | loss 8.9062 | lr 1.63e-04 | grad 1.30 | 1.1k tok/s (avg 0.9k) | cert 0.55→0.63 | ticks [5.094 4.406 4.312 4.406 4.344 4.812 4.562 4.344] | Δticks -0.750 | ETA 33.1h
step  95620 | loss 7.7329 | lr 1.63e-04 | grad 1.40 | 0.8k tok/s (avg 0.9k) | cert 0.43→0.69 | ticks [5.156 3.922 3.906 3.906 3.734 3.953 3.984 3.781] | Δticks -1.375 | ETA 33.1h
step  95630 | loss 7.3435 | lr 1.63e-04 | grad 1.40 | 1.1k tok/s (avg 0.9k) | cert 0.48→0.65 | ticks [4.656 4.125 4.000 4.000 4.062 4.531 4.375 3.859] | Δticks -0.797 | ETA 33.1h
step  95640 | loss 7.9471 | lr 1.63e-04 | grad 1.27 | 0.8k tok/s (avg 0.9k) | cert 0.37→0.65 | ticks [5.344 4.188 4.125 4.156 4.062 4.562 4.344 4.125] | Δticks -1.219 | ETA 33.1h
step  95650 | loss 7.7927 | lr 1.63e-04 | grad 1.41 | 0.8k tok/s (avg 0.9k) | cert 0.27→0.61 | ticks [5.375 4.250 4.156 4.219 4.031 4.531 4.250 4.125] | Δticks -1.250 | ETA 33.1h
step  95660 | loss 7.1079 | lr 1.63e-04 | grad 1.41 | 1.1k tok/s (avg 0.9k) | cert 0.39→0.64 | ticks [5.344 4.375 4.125 4.094 3.922 4.469 4.250 4.250] | Δticks -1.094 | ETA 33.1h
step  95670 | loss 7.4089 | lr 1.63e-04 | grad 1.52 | 0.8k tok/s (avg 0.9k) | cert 0.29→0.54 | ticks [5.969 4.844 4.719 4.781 4.688 5.156 4.875 4.719] | Δticks -1.250 | ETA 33.1h
step  95680 | loss 6.8889 | lr 1.63e-04 | grad 1.35 | 0.8k tok/s (avg 0.9k) | cert 0.38→0.61 | ticks [5.094 4.312 4.156 4.094 4.125 4.469 4.281 4.125] | Δticks -0.969 | ETA 33.1h
step  95690 | loss 6.1701 | lr 1.63e-04 | grad 1.35 | 1.1k tok/s (avg 0.9k) | cert 0.51→0.61 | ticks [4.406 4.031 3.891 3.938 3.703 3.828 3.859 3.859] | Δticks -0.547 | ETA 33.1h
step  95700 | loss 6.6556 | lr 1.63e-04 | grad 1.26 | 0.8k tok/s (avg 0.9k) | cert 0.41→0.62 | ticks [4.844 4.219 3.953 3.938 3.953 4.281 4.062 3.906] | Δticks -0.938 | ETA 33.1h
step  95710 | loss 7.0229 | lr 1.63e-04 | grad 1.26 | 1.1k tok/s (avg 0.9k) | cert 0.55→0.61 | ticks [5.062 4.531 4.438 4.594 4.469 4.781 4.688 4.500] | Δticks -0.562 | ETA 33.1h
step  95720 | loss 8.8402 | lr 1.63e-04 | grad 1.48 | 0.8k tok/s (avg 0.9k) | cert 0.21→0.39 | ticks [7.719 6.531 6.406 6.344 6.219 6.594 6.469 6.688] | Δticks -1.031 | ETA 33.1h
step  95730 | loss 9.3703 | lr 1.63e-04 | grad 1.51 | 0.8k tok/s (avg 0.9k) | cert 0.54→0.66 | ticks [5.094 3.906 3.828 3.984 3.859 4.062 3.938 4.062] | Δticks -1.031 | ETA 33.1h
step  95740 | loss 9.0328 | lr 1.63e-04 | grad 1.51 | 1.1k tok/s (avg 0.9k) | cert 0.41→0.55 | ticks [5.375 4.594 4.469 4.500 4.500 4.781 4.625 4.750] | Δticks -0.625 | ETA 33.1h
step  95750 | loss 9.7888 | lr 1.62e-04 | grad 1.62 | 0.8k tok/s (avg 0.9k) | cert 0.66→0.63 | ticks [3.391 3.109 3.188 3.578 3.344 3.500 3.453 3.219] | Δticks -0.172 | ETA 33.1h
step  95760 | loss 8.5007 | lr 1.62e-04 | grad 1.65 | 0.8k tok/s (avg 0.9k) | cert 0.41→0.62 | ticks [5.406 4.625 4.656 4.719 4.719 5.031 4.969 4.688] | Δticks -0.719 | ETA 33.1h
step  95770 | loss 8.4242 | lr 1.62e-04 | grad 1.65 | 1.1k tok/s (avg 0.9k) | cert 0.21→0.49 | ticks [7.000 6.156 6.000 6.031 6.000 6.156 6.094 6.000] | Δticks -1.000 | ETA 33.1h
step  95780 | loss 11.1825 | lr 1.62e-04 | grad 1.52 | 0.8k tok/s (avg 0.9k) | cert 0.59→0.70 | ticks [4.969 4.219 4.281 4.500 4.125 4.562 4.500 4.250] | Δticks -0.719 | ETA 33.1h
step  95790 | loss 6.8789 | lr 1.62e-04 | grad 1.52 | 1.1k tok/s (avg 0.9k) | cert 0.36→0.61 | ticks [5.406 4.688 4.562 4.531 4.438 4.875 4.625 4.406] | Δticks -1.000 | ETA 33.1h
step  95800 | loss 9.4875 | lr 1.62e-04 | grad 1.63 | 0.8k tok/s (avg 0.9k) | cert 0.23→0.39 | ticks [8.125 6.969 7.031 7.000 6.875 7.062 7.062 7.250] | Δticks -0.875 | ETA 33.1h
step  95810 | loss 7.4716 | lr 1.62e-04 | grad 1.58 | 0.8k tok/s (avg 0.9k) | cert 0.30→0.53 | ticks [5.938 5.188 5.000 4.875 4.812 5.062 5.000 5.031] | Δticks -0.906 | ETA 33.1h
step  95820 | loss 7.0746 | lr 1.62e-04 | grad 1.58 | 1.1k tok/s (avg 0.9k) | cert 0.48→0.64 | ticks [4.781 4.062 3.984 4.000 3.828 4.344 4.188 3.969] | Δticks -0.812 | ETA 33.1h
step  95830 | loss 6.7594 | lr 1.62e-04 | grad 1.26 | 0.8k tok/s (avg 0.9k) | cert 0.39→0.62 | ticks [4.875 4.219 4.219 4.094 4.062 4.531 4.281 4.156] | Δticks -0.719 | ETA 33.1h
step  95840 | loss 9.5207 | lr 1.62e-04 | grad 1.48 | 0.8k tok/s (avg 0.9k) | cert 0.26→0.45 | ticks [6.594 5.656 5.469 5.500 5.469 5.812 5.750 5.875] | Δticks -0.719 | ETA 33.1h
step  95850 | loss 8.8828 | lr 1.62e-04 | grad 1.48 | 1.1k tok/s (avg 0.9k) | cert 0.52→0.65 | ticks [5.281 4.531 4.656 4.625 4.281 4.781 4.500 4.531] | Δticks -0.750 | ETA 33.1h
step  95860 | loss 6.6583 | lr 1.62e-04 | grad 1.48 | 0.8k tok/s (avg 0.9k) | cert 0.43→0.69 | ticks [5.156 4.156 3.938 4.094 3.750 4.406 4.281 3.953] | Δticks -1.203 | ETA 33.1h
step  95870 | loss 6.8843 | lr 1.62e-04 | grad 1.48 | 1.1k tok/s (avg 0.9k) | cert 0.58→0.73 | ticks [4.688 4.031 4.250 4.188 3.922 4.031 4.094 4.125] | Δticks -0.562 | ETA 33.0h
step  95880 | loss 8.7433 | lr 1.62e-04 | grad 1.41 | 0.8k tok/s (avg 0.9k) | cert 0.37→0.64 | ticks [5.250 4.625 4.406 4.531 4.375 4.844 4.594 4.469] | Δticks -0.781 | ETA 33.0h
step  95890 | loss 7.5178 | lr 1.62e-04 | grad 1.38 | 0.8k tok/s (avg 0.9k) | cert 0.42→0.57 | ticks [5.219 4.750 4.594 4.625 4.438 4.781 4.562 4.562] | Δticks -0.656 | ETA 33.0h
step  95900 | loss 10.6494 | lr 1.62e-04 | grad 1.38 | 1.1k tok/s (avg 0.9k) | cert 0.50→0.67 | ticks [4.750 4.281 4.312 4.250 4.188 4.469 4.562 4.094] | Δticks -0.656 | ETA 33.0h
step  95910 | loss 8.3106 | lr 1.62e-04 | grad 1.47 | 0.8k tok/s (avg 0.9k) | cert 0.33→0.53 | ticks [6.344 5.531 5.406 5.438 5.375 5.750 5.531 5.312] | Δticks -1.031 | ETA 33.0h
step  95920 | loss 5.7169 | lr 1.62e-04 | grad 1.27 | 0.8k tok/s (avg 0.9k) | cert 0.42→0.53 | ticks [4.750 4.125 3.969 4.031 3.891 4.125 3.953 4.156] | Δticks -0.594 | ETA 33.0h
step  95930 | loss 8.0935 | lr 1.62e-04 | grad 1.27 | 1.1k tok/s (avg 0.9k) | cert 0.40→0.60 | ticks [5.312 4.812 4.719 4.750 4.500 4.594 4.656 4.719] | Δticks -0.594 | ETA 33.0h
step  95940 | loss 6.7231 | lr 1.62e-04 | grad 1.44 | 0.8k tok/s (avg 0.9k) | cert 0.65→0.71 | ticks [4.094 3.812 3.734 3.734 3.609 3.328 3.891 3.688] | Δticks -0.406 | ETA 33.0h
step  95950 | loss 12.0915 | lr 1.62e-04 | grad 1.44 | 1.1k tok/s (avg 0.9k) | cert 0.48→0.64 | ticks [5.344 4.438 4.375 4.562 4.531 4.875 4.531 4.438] | Δticks -0.906 | ETA 33.0h
step  95960 | loss 7.0857 | lr 1.62e-04 | grad 1.59 | 0.8k tok/s (avg 0.9k) | cert 0.45→0.57 | ticks [4.812 4.219 3.922 4.000 4.125 4.344 4.094 4.094] | Δticks -0.719 | ETA 33.0h
step  95970 | loss 8.6565 | lr 1.62e-04 | grad 1.50 | 0.8k tok/s (avg 0.9k) | cert 0.25→0.53 | ticks [7.281 6.438 6.469 6.562 6.344 6.719 6.469 6.500] | Δticks -0.781 | ETA 33.0h
step  95980 | loss 7.2736 | lr 1.62e-04 | grad 1.50 | 1.1k tok/s (avg 0.9k) | cert 0.40→0.67 | ticks [5.344 4.406 4.312 4.438 4.188 4.750 4.594 4.188] | Δticks -1.156 | ETA 33.0h
step  95990 | loss 7.8105 | lr 1.62e-04 | grad 1.33 | 0.8k tok/s (avg 0.9k) | cert 0.41→0.61 | ticks [5.250 4.312 4.156 4.219 4.375 4.625 4.344 4.250] | Δticks -1.000 | ETA 33.0h
step  96000 | loss 7.8115 | lr 1.62e-04 | grad 1.43 | 0.8k tok/s (avg 0.9k) | cert 0.24→0.61 | ticks [6.375 5.219 5.281 5.562 5.250 5.812 5.469 5.344] | Δticks -1.031 | ETA 33.0h
step  96010 | loss 7.3861 | lr 1.62e-04 | grad 1.43 | 1.1k tok/s (avg 0.9k) | cert 0.35→0.61 | ticks [5.250 4.281 4.062 3.953 3.953 4.500 4.250 4.156] | Δticks -1.094 | ETA 33.0h
step  96020 | loss 6.9941 | lr 1.62e-04 | grad 1.38 | 0.8k tok/s (avg 0.9k) | cert 0.29→0.56 | ticks [5.500 4.625 4.344 4.281 4.406 4.656 4.562 4.375] | Δticks -1.125 | ETA 33.0h
step  96030 | loss 7.9293 | lr 1.62e-04 | grad 1.38 | 1.1k tok/s (avg 0.9k) | cert 0.39→0.56 | ticks [4.969 4.188 4.125 4.125 4.156 4.406 4.250 4.312] | Δticks -0.656 | ETA 33.0h
step  96040 | loss 7.3554 | lr 1.62e-04 | grad 1.39 | 0.8k tok/s (avg 0.9k) | cert 0.40→0.57 | ticks [4.812 4.500 4.094 4.250 4.094 4.562 4.312 4.250] | Δticks -0.562 | ETA 33.0h
step  96050 | loss 14.2469 | lr 1.62e-04 | grad 1.58 | 0.8k tok/s (avg 0.9k) | cert 0.67→0.71 | ticks [4.719 4.094 4.156 4.125 3.812 4.344 4.156 3.984] | Δticks -0.734 | ETA 33.0h
step  96060 | loss 6.3206 | lr 1.62e-04 | grad 1.58 | 1.1k tok/s (avg 0.9k) | cert 0.39→0.65 | ticks [5.062 4.219 4.094 4.031 4.062 4.500 4.219 4.094] | Δticks -0.969 | ETA 33.0h
step  96070 | loss 7.1362 | lr 1.62e-04 | grad 1.45 | 0.8k tok/s (avg 0.9k) | cert 0.33→0.60 | ticks [5.656 4.875 4.688 4.562 4.625 4.875 4.875 4.719] | Δticks -0.938 | ETA 33.0h
step  96080 | loss 6.6227 | lr 1.62e-04 | grad 1.49 | 0.8k tok/s (avg 0.9k) | cert 0.50→0.71 | ticks [4.562 4.062 3.859 3.672 3.562 4.156 4.062 3.672] | Δticks -0.891 | ETA 33.0h
step  96090 | loss 6.6909 | lr 1.62e-04 | grad 1.49 | 1.1k tok/s (avg 0.9k) | cert 0.40→0.62 | ticks [5.125 4.250 3.984 3.969 3.859 4.188 4.219 4.062] | Δticks -1.062 | ETA 33.0h
step  96100 | loss 6.4677 | lr 1.62e-04 | grad 1.41 | 0.8k tok/s (avg 0.9k) | cert 0.40→0.60 | ticks [5.000 4.344 4.062 4.000 3.875 4.156 4.250 4.094] | Δticks -0.906 | ETA 33.0h
step  96110 | loss 7.7403 | lr 1.62e-04 | grad 1.41 | 1.1k tok/s (avg 0.9k) | cert 0.49→0.63 | ticks [4.781 4.594 4.531 4.562 4.250 4.406 4.406 4.344] | Δticks -0.438 | ETA 33.0h
step  96120 | loss 7.6397 | lr 1.62e-04 | grad 1.34 | 0.8k tok/s (avg 0.9k) | cert 0.28→0.42 | ticks [6.938 6.062 6.094 6.125 6.094 6.094 5.969 6.312] | Δticks -0.625 | ETA 33.0h
step  96130 | loss 12.5800 | lr 1.62e-04 | grad 1.27 | 0.8k tok/s (avg 0.9k) | cert 0.42→0.47 | ticks [5.469 5.031 4.688 4.812 4.781 5.000 4.969 5.031] | Δticks -0.438 | ETA 33.0h
step  96140 | loss 7.0432 | lr 1.62e-04 | grad 1.27 | 1.1k tok/s (avg 0.9k) | cert 0.53→0.68 | ticks [4.125 3.859 3.688 3.703 3.578 3.891 4.000 3.672] | Δticks -0.453 | ETA 33.0h
step  96150 | loss 8.4899 | lr 1.62e-04 | grad 1.25 | 0.8k tok/s (avg 0.9k) | cert 0.44→0.65 | ticks [4.969 4.375 4.406 4.188 4.031 4.406 4.375 4.094] | Δticks -0.875 | ETA 33.0h
step  96160 | loss 10.1605 | lr 1.62e-04 | grad 1.44 | 0.8k tok/s (avg 0.9k) | cert 0.52→0.71 | ticks [4.438 4.062 4.031 3.906 3.797 4.062 4.062 3.781] | Δticks -0.656 | ETA 33.0h
step  96170 | loss 10.2702 | lr 1.61e-04 | grad 1.44 | 1.1k tok/s (avg 0.9k) | cert 0.19→0.49 | ticks [7.406 6.625 6.312 6.375 6.281 6.531 6.281 6.312] | Δticks -1.094 | ETA 33.0h
step  96180 | loss 8.7920 | lr 1.61e-04 | grad 1.53 | 0.8k tok/s (avg 0.9k) | cert 0.43→0.64 | ticks [4.938 4.125 4.156 4.375 4.375 4.719 4.562 4.125] | Δticks -0.812 | ETA 32.9h
step  96190 | loss 6.6974 | lr 1.61e-04 | grad 1.53 | 1.1k tok/s (avg 0.9k) | cert 0.43→0.64 | ticks [4.719 4.094 3.922 4.000 3.953 4.219 4.219 3.844] | Δticks -0.875 | ETA 32.9h
step  96200 | loss 9.4947 | lr 1.61e-04 | grad 1.69 | 0.8k tok/s (avg 0.9k) | cert 0.43→0.64 | ticks [4.906 4.094 3.984 3.844 3.844 4.156 4.031 3.750] | Δticks -1.156 | ETA 32.9h
step  96210 | loss 9.5505 | lr 1.61e-04 | grad 1.41 | 0.8k tok/s (avg 0.9k) | cert 0.42→0.57 | ticks [6.031 5.375 5.312 5.438 5.406 5.656 5.406 5.375] | Δticks -0.656 | ETA 32.9h
step  96220 | loss 6.9321 | lr 1.61e-04 | grad 1.41 | 1.1k tok/s (avg 0.9k) | cert 0.40→0.59 | ticks [4.625 4.188 3.922 3.953 4.062 4.375 4.000 3.906] | Δticks -0.719 | ETA 32.9h
step  96230 | loss 8.8567 | lr 1.61e-04 | grad 1.55 | 0.8k tok/s (avg 0.9k) | cert 0.38→0.50 | ticks [5.062 4.188 4.156 4.281 4.469 4.500 4.344 4.500] | Δticks -0.562 | ETA 32.9h
step  96240 | loss 6.3698 | lr 1.61e-04 | grad 1.57 | 0.8k tok/s (avg 0.9k) | cert 0.37→0.61 | ticks [5.031 4.156 4.188 4.031 4.000 4.406 4.188 3.984] | Δticks -1.047 | ETA 32.9h
step  96250 | loss 7.8125 | lr 1.61e-04 | grad 1.57 | 1.1k tok/s (avg 0.9k) | cert 0.35→0.49 | ticks [5.781 4.750 4.719 4.719 4.938 5.125 4.875 4.938] | Δticks -0.844 | ETA 32.9h
step  96260 | loss 9.2465 | lr 1.61e-04 | grad 1.41 | 0.8k tok/s (avg 0.9k) | cert 0.44→0.52 | ticks [5.094 4.406 4.469 4.438 4.531 4.812 4.688 4.688] | Δticks -0.406 | ETA 32.9h
step  96270 | loss 6.4939 | lr 1.61e-04 | grad 1.41 | 1.1k tok/s (avg 0.9k) | cert 0.42→0.66 | ticks [5.219 4.344 4.094 4.062 4.125 4.625 4.312 4.156] | Δticks -1.062 | ETA 32.9h
step  96280 | loss 7.6502 | lr 1.61e-04 | grad 1.52 | 0.8k tok/s (avg 0.9k) | cert 0.40→0.62 | ticks [5.719 4.688 4.656 4.500 4.500 4.750 4.750 4.625] | Δticks -1.094 | ETA 32.9h
step  96290 | loss 6.9909 | lr 1.61e-04 | grad 1.53 | 0.8k tok/s (avg 0.9k) | cert 0.46→0.64 | ticks [4.844 4.062 4.062 4.062 3.906 4.312 4.156 3.922] | Δticks -0.922 | ETA 32.9h
step  96300 | loss 6.2017 | lr 1.61e-04 | grad 1.53 | 1.1k tok/s (avg 0.9k) | cert 0.30→0.59 | ticks [5.500 4.594 4.406 4.344 4.438 4.719 4.594 4.406] | Δticks -1.094 | ETA 32.9h
step  96310 | loss 6.7018 | lr 1.61e-04 | grad 1.46 | 0.8k tok/s (avg 0.9k) | cert 0.38→0.55 | ticks [5.438 4.875 4.594 4.625 4.594 4.906 4.688 4.688] | Δticks -0.750 | ETA 32.9h
step  96320 | loss 6.3210 | lr 1.61e-04 | grad 1.37 | 0.8k tok/s (avg 0.9k) | cert 0.33→0.57 | ticks [5.062 3.938 4.031 4.125 4.062 4.250 4.094 4.188] | Δticks -0.875 | ETA 32.9h
step  96330 | loss 6.6893 | lr 1.61e-04 | grad 1.37 | 1.1k tok/s (avg 0.9k) | cert 0.32→0.54 | ticks [5.031 4.781 4.500 4.344 4.281 4.719 4.469 4.438] | Δticks -0.594 | ETA 32.9h
step  96340 | loss 6.3601 | lr 1.61e-04 | grad 1.33 | 0.8k tok/s (avg 0.9k) | cert 0.29→0.59 | ticks [5.469 4.469 4.438 4.312 4.312 4.656 4.469 4.281] | Δticks -1.188 | ETA 32.9h
step  96350 | loss 6.3976 | lr 1.61e-04 | grad 1.33 | 1.1k tok/s (avg 0.9k) | cert 0.40→0.68 | ticks [4.844 4.031 3.781 3.734 3.672 4.094 3.938 3.891] | Δticks -0.953 | ETA 32.9h
step  96360 | loss 6.3929 | lr 1.61e-04 | grad 1.30 | 0.8k tok/s (avg 0.9k) | cert 0.31→0.55 | ticks [5.188 4.688 4.312 4.406 4.281 4.656 4.469 4.375] | Δticks -0.812 | ETA 32.9h
step  96370 | loss 8.0577 | lr 1.61e-04 | grad 1.44 | 0.8k tok/s (avg 0.9k) | cert 0.41→0.61 | ticks [4.750 4.094 3.859 3.938 3.781 4.062 3.906 3.844] | Δticks -0.906 | ETA 32.9h
step  96380 | loss 7.5451 | lr 1.61e-04 | grad 1.44 | 1.1k tok/s (avg 0.9k) | cert 0.27→0.52 | ticks [6.469 5.406 5.344 5.531 5.156 5.406 5.344 5.375] | Δticks -1.094 | ETA 32.9h
step  96390 | loss 6.5709 | lr 1.61e-04 | grad 1.57 | 0.8k tok/s (avg 0.9k) | cert 0.40→0.61 | ticks [4.875 4.062 3.859 3.938 3.906 4.281 4.031 3.891] | Δticks -0.984 | ETA 32.9h
step  96400 | loss 7.3292 | lr 1.61e-04 | grad 1.34 | 0.8k tok/s (avg 0.9k) | cert 0.30→0.50 | ticks [5.719 5.188 4.688 4.719 4.875 5.062 4.781 4.906] | Δticks -0.812 | ETA 32.9h
step  96410 | loss 7.0223 | lr 1.61e-04 | grad 1.34 | 1.1k tok/s (avg 0.9k) | cert 0.38→0.57 | ticks [5.500 4.844 4.562 4.594 4.625 4.844 4.656 4.531] | Δticks -0.969 | ETA 32.9h
step  96420 | loss 7.3112 | lr 1.61e-04 | grad 1.34 | 0.8k tok/s (avg 0.9k) | cert 0.64→0.70 | ticks [3.984 4.062 3.938 3.906 3.625 3.906 4.031 3.812] | Δticks -0.172 | ETA 32.9h
step  96430 | loss 6.2036 | lr 1.61e-04 | grad 1.34 | 1.1k tok/s (avg 0.9k) | cert 0.40→0.69 | ticks [4.438 3.531 3.609 3.625 3.391 3.812 3.750 3.375] | Δticks -1.062 | ETA 32.9h
step  96440 | loss 8.4582 | lr 1.61e-04 | grad 1.38 | 0.8k tok/s (avg 0.9k) | cert 0.54→0.65 | ticks [4.938 4.312 4.156 4.125 3.984 4.406 4.250 4.062] | Δticks -0.875 | ETA 32.9h
step  96450 | loss 9.3116 | lr 1.61e-04 | grad 1.55 | 0.8k tok/s (avg 0.9k) | cert 0.38→0.61 | ticks [5.250 4.406 4.250 4.312 4.312 4.625 4.625 4.375] | Δticks -0.875 | ETA 32.9h
step  96460 | loss 9.5677 | lr 1.61e-04 | grad 1.55 | 1.1k tok/s (avg 0.9k) | cert 0.35→0.50 | ticks [5.969 5.219 5.156 5.219 5.312 5.500 5.344 5.281] | Δticks -0.688 | ETA 32.9h
step  96470 | loss 6.8895 | lr 1.61e-04 | grad 1.31 | 0.8k tok/s (avg 0.9k) | cert 0.35→0.59 | ticks [5.625 4.812 4.625 4.562 4.625 5.000 4.781 4.688] | Δticks -0.938 | ETA 32.9h
step  96480 | loss 6.6094 | lr 1.61e-04 | grad 1.27 | 0.8k tok/s (avg 0.9k) | cert 0.40→0.55 | ticks [5.531 4.844 4.688 4.719 4.750 5.094 4.781 4.750] | Δticks -0.781 | ETA 32.9h
step  96490 | loss 9.8670 | lr 1.61e-04 | grad 1.27 | 1.1k tok/s (avg 0.9k) | cert 0.37→0.51 | ticks [5.844 5.062 4.750 4.875 4.875 5.062 4.969 5.000] | Δticks -0.844 | ETA 32.8h
step  96500 | loss 7.6441 | lr 1.61e-04 | grad 1.32 | 0.8k tok/s (avg 0.9k) | cert 0.52→0.67 | ticks [4.594 3.828 3.812 3.875 3.906 4.062 3.922 3.797] | Δticks -0.797 | ETA 32.8h
step  96510 | loss 8.7230 | lr 1.61e-04 | grad 1.32 | 1.1k tok/s (avg 0.9k) | cert 0.19→0.41 | ticks [7.906 7.000 6.938 7.000 7.062 7.344 7.000 7.156] | Δticks -0.750 | ETA 32.8h
step  96520 | loss 10.3901 | lr 1.61e-04 | grad 1.54 | 0.8k tok/s (avg 0.9k) | cert 0.52→0.56 | ticks [4.500 3.969 3.938 3.906 4.000 4.375 4.250 4.188] | Δticks -0.312 | ETA 32.8h
step  96530 | loss 8.1971 | lr 1.61e-04 | grad 1.34 | 0.8k tok/s (avg 0.9k) | cert 0.36→0.52 | ticks [5.906 5.156 5.031 4.969 4.812 5.156 5.156 5.062] | Δticks -0.844 | ETA 32.8h
step  96540 | loss 8.1140 | lr 1.61e-04 | grad 1.34 | 1.1k tok/s (avg 0.9k) | cert 0.42→0.58 | ticks [6.344 5.500 5.438 5.469 5.281 5.500 5.562 5.469] | Δticks -0.875 | ETA 32.8h
step  96550 | loss 7.5900 | lr 1.61e-04 | grad 1.52 | 0.8k tok/s (avg 0.9k) | cert 0.47→0.65 | ticks [4.781 3.922 3.922 3.938 3.812 4.281 4.156 3.922] | Δticks -0.859 | ETA 32.8h
step  96560 | loss 8.5252 | lr 1.61e-04 | grad 1.32 | 0.8k tok/s (avg 0.9k) | cert 0.39→0.59 | ticks [6.250 5.219 5.219 5.312 4.969 5.344 5.406 5.219] | Δticks -1.031 | ETA 32.8h
step  96570 | loss 6.8125 | lr 1.61e-04 | grad 1.32 | 1.1k tok/s (avg 0.9k) | cert 0.48→0.66 | ticks [4.406 4.156 3.906 3.875 3.797 4.125 4.094 3.891] | Δticks -0.516 | ETA 32.8h
step  96580 | loss 7.4185 | lr 1.61e-04 | grad 1.33 | 0.8k tok/s (avg 0.9k) | cert 0.36→0.53 | ticks [5.719 5.031 4.812 4.844 4.750 5.219 4.969 4.906] | Δticks -0.812 | ETA 32.8h
step  96590 | loss 6.1348 | lr 1.60e-04 | grad 1.33 | 1.1k tok/s (avg 0.9k) | cert 0.37→0.60 | ticks [5.031 4.312 4.188 4.031 4.031 4.438 4.312 4.094] | Δticks -0.938 | ETA 32.8h
step  96600 | loss 8.6792 | lr 1.60e-04 | grad 1.42 | 0.8k tok/s (avg 0.9k) | cert 0.28→0.50 | ticks [6.344 5.781 5.562 5.688 5.625 5.906 5.781 5.656] | Δticks -0.688 | ETA 32.8h
step  96610 | loss 8.2159 | lr 1.60e-04 | grad 1.40 | 0.8k tok/s (avg 0.9k) | cert 0.19→0.45 | ticks [7.062 6.062 5.688 5.812 5.781 6.219 6.031 6.031] | Δticks -1.031 | ETA 32.8h
step  96620 | loss 8.2444 | lr 1.60e-04 | grad 1.40 | 1.1k tok/s (avg 0.9k) | cert 0.52→0.68 | ticks [4.438 3.875 3.797 3.688 3.609 3.922 3.891 3.719] | Δticks -0.719 | ETA 32.8h
step  96630 | loss 8.8268 | lr 1.60e-04 | grad 1.38 | 0.8k tok/s (avg 0.9k) | cert 0.55→0.65 | ticks [5.531 4.500 4.500 4.625 4.344 4.750 4.594 4.562] | Δticks -0.969 | ETA 32.8h
step  96640 | loss 6.7193 | lr 1.60e-04 | grad 1.45 | 0.8k tok/s (avg 0.9k) | cert 0.48→0.63 | ticks [4.562 3.953 3.703 3.594 3.578 3.969 3.859 3.781] | Δticks -0.781 | ETA 32.8h
step  96650 | loss 7.1693 | lr 1.60e-04 | grad 1.45 | 1.1k tok/s (avg 0.9k) | cert 0.49→0.64 | ticks [4.938 4.344 4.312 4.219 4.156 4.406 4.469 4.219] | Δticks -0.719 | ETA 32.8h
step  96660 | loss 6.6901 | lr 1.60e-04 | grad 1.34 | 0.8k tok/s (avg 0.9k) | cert 0.32→0.63 | ticks [5.062 4.125 4.062 3.938 3.922 4.344 4.188 3.938] | Δticks -1.125 | ETA 32.8h
step  96670 | loss 6.2803 | lr 1.60e-04 | grad 1.34 | 1.1k tok/s (avg 0.9k) | cert 0.28→0.49 | ticks [5.969 4.844 4.719 4.656 4.812 5.062 4.844 5.031] | Δticks -0.938 | ETA 32.8h
step  96680 | loss 6.8880 | lr 1.60e-04 | grad 1.31 | 0.8k tok/s (avg 0.9k) | cert 0.31→0.61 | ticks [5.375 4.281 4.031 3.969 4.000 4.406 4.219 3.969] | Δticks -1.406 | ETA 32.8h
step  96690 | loss 6.4217 | lr 1.60e-04 | grad 1.45 | 0.8k tok/s (avg 0.9k) | cert 0.52→0.71 | ticks [4.219 3.656 3.406 3.484 3.125 3.609 3.703 3.312] | Δticks -0.906 | ETA 32.8h
step  96700 | loss 5.9832 | lr 1.60e-04 | grad 1.45 | 1.1k tok/s (avg 0.9k) | cert 0.30→0.49 | ticks [5.625 4.594 4.438 4.469 4.500 4.688 4.531 4.844] | Δticks -0.781 | ETA 32.8h
step  96710 | loss 6.1391 | lr 1.60e-04 | grad 1.40 | 0.8k tok/s (avg 0.9k) | cert 0.35→0.60 | ticks [4.844 4.094 4.062 3.969 3.969 4.344 4.031 3.938] | Δticks -0.906 | ETA 32.8h
step  96720 | loss 5.7843 | lr 1.60e-04 | grad 1.25 | 0.8k tok/s (avg 0.9k) | cert 0.41→0.65 | ticks [4.438 3.844 3.656 3.547 3.578 3.938 3.719 3.500] | Δticks -0.938 | ETA 32.8h
step  96730 | loss 7.4338 | lr 1.60e-04 | grad 1.25 | 1.1k tok/s (avg 0.9k) | cert 0.38→0.63 | ticks [5.281 4.250 4.219 4.250 4.094 4.469 4.375 4.156] | Δticks -1.125 | ETA 32.8h
step  96740 | loss 7.7855 | lr 1.60e-04 | grad 1.46 | 0.8k tok/s (avg 0.9k) | cert 0.23→0.51 | ticks [6.438 5.250 5.000 5.094 5.125 5.562 5.250 5.062] | Δticks -1.375 | ETA 32.8h
step  96750 | loss 11.2084 | lr 1.60e-04 | grad 1.46 | 1.1k tok/s (avg 0.9k) | cert 0.74→0.70 | ticks [3.953 3.578 3.547 3.531 3.609 3.516 3.359 3.469] | Δticks -0.484 | ETA 32.8h
step  96760 | loss 8.5091 | lr 1.60e-04 | grad 1.53 | 0.8k tok/s (avg 0.9k) | cert 0.29→0.46 | ticks [5.969 5.125 5.125 5.344 5.531 5.562 5.469 5.438] | Δticks -0.531 | ETA 32.8h
step  96770 | loss 7.9138 | lr 1.60e-04 | grad 1.52 | 0.8k tok/s (avg 0.9k) | cert 0.64→0.64 | ticks [4.406 3.984 4.031 4.125 4.031 4.250 4.031 4.062] | Δticks -0.344 | ETA 32.8h
step  96780 | loss 10.7078 | lr 1.60e-04 | grad 1.52 | 1.1k tok/s (avg 0.9k) | cert 0.32→0.44 | ticks [6.156 5.375 5.344 5.500 5.469 5.625 5.625 5.750] | Δticks -0.406 | ETA 32.8h
step  96790 | loss 7.5759 | lr 1.60e-04 | grad 1.38 | 0.8k tok/s (avg 0.9k) | cert 0.47→0.65 | ticks [4.781 4.000 3.844 3.969 3.750 4.344 4.062 3.938] | Δticks -0.844 | ETA 32.8h
step  96800 | loss 7.7709 | lr 1.60e-04 | grad 1.46 | 0.8k tok/s (avg 0.9k) | cert 0.29→0.62 | ticks [5.719 4.469 4.250 4.312 4.375 4.656 4.531 4.344] | Δticks -1.375 | ETA 32.8h
step  96810 | loss 9.3683 | lr 1.60e-04 | grad 1.46 | 1.1k tok/s (avg 0.9k) | cert 0.34→0.50 | ticks [5.875 5.125 5.219 5.250 5.312 5.469 5.406 5.375] | Δticks -0.500 | ETA 32.7h
step  96820 | loss 8.4421 | lr 1.60e-04 | grad 1.48 | 0.8k tok/s (avg 0.9k) | cert 0.36→0.54 | ticks [5.875 4.750 4.719 4.750 4.688 4.875 4.844 4.812] | Δticks -1.062 | ETA 32.7h
step  96830 | loss 7.9049 | lr 1.60e-04 | grad 1.48 | 1.1k tok/s (avg 0.9k) | cert 0.24→0.50 | ticks [6.812 6.094 5.688 5.688 5.656 6.031 5.812 5.750] | Δticks -1.062 | ETA 32.7h
step  96840 | loss 8.4348 | lr 1.60e-04 | grad 1.35 | 0.8k tok/s (avg 0.9k) | cert 0.36→0.59 | ticks [5.312 4.562 4.438 4.469 4.500 4.719 4.656 4.406] | Δticks -0.906 | ETA 32.7h
step  96850 | loss 8.7301 | lr 1.60e-04 | grad 1.40 | 0.8k tok/s (avg 0.9k) | cert 0.38→0.63 | ticks [5.000 4.312 4.031 4.031 4.000 4.438 4.094 4.000] | Δticks -1.000 | ETA 32.7h
step  96860 | loss 7.3344 | lr 1.60e-04 | grad 1.40 | 1.1k tok/s (avg 0.9k) | cert 0.42→0.63 | ticks [5.344 4.500 4.125 4.250 4.219 4.688 4.406 4.156] | Δticks -1.188 | ETA 32.7h
step  96870 | loss 6.8047 | lr 1.60e-04 | grad 1.38 | 0.8k tok/s (avg 0.9k) | cert 0.37→0.59 | ticks [5.469 4.594 4.406 4.500 4.500 4.906 4.656 4.562] | Δticks -0.906 | ETA 32.7h
step  96880 | loss 10.2146 | lr 1.60e-04 | grad 1.46 | 0.8k tok/s (avg 0.9k) | cert 0.53→0.64 | ticks [4.625 3.812 3.797 4.000 4.062 4.219 4.125 3.891] | Δticks -0.734 | ETA 32.7h
step  96890 | loss 7.4242 | lr 1.60e-04 | grad 1.46 | 1.1k tok/s (avg 0.9k) | cert 0.26→0.53 | ticks [5.906 5.188 5.000 5.062 4.938 5.219 5.062 5.062] | Δticks -0.844 | ETA 32.7h
step  96900 | loss 6.9597 | lr 1.60e-04 | grad 1.52 | 0.8k tok/s (avg 0.9k) | cert 0.26→0.50 | ticks [6.469 5.719 5.469 5.500 5.469 5.656 5.469 5.562] | Δticks -0.906 | ETA 32.7h
step  96910 | loss 10.1290 | lr 1.60e-04 | grad 1.52 | 1.1k tok/s (avg 0.9k) | cert 0.48→0.64 | ticks [5.344 4.438 4.438 4.562 4.094 4.781 4.625 4.250] | Δticks -1.094 | ETA 32.7h
step  96920 | loss 7.0484 | lr 1.60e-04 | grad 1.72 | 0.8k tok/s (avg 0.9k) | cert 0.30→0.52 | ticks [6.188 5.281 5.031 5.094 5.094 5.250 5.156 5.219] | Δticks -0.969 | ETA 32.7h
step  96930 | loss 8.1607 | lr 1.60e-04 | grad 1.49 | 0.8k tok/s (avg 0.9k) | cert 0.28→0.54 | ticks [6.875 5.719 5.594 5.688 5.500 6.031 5.812 5.625] | Δticks -1.250 | ETA 32.7h
step  96940 | loss 10.6284 | lr 1.60e-04 | grad 1.49 | 1.1k tok/s (avg 0.9k) | cert 0.43→0.55 | ticks [5.375 4.844 4.625 4.594 4.625 4.938 4.719 4.781] | Δticks -0.594 | ETA 32.7h
step  96950 | loss 6.2503 | lr 1.60e-04 | grad 1.41 | 0.8k tok/s (avg 0.9k) | cert 0.32→0.60 | ticks [5.500 4.531 4.312 4.219 4.219 4.625 4.438 4.250] | Δticks -1.250 | ETA 32.7h
step  96960 | loss 7.4720 | lr 1.60e-04 | grad 1.45 | 0.8k tok/s (avg 0.9k) | cert 0.38→0.55 | ticks [5.562 5.062 4.656 4.656 4.719 5.000 4.719 4.719] | Δticks -0.844 | ETA 32.7h
step  96970 | loss 11.3347 | lr 1.60e-04 | grad 1.45 | 1.1k tok/s (avg 0.9k) | cert 0.65→0.64 | ticks [3.953 3.469 3.312 3.625 3.562 3.875 3.531 3.547] | Δticks -0.406 | ETA 32.7h
step  96980 | loss 8.2400 | lr 1.60e-04 | grad 1.41 | 0.8k tok/s (avg 0.9k) | cert 0.32→0.48 | ticks [5.375 4.531 4.500 4.562 4.688 4.781 4.750 4.844] | Δticks -0.531 | ETA 32.7h
step  96990 | loss 11.2983 | lr 1.60e-04 | grad 1.41 | 1.1k tok/s (avg 0.9k) | cert 0.61→0.66 | ticks [4.406 4.031 3.906 4.031 3.906 4.375 4.156 3.891] | Δticks -0.516 | ETA 32.7h
step  97000 | loss 8.1638 | lr 1.60e-04 | grad 1.45 | 0.8k tok/s (avg 0.9k) | cert 0.23→0.52 | ticks [7.031 6.094 5.750 5.875 5.844 6.094 6.000 5.875] | Δticks -1.156 | ETA 32.7h
step  97010 | loss 7.6512 | lr 1.59e-04 | grad 1.45 | 0.8k tok/s (avg 0.9k) | cert 0.41→0.55 | ticks [5.312 4.781 4.594 4.625 4.594 4.938 4.781 4.719] | Δticks -0.594 | ETA 32.7h
step  97020 | loss 10.8685 | lr 1.59e-04 | grad 1.45 | 1.1k tok/s (avg 0.9k) | cert 0.33→0.56 | ticks [7.312 6.500 6.438 6.406 6.469 6.656 6.469 6.375] | Δticks -0.938 | ETA 32.7h
step  97030 | loss 8.5916 | lr 1.59e-04 | grad 1.62 | 0.8k tok/s (avg 0.9k) | cert 0.52→0.70 | ticks [4.656 3.969 3.812 3.891 3.719 4.312 4.156 3.703] | Δticks -0.953 | ETA 32.7h
step  97040 | loss 9.2409 | lr 1.59e-04 | grad 1.56 | 0.8k tok/s (avg 0.9k) | cert 0.44→0.52 | ticks [5.688 4.938 4.750 4.906 4.875 5.125 5.094 5.125] | Δticks -0.562 | ETA 32.7h
step  97050 | loss 9.3623 | lr 1.59e-04 | grad 1.56 | 1.1k tok/s (avg 0.9k) | cert 0.42→0.56 | ticks [5.531 4.812 4.844 4.875 4.938 5.125 5.094 4.969] | Δticks -0.562 | ETA 32.7h
step  97060 | loss 8.4449 | lr 1.59e-04 | grad 1.45 | 0.8k tok/s (avg 0.9k) | cert 0.40→0.64 | ticks [5.281 4.500 4.406 4.344 4.406 4.750 4.625 4.375] | Δticks -0.906 | ETA 32.7h
step  97070 | loss 9.1693 | lr 1.59e-04 | grad 1.45 | 1.1k tok/s (avg 0.9k) | cert 0.45→0.65 | ticks [4.750 3.969 4.000 3.984 3.781 4.500 4.219 3.797] | Δticks -0.953 | ETA 32.7h
step  97080 | loss 8.5289 | lr 1.59e-04 | grad 1.47 | 0.8k tok/s (avg 0.9k) | cert 0.51→0.61 | ticks [4.562 4.188 4.062 4.094 3.922 4.156 4.062 3.984] | Δticks -0.578 | ETA 32.7h
step  97090 | loss 7.4208 | lr 1.59e-04 | grad 1.55 | 0.8k tok/s (avg 0.9k) | cert 0.39→0.60 | ticks [5.406 4.844 4.469 4.406 4.438 4.844 4.688 4.688] | Δticks -0.719 | ETA 32.7h
step  97100 | loss 10.3225 | lr 1.59e-04 | grad 1.55 | 1.1k tok/s (avg 0.9k) | cert 0.40→0.62 | ticks [5.375 4.500 4.500 4.375 4.344 4.656 4.688 4.500] | Δticks -0.875 | ETA 32.7h
step  97110 | loss 6.5850 | lr 1.59e-04 | grad 1.41 | 0.8k tok/s (avg 0.9k) | cert 0.42→0.65 | ticks [5.000 4.219 4.094 3.938 3.969 4.406 4.375 4.062] | Δticks -0.938 | ETA 32.7h
step  97120 | loss 6.4532 | lr 1.59e-04 | grad 1.35 | 0.8k tok/s (avg 0.9k) | cert 0.47→0.66 | ticks [4.406 4.031 3.750 3.703 3.516 4.188 3.984 3.750] | Δticks -0.656 | ETA 32.7h
step  97130 | loss 6.2419 | lr 1.59e-04 | grad 1.35 | 1.1k tok/s (avg 0.9k) | cert 0.35→0.61 | ticks [5.250 4.438 4.312 4.125 4.094 4.562 4.375 4.250] | Δticks -1.000 | ETA 32.6h
step  97140 | loss 7.2733 | lr 1.59e-04 | grad 1.37 | 0.8k tok/s (avg 0.9k) | cert 0.27→0.49 | ticks [6.219 5.438 5.156 5.219 5.219 5.562 5.219 5.312] | Δticks -0.906 | ETA 32.6h
step  97150 | loss 6.4656 | lr 1.59e-04 | grad 1.37 | 1.1k tok/s (avg 0.9k) | cert 0.45→0.59 | ticks [5.188 4.625 4.406 4.344 4.312 4.781 4.406 4.406] | Δticks -0.781 | ETA 32.6h
step  97160 | loss 6.4323 | lr 1.59e-04 | grad 1.14 | 0.8k tok/s (avg 0.9k) | cert 0.29→0.57 | ticks [5.500 4.156 4.031 4.188 4.156 4.281 4.281 4.219] | Δticks -1.281 | ETA 32.6h
step  97170 | loss 6.4547 | lr 1.59e-04 | grad 1.54 | 0.8k tok/s (avg 0.9k) | cert 0.39→0.56 | ticks [5.406 4.875 4.562 4.562 4.562 4.906 4.594 4.688] | Δticks -0.719 | ETA 32.6h
step  97180 | loss 7.7697 | lr 1.59e-04 | grad 1.54 | 1.1k tok/s (avg 0.9k) | cert 0.44→0.64 | ticks [5.406 4.500 4.438 4.625 4.375 4.906 4.688 4.375] | Δticks -1.031 | ETA 32.6h
step  97190 | loss 8.9091 | lr 1.59e-04 | grad 1.41 | 0.7k tok/s (avg 0.9k) | cert 0.50→0.61 | ticks [4.312 3.828 3.766 3.859 3.844 4.094 3.984 3.797] | Δticks -0.516 | ETA 32.6h
step  97200 | loss 7.8192 | lr 1.59e-04 | grad 1.51 | 0.8k tok/s (avg 0.9k) | cert 0.49→0.68 | ticks [4.062 3.797 3.562 3.766 3.391 3.969 3.688 3.531] | Δticks -0.531 | ETA 32.6h
step  97210 | loss 8.2135 | lr 1.59e-04 | grad 1.51 | 1.1k tok/s (avg 0.9k) | cert 0.22→0.46 | ticks [7.125 6.375 6.000 6.094 6.156 6.406 6.156 6.188] | Δticks -0.938 | ETA 32.6h
step  97220 | loss 7.1607 | lr 1.59e-04 | grad 1.38 | 0.8k tok/s (avg 0.9k) | cert 0.38→0.55 | ticks [5.281 4.656 4.469 4.438 4.375 4.656 4.406 4.312] | Δticks -0.969 | ETA 32.6h
step  97230 | loss 6.7130 | lr 1.59e-04 | grad 1.38 | 1.1k tok/s (avg 0.9k) | cert 0.33→0.54 | ticks [5.438 4.812 4.688 4.719 4.625 5.125 4.781 4.719] | Δticks -0.719 | ETA 32.6h
step  97240 | loss 7.2565 | lr 1.59e-04 | grad 1.32 | 0.7k tok/s (avg 0.9k) | cert 0.54→0.62 | ticks [4.188 3.797 3.781 3.750 3.609 3.656 3.875 3.672] | Δticks -0.516 | ETA 32.6h
step  97250 | loss 8.6424 | lr 1.59e-04 | grad 1.45 | 0.8k tok/s (avg 0.9k) | cert 0.33→0.50 | ticks [6.031 5.250 5.031 5.156 5.188 5.500 5.375 5.312] | Δticks -0.719 | ETA 32.6h
step  97260 | loss 8.0699 | lr 1.59e-04 | grad 1.45 | 1.1k tok/s (avg 0.9k) | cert 0.38→0.55 | ticks [5.531 4.562 4.469 4.625 4.750 4.938 4.688 4.688] | Δticks -0.844 | ETA 32.6h
step  97270 | loss 8.0860 | lr 1.59e-04 | grad 1.38 | 0.8k tok/s (avg 0.9k) | cert 0.29→0.49 | ticks [6.750 6.062 5.750 5.625 5.719 6.125 5.781 5.844] | Δticks -0.906 | ETA 32.6h
step  97280 | loss 8.0934 | lr 1.59e-04 | grad 1.36 | 0.8k tok/s (avg 0.9k) | cert 0.52→0.58 | ticks [4.438 3.984 3.859 3.906 3.781 4.094 3.844 4.000] | Δticks -0.438 | ETA 32.6h
step  97290 | loss 7.2134 | lr 1.59e-04 | grad 1.36 | 1.1k tok/s (avg 0.9k) | cert 0.49→0.72 | ticks [4.656 3.781 3.516 3.453 3.453 3.891 3.641 3.656] | Δticks -1.000 | ETA 32.6h
step  97300 | loss 8.7483 | lr 1.59e-04 | grad 1.40 | 0.8k tok/s (avg 0.9k) | cert 0.34→0.49 | ticks [6.094 5.219 5.062 5.156 5.125 5.469 5.375 5.250] | Δticks -0.844 | ETA 32.6h
step  97310 | loss 7.1597 | lr 1.59e-04 | grad 1.40 | 1.1k tok/s (avg 0.9k) | cert 0.42→0.55 | ticks [5.562 4.719 4.594 4.625 4.500 4.750 4.656 4.562] | Δticks -1.000 | ETA 32.6h
step  97320 | loss 7.4426 | lr 1.59e-04 | grad 1.47 | 0.8k tok/s (avg 0.9k) | cert 0.35→0.52 | ticks [5.625 4.875 4.750 4.781 4.688 5.000 4.812 4.969] | Δticks -0.656 | ETA 32.6h
step  97330 | loss 10.2339 | lr 1.59e-04 | grad 1.45 | 0.8k tok/s (avg 0.9k) | cert 0.49→0.59 | ticks [5.750 5.312 5.156 5.250 5.125 5.312 5.156 5.156] | Δticks -0.594 | ETA 32.6h
step  97340 | loss 7.8779 | lr 1.59e-04 | grad 1.45 | 1.1k tok/s (avg 0.9k) | cert 0.58→0.70 | ticks [4.344 3.922 3.969 3.828 3.516 4.094 4.188 3.750] | Δticks -0.594 | ETA 32.6h
step  97350 | loss 8.5148 | lr 1.59e-04 | grad 1.41 | 0.8k tok/s (avg 0.9k) | cert 0.32→0.53 | ticks [5.594 5.000 4.688 4.750 4.719 5.000 4.875 4.844] | Δticks -0.750 | ETA 32.6h
step  97360 | loss 7.0613 | lr 1.59e-04 | grad 1.43 | 0.8k tok/s (avg 0.9k) | cert 0.55→0.70 | ticks [4.281 4.031 3.703 3.688 3.562 4.062 3.922 3.703] | Δticks -0.578 | ETA 32.6h
step  97370 | loss 7.2964 | lr 1.59e-04 | grad 1.43 | 1.1k tok/s (avg 0.9k) | cert 0.43→0.70 | ticks [4.812 4.156 4.062 3.906 3.984 4.344 4.031 3.969] | Δticks -0.844 | ETA 32.6h
step  97380 | loss 7.0080 | lr 1.59e-04 | grad 1.27 | 0.8k tok/s (avg 0.9k) | cert 0.45→0.68 | ticks [4.625 3.969 3.734 3.672 3.469 3.750 3.875 3.781] | Δticks -0.844 | ETA 32.6h
step  97390 | loss 6.7237 | lr 1.59e-04 | grad 1.27 | 1.1k tok/s (avg 0.9k) | cert 0.46→0.63 | ticks [4.438 3.812 3.781 3.766 3.672 4.188 3.875 3.844] | Δticks -0.594 | ETA 32.6h
step  97400 | loss 8.1073 | lr 1.59e-04 | grad 1.41 | 0.8k tok/s (avg 0.9k) | cert 0.35→0.59 | ticks [5.250 4.562 4.406 4.375 4.406 4.719 4.500 4.406] | Δticks -0.844 | ETA 32.6h
step  97410 | loss 6.9046 | lr 1.59e-04 | grad 1.33 | 0.8k tok/s (avg 0.9k) | cert 0.38→0.63 | ticks [4.844 3.953 3.891 3.859 3.875 4.344 4.062 3.891] | Δticks -0.953 | ETA 32.6h
step  97420 | loss 9.5494 | lr 1.59e-04 | grad 1.33 | 1.1k tok/s (avg 0.9k) | cert 0.41→0.56 | ticks [5.500 4.688 4.750 4.875 4.938 5.188 4.875 4.781] | Δticks -0.719 | ETA 32.6h
step  97430 | loss 8.7011 | lr 1.58e-04 | grad 1.58 | 0.8k tok/s (avg 0.9k) | cert 0.39→0.60 | ticks [5.656 4.875 4.812 5.094 4.656 5.156 4.938 4.875] | Δticks -0.781 | ETA 32.6h
step  97440 | loss 7.3149 | lr 1.58e-04 | grad 1.35 | 0.8k tok/s (avg 0.9k) | cert 0.30→0.51 | ticks [5.625 4.469 4.406 4.625 4.656 4.812 4.656 4.719] | Δticks -0.906 | ETA 32.6h
step  97450 | loss 7.5689 | lr 1.58e-04 | grad 1.35 | 1.1k tok/s (avg 0.9k) | cert 0.32→0.56 | ticks [5.688 4.500 4.562 4.719 4.656 4.812 4.812 4.688] | Δticks -1.000 | ETA 32.5h
step  97460 | loss 8.1614 | lr 1.58e-04 | grad 1.31 | 0.8k tok/s (avg 0.9k) | cert 0.36→0.50 | ticks [5.750 4.812 4.562 4.531 4.719 4.906 4.719 4.844] | Δticks -0.906 | ETA 32.5h
step  97470 | loss 7.8924 | lr 1.58e-04 | grad 1.31 | 1.1k tok/s (avg 0.9k) | cert 0.42→0.62 | ticks [5.250 4.625 4.406 4.375 4.375 4.625 4.531 4.344] | Δticks -0.906 | ETA 32.5h
step  97480 | loss 8.2943 | lr 1.58e-04 | grad 1.52 | 0.8k tok/s (avg 0.9k) | cert 0.19→0.48 | ticks [7.188 6.188 5.938 6.062 5.938 6.094 5.969 5.969] | Δticks -1.219 | ETA 32.5h
step  97490 | loss 8.7506 | lr 1.58e-04 | grad 1.41 | 0.8k tok/s (avg 0.9k) | cert 0.25→0.48 | ticks [6.781 5.938 5.594 5.625 5.625 5.812 5.719 5.750] | Δticks -1.031 | ETA 32.5h
step  97500 | loss 8.2229 | lr 1.58e-04 | grad 1.41 | 1.1k tok/s (avg 0.9k) | cert 0.19→0.44 | ticks [7.438 6.469 6.219 6.406 6.344 6.594 6.344 6.438] | Δticks -1.000 | ETA 32.5h
step  97510 | loss 7.1006 | lr 1.58e-04 | grad 1.45 | 0.8k tok/s (avg 0.9k) | cert 0.45→0.66 | ticks [4.781 4.219 4.062 4.125 3.984 4.312 4.469 3.984] | Δticks -0.797 | ETA 32.5h
step  97520 | loss 8.5922 | lr 1.58e-04 | grad 1.52 | 0.8k tok/s (avg 0.9k) | cert 0.30→0.45 | ticks [5.938 5.156 5.156 5.281 5.375 5.531 5.406 5.312] | Δticks -0.625 | ETA 32.5h
step  97530 | loss 7.6601 | lr 1.58e-04 | grad 1.52 | 1.1k tok/s (avg 0.9k) | cert 0.44→0.62 | ticks [5.562 4.844 4.812 4.781 4.656 5.000 4.969 4.688] | Δticks -0.875 | ETA 32.5h
step  97540 | loss 7.7565 | lr 1.58e-04 | grad 1.41 | 0.8k tok/s (avg 0.9k) | cert 0.35→0.49 | ticks [5.500 4.750 4.688 4.719 4.812 5.031 4.938 5.000] | Δticks -0.500 | ETA 32.5h
step  97550 | loss 10.7742 | lr 1.58e-04 | grad 1.41 | 1.1k tok/s (avg 0.9k) | cert 0.38→0.46 | ticks [5.562 4.969 4.875 4.906 4.938 5.062 5.094 5.219] | Δticks -0.344 | ETA 32.5h
step  97560 | loss 7.7240 | lr 1.58e-04 | grad 1.40 | 0.8k tok/s (avg 0.9k) | cert 0.38→0.61 | ticks [5.125 4.312 4.156 4.156 4.094 4.719 4.344 4.375] | Δticks -0.750 | ETA 32.5h
step  97570 | loss 8.0604 | lr 1.58e-04 | grad 1.38 | 0.8k tok/s (avg 0.9k) | cert 0.50→0.60 | ticks [4.719 4.344 4.188 4.312 4.094 4.312 4.250 4.281] | Δticks -0.438 | ETA 32.5h
step  97580 | loss 8.3832 | lr 1.58e-04 | grad 1.38 | 1.1k tok/s (avg 0.9k) | cert 0.47→0.58 | ticks [4.844 4.094 4.156 4.219 4.156 4.438 4.406 4.312] | Δticks -0.531 | ETA 32.5h
step  97590 | loss 7.3490 | lr 1.58e-04 | grad 1.29 | 0.8k tok/s (avg 0.9k) | cert 0.44→0.62 | ticks [4.750 4.281 4.062 4.094 3.984 4.406 4.250 4.125] | Δticks -0.625 | ETA 32.5h
step  97600 | loss 8.4943 | lr 1.58e-04 | grad 1.42 | 0.8k tok/s (avg 0.9k) | cert 0.16→0.45 | ticks [7.594 6.531 6.250 6.188 6.312 6.562 6.375 6.406] | Δticks -1.188 | ETA 32.5h
step  97610 | loss 8.2428 | lr 1.58e-04 | grad 1.42 | 1.1k tok/s (avg 0.9k) | cert 0.33→0.53 | ticks [5.938 5.062 4.719 4.750 4.906 5.156 4.875 4.969] | Δticks -0.969 | ETA 32.5h
step  97620 | loss 9.6535 | lr 1.58e-04 | grad 1.45 | 0.8k tok/s (avg 0.9k) | cert 0.37→0.52 | ticks [5.156 4.406 4.344 4.438 4.531 4.688 4.531 4.656] | Δticks -0.500 | ETA 32.5h
step  97630 | loss 7.2636 | lr 1.58e-04 | grad 1.45 | 1.1k tok/s (avg 0.9k) | cert 0.37→0.59 | ticks [5.875 4.750 4.844 5.062 4.656 5.031 5.000 4.750] | Δticks -1.125 | ETA 32.5h
step  97640 | loss 7.6311 | lr 1.58e-04 | grad 1.34 | 0.8k tok/s (avg 0.9k) | cert 0.41→0.60 | ticks [5.125 4.469 4.375 4.312 4.250 4.594 4.531 4.375] | Δticks -0.750 | ETA 32.5h
step  97650 | loss 12.1421 | lr 1.58e-04 | grad 1.48 | 0.8k tok/s (avg 0.9k) | cert 0.65→0.67 | ticks [4.562 3.859 3.938 4.094 4.062 4.219 4.156 4.062] | Δticks -0.500 | ETA 32.5h
step  97660 | loss 6.8896 | lr 1.58e-04 | grad 1.48 | 1.1k tok/s (avg 0.9k) | cert 0.37→0.56 | ticks [5.594 4.906 4.812 4.812 4.844 5.062 4.781 4.719] | Δticks -0.875 | ETA 32.5h
step  97670 | loss 7.2237 | lr 1.58e-04 | grad 1.33 | 0.8k tok/s (avg 0.9k) | cert 0.43→0.64 | ticks [4.531 3.953 3.797 3.797 3.719 4.094 3.953 3.859] | Δticks -0.672 | ETA 32.5h
step  97680 | loss 7.7704 | lr 1.58e-04 | grad 1.26 | 0.8k tok/s (avg 0.9k) | cert 0.29→0.47 | ticks [5.812 4.875 4.938 5.000 5.188 5.188 5.031 5.219] | Δticks -0.594 | ETA 32.5h
step  97690 | loss 9.1518 | lr 1.58e-04 | grad 1.26 | 1.1k tok/s (avg 0.9k) | cert 0.51→0.67 | ticks [4.781 4.031 3.969 3.938 3.828 4.312 4.188 4.000] | Δticks -0.781 | ETA 32.5h
step  97700 | loss 6.1429 | lr 1.58e-04 | grad 1.44 | 0.8k tok/s (avg 0.9k) | cert 0.48→0.63 | ticks [4.312 3.594 3.547 3.641 3.531 3.828 3.844 3.734] | Δticks -0.578 | ETA 32.5h
step  97710 | loss 8.2390 | lr 1.58e-04 | grad 1.44 | 1.1k tok/s (avg 0.9k) | cert 0.32→0.45 | ticks [5.844 4.938 4.906 5.062 5.000 5.219 5.125 5.312] | Δticks -0.531 | ETA 32.5h
step  97720 | loss 8.9068 | lr 1.58e-04 | grad 1.44 | 0.8k tok/s (avg 0.9k) | cert 0.37→0.54 | ticks [4.875 4.094 4.125 4.219 4.000 4.125 4.094 4.125] | Δticks -0.750 | ETA 32.5h
step  97730 | loss 9.2411 | lr 1.58e-04 | grad 1.44 | 0.8k tok/s (avg 0.9k) | cert 0.44→0.57 | ticks [4.969 4.156 4.156 4.219 4.188 4.531 4.344 4.281] | Δticks -0.688 | ETA 32.5h
step  97740 | loss 7.4302 | lr 1.58e-04 | grad 1.44 | 1.1k tok/s (avg 0.9k) | cert 0.52→0.64 | ticks [4.906 4.469 4.406 4.344 4.094 4.531 4.531 4.312] | Δticks -0.594 | ETA 32.5h
step  97750 | loss 10.1545 | lr 1.58e-04 | grad 1.44 | 0.8k tok/s (avg 0.9k) | cert 0.58→0.61 | ticks [4.375 4.031 4.031 4.156 3.859 4.125 4.062 4.156] | Δticks -0.219 | ETA 32.5h
step  97760 | loss 6.6847 | lr 1.58e-04 | grad 1.27 | 0.8k tok/s (avg 0.9k) | cert 0.31→0.59 | ticks [5.344 4.500 4.406 4.250 4.281 4.625 4.469 4.406] | Δticks -0.938 | ETA 32.5h
step  97770 | loss 9.1705 | lr 1.58e-04 | grad 1.27 | 1.1k tok/s (avg 0.9k) | cert 0.21→0.45 | ticks [6.938 5.844 5.969 6.000 6.062 6.094 6.000 6.031] | Δticks -0.906 | ETA 32.4h
step  97780 | loss 7.4680 | lr 1.58e-04 | grad 1.59 | 0.8k tok/s (avg 0.9k) | cert 0.45→0.62 | ticks [5.250 4.562 4.656 4.594 4.438 4.750 4.812 4.562] | Δticks -0.688 | ETA 32.4h
step  97790 | loss 7.3807 | lr 1.58e-04 | grad 1.59 | 1.1k tok/s (avg 0.9k) | cert 0.27→0.51 | ticks [6.250 5.656 5.125 5.250 5.344 5.625 5.281 5.344] | Δticks -0.906 | ETA 32.4h
step  97800 | loss 7.7904 | lr 1.58e-04 | grad 1.89 | 0.8k tok/s (avg 0.9k) | cert 0.56→0.69 | ticks [4.406 3.812 3.875 4.031 3.938 4.250 4.094 3.797] | Δticks -0.609 | ETA 32.4h
step  97810 | loss 9.7003 | lr 1.58e-04 | grad 1.66 | 0.8k tok/s (avg 0.9k) | cert 0.34→0.62 | ticks [5.812 4.719 4.562 4.688 4.562 4.938 4.938 4.625] | Δticks -1.188 | ETA 32.4h
step  97820 | loss 9.5560 | lr 1.58e-04 | grad 1.66 | 1.1k tok/s (avg 0.9k) | cert 0.54→0.67 | ticks [4.219 3.859 3.828 4.031 3.766 4.438 4.344 3.719] | Δticks -0.500 | ETA 32.4h
step  97830 | loss 8.7233 | lr 1.58e-04 | grad 1.43 | 0.8k tok/s (avg 0.9k) | cert 0.64→0.71 | ticks [4.188 4.312 4.312 4.375 3.828 3.781 4.344 4.031] | Δticks -0.156 | ETA 32.4h
step  97840 | loss 7.9954 | lr 1.58e-04 | grad 1.31 | 0.8k tok/s (avg 0.9k) | cert 0.40→0.49 | ticks [5.375 4.438 4.344 4.531 4.062 4.562 4.125 4.531] | Δticks -0.844 | ETA 32.4h
step  97850 | loss 6.2427 | lr 1.57e-04 | grad 1.31 | 1.1k tok/s (avg 0.9k) | cert 0.24→0.54 | ticks [5.969 4.594 4.344 4.344 4.375 4.625 4.594 4.500] | Δticks -1.469 | ETA 32.4h
step  97860 | loss 7.1796 | lr 1.57e-04 | grad 1.35 | 0.8k tok/s (avg 0.9k) | cert 0.40→0.64 | ticks [4.812 4.312 3.891 4.000 3.891 4.438 4.156 4.031] | Δticks -0.781 | ETA 32.4h
step  97870 | loss 7.2028 | lr 1.57e-04 | grad 1.35 | 1.1k tok/s (avg 0.9k) | cert 0.46→0.51 | ticks [4.938 4.250 4.250 4.250 3.844 4.344 4.000 4.219] | Δticks -0.719 | ETA 32.4h
step  97880 | loss 8.5838 | lr 1.57e-04 | grad 1.43 | 0.8k tok/s (avg 0.9k) | cert 0.37→0.54 | ticks [5.594 5.031 4.844 4.906 4.906 5.250 4.938 5.000] | Δticks -0.594 | ETA 32.4h
step  97890 | loss 7.6343 | lr 1.57e-04 | grad 1.63 | 0.8k tok/s (avg 0.9k) | cert 0.18→0.49 | ticks [7.438 6.281 5.938 6.062 6.062 6.312 6.125 6.094] | Δticks -1.344 | ETA 32.4h
step  97900 | loss 8.4008 | lr 1.57e-04 | grad 1.63 | 1.1k tok/s (avg 0.9k) | cert 0.52→0.67 | ticks [4.375 3.969 3.938 4.125 3.906 4.375 4.031 3.734] | Δticks -0.641 | ETA 32.4h
step  97910 | loss 8.6393 | lr 1.57e-04 | grad 1.58 | 0.8k tok/s (avg 0.9k) | cert 0.45→0.54 | ticks [5.188 4.625 4.312 4.312 4.406 4.719 4.500 4.562] | Δticks -0.625 | ETA 32.4h
step  97920 | loss 6.5594 | lr 1.57e-04 | grad 1.47 | 0.8k tok/s (avg 0.9k) | cert 0.40→0.63 | ticks [5.031 4.156 4.094 3.938 3.984 4.375 4.188 3.938] | Δticks -1.094 | ETA 32.4h
step  97930 | loss 8.3743 | lr 1.57e-04 | grad 1.47 | 1.1k tok/s (avg 0.9k) | cert 0.39→0.64 | ticks [4.812 4.156 3.781 3.906 3.906 4.281 4.062 3.812] | Δticks -1.000 | ETA 32.4h
step  97940 | loss 8.2576 | lr 1.57e-04 | grad 1.43 | 0.8k tok/s (avg 0.9k) | cert 0.48→0.69 | ticks [4.688 4.094 3.984 3.859 3.688 4.094 4.000 3.969] | Δticks -0.719 | ETA 32.4h
step  97950 | loss 12.6891 | lr 1.57e-04 | grad 1.43 | 1.1k tok/s (avg 0.9k) | cert 0.67→0.68 | ticks [3.984 3.703 3.625 3.688 3.500 3.844 3.547 3.469] | Δticks -0.516 | ETA 32.4h
step  97960 | loss 7.6080 | lr 1.57e-04 | grad 1.61 | 0.8k tok/s (avg 0.9k) | cert 0.27→0.48 | ticks [6.219 5.656 5.281 5.312 5.344 5.594 5.312 5.438] | Δticks -0.781 | ETA 32.4h
step  97970 | loss 7.5685 | lr 1.57e-04 | grad 1.31 | 0.8k tok/s (avg 0.9k) | cert 0.48→0.68 | ticks [4.406 3.984 3.844 3.781 3.828 4.188 4.094 3.688] | Δticks -0.719 | ETA 32.4h
step  97980 | loss 14.0983 | lr 1.57e-04 | grad 1.31 | 1.1k tok/s (avg 0.9k) | cert 0.47→0.48 | ticks [5.406 5.000 4.719 4.875 4.906 4.969 4.938 5.094] | Δticks -0.312 | ETA 32.4h
step  97990 | loss 9.1966 | lr 1.57e-04 | grad 1.41 | 0.8k tok/s (avg 0.9k) | cert 0.44→0.56 | ticks [5.125 4.562 4.312 4.406 4.406 4.781 4.594 4.656] | Δticks -0.469 | ETA 32.4h
step  98000 | loss 7.7140 | lr 1.57e-04 | grad 1.52 | 0.8k tok/s (avg 0.9k) | cert 0.32→0.52 | ticks [5.250 4.281 4.188 4.094 4.250 4.406 4.344 4.344] | Δticks -0.906 | ETA 32.4h
step  98010 | loss 9.4091 | lr 1.57e-04 | grad 1.52 | 1.1k tok/s (avg 0.9k) | cert 0.47→0.59 | ticks [5.188 4.812 4.594 4.562 4.594 5.000 4.844 4.625] | Δticks -0.562 | ETA 32.4h
step  98020 | loss 6.6557 | lr 1.57e-04 | grad 1.41 | 0.8k tok/s (avg 0.9k) | cert 0.31→0.61 | ticks [5.469 4.281 4.094 3.922 3.953 4.469 4.188 4.094] | Δticks -1.375 | ETA 32.4h
step  98030 | loss 7.2078 | lr 1.57e-04 | grad 1.41 | 1.1k tok/s (avg 0.9k) | cert 0.50→0.66 | ticks [4.719 4.094 3.969 3.922 3.766 4.281 4.344 3.984] | Δticks -0.734 | ETA 32.4h
step  98040 | loss 6.9239 | lr 1.57e-04 | grad 1.54 | 0.8k tok/s (avg 0.9k) | cert 0.50→0.71 | ticks [4.281 3.719 3.594 3.531 3.375 3.812 3.875 3.375] | Δticks -0.906 | ETA 32.4h
step  98050 | loss 7.2399 | lr 1.57e-04 | grad 1.41 | 0.8k tok/s (avg 0.9k) | cert 0.48→0.47 | ticks [3.797 3.844 3.547 3.703 3.406 3.469 3.312 3.719] | Δticks -0.078 | ETA 32.4h
step  98060 | loss 8.6578 | lr 1.57e-04 | grad 1.41 | 1.1k tok/s (avg 0.9k) | cert 0.45→0.59 | ticks [5.688 5.000 4.906 5.125 4.812 5.125 4.969 5.031] | Δticks -0.656 | ETA 32.4h
step  98070 | loss 7.6394 | lr 1.57e-04 | grad 1.49 | 0.8k tok/s (avg 0.9k) | cert 0.32→0.46 | ticks [6.219 5.281 5.219 5.312 5.281 5.438 5.375 5.500] | Δticks -0.719 | ETA 32.4h
step  98080 | loss 7.2430 | lr 1.57e-04 | grad 1.42 | 0.8k tok/s (avg 0.9k) | cert 0.46→0.61 | ticks [5.250 4.344 4.281 4.375 4.125 4.562 4.500 4.344] | Δticks -0.906 | ETA 32.4h
step  98090 | loss 8.5486 | lr 1.57e-04 | grad 1.42 | 1.1k tok/s (avg 0.9k) | cert 0.46→0.62 | ticks [4.750 3.953 3.938 3.875 3.953 4.281 4.125 3.969] | Δticks -0.781 | ETA 32.3h
step  98100 | loss 7.8178 | lr 1.57e-04 | grad 1.48 | 0.8k tok/s (avg 0.9k) | cert 0.47→0.66 | ticks [4.594 3.891 3.703 3.812 3.672 4.125 4.125 3.734] | Δticks -0.859 | ETA 32.3h
step  98110 | loss 8.5036 | lr 1.57e-04 | grad 1.48 | 1.1k tok/s (avg 0.9k) | cert 0.46→0.58 | ticks [6.125 5.344 5.219 5.219 4.875 5.344 5.344 5.344] | Δticks -0.781 | ETA 32.3h
step  98120 | loss 8.7220 | lr 1.57e-04 | grad 1.41 | 0.8k tok/s (avg 0.9k) | cert 0.53→0.65 | ticks [4.219 3.875 3.750 3.828 3.766 4.062 3.781 3.734] | Δticks -0.484 | ETA 32.3h
step  98130 | loss 8.4035 | lr 1.57e-04 | grad 1.51 | 0.8k tok/s (avg 0.9k) | cert 0.35→0.62 | ticks [5.375 4.344 4.188 4.219 4.312 4.812 4.562 4.344] | Δticks -1.031 | ETA 32.3h
step  98140 | loss 7.1367 | lr 1.57e-04 | grad 1.51 | 1.1k tok/s (avg 0.9k) | cert 0.52→0.49 | ticks [4.250 4.094 3.844 3.953 3.688 3.922 3.656 4.094] | Δticks -0.156 | ETA 32.3h
step  98150 | loss 8.6223 | lr 1.57e-04 | grad 1.55 | 0.8k tok/s (avg 0.9k) | cert 0.35→0.54 | ticks [5.156 4.406 4.281 4.281 4.312 4.469 4.344 4.375] | Δticks -0.781 | ETA 32.3h
step  98160 | loss 9.5900 | lr 1.57e-04 | grad 1.64 | 0.7k tok/s (avg 0.9k) | cert 0.47→0.69 | ticks [4.375 3.719 3.484 3.641 3.547 4.031 3.797 3.609] | Δticks -0.766 | ETA 32.3h
step  98170 | loss 7.3319 | lr 1.57e-04 | grad 1.64 | 1.1k tok/s (avg 0.9k) | cert 0.40→0.62 | ticks [5.094 4.156 4.000 3.984 3.984 4.406 4.156 4.062] | Δticks -1.031 | ETA 32.3h
step  98180 | loss 7.3192 | lr 1.57e-04 | grad 1.48 | 0.8k tok/s (avg 0.9k) | cert 0.38→0.60 | ticks [5.312 4.312 4.156 4.031 4.188 4.500 4.344 4.125] | Δticks -1.188 | ETA 32.3h
step  98190 | loss 7.1852 | lr 1.57e-04 | grad 1.48 | 1.1k tok/s (avg 0.9k) | cert 0.27→0.51 | ticks [6.156 5.438 5.031 5.031 5.125 5.469 5.031 5.125] | Δticks -1.031 | ETA 32.3h
step  98200 | loss 7.6791 | lr 1.57e-04 | grad 1.47 | 0.8k tok/s (avg 0.9k) | cert 0.35→0.56 | ticks [5.656 5.250 4.938 4.969 4.875 5.281 5.094 4.969] | Δticks -0.688 | ETA 32.3h
step  98210 | loss 8.0809 | lr 1.57e-04 | grad 1.59 | 0.8k tok/s (avg 0.9k) | cert 0.29→0.52 | ticks [6.344 5.562 5.250 5.188 5.312 5.594 5.156 5.344] | Δticks -1.000 | ETA 32.3h
step  98220 | loss 6.4854 | lr 1.57e-04 | grad 1.59 | 1.1k tok/s (avg 0.9k) | cert 0.43→0.67 | ticks [4.594 3.703 3.766 3.719 3.828 4.156 3.984 3.625] | Δticks -0.969 | ETA 32.3h
step  98230 | loss 8.7024 | lr 1.57e-04 | grad 1.62 | 0.8k tok/s (avg 0.9k) | cert 0.35→0.54 | ticks [5.500 4.750 4.688 4.781 4.844 4.938 4.812 4.781] | Δticks -0.719 | ETA 32.3h
step  98240 | loss 7.7281 | lr 1.57e-04 | grad 1.48 | 0.8k tok/s (avg 0.9k) | cert 0.44→0.64 | ticks [4.938 4.125 4.125 4.094 4.094 4.375 4.281 4.156] | Δticks -0.781 | ETA 32.3h
step  98250 | loss 5.8552 | lr 1.57e-04 | grad 1.48 | 1.1k tok/s (avg 0.9k) | cert 0.54→0.57 | ticks [3.859 3.234 3.297 3.281 3.016 3.312 3.047 3.375] | Δticks -0.484 | ETA 32.3h
step  98260 | loss 6.0043 | lr 1.57e-04 | grad 1.52 | 0.8k tok/s (avg 0.9k) | cert 0.55→0.56 | ticks [3.391 3.047 3.078 2.984 2.906 3.156 2.891 3.266] | Δticks -0.125 | ETA 32.3h
step  98270 | loss 8.5668 | lr 1.56e-04 | grad 1.52 | 1.1k tok/s (avg 0.9k) | cert 0.28→0.52 | ticks [6.094 5.250 5.094 4.969 5.062 5.469 5.188 5.156] | Δticks -0.938 | ETA 32.3h
step  98280 | loss 6.7953 | lr 1.56e-04 | grad 1.35 | 0.8k tok/s (avg 0.9k) | cert 0.41→0.63 | ticks [3.969 3.406 3.406 3.266 3.156 3.828 3.531 3.219] | Δticks -0.750 | ETA 32.3h
step  98290 | loss 7.2814 | lr 1.56e-04 | grad 1.55 | 0.8k tok/s (avg 0.9k) | cert 0.39→0.64 | ticks [4.969 4.156 3.953 3.969 3.953 4.312 4.125 4.094] | Δticks -0.875 | ETA 32.3h
step  98300 | loss 7.5724 | lr 1.56e-04 | grad 1.55 | 1.1k tok/s (avg 0.9k) | cert 0.21→0.43 | ticks [6.531 5.094 5.125 5.156 5.250 5.344 5.281 5.375] | Δticks -1.156 | ETA 32.3h
step  98310 | loss 7.3781 | lr 1.56e-04 | grad 1.64 | 0.8k tok/s (avg 0.9k) | cert 0.32→0.53 | ticks [6.031 5.344 5.062 5.062 4.938 5.250 5.188 5.062] | Δticks -0.969 | ETA 32.3h
step  98320 | loss 9.0648 | lr 1.56e-04 | grad 1.32 | 0.8k tok/s (avg 0.9k) | cert 0.29→0.45 | ticks [6.156 5.344 5.344 5.500 5.438 5.594 5.500 5.625] | Δticks -0.531 | ETA 32.3h
step  98330 | loss 6.2849 | lr 1.56e-04 | grad 1.32 | 1.1k tok/s (avg 0.9k) | cert 0.55→0.55 | ticks [3.453 3.219 3.141 3.219 3.016 3.266 3.016 3.469] | Δticks +0.016 | ETA 32.3h
step  98340 | loss 5.5436 | lr 1.56e-04 | grad 1.28 | 0.8k tok/s (avg 0.9k) | cert 0.52→0.56 | ticks [3.359 3.047 3.000 3.109 2.812 3.078 2.844 3.250] | Δticks -0.109 | ETA 32.3h
step  98350 | loss 6.6196 | lr 1.56e-04 | grad 1.28 | 1.1k tok/s (avg 0.9k) | cert 0.39→0.64 | ticks [4.062 3.391 3.281 3.328 3.094 3.719 3.406 3.250] | Δticks -0.812 | ETA 32.3h
step  98360 | loss 9.2396 | lr 1.56e-04 | grad 1.25 | 0.8k tok/s (avg 0.9k) | cert 0.44→0.68 | ticks [4.406 3.906 3.734 3.719 3.609 4.031 3.922 3.656] | Δticks -0.750 | ETA 32.3h
step  98370 | loss 7.5092 | lr 1.56e-04 | grad 1.30 | 0.8k tok/s (avg 0.9k) | cert 0.32→0.59 | ticks [5.281 4.250 4.188 4.281 4.125 4.594 4.344 4.281] | Δticks -1.000 | ETA 32.3h
step  98380 | loss 8.2844 | lr 1.56e-04 | grad 1.30 | 1.1k tok/s (avg 0.9k) | cert 0.42→0.66 | ticks [5.500 4.625 4.438 4.531 4.312 4.781 4.656 4.469] | Δticks -1.031 | ETA 32.3h
step  98390 | loss 7.0553 | lr 1.56e-04 | grad 1.45 | 0.8k tok/s (avg 0.9k) | cert 0.48→0.67 | ticks [4.406 3.562 3.531 3.609 3.516 3.969 3.812 3.531] | Δticks -0.875 | ETA 32.3h
step  98400 | loss 12.8905 | lr 1.56e-04 | grad 1.34 | 0.8k tok/s (avg 0.9k) | cert 0.41→0.47 | ticks [5.531 4.969 4.812 4.906 4.938 4.969 5.062 5.125] | Δticks -0.406 | ETA 32.3h
step  98410 | loss 5.9271 | lr 1.56e-04 | grad 1.34 | 1.1k tok/s (avg 0.9k) | cert 0.56→0.60 | ticks [3.469 2.828 2.766 2.844 2.578 2.844 2.688 3.000] | Δticks -0.469 | ETA 32.2h
step  98420 | loss 9.3589 | lr 1.56e-04 | grad 1.34 | 0.8k tok/s (avg 0.9k) | cert 0.34→0.66 | ticks [4.688 3.906 3.703 3.594 3.766 4.156 3.969 3.625] | Δticks -1.062 | ETA 32.2h
step  98430 | loss 7.6862 | lr 1.56e-04 | grad 1.34 | 1.1k tok/s (avg 0.9k) | cert 0.56→0.70 | ticks [4.031 3.359 3.484 3.516 3.484 3.688 3.469 3.234] | Δticks -0.797 | ETA 32.2h
step  98440 | loss 6.8439 | lr 1.56e-04 | grad 1.34 | 0.8k tok/s (avg 0.9k) | cert 0.27→0.55 | ticks [5.250 4.344 4.219 4.094 4.188 4.531 4.250 4.219] | Δticks -1.031 | ETA 32.2h
step  98450 | loss 8.1232 | lr 1.56e-04 | grad 1.29 | 0.8k tok/s (avg 0.9k) | cert 0.44→0.65 | ticks [5.094 4.312 4.156 4.062 4.062 4.469 4.312 4.219] | Δticks -0.875 | ETA 32.2h
step  98460 | loss 9.3805 | lr 1.56e-04 | grad 1.29 | 1.1k tok/s (avg 0.9k) | cert 0.24→0.43 | ticks [6.344 5.500 5.500 5.531 5.719 5.781 5.688 5.656] | Δticks -0.688 | ETA 32.2h
step  98470 | loss 7.2114 | lr 1.56e-04 | grad 1.30 | 0.8k tok/s (avg 0.9k) | cert 0.38→0.56 | ticks [5.594 5.031 4.906 4.844 4.781 5.062 4.812 4.750] | Δticks -0.844 | ETA 32.2h
step  98480 | loss 8.5919 | lr 1.56e-04 | grad 1.30 | 0.8k tok/s (avg 0.9k) | cert 0.24→0.50 | ticks [6.750 5.875 5.406 5.406 5.625 6.031 5.688 5.656] | Δticks -1.094 | ETA 32.2h
step  98490 | loss 10.7558 | lr 1.56e-04 | grad 1.30 | 1.1k tok/s (avg 0.9k) | cert 0.41→0.54 | ticks [5.531 5.031 4.812 4.906 4.781 5.094 4.906 4.906] | Δticks -0.625 | ETA 32.2h
step  98500 | loss 9.5162 | lr 1.56e-04 | grad 1.30 | 0.8k tok/s (avg 0.9k) | cert 0.38→0.54 | ticks [6.062 5.094 4.969 5.031 5.000 5.188 5.031 5.156] | Δticks -0.906 | ETA 32.2h
step  98510 | loss 8.2790 | lr 1.56e-04 | grad 1.30 | 1.1k tok/s (avg 0.9k) | cert 0.52→0.64 | ticks [4.500 3.734 3.797 3.812 3.922 4.312 4.000 3.797] | Δticks -0.703 | ETA 32.2h
step  98520 | loss 7.1472 | lr 1.56e-04 | grad 1.37 | 0.8k tok/s (avg 0.9k) | cert 0.32→0.56 | ticks [5.469 4.781 4.719 4.594 4.656 5.031 4.719 4.750] | Δticks -0.719 | ETA 32.2h
step  98530 | loss 7.0542 | lr 1.56e-04 | grad 1.39 | 0.8k tok/s (avg 0.9k) | cert 0.46→0.64 | ticks [4.375 3.953 3.734 3.812 3.656 4.125 3.969 3.906] | Δticks -0.469 | ETA 32.2h
step  98540 | loss 6.9919 | lr 1.56e-04 | grad 1.39 | 1.1k tok/s (avg 0.9k) | cert 0.52→0.62 | ticks [4.281 3.984 3.922 3.828 3.641 4.062 3.828 3.750] | Δticks -0.531 | ETA 32.2h
step  98550 | loss 7.1699 | lr 1.56e-04 | grad 1.30 | 0.8k tok/s (avg 0.9k) | cert 0.38→0.55 | ticks [5.594 5.062 4.781 4.906 4.688 4.969 4.875 4.844] | Δticks -0.750 | ETA 32.2h
step  98560 | loss 7.6950 | lr 1.56e-04 | grad 1.42 | 0.8k tok/s (avg 0.9k) | cert 0.47→0.68 | ticks [3.891 3.438 3.484 3.391 3.172 3.875 3.594 3.188] | Δticks -0.703 | ETA 32.2h
step  98570 | loss 7.2228 | lr 1.56e-04 | grad 1.42 | 1.1k tok/s (avg 0.9k) | cert 0.36→0.57 | ticks [5.719 5.219 4.875 5.031 4.844 5.031 5.031 4.969] | Δticks -0.750 | ETA 32.2h
step  98580 | loss 6.1693 | lr 1.56e-04 | grad 1.43 | 0.8k tok/s (avg 0.9k) | cert 0.41→0.65 | ticks [4.375 3.781 3.484 3.453 3.391 3.797 3.594 3.531] | Δticks -0.844 | ETA 32.2h
step  98590 | loss 6.9996 | lr 1.56e-04 | grad 1.43 | 1.1k tok/s (avg 0.9k) | cert 0.47→0.68 | ticks [4.031 3.516 3.344 3.469 3.328 3.719 3.625 3.422] | Δticks -0.609 | ETA 32.2h
step  98600 | loss 10.4649 | lr 1.56e-04 | grad 1.24 | 0.8k tok/s (avg 0.9k) | cert 0.35→0.63 | ticks [5.594 4.812 4.781 4.656 4.656 4.906 5.062 4.719] | Δticks -0.875 | ETA 32.2h
step  98610 | loss 6.9939 | lr 1.56e-04 | grad 1.38 | 0.8k tok/s (avg 0.9k) | cert 0.43→0.66 | ticks [4.500 3.734 3.594 3.672 3.594 3.953 3.922 3.625] | Δticks -0.875 | ETA 32.2h
step  98620 | loss 6.3483 | lr 1.56e-04 | grad 1.38 | 1.1k tok/s (avg 0.9k) | cert 0.34→0.60 | ticks [5.250 4.312 4.250 4.219 4.125 4.469 4.312 4.188] | Δticks -1.062 | ETA 32.2h
step  98630 | loss 7.4455 | lr 1.56e-04 | grad 1.41 | 0.8k tok/s (avg 0.9k) | cert 0.42→0.60 | ticks [4.969 4.375 4.062 4.094 3.953 4.594 4.344 4.250] | Δticks -0.719 | ETA 32.2h
step  98640 | loss 8.0938 | lr 1.56e-04 | grad 1.30 | 0.8k tok/s (avg 0.9k) | cert 0.43→0.54 | ticks [5.125 4.562 4.375 4.500 4.406 4.719 4.656 4.656] | Δticks -0.469 | ETA 32.2h
step  98650 | loss 7.4552 | lr 1.56e-04 | grad 1.30 | 1.1k tok/s (avg 0.9k) | cert 0.33→0.55 | ticks [5.156 4.312 4.438 4.250 4.219 4.562 4.250 4.344] | Δticks -0.812 | ETA 32.2h
step  98660 | loss 7.7103 | lr 1.56e-04 | grad 1.33 | 0.8k tok/s (avg 0.9k) | cert 0.14→0.39 | ticks [7.438 5.938 5.781 5.812 5.906 5.969 5.938 6.031] | Δticks -1.406 | ETA 32.2h
step  98670 | loss 7.1680 | lr 1.56e-04 | grad 1.33 | 1.1k tok/s (avg 0.9k) | cert 0.47→0.70 | ticks [4.469 3.797 3.953 3.828 3.469 3.938 4.031 3.859] | Δticks -0.609 | ETA 32.2h
step  98680 | loss 6.5210 | lr 1.56e-04 | grad 1.37 | 0.8k tok/s (avg 0.9k) | cert 0.28→0.61 | ticks [5.094 3.969 3.891 3.750 3.781 4.281 4.125 3.875] | Δticks -1.219 | ETA 32.2h
step  98690 | loss 7.3122 | lr 1.55e-04 | grad 1.27 | 0.8k tok/s (avg 0.9k) | cert 0.24→0.45 | ticks [6.344 5.219 5.281 5.250 5.469 5.469 5.406 5.469] | Δticks -0.875 | ETA 32.2h
step  98700 | loss 6.8084 | lr 1.55e-04 | grad 1.27 | 1.1k tok/s (avg 0.9k) | cert 0.40→0.64 | ticks [4.469 3.609 3.656 3.625 3.344 4.125 3.750 3.594] | Δticks -0.875 | ETA 32.2h
step  98710 | loss 8.3298 | lr 1.55e-04 | grad 1.41 | 0.8k tok/s (avg 0.9k) | cert 0.22→0.45 | ticks [7.562 6.594 6.406 6.438 6.469 6.688 6.531 6.688] | Δticks -0.875 | ETA 32.2h
step  98720 | loss 7.4007 | lr 1.55e-04 | grad 1.68 | 0.8k tok/s (avg 0.9k) | cert 0.54→0.68 | ticks [4.344 3.656 3.656 3.750 3.656 4.156 3.859 3.625] | Δticks -0.719 | ETA 32.2h
step  98730 | loss 9.2901 | lr 1.55e-04 | grad 1.68 | 1.1k tok/s (avg 0.9k) | cert 0.40→0.46 | ticks [5.094 4.562 4.594 4.562 4.719 4.750 4.750 4.875] | Δticks -0.219 | ETA 32.1h
step  98740 | loss 8.8519 | lr 1.55e-04 | grad 1.67 | 0.8k tok/s (avg 0.9k) | cert 0.31→0.54 | ticks [5.938 5.031 4.812 4.938 4.969 5.156 5.000 4.969] | Δticks -0.969 | ETA 32.1h
step  98750 | loss 6.1399 | lr 1.55e-04 | grad 1.67 | 1.1k tok/s (avg 0.9k) | cert 0.38→0.62 | ticks [4.906 3.828 3.828 3.922 3.906 4.438 4.125 3.938] | Δticks -0.969 | ETA 32.1h
step  98760 | loss 7.8861 | lr 1.55e-04 | grad 1.66 | 0.8k tok/s (avg 0.9k) | cert 0.26→0.52 | ticks [6.812 5.625 5.312 5.438 5.500 5.844 5.625 5.625] | Δticks -1.188 | ETA 32.1h
step  98770 | loss 6.1894 | lr 1.55e-04 | grad 1.50 | 0.8k tok/s (avg 0.9k) | cert 0.42→0.62 | ticks [4.531 3.859 3.688 3.703 3.531 4.094 3.844 3.734] | Δticks -0.797 | ETA 32.1h
step  98780 | loss 6.8536 | lr 1.55e-04 | grad 1.50 | 1.1k tok/s (avg 0.9k) | cert 0.36→0.62 | ticks [4.938 3.969 3.922 4.000 3.734 4.188 4.094 3.859] | Δticks -1.078 | ETA 32.1h
step  98790 | loss 7.6381 | lr 1.55e-04 | grad 1.25 | 0.8k tok/s (avg 0.9k) | cert 0.46→0.64 | ticks [5.062 4.188 4.156 4.156 4.125 4.375 4.344 4.156] | Δticks -0.906 | ETA 32.1h
step  98800 | loss 10.2467 | lr 1.55e-04 | grad 1.32 | 0.8k tok/s (avg 0.9k) | cert 0.26→0.46 | ticks [6.438 5.312 5.406 5.500 5.594 5.688 5.688 5.625] | Δticks -0.812 | ETA 32.1h
step  98810 | loss 7.3289 | lr 1.55e-04 | grad 1.32 | 1.1k tok/s (avg 0.9k) | cert 0.47→0.64 | ticks [4.656 3.938 3.891 3.797 3.703 4.125 4.062 3.797] | Δticks -0.859 | ETA 32.1h
step  98820 | loss 8.7741 | lr 1.55e-04 | grad 1.60 | 0.8k tok/s (avg 0.9k) | cert 0.46→0.63 | ticks [4.406 3.828 3.812 3.859 3.641 4.062 3.875 3.625] | Δticks -0.781 | ETA 32.1h
step  98830 | loss 7.1571 | lr 1.55e-04 | grad 1.60 | 1.1k tok/s (avg 0.9k) | cert 0.61→0.64 | ticks [4.562 4.188 4.031 4.031 3.703 4.062 3.922 4.000] | Δticks -0.562 | ETA 32.1h
step  98840 | loss 7.2007 | lr 1.55e-04 | grad 1.54 | 0.8k tok/s (avg 0.9k) | cert 0.46→0.63 | ticks [5.000 4.125 3.969 3.797 3.812 4.188 4.031 3.953] | Δticks -1.047 | ETA 32.1h
step  98850 | loss 8.0966 | lr 1.55e-04 | grad 1.53 | 0.8k tok/s (avg 0.9k) | cert 0.19→0.52 | ticks [7.344 6.031 5.844 5.906 5.906 6.188 6.062 5.875] | Δticks -1.469 | ETA 32.1h
step  98860 | loss 8.3660 | lr 1.55e-04 | grad 1.53 | 1.1k tok/s (avg 0.9k) | cert 0.36→0.61 | ticks [5.094 4.500 4.406 4.375 4.281 4.625 4.469 4.281] | Δticks -0.812 | ETA 32.1h
step  98870 | loss 7.7581 | lr 1.55e-04 | grad 1.52 | 0.8k tok/s (avg 0.9k) | cert 0.32→0.52 | ticks [6.312 5.500 5.344 5.406 5.250 5.469 5.406 5.469] | Δticks -0.844 | ETA 32.1h
step  98880 | loss 8.3185 | lr 1.55e-04 | grad 1.57 | 0.8k tok/s (avg 0.9k) | cert 0.25→0.50 | ticks [6.719 5.625 5.188 5.125 5.219 5.500 5.344 5.438] | Δticks -1.281 | ETA 32.1h
step  98890 | loss 6.6753 | lr 1.55e-04 | grad 1.57 | 1.1k tok/s (avg 0.9k) | cert 0.34→0.60 | ticks [5.219 4.406 4.031 4.031 4.031 4.438 4.188 4.125] | Δticks -1.094 | ETA 32.1h
step  98900 | loss 7.1302 | lr 1.55e-04 | grad 1.37 | 0.8k tok/s (avg 0.9k) | cert 0.41→0.64 | ticks [4.969 4.438 4.031 4.094 4.031 4.406 4.219 4.125] | Δticks -0.844 | ETA 32.1h
step  98910 | loss 8.9733 | lr 1.55e-04 | grad 1.37 | 1.1k tok/s (avg 0.9k) | cert 0.27→0.45 | ticks [7.750 6.500 6.375 6.406 6.281 6.531 6.469 6.688] | Δticks -1.062 | ETA 32.1h
step  98920 | loss 7.4512 | lr 1.55e-04 | grad 1.66 | 0.8k tok/s (avg 0.9k) | cert 0.37→0.54 | ticks [5.406 4.906 4.594 4.688 4.688 4.906 4.750 4.688] | Δticks -0.719 | ETA 32.1h
step  98930 | loss 7.8643 | lr 1.55e-04 | grad 1.34 | 0.8k tok/s (avg 0.9k) | cert 0.42→0.62 | ticks [5.125 4.344 4.344 4.312 4.125 4.469 4.344 4.125] | Δticks -1.000 | ETA 32.1h
step  98940 | loss 7.4379 | lr 1.55e-04 | grad 1.34 | 1.1k tok/s (avg 0.9k) | cert 0.41→0.63 | ticks [4.625 4.062 3.703 3.641 3.578 4.031 3.734 3.812] | Δticks -0.812 | ETA 32.1h
step  98950 | loss 6.5024 | lr 1.55e-04 | grad 1.66 | 0.8k tok/s (avg 0.9k) | cert 0.45→0.63 | ticks [4.719 4.094 3.922 3.844 3.859 4.188 4.031 3.906] | Δticks -0.812 | ETA 32.1h
step  98960 | loss 15.3104 | lr 1.55e-04 | grad 1.45 | 0.8k tok/s (avg 0.9k) | cert 0.37→0.43 | ticks [6.031 5.719 5.500 5.594 5.594 5.844 5.656 5.844] | Δticks -0.188 | ETA 32.1h
step  98970 | loss 6.7354 | lr 1.55e-04 | grad 1.45 | 1.1k tok/s (avg 0.9k) | cert 0.47→0.64 | ticks [4.500 3.984 3.906 3.734 3.719 4.000 3.969 3.828] | Δticks -0.672 | ETA 32.1h
step  98980 | loss 7.7595 | lr 1.55e-04 | grad 1.46 | 0.8k tok/s (avg 0.9k) | cert 0.48→0.61 | ticks [4.438 4.125 4.062 4.062 3.766 4.094 4.094 3.922] | Δticks -0.516 | ETA 32.1h
step  98990 | loss 7.4005 | lr 1.55e-04 | grad 1.46 | 1.1k tok/s (avg 0.9k) | cert 0.31→0.56 | ticks [5.969 5.250 4.875 5.031 4.906 5.094 4.969 4.938] | Δticks -1.031 | ETA 32.1h
step  99000 | loss 8.6383 | lr 1.55e-04 | grad 1.38 | 0.8k tok/s (avg 0.9k) | cert 0.30→0.47 | ticks [5.875 5.062 5.125 5.188 5.281 5.406 5.219 5.281] | Δticks -0.594 | ETA 32.1h
step  99010 | loss 8.8583 | lr 1.55e-04 | grad 1.39 | 0.8k tok/s (avg 0.9k) | cert 0.16→0.34 | ticks [8.438 7.469 7.531 7.469 7.562 7.750 7.688 7.625] | Δticks -0.812 | ETA 32.1h
step  99020 | loss 11.3856 | lr 1.55e-04 | grad 1.39 | 1.1k tok/s (avg 0.9k) | cert 0.45→0.64 | ticks [5.406 4.531 4.531 4.500 4.469 5.062 4.750 4.469] | Δticks -0.938 | ETA 32.1h
step  99030 | loss 7.5741 | lr 1.55e-04 | grad 1.37 | 0.8k tok/s (avg 0.9k) | cert 0.35→0.50 | ticks [5.562 4.656 4.625 4.719 4.844 4.938 4.812 4.875] | Δticks -0.688 | ETA 32.1h
step  99040 | loss 10.0305 | lr 1.55e-04 | grad 1.58 | 0.8k tok/s (avg 0.9k) | cert 0.31→0.44 | ticks [6.156 5.375 5.250 5.188 5.312 5.438 5.406 5.438] | Δticks -0.719 | ETA 32.1h
step  99050 | loss 7.1483 | lr 1.55e-04 | grad 1.58 | 1.1k tok/s (avg 0.9k) | cert 0.41→0.62 | ticks [4.781 3.922 3.875 3.812 3.797 4.250 4.062 3.812] | Δticks -0.969 | ETA 32.0h
step  99060 | loss 6.5386 | lr 1.55e-04 | grad 1.41 | 0.8k tok/s (avg 0.9k) | cert 0.46→0.63 | ticks [4.906 4.031 3.984 3.984 3.938 4.250 4.188 4.000] | Δticks -0.906 | ETA 32.0h
step  99070 | loss 7.8254 | lr 1.55e-04 | grad 1.41 | 1.1k tok/s (avg 0.9k) | cert 0.61→0.69 | ticks [4.094 3.531 3.531 3.484 3.188 3.516 3.703 3.344] | Δticks -0.750 | ETA 32.0h
step  99080 | loss 6.7774 | lr 1.55e-04 | grad 1.32 | 0.8k tok/s (avg 0.9k) | cert 0.44→0.63 | ticks [4.750 4.062 3.719 3.703 3.609 3.984 3.922 3.688] | Δticks -1.062 | ETA 32.0h
step  99090 | loss 5.5519 | lr 1.55e-04 | grad 1.32 | 0.8k tok/s (avg 0.9k) | cert 0.27→0.59 | ticks [5.125 3.625 3.484 3.562 3.547 3.578 3.578 3.500] | Δticks -1.625 | ETA 32.0h
step  99100 | loss 7.0488 | lr 1.55e-04 | grad 1.32 | 1.1k tok/s (avg 0.9k) | cert 0.39→0.56 | ticks [5.344 4.844 4.562 4.688 4.500 4.719 4.625 4.750] | Δticks -0.594 | ETA 32.0h
step  99110 | loss 8.1082 | lr 1.54e-04 | grad 1.48 | 0.8k tok/s (avg 0.9k) | cert 0.50→0.66 | ticks [4.812 4.031 4.156 4.125 4.062 4.062 4.250 3.922] | Δticks -0.891 | ETA 32.0h
step  99120 | loss 7.0696 | lr 1.54e-04 | grad 1.48 | 0.8k tok/s (avg 0.9k) | cert 0.56→0.72 | ticks [3.891 3.359 3.109 3.203 2.922 3.297 3.234 3.156] | Δticks -0.734 | ETA 32.0h
step  99130 | loss 6.6966 | lr 1.54e-04 | grad 1.48 | 1.1k tok/s (avg 0.9k) | cert 0.36→0.56 | ticks [5.406 4.938 4.719 4.750 4.531 4.844 4.719 4.656] | Δticks -0.750 | ETA 32.0h
step  99140 | loss 7.0515 | lr 1.54e-04 | grad 1.45 | 0.8k tok/s (avg 0.9k) | cert 0.46→0.63 | ticks [4.719 4.156 3.859 3.922 3.844 4.344 4.062 3.953] | Δticks -0.766 | ETA 32.0h
step  99150 | loss 10.2528 | lr 1.54e-04 | grad 1.45 | 1.1k tok/s (avg 0.9k) | cert 0.19→0.40 | ticks [8.062 6.719 6.750 6.781 6.562 6.750 6.688 6.906] | Δticks -1.156 | ETA 32.0h
step  99160 | loss 13.0856 | lr 1.54e-04 | grad 1.34 | 0.8k tok/s (avg 0.9k) | cert 0.45→0.48 | ticks [5.031 4.844 4.594 4.688 4.688 4.781 4.719 4.906] | Δticks -0.125 | ETA 32.0h
step  99170 | loss 8.1454 | lr 1.54e-04 | grad 1.37 | 0.8k tok/s (avg 0.9k) | cert 0.37→0.63 | ticks [4.844 4.000 3.906 3.859 3.797 4.281 4.125 3.938] | Δticks -0.906 | ETA 32.0h
step  99180 | loss 7.6061 | lr 1.54e-04 | grad 1.37 | 1.1k tok/s (avg 0.9k) | cert 0.30→0.53 | ticks [6.188 5.375 5.062 5.281 5.250 5.594 5.312 5.312] | Δticks -0.875 | ETA 32.0h
step  99190 | loss 11.3132 | lr 1.54e-04 | grad 1.30 | 0.8k tok/s (avg 0.9k) | cert 0.73→0.70 | ticks [3.781 3.719 3.672 3.812 3.547 3.594 3.797 3.734] | Δticks -0.047 | ETA 32.0h
step  99200 | loss 7.3743 | lr 1.54e-04 | grad 1.30 | 0.8k tok/s (avg 0.9k) | cert 0.48→0.61 | ticks [5.094 4.375 4.469 4.594 4.625 4.844 4.625 4.562] | Δticks -0.531 | ETA 32.0h
step  99210 | loss 7.9886 | lr 1.54e-04 | grad 1.30 | 1.1k tok/s (avg 0.9k) | cert 0.43→0.61 | ticks [5.000 4.250 4.094 4.094 4.094 4.594 4.219 4.188] | Δticks -0.812 | ETA 32.0h
step  99220 | loss 7.7656 | lr 1.54e-04 | grad 1.30 | 0.8k tok/s (avg 0.9k) | cert 0.23→0.46 | ticks [6.938 6.125 5.812 5.875 5.938 6.188 5.969 6.000] | Δticks -0.938 | ETA 32.0h
step  99230 | loss 9.4558 | lr 1.54e-04 | grad 1.30 | 1.1k tok/s (avg 0.9k) | cert 0.15→0.40 | ticks [7.688 6.688 6.406 6.500 6.438 6.719 6.594 6.656] | Δticks -1.031 | ETA 32.0h
step  99240 | loss 6.1187 | lr 1.54e-04 | grad 1.19 | 0.8k tok/s (avg 0.9k) | cert 0.38→0.61 | ticks [5.000 4.156 4.062 3.984 3.969 4.250 4.156 4.031] | Δticks -0.969 | ETA 32.0h
step  99250 | loss 8.7105 | lr 1.54e-04 | grad 1.25 | 0.8k tok/s (avg 0.9k) | cert 0.23→0.44 | ticks [7.625 6.844 6.688 6.750 6.625 6.844 6.750 6.906] | Δticks -0.719 | ETA 32.0h
step  99260 | loss 10.2217 | lr 1.54e-04 | grad 1.25 | 1.1k tok/s (avg 0.9k) | cert 0.18→0.41 | ticks [7.531 6.594 6.344 6.375 6.438 6.562 6.469 6.719] | Δticks -0.812 | ETA 32.0h
step  99270 | loss 5.9319 | lr 1.54e-04 | grad 1.25 | 0.8k tok/s (avg 0.9k) | cert 0.32→0.49 | ticks [5.438 4.438 4.375 4.344 4.375 4.562 4.469 4.688] | Δticks -0.750 | ETA 32.0h
step  99280 | loss 7.9245 | lr 1.54e-04 | grad 1.33 | 0.8k tok/s (avg 0.9k) | cert 0.43→0.61 | ticks [4.875 4.000 4.000 4.000 3.953 4.062 4.156 4.094] | Δticks -0.781 | ETA 32.0h
step  99290 | loss 10.5601 | lr 1.54e-04 | grad 1.33 | 1.1k tok/s (avg 0.9k) | cert 0.33→0.45 | ticks [5.969 5.062 4.938 4.938 5.000 5.125 5.188 5.344] | Δticks -0.625 | ETA 32.0h
step  99300 | loss 10.8517 | lr 1.54e-04 | grad 1.36 | 0.8k tok/s (avg 0.9k) | cert 0.38→0.52 | ticks [5.719 5.125 4.875 5.188 5.125 5.344 5.281 5.125] | Δticks -0.594 | ETA 32.0h
step  99310 | loss 7.1420 | lr 1.54e-04 | grad 1.36 | 1.1k tok/s (avg 0.9k) | cert 0.33→0.63 | ticks [5.594 4.344 4.312 4.312 4.188 4.625 4.406 4.219] | Δticks -1.375 | ETA 32.0h
step  99320 | loss 10.9066 | lr 1.54e-04 | grad 1.39 | 0.8k tok/s (avg 0.9k) | cert 0.23→0.50 | ticks [6.969 5.625 5.625 5.625 5.625 6.000 5.781 5.688] | Δticks -1.281 | ETA 32.0h
step  99330 | loss 7.4526 | lr 1.54e-04 | grad 1.56 | 0.8k tok/s (avg 0.9k) | cert 0.29→0.53 | ticks [6.312 5.375 5.156 5.219 5.031 5.250 5.250 5.312] | Δticks -1.000 | ETA 32.0h
step  99340 | loss 6.7288 | lr 1.54e-04 | grad 1.56 | 1.1k tok/s (avg 0.9k) | cert 0.44→0.63 | ticks [4.562 4.062 3.922 3.797 3.828 4.250 4.188 3.984] | Δticks -0.578 | ETA 32.0h
step  99350 | loss 9.1403 | lr 1.54e-04 | grad 1.48 | 0.8k tok/s (avg 0.9k) | cert 0.64→0.71 | ticks [4.469 4.094 4.219 4.375 3.859 4.094 4.125 4.062] | Δticks -0.406 | ETA 32.0h
step  99360 | loss 6.9461 | lr 1.54e-04 | grad 1.51 | 0.8k tok/s (avg 0.9k) | cert 0.42→0.58 | ticks [5.438 4.969 4.750 4.719 4.469 4.656 4.656 4.625] | Δticks -0.812 | ETA 32.0h
step  99370 | loss 7.3986 | lr 1.54e-04 | grad 1.51 | 1.1k tok/s (avg 0.9k) | cert 0.45→0.63 | ticks [4.906 4.094 4.062 4.062 3.922 4.094 4.031 4.062] | Δticks -0.844 | ETA 31.9h
step  99380 | loss 7.8611 | lr 1.54e-04 | grad 1.45 | 0.8k tok/s (avg 0.9k) | cert 0.45→0.57 | ticks [5.250 4.594 4.562 4.406 4.469 4.750 4.531 4.438] | Δticks -0.812 | ETA 31.9h
step  99390 | loss 10.0343 | lr 1.54e-04 | grad 1.45 | 1.1k tok/s (avg 0.9k) | cert 0.36→0.48 | ticks [5.375 4.844 4.844 4.844 4.969 5.094 5.000 5.094] | Δticks -0.281 | ETA 31.9h
step  99400 | loss 11.2286 | lr 1.54e-04 | grad 1.41 | 0.8k tok/s (avg 0.9k) | cert 0.29→0.45 | ticks [6.688 5.969 5.906 6.031 6.094 6.219 6.094 6.219] | Δticks -0.469 | ETA 31.9h
step  99410 | loss 7.9035 | lr 1.54e-04 | grad 1.30 | 0.8k tok/s (avg 0.9k) | cert 0.23→0.43 | ticks [6.156 5.156 5.312 5.375 5.500 5.531 5.438 5.469] | Δticks -0.688 | ETA 31.9h
step  99420 | loss 7.7680 | lr 1.54e-04 | grad 1.30 | 1.1k tok/s (avg 0.9k) | cert 0.37→0.54 | ticks [5.000 4.094 4.125 4.219 4.438 4.469 4.312 4.312] | Δticks -0.688 | ETA 31.9h
step  99430 | loss 10.0919 | lr 1.54e-04 | grad 1.38 | 0.8k tok/s (avg 0.9k) | cert 0.37→0.50 | ticks [5.969 5.219 5.125 5.094 5.250 5.500 5.281 5.344] | Δticks -0.625 | ETA 31.9h
step  99440 | loss 8.0105 | lr 1.54e-04 | grad 1.33 | 0.8k tok/s (avg 0.9k) | cert 0.41→0.55 | ticks [5.719 5.156 4.938 4.844 4.969 5.312 5.062 5.062] | Δticks -0.656 | ETA 31.9h
step  99450 | loss 11.6354 | lr 1.54e-04 | grad 1.33 | 1.1k tok/s (avg 0.9k) | cert 0.56→0.61 | ticks [4.688 4.062 4.094 4.188 4.094 4.219 4.156 3.938] | Δticks -0.750 | ETA 31.9h
step  99460 | loss 7.2871 | lr 1.54e-04 | grad 1.35 | 0.8k tok/s (avg 0.9k) | cert 0.36→0.59 | ticks [5.031 4.219 4.094 4.094 4.125 4.438 4.375 4.219] | Δticks -0.812 | ETA 31.9h
step  99470 | loss 9.6675 | lr 1.54e-04 | grad 1.35 | 1.1k tok/s (avg 0.9k) | cert 0.42→0.54 | ticks [5.906 5.500 5.250 5.312 5.156 5.562 5.344 5.344] | Δticks -0.562 | ETA 31.9h
step  99480 | loss 6.8626 | lr 1.54e-04 | grad 1.57 | 0.8k tok/s (avg 0.9k) | cert 0.43→0.61 | ticks [4.875 4.281 4.062 4.125 4.062 4.531 4.312 4.156] | Δticks -0.719 | ETA 31.9h
step  99490 | loss 7.1496 | lr 1.54e-04 | grad 1.42 | 0.8k tok/s (avg 0.9k) | cert 0.26→0.48 | ticks [6.062 5.500 4.969 4.969 5.031 5.312 5.062 5.094] | Δticks -0.969 | ETA 31.9h
step  99500 | loss 11.7354 | lr 1.54e-04 | grad 1.42 | 1.1k tok/s (avg 0.9k) | cert 0.55→0.64 | ticks [4.469 3.938 3.875 4.062 4.156 4.219 4.094 3.906] | Δticks -0.562 | ETA 31.9h
step  99510 | loss 11.4349 | lr 1.54e-04 | grad 1.30 | 0.8k tok/s (avg 0.9k) | cert 0.19→0.53 | ticks [6.500 5.312 5.219 5.281 5.250 5.438 5.375 5.156] | Δticks -1.344 | ETA 31.9h
step  99520 | loss 7.3317 | lr 1.54e-04 | grad 1.34 | 0.8k tok/s (avg 0.9k) | cert 0.35→0.54 | ticks [6.000 5.219 5.094 5.062 4.938 5.188 5.031 5.000] | Δticks -1.000 | ETA 31.9h
step  99530 | loss 6.1433 | lr 1.53e-04 | grad 1.34 | 1.1k tok/s (avg 0.9k) | cert 0.35→0.60 | ticks [5.094 4.250 4.250 4.031 4.094 4.469 4.344 4.094] | Δticks -1.000 | ETA 31.9h
step  99540 | loss 6.9173 | lr 1.53e-04 | grad 1.29 | 0.8k tok/s (avg 0.9k) | cert 0.33→0.52 | ticks [5.688 5.031 4.719 4.844 4.750 5.094 4.906 4.969] | Δticks -0.719 | ETA 31.9h
step  99550 | loss 6.7808 | lr 1.53e-04 | grad 1.29 | 1.1k tok/s (avg 0.9k) | cert 0.39→0.55 | ticks [5.094 4.500 4.438 4.469 4.438 4.656 4.438 4.312] | Δticks -0.781 | ETA 31.9h
step  99560 | loss 7.7229 | lr 1.53e-04 | grad 1.27 | 0.8k tok/s (avg 0.9k) | cert 0.25→0.54 | ticks [6.438 5.219 5.062 5.250 5.031 5.281 5.250 5.094] | Δticks -1.344 | ETA 31.9h
step  99570 | loss 7.2885 | lr 1.53e-04 | grad 1.34 | 0.7k tok/s (avg 0.9k) | cert 0.42→0.61 | ticks [4.969 4.219 4.188 4.125 4.062 4.469 4.281 4.156] | Δticks -0.812 | ETA 31.9h
step  99580 | loss 7.4100 | lr 1.53e-04 | grad 1.34 | 1.1k tok/s (avg 0.9k) | cert 0.44→0.66 | ticks [4.562 4.094 3.828 3.797 3.688 4.188 4.094 3.938] | Δticks -0.625 | ETA 31.9h
step  99590 | loss 7.1582 | lr 1.53e-04 | grad 1.28 | 0.3k tok/s (avg 0.9k) | cert 0.53→0.70 | ticks [4.438 3.953 3.859 3.719 3.688 3.875 3.906 3.797] | Δticks -0.641 | ETA 31.9h
step  99600 | loss 6.2653 | lr 1.53e-04 | grad 1.31 | 0.4k tok/s (avg 0.9k) | cert 0.34→0.55 | ticks [5.625 4.969 4.750 4.844 4.719 4.969 4.750 4.750] | Δticks -0.875 | ETA 31.9h
step  99610 | loss 7.0936 | lr 1.53e-04 | grad 1.31 | 1.1k tok/s (avg 0.9k) | cert 0.31→0.53 | ticks [6.062 5.500 5.125 5.188 5.188 5.438 5.219 5.219] | Δticks -0.844 | ETA 31.9h
step  99620 | loss 8.1913 | lr 1.53e-04 | grad 1.29 | 0.4k tok/s (avg 0.9k) | cert 0.38→0.58 | ticks [5.812 4.906 4.812 4.938 4.844 5.031 4.969 5.031] | Δticks -0.781 | ETA 31.9h
step  99630 | loss 7.9923 | lr 1.53e-04 | grad 1.29 | 1.1k tok/s (avg 0.9k) | cert 0.55→0.65 | ticks [4.844 4.188 4.219 4.125 3.969 4.344 4.219 4.188] | Δticks -0.656 | ETA 31.9h
step  99640 | loss 7.9479 | lr 1.53e-04 | grad 1.29 | 0.4k tok/s (avg 0.9k) | cert 0.44→0.63 | ticks [4.938 4.094 3.969 4.000 3.969 4.281 4.219 4.125] | Δticks -0.812 | ETA 31.9h
step  99650 | loss 7.0037 | lr 1.53e-04 | grad 1.37 | 0.4k tok/s (avg 0.9k) | cert 0.49→0.64 | ticks [4.500 4.062 3.953 3.969 3.750 4.469 4.188 3.812] | Δticks -0.688 | ETA 31.9h
step  99660 | loss 6.4005 | lr 1.53e-04 | grad 1.37 | 1.1k tok/s (avg 0.9k) | cert 0.35→0.61 | ticks [5.000 4.188 4.031 3.906 3.953 4.438 4.219 3.844] | Δticks -1.156 | ETA 31.9h
step  99670 | loss 8.6096 | lr 1.53e-04 | grad 1.30 | 0.7k tok/s (avg 0.9k) | cert 0.31→0.43 | ticks [6.031 5.156 5.156 5.188 5.344 5.438 5.312 5.438] | Δticks -0.594 | ETA 31.9h
step  99680 | loss 7.3891 | lr 1.53e-04 | grad 1.31 | 0.8k tok/s (avg 0.9k) | cert 0.40→0.57 | ticks [5.375 4.875 4.594 4.594 4.531 4.781 4.656 4.562] | Δticks -0.812 | ETA 31.9h
step  99690 | loss 9.1339 | lr 1.53e-04 | grad 1.31 | 1.1k tok/s (avg 0.9k) | cert 0.38→0.54 | ticks [4.969 4.625 4.406 4.406 4.344 4.812 4.438 4.469] | Δticks -0.500 | ETA 31.9h
step  99700 | loss 7.2186 | lr 1.53e-04 | grad 1.23 | 0.8k tok/s (avg 0.9k) | cert 0.25→0.55 | ticks [5.656 4.031 3.906 3.969 4.062 4.312 4.125 3.938] | Δticks -1.719 | ETA 31.9h
step  99710 | loss 6.2921 | lr 1.53e-04 | grad 1.23 | 1.1k tok/s (avg 0.9k) | cert 0.45→0.65 | ticks [4.344 3.641 3.641 3.672 3.578 4.156 3.859 3.641] | Δticks -0.703 | ETA 31.9h
step  99720 | loss 6.4725 | lr 1.53e-04 | grad 1.35 | 0.5k tok/s (avg 0.9k) | cert 0.46→0.66 | ticks [4.562 4.062 3.703 3.609 3.516 4.031 3.922 3.719] | Δticks -0.844 | ETA 31.9h
step  99730 | loss 7.9682 | lr 1.53e-04 | grad 1.34 | 0.4k tok/s (avg 0.9k) | cert 0.42→0.58 | ticks [4.750 4.281 4.281 4.156 4.219 4.562 4.312 4.156] | Δticks -0.594 | ETA 31.9h
step  99740 | loss 7.1836 | lr 1.53e-04 | grad 1.34 | 1.1k tok/s (avg 0.9k) | cert 0.42→0.61 | ticks [5.000 4.219 4.062 4.125 4.062 4.375 4.188 4.062] | Δticks -0.938 | ETA 31.9h
step  99750 | loss 6.2839 | lr 1.53e-04 | grad 1.29 | 0.4k tok/s (avg 0.9k) | cert 0.44→0.64 | ticks [4.344 3.672 3.469 3.406 3.328 3.547 3.391 3.469] | Δticks -0.875 | ETA 31.9h
step  99760 | loss 6.8671 | lr 1.53e-04 | grad 1.40 | 0.4k tok/s (avg 0.9k) | cert 0.38→0.61 | ticks [4.906 4.031 4.000 3.922 3.797 4.219 4.062 3.844] | Δticks -1.062 | ETA 31.9h
step  99770 | loss 6.8355 | lr 1.53e-04 | grad 1.40 | 1.1k tok/s (avg 0.9k) | cert 0.38→0.55 | ticks [5.188 4.688 4.406 4.531 4.312 4.688 4.406 4.438] | Δticks -0.750 | ETA 31.9h
step  99780 | loss 8.6109 | lr 1.53e-04 | grad 1.37 | 0.4k tok/s (avg 0.9k) | cert 0.22→0.43 | ticks [7.000 5.719 5.594 5.656 5.656 5.969 5.750 6.062] | Δticks -0.938 | ETA 31.9h
step  99790 | loss 8.0192 | lr 1.53e-04 | grad 1.37 | 1.1k tok/s (avg 0.9k) | cert 0.21→0.48 | ticks [5.781 4.781 4.594 4.625 4.656 4.750 4.688 4.844] | Δticks -0.938 | ETA 31.9h
step  99800 | loss 7.4135 | lr 1.53e-04 | grad 1.48 | 0.4k tok/s (avg 0.9k) | cert 0.47→0.67 | ticks [4.125 3.578 3.312 3.219 3.156 3.484 3.328 3.219] | Δticks -0.906 | ETA 31.9h
step  99810 | loss 7.7330 | lr 1.53e-04 | grad 1.40 | 0.4k tok/s (avg 0.9k) | cert 0.28→0.46 | ticks [6.531 5.781 5.688 5.812 5.656 5.906 5.781 5.875] | Δticks -0.656 | ETA 32.0h
step  99820 | loss 6.5868 | lr 1.53e-04 | grad 1.40 | 1.1k tok/s (avg 0.9k) | cert 0.46→0.60 | ticks [4.750 4.031 3.938 3.797 3.828 4.156 3.891 4.094] | Δticks -0.656 | ETA 31.9h
step  99830 | loss 7.6394 | lr 1.53e-04 | grad 1.32 | 0.4k tok/s (avg 0.9k) | cert 0.31→0.59 | ticks [5.781 4.875 4.625 4.719 4.688 5.062 4.844 4.625] | Δticks -1.156 | ETA 32.0h
step  99840 | loss 8.4864 | lr 1.53e-04 | grad 1.50 | 0.4k tok/s (avg 0.9k) | cert 0.39→0.66 | ticks [5.094 4.312 4.062 4.031 3.969 4.344 4.312 4.062] | Δticks -1.031 | ETA 32.0h
step  99850 | loss 8.3464 | lr 1.53e-04 | grad 1.50 | 1.1k tok/s (avg 0.9k) | cert 0.43→0.60 | ticks [5.406 4.406 4.531 4.719 4.406 4.875 4.781 4.562] | Δticks -0.844 | ETA 32.0h
step  99860 | loss 8.9571 | lr 1.53e-04 | grad 1.40 | 0.4k tok/s (avg 0.9k) | cert 0.40→0.62 | ticks [5.219 4.406 4.219 4.406 4.250 4.688 4.438 4.188] | Δticks -1.031 | ETA 32.0h
step  99870 | loss 7.6477 | lr 1.53e-04 | grad 1.40 | 1.1k tok/s (avg 0.9k) | cert 0.42→0.61 | ticks [5.281 4.562 4.438 4.531 4.312 4.844 4.562 4.500] | Δticks -0.781 | ETA 32.0h
step  99880 | loss 7.4346 | lr 1.53e-04 | grad 1.47 | 0.4k tok/s (avg 0.9k) | cert 0.35→0.48 | ticks [5.406 4.469 4.281 4.469 4.625 4.781 4.688 4.906] | Δticks -0.500 | ETA 32.0h
step  99890 | loss 7.7483 | lr 1.53e-04 | grad 1.60 | 0.4k tok/s (avg 0.9k) | cert 0.25→0.59 | ticks [5.656 4.625 4.594 4.594 4.531 4.938 4.562 4.438] | Δticks -1.219 | ETA 32.0h
step  99900 | loss 7.0839 | lr 1.53e-04 | grad 1.60 | 1.1k tok/s (avg 0.9k) | cert 0.42→0.64 | ticks [5.062 4.438 4.125 4.156 4.062 4.656 4.375 4.062] | Δticks -1.000 | ETA 32.0h
step  99910 | loss 7.2371 | lr 1.53e-04 | grad 1.66 | 0.4k tok/s (avg 0.9k) | cert 0.56→0.70 | ticks [4.531 3.969 3.859 3.891 3.609 4.125 3.891 3.844] | Δticks -0.688 | ETA 32.0h
step  99920 | loss 7.4206 | lr 1.53e-04 | grad 1.38 | 0.4k tok/s (avg 0.9k) | cert 0.36→0.57 | ticks [5.656 4.812 4.688 4.750 4.656 4.969 4.781 4.656] | Δticks -1.000 | ETA 32.0h
step  99930 | loss 7.5407 | lr 1.53e-04 | grad 1.38 | 1.1k tok/s (avg 0.9k) | cert 0.37→0.60 | ticks [5.500 4.625 4.312 4.344 4.312 4.812 4.438 4.438] | Δticks -1.062 | ETA 32.0h
step  99940 | loss 6.7037 | lr 1.53e-04 | grad 1.56 | 0.4k tok/s (avg 0.9k) | cert 0.43→0.65 | ticks [4.406 3.812 3.500 3.609 3.531 3.750 3.688 3.656] | Δticks -0.750 | ETA 32.0h
step  99950 | loss 7.6993 | lr 1.52e-04 | grad 1.56 | 1.1k tok/s (avg 0.9k) | cert 0.45→0.67 | ticks [4.781 4.031 4.062 4.031 3.891 4.344 4.312 4.031] | Δticks -0.750 | ETA 32.0h
step  99960 | loss 7.7764 | lr 1.52e-04 | grad 1.41 | 0.4k tok/s (avg 0.9k) | cert 0.48→0.66 | ticks [4.812 4.062 3.828 3.922 3.719 4.188 4.094 3.781] | Δticks -1.031 | ETA 32.0h
step  99970 | loss 6.9684 | lr 1.52e-04 | grad 1.49 | 0.4k tok/s (avg 0.9k) | cert 0.31→0.62 | ticks [5.500 4.562 4.531 4.375 4.469 4.938 4.750 4.375] | Δticks -1.125 | ETA 32.0h
step  99980 | loss 8.5073 | lr 1.52e-04 | grad 1.49 | 1.1k tok/s (avg 0.9k) | cert 0.31→0.58 | ticks [5.500 4.562 4.375 4.438 4.562 4.844 4.656 4.594] | Δticks -0.906 | ETA 32.0h
step  99990 | loss 6.4010 | lr 1.52e-04 | grad 1.53 | 0.4k tok/s (avg 0.9k) | cert 0.38→0.64 | ticks [5.062 4.000 3.984 3.953 3.922 4.094 4.094 3.938] | Δticks -1.125 | ETA 32.0h
step 100000 | loss 5.6191 | lr 1.52e-04 | grad 1.32 | 0.4k tok/s (avg 0.9k) | cert 0.29→0.57 | ticks [5.438 4.031 3.875 3.828 3.859 4.031 4.031 3.891] | Δticks -1.547 | ETA 32.0h
  Saved checkpoint at step 100000
step 100010 | loss 9.2795 | lr 1.52e-04 | grad 1.32 | 0.9k tok/s (avg 0.9k) | cert 0.41→0.65 | ticks [4.812 4.094 3.891 3.969 3.875 4.312 4.094 3.922] | Δticks -0.891 | ETA 32.0h
step 100020 | loss 4.7225 | lr 1.52e-04 | grad 1.45 | 0.4k tok/s (avg 0.9k) | cert 0.31→0.59 | ticks [4.875 3.484 3.172 3.203 3.156 3.297 3.312 3.203] | Δticks -1.672 | ETA 32.0h
step 100030 | loss 6.4466 | lr 1.52e-04 | grad 1.45 | 1.1k tok/s (avg 0.9k) | cert 0.43→0.67 | ticks [4.688 4.031 3.812 3.656 3.719 4.062 3.906 3.750] | Δticks -0.938 | ETA 32.0h
step 100040 | loss 7.7478 | lr 1.52e-04 | grad 1.57 | 0.5k tok/s (avg 0.9k) | cert 0.24→0.59 | ticks [6.406 5.125 5.031 5.031 5.031 5.281 5.188 4.906] | Δticks -1.500 | ETA 32.0h
step 100050 | loss 9.0118 | lr 1.52e-04 | grad 1.51 | 0.7k tok/s (avg 0.9k) | cert 0.29→0.52 | ticks [6.031 4.969 5.000 5.094 5.188 5.500 5.219 5.188] | Δticks -0.844 | ETA 32.0h
step 100060 | loss 6.7369 | lr 1.52e-04 | grad 1.51 | 1.1k tok/s (avg 0.9k) | cert 0.36→0.55 | ticks [5.281 4.625 4.438 4.531 4.469 4.750 4.469 4.438] | Δticks -0.844 | ETA 32.0h
step 100070 | loss 8.9972 | lr 1.52e-04 | grad 1.47 | 0.7k tok/s (avg 0.9k) | cert 0.48→0.57 | ticks [4.594 4.156 4.031 4.188 4.156 4.469 4.312 4.156] | Δticks -0.438 | ETA 32.0h
step 100080 | loss 6.9670 | lr 1.52e-04 | grad 1.50 | 0.8k tok/s (avg 0.9k) | cert 0.34→0.64 | ticks [5.219 4.281 4.062 3.984 3.969 4.375 4.250 3.938] | Δticks -1.281 | ETA 32.0h
step 100090 | loss 8.8706 | lr 1.52e-04 | grad 1.50 | 1.1k tok/s (avg 0.9k) | cert 0.32→0.43 | ticks [6.906 5.906 6.000 5.938 5.812 6.031 5.750 6.219] | Δticks -0.688 | ETA 32.0h
W0508 14:58:17.279000 370148 torch/multiprocessing/spawn.py:165] Terminating process 370195 via signal SIGTERM
Traceback (most recent call last):
  File "<frozen runpy>", line 198, in _run_module_as_main
  File "<frozen runpy>", line 88, in _run_code
  File "/home/kyler/Documents/CTM-Transformer/ctm_transformer/train_offload.py", line 431, in <module>
    main()
    ~~~~^^
  File "/home/kyler/Documents/CTM-Transformer/ctm_transformer/train_offload.py", line 426, in main
    mp.spawn(worker, args=(world_size, config_dict, runtime_kwargs),
    ~~~~~~~~^^^^^^^^^^^^^^^^^^^^^^^^^^^^^^^^^^^^^^^^^^^^^^^^^^^^^^^^
             nprocs=world_size, join=True)
             ^^^^^^^^^^^^^^^^^^^^^^^^^^^^^
  File "/home/kyler/Documents/OpenMythos/venv_nv/lib/python3.14/site-packages/torch/multiprocessing/spawn.py", line 340, in spawn
    return start_processes(fn, args, nprocs, join, daemon, start_method="spawn")
  File "/home/kyler/Documents/OpenMythos/venv_nv/lib/python3.14/site-packages/torch/multiprocessing/spawn.py", line 296, in start_processes
    while not context.join():
              ~~~~~~~~~~~~^^
  File "/home/kyler/Documents/OpenMythos/venv_nv/lib/python3.14/site-packages/torch/multiprocessing/spawn.py", line 192, in join
    raise ProcessExitedException(
    ...<5 lines>...
    )
torch.multiprocessing.spawn.ProcessExitedException: process 0 terminated with signal SIGKILL
