nohup: ignoring input
Device: cuda
Tokenizer: gpt2 (vocab_size=50,257)
Dataset: HuggingFaceFW/fineweb-edu (sample-10BT)
  Streaming mode — data loaded on the fly from HuggingFace Hub
Model: 344,663,913 parameters (344.7M)
Config: d_model=768, d_latent=768, n_layers=24, n_heads=12, thought_steps=8, history_len=8, nlm_hidden=64, nlm_groups=1
Optimizer: adamuon — 216.7M params on AdaMuon, 128.0M params on AdamW (embeddings/LM-head/1D/Engram)
  AdamW[general] 77.7M params, lr_mult=1.0
  AdamW[engram] 50.3M params, lr_mult=5.0

======================================================================
Starting training for 2,441,406 steps
Target: ~3.7B tokens from FineWeb-Edu
======================================================================

/home/kyler/Documents/OpenMythos/venv_nv/lib/python3.14/site-packages/torch/nn/functional.py:2954: UserWarning: Mismatch dtype between input and weight: input dtype = float, weight dtype = c10::BFloat16, Cannot dispatch to fused implementation. (Triggered internally at /pytorch/aten/src/ATen/native/layer_norm.cpp:344.)
  return torch.rms_norm(input, normalized_shape, weight, eps)
Step      0 | loss 11.0050 | lr 0.00e+00 | grad 1.90 | 0.9k tok/s | cert -10.67→-10.67 | ticks [0.000 0.000 0.000 0.000 0.000 0.000 0.000 11.005] | 0M tok | ETA 14129.4h
Step     10 | loss 10.9833 | lr 1.50e-06 | grad 2.09 | 0.9k tok/s | cert -10.67→-10.67 | ticks [0.000 0.000 0.000 0.000 0.000 0.000 0.000 10.999] | 0M tok | ETA 2515.7h
Step     20 | loss 10.9809 | lr 3.00e-06 | grad 2.00 | 0.9k tok/s | cert -10.67→-10.67 | ticks [0.000 0.000 0.000 0.000 0.000 0.000 0.000 10.998] | 0M tok | ETA 1812.6h
Step     30 | loss 10.9800 | lr 4.50e-06 | grad 2.20 | 0.9k tok/s | cert -10.67→-10.67 | ticks [0.000 0.000 0.000 0.000 0.000 0.000 0.000 11.002] | 0M tok | ETA 1580.7h
Step     40 | loss 10.9714 | lr 6.00e-06 | grad 2.44 | 0.9k tok/s | cert -10.67→-10.67 | ticks [0.000 0.000 0.000 0.000 0.000 0.000 0.000 10.973] | 0M tok | ETA 1466.6h
Step     50 | loss 10.9652 | lr 7.50e-06 | grad 2.33 | 0.9k tok/s | cert -10.67→-10.67 | ticks [0.000 0.000 0.000 0.000 0.000 0.000 0.000 10.979] | 0M tok | ETA 1399.6h
Step     60 | loss 10.9682 | lr 9.00e-06 | grad 2.16 | 0.9k tok/s | cert -10.67→-10.67 | ticks [0.000 0.000 0.000 0.000 0.000 0.000 0.000 10.964] | 0M tok | ETA 1356.0h
Step     70 | loss 10.9625 | lr 1.05e-05 | grad 2.16 | 0.9k tok/s | cert -10.67→-10.67 | ticks [0.000 0.000 0.000 0.000 0.000 0.000 0.000 10.949] | 0M tok | ETA 1328.1h
Step     80 | loss 10.9470 | lr 1.20e-05 | grad 2.36 | 0.9k tok/s | cert -10.67→-10.67 | ticks [0.000 0.000 0.000 0.000 0.000 0.000 0.000 10.958] | 0M tok | ETA 1308.6h
Step     90 | loss 10.9462 | lr 1.35e-05 | grad 2.47 | 0.9k tok/s | cert -10.67→-10.67 | ticks [0.000 0.000 0.000 0.000 0.000 0.000 0.000 10.928] | 0M tok | ETA 1293.6h
Step    100 | loss 10.9417 | lr 1.50e-05 | grad 2.42 | 0.9k tok/s | cert -10.67→-10.67 | ticks [0.000 0.000 0.000 0.000 0.000 0.000 0.000 10.933] | 0M tok | ETA 1281.7h
Step    110 | loss 10.9273 | lr 1.65e-05 | grad 2.19 | 0.9k tok/s | cert -10.67→-10.67 | ticks [0.000 0.000 0.000 0.000 0.000 0.000 0.000 10.919] | 0M tok | ETA 1272.5h
Step    120 | loss 10.9129 | lr 1.80e-05 | grad 2.00 | 0.9k tok/s | cert -10.67→-10.67 | ticks [0.000 0.000 0.000 0.000 0.000 0.000 0.000 10.903] | 0M tok | ETA 1265.2h
Step    130 | loss 10.8963 | lr 1.95e-05 | grad 2.47 | 0.9k tok/s | cert -10.67→-10.67 | ticks [0.000 0.000 0.000 0.000 0.000 0.000 0.000 10.918] | 0M tok | ETA 1259.4h
Step    140 | loss 10.8721 | lr 2.10e-05 | grad 2.17 | 0.9k tok/s | cert -10.67→-10.67 | ticks [0.000 0.000 0.000 0.000 0.000 0.000 0.000 10.867] | 0M tok | ETA 1254.6h
Step    150 | loss 10.8610 | lr 2.25e-05 | grad 2.08 | 0.9k tok/s | cert -10.67→-10.67 | ticks [0.000 0.000 0.000 0.000 0.000 0.000 0.000 10.886] | 0M tok | ETA 1250.6h
Step    160 | loss 10.8381 | lr 2.40e-05 | grad 2.08 | 0.9k tok/s | cert -10.67→-10.67 | ticks [0.000 0.000 0.000 0.000 0.000 0.000 0.000 10.821] | 0M tok | ETA 1247.4h
Step    170 | loss 10.8108 | lr 2.55e-05 | grad 1.97 | 0.9k tok/s | cert -10.67→-10.67 | ticks [0.000 0.000 0.000 0.000 0.000 0.000 0.000 10.820] | 0M tok | ETA 1244.6h
Step    180 | loss 10.7744 | lr 2.70e-05 | grad 2.16 | 0.9k tok/s | cert -10.67→-10.67 | ticks [0.000 0.000 0.000 0.000 0.000 0.000 0.000 10.785] | 0M tok | ETA 1242.2h
Step    190 | loss 10.7526 | lr 2.85e-05 | grad 2.41 | 0.9k tok/s | cert -10.67→-10.67 | ticks [0.000 0.000 0.000 0.000 0.000 0.000 0.000 10.765] | 0M tok | ETA 1240.2h
Step    200 | loss 10.7264 | lr 3.00e-05 | grad 2.44 | 0.9k tok/s | cert -10.67→-10.67 | ticks [0.000 0.000 0.000 0.000 0.000 0.000 0.000 10.749] | 0M tok | ETA 1238.3h
Step    210 | loss 10.7144 | lr 3.15e-05 | grad 2.33 | 0.9k tok/s | cert -10.67→-10.67 | ticks [0.000 0.000 0.000 0.000 0.000 0.000 0.000 10.706] | 0M tok | ETA 1236.5h
Step    220 | loss 10.6351 | lr 3.30e-05 | grad 2.44 | 0.9k tok/s | cert -10.67→-10.67 | ticks [0.000 0.000 0.000 0.000 0.000 0.000 0.000 10.584] | 0M tok | ETA 1234.8h
Step    230 | loss 10.5980 | lr 3.45e-05 | grad 2.23 | 0.9k tok/s | cert -10.67→-10.67 | ticks [0.000 0.000 0.000 0.000 0.000 0.000 0.000 10.600] | 0M tok | ETA 1233.3h
Step    240 | loss 10.5411 | lr 3.60e-05 | grad 2.36 | 0.9k tok/s | cert -10.67→-10.66 | ticks [0.000 0.000 0.000 0.000 0.000 0.000 0.000 10.543] | 0M tok | ETA 1231.7h
Step    250 | loss 10.4604 | lr 3.75e-05 | grad 2.84 | 0.9k tok/s | cert -10.67→-10.66 | ticks [0.000 0.000 0.000 0.000 0.000 0.000 0.000 10.387] | 0M tok | ETA 1230.8h
Step    260 | loss 10.3517 | lr 3.90e-05 | grad 2.89 | 0.9k tok/s | cert -10.67→-10.65 | ticks [0.000 0.000 0.000 0.000 0.000 0.000 0.000 10.270] | 0M tok | ETA 1230.0h
Step    270 | loss 10.3439 | lr 4.05e-05 | grad 2.39 | 0.9k tok/s | cert -10.67→-10.66 | ticks [0.000 0.000 0.000 0.000 0.000 0.000 0.000 10.531] | 0M tok | ETA 1229.2h
Step    280 | loss 10.2160 | lr 4.20e-05 | grad 2.89 | 0.9k tok/s | cert -10.66→-10.64 | ticks [0.000 0.000 0.000 0.000 0.000 0.000 0.000 10.141] | 0M tok | ETA 1228.3h
Step    290 | loss 10.1296 | lr 4.35e-05 | grad 2.47 | 0.9k tok/s | cert -10.66→-10.64 | ticks [0.000 0.000 0.000 0.000 0.000 0.000 0.000 10.174] | 0M tok | ETA 1227.6h
Step    300 | loss 10.0147 | lr 4.50e-05 | grad 2.69 | 0.9k tok/s | cert -10.66→-10.62 | ticks [0.000 0.000 0.000 0.000 0.000 0.000 0.000 9.976] | 0M tok | ETA 1226.6h
Step    310 | loss 10.0278 | lr 4.65e-05 | grad 3.09 | 0.9k tok/s | cert -10.66→-10.61 | ticks [0.000 0.000 0.000 0.000 0.000 0.000 0.000 10.125] | 0M tok | ETA 1225.1h
Step    320 | loss 9.9220 | lr 4.80e-05 | grad 2.89 | 0.9k tok/s | cert -10.65→-10.60 | ticks [0.000 0.000 0.000 0.000 0.000 0.000 0.000 9.701] | 0M tok | ETA 1223.7h
Step    330 | loss 9.8328 | lr 4.95e-05 | grad 2.92 | 0.9k tok/s | cert -10.65→-10.60 | ticks [0.000 0.000 0.000 0.000 0.000 0.000 0.000 9.787] | 1M tok | ETA 1222.4h
Step    340 | loss 9.5953 | lr 5.10e-05 | grad 2.73 | 0.9k tok/s | cert -10.64→-10.57 | ticks [0.000 0.000 0.000 0.000 0.000 0.000 0.000 9.623] | 1M tok | ETA 1221.3h
Step    350 | loss 9.4745 | lr 5.25e-05 | grad 3.12 | 0.9k tok/s | cert -10.63→-10.54 | ticks [0.000 0.000 0.000 0.000 0.000 0.000 0.000 9.361] | 1M tok | ETA 1220.3h
Step    360 | loss 9.2820 | lr 5.40e-05 | grad 3.03 | 0.9k tok/s | cert -10.62→-10.51 | ticks [0.000 0.000 0.000 0.000 0.000 0.000 0.000 9.275] | 1M tok | ETA 1219.4h
Step    370 | loss 9.2148 | lr 5.55e-05 | grad 3.03 | 0.9k tok/s | cert -10.61→-10.49 | ticks [0.000 0.000 0.000 0.000 0.000 0.000 0.000 9.212] | 1M tok | ETA 1218.5h
Step    380 | loss 9.1474 | lr 5.70e-05 | grad 3.12 | 0.9k tok/s | cert -10.59→-10.43 | ticks [0.000 0.000 0.000 0.000 0.000 0.000 0.000 8.957] | 1M tok | ETA 1217.7h
Step    390 | loss 8.9687 | lr 5.85e-05 | grad 3.20 | 0.9k tok/s | cert -10.57→-10.40 | ticks [0.000 0.000 0.000 0.000 0.000 0.000 0.000 8.894] | 1M tok | ETA 1216.9h
Step    400 | loss 8.7418 | lr 6.00e-05 | grad 2.92 | 0.9k tok/s | cert -10.55→-10.35 | ticks [0.000 0.000 0.000 0.000 0.000 0.000 0.000 8.842] | 1M tok | ETA 1216.2h
Step    410 | loss 8.6222 | lr 6.15e-05 | grad 3.77 | 0.9k tok/s | cert -10.53→-10.23 | ticks [0.000 0.000 0.000 0.000 0.000 0.000 0.000 8.557] | 1M tok | ETA 1215.5h
Step    420 | loss 8.6423 | lr 6.30e-05 | grad 2.94 | 0.9k tok/s | cert -10.47→-10.09 | ticks [0.000 0.000 0.000 0.000 0.000 0.000 0.000 8.395] | 1M tok | ETA 1215.9h
Step    430 | loss 8.3467 | lr 6.45e-05 | grad 3.30 | 0.9k tok/s | cert -10.41→-9.88 | ticks [0.000 0.000 0.000 0.000 0.000 0.000 0.000 8.075] | 1M tok | ETA 1215.2h
Step    440 | loss 8.2463 | lr 6.60e-05 | grad 2.28 | 0.9k tok/s | cert -10.33→-9.62 | ticks [0.000 0.000 0.000 0.000 0.000 0.000 0.000 8.132] | 1M tok | ETA 1214.7h
Step    450 | loss 8.0808 | lr 6.75e-05 | grad 2.08 | 0.9k tok/s | cert -10.21→-9.25 | ticks [0.000 0.000 0.000 0.000 0.000 0.000 0.000 8.043] | 1M tok | ETA 1214.1h
Step    460 | loss 7.9712 | lr 6.90e-05 | grad 1.87 | 0.9k tok/s | cert -10.07→-8.90 | ticks [0.000 0.000 0.000 0.000 0.000 0.000 0.000 7.969] | 1M tok | ETA 1213.6h
Step    470 | loss 7.9848 | lr 7.05e-05 | grad 1.75 | 0.9k tok/s | cert -9.89→-8.51 | ticks [0.000 0.000 0.000 0.000 0.000 0.000 0.000 7.736] | 1M tok | ETA 1213.1h
Step    480 | loss 7.7309 | lr 7.20e-05 | grad 1.84 | 0.9k tok/s | cert -9.72→-8.23 | ticks [0.000 0.000 0.000 0.000 0.000 0.000 0.000 7.715] | 1M tok | ETA 1213.0h
Step    490 | loss 7.7635 | lr 7.35e-05 | grad 1.98 | 0.9k tok/s | cert -9.71→-8.07 | ticks [0.000 0.000 0.000 0.000 0.000 0.000 0.000 7.571] | 1M tok | ETA 1213.1h
Step    500 | loss 7.6261 | lr 7.50e-05 | grad 1.82 | 0.9k tok/s | cert -9.60→-8.00 | ticks [0.000 0.000 0.000 0.000 0.000 0.000 0.000 7.570] | 1M tok | ETA 1213.1h
Step    510 | loss 7.5663 | lr 7.65e-05 | grad 1.47 | 0.9k tok/s | cert -9.38→-7.83 | ticks [0.000 0.000 0.000 0.000 0.000 0.000 0.000 7.778] | 1M tok | ETA 1213.0h
Step    520 | loss 7.6002 | lr 7.80e-05 | grad 1.70 | 0.9k tok/s | cert -9.29→-7.74 | ticks [0.000 0.000 0.000 0.000 0.000 0.000 0.000 7.666] | 1M tok | ETA 1212.6h
Step    530 | loss 7.5039 | lr 7.95e-05 | grad 2.47 | 0.9k tok/s | cert -9.24→-7.61 | ticks [0.000 0.000 0.000 0.000 0.000 0.000 0.000 7.756] | 1M tok | ETA 1212.1h
Step    540 | loss 7.7439 | lr 8.10e-05 | grad 3.06 | 0.9k tok/s | cert -9.43→-7.66 | ticks [0.000 0.000 0.000 0.000 0.000 0.000 0.000 8.903] | 1M tok | ETA 1211.6h
Step    550 | loss 7.7025 | lr 8.25e-05 | grad 1.73 | 0.9k tok/s | cert -9.08→-7.57 | ticks [0.000 0.000 0.000 0.000 0.000 0.000 0.000 6.985] | 1M tok | ETA 1211.0h
Step    560 | loss 7.3146 | lr 8.40e-05 | grad 1.73 | 0.9k tok/s | cert -9.07→-7.57 | ticks [0.000 0.000 0.000 0.000 0.000 0.000 0.000 7.570] | 1M tok | ETA 1210.5h
Step    570 | loss 7.6372 | lr 8.55e-05 | grad 2.02 | 0.9k tok/s | cert -8.99→-7.47 | ticks [0.000 0.000 0.000 0.000 0.000 0.000 0.000 7.397] | 1M tok | ETA 1210.1h
Step    580 | loss 7.4200 | lr 8.70e-05 | grad 1.53 | 0.9k tok/s | cert -8.85→-7.40 | ticks [0.000 0.000 0.000 0.000 0.000 0.000 0.000 7.621] | 1M tok | ETA 1209.7h
Step    590 | loss 7.3658 | lr 8.85e-05 | grad 1.66 | 0.9k tok/s | cert -8.84→-7.40 | ticks [0.000 0.000 0.000 0.000 0.000 0.000 0.000 7.685] | 1M tok | ETA 1209.3h
Step    600 | loss 7.6299 | lr 9.00e-05 | grad 1.83 | 0.9k tok/s | cert -8.75→-7.56 | ticks [0.000 0.000 0.000 0.000 0.000 0.000 0.000 7.632] | 1M tok | ETA 1208.9h
Step    610 | loss 7.5920 | lr 9.15e-05 | grad 1.92 | 0.9k tok/s | cert -8.68→-7.65 | ticks [0.000 0.000 0.000 0.000 0.000 0.000 0.000 7.917] | 1M tok | ETA 1208.5h
Step    620 | loss 7.4511 | lr 9.30e-05 | grad 1.81 | 0.9k tok/s | cert -8.55→-7.49 | ticks [0.000 0.000 0.000 0.000 0.000 0.000 0.000 7.134] | 1M tok | ETA 1208.2h
Step    630 | loss 7.5149 | lr 9.45e-05 | grad 1.74 | 0.9k tok/s | cert -8.49→-7.40 | ticks [0.000 0.000 0.000 0.000 0.000 0.000 0.000 7.522] | 1M tok | ETA 1207.8h
Step    640 | loss 7.4617 | lr 9.60e-05 | grad 2.23 | 0.9k tok/s | cert -8.54→-7.51 | ticks [0.000 0.000 0.000 0.000 0.000 0.000 0.000 6.862] | 1M tok | ETA 1207.5h
Step    650 | loss 7.9910 | lr 9.75e-05 | grad 2.23 | 0.9k tok/s | cert -8.53→-7.69 | ticks [0.000 0.000 0.000 0.000 0.000 0.000 0.000 7.538] | 1M tok | ETA 1207.2h
Step    660 | loss 7.2619 | lr 9.90e-05 | grad 2.14 | 0.9k tok/s | cert -8.53→-7.49 | ticks [0.000 0.000 0.000 0.000 0.000 0.000 0.000 7.653] | 1M tok | ETA 1206.9h
Step    670 | loss 7.7696 | lr 1.00e-04 | grad 1.51 | 0.9k tok/s | cert -8.57→-7.31 | ticks [0.000 0.000 0.000 0.000 0.000 0.000 0.000 7.356] | 1M tok | ETA 1206.6h
Step    680 | loss 7.5579 | lr 1.02e-04 | grad 1.74 | 0.9k tok/s | cert -8.45→-7.57 | ticks [0.000 0.000 0.000 0.000 0.000 0.000 0.000 7.656] | 1M tok | ETA 1206.3h
Step    690 | loss 7.4349 | lr 1.03e-04 | grad 1.88 | 0.9k tok/s | cert -8.46→-7.63 | ticks [0.000 0.000 0.000 0.000 0.000 0.000 0.000 7.124] | 1M tok | ETA 1206.1h
Step    700 | loss 7.3598 | lr 1.05e-04 | grad 2.64 | 0.9k tok/s | cert -8.36→-7.26 | ticks [0.000 0.000 0.000 0.000 0.000 0.000 0.000 7.626] | 1M tok | ETA 1206.2h
Step    710 | loss 7.4328 | lr 1.07e-04 | grad 1.59 | 0.9k tok/s | cert -8.38→-7.21 | ticks [0.000 0.000 0.000 0.000 0.000 0.000 0.000 7.353] | 1M tok | ETA 1206.2h
Step    720 | loss 7.3978 | lr 1.08e-04 | grad 2.39 | 0.9k tok/s | cert -8.51→-7.56 | ticks [0.000 0.000 0.000 0.000 0.000 0.000 0.000 8.209] | 1M tok | ETA 1206.1h
Step    730 | loss 7.2844 | lr 1.09e-04 | grad 1.52 | 0.9k tok/s | cert -8.48→-7.59 | ticks [0.000 0.000 0.000 0.000 0.000 0.000 0.000 7.534] | 1M tok | ETA 1205.9h
Step    740 | loss 7.2309 | lr 1.11e-04 | grad 2.69 | 0.9k tok/s | cert -8.43→-7.21 | ticks [0.000 0.000 0.000 0.000 0.000 0.000 0.000 7.658] | 1M tok | ETA 1205.8h
Step    750 | loss 7.2756 | lr 1.12e-04 | grad 1.64 | 0.9k tok/s | cert -8.35→-7.08 | ticks [0.000 0.000 0.000 0.000 0.000 0.000 0.000 7.313] | 1M tok | ETA 1205.5h
Step    760 | loss 7.3491 | lr 1.14e-04 | grad 1.72 | 0.9k tok/s | cert -8.41→-7.40 | ticks [0.000 0.000 0.000 0.000 0.000 0.000 0.000 7.166] | 1M tok | ETA 1205.3h
Step    770 | loss 7.6440 | lr 1.15e-04 | grad 1.49 | 0.9k tok/s | cert -8.58→-7.72 | ticks [0.000 0.000 0.000 0.000 0.000 0.000 0.000 7.598] | 1M tok | ETA 1205.0h
Step    780 | loss 7.2182 | lr 1.17e-04 | grad 2.34 | 0.9k tok/s | cert -8.37→-7.15 | ticks [0.000 0.000 0.000 0.000 0.000 0.000 0.000 6.988] | 1M tok | ETA 1204.7h
Step    790 | loss 7.1856 | lr 1.18e-04 | grad 2.20 | 0.9k tok/s | cert -8.31→-7.10 | ticks [0.000 0.000 0.000 0.000 0.000 0.000 0.000 7.352] | 1M tok | ETA 1204.4h
Step    800 | loss 7.4428 | lr 1.20e-04 | grad 1.74 | 0.9k tok/s | cert -8.36→-7.29 | ticks [0.000 0.000 0.000 0.000 0.000 0.000 0.000 7.226] | 1M tok | ETA 1204.2h
Step    810 | loss 7.2361 | lr 1.21e-04 | grad 1.89 | 0.9k tok/s | cert -8.47→-7.57 | ticks [0.000 0.000 0.000 0.000 0.000 0.000 0.000 7.716] | 1M tok | ETA 1204.0h
Step    820 | loss 7.2959 | lr 1.23e-04 | grad 1.70 | 0.9k tok/s | cert -8.25→-7.15 | ticks [0.000 0.000 0.000 0.000 0.000 0.000 0.000 7.327] | 1M tok | ETA 1203.7h
Step    830 | loss 7.3789 | lr 1.24e-04 | grad 2.17 | 0.9k tok/s | cert -8.29→-7.39 | ticks [0.000 0.000 0.000 0.000 0.000 0.000 0.000 7.006] | 1M tok | ETA 1203.5h
Step    840 | loss 7.1654 | lr 1.26e-04 | grad 1.62 | 0.9k tok/s | cert -8.17→-7.19 | ticks [0.000 0.000 0.000 0.000 0.000 0.000 0.000 6.932] | 1M tok | ETA 1203.3h
Step    850 | loss 7.4139 | lr 1.28e-04 | grad 1.68 | 0.9k tok/s | cert -8.11→-7.11 | ticks [0.000 0.000 0.000 0.000 0.000 0.000 0.000 7.062] | 1M tok | ETA 1203.1h
Step    860 | loss 7.2113 | lr 1.29e-04 | grad 3.02 | 0.9k tok/s | cert -8.28→-7.37 | ticks [0.000 0.000 0.000 0.000 0.000 0.000 0.000 7.122] | 1M tok | ETA 1203.0h
Step    870 | loss 7.2020 | lr 1.30e-04 | grad 2.25 | 0.9k tok/s | cert -8.14→-7.33 | ticks [0.000 0.000 0.000 0.000 0.000 0.000 0.000 7.102] | 1M tok | ETA 1202.8h
Step    880 | loss 7.2046 | lr 1.32e-04 | grad 1.73 | 0.9k tok/s | cert -8.15→-7.22 | ticks [0.000 0.000 0.000 0.000 0.000 0.000 0.000 7.366] | 1M tok | ETA 1202.7h
Step    890 | loss 7.1267 | lr 1.33e-04 | grad 2.00 | 0.9k tok/s | cert -8.00→-7.17 | ticks [0.000 0.000 0.000 0.000 0.000 0.000 0.000 6.710] | 1M tok | ETA 1202.5h
Step    900 | loss 7.4350 | lr 1.35e-04 | grad 2.12 | 0.9k tok/s | cert -7.99→-6.91 | ticks [0.000 0.000 0.000 0.000 0.000 0.000 0.000 6.947] | 1M tok | ETA 1202.3h
Step    910 | loss 7.3329 | lr 1.36e-04 | grad 2.30 | 0.9k tok/s | cert -8.34→-7.66 | ticks [0.000 0.000 0.000 0.000 0.000 0.000 0.000 7.777] | 1M tok | ETA 1202.1h
Step    920 | loss 7.4969 | lr 1.38e-04 | grad 3.19 | 0.9k tok/s | cert -8.08→-7.49 | ticks [0.000 0.000 0.000 0.000 0.000 0.000 0.000 6.847] | 1M tok | ETA 1202.0h
Step    930 | loss 7.4957 | lr 1.39e-04 | grad 1.88 | 0.9k tok/s | cert -8.11→-7.26 | ticks [0.000 0.000 0.000 0.000 0.000 0.000 0.000 7.030] | 1M tok | ETA 1202.1h
Step    940 | loss 7.1835 | lr 1.41e-04 | grad 2.14 | 0.9k tok/s | cert -7.73→-6.90 | ticks [0.000 0.000 0.000 0.000 0.000 0.000 0.000 7.225] | 1M tok | ETA 1202.0h
Step    950 | loss 7.1728 | lr 1.42e-04 | grad 1.62 | 0.9k tok/s | cert -7.88→-7.15 | ticks [0.000 0.000 0.000 0.000 0.000 0.000 0.000 6.999] | 1M tok | ETA 1201.8h
Step    960 | loss 7.1267 | lr 1.44e-04 | grad 1.77 | 0.9k tok/s | cert -7.65→-7.29 | ticks [0.000 0.000 0.000 0.000 0.000 0.000 0.000 7.079] | 1M tok | ETA 1201.7h
Step    970 | loss 7.1518 | lr 1.45e-04 | grad 1.98 | 0.9k tok/s | cert -7.57→-6.93 | ticks [0.000 0.000 0.000 0.000 0.000 0.000 0.000 7.018] | 1M tok | ETA 1201.6h
Step    980 | loss 7.1456 | lr 1.47e-04 | grad 1.70 | 0.9k tok/s | cert -7.64→-7.27 | ticks [0.000 0.000 0.000 0.000 0.000 0.000 0.000 7.026] | 2M tok | ETA 1201.4h
Step    990 | loss 7.2796 | lr 1.49e-04 | grad 2.23 | 0.9k tok/s | cert -7.62→-7.38 | ticks [0.000 0.000 0.000 0.000 0.000 0.000 0.000 7.705] | 2M tok | ETA 1201.5h
Step   1000 | loss 7.2793 | lr 1.50e-04 | grad 1.88 | 0.9k tok/s | cert -7.62→-7.15 | ticks [0.000 0.000 0.000 0.000 0.000 0.000 0.000 7.196] | 2M tok | ETA 1201.6h
Step   1010 | loss 7.0763 | lr 1.51e-04 | grad 3.27 | 0.9k tok/s | cert -7.54→-7.36 | ticks [0.000 0.000 0.000 0.000 0.000 0.000 0.000 6.542] | 2M tok | ETA 1201.7h
Step   1020 | loss 7.0310 | lr 1.53e-04 | grad 2.27 | 0.9k tok/s | cert -7.20→-7.19 | ticks [0.000 0.000 0.000 0.000 0.000 0.000 0.000 7.528] | 2M tok | ETA 1201.7h
Step   1030 | loss 7.1201 | lr 1.54e-04 | grad 1.71 | 0.9k tok/s | cert -6.81→-6.66 | ticks [0.000 0.000 0.000 0.000 0.000 0.000 0.000 6.857] | 2M tok | ETA 1201.7h
Step   1040 | loss 7.0814 | lr 1.56e-04 | grad 1.70 | 0.9k tok/s | cert -6.96→-7.33 | ticks [0.000 0.000 0.000 0.000 0.000 0.000 0.000 7.424] | 2M tok | ETA 1201.5h
Step   1050 | loss 7.3139 | lr 1.57e-04 | grad 3.23 | 0.9k tok/s | cert -7.36→-7.44 | ticks [0.000 0.000 0.000 0.000 0.000 0.000 0.000 6.649] | 2M tok | ETA 1201.3h
Step   1060 | loss 7.4332 | lr 1.59e-04 | grad 1.84 | 0.9k tok/s | cert -6.72→-6.80 | ticks [0.000 0.000 0.000 0.000 0.000 0.000 0.000 6.830] | 2M tok | ETA 1201.1h
Step   1070 | loss 7.0041 | lr 1.60e-04 | grad 2.22 | 0.9k tok/s | cert -6.86→-6.71 | ticks [0.000 0.000 0.000 0.000 0.000 0.000 0.000 6.406] | 2M tok | ETA 1200.9h
Step   1080 | loss 7.2072 | lr 1.62e-04 | grad 2.80 | 0.9k tok/s | cert -6.92→-7.17 | ticks [0.000 0.000 0.000 0.000 0.000 0.000 0.000 7.653] | 2M tok | ETA 1200.7h
Step   1090 | loss 7.0469 | lr 1.63e-04 | grad 2.58 | 0.9k tok/s | cert -7.37→-7.12 | ticks [0.000 0.000 0.000 0.000 0.000 0.000 0.000 7.348] | 2M tok | ETA 1200.6h
Step   1100 | loss 6.9095 | lr 1.65e-04 | grad 3.17 | 0.9k tok/s | cert -7.40→-7.73 | ticks [0.000 0.000 0.000 0.000 0.000 0.000 0.000 7.278] | 2M tok | ETA 1200.5h
Step   1110 | loss 7.0094 | lr 1.66e-04 | grad 1.73 | 0.9k tok/s | cert -6.65→-6.93 | ticks [0.000 0.000 0.000 0.000 0.000 0.000 0.000 7.047] | 2M tok | ETA 1200.3h
Step   1120 | loss 7.1126 | lr 1.68e-04 | grad 2.03 | 0.9k tok/s | cert -6.04→-6.62 | ticks [0.000 0.000 0.000 0.000 0.000 0.000 0.000 6.750] | 2M tok | ETA 1200.2h
Step   1130 | loss 6.7852 | lr 1.69e-04 | grad 1.91 | 0.9k tok/s | cert -6.04→-6.96 | ticks [0.000 0.000 0.000 0.000 0.000 0.000 0.000 6.998] | 2M tok | ETA 1200.1h
Step   1140 | loss 7.0379 | lr 1.71e-04 | grad 1.99 | 0.9k tok/s | cert -6.36→-7.20 | ticks [0.000 0.000 0.000 0.000 0.000 0.000 0.000 7.157] | 2M tok | ETA 1200.0h
Step   1150 | loss 6.8869 | lr 1.72e-04 | grad 2.50 | 0.9k tok/s | cert -6.46→-7.52 | ticks [0.000 0.000 0.000 0.000 0.000 0.000 0.000 6.976] | 2M tok | ETA 1199.8h
Step   1160 | loss 7.1233 | lr 1.74e-04 | grad 3.11 | 0.9k tok/s | cert -5.75→-6.70 | ticks [0.000 0.000 0.000 0.000 0.000 0.000 0.000 7.233] | 2M tok | ETA 1199.7h
Step   1170 | loss 7.5773 | lr 1.75e-04 | grad 2.20 | 0.9k tok/s | cert -6.21→-7.41 | ticks [0.000 0.000 0.000 0.000 0.000 0.000 0.000 7.002] | 2M tok | ETA 1199.6h
Step   1180 | loss 7.2258 | lr 1.77e-04 | grad 1.88 | 0.9k tok/s | cert -6.22→-7.10 | ticks [0.000 0.000 0.000 0.000 0.000 0.000 0.000 6.996] | 2M tok | ETA 1199.5h
Step   1190 | loss 7.0999 | lr 1.79e-04 | grad 1.80 | 0.9k tok/s | cert -6.58→-7.18 | ticks [0.000 0.000 0.000 0.000 0.000 0.000 0.000 7.000] | 2M tok | ETA 1199.4h
Step   1200 | loss 6.8612 | lr 1.80e-04 | grad 2.12 | 0.9k tok/s | cert -6.25→-7.32 | ticks [0.000 0.000 0.000 0.000 0.000 0.000 0.000 7.058] | 2M tok | ETA 1199.4h
Step   1210 | loss 7.0641 | lr 1.81e-04 | grad 3.25 | 0.9k tok/s | cert -5.46→-6.55 | ticks [0.000 0.000 0.000 0.000 0.000 0.000 0.000 7.187] | 2M tok | ETA 1199.5h
Step   1220 | loss 7.2971 | lr 1.83e-04 | grad 4.06 | 0.9k tok/s | cert -5.57→-6.86 | ticks [0.000 0.000 0.000 0.000 0.000 0.000 0.000 7.515] | 2M tok | ETA 1199.6h
Step   1230 | loss 6.8387 | lr 1.84e-04 | grad 2.28 | 0.9k tok/s | cert -5.95→-6.95 | ticks [0.000 0.000 0.000 0.000 0.000 0.000 0.000 6.822] | 2M tok | ETA 1199.7h
Step   1240 | loss 7.0483 | lr 1.86e-04 | grad 1.93 | 0.9k tok/s | cert -6.26→-7.22 | ticks [0.000 0.000 0.000 0.000 0.000 0.000 0.000 7.198] | 2M tok | ETA 1199.6h
Step   1250 | loss 7.1271 | lr 1.87e-04 | grad 4.31 | 0.9k tok/s | cert -6.73→-8.03 | ticks [0.000 0.000 0.000 0.000 0.000 0.000 0.000 7.224] | 2M tok | ETA 1199.4h
Step   1260 | loss 6.9036 | lr 1.89e-04 | grad 3.08 | 0.9k tok/s | cert -5.68→-6.81 | ticks [0.000 0.000 0.000 0.000 0.000 0.000 0.000 7.067] | 2M tok | ETA 1199.3h
Step   1270 | loss 7.0385 | lr 1.90e-04 | grad 3.11 | 0.9k tok/s | cert -5.80→-6.72 | ticks [0.000 0.000 0.000 0.000 0.000 0.000 0.000 6.419] | 2M tok | ETA 1199.1h
Step   1280 | loss 6.9653 | lr 1.92e-04 | grad 2.80 | 0.9k tok/s | cert -6.51→-7.78 | ticks [0.000 0.000 0.000 0.000 0.000 0.000 0.000 7.376] | 2M tok | ETA 1199.0h
Step   1290 | loss 6.9723 | lr 1.93e-04 | grad 2.61 | 0.9k tok/s | cert -5.79→-6.52 | ticks [0.000 0.000 0.000 0.000 0.000 0.000 0.000 6.913] | 2M tok | ETA 1198.9h
Step   1300 | loss 6.9266 | lr 1.95e-04 | grad 3.69 | 0.9k tok/s | cert -5.99→-7.13 | ticks [0.000 0.000 0.000 0.000 0.000 0.000 0.000 6.348] | 2M tok | ETA 1198.8h
Step   1310 | loss 6.6580 | lr 1.96e-04 | grad 2.19 | 0.9k tok/s | cert -5.79→-6.84 | ticks [0.000 0.000 0.000 0.000 0.000 0.000 0.000 6.994] | 2M tok | ETA 1198.7h
Step   1320 | loss 7.2246 | lr 1.98e-04 | grad 2.94 | 0.9k tok/s | cert -5.82→-6.97 | ticks [0.000 0.000 0.000 0.000 0.000 0.000 0.000 7.230] | 2M tok | ETA 1198.6h
Step   1330 | loss 6.8545 | lr 1.99e-04 | grad 3.94 | 0.9k tok/s | cert -6.29→-7.60 | ticks [0.000 0.000 0.000 0.000 0.000 0.000 0.000 6.768] | 2M tok | ETA 1198.5h
Step   1340 | loss 7.1324 | lr 2.01e-04 | grad 2.09 | 0.9k tok/s | cert -5.92→-7.03 | ticks [0.000 0.000 0.000 0.000 0.000 0.000 0.000 6.694] | 2M tok | ETA 1198.4h
Step   1350 | loss 6.6415 | lr 2.02e-04 | grad 2.27 | 0.9k tok/s | cert -5.54→-6.49 | ticks [0.000 0.000 0.000 0.000 0.000 0.000 0.000 6.671] | 2M tok | ETA 1198.3h
Step   1360 | loss 6.9450 | lr 2.04e-04 | grad 3.53 | 0.9k tok/s | cert -6.42→-7.63 | ticks [0.000 0.000 0.000 0.000 0.000 0.000 0.000 6.986] | 2M tok | ETA 1198.2h
Step   1370 | loss 6.9167 | lr 2.05e-04 | grad 2.09 | 0.9k tok/s | cert -5.90→-6.74 | ticks [0.000 0.000 0.000 0.000 0.000 0.000 0.000 6.647] | 2M tok | ETA 1198.2h
Step   1380 | loss 6.9382 | lr 2.07e-04 | grad 2.77 | 0.9k tok/s | cert -6.07→-6.68 | ticks [0.000 0.000 0.000 0.000 0.000 0.000 0.000 7.048] | 2M tok | ETA 1198.1h
Step   1390 | loss 6.7958 | lr 2.08e-04 | grad 2.70 | 0.9k tok/s | cert -6.31→-7.30 | ticks [0.000 0.000 0.000 0.000 0.000 0.000 0.000 6.833] | 2M tok | ETA 1198.0h
Step   1400 | loss 6.7204 | lr 2.10e-04 | grad 3.28 | 0.9k tok/s | cert -5.23→-6.29 | ticks [0.000 0.000 0.000 0.000 0.000 0.000 0.000 6.909] | 2M tok | ETA 1197.9h
Step   1410 | loss 6.9690 | lr 2.11e-04 | grad 2.31 | 0.9k tok/s | cert -5.58→-6.74 | ticks [0.000 0.000 0.000 0.000 0.000 0.000 0.000 6.467] | 2M tok | ETA 1197.9h
Step   1420 | loss 6.8562 | lr 2.13e-04 | grad 2.34 | 0.9k tok/s | cert -6.01→-7.38 | ticks [0.000 0.000 0.000 0.000 0.000 0.000 0.000 7.079] | 2M tok | ETA 1197.8h
Step   1430 | loss 6.9711 | lr 2.14e-04 | grad 3.11 | 0.9k tok/s | cert -6.12→-6.71 | ticks [0.000 0.000 0.000 0.000 0.000 0.000 0.000 7.210] | 2M tok | ETA 1197.8h
Step   1440 | loss 6.8594 | lr 2.16e-04 | grad 4.12 | 0.9k tok/s | cert -7.70→-8.37 | ticks [0.000 0.000 0.000 0.000 0.000 0.000 0.000 7.586] | 2M tok | ETA 1197.8h
Step   1450 | loss 6.7379 | lr 2.17e-04 | grad 2.55 | 0.9k tok/s | cert -5.87→-6.87 | ticks [0.000 0.000 0.000 0.000 0.000 0.000 0.000 6.470] | 2M tok | ETA 1197.8h
Step   1460 | loss 6.6465 | lr 2.19e-04 | grad 4.09 | 0.9k tok/s | cert -5.21→-5.96 | ticks [0.000 0.000 0.000 0.000 0.000 0.000 0.000 6.871] | 2M tok | ETA 1197.9h
Step   1470 | loss 6.6853 | lr 2.20e-04 | grad 1.86 | 0.9k tok/s | cert -5.96→-6.79 | ticks [0.000 0.000 0.000 0.000 0.000 0.000 0.000 6.602] | 2M tok | ETA 1197.9h
Step   1480 | loss 6.9268 | lr 2.22e-04 | grad 2.97 | 0.9k tok/s | cert -6.26→-7.19 | ticks [0.000 0.000 0.000 0.000 0.000 0.000 0.000 6.938] | 2M tok | ETA 1197.8h
Step   1490 | loss 7.2521 | lr 2.23e-04 | grad 1.82 | 0.9k tok/s | cert -5.90→-6.76 | ticks [0.000 0.000 0.000 0.000 0.000 0.000 0.000 6.853] | 2M tok | ETA 1197.8h
Step   1500 | loss 7.1216 | lr 2.25e-04 | grad 1.93 | 0.9k tok/s | cert -6.53→-7.34 | ticks [0.000 0.000 0.000 0.000 0.000 0.000 0.000 7.212] | 2M tok | ETA 1197.8h
Step   1510 | loss 7.0672 | lr 2.26e-04 | grad 2.84 | 0.9k tok/s | cert -7.16→-7.86 | ticks [0.000 0.000 0.000 0.000 0.000 0.000 0.000 7.336] | 2M tok | ETA 1197.6h
Step   1520 | loss 6.8409 | lr 2.28e-04 | grad 2.92 | 0.9k tok/s | cert -5.70→-6.55 | ticks [0.000 0.000 0.000 0.000 0.000 0.000 0.000 7.132] | 2M tok | ETA 1197.5h
Step   1530 | loss 6.7807 | lr 2.29e-04 | grad 2.44 | 0.9k tok/s | cert -6.10→-7.02 | ticks [0.000 0.000 0.000 0.000 0.000 0.000 0.000 6.664] | 2M tok | ETA 1197.4h
Step   1540 | loss 6.8082 | lr 2.31e-04 | grad 2.03 | 0.9k tok/s | cert -5.97→-6.56 | ticks [0.000 0.000 0.000 0.000 0.000 0.000 0.000 6.692] | 2M tok | ETA 1197.3h
Step   1550 | loss 6.4591 | lr 2.32e-04 | grad 1.78 | 0.9k tok/s | cert -6.58→-6.62 | ticks [0.000 0.000 0.000 0.000 0.000 0.000 0.000 6.653] | 2M tok | ETA 1197.2h
Step   1560 | loss 6.6368 | lr 2.34e-04 | grad 3.23 | 0.9k tok/s | cert -6.95→-7.21 | ticks [0.000 0.000 0.000 0.000 0.000 0.000 0.000 6.220] | 2M tok | ETA 1197.1h
Step   1570 | loss 6.9211 | lr 2.35e-04 | grad 2.17 | 0.9k tok/s | cert -5.43→-6.62 | ticks [0.000 0.000 0.000 0.000 0.000 0.000 0.000 6.894] | 2M tok | ETA 1197.1h
Step   1580 | loss 6.6385 | lr 2.37e-04 | grad 2.31 | 0.9k tok/s | cert -5.30→-6.42 | ticks [0.000 0.000 0.000 0.000 0.000 0.000 0.000 6.688] | 2M tok | ETA 1197.0h
Step   1590 | loss 6.8167 | lr 2.38e-04 | grad 3.25 | 0.9k tok/s | cert -5.72→-7.27 | ticks [0.000 0.000 0.000 0.000 0.000 0.000 0.000 6.654] | 2M tok | ETA 1196.9h
Step   1600 | loss 6.8358 | lr 2.40e-04 | grad 2.56 | 0.9k tok/s | cert -5.38→-6.62 | ticks [0.000 0.000 0.000 0.000 0.000 0.000 0.000 7.064] | 2M tok | ETA 1196.9h
Step   1610 | loss 6.8233 | lr 2.41e-04 | grad 2.19 | 0.9k tok/s | cert -6.24→-7.49 | ticks [0.000 0.000 0.000 0.000 0.000 0.000 0.000 7.229] | 2M tok | ETA 1196.8h
Step   1620 | loss 6.7140 | lr 2.43e-04 | grad 2.44 | 0.9k tok/s | cert -6.50→-7.47 | ticks [0.000 0.000 0.000 0.000 0.000 0.000 0.000 7.361] | 2M tok | ETA 1196.7h
Step   1630 | loss 6.6406 | lr 2.44e-04 | grad 2.42 | 0.9k tok/s | cert -5.84→-6.93 | ticks [0.000 0.000 0.000 0.000 0.000 0.000 0.000 6.901] | 3M tok | ETA 1196.7h
Step   1640 | loss 6.7099 | lr 2.46e-04 | grad 2.41 | 0.9k tok/s | cert -5.62→-7.08 | ticks [0.000 0.000 0.000 0.000 0.000 0.000 0.000 6.921] | 3M tok | ETA 1196.6h
Step   1650 | loss 6.7776 | lr 2.47e-04 | grad 2.16 | 0.9k tok/s | cert -5.36→-6.95 | ticks [0.000 0.000 0.000 0.000 0.000 0.000 0.000 6.846] | 3M tok | ETA 1196.5h
Step   1660 | loss 6.7518 | lr 2.49e-04 | grad 1.69 | 0.9k tok/s | cert -5.38→-6.81 | ticks [0.000 0.000 0.000 0.000 0.000 0.000 0.000 6.833] | 3M tok | ETA 1196.5h
Step   1670 | loss 6.6060 | lr 2.51e-04 | grad 2.14 | 0.9k tok/s | cert -5.56→-6.93 | ticks [0.000 0.000 0.000 0.000 0.000 0.000 0.000 6.835] | 3M tok | ETA 1196.4h
Step   1680 | loss 6.8795 | lr 2.52e-04 | grad 1.98 | 0.9k tok/s | cert -5.02→-6.14 | ticks [0.000 0.000 0.000 0.000 0.000 0.000 0.000 6.270] | 3M tok | ETA 1196.4h
Step   1690 | loss 6.6516 | lr 2.53e-04 | grad 2.48 | 0.9k tok/s | cert -5.53→-6.77 | ticks [0.000 0.000 0.000 0.000 0.000 0.000 0.000 6.267] | 3M tok | ETA 1196.5h
Step   1700 | loss 6.8135 | lr 2.55e-04 | grad 2.05 | 0.9k tok/s | cert -5.08→-6.42 | ticks [0.000 0.000 0.000 0.000 0.000 0.000 0.000 6.603] | 3M tok | ETA 1196.6h
Step   1710 | loss 6.8115 | lr 2.56e-04 | grad 2.38 | 0.9k tok/s | cert -5.70→-7.36 | ticks [0.000 0.000 0.000 0.000 0.000 0.000 0.000 7.056] | 3M tok | ETA 1196.6h
Step   1720 | loss 6.9388 | lr 2.58e-04 | grad 3.52 | 0.9k tok/s | cert -6.03→-7.39 | ticks [0.000 0.000 0.000 0.000 0.000 0.000 0.000 6.859] | 3M tok | ETA 1196.6h
Step   1730 | loss 6.8819 | lr 2.59e-04 | grad 1.95 | 0.9k tok/s | cert -5.49→-6.71 | ticks [0.000 0.000 0.000 0.000 0.000 0.000 0.000 6.814] | 3M tok | ETA 1196.6h
Step   1740 | loss 7.0517 | lr 2.61e-04 | grad 2.77 | 0.9k tok/s | cert -6.56→-7.64 | ticks [0.000 0.000 0.000 0.000 0.000 0.000 0.000 7.491] | 3M tok | ETA 1196.5h
Step   1750 | loss 6.7367 | lr 2.62e-04 | grad 3.00 | 0.9k tok/s | cert -6.07→-6.91 | ticks [0.000 0.000 0.000 0.000 0.000 0.000 0.000 7.337] | 3M tok | ETA 1196.4h
Step   1760 | loss 6.7567 | lr 2.64e-04 | grad 3.03 | 0.9k tok/s | cert -5.59→-6.05 | ticks [0.000 0.000 0.000 0.000 0.000 0.000 0.000 6.740] | 3M tok | ETA 1196.3h
Step   1770 | loss 6.6317 | lr 2.65e-04 | grad 4.66 | 0.9k tok/s | cert -6.72→-7.35 | ticks [0.000 0.000 0.000 0.000 0.000 0.000 0.000 6.361] | 3M tok | ETA 1196.2h
Step   1780 | loss 6.6152 | lr 2.67e-04 | grad 3.28 | 0.9k tok/s | cert -5.57→-6.43 | ticks [0.000 0.000 0.000 0.000 0.000 0.000 0.000 6.853] | 3M tok | ETA 1196.1h
Step   1790 | loss 6.9404 | lr 2.68e-04 | grad 2.33 | 0.9k tok/s | cert -5.16→-6.09 | ticks [0.000 0.000 0.000 0.000 0.000 0.000 0.000 6.621] | 3M tok | ETA 1196.1h
Step   1800 | loss 6.5520 | lr 2.70e-04 | grad 2.08 | 0.9k tok/s | cert -5.36→-6.51 | ticks [0.000 0.000 0.000 0.000 0.000 0.000 0.000 6.561] | 3M tok | ETA 1196.0h
Step   1810 | loss 6.8527 | lr 2.71e-04 | grad 2.22 | 0.9k tok/s | cert -5.37→-6.74 | ticks [0.000 0.000 0.000 0.000 0.000 0.000 0.000 6.854] | 3M tok | ETA 1196.0h
Step   1820 | loss 6.6563 | lr 2.73e-04 | grad 1.95 | 0.9k tok/s | cert -5.70→-6.82 | ticks [0.000 0.000 0.000 0.000 0.000 0.000 0.000 6.803] | 3M tok | ETA 1195.9h
Step   1830 | loss 6.6556 | lr 2.74e-04 | grad 2.03 | 0.9k tok/s | cert -5.32→-6.44 | ticks [0.000 0.000 0.000 0.000 0.000 0.000 0.000 6.726] | 3M tok | ETA 1195.8h
Step   1840 | loss 6.7043 | lr 2.76e-04 | grad 1.98 | 0.9k tok/s | cert -5.50→-6.99 | ticks [0.000 0.000 0.000 0.000 0.000 0.000 0.000 6.963] | 3M tok | ETA 1195.8h
Step   1850 | loss 6.3805 | lr 2.77e-04 | grad 1.83 | 0.9k tok/s | cert -5.19→-6.50 | ticks [0.000 0.000 0.000 0.000 0.000 0.000 0.000 6.188] | 3M tok | ETA 1195.7h
Step   1860 | loss 6.4734 | lr 2.79e-04 | grad 2.12 | 0.9k tok/s | cert -4.89→-6.16 | ticks [0.000 0.000 0.000 0.000 0.000 0.000 0.000 6.411] | 3M tok | ETA 1195.7h
Step   1870 | loss 6.6820 | lr 2.80e-04 | grad 5.06 | 0.9k tok/s | cert -5.99→-8.12 | ticks [0.000 0.000 0.000 0.000 0.000 0.000 0.000 7.277] | 3M tok | ETA 1195.7h
Step   1880 | loss 6.5740 | lr 2.82e-04 | grad 1.82 | 0.9k tok/s | cert -5.58→-6.74 | ticks [0.000 0.000 0.000 0.000 0.000 0.000 0.000 6.583] | 3M tok | ETA 1195.7h
Step   1890 | loss 6.5572 | lr 2.83e-04 | grad 3.34 | 0.9k tok/s | cert -5.15→-6.23 | ticks [0.000 0.000 0.000 0.000 0.000 0.000 0.000 6.951] | 3M tok | ETA 1195.8h
Step   1900 | loss 6.6471 | lr 2.85e-04 | grad 5.19 | 0.9k tok/s | cert -5.95→-7.40 | ticks [0.000 0.000 0.000 0.000 0.000 0.000 0.000 6.451] | 3M tok | ETA 1195.8h
Step   1910 | loss 6.8179 | lr 2.86e-04 | grad 2.42 | 0.9k tok/s | cert -5.19→-6.51 | ticks [0.000 0.000 0.000 0.000 0.000 0.000 0.000 6.496] | 3M tok | ETA 1195.8h
Step   1920 | loss 6.8438 | lr 2.88e-04 | grad 2.52 | 0.9k tok/s | cert -5.06→-6.34 | ticks [0.000 0.000 0.000 0.000 0.000 0.000 0.000 6.763] | 3M tok | ETA 1195.8h
Step   1930 | loss 6.6179 | lr 2.89e-04 | grad 2.98 | 0.9k tok/s | cert -5.73→-7.04 | ticks [0.000 0.000 0.000 0.000 0.000 0.000 0.000 6.491] | 3M tok | ETA 1195.8h
Step   1940 | loss 6.6366 | lr 2.91e-04 | grad 3.08 | 0.9k tok/s | cert -5.60→-6.31 | ticks [0.000 0.000 0.000 0.000 0.000 0.000 0.000 6.712] | 3M tok | ETA 1195.8h
Step   1950 | loss 6.6230 | lr 2.93e-04 | grad 1.99 | 0.9k tok/s | cert -6.49→-7.20 | ticks [0.000 0.000 0.000 0.000 0.000 0.000 0.000 7.090] | 3M tok | ETA 1195.7h
Step   1960 | loss 6.7757 | lr 2.94e-04 | grad 2.16 | 0.9k tok/s | cert -6.06→-6.68 | ticks [0.000 0.000 0.000 0.000 0.000 0.000 0.000 6.840] | 3M tok | ETA 1195.7h
Step   1970 | loss 6.6958 | lr 2.95e-04 | grad 2.23 | 0.9k tok/s | cert -5.96→-6.64 | ticks [0.000 0.000 0.000 0.000 0.000 0.000 0.000 6.288] | 3M tok | ETA 1195.6h
Step   1980 | loss 6.4455 | lr 2.97e-04 | grad 2.03 | 0.9k tok/s | cert -5.52→-6.10 | ticks [0.000 0.000 0.000 0.000 0.000 0.000 0.000 6.092] | 3M tok | ETA 1195.6h
Step   1990 | loss 6.6163 | lr 2.98e-04 | grad 3.28 | 0.9k tok/s | cert -5.70→-6.73 | ticks [0.000 0.000 0.000 0.000 0.000 0.000 0.000 7.233] | 3M tok | ETA 1195.5h
Step   2000 | loss 6.6630 | lr 3.00e-04 | grad 1.77 | 0.9k tok/s | cert -5.98→-6.95 | ticks [0.000 0.000 0.000 0.000 0.000 0.000 0.000 6.865] | 3M tok | ETA 1195.5h
Step   2010 | loss 6.6839 | lr 3.00e-04 | grad 3.62 | 0.9k tok/s | cert -6.35→-6.71 | ticks [0.000 0.000 0.000 0.000 0.000 0.000 0.000 7.401] | 3M tok | ETA 1195.4h
Step   2020 | loss 6.6753 | lr 3.00e-04 | grad 2.55 | 0.9k tok/s | cert -6.51→-6.92 | ticks [0.000 0.000 0.000 0.000 0.000 0.000 0.000 6.739] | 3M tok | ETA 1195.4h
Step   2030 | loss 6.5908 | lr 3.00e-04 | grad 1.65 | 0.9k tok/s | cert -6.09→-6.55 | ticks [0.000 0.000 0.000 0.000 0.000 0.000 0.000 6.617] | 3M tok | ETA 1195.3h
Step   2040 | loss 6.6022 | lr 3.00e-04 | grad 2.19 | 0.9k tok/s | cert -6.01→-6.91 | ticks [0.000 0.000 0.000 0.000 0.000 0.000 0.000 7.044] | 3M tok | ETA 1195.2h
Step   2050 | loss 6.7558 | lr 3.00e-04 | grad 1.80 | 0.9k tok/s | cert -6.01→-6.75 | ticks [0.000 0.000 0.000 0.000 0.000 0.000 0.000 6.778] | 3M tok | ETA 1195.2h
Step   2060 | loss 6.6128 | lr 3.00e-04 | grad 2.44 | 0.9k tok/s | cert -5.55→-6.09 | ticks [0.000 0.000 0.000 0.000 0.000 0.000 0.000 6.403] | 3M tok | ETA 1195.1h
Step   2070 | loss 6.6826 | lr 3.00e-04 | grad 1.59 | 0.9k tok/s | cert -6.33→-7.05 | ticks [0.000 0.000 0.000 0.000 0.000 0.000 0.000 6.835] | 3M tok | ETA 1195.1h
Step   2080 | loss 6.7420 | lr 3.00e-04 | grad 2.30 | 0.9k tok/s | cert -6.06→-6.69 | ticks [0.000 0.000 0.000 0.000 0.000 0.000 0.000 6.441] | 3M tok | ETA 1195.0h
Step   2090 | loss 6.4863 | lr 3.00e-04 | grad 3.92 | 0.9k tok/s | cert -5.66→-6.04 | ticks [0.000 0.000 0.000 0.000 0.000 0.000 0.000 6.727] | 3M tok | ETA 1195.0h
Step   2100 | loss 6.7118 | lr 3.00e-04 | grad 2.92 | 0.9k tok/s | cert -6.62→-6.98 | ticks [0.000 0.000 0.000 0.000 0.000 0.000 0.000 6.520] | 3M tok | ETA 1194.9h
Step   2110 | loss 6.6123 | lr 3.00e-04 | grad 2.39 | 0.9k tok/s | cert -5.54→-6.09 | ticks [0.000 0.000 0.000 0.000 0.000 0.000 0.000 6.466] | 3M tok | ETA 1194.9h
Step   2120 | loss 6.4834 | lr 3.00e-04 | grad 1.70 | 0.9k tok/s | cert -6.09→-6.36 | ticks [0.000 0.000 0.000 0.000 0.000 0.000 0.000 6.212] | 3M tok | ETA 1194.8h
Step   2130 | loss 6.6973 | lr 3.00e-04 | grad 2.64 | 0.9k tok/s | cert -6.18→-7.17 | ticks [0.000 0.000 0.000 0.000 0.000 0.000 0.000 6.798] | 3M tok | ETA 1194.8h
Step   2140 | loss 6.7577 | lr 3.00e-04 | grad 1.84 | 0.9k tok/s | cert -5.92→-6.61 | ticks [0.000 0.000 0.000 0.000 0.000 0.000 0.000 6.690] | 3M tok | ETA 1194.8h
Step   2150 | loss 6.4273 | lr 3.00e-04 | grad 2.02 | 0.9k tok/s | cert -5.72→-6.34 | ticks [0.000 0.000 0.000 0.000 0.000 0.000 0.000 6.087] | 3M tok | ETA 1194.7h
Step   2160 | loss 6.7637 | lr 3.00e-04 | grad 2.81 | 0.9k tok/s | cert -6.56→-7.25 | ticks [0.000 0.000 0.000 0.000 0.000 0.000 0.000 6.782] | 3M tok | ETA 1194.7h
Step   2170 | loss 6.3394 | lr 3.00e-04 | grad 3.86 | 0.9k tok/s | cert -5.25→-5.64 | ticks [0.000 0.000 0.000 0.000 0.000 0.000 0.000 6.491] | 3M tok | ETA 1194.6h
Step   2180 | loss 6.4493 | lr 3.00e-04 | grad 1.80 | 0.9k tok/s | cert -6.17→-6.41 | ticks [0.000 0.000 0.000 0.000 0.000 0.000 0.000 6.107] | 3M tok | ETA 1194.6h
Step   2190 | loss 6.2925 | lr 3.00e-04 | grad 1.80 | 0.9k tok/s | cert -6.27→-6.72 | ticks [0.000 0.000 0.000 0.000 0.000 0.000 0.000 6.329] | 3M tok | ETA 1194.5h
Step   2200 | loss 6.6136 | lr 3.00e-04 | grad 2.05 | 0.9k tok/s | cert -6.19→-6.49 | ticks [0.000 0.000 0.000 0.000 0.000 0.000 0.000 6.643] | 3M tok | ETA 1194.5h
Step   2210 | loss 6.5183 | lr 3.00e-04 | grad 2.53 | 0.9k tok/s | cert -6.96→-7.10 | ticks [0.000 0.000 0.000 0.000 0.000 0.000 0.000 6.671] | 3M tok | ETA 1194.5h
Step   2220 | loss 6.5242 | lr 3.00e-04 | grad 1.62 | 0.9k tok/s | cert -6.42→-6.66 | ticks [0.000 0.000 0.000 0.000 0.000 0.000 0.000 6.336] | 3M tok | ETA 1194.4h
Step   2230 | loss 6.4211 | lr 3.00e-04 | grad 2.55 | 0.9k tok/s | cert -6.16→-6.35 | ticks [0.000 0.000 0.000 0.000 0.000 0.000 0.000 6.711] | 3M tok | ETA 1194.4h
Step   2240 | loss 6.4568 | lr 3.00e-04 | grad 1.85 | 0.9k tok/s | cert -6.36→-6.86 | ticks [0.000 0.000 0.000 0.000 0.000 0.000 0.000 6.523] | 3M tok | ETA 1194.3h
Step   2250 | loss 6.4995 | lr 3.00e-04 | grad 2.05 | 0.9k tok/s | cert -6.01→-6.50 | ticks [0.000 0.000 0.000 0.000 0.000 0.000 0.000 6.603] | 3M tok | ETA 1194.3h
Step   2260 | loss 6.3346 | lr 3.00e-04 | grad 2.30 | 0.9k tok/s | cert -5.91→-6.21 | ticks [0.000 0.000 0.000 0.000 0.000 0.000 0.000 6.604] | 3M tok | ETA 1194.3h
Step   2270 | loss 6.6363 | lr 3.00e-04 | grad 2.03 | 0.9k tok/s | cert -6.65→-6.96 | ticks [0.000 0.000 0.000 0.000 0.000 0.000 0.000 6.651] | 3M tok | ETA 1194.2h
Step   2280 | loss 6.5129 | lr 3.00e-04 | grad 2.41 | 0.9k tok/s | cert -5.72→-6.39 | ticks [0.000 0.000 0.000 0.000 0.000 0.000 0.000 6.575] | 4M tok | ETA 1194.2h
Step   2290 | loss 6.2919 | lr 3.00e-04 | grad 1.90 | 0.9k tok/s | cert -5.52→-6.24 | ticks [0.000 0.000 0.000 0.000 0.000 0.000 0.000 6.497] | 4M tok | ETA 1194.2h
Step   2300 | loss 6.5126 | lr 3.00e-04 | grad 3.69 | 0.9k tok/s | cert -6.01→-7.11 | ticks [0.000 0.000 0.000 0.000 0.000 0.000 0.000 6.523] | 4M tok | ETA 1194.1h
Step   2310 | loss 6.4809 | lr 3.00e-04 | grad 4.16 | 0.9k tok/s | cert -5.79→-6.17 | ticks [0.000 0.000 0.000 0.000 0.000 0.000 0.000 6.792] | 4M tok | ETA 1194.1h
Step   2320 | loss 6.5930 | lr 3.00e-04 | grad 2.31 | 0.9k tok/s | cert -6.61→-6.96 | ticks [0.000 0.000 0.000 0.000 0.000 0.000 0.000 6.968] | 4M tok | ETA 1194.0h
Step   2330 | loss 6.6724 | lr 3.00e-04 | grad 2.50 | 0.9k tok/s | cert -6.73→-7.03 | ticks [0.000 0.000 0.000 0.000 0.000 0.000 0.000 6.405] | 4M tok | ETA 1194.0h
Step   2340 | loss 6.4032 | lr 3.00e-04 | grad 1.80 | 0.9k tok/s | cert -6.30→-6.09 | ticks [0.000 0.000 0.000 0.000 0.000 0.000 0.000 6.181] | 4M tok | ETA 1194.0h
Step   2350 | loss 6.4931 | lr 3.00e-04 | grad 3.28 | 0.9k tok/s | cert -7.02→-7.41 | ticks [0.000 0.000 0.000 0.000 0.000 0.000 0.000 6.544] | 4M tok | ETA 1193.9h
Step   2360 | loss 6.3664 | lr 3.00e-04 | grad 2.83 | 0.9k tok/s | cert -6.28→-6.88 | ticks [0.000 0.000 0.000 0.000 0.000 0.000 0.000 6.532] | 4M tok | ETA 1193.9h
Step   2370 | loss 6.1502 | lr 3.00e-04 | grad 2.09 | 0.9k tok/s | cert -6.21→-6.63 | ticks [0.000 0.000 0.000 0.000 0.000 0.000 0.000 5.777] | 4M tok | ETA 1193.9h
Step   2380 | loss 6.5528 | lr 3.00e-04 | grad 1.80 | 0.9k tok/s | cert -6.08→-6.75 | ticks [0.000 0.000 0.000 0.000 0.000 0.000 0.000 6.900] | 4M tok | ETA 1193.8h
Step   2390 | loss 6.4911 | lr 3.00e-04 | grad 1.65 | 0.9k tok/s | cert -6.22→-6.64 | ticks [0.000 0.000 0.000 0.000 0.000 0.000 0.000 6.468] | 4M tok | ETA 1193.8h
Step   2400 | loss 6.4811 | lr 3.00e-04 | grad 1.66 | 0.9k tok/s | cert -6.44→-6.59 | ticks [0.000 0.000 0.000 0.000 0.000 0.000 0.000 6.555] | 4M tok | ETA 1193.8h
Step   2410 | loss 6.3754 | lr 3.00e-04 | grad 1.82 | 0.9k tok/s | cert -5.58→-5.90 | ticks [0.000 0.000 0.000 0.000 0.000 0.000 0.000 6.125] | 4M tok | ETA 1193.7h
Step   2420 | loss 6.3514 | lr 3.00e-04 | grad 1.85 | 0.9k tok/s | cert -6.17→-6.60 | ticks [0.000 0.000 0.000 0.000 0.000 0.000 0.000 6.601] | 4M tok | ETA 1193.7h
Step   2430 | loss 6.4980 | lr 3.00e-04 | grad 1.73 | 0.9k tok/s | cert -6.75→-6.89 | ticks [0.000 0.000 0.000 0.000 0.000 0.000 0.000 6.676] | 4M tok | ETA 1193.7h
Step   2440 | loss 6.5515 | lr 3.00e-04 | grad 3.36 | 0.9k tok/s | cert -6.85→-6.84 | ticks [0.000 0.000 0.000 0.000 0.000 0.000 0.000 7.210] | 4M tok | ETA 1193.6h
Step   2450 | loss 6.2030 | lr 3.00e-04 | grad 2.20 | 0.9k tok/s | cert -5.90→-6.28 | ticks [0.000 0.000 0.000 0.000 0.000 0.000 0.000 5.700] | 4M tok | ETA 1193.6h
Step   2460 | loss 6.3586 | lr 3.00e-04 | grad 1.63 | 0.9k tok/s | cert -6.02→-6.29 | ticks [0.000 0.000 0.000 0.000 0.000 0.000 0.000 6.321] | 4M tok | ETA 1193.6h
Step   2470 | loss 6.3919 | lr 3.00e-04 | grad 1.69 | 0.9k tok/s | cert -5.98→-6.58 | ticks [0.000 0.000 0.000 0.000 0.000 0.000 0.000 6.652] | 4M tok | ETA 1193.5h
Step   2480 | loss 6.7467 | lr 3.00e-04 | grad 2.14 | 0.9k tok/s | cert -6.72→-7.11 | ticks [0.000 0.000 0.000 0.000 0.000 0.000 0.000 6.753] | 4M tok | ETA 1193.5h
Step   2490 | loss 6.5070 | lr 3.00e-04 | grad 1.80 | 0.9k tok/s | cert -5.91→-6.18 | ticks [0.000 0.000 0.000 0.000 0.000 0.000 0.000 6.278] | 4M tok | ETA 1193.5h
Step   2500 | loss 6.5300 | lr 3.00e-04 | grad 1.62 | 0.9k tok/s | cert -6.22→-6.42 | ticks [0.000 0.000 0.000 0.000 0.000 0.000 0.000 6.382] | 4M tok | ETA 1193.4h
Step   2510 | loss 6.6582 | lr 3.00e-04 | grad 1.95 | 0.9k tok/s | cert -6.16→-6.69 | ticks [0.000 0.000 0.000 0.000 0.000 0.000 0.000 6.595] | 4M tok | ETA 1193.4h
Step   2520 | loss 6.3905 | lr 3.00e-04 | grad 1.80 | 0.9k tok/s | cert -6.15→-6.40 | ticks [0.000 0.000 0.000 0.000 0.000 0.000 0.000 6.557] | 4M tok | ETA 1193.4h
Step   2530 | loss 6.3859 | lr 3.00e-04 | grad 2.20 | 0.9k tok/s | cert -6.60→-6.21 | ticks [0.000 0.000 0.000 0.000 0.000 0.000 0.000 6.526] | 4M tok | ETA 1193.4h
Step   2540 | loss 6.2258 | lr 3.00e-04 | grad 2.22 | 0.9k tok/s | cert -6.71→-6.50 | ticks [0.000 0.000 0.000 0.000 0.000 0.000 0.000 6.643] | 4M tok | ETA 1193.3h
Step   2550 | loss 6.6334 | lr 3.00e-04 | grad 2.39 | 0.9k tok/s | cert -7.08→-7.27 | ticks [0.000 0.000 0.000 0.000 0.000 0.000 0.000 6.919] | 4M tok | ETA 1193.3h
Step   2560 | loss 6.5062 | lr 3.00e-04 | grad 1.77 | 0.9k tok/s | cert -6.30→-6.47 | ticks [0.000 0.000 0.000 0.000 0.000 0.000 0.000 6.779] | 4M tok | ETA 1193.3h
Step   2570 | loss 6.2204 | lr 3.00e-04 | grad 2.14 | 0.9k tok/s | cert -6.37→-6.35 | ticks [0.000 0.000 0.000 0.000 0.000 0.000 0.000 6.719] | 4M tok | ETA 1193.2h
Step   2580 | loss 6.2362 | lr 3.00e-04 | grad 1.95 | 0.9k tok/s | cert -6.08→-6.26 | ticks [0.000 0.000 0.000 0.000 0.000 0.000 0.000 5.841] | 4M tok | ETA 1193.2h
Step   2590 | loss 6.4423 | lr 3.00e-04 | grad 1.73 | 0.9k tok/s | cert -6.37→-6.32 | ticks [0.000 0.000 0.000 0.000 0.000 0.000 0.000 6.218] | 4M tok | ETA 1193.2h
Step   2600 | loss 6.5803 | lr 3.00e-04 | grad 2.39 | 0.9k tok/s | cert -6.88→-6.68 | ticks [0.000 0.000 0.000 0.000 0.000 0.000 0.000 6.286] | 4M tok | ETA 1193.2h
Step   2610 | loss 6.2674 | lr 3.00e-04 | grad 2.72 | 0.9k tok/s | cert -6.89→-6.94 | ticks [0.000 0.000 0.000 0.000 0.000 0.000 0.000 6.314] | 4M tok | ETA 1193.1h
Step   2620 | loss 6.4496 | lr 3.00e-04 | grad 2.38 | 0.9k tok/s | cert -6.06→-6.26 | ticks [0.000 0.000 0.000 0.000 0.000 0.000 0.000 6.620] | 4M tok | ETA 1193.1h
Step   2630 | loss 6.6344 | lr 3.00e-04 | grad 1.96 | 0.9k tok/s | cert -6.65→-6.96 | ticks [0.000 0.000 0.000 0.000 0.000 0.000 0.000 6.753] | 4M tok | ETA 1193.1h
Step   2640 | loss 6.1594 | lr 3.00e-04 | grad 1.61 | 0.9k tok/s | cert -5.62→-6.04 | ticks [0.000 0.000 0.000 0.000 0.000 0.000 0.000 5.985] | 4M tok | ETA 1193.0h
Step   2650 | loss 6.1926 | lr 3.00e-04 | grad 2.44 | 0.9k tok/s | cert -6.54→-6.59 | ticks [0.000 0.000 0.000 0.000 0.000 0.000 0.000 6.651] | 4M tok | ETA 1193.0h
Step   2660 | loss 6.4800 | lr 3.00e-04 | grad 2.33 | 0.9k tok/s | cert -6.86→-6.85 | ticks [0.000 0.000 0.000 0.000 0.000 0.000 0.000 6.301] | 4M tok | ETA 1193.0h
Step   2670 | loss 6.2954 | lr 3.00e-04 | grad 2.81 | 0.9k tok/s | cert -6.29→-6.46 | ticks [0.000 0.000 0.000 0.000 0.000 0.000 0.000 6.450] | 4M tok | ETA 1193.0h
Step   2680 | loss 6.3580 | lr 3.00e-04 | grad 2.67 | 0.9k tok/s | cert -5.89→-6.30 | ticks [0.000 0.000 0.000 0.000 0.000 0.000 0.000 6.447] | 4M tok | ETA 1192.9h
Step   2690 | loss 6.2995 | lr 3.00e-04 | grad 4.22 | 0.9k tok/s | cert -6.14→-6.76 | ticks [0.000 0.000 0.000 0.000 0.000 0.000 0.000 6.165] | 4M tok | ETA 1192.9h
Step   2700 | loss 6.2343 | lr 3.00e-04 | grad 1.67 | 0.9k tok/s | cert -5.42→-5.97 | ticks [0.000 0.000 0.000 0.000 0.000 0.000 0.000 5.919] | 4M tok | ETA 1192.9h
Step   2710 | loss 6.1848 | lr 3.00e-04 | grad 2.78 | 0.9k tok/s | cert -5.70→-5.91 | ticks [0.000 0.000 0.000 0.000 0.000 0.000 0.000 6.461] | 4M tok | ETA 1192.9h
Step   2720 | loss 6.5108 | lr 3.00e-04 | grad 2.28 | 0.9k tok/s | cert -6.19→-6.66 | ticks [0.000 0.000 0.000 0.000 0.000 0.000 0.000 6.468] | 4M tok | ETA 1192.8h
Step   2730 | loss 6.4935 | lr 3.00e-04 | grad 1.69 | 0.9k tok/s | cert -6.21→-6.63 | ticks [0.000 0.000 0.000 0.000 0.000 0.000 0.000 6.646] | 4M tok | ETA 1192.8h
Step   2740 | loss 6.3691 | lr 3.00e-04 | grad 3.16 | 0.9k tok/s | cert -6.30→-6.44 | ticks [0.000 0.000 0.000 0.000 0.000 0.000 0.000 6.781] | 4M tok | ETA 1192.8h
Step   2750 | loss 6.4382 | lr 3.00e-04 | grad 4.03 | 0.9k tok/s | cert -6.67→-7.10 | ticks [0.000 0.000 0.000 0.000 0.000 0.000 0.000 6.293] | 4M tok | ETA 1192.8h
Step   2760 | loss 6.5136 | lr 3.00e-04 | grad 2.03 | 0.9k tok/s | cert -6.31→-6.70 | ticks [0.000 0.000 0.000 0.000 0.000 0.000 0.000 6.411] | 4M tok | ETA 1192.7h
Step   2770 | loss 6.5758 | lr 3.00e-04 | grad 3.59 | 0.9k tok/s | cert -6.02→-6.16 | ticks [0.000 0.000 0.000 0.000 0.000 0.000 0.000 6.602] | 4M tok | ETA 1192.7h
Step   2780 | loss 6.5450 | lr 3.00e-04 | grad 2.34 | 0.9k tok/s | cert -6.31→-6.67 | ticks [0.000 0.000 0.000 0.000 0.000 0.000 0.000 6.250] | 4M tok | ETA 1192.7h
Step   2790 | loss 6.3877 | lr 3.00e-04 | grad 3.27 | 0.9k tok/s | cert -6.41→-6.99 | ticks [0.000 0.000 0.000 0.000 0.000 0.000 0.000 6.370] | 4M tok | ETA 1192.7h
Step   2800 | loss 6.1901 | lr 3.00e-04 | grad 1.94 | 0.9k tok/s | cert -5.76→-5.84 | ticks [0.000 0.000 0.000 0.000 0.000 0.000 0.000 6.033] | 4M tok | ETA 1192.6h
Step   2810 | loss 6.3936 | lr 3.00e-04 | grad 2.11 | 0.9k tok/s | cert -5.97→-6.50 | ticks [0.000 0.000 0.000 0.000 0.000 0.000 0.000 6.539] | 4M tok | ETA 1192.7h
Step   2820 | loss 6.2857 | lr 3.00e-04 | grad 2.78 | 0.9k tok/s | cert -6.21→-6.93 | ticks [0.000 0.000 0.000 0.000 0.000 0.000 0.000 6.674] | 4M tok | ETA 1192.7h
Step   2830 | loss 6.2289 | lr 3.00e-04 | grad 3.55 | 0.9k tok/s | cert -5.50→-6.04 | ticks [0.000 0.000 0.000 0.000 0.000 0.000 0.000 6.514] | 4M tok | ETA 1192.8h
Step   2840 | loss 5.9813 | lr 3.00e-04 | grad 2.22 | 0.9k tok/s | cert -6.10→-6.76 | ticks [0.000 0.000 0.000 0.000 0.000 0.000 0.000 6.382] | 4M tok | ETA 1192.8h
Step   2850 | loss 5.8740 | lr 3.00e-04 | grad 2.50 | 0.9k tok/s | cert -6.50→-7.06 | ticks [0.000 0.000 0.000 0.000 0.000 0.000 0.000 6.534] | 4M tok | ETA 1192.8h
Step   2860 | loss 5.9339 | lr 3.00e-04 | grad 2.27 | 0.9k tok/s | cert -5.93→-6.12 | ticks [0.000 0.000 0.000 0.000 0.000 0.000 0.000 6.594] | 4M tok | ETA 1192.8h
Step   2870 | loss 5.9827 | lr 3.00e-04 | grad 2.69 | 0.9k tok/s | cert -6.18→-6.37 | ticks [0.000 0.000 0.000 0.000 0.000 0.000 0.000 6.788] | 4M tok | ETA 1192.8h
Step   2880 | loss 5.7693 | lr 3.00e-04 | grad 1.69 | 0.9k tok/s | cert -6.19→-6.63 | ticks [0.000 0.000 0.000 0.000 0.000 0.000 0.000 6.658] | 4M tok | ETA 1192.8h
Step   2890 | loss 5.9054 | lr 3.00e-04 | grad 4.44 | 0.9k tok/s | cert -5.13→-5.68 | ticks [0.000 0.000 0.000 0.000 0.000 0.000 0.000 6.743] | 4M tok | ETA 1192.7h
Step   2900 | loss 5.9180 | lr 3.00e-04 | grad 1.75 | 0.9k tok/s | cert -6.15→-6.63 | ticks [0.000 0.000 0.000 0.000 0.000 0.000 0.000 6.820] | 4M tok | ETA 1192.7h
Step   2910 | loss 5.7067 | lr 3.00e-04 | grad 2.23 | 0.9k tok/s | cert -6.38→-7.00 | ticks [0.000 0.000 0.000 0.000 0.000 0.000 0.000 6.818] | 4M tok | ETA 1192.6h
Step   2920 | loss 5.6729 | lr 3.00e-04 | grad 2.00 | 0.9k tok/s | cert -5.41→-6.31 | ticks [0.000 0.000 0.000 0.000 0.000 0.000 0.000 6.464] | 4M tok | ETA 1192.6h
Step   2930 | loss 5.7195 | lr 3.00e-04 | grad 2.50 | 0.9k tok/s | cert -6.05→-6.49 | ticks [0.000 0.000 0.000 0.000 0.000 0.000 0.000 5.741] | 5M tok | ETA 1192.6h
Step   2940 | loss 5.8615 | lr 3.00e-04 | grad 2.52 | 0.9k tok/s | cert -6.02→-6.83 | ticks [0.000 0.000 0.000 0.000 0.000 0.000 0.000 6.684] | 5M tok | ETA 1192.5h
Step   2950 | loss 6.1277 | lr 3.00e-04 | grad 2.38 | 0.9k tok/s | cert -5.35→-5.92 | ticks [0.000 0.000 0.000 0.000 0.000 0.000 0.000 6.344] | 5M tok | ETA 1192.5h
Step   2960 | loss 6.4354 | lr 3.00e-04 | grad 1.62 | 0.9k tok/s | cert -5.65→-6.44 | ticks [0.000 0.000 0.000 0.000 0.000 0.000 0.000 6.434] | 5M tok | ETA 1192.5h
Step   2970 | loss 6.5814 | lr 3.00e-04 | grad 3.88 | 0.9k tok/s | cert -6.66→-7.20 | ticks [0.000 0.000 0.000 0.000 0.000 0.000 0.000 6.152] | 5M tok | ETA 1192.5h
Step   2980 | loss 6.4473 | lr 3.00e-04 | grad 1.42 | 0.9k tok/s | cert -5.75→-6.19 | ticks [0.000 0.000 0.000 0.000 0.000 0.000 0.000 6.226] | 5M tok | ETA 1192.4h
Step   2990 | loss 6.5827 | lr 3.00e-04 | grad 1.82 | 0.9k tok/s | cert -5.66→-6.15 | ticks [0.000 0.000 0.000 0.000 0.000 0.000 0.000 6.271] | 5M tok | ETA 1192.4h
Step   3000 | loss 6.4302 | lr 3.00e-04 | grad 2.17 | 0.9k tok/s | cert -6.08→-6.89 | ticks [0.000 0.000 0.000 0.000 0.000 0.000 0.000 6.583] | 5M tok | ETA 1192.4h
Step   3010 | loss 6.5262 | lr 3.00e-04 | grad 1.54 | 0.9k tok/s | cert -6.07→-6.80 | ticks [0.000 0.000 0.000 0.000 0.000 0.000 0.000 6.587] | 5M tok | ETA 1192.4h
Step   3020 | loss 6.4289 | lr 3.00e-04 | grad 1.98 | 0.9k tok/s | cert -5.97→-6.17 | ticks [0.000 0.000 0.000 0.000 0.000 0.000 0.000 6.113] | 5M tok | ETA 1192.4h
Step   3030 | loss 6.3140 | lr 3.00e-04 | grad 2.00 | 0.9k tok/s | cert -6.13→-6.84 | ticks [0.000 0.000 0.000 0.000 0.000 0.000 0.000 6.617] | 5M tok | ETA 1192.5h
Step   3040 | loss 6.5266 | lr 3.00e-04 | grad 2.19 | 0.9k tok/s | cert -7.64→-7.52 | ticks [0.000 0.000 0.000 0.000 0.000 0.000 0.000 7.690] | 5M tok | ETA 1192.5h
Step   3050 | loss 6.7709 | lr 3.00e-04 | grad 2.47 | 0.9k tok/s | cert -6.14→-6.51 | ticks [0.000 0.000 0.000 0.000 0.000 0.000 0.000 6.922] | 5M tok | ETA 1192.6h
Step   3060 | loss 6.5466 | lr 3.00e-04 | grad 2.00 | 0.9k tok/s | cert -5.92→-6.58 | ticks [0.000 0.000 0.000 0.000 0.000 0.000 0.000 6.064] | 5M tok | ETA 1192.6h
Step   3070 | loss 6.2635 | lr 3.00e-04 | grad 2.27 | 0.9k tok/s | cert -5.76→-6.54 | ticks [0.000 0.000 0.000 0.000 0.000 0.000 0.000 6.122] | 5M tok | ETA 1192.5h
Step   3080 | loss 6.6206 | lr 3.00e-04 | grad 3.61 | 0.9k tok/s | cert -5.34→-6.01 | ticks [0.000 0.000 0.000 0.000 0.000 0.000 0.000 6.531] | 5M tok | ETA 1192.5h
Step   3090 | loss 6.2126 | lr 3.00e-04 | grad 2.12 | 0.9k tok/s | cert -5.31→-6.07 | ticks [0.000 0.000 0.000 0.000 0.000 0.000 0.000 6.149] | 5M tok | ETA 1192.4h
Step   3100 | loss 6.5182 | lr 3.00e-04 | grad 4.28 | 0.9k tok/s | cert -6.29→-7.22 | ticks [0.000 0.000 0.000 0.000 0.000 0.000 0.000 6.461] | 5M tok | ETA 1192.4h
Step   3110 | loss 6.5153 | lr 3.00e-04 | grad 2.52 | 0.9k tok/s | cert -6.45→-6.61 | ticks [0.000 0.000 0.000 0.000 0.000 0.000 0.000 6.706] | 5M tok | ETA 1192.4h
Step   3120 | loss 6.4880 | lr 3.00e-04 | grad 2.09 | 0.9k tok/s | cert -6.48→-6.65 | ticks [0.000 0.000 0.000 0.000 0.000 0.000 0.000 6.624] | 5M tok | ETA 1192.3h
Step   3130 | loss 6.5027 | lr 3.00e-04 | grad 2.86 | 0.9k tok/s | cert -6.79→-7.17 | ticks [0.000 0.000 0.000 0.000 0.000 0.000 0.000 6.547] | 5M tok | ETA 1192.3h
Step   3140 | loss 6.3782 | lr 3.00e-04 | grad 1.55 | 0.9k tok/s | cert -6.02→-6.63 | ticks [0.000 0.000 0.000 0.000 0.000 0.000 0.000 6.554] | 5M tok | ETA 1192.3h
Step   3150 | loss 6.5869 | lr 3.00e-04 | grad 1.70 | 0.9k tok/s | cert -6.60→-6.52 | ticks [0.000 0.000 0.000 0.000 0.000 0.000 0.000 6.578] | 5M tok | ETA 1192.3h
Step   3160 | loss 6.2506 | lr 3.00e-04 | grad 1.80 | 0.9k tok/s | cert -6.08→-6.60 | ticks [0.000 0.000 0.000 0.000 0.000 0.000 0.000 6.623] | 5M tok | ETA 1192.2h
Step   3170 | loss 6.4211 | lr 3.00e-04 | grad 3.00 | 0.9k tok/s | cert -5.44→-6.15 | ticks [0.000 0.000 0.000 0.000 0.000 0.000 0.000 6.589] | 5M tok | ETA 1192.3h
Step   3180 | loss 6.3337 | lr 3.00e-04 | grad 2.69 | 0.9k tok/s | cert -6.17→-6.91 | ticks [0.000 0.000 0.000 0.000 0.000 0.000 0.000 6.290] | 5M tok | ETA 1192.4h
Step   3190 | loss 6.4119 | lr 3.00e-04 | grad 2.73 | 0.9k tok/s | cert -6.22→-7.06 | ticks [0.000 0.000 0.000 0.000 0.000 0.000 0.000 6.593] | 5M tok | ETA 1192.4h
Step   3200 | loss 6.2489 | lr 3.00e-04 | grad 2.58 | 0.9k tok/s | cert -5.49→-6.19 | ticks [0.000 0.000 0.000 0.000 0.000 0.000 0.000 6.369] | 5M tok | ETA 1192.5h
Step   3210 | loss 6.3388 | lr 3.00e-04 | grad 2.05 | 0.9k tok/s | cert -6.41→-6.76 | ticks [0.000 0.000 0.000 0.000 0.000 0.000 0.000 6.359] | 5M tok | ETA 1192.4h
Step   3220 | loss 6.3077 | lr 3.00e-04 | grad 2.59 | 0.9k tok/s | cert -6.44→-7.26 | ticks [0.000 0.000 0.000 0.000 0.000 0.000 0.000 6.960] | 5M tok | ETA 1192.4h
Step   3230 | loss 6.3107 | lr 3.00e-04 | grad 1.80 | 0.9k tok/s | cert -5.60→-6.22 | ticks [0.000 0.000 0.000 0.000 0.000 0.000 0.000 6.393] | 5M tok | ETA 1192.3h
Step   3240 | loss 6.3100 | lr 3.00e-04 | grad 2.09 | 0.9k tok/s | cert -5.50→-5.92 | ticks [0.000 0.000 0.000 0.000 0.000 0.000 0.000 6.107] | 5M tok | ETA 1192.3h
Step   3250 | loss 6.4106 | lr 3.00e-04 | grad 3.06 | 0.9k tok/s | cert -6.23→-6.74 | ticks [0.000 0.000 0.000 0.000 0.000 0.000 0.000 6.123] | 5M tok | ETA 1192.3h
Step   3260 | loss 6.2915 | lr 3.00e-04 | grad 2.03 | 0.9k tok/s | cert -6.01→-6.56 | ticks [0.000 0.000 0.000 0.000 0.000 0.000 0.000 6.324] | 5M tok | ETA 1192.3h
Step   3270 | loss 6.1883 | lr 3.00e-04 | grad 3.33 | 0.9k tok/s | cert -5.59→-6.02 | ticks [0.000 0.000 0.000 0.000 0.000 0.000 0.000 6.535] | 5M tok | ETA 1192.2h
Step   3280 | loss 6.5993 | lr 3.00e-04 | grad 2.75 | 0.9k tok/s | cert -6.77→-7.13 | ticks [0.000 0.000 0.000 0.000 0.000 0.000 0.000 6.560] | 5M tok | ETA 1192.2h
Step   3290 | loss 6.5270 | lr 3.00e-04 | grad 2.80 | 0.9k tok/s | cert -7.54→-7.78 | ticks [0.000 0.000 0.000 0.000 0.000 0.000 0.000 7.036] | 5M tok | ETA 1192.2h
Step   3300 | loss 6.2260 | lr 3.00e-04 | grad 3.48 | 0.9k tok/s | cert -5.81→-6.01 | ticks [0.000 0.000 0.000 0.000 0.000 0.000 0.000 6.618] | 5M tok | ETA 1192.2h
Step   3310 | loss 6.3913 | lr 3.00e-04 | grad 2.47 | 0.9k tok/s | cert -6.58→-6.81 | ticks [0.000 0.000 0.000 0.000 0.000 0.000 0.000 7.059] | 5M tok | ETA 1192.3h
Step   3320 | loss 6.5039 | lr 3.00e-04 | grad 2.91 | 0.9k tok/s | cert -6.54→-7.01 | ticks [0.000 0.000 0.000 0.000 0.000 0.000 0.000 6.393] | 5M tok | ETA 1192.3h
Step   3330 | loss 6.3553 | lr 3.00e-04 | grad 1.98 | 0.9k tok/s | cert -5.93→-6.09 | ticks [0.000 0.000 0.000 0.000 0.000 0.000 0.000 6.386] | 5M tok | ETA 1192.4h
Step   3340 | loss 6.2821 | lr 3.00e-04 | grad 2.39 | 0.9k tok/s | cert -5.92→-6.21 | ticks [0.000 0.000 0.000 0.000 0.000 0.000 0.000 6.442] | 5M tok | ETA 1192.4h
Step   3350 | loss 6.5292 | lr 3.00e-04 | grad 4.94 | 0.9k tok/s | cert -6.72→-7.39 | ticks [0.000 0.000 0.000 0.000 0.000 0.000 0.000 6.558] | 5M tok | ETA 1192.4h
Step   3360 | loss 6.0685 | lr 3.00e-04 | grad 3.34 | 0.9k tok/s | cert -6.30→-6.99 | ticks [0.000 0.000 0.000 0.000 0.000 0.000 0.000 6.055] | 5M tok | ETA 1192.3h
Step   3370 | loss 6.3043 | lr 3.00e-04 | grad 3.47 | 0.9k tok/s | cert -5.67→-6.08 | ticks [0.000 0.000 0.000 0.000 0.000 0.000 0.000 6.436] | 5M tok | ETA 1192.3h
Step   3380 | loss 6.4661 | lr 3.00e-04 | grad 2.39 | 0.9k tok/s | cert -7.43→-7.31 | ticks [0.000 0.000 0.000 0.000 0.000 0.000 0.000 6.885] | 5M tok | ETA 1192.3h
Step   3390 | loss 6.1154 | lr 3.00e-04 | grad 2.88 | 0.9k tok/s | cert -6.52→-6.59 | ticks [0.000 0.000 0.000 0.000 0.000 0.000 0.000 6.063] | 5M tok | ETA 1192.2h
Step   3400 | loss 6.2688 | lr 3.00e-04 | grad 1.80 | 0.9k tok/s | cert -6.20→-6.51 | ticks [0.000 0.000 0.000 0.000 0.000 0.000 0.000 6.263] | 5M tok | ETA 1192.2h
Step   3410 | loss 6.3985 | lr 3.00e-04 | grad 2.78 | 0.9k tok/s | cert -6.21→-6.54 | ticks [0.000 0.000 0.000 0.000 0.000 0.000 0.000 6.739] | 5M tok | ETA 1192.2h
Step   3420 | loss 6.6365 | lr 3.00e-04 | grad 2.84 | 0.9k tok/s | cert -7.53→-7.82 | ticks [0.000 0.000 0.000 0.000 0.000 0.000 0.000 6.845] | 5M tok | ETA 1192.2h
Step   3430 | loss 6.3579 | lr 3.00e-04 | grad 7.53 | 0.9k tok/s | cert -5.97→-5.90 | ticks [0.000 0.000 0.000 0.000 0.000 0.000 0.000 5.436] | 5M tok | ETA 1192.1h
Step   3440 | loss 6.2815 | lr 3.00e-04 | grad 1.93 | 0.9k tok/s | cert -5.75→-5.96 | ticks [0.000 0.000 0.000 0.000 0.000 0.000 0.000 6.082] | 5M tok | ETA 1192.1h
Step   3450 | loss 6.2964 | lr 3.00e-04 | grad 2.33 | 0.9k tok/s | cert -6.72→-6.91 | ticks [0.000 0.000 0.000 0.000 0.000 0.000 0.000 6.323] | 5M tok | ETA 1192.1h
Step   3460 | loss 6.2851 | lr 3.00e-04 | grad 1.95 | 0.9k tok/s | cert -6.28→-6.64 | ticks [0.000 0.000 0.000 0.000 0.000 0.000 0.000 6.340] | 5M tok | ETA 1192.1h
Step   3470 | loss 6.3884 | lr 3.00e-04 | grad 3.78 | 0.9k tok/s | cert -7.22→-7.13 | ticks [0.000 0.000 0.000 0.000 0.000 0.000 0.000 7.613] | 5M tok | ETA 1192.1h
Step   3480 | loss 6.7147 | lr 3.00e-04 | grad 2.02 | 0.9k tok/s | cert -6.13→-6.29 | ticks [0.000 0.000 0.000 0.000 0.000 0.000 0.000 6.525] | 5M tok | ETA 1192.1h
Step   3490 | loss 6.5754 | lr 3.00e-04 | grad 2.30 | 0.9k tok/s | cert -5.72→-6.06 | ticks [0.000 0.000 0.000 0.000 0.000 0.000 0.000 5.445] | 5M tok | ETA 1192.0h
Step   3500 | loss 6.2888 | lr 3.00e-04 | grad 2.03 | 0.9k tok/s | cert -6.04→-6.44 | ticks [0.000 0.000 0.000 0.000 0.000 0.000 0.000 6.385] | 5M tok | ETA 1192.0h
Step   3510 | loss 6.2812 | lr 3.00e-04 | grad 2.64 | 0.9k tok/s | cert -5.90→-6.05 | ticks [0.000 0.000 0.000 0.000 0.000 0.000 0.000 6.498] | 5M tok | ETA 1192.0h
Step   3520 | loss 6.3991 | lr 3.00e-04 | grad 2.19 | 0.9k tok/s | cert -7.24→-6.98 | ticks [0.000 0.000 0.000 0.000 0.000 0.000 0.000 6.555] | 5M tok | ETA 1192.1h
Step   3530 | loss 6.3506 | lr 3.00e-04 | grad 3.25 | 0.9k tok/s | cert -6.55→-6.77 | ticks [0.000 0.000 0.000 0.000 0.000 0.000 0.000 6.296] | 5M tok | ETA 1192.1h
Step   3540 | loss 6.3494 | lr 3.00e-04 | grad 1.59 | 0.9k tok/s | cert -6.11→-6.17 | ticks [0.000 0.000 0.000 0.000 0.000 0.000 0.000 6.239] | 5M tok | ETA 1192.1h
Step   3550 | loss 6.3924 | lr 3.00e-04 | grad 3.08 | 0.9k tok/s | cert -5.79→-5.64 | ticks [0.000 0.000 0.000 0.000 0.000 0.000 0.000 6.128] | 5M tok | ETA 1192.2h
Step   3560 | loss 6.3062 | lr 3.00e-04 | grad 2.08 | 0.9k tok/s | cert -6.78→-6.94 | ticks [0.000 0.000 0.000 0.000 0.000 0.000 0.000 6.527] | 5M tok | ETA 1192.2h
Step   3570 | loss 6.3173 | lr 3.00e-04 | grad 1.76 | 0.9k tok/s | cert -6.16→-6.40 | ticks [0.000 0.000 0.000 0.000 0.000 0.000 0.000 6.340] | 5M tok | ETA 1192.1h
Step   3580 | loss 6.2595 | lr 3.00e-04 | grad 1.95 | 0.9k tok/s | cert -6.14→-6.24 | ticks [0.000 0.000 0.000 0.000 0.000 0.000 0.000 6.164] | 6M tok | ETA 1192.1h
Step   3590 | loss 6.1141 | lr 3.00e-04 | grad 2.95 | 0.9k tok/s | cert -6.00→-6.32 | ticks [0.000 0.000 0.000 0.000 0.000 0.000 0.000 6.460] | 6M tok | ETA 1192.1h
Step   3600 | loss 6.3877 | lr 3.00e-04 | grad 3.03 | 0.9k tok/s | cert -6.64→-7.01 | ticks [0.000 0.000 0.000 0.000 0.000 0.000 0.000 6.379] | 6M tok | ETA 1192.0h
Step   3610 | loss 6.1786 | lr 3.00e-04 | grad 1.88 | 0.9k tok/s | cert -5.76→-6.38 | ticks [0.000 0.000 0.000 0.000 0.000 0.000 0.000 5.960] | 6M tok | ETA 1192.0h
Step   3620 | loss 6.5434 | lr 3.00e-04 | grad 2.06 | 0.9k tok/s | cert -6.21→-6.36 | ticks [0.000 0.000 0.000 0.000 0.000 0.000 0.000 6.490] | 6M tok | ETA 1192.0h
Step   3630 | loss 6.3357 | lr 3.00e-04 | grad 2.70 | 0.9k tok/s | cert -6.56→-6.93 | ticks [0.000 0.000 0.000 0.000 0.000 0.000 0.000 6.608] | 6M tok | ETA 1192.0h
Step   3640 | loss 6.6290 | lr 3.00e-04 | grad 1.70 | 0.9k tok/s | cert -6.14→-6.56 | ticks [0.000 0.000 0.000 0.000 0.000 0.000 0.000 6.271] | 6M tok | ETA 1191.9h
Step   3650 | loss 6.3255 | lr 3.00e-04 | grad 1.81 | 0.9k tok/s | cert -5.69→-5.91 | ticks [0.000 0.000 0.000 0.000 0.000 0.000 0.000 6.048] | 6M tok | ETA 1191.9h
Step   3660 | loss 5.9562 | lr 3.00e-04 | grad 2.67 | 0.9k tok/s | cert -6.13→-6.37 | ticks [0.000 0.000 0.000 0.000 0.000 0.000 0.000 5.803] | 6M tok | ETA 1191.9h
Step   3670 | loss 6.0201 | lr 3.00e-04 | grad 1.44 | 0.9k tok/s | cert -5.75→-6.08 | ticks [0.000 0.000 0.000 0.000 0.000 0.000 0.000 6.041] | 6M tok | ETA 1191.9h
Step   3680 | loss 6.3361 | lr 3.00e-04 | grad 1.78 | 0.9k tok/s | cert -5.94→-6.11 | ticks [0.000 0.000 0.000 0.000 0.000 0.000 0.000 6.147] | 6M tok | ETA 1191.9h
Step   3690 | loss 6.2323 | lr 3.00e-04 | grad 3.19 | 0.9k tok/s | cert -6.08→-6.57 | ticks [0.000 0.000 0.000 0.000 0.000 0.000 0.000 6.047] | 6M tok | ETA 1191.8h
Step   3700 | loss 6.4908 | lr 3.00e-04 | grad 2.53 | 0.9k tok/s | cert -6.69→-6.87 | ticks [0.000 0.000 0.000 0.000 0.000 0.000 0.000 6.371] | 6M tok | ETA 1191.8h
Step   3710 | loss 6.4083 | lr 3.00e-04 | grad 2.38 | 0.9k tok/s | cert -5.76→-5.66 | ticks [0.000 0.000 0.000 0.000 0.000 0.000 0.000 6.053] | 6M tok | ETA 1191.8h
Step   3720 | loss 6.1009 | lr 3.00e-04 | grad 1.77 | 0.9k tok/s | cert -6.29→-6.28 | ticks [0.000 0.000 0.000 0.000 0.000 0.000 0.000 6.049] | 6M tok | ETA 1191.8h
Step   3730 | loss 6.1841 | lr 3.00e-04 | grad 1.88 | 0.9k tok/s | cert -6.66→-6.69 | ticks [0.000 0.000 0.000 0.000 0.000 0.000 0.000 6.218] | 6M tok | ETA 1191.8h
Step   3740 | loss 6.0606 | lr 3.00e-04 | grad 2.23 | 0.9k tok/s | cert -5.95→-6.03 | ticks [0.000 0.000 0.000 0.000 0.000 0.000 0.000 5.875] | 6M tok | ETA 1191.9h
Step   3750 | loss 6.0326 | lr 3.00e-04 | grad 2.42 | 0.9k tok/s | cert -5.40→-5.50 | ticks [0.000 0.000 0.000 0.000 0.000 0.000 0.000 5.918] | 6M tok | ETA 1191.9h
Step   3760 | loss 6.1410 | lr 3.00e-04 | grad 2.95 | 0.9k tok/s | cert -6.26→-6.74 | ticks [0.000 0.000 0.000 0.000 0.000 0.000 0.000 6.192] | 6M tok | ETA 1192.0h
Step   3770 | loss 5.9820 | lr 3.00e-04 | grad 1.82 | 0.9k tok/s | cert -5.94→-6.27 | ticks [0.000 0.000 0.000 0.000 0.000 0.000 0.000 5.879] | 6M tok | ETA 1192.0h
Step   3780 | loss 6.2405 | lr 3.00e-04 | grad 2.62 | 0.9k tok/s | cert -5.74→-6.05 | ticks [0.000 0.000 0.000 0.000 0.000 0.000 0.000 6.469] | 6M tok | ETA 1192.0h
Step   3790 | loss 5.9581 | lr 3.00e-04 | grad 1.57 | 0.9k tok/s | cert -6.23→-6.51 | ticks [0.000 0.000 0.000 0.000 0.000 0.000 0.000 6.363] | 6M tok | ETA 1192.0h
Step   3800 | loss 6.1793 | lr 3.00e-04 | grad 2.30 | 0.9k tok/s | cert -6.51→-6.99 | ticks [0.000 0.000 0.000 0.000 0.000 0.000 0.000 6.698] | 6M tok | ETA 1191.9h
Step   3810 | loss 6.5062 | lr 3.00e-04 | grad 1.70 | 0.9k tok/s | cert -5.82→-6.15 | ticks [0.000 0.000 0.000 0.000 0.000 0.000 0.000 6.187] | 6M tok | ETA 1191.9h
Step   3820 | loss 6.2390 | lr 3.00e-04 | grad 2.36 | 0.9k tok/s | cert -5.99→-6.07 | ticks [0.000 0.000 0.000 0.000 0.000 0.000 0.000 6.244] | 6M tok | ETA 1191.9h
Step   3830 | loss 6.0003 | lr 3.00e-04 | grad 2.38 | 0.9k tok/s | cert -6.56→-6.72 | ticks [0.000 0.000 0.000 0.000 0.000 0.000 0.000 6.127] | 6M tok | ETA 1191.8h
Step   3840 | loss 6.3071 | lr 3.00e-04 | grad 1.55 | 0.9k tok/s | cert -6.76→-6.55 | ticks [0.000 0.000 0.000 0.000 0.000 0.000 0.000 6.424] | 6M tok | ETA 1191.8h
Step   3850 | loss 6.1989 | lr 3.00e-04 | grad 2.66 | 0.9k tok/s | cert -5.98→-6.09 | ticks [0.000 0.000 0.000 0.000 0.000 0.000 0.000 6.324] | 6M tok | ETA 1191.8h
Step   3860 | loss 6.0799 | lr 3.00e-04 | grad 1.62 | 0.9k tok/s | cert -6.15→-6.31 | ticks [0.000 0.000 0.000 0.000 0.000 0.000 0.000 6.214] | 6M tok | ETA 1191.8h
Step   3870 | loss 6.0690 | lr 3.00e-04 | grad 2.80 | 0.9k tok/s | cert -6.47→-6.69 | ticks [0.000 0.000 0.000 0.000 0.000 0.000 0.000 6.172] | 6M tok | ETA 1191.7h
Step   3880 | loss 6.2098 | lr 3.00e-04 | grad 1.95 | 0.9k tok/s | cert -5.82→-6.13 | ticks [0.000 0.000 0.000 0.000 0.000 0.000 0.000 6.220] | 6M tok | ETA 1191.7h
Step   3890 | loss 6.2137 | lr 3.00e-04 | grad 2.20 | 0.9k tok/s | cert -6.02→-6.27 | ticks [0.000 0.000 0.000 0.000 0.000 0.000 0.000 6.344] | 6M tok | ETA 1191.7h
Step   3900 | loss 6.2460 | lr 3.00e-04 | grad 2.89 | 0.9k tok/s | cert -7.00→-7.08 | ticks [0.000 0.000 0.000 0.000 0.000 0.000 0.000 6.518] | 6M tok | ETA 1191.7h
Step   3910 | loss 6.1677 | lr 3.00e-04 | grad 1.81 | 0.9k tok/s | cert -6.16→-6.57 | ticks [0.000 0.000 0.000 0.000 0.000 0.000 0.000 6.295] | 6M tok | ETA 1191.7h
Step   3920 | loss 6.5488 | lr 3.00e-04 | grad 3.11 | 0.9k tok/s | cert -5.96→-5.93 | ticks [0.000 0.000 0.000 0.000 0.000 0.000 0.000 6.387] | 6M tok | ETA 1191.7h
Step   3930 | loss 6.6436 | lr 3.00e-04 | grad 1.46 | 0.9k tok/s | cert -6.92→-6.87 | ticks [0.000 0.000 0.000 0.000 0.000 0.000 0.000 6.837] | 6M tok | ETA 1191.7h
Step   3940 | loss 6.1574 | lr 3.00e-04 | grad 1.84 | 0.9k tok/s | cert -6.48→-6.96 | ticks [0.000 0.000 0.000 0.000 0.000 0.000 0.000 6.974] | 6M tok | ETA 1191.7h
Step   3950 | loss 5.9985 | lr 3.00e-04 | grad 1.83 | 0.9k tok/s | cert -5.78→-6.02 | ticks [0.000 0.000 0.000 0.000 0.000 0.000 0.000 6.306] | 6M tok | ETA 1191.6h
Step   3960 | loss 6.4877 | lr 3.00e-04 | grad 1.88 | 0.9k tok/s | cert -6.04→-6.50 | ticks [0.000 0.000 0.000 0.000 0.000 0.000 0.000 6.302] | 6M tok | ETA 1191.6h
Step   3970 | loss 6.4789 | lr 3.00e-04 | grad 4.22 | 0.9k tok/s | cert -6.96→-7.46 | ticks [0.000 0.000 0.000 0.000 0.000 0.000 0.000 6.675] | 6M tok | ETA 1191.6h
Step   3980 | loss 6.7112 | lr 3.00e-04 | grad 2.69 | 0.9k tok/s | cert -6.79→-7.25 | ticks [0.000 0.000 0.000 0.000 0.000 0.000 0.000 6.575] | 6M tok | ETA 1191.6h
Step   3990 | loss 6.2732 | lr 3.00e-04 | grad 2.11 | 0.9k tok/s | cert -5.80→-6.14 | ticks [0.000 0.000 0.000 0.000 0.000 0.000 0.000 6.269] | 6M tok | ETA 1191.6h
Step   4000 | loss 6.2495 | lr 3.00e-04 | grad 3.64 | 0.9k tok/s | cert -6.28→-6.28 | ticks [0.000 0.000 0.000 0.000 0.000 0.000 0.000 6.547] | 6M tok | ETA 1191.6h
Step   4010 | loss 6.4226 | lr 3.00e-04 | grad 3.61 | 0.9k tok/s | cert -7.02→-7.30 | ticks [0.000 0.000 0.000 0.000 0.000 0.000 0.000 6.533] | 6M tok | ETA 1191.6h
Step   4020 | loss 6.2603 | lr 3.00e-04 | grad 2.61 | 0.9k tok/s | cert -6.69→-6.73 | ticks [0.000 0.000 0.000 0.000 0.000 0.000 0.000 6.196] | 6M tok | ETA 1191.6h
Step   4030 | loss 6.3477 | lr 3.00e-04 | grad 2.64 | 0.9k tok/s | cert -6.41→-6.10 | ticks [0.000 0.000 0.000 0.000 0.000 0.000 0.000 6.462] | 6M tok | ETA 1191.6h
Step   4040 | loss 6.2533 | lr 3.00e-04 | grad 2.09 | 0.9k tok/s | cert -6.95→-6.67 | ticks [0.000 0.000 0.000 0.000 0.000 0.000 0.000 6.373] | 6M tok | ETA 1191.5h
Step   4050 | loss 6.0886 | lr 3.00e-04 | grad 4.25 | 0.9k tok/s | cert -6.82→-7.27 | ticks [0.000 0.000 0.000 0.000 0.000 0.000 0.000 6.518] | 6M tok | ETA 1191.5h
Step   4060 | loss 5.9853 | lr 3.00e-04 | grad 2.02 | 0.9k tok/s | cert -5.46→-5.78 | ticks [0.000 0.000 0.000 0.000 0.000 0.000 0.000 6.017] | 6M tok | ETA 1191.5h
Step   4070 | loss 6.1437 | lr 3.00e-04 | grad 1.41 | 0.9k tok/s | cert -6.35→-6.38 | ticks [0.000 0.000 0.000 0.000 0.000 0.000 0.000 6.168] | 6M tok | ETA 1191.5h
Step   4080 | loss 6.1552 | lr 3.00e-04 | grad 1.88 | 0.9k tok/s | cert -5.87→-6.22 | ticks [0.000 0.000 0.000 0.000 0.000 0.000 0.000 6.306] | 6M tok | ETA 1191.5h
Step   4090 | loss 6.4099 | lr 3.00e-04 | grad 2.62 | 0.9k tok/s | cert -6.72→-6.74 | ticks [0.000 0.000 0.000 0.000 0.000 0.000 0.000 6.074] | 6M tok | ETA 1191.5h
Step   4100 | loss 6.3319 | lr 3.00e-04 | grad 1.99 | 0.9k tok/s | cert -6.97→-6.84 | ticks [0.000 0.000 0.000 0.000 0.000 0.000 0.000 6.712] | 6M tok | ETA 1191.4h
Step   4110 | loss 6.2461 | lr 3.00e-04 | grad 2.59 | 0.9k tok/s | cert -5.75→-5.70 | ticks [0.000 0.000 0.000 0.000 0.000 0.000 0.000 6.008] | 6M tok | ETA 1191.5h
Step   4120 | loss 6.1900 | lr 3.00e-04 | grad 1.95 | 0.9k tok/s | cert -6.37→-6.47 | ticks [0.000 0.000 0.000 0.000 0.000 0.000 0.000 6.516] | 6M tok | ETA 1191.5h
Step   4130 | loss 6.1271 | lr 3.00e-04 | grad 1.91 | 0.9k tok/s | cert -6.55→-6.65 | ticks [0.000 0.000 0.000 0.000 0.000 0.000 0.000 6.335] | 6M tok | ETA 1191.6h
Step   4140 | loss 6.3329 | lr 3.00e-04 | grad 2.08 | 0.9k tok/s | cert -6.21→-6.33 | ticks [0.000 0.000 0.000 0.000 0.000 0.000 0.000 6.418] | 6M tok | ETA 1191.6h
Step   4150 | loss 6.0265 | lr 3.00e-04 | grad 2.92 | 0.9k tok/s | cert -5.97→-6.07 | ticks [0.000 0.000 0.000 0.000 0.000 0.000 0.000 6.173] | 6M tok | ETA 1191.6h
Step   4160 | loss 6.1928 | lr 3.00e-04 | grad 1.64 | 0.9k tok/s | cert -6.32→-6.54 | ticks [0.000 0.000 0.000 0.000 0.000 0.000 0.000 6.146] | 6M tok | ETA 1191.6h
Step   4170 | loss 6.2471 | lr 3.00e-04 | grad 2.45 | 0.9k tok/s | cert -6.26→-6.60 | ticks [0.000 0.000 0.000 0.000 0.000 0.000 0.000 6.020] | 6M tok | ETA 1191.5h
Step   4180 | loss 6.1359 | lr 3.00e-04 | grad 1.59 | 0.9k tok/s | cert -6.15→-6.39 | ticks [0.000 0.000 0.000 0.000 0.000 0.000 0.000 6.142] | 6M tok | ETA 1191.5h
Step   4190 | loss 6.2307 | lr 3.00e-04 | grad 1.98 | 0.9k tok/s | cert -5.77→-5.97 | ticks [0.000 0.000 0.000 0.000 0.000 0.000 0.000 6.199] | 6M tok | ETA 1191.5h
Step   4200 | loss 6.7120 | lr 3.00e-04 | grad 2.53 | 0.9k tok/s | cert -6.17→-6.38 | ticks [0.000 0.000 0.000 0.000 0.000 0.000 0.000 6.503] | 6M tok | ETA 1191.4h
Step   4210 | loss 6.4900 | lr 3.00e-04 | grad 2.66 | 0.9k tok/s | cert -6.34→-6.89 | ticks [0.000 0.000 0.000 0.000 0.000 0.000 0.000 6.755] | 6M tok | ETA 1191.4h
Step   4220 | loss 6.2222 | lr 3.00e-04 | grad 2.67 | 0.9k tok/s | cert -6.65→-7.05 | ticks [0.000 0.000 0.000 0.000 0.000 0.000 0.000 6.621] | 6M tok | ETA 1191.4h
Step   4230 | loss 6.3981 | lr 3.00e-04 | grad 2.33 | 0.9k tok/s | cert -6.20→-6.34 | ticks [0.000 0.000 0.000 0.000 0.000 0.000 0.000 6.429] | 6M tok | ETA 1191.4h
Step   4240 | loss 6.4169 | lr 3.00e-04 | grad 2.05 | 0.9k tok/s | cert -6.98→-6.99 | ticks [0.000 0.000 0.000 0.000 0.000 0.000 0.000 6.572] | 7M tok | ETA 1191.4h
Step   4250 | loss 6.3549 | lr 3.00e-04 | grad 3.31 | 0.9k tok/s | cert -7.10→-7.11 | ticks [0.000 0.000 0.000 0.000 0.000 0.000 0.000 6.504] | 7M tok | ETA 1191.3h
Step   4260 | loss 6.4141 | lr 3.00e-04 | grad 1.93 | 0.9k tok/s | cert -6.61→-6.63 | ticks [0.000 0.000 0.000 0.000 0.000 0.000 0.000 6.398] | 7M tok | ETA 1191.3h
Step   4270 | loss 6.2286 | lr 3.00e-04 | grad 1.52 | 0.9k tok/s | cert -6.15→-5.93 | ticks [0.000 0.000 0.000 0.000 0.000 0.000 0.000 5.616] | 7M tok | ETA 1191.4h
Step   4280 | loss 6.1210 | lr 3.00e-04 | grad 2.02 | 0.9k tok/s | cert -6.36→-6.44 | ticks [0.000 0.000 0.000 0.000 0.000 0.000 0.000 6.005] | 7M tok | ETA 1191.4h
Step   4290 | loss 6.0771 | lr 3.00e-04 | grad 7.41 | 0.9k tok/s | cert -7.95→-7.74 | ticks [0.000 0.000 0.000 0.000 0.000 0.000 0.000 6.043] | 7M tok | ETA 1191.4h
Step   4300 | loss 6.3256 | lr 3.00e-04 | grad 1.55 | 0.9k tok/s | cert -5.96→-6.04 | ticks [0.000 0.000 0.000 0.000 0.000 0.000 0.000 5.615] | 7M tok | ETA 1191.4h
Step   4310 | loss 6.2188 | lr 3.00e-04 | grad 1.53 | 0.9k tok/s | cert -5.72→-5.86 | ticks [0.000 0.000 0.000 0.000 0.000 0.000 0.000 5.772] | 7M tok | ETA 1191.4h
Step   4320 | loss 6.2045 | lr 3.00e-04 | grad 2.06 | 0.9k tok/s | cert -6.42→-6.48 | ticks [0.000 0.000 0.000 0.000 0.000 0.000 0.000 5.971] | 7M tok | ETA 1191.4h
Step   4330 | loss 6.2235 | lr 3.00e-04 | grad 1.70 | 0.9k tok/s | cert -6.44→-6.55 | ticks [0.000 0.000 0.000 0.000 0.000 0.000 0.000 6.449] | 7M tok | ETA 1191.4h
Step   4340 | loss 6.5039 | lr 3.00e-04 | grad 3.34 | 0.9k tok/s | cert -6.47→-6.33 | ticks [0.000 0.000 0.000 0.000 0.000 0.000 0.000 6.596] | 7M tok | ETA 1191.4h
Step   4350 | loss 6.3821 | lr 3.00e-04 | grad 2.41 | 0.9k tok/s | cert -6.72→-6.85 | ticks [0.000 0.000 0.000 0.000 0.000 0.000 0.000 6.426] | 7M tok | ETA 1191.4h
Step   4360 | loss 6.2593 | lr 3.00e-04 | grad 1.98 | 0.8k tok/s | cert -5.77→-6.34 | ticks [0.000 0.000 0.000 0.000 0.000 0.000 0.000 6.127] | 7M tok | ETA 1191.5h
Step   4370 | loss 6.4188 | lr 3.00e-04 | grad 1.97 | 0.8k tok/s | cert -5.83→-6.18 | ticks [0.000 0.000 0.000 0.000 0.000 0.000 0.000 6.386] | 7M tok | ETA 1191.6h
Step   4380 | loss 6.2035 | lr 3.00e-04 | grad 1.79 | 0.8k tok/s | cert -6.03→-6.42 | ticks [0.000 0.000 0.000 0.000 0.000 0.000 0.000 6.460] | 7M tok | ETA 1191.7h
Step   4390 | loss 6.2923 | lr 3.00e-04 | grad 2.58 | 0.8k tok/s | cert -6.68→-6.77 | ticks [0.000 0.000 0.000 0.000 0.000 0.000 0.000 6.229] | 7M tok | ETA 1191.8h
Step   4400 | loss 6.2818 | lr 3.00e-04 | grad 3.06 | 0.8k tok/s | cert -6.17→-6.40 | ticks [0.000 0.000 0.000 0.000 0.000 0.000 0.000 6.794] | 7M tok | ETA 1191.9h
Step   4410 | loss 6.1327 | lr 3.00e-04 | grad 1.88 | 0.8k tok/s | cert -5.88→-6.17 | ticks [0.000 0.000 0.000 0.000 0.000 0.000 0.000 6.366] | 7M tok | ETA 1191.9h
Step   4420 | loss 6.1121 | lr 3.00e-04 | grad 2.81 | 0.8k tok/s | cert -6.43→-6.47 | ticks [0.000 0.000 0.000 0.000 0.000 0.000 0.000 5.585] | 7M tok | ETA 1192.0h
Step   4430 | loss 6.2935 | lr 3.00e-04 | grad 1.58 | 0.8k tok/s | cert -6.91→-6.88 | ticks [0.000 0.000 0.000 0.000 0.000 0.000 0.000 6.546] | 7M tok | ETA 1192.1h
Step   4440 | loss 6.4925 | lr 3.00e-04 | grad 1.70 | 0.8k tok/s | cert -6.05→-6.25 | ticks [0.000 0.000 0.000 0.000 0.000 0.000 0.000 6.216] | 7M tok | ETA 1192.2h
Step   4450 | loss 6.3641 | lr 3.00e-04 | grad 1.73 | 0.8k tok/s | cert -5.90→-6.01 | ticks [0.000 0.000 0.000 0.000 0.000 0.000 0.000 6.106] | 7M tok | ETA 1192.3h
Step   4460 | loss 6.5234 | lr 3.00e-04 | grad 1.73 | 0.8k tok/s | cert -6.67→-6.83 | ticks [0.000 0.000 0.000 0.000 0.000 0.000 0.000 6.383] | 7M tok | ETA 1192.4h
Step   4470 | loss 6.4246 | lr 3.00e-04 | grad 2.45 | 0.8k tok/s | cert -7.29→-7.10 | ticks [0.000 0.000 0.000 0.000 0.000 0.000 0.000 6.934] | 7M tok | ETA 1192.4h
Step   4480 | loss 6.3086 | lr 3.00e-04 | grad 1.60 | 0.8k tok/s | cert -5.64→-5.81 | ticks [0.000 0.000 0.000 0.000 0.000 0.000 0.000 5.775] | 7M tok | ETA 1192.5h
Step   4490 | loss 6.3473 | lr 3.00e-04 | grad 2.97 | 0.8k tok/s | cert -6.43→-6.38 | ticks [0.000 0.000 0.000 0.000 0.000 0.000 0.000 6.435] | 7M tok | ETA 1192.6h
Step   4500 | loss 6.1947 | lr 3.00e-04 | grad 1.75 | 0.8k tok/s | cert -6.18→-6.55 | ticks [0.000 0.000 0.000 0.000 0.000 0.000 0.000 6.211] | 7M tok | ETA 1192.7h
Step   4510 | loss 6.2682 | lr 3.00e-04 | grad 1.95 | 0.8k tok/s | cert -6.55→-6.51 | ticks [0.000 0.000 0.000 0.000 0.000 0.000 0.000 6.591] | 7M tok | ETA 1192.8h
Step   4520 | loss 6.2121 | lr 3.00e-04 | grad 1.39 | 0.8k tok/s | cert -5.97→-6.24 | ticks [0.000 0.000 0.000 0.000 0.000 0.000 0.000 5.910] | 7M tok | ETA 1192.9h
Step   4530 | loss 6.1603 | lr 3.00e-04 | grad 1.91 | 0.8k tok/s | cert -5.76→-6.16 | ticks [0.000 0.000 0.000 0.000 0.000 0.000 0.000 6.250] | 7M tok | ETA 1192.9h
Step   4540 | loss 6.3464 | lr 3.00e-04 | grad 1.48 | 0.8k tok/s | cert -5.91→-6.38 | ticks [0.000 0.000 0.000 0.000 0.000 0.000 0.000 6.330] | 7M tok | ETA 1193.1h
Step   4550 | loss 6.3533 | lr 3.00e-04 | grad 1.70 | 0.8k tok/s | cert -6.44→-6.36 | ticks [0.000 0.000 0.000 0.000 0.000 0.000 0.000 6.047] | 7M tok | ETA 1193.2h
Step   4560 | loss 6.3466 | lr 3.00e-04 | grad 1.80 | 0.8k tok/s | cert -6.31→-6.65 | ticks [0.000 0.000 0.000 0.000 0.000 0.000 0.000 6.010] | 7M tok | ETA 1193.3h
Step   4570 | loss 6.1819 | lr 3.00e-04 | grad 2.23 | 0.8k tok/s | cert -6.27→-6.41 | ticks [0.000 0.000 0.000 0.000 0.000 0.000 0.000 6.023] | 7M tok | ETA 1193.4h
Step   4580 | loss 6.2627 | lr 3.00e-04 | grad 1.81 | 0.8k tok/s | cert -6.05→-6.12 | ticks [0.000 0.000 0.000 0.000 0.000 0.000 0.000 6.073] | 7M tok | ETA 1193.5h
Step   4590 | loss 6.2234 | lr 3.00e-04 | grad 1.56 | 0.8k tok/s | cert -6.55→-6.44 | ticks [0.000 0.000 0.000 0.000 0.000 0.000 0.000 6.171] | 7M tok | ETA 1193.6h
Step   4600 | loss 6.1288 | lr 3.00e-04 | grad 2.20 | 0.8k tok/s | cert -6.33→-6.51 | ticks [0.000 0.000 0.000 0.000 0.000 0.000 0.000 5.957] | 7M tok | ETA 1193.7h
Step   4610 | loss 6.2501 | lr 3.00e-04 | grad 1.52 | 0.8k tok/s | cert -6.34→-6.31 | ticks [0.000 0.000 0.000 0.000 0.000 0.000 0.000 6.239] | 7M tok | ETA 1193.8h
Step   4620 | loss 6.5038 | lr 3.00e-04 | grad 1.89 | 0.8k tok/s | cert -6.24→-6.22 | ticks [0.000 0.000 0.000 0.000 0.000 0.000 0.000 6.134] | 7M tok | ETA 1193.8h
Step   4630 | loss 6.5783 | lr 3.00e-04 | grad 2.17 | 0.8k tok/s | cert -6.72→-6.92 | ticks [0.000 0.000 0.000 0.000 0.000 0.000 0.000 6.449] | 7M tok | ETA 1193.9h
Step   4640 | loss 6.5281 | lr 3.00e-04 | grad 3.36 | 0.8k tok/s | cert -6.71→-6.91 | ticks [0.000 0.000 0.000 0.000 0.000 0.000 0.000 6.079] | 7M tok | ETA 1194.0h
Step   4650 | loss 6.1038 | lr 3.00e-04 | grad 3.12 | 0.8k tok/s | cert -6.36→-6.04 | ticks [0.000 0.000 0.000 0.000 0.000 0.000 0.000 6.359] | 7M tok | ETA 1194.1h
Step   4660 | loss 6.1757 | lr 3.00e-04 | grad 3.05 | 0.8k tok/s | cert -6.15→-5.90 | ticks [0.000 0.000 0.000 0.000 0.000 0.000 0.000 6.328] | 7M tok | ETA 1194.1h
Step   4670 | loss 6.3826 | lr 3.00e-04 | grad 2.81 | 0.8k tok/s | cert -6.93→-6.89 | ticks [0.000 0.000 0.000 0.000 0.000 0.000 0.000 6.426] | 7M tok | ETA 1194.2h
Step   4680 | loss 6.4667 | lr 3.00e-04 | grad 3.42 | 0.8k tok/s | cert -6.30→-6.65 | ticks [0.000 0.000 0.000 0.000 0.000 0.000 0.000 5.921] | 7M tok | ETA 1194.3h
Step   4690 | loss 5.8241 | lr 3.00e-04 | grad 1.79 | 0.8k tok/s | cert -6.41→-6.53 | ticks [0.000 0.000 0.000 0.000 0.000 0.000 0.000 6.005] | 7M tok | ETA 1194.4h
Step   4700 | loss 6.2323 | lr 3.00e-04 | grad 1.57 | 0.8k tok/s | cert -6.10→-6.11 | ticks [0.000 0.000 0.000 0.000 0.000 0.000 0.000 6.028] | 7M tok | ETA 1194.4h
Step   4710 | loss 6.1834 | lr 3.00e-04 | grad 1.80 | 0.8k tok/s | cert -6.53→-6.45 | ticks [0.000 0.000 0.000 0.000 0.000 0.000 0.000 6.079] | 7M tok | ETA 1194.5h
Step   4720 | loss 6.1981 | lr 3.00e-04 | grad 2.95 | 0.8k tok/s | cert -6.37→-6.62 | ticks [0.000 0.000 0.000 0.000 0.000 0.000 0.000 6.131] | 7M tok | ETA 1194.6h
Step   4730 | loss 6.1285 | lr 3.00e-04 | grad 1.85 | 0.8k tok/s | cert -6.31→-6.00 | ticks [0.000 0.000 0.000 0.000 0.000 0.000 0.000 5.965] | 7M tok | ETA 1194.6h
Step   4740 | loss 6.3399 | lr 3.00e-04 | grad 2.56 | 0.8k tok/s | cert -6.61→-6.42 | ticks [0.000 0.000 0.000 0.000 0.000 0.000 0.000 6.750] | 7M tok | ETA 1194.7h
Step   4750 | loss 6.3929 | lr 3.00e-04 | grad 2.62 | 0.8k tok/s | cert -6.84→-6.81 | ticks [0.000 0.000 0.000 0.000 0.000 0.000 0.000 6.318] | 7M tok | ETA 1194.8h
Step   4760 | loss 6.4465 | lr 3.00e-04 | grad 3.09 | 0.8k tok/s | cert -6.79→-6.93 | ticks [0.000 0.000 0.000 0.000 0.000 0.000 0.000 6.301] | 7M tok | ETA 1194.9h
Step   4770 | loss 6.3181 | lr 3.00e-04 | grad 1.88 | 0.8k tok/s | cert -6.04→-5.92 | ticks [0.000 0.000 0.000 0.000 0.000 0.000 0.000 5.929] | 7M tok | ETA 1194.9h
Step   4780 | loss 6.0836 | lr 3.00e-04 | grad 1.45 | 0.8k tok/s | cert -5.35→-5.53 | ticks [0.000 0.000 0.000 0.000 0.000 0.000 0.000 5.483] | 7M tok | ETA 1195.0h
Step   4790 | loss 6.1402 | lr 3.00e-04 | grad 2.11 | 0.8k tok/s | cert -7.10→-6.93 | ticks [0.000 0.000 0.000 0.000 0.000 0.000 0.000 6.373] | 7M tok | ETA 1195.1h
Step   4800 | loss 6.1205 | lr 3.00e-04 | grad 2.44 | 0.8k tok/s | cert -6.46→-6.49 | ticks [0.000 0.000 0.000 0.000 0.000 0.000 0.000 5.890] | 7M tok | ETA 1195.1h
Step   4810 | loss 6.1560 | lr 3.00e-04 | grad 2.09 | 0.8k tok/s | cert -6.18→-6.06 | ticks [0.000 0.000 0.000 0.000 0.000 0.000 0.000 6.374] | 7M tok | ETA 1195.2h
Step   4820 | loss 6.3961 | lr 3.00e-04 | grad 1.64 | 0.8k tok/s | cert -6.70→-6.81 | ticks [0.000 0.000 0.000 0.000 0.000 0.000 0.000 6.544] | 7M tok | ETA 1195.5h
Step   4830 | loss 6.0472 | lr 3.00e-04 | grad 2.00 | 0.8k tok/s | cert -6.88→-6.86 | ticks [0.000 0.000 0.000 0.000 0.000 0.000 0.000 6.308] | 7M tok | ETA 1195.7h
Step   4840 | loss 6.1646 | lr 3.00e-04 | grad 2.78 | 0.8k tok/s | cert -6.19→-6.13 | ticks [0.000 0.000 0.000 0.000 0.000 0.000 0.000 6.408] | 7M tok | ETA 1195.8h
Step   4850 | loss 6.2778 | lr 3.00e-04 | grad 2.84 | 0.9k tok/s | cert -6.02→-6.13 | ticks [0.000 0.000 0.000 0.000 0.000 0.000 0.000 6.482] | 7M tok | ETA 1195.9h
Step   4860 | loss 6.1566 | lr 3.00e-04 | grad 1.56 | 0.9k tok/s | cert -6.08→-6.42 | ticks [0.000 0.000 0.000 0.000 0.000 0.000 0.000 6.231] | 7M tok | ETA 1195.9h
Step   4870 | loss 6.2361 | lr 3.00e-04 | grad 1.72 | 0.9k tok/s | cert -6.50→-6.75 | ticks [0.000 0.000 0.000 0.000 0.000 0.000 0.000 6.683] | 7M tok | ETA 1195.9h
Step   4880 | loss 6.2279 | lr 3.00e-04 | grad 2.17 | 0.9k tok/s | cert -5.63→-5.79 | ticks [0.000 0.000 0.000 0.000 0.000 0.000 0.000 6.143] | 7M tok | ETA 1196.0h
Step   4890 | loss 6.2258 | lr 3.00e-04 | grad 2.05 | 0.8k tok/s | cert -7.21→-7.24 | ticks [0.000 0.000 0.000 0.000 0.000 0.000 0.000 6.587] | 8M tok | ETA 1196.1h
Step   4900 | loss 6.4868 | lr 3.00e-04 | grad 2.77 | 0.8k tok/s | cert -7.24→-7.49 | ticks [0.000 0.000 0.000 0.000 0.000 0.000 0.000 7.166] | 8M tok | ETA 1196.3h
Step   4910 | loss 6.2837 | lr 3.00e-04 | grad 4.22 | 0.8k tok/s | cert -6.11→-6.25 | ticks [0.000 0.000 0.000 0.000 0.000 0.000 0.000 6.867] | 8M tok | ETA 1196.5h
Step   4920 | loss 6.3477 | lr 3.00e-04 | grad 1.69 | 0.8k tok/s | cert -6.04→-6.20 | ticks [0.000 0.000 0.000 0.000 0.000 0.000 0.000 6.166] | 8M tok | ETA 1196.7h
Step   4930 | loss 6.2488 | lr 3.00e-04 | grad 1.98 | 0.8k tok/s | cert -6.32→-6.63 | ticks [0.000 0.000 0.000 0.000 0.000 0.000 0.000 6.149] | 8M tok | ETA 1196.8h
Step   4940 | loss 6.4057 | lr 3.00e-04 | grad 1.93 | 0.8k tok/s | cert -6.74→-6.81 | ticks [0.000 0.000 0.000 0.000 0.000 0.000 0.000 6.417] | 8M tok | ETA 1196.9h
Step   4950 | loss 6.2222 | lr 3.00e-04 | grad 2.41 | 0.8k tok/s | cert -5.89→-6.11 | ticks [0.000 0.000 0.000 0.000 0.000 0.000 0.000 6.203] | 8M tok | ETA 1197.0h
Step   4960 | loss 6.2795 | lr 3.00e-04 | grad 2.05 | 0.8k tok/s | cert -5.99→-6.25 | ticks [0.000 0.000 0.000 0.000 0.000 0.000 0.000 6.489] | 8M tok | ETA 1197.1h
Step   4970 | loss 6.1239 | lr 3.00e-04 | grad 2.41 | 0.8k tok/s | cert -6.20→-6.52 | ticks [0.000 0.000 0.000 0.000 0.000 0.000 0.000 5.918] | 8M tok | ETA 1197.2h
Step   4980 | loss 6.2528 | lr 3.00e-04 | grad 1.39 | 0.8k tok/s | cert -5.58→-5.92 | ticks [0.000 0.000 0.000 0.000 0.000 0.000 0.000 5.827] | 8M tok | ETA 1197.3h
Step   4990 | loss 6.3903 | lr 3.00e-04 | grad 3.69 | 0.8k tok/s | cert -5.96→-5.90 | ticks [0.000 0.000 0.000 0.000 0.000 0.000 0.000 6.605] | 8M tok | ETA 1197.4h
Step   5000 | loss 6.1133 | lr 3.00e-04 | grad 2.02 | 0.8k tok/s | cert -6.77→-6.61 | ticks [0.000 0.000 0.000 0.000 0.000 0.000 0.000 5.851] | 8M tok | ETA 1197.5h
'[Errno 9] Bad file descriptor' thrown while requesting GET https://huggingface.co/datasets/HuggingFaceFW/fineweb-edu/resolve/87f09149ef4734204d70ed1d046ddc9ca3f2b8f9/sample/10BT/000_00000.parquet

  >>> Eval loss: 6.8431 (best: inf)
  >>> Saved best checkpoint at step 5000
  >>> Sample: 'The most important thing to understand about science is' → ' the same, the use of an increase in the same thing.
The only been a long-term care and of the "to make their community. The new problem is that is the true that it was a popular culture, and one'

Step   5010 | loss 6.2104 | lr 3.00e-04 | grad 2.94 | 0.8k tok/s | cert -6.72→-6.86 | ticks [0.000 0.000 0.000 0.000 0.000 0.000 0.000 6.018] | 8M tok | ETA 1209.5h
Step   5020 | loss 6.2853 | lr 3.00e-04 | grad 1.62 | 0.8k tok/s | cert -5.87→-6.05 | ticks [0.000 0.000 0.000 0.000 0.000 0.000 0.000 6.048] | 8M tok | ETA 1209.5h
Step   5030 | loss 6.4393 | lr 3.00e-04 | grad 2.09 | 0.8k tok/s | cert -5.82→-6.11 | ticks [0.000 0.000 0.000 0.000 0.000 0.000 0.000 6.278] | 8M tok | ETA 1209.6h
Step   5040 | loss 6.4482 | lr 3.00e-04 | grad 2.72 | 0.8k tok/s | cert -6.34→-6.89 | ticks [0.000 0.000 0.000 0.000 0.000 0.000 0.000 6.127] | 8M tok | ETA 1209.7h
Step   5050 | loss 6.4534 | lr 3.00e-04 | grad 1.68 | 0.8k tok/s | cert -6.24→-6.63 | ticks [0.000 0.000 0.000 0.000 0.000 0.000 0.000 6.528] | 8M tok | ETA 1209.9h
Step   5060 | loss 6.4135 | lr 3.00e-04 | grad 2.39 | 0.8k tok/s | cert -5.87→-6.06 | ticks [0.000 0.000 0.000 0.000 0.000 0.000 0.000 6.240] | 8M tok | ETA 1210.1h
Step   5070 | loss 6.3691 | lr 3.00e-04 | grad 1.85 | 0.8k tok/s | cert -6.62→-6.76 | ticks [0.000 0.000 0.000 0.000 0.000 0.000 0.000 6.307] | 8M tok | ETA 1210.2h
Step   5080 | loss 6.2307 | lr 3.00e-04 | grad 2.12 | 0.8k tok/s | cert -6.60→-6.64 | ticks [0.000 0.000 0.000 0.000 0.000 0.000 0.000 5.990] | 8M tok | ETA 1210.4h
Step   5090 | loss 6.4187 | lr 3.00e-04 | grad 1.85 | 0.8k tok/s | cert -5.91→-6.11 | ticks [0.000 0.000 0.000 0.000 0.000 0.000 0.000 6.213] | 8M tok | ETA 1210.4h
Step   5100 | loss 6.3552 | lr 3.00e-04 | grad 2.19 | 0.8k tok/s | cert -6.20→-6.43 | ticks [0.000 0.000 0.000 0.000 0.000 0.000 0.000 6.525] | 8M tok | ETA 1210.5h
Step   5110 | loss 6.2579 | lr 3.00e-04 | grad 2.33 | 0.8k tok/s | cert -6.77→-6.94 | ticks [0.000 0.000 0.000 0.000 0.000 0.000 0.000 6.564] | 8M tok | ETA 1210.6h
Step   5120 | loss 6.1290 | lr 3.00e-04 | grad 1.93 | 0.8k tok/s | cert -6.10→-6.37 | ticks [0.000 0.000 0.000 0.000 0.000 0.000 0.000 6.168] | 8M tok | ETA 1210.7h
Step   5130 | loss 6.0878 | lr 3.00e-04 | grad 3.42 | 0.8k tok/s | cert -6.26→-6.38 | ticks [0.000 0.000 0.000 0.000 0.000 0.000 0.000 6.575] | 8M tok | ETA 1210.8h
Step   5140 | loss 6.1924 | lr 3.00e-04 | grad 4.91 | 0.8k tok/s | cert -6.20→-6.20 | ticks [0.000 0.000 0.000 0.000 0.000 0.000 0.000 6.718] | 8M tok | ETA 1210.9h
Step   5150 | loss 5.9629 | lr 3.00e-04 | grad 1.62 | 0.8k tok/s | cert -5.90→-6.14 | ticks [0.000 0.000 0.000 0.000 0.000 0.000 0.000 6.191] | 8M tok | ETA 1210.9h
Step   5160 | loss 6.2370 | lr 3.00e-04 | grad 2.03 | 0.8k tok/s | cert -6.08→-6.62 | ticks [0.000 0.000 0.000 0.000 0.000 0.000 0.000 6.061] | 8M tok | ETA 1211.0h
Step   5170 | loss 6.2206 | lr 3.00e-04 | grad 1.67 | 0.8k tok/s | cert -5.62→-6.19 | ticks [0.000 0.000 0.000 0.000 0.000 0.000 0.000 6.299] | 8M tok | ETA 1211.1h
Step   5180 | loss 6.0032 | lr 3.00e-04 | grad 1.65 | 0.8k tok/s | cert -5.14→-5.63 | ticks [0.000 0.000 0.000 0.000 0.000 0.000 0.000 5.718] | 8M tok | ETA 1211.1h
Step   5190 | loss 6.2968 | lr 3.00e-04 | grad 1.78 | 0.8k tok/s | cert -6.01→-6.48 | ticks [0.000 0.000 0.000 0.000 0.000 0.000 0.000 6.393] | 8M tok | ETA 1211.2h
Step   5200 | loss 6.2258 | lr 3.00e-04 | grad 1.77 | 0.8k tok/s | cert -6.17→-6.62 | ticks [0.000 0.000 0.000 0.000 0.000 0.000 0.000 6.265] | 8M tok | ETA 1211.3h
Step   5210 | loss 6.0883 | lr 3.00e-04 | grad 2.19 | 0.8k tok/s | cert -5.79→-6.14 | ticks [0.000 0.000 0.000 0.000 0.000 0.000 0.000 5.304] | 8M tok | ETA 1211.4h
Step   5220 | loss 6.3630 | lr 3.00e-04 | grad 3.94 | 0.8k tok/s | cert -6.60→-6.42 | ticks [0.000 0.000 0.000 0.000 0.000 0.000 0.000 7.122] | 8M tok | ETA 1211.4h
Step   5230 | loss 6.2871 | lr 3.00e-04 | grad 2.94 | 0.8k tok/s | cert -6.74→-6.69 | ticks [0.000 0.000 0.000 0.000 0.000 0.000 0.000 6.786] | 8M tok | ETA 1211.5h
Step   5240 | loss 6.0910 | lr 3.00e-04 | grad 1.75 | 0.8k tok/s | cert -6.29→-6.44 | ticks [0.000 0.000 0.000 0.000 0.000 0.000 0.000 6.173] | 8M tok | ETA 1211.6h
Step   5250 | loss 6.1070 | lr 3.00e-04 | grad 1.45 | 0.8k tok/s | cert -5.92→-6.01 | ticks [0.000 0.000 0.000 0.000 0.000 0.000 0.000 5.769] | 8M tok | ETA 1211.7h
Step   5260 | loss 6.3077 | lr 3.00e-04 | grad 3.22 | 0.8k tok/s | cert -6.25→-6.25 | ticks [0.000 0.000 0.000 0.000 0.000 0.000 0.000 6.701] | 8M tok | ETA 1211.8h
Step   5270 | loss 5.9983 | lr 3.00e-04 | grad 2.06 | 0.8k tok/s | cert -6.74→-6.58 | ticks [0.000 0.000 0.000 0.000 0.000 0.000 0.000 6.324] | 8M tok | ETA 1212.0h
Step   5280 | loss 6.1592 | lr 3.00e-04 | grad 1.72 | 0.8k tok/s | cert -6.90→-6.91 | ticks [0.000 0.000 0.000 0.000 0.000 0.000 0.000 6.483] | 8M tok | ETA 1212.1h
Step   5290 | loss 6.1847 | lr 3.00e-04 | grad 1.57 | 0.8k tok/s | cert -5.73→-5.96 | ticks [0.000 0.000 0.000 0.000 0.000 0.000 0.000 5.768] | 8M tok | ETA 1212.2h
Step   5300 | loss 6.0899 | lr 3.00e-04 | grad 1.68 | 0.8k tok/s | cert -6.06→-6.13 | ticks [0.000 0.000 0.000 0.000 0.000 0.000 0.000 5.902] | 8M tok | ETA 1212.3h
Step   5310 | loss 6.2833 | lr 3.00e-04 | grad 2.75 | 0.8k tok/s | cert -6.94→-6.85 | ticks [0.000 0.000 0.000 0.000 0.000 0.000 0.000 6.929] | 8M tok | ETA 1212.4h
Step   5320 | loss 6.0840 | lr 3.00e-04 | grad 1.41 | 0.8k tok/s | cert -6.28→-6.35 | ticks [0.000 0.000 0.000 0.000 0.000 0.000 0.000 5.983] | 8M tok | ETA 1212.4h
Step   5330 | loss 6.2342 | lr 3.00e-04 | grad 1.68 | 0.8k tok/s | cert -5.97→-6.08 | ticks [0.000 0.000 0.000 0.000 0.000 0.000 0.000 6.045] | 8M tok | ETA 1212.5h
Step   5340 | loss 6.3771 | lr 3.00e-04 | grad 1.76 | 0.8k tok/s | cert -6.48→-6.49 | ticks [0.000 0.000 0.000 0.000 0.000 0.000 0.000 6.385] | 8M tok | ETA 1212.6h
Step   5350 | loss 6.2247 | lr 3.00e-04 | grad 3.53 | 0.8k tok/s | cert -6.75→-6.95 | ticks [0.000 0.000 0.000 0.000 0.000 0.000 0.000 6.077] | 8M tok | ETA 1212.7h
Step   5360 | loss 6.1625 | lr 3.00e-04 | grad 2.23 | 0.8k tok/s | cert -6.60→-6.67 | ticks [0.000 0.000 0.000 0.000 0.000 0.000 0.000 6.062] | 8M tok | ETA 1212.8h
Step   5370 | loss 6.0374 | lr 3.00e-04 | grad 2.88 | 0.8k tok/s | cert -5.71→-5.87 | ticks [0.000 0.000 0.000 0.000 0.000 0.000 0.000 6.198] | 8M tok | ETA 1212.8h
Step   5380 | loss 6.4074 | lr 3.00e-04 | grad 1.56 | 0.8k tok/s | cert -6.47→-6.50 | ticks [0.000 0.000 0.000 0.000 0.000 0.000 0.000 6.437] | 8M tok | ETA 1212.9h
Step   5390 | loss 6.2338 | lr 3.00e-04 | grad 1.93 | 0.8k tok/s | cert -6.57→-6.80 | ticks [0.000 0.000 0.000 0.000 0.000 0.000 0.000 6.443] | 8M tok | ETA 1213.0h
Step   5400 | loss 6.1869 | lr 3.00e-04 | grad 1.57 | 0.8k tok/s | cert -6.32→-6.35 | ticks [0.000 0.000 0.000 0.000 0.000 0.000 0.000 6.221] | 8M tok | ETA 1213.1h
Step   5410 | loss 6.2299 | lr 3.00e-04 | grad 1.91 | 0.8k tok/s | cert -5.75→-5.84 | ticks [0.000 0.000 0.000 0.000 0.000 0.000 0.000 5.846] | 8M tok | ETA 1213.1h
Step   5420 | loss 6.2787 | lr 3.00e-04 | grad 1.45 | 0.8k tok/s | cert -6.18→-6.40 | ticks [0.000 0.000 0.000 0.000 0.000 0.000 0.000 6.224] | 8M tok | ETA 1213.2h
Step   5430 | loss 6.3002 | lr 3.00e-04 | grad 3.98 | 0.8k tok/s | cert -7.09→-7.38 | ticks [0.000 0.000 0.000 0.000 0.000 0.000 0.000 6.512] | 8M tok | ETA 1213.2h
Step   5440 | loss 6.3586 | lr 3.00e-04 | grad 1.80 | 0.8k tok/s | cert -6.30→-6.26 | ticks [0.000 0.000 0.000 0.000 0.000 0.000 0.000 6.157] | 8M tok | ETA 1213.3h
Step   5450 | loss 6.3492 | lr 3.00e-04 | grad 1.94 | 0.8k tok/s | cert -7.10→-6.79 | ticks [0.000 0.000 0.000 0.000 0.000 0.000 0.000 6.737] | 8M tok | ETA 1213.4h
Step   5460 | loss 6.4614 | lr 3.00e-04 | grad 1.59 | 0.8k tok/s | cert -6.33→-6.41 | ticks [0.000 0.000 0.000 0.000 0.000 0.000 0.000 6.181] | 8M tok | ETA 1213.4h
Step   5470 | loss 6.0896 | lr 3.00e-04 | grad 1.77 | 0.8k tok/s | cert -6.78→-6.97 | ticks [0.000 0.000 0.000 0.000 0.000 0.000 0.000 6.700] | 8M tok | ETA 1213.5h
Step   5480 | loss 6.1411 | lr 3.00e-04 | grad 3.02 | 0.8k tok/s | cert -6.05→-6.21 | ticks [0.000 0.000 0.000 0.000 0.000 0.000 0.000 6.620] | 8M tok | ETA 1213.6h
Step   5490 | loss 5.7974 | lr 3.00e-04 | grad 1.68 | 0.8k tok/s | cert -5.99→-5.96 | ticks [0.000 0.000 0.000 0.000 0.000 0.000 0.000 5.928] | 8M tok | ETA 1213.8h
Step   5500 | loss 6.0303 | lr 3.00e-04 | grad 1.45 | 0.8k tok/s | cert -5.82→-6.15 | ticks [0.000 0.000 0.000 0.000 0.000 0.000 0.000 6.131] | 8M tok | ETA 1214.0h
Step   5510 | loss 6.1824 | lr 3.00e-04 | grad 2.92 | 0.8k tok/s | cert -6.54→-6.74 | ticks [0.000 0.000 0.000 0.000 0.000 0.000 0.000 6.026] | 8M tok | ETA 1214.1h
Step   5520 | loss 6.1496 | lr 3.00e-04 | grad 1.44 | 0.8k tok/s | cert -6.02→-6.40 | ticks [0.000 0.000 0.000 0.000 0.000 0.000 0.000 6.291] | 8M tok | ETA 1214.2h
Step   5530 | loss 6.2873 | lr 3.00e-04 | grad 2.52 | 0.8k tok/s | cert -5.95→-6.19 | ticks [0.000 0.000 0.000 0.000 0.000 0.000 0.000 6.309] | 8M tok | ETA 1214.3h
Step   5540 | loss 6.5098 | lr 3.00e-04 | grad 1.57 | 0.8k tok/s | cert -6.21→-6.49 | ticks [0.000 0.000 0.000 0.000 0.000 0.000 0.000 6.412] | 9M tok | ETA 1214.4h
Step   5550 | loss 6.2202 | lr 3.00e-04 | grad 4.09 | 0.8k tok/s | cert -6.56→-6.96 | ticks [0.000 0.000 0.000 0.000 0.000 0.000 0.000 6.098] | 9M tok | ETA 1214.4h
Step   5560 | loss 6.3264 | lr 3.00e-04 | grad 1.86 | 0.8k tok/s | cert -6.42→-6.64 | ticks [0.000 0.000 0.000 0.000 0.000 0.000 0.000 6.281] | 9M tok | ETA 1214.5h
Step   5570 | loss 6.3056 | lr 3.00e-04 | grad 2.03 | 0.8k tok/s | cert -5.82→-6.02 | ticks [0.000 0.000 0.000 0.000 0.000 0.000 0.000 6.274] | 9M tok | ETA 1214.5h
Step   5580 | loss 6.2015 | lr 3.00e-04 | grad 2.22 | 0.8k tok/s | cert -6.44→-6.66 | ticks [0.000 0.000 0.000 0.000 0.000 0.000 0.000 6.089] | 9M tok | ETA 1214.6h
Step   5590 | loss 6.0362 | lr 3.00e-04 | grad 1.61 | 0.8k tok/s | cert -5.57→-5.97 | ticks [0.000 0.000 0.000 0.000 0.000 0.000 0.000 5.851] | 9M tok | ETA 1214.7h
Step   5600 | loss 6.0708 | lr 3.00e-04 | grad 2.44 | 0.8k tok/s | cert -6.03→-6.30 | ticks [0.000 0.000 0.000 0.000 0.000 0.000 0.000 6.445] | 9M tok | ETA 1214.8h
Step   5610 | loss 6.2737 | lr 3.00e-04 | grad 2.66 | 0.8k tok/s | cert -6.45→-6.42 | ticks [0.000 0.000 0.000 0.000 0.000 0.000 0.000 6.465] | 9M tok | ETA 1215.0h
Step   5620 | loss 6.4353 | lr 3.00e-04 | grad 2.53 | 0.8k tok/s | cert -6.35→-6.63 | ticks [0.000 0.000 0.000 0.000 0.000 0.000 0.000 5.946] | 9M tok | ETA 1215.1h
Step   5630 | loss 6.3603 | lr 3.00e-04 | grad 2.28 | 0.8k tok/s | cert -6.57→-6.65 | ticks [0.000 0.000 0.000 0.000 0.000 0.000 0.000 6.265] | 9M tok | ETA 1215.2h
Step   5640 | loss 6.1610 | lr 3.00e-04 | grad 2.02 | 0.8k tok/s | cert -6.01→-6.44 | ticks [0.000 0.000 0.000 0.000 0.000 0.000 0.000 6.220] | 9M tok | ETA 1215.3h
Step   5650 | loss 6.0581 | lr 3.00e-04 | grad 1.57 | 0.8k tok/s | cert -5.76→-6.04 | ticks [0.000 0.000 0.000 0.000 0.000 0.000 0.000 5.890] | 9M tok | ETA 1215.3h
Step   5660 | loss 6.2195 | lr 3.00e-04 | grad 1.52 | 0.8k tok/s | cert -5.82→-6.18 | ticks [0.000 0.000 0.000 0.000 0.000 0.000 0.000 5.894] | 9M tok | ETA 1215.4h
Step   5670 | loss 6.1132 | lr 3.00e-04 | grad 2.42 | 0.8k tok/s | cert -6.27→-6.53 | ticks [0.000 0.000 0.000 0.000 0.000 0.000 0.000 6.074] | 9M tok | ETA 1215.4h
Step   5680 | loss 6.1024 | lr 3.00e-04 | grad 1.51 | 0.8k tok/s | cert -6.14→-6.36 | ticks [0.000 0.000 0.000 0.000 0.000 0.000 0.000 6.149] | 9M tok | ETA 1215.5h
Step   5690 | loss 6.3053 | lr 3.00e-04 | grad 2.48 | 0.8k tok/s | cert -5.73→-5.88 | ticks [0.000 0.000 0.000 0.000 0.000 0.000 0.000 6.131] | 9M tok | ETA 1215.5h
Step   5700 | loss 6.3859 | lr 3.00e-04 | grad 1.94 | 0.8k tok/s | cert -6.68→-6.74 | ticks [0.000 0.000 0.000 0.000 0.000 0.000 0.000 6.248] | 9M tok | ETA 1215.6h
Step   5710 | loss 6.2092 | lr 3.00e-04 | grad 3.89 | 0.8k tok/s | cert -6.52→-6.98 | ticks [0.000 0.000 0.000 0.000 0.000 0.000 0.000 6.153] | 9M tok | ETA 1215.6h
Step   5720 | loss 6.2469 | lr 3.00e-04 | grad 3.39 | 0.8k tok/s | cert -6.03→-6.67 | ticks [0.000 0.000 0.000 0.000 0.000 0.000 0.000 7.104] | 9M tok | ETA 1215.7h
Step   5730 | loss 6.1150 | lr 3.00e-04 | grad 3.03 | 0.8k tok/s | cert -6.26→-6.44 | ticks [0.000 0.000 0.000 0.000 0.000 0.000 0.000 6.251] | 9M tok | ETA 1215.7h
Step   5740 | loss 6.0681 | lr 3.00e-04 | grad 1.51 | 0.9k tok/s | cert -5.85→-6.19 | ticks [0.000 0.000 0.000 0.000 0.000 0.000 0.000 6.103] | 9M tok | ETA 1215.7h
Step   5750 | loss 6.1790 | lr 3.00e-04 | grad 2.55 | 0.9k tok/s | cert -6.14→-6.51 | ticks [0.000 0.000 0.000 0.000 0.000 0.000 0.000 5.888] | 9M tok | ETA 1215.7h
Step   5760 | loss 6.3815 | lr 3.00e-04 | grad 1.96 | 0.9k tok/s | cert -6.10→-6.29 | ticks [0.000 0.000 0.000 0.000 0.000 0.000 0.000 6.245] | 9M tok | ETA 1215.7h
Step   5770 | loss 6.2666 | lr 3.00e-04 | grad 3.23 | 0.9k tok/s | cert -6.46→-6.46 | ticks [0.000 0.000 0.000 0.000 0.000 0.000 0.000 6.702] | 9M tok | ETA 1215.6h
Step   5780 | loss 6.0133 | lr 3.00e-04 | grad 3.58 | 0.9k tok/s | cert -7.04→-7.15 | ticks [0.000 0.000 0.000 0.000 0.000 0.000 0.000 6.319] | 9M tok | ETA 1215.6h
Step   5790 | loss 5.9200 | lr 3.00e-04 | grad 2.19 | 0.9k tok/s | cert -5.77→-5.99 | ticks [0.000 0.000 0.000 0.000 0.000 0.000 0.000 6.185] | 9M tok | ETA 1215.5h
Step   5800 | loss 5.9314 | lr 3.00e-04 | grad 1.64 | 0.9k tok/s | cert -6.10→-6.38 | ticks [0.000 0.000 0.000 0.000 0.000 0.000 0.000 6.314] | 9M tok | ETA 1215.5h
Step   5810 | loss 6.2280 | lr 3.00e-04 | grad 2.33 | 0.9k tok/s | cert -6.93→-6.97 | ticks [0.000 0.000 0.000 0.000 0.000 0.000 0.000 6.866] | 9M tok | ETA 1215.4h
Step   5820 | loss 6.1090 | lr 3.00e-04 | grad 2.81 | 0.9k tok/s | cert -6.53→-6.97 | ticks [0.000 0.000 0.000 0.000 0.000 0.000 0.000 6.660] | 9M tok | ETA 1215.4h
Step   5830 | loss 6.1129 | lr 3.00e-04 | grad 2.33 | 0.9k tok/s | cert -5.64→-5.96 | ticks [0.000 0.000 0.000 0.000 0.000 0.000 0.000 6.246] | 9M tok | ETA 1215.4h
Step   5840 | loss 6.0905 | lr 3.00e-04 | grad 2.19 | 0.9k tok/s | cert -5.45→-5.75 | ticks [0.000 0.000 0.000 0.000 0.000 0.000 0.000 6.194] | 9M tok | ETA 1215.3h
Step   5850 | loss 6.1299 | lr 3.00e-04 | grad 1.88 | 0.9k tok/s | cert -6.30→-6.60 | ticks [0.000 0.000 0.000 0.000 0.000 0.000 0.000 6.335] | 9M tok | ETA 1215.3h
Step   5860 | loss 6.2493 | lr 3.00e-04 | grad 1.77 | 0.9k tok/s | cert -6.33→-6.73 | ticks [0.000 0.000 0.000 0.000 0.000 0.000 0.000 6.313] | 9M tok | ETA 1215.3h
Step   5870 | loss 6.3895 | lr 3.00e-04 | grad 2.89 | 0.9k tok/s | cert -5.89→-6.03 | ticks [0.000 0.000 0.000 0.000 0.000 0.000 0.000 6.353] | 9M tok | ETA 1215.4h
Step   5880 | loss 6.3675 | lr 3.00e-04 | grad 1.77 | 0.9k tok/s | cert -6.73→-6.63 | ticks [0.000 0.000 0.000 0.000 0.000 0.000 0.000 6.271] | 9M tok | ETA 1215.3h
Step   5890 | loss 6.2143 | lr 3.00e-04 | grad 1.99 | 0.9k tok/s | cert -6.28→-6.73 | ticks [0.000 0.000 0.000 0.000 0.000 0.000 0.000 6.382] | 9M tok | ETA 1215.3h
Step   5900 | loss 6.0850 | lr 3.00e-04 | grad 1.47 | 0.9k tok/s | cert -6.23→-6.39 | ticks [0.000 0.000 0.000 0.000 0.000 0.000 0.000 6.428] | 9M tok | ETA 1215.2h
Step   5910 | loss 6.1499 | lr 3.00e-04 | grad 2.08 | 0.9k tok/s | cert -6.14→-5.99 | ticks [0.000 0.000 0.000 0.000 0.000 0.000 0.000 5.845] | 9M tok | ETA 1215.2h
Step   5920 | loss 6.1793 | lr 3.00e-04 | grad 1.62 | 0.9k tok/s | cert -6.20→-6.26 | ticks [0.000 0.000 0.000 0.000 0.000 0.000 0.000 5.942] | 9M tok | ETA 1215.1h
Step   5930 | loss 6.2109 | lr 3.00e-04 | grad 3.17 | 0.9k tok/s | cert -6.94→-7.07 | ticks [0.000 0.000 0.000 0.000 0.000 0.000 0.000 6.189] | 9M tok | ETA 1215.1h
Step   5940 | loss 6.4166 | lr 3.00e-04 | grad 4.06 | 0.9k tok/s | cert -7.41→-7.54 | ticks [0.000 0.000 0.000 0.000 0.000 0.000 0.000 6.739] | 9M tok | ETA 1215.0h
Step   5950 | loss 6.0127 | lr 3.00e-04 | grad 2.08 | 0.9k tok/s | cert -6.10→-6.19 | ticks [0.000 0.000 0.000 0.000 0.000 0.000 0.000 6.149] | 9M tok | ETA 1215.0h
Step   5960 | loss 6.2757 | lr 3.00e-04 | grad 2.53 | 0.9k tok/s | cert -5.87→-5.99 | ticks [0.000 0.000 0.000 0.000 0.000 0.000 0.000 6.265] | 9M tok | ETA 1214.9h
Step   5970 | loss 6.1187 | lr 3.00e-04 | grad 1.68 | 0.9k tok/s | cert -6.46→-6.67 | ticks [0.000 0.000 0.000 0.000 0.000 0.000 0.000 6.405] | 9M tok | ETA 1214.9h
Step   5980 | loss 6.0395 | lr 3.00e-04 | grad 2.84 | 0.9k tok/s | cert -6.16→-6.47 | ticks [0.000 0.000 0.000 0.000 0.000 0.000 0.000 5.636] | 9M tok | ETA 1214.8h
Step   5990 | loss 6.1120 | lr 3.00e-04 | grad 2.38 | 0.9k tok/s | cert -5.85→-5.96 | ticks [0.000 0.000 0.000 0.000 0.000 0.000 0.000 6.020] | 9M tok | ETA 1214.8h
Step   6000 | loss 6.2028 | lr 3.00e-04 | grad 1.60 | 0.9k tok/s | cert -5.97→-6.15 | ticks [0.000 0.000 0.000 0.000 0.000 0.000 0.000 5.946] | 9M tok | ETA 1214.8h
Step   6010 | loss 6.0592 | lr 3.00e-04 | grad 2.47 | 0.9k tok/s | cert -6.31→-6.54 | ticks [0.000 0.000 0.000 0.000 0.000 0.000 0.000 5.944] | 9M tok | ETA 1214.8h
Step   6020 | loss 6.1317 | lr 3.00e-04 | grad 1.39 | 0.9k tok/s | cert -5.60→-5.84 | ticks [0.000 0.000 0.000 0.000 0.000 0.000 0.000 5.890] | 9M tok | ETA 1214.8h
Step   6030 | loss 6.3074 | lr 3.00e-04 | grad 4.22 | 0.9k tok/s | cert -6.91→-6.94 | ticks [0.000 0.000 0.000 0.000 0.000 0.000 0.000 7.816] | 9M tok | ETA 1214.8h
Step   6040 | loss 6.1728 | lr 3.00e-04 | grad 2.42 | 0.9k tok/s | cert -6.31→-6.52 | ticks [0.000 0.000 0.000 0.000 0.000 0.000 0.000 6.644] | 9M tok | ETA 1214.7h
Step   6050 | loss 6.1035 | lr 3.00e-04 | grad 3.14 | 0.9k tok/s | cert -6.53→-6.77 | ticks [0.000 0.000 0.000 0.000 0.000 0.000 0.000 5.917] | 9M tok | ETA 1214.7h
Step   6060 | loss 6.0103 | lr 3.00e-04 | grad 1.50 | 0.9k tok/s | cert -6.33→-6.48 | ticks [0.000 0.000 0.000 0.000 0.000 0.000 0.000 6.074] | 9M tok | ETA 1214.7h
Step   6070 | loss 6.1520 | lr 3.00e-04 | grad 1.81 | 0.9k tok/s | cert -5.83→-5.93 | ticks [0.000 0.000 0.000 0.000 0.000 0.000 0.000 5.900] | 9M tok | ETA 1214.7h
Step   6080 | loss 6.0533 | lr 3.00e-04 | grad 1.72 | 0.9k tok/s | cert -6.38→-6.53 | ticks [0.000 0.000 0.000 0.000 0.000 0.000 0.000 6.405] | 9M tok | ETA 1214.7h
Step   6090 | loss 6.1254 | lr 3.00e-04 | grad 1.87 | 0.9k tok/s | cert -6.49→-6.59 | ticks [0.000 0.000 0.000 0.000 0.000 0.000 0.000 5.952] | 9M tok | ETA 1214.7h
Step   6100 | loss 6.1828 | lr 3.00e-04 | grad 2.22 | 0.8k tok/s | cert -5.39→-5.63 | ticks [0.000 0.000 0.000 0.000 0.000 0.000 0.000 6.223] | 9M tok | ETA 1214.7h
Step   6110 | loss 6.1119 | lr 3.00e-04 | grad 2.14 | 0.8k tok/s | cert -6.34→-6.46 | ticks [0.000 0.000 0.000 0.000 0.000 0.000 0.000 6.008] | 9M tok | ETA 1214.7h
Step   6120 | loss 6.2601 | lr 3.00e-04 | grad 1.45 | 0.8k tok/s | cert -6.26→-6.47 | ticks [0.000 0.000 0.000 0.000 0.000 0.000 0.000 6.205] | 9M tok | ETA 1214.8h
Step   6130 | loss 6.2309 | lr 3.00e-04 | grad 3.31 | 0.8k tok/s | cert -6.21→-6.64 | ticks [0.000 0.000 0.000 0.000 0.000 0.000 0.000 5.845] | 9M tok | ETA 1214.8h
Step   6140 | loss 6.1415 | lr 3.00e-04 | grad 1.47 | 0.8k tok/s | cert -5.74→-5.92 | ticks [0.000 0.000 0.000 0.000 0.000 0.000 0.000 5.712] | 9M tok | ETA 1214.9h
Step   6150 | loss 6.1773 | lr 3.00e-04 | grad 1.76 | 0.8k tok/s | cert -5.79→-5.86 | ticks [0.000 0.000 0.000 0.000 0.000 0.000 0.000 5.662] | 9M tok | ETA 1214.9h
Step   6160 | loss 6.2154 | lr 3.00e-04 | grad 1.37 | 0.8k tok/s | cert -6.27→-6.47 | ticks [0.000 0.000 0.000 0.000 0.000 0.000 0.000 6.185] | 9M tok | ETA 1215.0h
Step   6170 | loss 6.3429 | lr 3.00e-04 | grad 2.48 | 0.9k tok/s | cert -7.01→-7.09 | ticks [0.000 0.000 0.000 0.000 0.000 0.000 0.000 6.688] | 9M tok | ETA 1215.0h
Step   6180 | loss 6.1531 | lr 3.00e-04 | grad 1.50 | 0.9k tok/s | cert -5.99→-6.16 | ticks [0.000 0.000 0.000 0.000 0.000 0.000 0.000 5.986] | 9M tok | ETA 1215.0h
Step   6190 | loss 6.3645 | lr 3.00e-04 | grad 1.57 | 0.8k tok/s | cert -5.97→-6.07 | ticks [0.000 0.000 0.000 0.000 0.000 0.000 0.000 5.991] | 10M tok | ETA 1215.0h
Step   6200 | loss 6.0671 | lr 3.00e-04 | grad 1.89 | 0.8k tok/s | cert -6.48→-6.55 | ticks [0.000 0.000 0.000 0.000 0.000 0.000 0.000 6.090] | 10M tok | ETA 1215.0h
Step   6210 | loss 6.2240 | lr 3.00e-04 | grad 1.74 | 0.8k tok/s | cert -6.23→-6.43 | ticks [0.000 0.000 0.000 0.000 0.000 0.000 0.000 5.987] | 10M tok | ETA 1215.1h
Step   6220 | loss 6.0856 | lr 3.00e-04 | grad 1.62 | 0.9k tok/s | cert -5.41→-5.75 | ticks [0.000 0.000 0.000 0.000 0.000 0.000 0.000 5.566] | 10M tok | ETA 1215.1h
Step   6230 | loss 6.0798 | lr 3.00e-04 | grad 1.77 | 0.8k tok/s | cert -5.79→-5.98 | ticks [0.000 0.000 0.000 0.000 0.000 0.000 0.000 5.980] | 10M tok | ETA 1215.1h
Step   6240 | loss 6.2679 | lr 3.00e-04 | grad 2.36 | 0.9k tok/s | cert -6.56→-6.78 | ticks [0.000 0.000 0.000 0.000 0.000 0.000 0.000 6.150] | 10M tok | ETA 1215.1h
Step   6250 | loss 6.0623 | lr 3.00e-04 | grad 1.90 | 0.8k tok/s | cert -6.60→-6.70 | ticks [0.000 0.000 0.000 0.000 0.000 0.000 0.000 6.196] | 10M tok | ETA 1215.1h
Step   6260 | loss 6.0271 | lr 3.00e-04 | grad 1.98 | 0.8k tok/s | cert -5.91→-5.89 | ticks [0.000 0.000 0.000 0.000 0.000 0.000 0.000 5.692] | 10M tok | ETA 1215.2h
Step   6270 | loss 5.8787 | lr 3.00e-04 | grad 2.27 | 0.8k tok/s | cert -5.42→-5.64 | ticks [0.000 0.000 0.000 0.000 0.000 0.000 0.000 5.596] | 10M tok | ETA 1215.3h
Step   6280 | loss 6.0192 | lr 3.00e-04 | grad 1.62 | 0.8k tok/s | cert -6.35→-6.39 | ticks [0.000 0.000 0.000 0.000 0.000 0.000 0.000 6.332] | 10M tok | ETA 1215.4h
Step   6290 | loss 6.4637 | lr 3.00e-04 | grad 2.48 | 0.8k tok/s | cert -7.02→-7.05 | ticks [0.000 0.000 0.000 0.000 0.000 0.000 0.000 6.472] | 10M tok | ETA 1215.5h
Step   6300 | loss 5.9919 | lr 3.00e-04 | grad 1.77 | 0.8k tok/s | cert -6.57→-6.76 | ticks [0.000 0.000 0.000 0.000 0.000 0.000 0.000 6.684] | 10M tok | ETA 1215.5h
Step   6310 | loss 6.0791 | lr 3.00e-04 | grad 2.88 | 0.8k tok/s | cert -6.21→-6.29 | ticks [0.000 0.000 0.000 0.000 0.000 0.000 0.000 6.424] | 10M tok | ETA 1215.6h
Step   6320 | loss 6.0697 | lr 3.00e-04 | grad 1.32 | 0.9k tok/s | cert -6.14→-6.21 | ticks [0.000 0.000 0.000 0.000 0.000 0.000 0.000 5.872] | 10M tok | ETA 1215.6h
Step   6330 | loss 6.6171 | lr 3.00e-04 | grad 2.77 | 0.9k tok/s | cert -6.72→-6.88 | ticks [0.000 0.000 0.000 0.000 0.000 0.000 0.000 6.316] | 10M tok | ETA 1215.6h
Step   6340 | loss 6.6106 | lr 3.00e-04 | grad 2.27 | 0.9k tok/s | cert -6.62→-6.78 | ticks [0.000 0.000 0.000 0.000 0.000 0.000 0.000 6.318] | 10M tok | ETA 1215.6h
Step   6350 | loss 6.4398 | lr 3.00e-04 | grad 2.61 | 0.9k tok/s | cert -6.66→-6.81 | ticks [0.000 0.000 0.000 0.000 0.000 0.000 0.000 6.680] | 10M tok | ETA 1215.6h
Step   6360 | loss 6.3972 | lr 3.00e-04 | grad 2.42 | 0.9k tok/s | cert -5.98→-6.05 | ticks [0.000 0.000 0.000 0.000 0.000 0.000 0.000 6.317] | 10M tok | ETA 1215.6h
Step   6370 | loss 6.2526 | lr 3.00e-04 | grad 1.84 | 0.9k tok/s | cert -6.51→-6.66 | ticks [0.000 0.000 0.000 0.000 0.000 0.000 0.000 6.461] | 10M tok | ETA 1215.6h
Step   6380 | loss 6.1400 | lr 3.00e-04 | grad 3.45 | 0.9k tok/s | cert -6.57→-6.96 | ticks [0.000 0.000 0.000 0.000 0.000 0.000 0.000 6.220] | 10M tok | ETA 1215.6h
Step   6390 | loss 6.2288 | lr 3.00e-04 | grad 1.45 | 0.9k tok/s | cert -5.93→-6.15 | ticks [0.000 0.000 0.000 0.000 0.000 0.000 0.000 5.896] | 10M tok | ETA 1215.6h
Step   6400 | loss 5.8699 | lr 3.00e-04 | grad 1.77 | 0.9k tok/s | cert -5.84→-5.91 | ticks [0.000 0.000 0.000 0.000 0.000 0.000 0.000 5.978] | 10M tok | ETA 1215.6h
Step   6410 | loss 6.0642 | lr 3.00e-04 | grad 2.56 | 0.9k tok/s | cert -6.64→-6.57 | ticks [0.000 0.000 0.000 0.000 0.000 0.000 0.000 6.550] | 10M tok | ETA 1215.6h
Step   6420 | loss 6.1100 | lr 3.00e-04 | grad 2.64 | 0.9k tok/s | cert -6.79→-6.64 | ticks [0.000 0.000 0.000 0.000 0.000 0.000 0.000 5.854] | 10M tok | ETA 1215.6h
Step   6430 | loss 5.9982 | lr 3.00e-04 | grad 2.31 | 0.8k tok/s | cert -6.45→-6.39 | ticks [0.000 0.000 0.000 0.000 0.000 0.000 0.000 6.173] | 10M tok | ETA 1215.6h
Step   6440 | loss 6.1323 | lr 3.00e-04 | grad 2.16 | 0.8k tok/s | cert -6.13→-6.00 | ticks [0.000 0.000 0.000 0.000 0.000 0.000 0.000 6.099] | 10M tok | ETA 1215.6h
Step   6450 | loss 6.0839 | lr 3.00e-04 | grad 3.47 | 0.8k tok/s | cert -6.63→-6.48 | ticks [0.000 0.000 0.000 0.000 0.000 0.000 0.000 6.213] | 10M tok | ETA 1215.7h
Step   6460 | loss 6.2568 | lr 3.00e-04 | grad 1.62 | 0.8k tok/s | cert -6.56→-6.68 | ticks [0.000 0.000 0.000 0.000 0.000 0.000 0.000 6.297] | 10M tok | ETA 1215.7h
Step   6470 | loss 6.0911 | lr 3.00e-04 | grad 1.74 | 0.8k tok/s | cert -6.26→-6.32 | ticks [0.000 0.000 0.000 0.000 0.000 0.000 0.000 6.029] | 10M tok | ETA 1215.8h
Step   6480 | loss 6.3490 | lr 3.00e-04 | grad 4.38 | 0.8k tok/s | cert -6.41→-6.27 | ticks [0.000 0.000 0.000 0.000 0.000 0.000 0.000 6.930] | 10M tok | ETA 1215.8h
Step   6490 | loss 6.0309 | lr 3.00e-04 | grad 1.34 | 0.8k tok/s | cert -5.66→-5.73 | ticks [0.000 0.000 0.000 0.000 0.000 0.000 0.000 5.551] | 10M tok | ETA 1215.9h
Step   6500 | loss 6.1040 | lr 3.00e-04 | grad 1.72 | 0.8k tok/s | cert -6.30→-6.45 | ticks [0.000 0.000 0.000 0.000 0.000 0.000 0.000 5.865] | 10M tok | ETA 1215.9h
Step   6510 | loss 5.9872 | lr 3.00e-04 | grad 1.88 | 0.8k tok/s | cert -6.59→-6.76 | ticks [0.000 0.000 0.000 0.000 0.000 0.000 0.000 6.540] | 10M tok | ETA 1216.0h
Step   6520 | loss 6.2436 | lr 3.00e-04 | grad 1.66 | 0.8k tok/s | cert -5.88→-6.01 | ticks [0.000 0.000 0.000 0.000 0.000 0.000 0.000 6.094] | 10M tok | ETA 1216.0h
Step   6530 | loss 5.9852 | lr 3.00e-04 | grad 1.68 | 0.8k tok/s | cert -6.24→-6.24 | ticks [0.000 0.000 0.000 0.000 0.000 0.000 0.000 5.814] | 10M tok | ETA 1216.0h
Step   6540 | loss 6.1883 | lr 3.00e-04 | grad 1.95 | 0.8k tok/s | cert -6.81→-6.68 | ticks [0.000 0.000 0.000 0.000 0.000 0.000 0.000 6.266] | 10M tok | ETA 1216.1h
Step   6550 | loss 6.0492 | lr 3.00e-04 | grad 1.59 | 0.8k tok/s | cert -6.26→-6.34 | ticks [0.000 0.000 0.000 0.000 0.000 0.000 0.000 6.148] | 10M tok | ETA 1216.1h
Step   6560 | loss 6.0432 | lr 3.00e-04 | grad 1.90 | 0.8k tok/s | cert -5.86→-6.02 | ticks [0.000 0.000 0.000 0.000 0.000 0.000 0.000 6.102] | 10M tok | ETA 1216.2h
Step   6570 | loss 6.3265 | lr 3.00e-04 | grad 1.34 | 0.8k tok/s | cert -6.16→-6.27 | ticks [0.000 0.000 0.000 0.000 0.000 0.000 0.000 6.059] | 10M tok | ETA 1216.2h
Step   6580 | loss 6.0675 | lr 3.00e-04 | grad 1.64 | 0.8k tok/s | cert -6.28→-6.38 | ticks [0.000 0.000 0.000 0.000 0.000 0.000 0.000 6.076] | 10M tok | ETA 1216.2h
Step   6590 | loss 6.1156 | lr 3.00e-04 | grad 2.03 | 0.8k tok/s | cert -6.05→-6.02 | ticks [0.000 0.000 0.000 0.000 0.000 0.000 0.000 6.142] | 10M tok | ETA 1216.2h
Step   6600 | loss 6.0512 | lr 3.00e-04 | grad 2.69 | 0.8k tok/s | cert -5.91→-5.93 | ticks [0.000 0.000 0.000 0.000 0.000 0.000 0.000 6.120] | 10M tok | ETA 1216.3h
Step   6610 | loss 6.1404 | lr 3.00e-04 | grad 2.81 | 0.8k tok/s | cert -6.25→-6.17 | ticks [0.000 0.000 0.000 0.000 0.000 0.000 0.000 6.297] | 10M tok | ETA 1216.3h
Step   6620 | loss 6.2030 | lr 3.00e-04 | grad 1.62 | 0.8k tok/s | cert -6.49→-6.52 | ticks [0.000 0.000 0.000 0.000 0.000 0.000 0.000 6.351] | 10M tok | ETA 1216.4h
Step   6630 | loss 6.1051 | lr 3.00e-04 | grad 2.48 | 0.8k tok/s | cert -6.36→-6.37 | ticks [0.000 0.000 0.000 0.000 0.000 0.000 0.000 5.707] | 10M tok | ETA 1216.4h
Step   6640 | loss 6.0207 | lr 3.00e-04 | grad 1.91 | 0.8k tok/s | cert -6.60→-6.52 | ticks [0.000 0.000 0.000 0.000 0.000 0.000 0.000 6.211] | 10M tok | ETA 1216.5h
Step   6650 | loss 6.0831 | lr 3.00e-04 | grad 1.27 | 0.8k tok/s | cert -5.74→-5.90 | ticks [0.000 0.000 0.000 0.000 0.000 0.000 0.000 5.742] | 10M tok | ETA 1216.6h
Step   6660 | loss 6.3587 | lr 3.00e-04 | grad 2.08 | 0.8k tok/s | cert -6.29→-6.63 | ticks [0.000 0.000 0.000 0.000 0.000 0.000 0.000 6.134] | 10M tok | ETA 1216.6h
Step   6670 | loss 6.3509 | lr 3.00e-04 | grad 3.23 | 0.8k tok/s | cert -6.63→-7.03 | ticks [0.000 0.000 0.000 0.000 0.000 0.000 0.000 6.750] | 10M tok | ETA 1216.7h
Step   6680 | loss 6.2442 | lr 3.00e-04 | grad 1.98 | 0.8k tok/s | cert -5.77→-5.70 | ticks [0.000 0.000 0.000 0.000 0.000 0.000 0.000 5.804] | 10M tok | ETA 1216.7h
Step   6690 | loss 6.1524 | lr 3.00e-04 | grad 2.77 | 0.8k tok/s | cert -5.99→-5.94 | ticks [0.000 0.000 0.000 0.000 0.000 0.000 0.000 6.271] | 10M tok | ETA 1216.7h
Step   6700 | loss 6.3527 | lr 3.00e-04 | grad 1.88 | 0.9k tok/s | cert -6.83→-6.95 | ticks [0.000 0.000 0.000 0.000 0.000 0.000 0.000 6.420] | 10M tok | ETA 1216.7h
Step   6710 | loss 6.2282 | lr 3.00e-04 | grad 2.56 | 0.9k tok/s | cert -6.39→-6.48 | ticks [0.000 0.000 0.000 0.000 0.000 0.000 0.000 5.858] | 10M tok | ETA 1216.7h
Step   6720 | loss 5.9532 | lr 3.00e-04 | grad 1.71 | 0.9k tok/s | cert -5.89→-5.98 | ticks [0.000 0.000 0.000 0.000 0.000 0.000 0.000 5.941] | 10M tok | ETA 1216.7h
Step   6730 | loss 5.6062 | lr 3.00e-04 | grad 1.82 | 0.9k tok/s | cert -5.69→-5.66 | ticks [0.000 0.000 0.000 0.000 0.000 0.000 0.000 5.766] | 10M tok | ETA 1216.7h
Step   6740 | loss 6.3512 | lr 3.00e-04 | grad 1.73 | 0.9k tok/s | cert -6.40→-6.33 | ticks [0.000 0.000 0.000 0.000 0.000 0.000 0.000 5.952] | 10M tok | ETA 1216.7h
Step   6750 | loss 6.2280 | lr 3.00e-04 | grad 3.81 | 0.8k tok/s | cert -7.33→-7.38 | ticks [0.000 0.000 0.000 0.000 0.000 0.000 0.000 6.507] | 10M tok | ETA 1216.7h
Step   6760 | loss 6.2261 | lr 3.00e-04 | grad 1.80 | 0.8k tok/s | cert -6.48→-6.53 | ticks [0.000 0.000 0.000 0.000 0.000 0.000 0.000 6.261] | 10M tok | ETA 1216.7h
Step   6770 | loss 6.2482 | lr 3.00e-04 | grad 1.56 | 0.8k tok/s | cert -5.88→-5.72 | ticks [0.000 0.000 0.000 0.000 0.000 0.000 0.000 5.555] | 10M tok | ETA 1216.7h
Step   6780 | loss 6.0121 | lr 3.00e-04 | grad 2.59 | 0.9k tok/s | cert -5.73→-5.66 | ticks [0.000 0.000 0.000 0.000 0.000 0.000 0.000 6.005] | 10M tok | ETA 1216.7h
Step   6790 | loss 5.8898 | lr 3.00e-04 | grad 1.50 | 0.8k tok/s | cert -6.47→-6.27 | ticks [0.000 0.000 0.000 0.000 0.000 0.000 0.000 5.879] | 10M tok | ETA 1216.7h
Step   6800 | loss 6.1592 | lr 3.00e-04 | grad 1.52 | 0.8k tok/s | cert -6.45→-6.48 | ticks [0.000 0.000 0.000 0.000 0.000 0.000 0.000 6.238] | 10M tok | ETA 1216.8h
Step   6810 | loss 6.2744 | lr 3.00e-04 | grad 3.05 | 0.9k tok/s | cert -6.26→-6.17 | ticks [0.000 0.000 0.000 0.000 0.000 0.000 0.000 6.553] | 10M tok | ETA 1216.8h
Step   6820 | loss 6.0395 | lr 3.00e-04 | grad 1.46 | 0.8k tok/s | cert -6.60→-6.42 | ticks [0.000 0.000 0.000 0.000 0.000 0.000 0.000 6.271] | 10M tok | ETA 1216.8h
Step   6830 | loss 5.7994 | lr 3.00e-04 | grad 2.23 | 0.8k tok/s | cert -6.23→-6.43 | ticks [0.000 0.000 0.000 0.000 0.000 0.000 0.000 5.942] | 10M tok | ETA 1216.8h
Step   6840 | loss 6.2075 | lr 3.00e-04 | grad 1.48 | 0.8k tok/s | cert -6.14→-6.33 | ticks [0.000 0.000 0.000 0.000 0.000 0.000 0.000 6.167] | 11M tok | ETA 1216.8h
Step   6850 | loss 5.9798 | lr 3.00e-04 | grad 2.55 | 0.8k tok/s | cert -5.69→-5.79 | ticks [0.000 0.000 0.000 0.000 0.000 0.000 0.000 5.984] | 11M tok | ETA 1216.8h
Step   6860 | loss 5.7342 | lr 3.00e-04 | grad 1.45 | 0.8k tok/s | cert -6.17→-6.26 | ticks [0.000 0.000 0.000 0.000 0.000 0.000 0.000 5.948] | 11M tok | ETA 1216.8h
Step   6870 | loss 6.1436 | lr 3.00e-04 | grad 1.87 | 0.9k tok/s | cert -6.81→-6.91 | ticks [0.000 0.000 0.000 0.000 0.000 0.000 0.000 6.738] | 11M tok | ETA 1216.8h
Step   6880 | loss 6.1374 | lr 3.00e-04 | grad 1.73 | 0.9k tok/s | cert -5.91→-6.00 | ticks [0.000 0.000 0.000 0.000 0.000 0.000 0.000 5.993] | 11M tok | ETA 1216.8h
Step   6890 | loss 5.9366 | lr 3.00e-04 | grad 2.34 | 0.8k tok/s | cert -5.91→-6.03 | ticks [0.000 0.000 0.000 0.000 0.000 0.000 0.000 6.206] | 11M tok | ETA 1216.9h
Step   6900 | loss 6.0596 | lr 3.00e-04 | grad 2.12 | 0.8k tok/s | cert -6.37→-6.47 | ticks [0.000 0.000 0.000 0.000 0.000 0.000 0.000 6.266] | 11M tok | ETA 1217.0h
Step   6910 | loss 6.1977 | lr 3.00e-04 | grad 2.06 | 0.8k tok/s | cert -6.98→-7.15 | ticks [0.000 0.000 0.000 0.000 0.000 0.000 0.000 6.581] | 11M tok | ETA 1217.1h
Step   6920 | loss 6.1813 | lr 3.00e-04 | grad 1.59 | 0.9k tok/s | cert -6.50→-6.54 | ticks [0.000 0.000 0.000 0.000 0.000 0.000 0.000 6.119] | 11M tok | ETA 1217.1h
Step   6930 | loss 6.3430 | lr 3.00e-04 | grad 2.00 | 0.9k tok/s | cert -5.97→-5.95 | ticks [0.000 0.000 0.000 0.000 0.000 0.000 0.000 6.002] | 11M tok | ETA 1217.0h
Step   6940 | loss 6.1588 | lr 3.00e-04 | grad 1.61 | 0.9k tok/s | cert -6.41→-6.38 | ticks [0.000 0.000 0.000 0.000 0.000 0.000 0.000 6.026] | 11M tok | ETA 1217.0h
Step   6950 | loss 6.2155 | lr 3.00e-04 | grad 3.22 | 0.9k tok/s | cert -6.36→-6.67 | ticks [0.000 0.000 0.000 0.000 0.000 0.000 0.000 5.833] | 11M tok | ETA 1217.0h
Step   6960 | loss 6.2974 | lr 3.00e-04 | grad 4.22 | 0.9k tok/s | cert -6.74→-7.03 | ticks [0.000 0.000 0.000 0.000 0.000 0.000 0.000 6.306] | 11M tok | ETA 1216.9h
Step   6970 | loss 6.0489 | lr 3.00e-04 | grad 1.62 | 0.9k tok/s | cert -5.73→-5.80 | ticks [0.000 0.000 0.000 0.000 0.000 0.000 0.000 5.904] | 11M tok | ETA 1216.9h
Step   6980 | loss 6.2935 | lr 3.00e-04 | grad 2.81 | 0.9k tok/s | cert -6.01→-6.02 | ticks [0.000 0.000 0.000 0.000 0.000 0.000 0.000 6.260] | 11M tok | ETA 1216.9h
Step   6990 | loss 6.0687 | lr 3.00e-04 | grad 1.51 | 0.9k tok/s | cert -6.30→-6.44 | ticks [0.000 0.000 0.000 0.000 0.000 0.000 0.000 5.875] | 11M tok | ETA 1216.9h
Step   7000 | loss 6.0921 | lr 3.00e-04 | grad 4.06 | 0.9k tok/s | cert -6.90→-7.03 | ticks [0.000 0.000 0.000 0.000 0.000 0.000 0.000 6.082] | 11M tok | ETA 1216.9h
Step   7010 | loss 6.0073 | lr 3.00e-04 | grad 3.03 | 0.8k tok/s | cert -5.52→-5.60 | ticks [0.000 0.000 0.000 0.000 0.000 0.000 0.000 5.838] | 11M tok | ETA 1216.9h
Step   7020 | loss 5.8329 | lr 3.00e-04 | grad 2.73 | 0.8k tok/s | cert -5.60→-5.53 | ticks [0.000 0.000 0.000 0.000 0.000 0.000 0.000 5.234] | 11M tok | ETA 1217.0h
Step   7030 | loss 6.3745 | lr 3.00e-04 | grad 1.82 | 0.8k tok/s | cert -6.38→-6.55 | ticks [0.000 0.000 0.000 0.000 0.000 0.000 0.000 6.199] | 11M tok | ETA 1217.0h
Step   7040 | loss 5.9604 | lr 3.00e-04 | grad 2.72 | 0.8k tok/s | cert -6.34→-6.59 | ticks [0.000 0.000 0.000 0.000 0.000 0.000 0.000 6.025] | 11M tok | ETA 1217.1h
Step   7050 | loss 5.9020 | lr 3.00e-04 | grad 1.40 | 0.8k tok/s | cert -6.20→-6.35 | ticks [0.000 0.000 0.000 0.000 0.000 0.000 0.000 6.244] | 11M tok | ETA 1217.2h
Step   7060 | loss 5.8850 | lr 3.00e-04 | grad 3.75 | 0.8k tok/s | cert -7.46→-7.35 | ticks [0.000 0.000 0.000 0.000 0.000 0.000 0.000 6.449] | 11M tok | ETA 1217.2h
Step   7070 | loss 5.6432 | lr 3.00e-04 | grad 3.23 | 0.8k tok/s | cert -5.72→-5.59 | ticks [0.000 0.000 0.000 0.000 0.000 0.000 0.000 6.073] | 11M tok | ETA 1217.3h
Step   7080 | loss 5.6613 | lr 3.00e-04 | grad 1.42 | 0.8k tok/s | cert -6.14→-6.24 | ticks [0.000 0.000 0.000 0.000 0.000 0.000 0.000 6.157] | 11M tok | ETA 1217.3h
Step   7090 | loss 6.0672 | lr 3.00e-04 | grad 2.42 | 0.8k tok/s | cert -6.89→-6.86 | ticks [0.000 0.000 0.000 0.000 0.000 0.000 0.000 6.263] | 11M tok | ETA 1217.4h
Step   7100 | loss 6.0874 | lr 3.00e-04 | grad 1.81 | 0.8k tok/s | cert -6.55→-6.57 | ticks [0.000 0.000 0.000 0.000 0.000 0.000 0.000 5.998] | 11M tok | ETA 1217.4h
Step   7110 | loss 6.1448 | lr 3.00e-04 | grad 1.63 | 0.8k tok/s | cert -5.43→-5.61 | ticks [0.000 0.000 0.000 0.000 0.000 0.000 0.000 5.729] | 11M tok | ETA 1217.4h
Step   7120 | loss 6.1201 | lr 3.00e-04 | grad 1.62 | 0.8k tok/s | cert -6.22→-6.35 | ticks [0.000 0.000 0.000 0.000 0.000 0.000 0.000 5.842] | 11M tok | ETA 1217.4h
Step   7130 | loss 6.2545 | lr 3.00e-04 | grad 1.55 | 0.8k tok/s | cert -6.38→-6.55 | ticks [0.000 0.000 0.000 0.000 0.000 0.000 0.000 6.461] | 11M tok | ETA 1217.5h
Step   7140 | loss 6.3265 | lr 3.00e-04 | grad 2.31 | 0.8k tok/s | cert -6.88→-6.87 | ticks [0.000 0.000 0.000 0.000 0.000 0.000 0.000 6.111] | 11M tok | ETA 1217.5h
Step   7150 | loss 6.2049 | lr 3.00e-04 | grad 1.63 | 0.8k tok/s | cert -6.61→-6.69 | ticks [0.000 0.000 0.000 0.000 0.000 0.000 0.000 6.551] | 11M tok | ETA 1217.5h
Step   7160 | loss 6.2945 | lr 3.00e-04 | grad 1.77 | 0.8k tok/s | cert -6.28→-6.24 | ticks [0.000 0.000 0.000 0.000 0.000 0.000 0.000 6.301] | 11M tok | ETA 1217.6h
Step   7170 | loss 6.3070 | lr 3.00e-04 | grad 3.92 | 0.8k tok/s | cert -5.65→-5.62 | ticks [0.000 0.000 0.000 0.000 0.000 0.000 0.000 6.195] | 11M tok | ETA 1217.7h
Step   7180 | loss 6.4108 | lr 3.00e-04 | grad 3.31 | 0.8k tok/s | cert -6.62→-6.59 | ticks [0.000 0.000 0.000 0.000 0.000 0.000 0.000 7.038] | 11M tok | ETA 1217.7h
Step   7190 | loss 6.1407 | lr 3.00e-04 | grad 2.03 | 0.8k tok/s | cert -6.62→-6.65 | ticks [0.000 0.000 0.000 0.000 0.000 0.000 0.000 6.141] | 11M tok | ETA 1217.8h
Step   7200 | loss 6.0628 | lr 3.00e-04 | grad 1.66 | 0.8k tok/s | cert -6.31→-6.24 | ticks [0.000 0.000 0.000 0.000 0.000 0.000 0.000 5.810] | 11M tok | ETA 1217.9h
Step   7210 | loss 6.0808 | lr 3.00e-04 | grad 3.06 | 0.8k tok/s | cert -5.84→-5.81 | ticks [0.000 0.000 0.000 0.000 0.000 0.000 0.000 6.266] | 11M tok | ETA 1218.0h
Step   7220 | loss 5.9571 | lr 3.00e-04 | grad 1.39 | 0.8k tok/s | cert -5.99→-6.07 | ticks [0.000 0.000 0.000 0.000 0.000 0.000 0.000 5.833] | 11M tok | ETA 1218.1h
Step   7230 | loss 6.1840 | lr 3.00e-04 | grad 2.02 | 0.8k tok/s | cert -6.18→-6.33 | ticks [0.000 0.000 0.000 0.000 0.000 0.000 0.000 5.517] | 11M tok | ETA 1218.2h
Step   7240 | loss 6.4746 | lr 3.00e-04 | grad 1.90 | 0.8k tok/s | cert -6.83→-6.90 | ticks [0.000 0.000 0.000 0.000 0.000 0.000 0.000 6.643] | 11M tok | ETA 1218.3h
Step   7250 | loss 6.2863 | lr 3.00e-04 | grad 1.59 | 0.8k tok/s | cert -6.64→-6.76 | ticks [0.000 0.000 0.000 0.000 0.000 0.000 0.000 6.400] | 11M tok | ETA 1218.3h
Step   7260 | loss 5.9851 | lr 3.00e-04 | grad 1.51 | 0.8k tok/s | cert -6.16→-6.05 | ticks [0.000 0.000 0.000 0.000 0.000 0.000 0.000 5.790] | 11M tok | ETA 1218.4h
Step   7270 | loss 6.2135 | lr 3.00e-04 | grad 2.36 | 0.8k tok/s | cert -7.00→-6.87 | ticks [0.000 0.000 0.000 0.000 0.000 0.000 0.000 6.187] | 11M tok | ETA 1218.4h
Step   7280 | loss 6.0960 | lr 3.00e-04 | grad 2.11 | 0.8k tok/s | cert -6.76→-6.71 | ticks [0.000 0.000 0.000 0.000 0.000 0.000 0.000 6.061] | 11M tok | ETA 1218.5h
Step   7290 | loss 6.0240 | lr 3.00e-04 | grad 2.17 | 0.8k tok/s | cert -5.93→-5.95 | ticks [0.000 0.000 0.000 0.000 0.000 0.000 0.000 6.138] | 11M tok | ETA 1218.5h
Step   7300 | loss 6.1745 | lr 3.00e-04 | grad 2.95 | 0.8k tok/s | cert -6.18→-6.19 | ticks [0.000 0.000 0.000 0.000 0.000 0.000 0.000 6.317] | 11M tok | ETA 1218.6h
Step   7310 | loss 6.2205 | lr 3.00e-04 | grad 1.95 | 0.8k tok/s | cert -6.29→-6.59 | ticks [0.000 0.000 0.000 0.000 0.000 0.000 0.000 6.334] | 11M tok | ETA 1218.6h
Step   7320 | loss 6.2113 | lr 3.00e-04 | grad 3.05 | 0.8k tok/s | cert -6.16→-6.28 | ticks [0.000 0.000 0.000 0.000 0.000 0.000 0.000 5.703] | 11M tok | ETA 1218.7h
Step   7330 | loss 6.4131 | lr 3.00e-04 | grad 2.20 | 0.8k tok/s | cert -5.83→-6.05 | ticks [0.000 0.000 0.000 0.000 0.000 0.000 0.000 6.410] | 11M tok | ETA 1218.7h
Step   7340 | loss 6.1644 | lr 3.00e-04 | grad 1.79 | 0.8k tok/s | cert -5.62→-5.70 | ticks [0.000 0.000 0.000 0.000 0.000 0.000 0.000 5.669] | 11M tok | ETA 1218.8h
Step   7350 | loss 6.0126 | lr 3.00e-04 | grad 2.31 | 0.8k tok/s | cert -6.08→-6.33 | ticks [0.000 0.000 0.000 0.000 0.000 0.000 0.000 5.859] | 11M tok | ETA 1218.8h
Step   7360 | loss 6.0347 | lr 3.00e-04 | grad 2.56 | 0.8k tok/s | cert -6.30→-6.54 | ticks [0.000 0.000 0.000 0.000 0.000 0.000 0.000 6.135] | 11M tok | ETA 1218.9h
Step   7370 | loss 6.0442 | lr 3.00e-04 | grad 2.22 | 0.8k tok/s | cert -6.01→-6.06 | ticks [0.000 0.000 0.000 0.000 0.000 0.000 0.000 6.348] | 11M tok | ETA 1219.0h
Step   7380 | loss 6.4182 | lr 3.00e-04 | grad 1.40 | 0.8k tok/s | cert -5.99→-6.00 | ticks [0.000 0.000 0.000 0.000 0.000 0.000 0.000 5.685] | 11M tok | ETA 1219.1h
Step   7390 | loss 5.6490 | lr 3.00e-04 | grad 1.43 | 0.8k tok/s | cert -6.01→-6.18 | ticks [0.000 0.000 0.000 0.000 0.000 0.000 0.000 5.833] | 11M tok | ETA 1219.1h
Step   7400 | loss 5.7664 | lr 3.00e-04 | grad 2.02 | 0.8k tok/s | cert -6.00→-6.19 | ticks [0.000 0.000 0.000 0.000 0.000 0.000 0.000 5.954] | 11M tok | ETA 1219.2h
Step   7410 | loss 6.2709 | lr 3.00e-04 | grad 2.17 | 0.8k tok/s | cert -6.26→-6.11 | ticks [0.000 0.000 0.000 0.000 0.000 0.000 0.000 6.295] | 11M tok | ETA 1219.3h
Step   7420 | loss 6.0674 | lr 3.00e-04 | grad 2.16 | 0.8k tok/s | cert -5.65→-5.51 | ticks [0.000 0.000 0.000 0.000 0.000 0.000 0.000 5.884] | 11M tok | ETA 1219.3h
Step   7430 | loss 5.9442 | lr 3.00e-04 | grad 1.80 | 0.8k tok/s | cert -6.29→-6.28 | ticks [0.000 0.000 0.000 0.000 0.000 0.000 0.000 6.238] | 11M tok | ETA 1219.4h
Step   7440 | loss 6.2525 | lr 3.00e-04 | grad 3.73 | 0.8k tok/s | cert -6.92→-6.91 | ticks [0.000 0.000 0.000 0.000 0.000 0.000 0.000 6.119] | 11M tok | ETA 1219.4h
Step   7450 | loss 6.0891 | lr 3.00e-04 | grad 1.94 | 0.8k tok/s | cert -6.71→-6.56 | ticks [0.000 0.000 0.000 0.000 0.000 0.000 0.000 6.292] | 11M tok | ETA 1219.4h
Step   7460 | loss 6.0986 | lr 3.00e-04 | grad 1.89 | 0.8k tok/s | cert -6.51→-6.23 | ticks [0.000 0.000 0.000 0.000 0.000 0.000 0.000 6.080] | 11M tok | ETA 1219.5h
Step   7470 | loss 6.4352 | lr 3.00e-04 | grad 1.62 | 0.8k tok/s | cert -6.93→-6.68 | ticks [0.000 0.000 0.000 0.000 0.000 0.000 0.000 6.452] | 11M tok | ETA 1219.5h
Step   7480 | loss 6.3887 | lr 3.00e-04 | grad 2.97 | 0.8k tok/s | cert -6.30→-6.47 | ticks [0.000 0.000 0.000 0.000 0.000 0.000 0.000 6.061] | 11M tok | ETA 1219.6h
Step   7490 | loss 6.1616 | lr 3.00e-04 | grad 1.94 | 0.8k tok/s | cert -6.53→-6.51 | ticks [0.000 0.000 0.000 0.000 0.000 0.000 0.000 6.005] | 12M tok | ETA 1219.6h
Step   7500 | loss 6.0104 | lr 3.00e-04 | grad 2.89 | 0.8k tok/s | cert -6.49→-6.36 | ticks [0.000 0.000 0.000 0.000 0.000 0.000 0.000 6.553] | 12M tok | ETA 1219.6h
Step   7510 | loss 6.2495 | lr 3.00e-04 | grad 2.84 | 0.8k tok/s | cert -7.01→-6.84 | ticks [0.000 0.000 0.000 0.000 0.000 0.000 0.000 6.774] | 12M tok | ETA 1219.7h
Step   7520 | loss 6.3702 | lr 3.00e-04 | grad 4.88 | 0.8k tok/s | cert -7.80→-7.72 | ticks [0.000 0.000 0.000 0.000 0.000 0.000 0.000 6.548] | 12M tok | ETA 1219.7h
Step   7530 | loss 6.4078 | lr 3.00e-04 | grad 2.50 | 0.8k tok/s | cert -6.71→-6.58 | ticks [0.000 0.000 0.000 0.000 0.000 0.000 0.000 6.210] | 12M tok | ETA 1219.8h
Step   7540 | loss 6.2982 | lr 3.00e-04 | grad 1.43 | 0.8k tok/s | cert -6.23→-6.16 | ticks [0.000 0.000 0.000 0.000 0.000 0.000 0.000 5.919] | 12M tok | ETA 1219.8h
Step   7550 | loss 6.3117 | lr 3.00e-04 | grad 1.95 | 0.8k tok/s | cert -6.68→-6.58 | ticks [0.000 0.000 0.000 0.000 0.000 0.000 0.000 6.516] | 12M tok | ETA 1219.8h
Step   7560 | loss 6.2445 | lr 3.00e-04 | grad 2.11 | 0.8k tok/s | cert -6.48→-6.41 | ticks [0.000 0.000 0.000 0.000 0.000 0.000 0.000 5.975] | 12M tok | ETA 1219.9h
Step   7570 | loss 6.2134 | lr 3.00e-04 | grad 3.50 | 0.8k tok/s | cert -6.59→-6.74 | ticks [0.000 0.000 0.000 0.000 0.000 0.000 0.000 5.914] | 12M tok | ETA 1219.9h
Step   7580 | loss 6.1106 | lr 3.00e-04 | grad 2.31 | 0.8k tok/s | cert -5.90→-5.96 | ticks [0.000 0.000 0.000 0.000 0.000 0.000 0.000 6.226] | 12M tok | ETA 1219.9h
Step   7590 | loss 6.0740 | lr 3.00e-04 | grad 2.53 | 0.8k tok/s | cert -6.13→-6.15 | ticks [0.000 0.000 0.000 0.000 0.000 0.000 0.000 6.397] | 12M tok | ETA 1220.0h
Step   7600 | loss 6.2664 | lr 3.00e-04 | grad 2.78 | 0.8k tok/s | cert -6.66→-6.57 | ticks [0.000 0.000 0.000 0.000 0.000 0.000 0.000 5.762] | 12M tok | ETA 1220.0h
Step   7610 | loss 6.1291 | lr 3.00e-04 | grad 1.59 | 0.8k tok/s | cert -6.25→-6.31 | ticks [0.000 0.000 0.000 0.000 0.000 0.000 0.000 5.850] | 12M tok | ETA 1220.1h
Step   7620 | loss 5.9289 | lr 3.00e-04 | grad 1.98 | 0.8k tok/s | cert -5.78→-5.86 | ticks [0.000 0.000 0.000 0.000 0.000 0.000 0.000 5.931] | 12M tok | ETA 1220.1h
Step   7630 | loss 6.1633 | lr 3.00e-04 | grad 2.42 | 0.8k tok/s | cert -6.08→-6.03 | ticks [0.000 0.000 0.000 0.000 0.000 0.000 0.000 6.113] | 12M tok | ETA 1220.1h
Step   7640 | loss 6.1674 | lr 3.00e-04 | grad 2.09 | 0.8k tok/s | cert -6.36→-6.25 | ticks [0.000 0.000 0.000 0.000 0.000 0.000 0.000 6.061] | 12M tok | ETA 1220.2h
Step   7650 | loss 6.2177 | lr 3.00e-04 | grad 2.78 | 0.8k tok/s | cert -6.61→-6.67 | ticks [0.000 0.000 0.000 0.000 0.000 0.000 0.000 6.023] | 12M tok | ETA 1220.2h
Step   7660 | loss 6.3069 | lr 3.00e-04 | grad 1.41 | 0.8k tok/s | cert -6.40→-6.52 | ticks [0.000 0.000 0.000 0.000 0.000 0.000 0.000 6.206] | 12M tok | ETA 1220.2h
Step   7670 | loss 5.7723 | lr 3.00e-04 | grad 1.94 | 0.8k tok/s | cert -5.77→-5.69 | ticks [0.000 0.000 0.000 0.000 0.000 0.000 0.000 5.371] | 12M tok | ETA 1220.3h
Step   7680 | loss 5.9884 | lr 3.00e-04 | grad 1.58 | 0.8k tok/s | cert -5.73→-5.61 | ticks [0.000 0.000 0.000 0.000 0.000 0.000 0.000 5.419] | 12M tok | ETA 1220.3h
Step   7690 | loss 6.2384 | lr 3.00e-04 | grad 1.79 | 0.8k tok/s | cert -6.58→-6.57 | ticks [0.000 0.000 0.000 0.000 0.000 0.000 0.000 6.268] | 12M tok | ETA 1220.3h
Step   7700 | loss 6.1398 | lr 3.00e-04 | grad 1.48 | 0.8k tok/s | cert -6.01→-5.98 | ticks [0.000 0.000 0.000 0.000 0.000 0.000 0.000 5.726] | 12M tok | ETA 1220.4h
Step   7710 | loss 6.2454 | lr 3.00e-04 | grad 4.50 | 0.8k tok/s | cert -5.78→-6.03 | ticks [0.000 0.000 0.000 0.000 0.000 0.000 0.000 6.398] | 12M tok | ETA 1220.4h
Step   7720 | loss 6.0986 | lr 3.00e-04 | grad 2.50 | 0.8k tok/s | cert -6.77→-6.88 | ticks [0.000 0.000 0.000 0.000 0.000 0.000 0.000 6.700] | 12M tok | ETA 1220.4h
Step   7730 | loss 6.2720 | lr 3.00e-04 | grad 1.70 | 0.8k tok/s | cert -6.80→-6.86 | ticks [0.000 0.000 0.000 0.000 0.000 0.000 0.000 6.386] | 12M tok | ETA 1220.5h
Step   7740 | loss 6.2382 | lr 3.00e-04 | grad 3.14 | 0.8k tok/s | cert -6.89→-6.99 | ticks [0.000 0.000 0.000 0.000 0.000 0.000 0.000 6.355] | 12M tok | ETA 1220.5h
Step   7750 | loss 6.0699 | lr 3.00e-04 | grad 1.59 | 0.8k tok/s | cert -6.08→-6.27 | ticks [0.000 0.000 0.000 0.000 0.000 0.000 0.000 5.727] | 12M tok | ETA 1220.6h
Step   7760 | loss 6.1846 | lr 3.00e-04 | grad 2.22 | 0.8k tok/s | cert -5.74→-5.84 | ticks [0.000 0.000 0.000 0.000 0.000 0.000 0.000 6.051] | 12M tok | ETA 1220.6h
Step   7770 | loss 5.7369 | lr 3.00e-04 | grad 2.22 | 0.8k tok/s | cert -6.17→-6.19 | ticks [0.000 0.000 0.000 0.000 0.000 0.000 0.000 6.011] | 12M tok | ETA 1220.6h
Step   7780 | loss 6.0483 | lr 3.00e-04 | grad 2.95 | 0.8k tok/s | cert -6.75→-6.70 | ticks [0.000 0.000 0.000 0.000 0.000 0.000 0.000 6.019] | 12M tok | ETA 1220.7h
Step   7790 | loss 6.2524 | lr 3.00e-04 | grad 2.00 | 0.8k tok/s | cert -6.72→-6.59 | ticks [0.000 0.000 0.000 0.000 0.000 0.000 0.000 6.123] | 12M tok | ETA 1220.7h
Step   7800 | loss 6.0022 | lr 3.00e-04 | grad 1.65 | 0.8k tok/s | cert -6.29→-6.04 | ticks [0.000 0.000 0.000 0.000 0.000 0.000 0.000 5.752] | 12M tok | ETA 1220.7h
Step   7810 | loss 5.9528 | lr 3.00e-04 | grad 1.83 | 0.8k tok/s | cert -6.25→-6.24 | ticks [0.000 0.000 0.000 0.000 0.000 0.000 0.000 6.037] | 12M tok | ETA 1220.8h
Step   7820 | loss 6.0730 | lr 3.00e-04 | grad 3.70 | 0.8k tok/s | cert -6.55→-6.76 | ticks [0.000 0.000 0.000 0.000 0.000 0.000 0.000 5.938] | 12M tok | ETA 1220.8h
Step   7830 | loss 6.1889 | lr 3.00e-04 | grad 1.57 | 0.8k tok/s | cert -6.33→-6.36 | ticks [0.000 0.000 0.000 0.000 0.000 0.000 0.000 6.103] | 12M tok | ETA 1220.9h
Step   7840 | loss 6.2990 | lr 3.00e-04 | grad 2.30 | 0.8k tok/s | cert -6.22→-6.22 | ticks [0.000 0.000 0.000 0.000 0.000 0.000 0.000 6.173] | 12M tok | ETA 1220.9h
Step   7850 | loss 6.0472 | lr 3.00e-04 | grad 1.41 | 0.8k tok/s | cert -5.98→-6.09 | ticks [0.000 0.000 0.000 0.000 0.000 0.000 0.000 5.852] | 12M tok | ETA 1220.9h
Step   7860 | loss 6.1444 | lr 3.00e-04 | grad 2.00 | 0.8k tok/s | cert -6.14→-6.30 | ticks [0.000 0.000 0.000 0.000 0.000 0.000 0.000 5.874] | 12M tok | ETA 1221.0h
Step   7870 | loss 6.2244 | lr 3.00e-04 | grad 2.17 | 0.8k tok/s | cert -5.79→-5.90 | ticks [0.000 0.000 0.000 0.000 0.000 0.000 0.000 6.088] | 12M tok | ETA 1221.0h
Step   7880 | loss 6.1746 | lr 3.00e-04 | grad 1.94 | 0.8k tok/s | cert -5.84→-5.96 | ticks [0.000 0.000 0.000 0.000 0.000 0.000 0.000 5.899] | 12M tok | ETA 1221.0h
Step   7890 | loss 5.9274 | lr 3.00e-04 | grad 2.20 | 0.8k tok/s | cert -6.39→-6.48 | ticks [0.000 0.000 0.000 0.000 0.000 0.000 0.000 5.778] | 12M tok | ETA 1221.1h
Step   7900 | loss 6.0268 | lr 3.00e-04 | grad 1.41 | 0.8k tok/s | cert -5.82→-5.90 | ticks [0.000 0.000 0.000 0.000 0.000 0.000 0.000 5.864] | 12M tok | ETA 1221.1h
Step   7910 | loss 6.0871 | lr 3.00e-04 | grad 1.95 | 0.8k tok/s | cert -6.26→-6.27 | ticks [0.000 0.000 0.000 0.000 0.000 0.000 0.000 5.862] | 12M tok | ETA 1221.1h
Step   7920 | loss 5.9715 | lr 3.00e-04 | grad 2.34 | 0.8k tok/s | cert -6.11→-6.21 | ticks [0.000 0.000 0.000 0.000 0.000 0.000 0.000 6.316] | 12M tok | ETA 1221.2h
Step   7930 | loss 6.0408 | lr 3.00e-04 | grad 1.77 | 0.8k tok/s | cert -6.38→-6.47 | ticks [0.000 0.000 0.000 0.000 0.000 0.000 0.000 5.982] | 12M tok | ETA 1221.2h
Step   7940 | loss 6.1505 | lr 3.00e-04 | grad 2.64 | 0.8k tok/s | cert -6.67→-6.93 | ticks [0.000 0.000 0.000 0.000 0.000 0.000 0.000 6.484] | 12M tok | ETA 1221.2h
Step   7950 | loss 6.2229 | lr 3.00e-04 | grad 3.27 | 0.8k tok/s | cert -6.47→-6.64 | ticks [0.000 0.000 0.000 0.000 0.000 0.000 0.000 6.909] | 12M tok | ETA 1221.2h
Step   7960 | loss 6.2059 | lr 3.00e-04 | grad 2.91 | 0.8k tok/s | cert -6.03→-6.16 | ticks [0.000 0.000 0.000 0.000 0.000 0.000 0.000 6.369] | 12M tok | ETA 1221.3h
Step   7970 | loss 6.3926 | lr 3.00e-04 | grad 1.63 | 0.8k tok/s | cert -6.36→-6.41 | ticks [0.000 0.000 0.000 0.000 0.000 0.000 0.000 6.331] | 12M tok | ETA 1221.3h
Step   7980 | loss 6.3687 | lr 3.00e-04 | grad 3.11 | 0.8k tok/s | cert -6.71→-6.80 | ticks [0.000 0.000 0.000 0.000 0.000 0.000 0.000 6.446] | 12M tok | ETA 1221.3h
Step   7990 | loss 6.0741 | lr 3.00e-04 | grad 2.19 | 0.8k tok/s | cert -5.93→-5.84 | ticks [0.000 0.000 0.000 0.000 0.000 0.000 0.000 5.764] | 12M tok | ETA 1221.4h
Step   8000 | loss 6.0989 | lr 3.00e-04 | grad 2.30 | 0.8k tok/s | cert -5.88→-5.76 | ticks [0.000 0.000 0.000 0.000 0.000 0.000 0.000 6.170] | 12M tok | ETA 1221.4h
Step   8010 | loss 6.1570 | lr 3.00e-04 | grad 1.91 | 0.8k tok/s | cert -6.11→-6.14 | ticks [0.000 0.000 0.000 0.000 0.000 0.000 0.000 5.595] | 12M tok | ETA 1221.4h
Step   8020 | loss 6.0122 | lr 3.00e-04 | grad 1.74 | 0.8k tok/s | cert -6.28→-6.27 | ticks [0.000 0.000 0.000 0.000 0.000 0.000 0.000 5.646] | 12M tok | ETA 1221.5h
Step   8030 | loss 6.0141 | lr 3.00e-04 | grad 1.93 | 0.8k tok/s | cert -6.38→-6.38 | ticks [0.000 0.000 0.000 0.000 0.000 0.000 0.000 6.503] | 12M tok | ETA 1221.5h
Step   8040 | loss 6.3997 | lr 3.00e-04 | grad 2.78 | 0.8k tok/s | cert -6.52→-6.36 | ticks [0.000 0.000 0.000 0.000 0.000 0.000 0.000 5.548] | 12M tok | ETA 1221.5h
Step   8050 | loss 6.2331 | lr 3.00e-04 | grad 1.57 | 0.8k tok/s | cert -6.12→-6.09 | ticks [0.000 0.000 0.000 0.000 0.000 0.000 0.000 5.985] | 12M tok | ETA 1221.5h
Step   8060 | loss 6.1742 | lr 3.00e-04 | grad 1.84 | 0.8k tok/s | cert -6.47→-6.58 | ticks [0.000 0.000 0.000 0.000 0.000 0.000 0.000 6.470] | 12M tok | ETA 1221.6h
Step   8070 | loss 6.1179 | lr 3.00e-04 | grad 1.84 | 0.8k tok/s | cert -6.52→-6.59 | ticks [0.000 0.000 0.000 0.000 0.000 0.000 0.000 6.067] | 12M tok | ETA 1221.6h
Step   8080 | loss 5.9893 | lr 3.00e-04 | grad 2.91 | 0.8k tok/s | cert -6.30→-6.43 | ticks [0.000 0.000 0.000 0.000 0.000 0.000 0.000 6.523] | 12M tok | ETA 1221.6h
Step   8090 | loss 5.8433 | lr 3.00e-04 | grad 2.34 | 0.8k tok/s | cert -6.44→-6.51 | ticks [0.000 0.000 0.000 0.000 0.000 0.000 0.000 6.029] | 12M tok | ETA 1221.6h
Step   8100 | loss 5.9653 | lr 3.00e-04 | grad 1.45 | 0.8k tok/s | cert -6.41→-6.50 | ticks [0.000 0.000 0.000 0.000 0.000 0.000 0.000 6.109] | 12M tok | ETA 1221.7h
Step   8110 | loss 6.1147 | lr 3.00e-04 | grad 1.36 | 0.8k tok/s | cert -6.19→-6.32 | ticks [0.000 0.000 0.000 0.000 0.000 0.000 0.000 6.091] | 12M tok | ETA 1221.7h
Step   8120 | loss 6.2240 | lr 3.00e-04 | grad 2.38 | 0.8k tok/s | cert -5.84→-5.98 | ticks [0.000 0.000 0.000 0.000 0.000 0.000 0.000 6.238] | 12M tok | ETA 1221.7h
Step   8130 | loss 6.1959 | lr 3.00e-04 | grad 2.38 | 0.8k tok/s | cert -6.40→-6.40 | ticks [0.000 0.000 0.000 0.000 0.000 0.000 0.000 6.236] | 12M tok | ETA 1221.7h
Step   8140 | loss 6.1067 | lr 3.00e-04 | grad 1.70 | 0.8k tok/s | cert -6.59→-6.62 | ticks [0.000 0.000 0.000 0.000 0.000 0.000 0.000 6.411] | 13M tok | ETA 1221.8h
Step   8150 | loss 6.0740 | lr 3.00e-04 | grad 2.33 | 0.8k tok/s | cert -5.42→-5.45 | ticks [0.000 0.000 0.000 0.000 0.000 0.000 0.000 5.560] | 13M tok | ETA 1221.8h
Step   8160 | loss 5.9814 | lr 3.00e-04 | grad 3.23 | 0.8k tok/s | cert -5.88→-6.02 | ticks [0.000 0.000 0.000 0.000 0.000 0.000 0.000 6.582] | 13M tok | ETA 1221.9h
Step   8170 | loss 6.4402 | lr 3.00e-04 | grad 2.00 | 0.8k tok/s | cert -7.08→-7.32 | ticks [0.000 0.000 0.000 0.000 0.000 0.000 0.000 7.043] | 13M tok | ETA 1221.9h
Step   8180 | loss 6.1814 | lr 3.00e-04 | grad 3.84 | 0.8k tok/s | cert -6.88→-6.97 | ticks [0.000 0.000 0.000 0.000 0.000 0.000 0.000 6.026] | 13M tok | ETA 1222.0h
Step   8190 | loss 6.2368 | lr 3.00e-04 | grad 2.08 | 0.8k tok/s | cert -6.27→-6.46 | ticks [0.000 0.000 0.000 0.000 0.000 0.000 0.000 6.409] | 13M tok | ETA 1222.0h
Step   8200 | loss 6.0470 | lr 3.00e-04 | grad 1.50 | 0.8k tok/s | cert -5.50→-5.57 | ticks [0.000 0.000 0.000 0.000 0.000 0.000 0.000 5.413] | 13M tok | ETA 1222.0h
Step   8210 | loss 6.0887 | lr 3.00e-04 | grad 1.79 | 0.8k tok/s | cert -6.60→-6.66 | ticks [0.000 0.000 0.000 0.000 0.000 0.000 0.000 6.603] | 13M tok | ETA 1222.1h
Step   8220 | loss 5.9715 | lr 3.00e-04 | grad 2.12 | 0.8k tok/s | cert -6.25→-6.36 | ticks [0.000 0.000 0.000 0.000 0.000 0.000 0.000 5.569] | 13M tok | ETA 1222.1h
Step   8230 | loss 6.2028 | lr 3.00e-04 | grad 1.59 | 0.8k tok/s | cert -5.86→-5.92 | ticks [0.000 0.000 0.000 0.000 0.000 0.000 0.000 5.791] | 13M tok | ETA 1222.2h
Step   8240 | loss 6.0589 | lr 3.00e-04 | grad 2.91 | 0.8k tok/s | cert -5.63→-5.71 | ticks [0.000 0.000 0.000 0.000 0.000 0.000 0.000 6.066] | 13M tok | ETA 1222.2h
Step   8250 | loss 6.1605 | lr 3.00e-04 | grad 2.19 | 0.8k tok/s | cert -6.40→-6.50 | ticks [0.000 0.000 0.000 0.000 0.000 0.000 0.000 5.814] | 13M tok | ETA 1222.2h
Step   8260 | loss 6.3013 | lr 3.00e-04 | grad 1.96 | 0.8k tok/s | cert -7.17→-7.06 | ticks [0.000 0.000 0.000 0.000 0.000 0.000 0.000 6.379] | 13M tok | ETA 1222.3h
Step   8270 | loss 6.0950 | lr 3.00e-04 | grad 1.34 | 0.8k tok/s | cert -6.08→-6.12 | ticks [0.000 0.000 0.000 0.000 0.000 0.000 0.000 6.037] | 13M tok | ETA 1222.3h
Step   8280 | loss 6.0474 | lr 3.00e-04 | grad 1.62 | 0.8k tok/s | cert -5.97→-5.93 | ticks [0.000 0.000 0.000 0.000 0.000 0.000 0.000 5.587] | 13M tok | ETA 1222.3h
Step   8290 | loss 6.2367 | lr 3.00e-04 | grad 1.39 | 0.8k tok/s | cert -6.21→-6.18 | ticks [0.000 0.000 0.000 0.000 0.000 0.000 0.000 6.086] | 13M tok | ETA 1222.4h
Step   8300 | loss 5.9370 | lr 3.00e-04 | grad 1.66 | 0.8k tok/s | cert -6.36→-6.42 | ticks [0.000 0.000 0.000 0.000 0.000 0.000 0.000 5.794] | 13M tok | ETA 1222.4h
Step   8310 | loss 5.9960 | lr 3.00e-04 | grad 1.73 | 0.8k tok/s | cert -6.39→-6.52 | ticks [0.000 0.000 0.000 0.000 0.000 0.000 0.000 6.102] | 13M tok | ETA 1222.5h
Step   8320 | loss 6.0975 | lr 3.00e-04 | grad 1.82 | 0.8k tok/s | cert -5.92→-5.93 | ticks [0.000 0.000 0.000 0.000 0.000 0.000 0.000 5.838] | 13M tok | ETA 1222.5h
Step   8330 | loss 6.0657 | lr 3.00e-04 | grad 1.48 | 0.8k tok/s | cert -6.26→-6.40 | ticks [0.000 0.000 0.000 0.000 0.000 0.000 0.000 6.187] | 13M tok | ETA 1222.5h
Step   8340 | loss 6.1371 | lr 3.00e-04 | grad 2.00 | 0.8k tok/s | cert -6.49→-6.59 | ticks [0.000 0.000 0.000 0.000 0.000 0.000 0.000 5.905] | 13M tok | ETA 1222.6h
Step   8350 | loss 6.2058 | lr 3.00e-04 | grad 1.73 | 0.8k tok/s | cert -5.96→-6.05 | ticks [0.000 0.000 0.000 0.000 0.000 0.000 0.000 5.614] | 13M tok | ETA 1222.6h
Step   8360 | loss 5.9591 | lr 3.00e-04 | grad 2.03 | 0.8k tok/s | cert -5.65→-5.78 | ticks [0.000 0.000 0.000 0.000 0.000 0.000 0.000 5.848] | 13M tok | ETA 1222.6h
Step   8370 | loss 6.0364 | lr 3.00e-04 | grad 1.49 | 0.8k tok/s | cert -6.11→-6.20 | ticks [0.000 0.000 0.000 0.000 0.000 0.000 0.000 5.803] | 13M tok | ETA 1222.7h
Step   8380 | loss 6.3493 | lr 3.00e-04 | grad 3.17 | 0.8k tok/s | cert -6.74→-6.82 | ticks [0.000 0.000 0.000 0.000 0.000 0.000 0.000 6.029] | 13M tok | ETA 1222.7h
Step   8390 | loss 5.8636 | lr 3.00e-04 | grad 2.48 | 0.8k tok/s | cert -6.75→-6.75 | ticks [0.000 0.000 0.000 0.000 0.000 0.000 0.000 6.145] | 13M tok | ETA 1222.7h
Step   8400 | loss 6.0906 | lr 3.00e-04 | grad 3.84 | 0.8k tok/s | cert -5.69→-5.80 | ticks [0.000 0.000 0.000 0.000 0.000 0.000 0.000 6.506] | 13M tok | ETA 1222.8h
Step   8410 | loss 6.1216 | lr 3.00e-04 | grad 1.70 | 0.8k tok/s | cert -5.59→-5.63 | ticks [0.000 0.000 0.000 0.000 0.000 0.000 0.000 5.486] | 13M tok | ETA 1222.8h
Step   8420 | loss 5.8261 | lr 3.00e-04 | grad 1.70 | 0.8k tok/s | cert -6.01→-6.16 | ticks [0.000 0.000 0.000 0.000 0.000 0.000 0.000 5.906] | 13M tok | ETA 1222.8h
Step   8430 | loss 5.9657 | lr 3.00e-04 | grad 1.63 | 0.8k tok/s | cert -6.42→-6.57 | ticks [0.000 0.000 0.000 0.000 0.000 0.000 0.000 6.348] | 13M tok | ETA 1222.9h
Step   8440 | loss 6.2567 | lr 3.00e-04 | grad 1.38 | 0.8k tok/s | cert -6.08→-6.25 | ticks [0.000 0.000 0.000 0.000 0.000 0.000 0.000 5.938] | 13M tok | ETA 1222.9h
Step   8450 | loss 6.1274 | lr 3.00e-04 | grad 1.39 | 0.8k tok/s | cert -5.89→-6.04 | ticks [0.000 0.000 0.000 0.000 0.000 0.000 0.000 5.807] | 13M tok | ETA 1222.9h
Step   8460 | loss 6.1330 | lr 3.00e-04 | grad 2.17 | 0.8k tok/s | cert -6.34→-6.46 | ticks [0.000 0.000 0.000 0.000 0.000 0.000 0.000 6.197] | 13M tok | ETA 1223.0h
Step   8470 | loss 5.9161 | lr 3.00e-04 | grad 1.48 | 0.8k tok/s | cert -5.95→-6.06 | ticks [0.000 0.000 0.000 0.000 0.000 0.000 0.000 5.925] | 13M tok | ETA 1223.0h
Step   8480 | loss 5.9815 | lr 3.00e-04 | grad 1.70 | 0.8k tok/s | cert -5.85→-5.86 | ticks [0.000 0.000 0.000 0.000 0.000 0.000 0.000 5.866] | 13M tok | ETA 1223.0h
Step   8490 | loss 6.0808 | lr 3.00e-04 | grad 1.95 | 0.8k tok/s | cert -5.98→-6.19 | ticks [0.000 0.000 0.000 0.000 0.000 0.000 0.000 6.298] | 13M tok | ETA 1223.1h
Step   8500 | loss 6.1671 | lr 3.00e-04 | grad 2.19 | 0.8k tok/s | cert -6.37→-6.64 | ticks [0.000 0.000 0.000 0.000 0.000 0.000 0.000 6.153] | 13M tok | ETA 1223.1h
Step   8510 | loss 6.1649 | lr 3.00e-04 | grad 1.61 | 0.8k tok/s | cert -6.31→-6.54 | ticks [0.000 0.000 0.000 0.000 0.000 0.000 0.000 6.402] | 13M tok | ETA 1223.1h
Step   8520 | loss 6.0232 | lr 3.00e-04 | grad 2.39 | 0.8k tok/s | cert -6.12→-6.38 | ticks [0.000 0.000 0.000 0.000 0.000 0.000 0.000 6.306] | 13M tok | ETA 1223.1h
Step   8530 | loss 5.9409 | lr 3.00e-04 | grad 1.23 | 0.8k tok/s | cert -5.54→-5.64 | ticks [0.000 0.000 0.000 0.000 0.000 0.000 0.000 5.369] | 13M tok | ETA 1223.1h
Step   8540 | loss 6.0696 | lr 3.00e-04 | grad 1.58 | 0.8k tok/s | cert -6.25→-6.31 | ticks [0.000 0.000 0.000 0.000 0.000 0.000 0.000 5.779] | 13M tok | ETA 1223.1h
Step   8550 | loss 5.9902 | lr 3.00e-04 | grad 1.68 | 0.8k tok/s | cert -6.10→-6.28 | ticks [0.000 0.000 0.000 0.000 0.000 0.000 0.000 6.147] | 13M tok | ETA 1223.1h
Step   8560 | loss 6.0811 | lr 3.00e-04 | grad 1.71 | 0.8k tok/s | cert -5.96→-6.08 | ticks [0.000 0.000 0.000 0.000 0.000 0.000 0.000 6.083] | 13M tok | ETA 1223.2h
Step   8570 | loss 6.0202 | lr 3.00e-04 | grad 1.98 | 0.8k tok/s | cert -6.08→-6.21 | ticks [0.000 0.000 0.000 0.000 0.000 0.000 0.000 6.183] | 13M tok | ETA 1223.2h
Step   8580 | loss 6.2122 | lr 3.00e-04 | grad 2.02 | 0.8k tok/s | cert -6.77→-6.86 | ticks [0.000 0.000 0.000 0.000 0.000 0.000 0.000 6.536] | 13M tok | ETA 1223.2h
Step   8590 | loss 5.9822 | lr 3.00e-04 | grad 2.72 | 0.8k tok/s | cert -6.79→-6.78 | ticks [0.000 0.000 0.000 0.000 0.000 0.000 0.000 6.475] | 13M tok | ETA 1223.2h
Step   8600 | loss 6.2201 | lr 3.00e-04 | grad 2.72 | 0.8k tok/s | cert -5.69→-5.88 | ticks [0.000 0.000 0.000 0.000 0.000 0.000 0.000 6.153] | 13M tok | ETA 1223.2h
Step   8610 | loss 5.9970 | lr 3.00e-04 | grad 1.88 | 0.8k tok/s | cert -6.03→-6.25 | ticks [0.000 0.000 0.000 0.000 0.000 0.000 0.000 6.126] | 13M tok | ETA 1223.2h
Step   8620 | loss 5.9008 | lr 3.00e-04 | grad 2.02 | 0.8k tok/s | cert -6.24→-6.30 | ticks [0.000 0.000 0.000 0.000 0.000 0.000 0.000 5.675] | 13M tok | ETA 1223.2h
Step   8630 | loss 5.9592 | lr 3.00e-04 | grad 1.80 | 0.8k tok/s | cert -5.67→-5.85 | ticks [0.000 0.000 0.000 0.000 0.000 0.000 0.000 5.847] | 13M tok | ETA 1223.3h
Step   8640 | loss 6.4128 | lr 3.00e-04 | grad 1.73 | 0.8k tok/s | cert -5.89→-6.01 | ticks [0.000 0.000 0.000 0.000 0.000 0.000 0.000 5.960] | 13M tok | ETA 1223.3h
Step   8650 | loss 5.8775 | lr 3.00e-04 | grad 2.45 | 0.8k tok/s | cert -6.26→-6.45 | ticks [0.000 0.000 0.000 0.000 0.000 0.000 0.000 5.742] | 13M tok | ETA 1223.4h
Step   8660 | loss 6.0409 | lr 3.00e-04 | grad 2.00 | 0.8k tok/s | cert -6.43→-6.48 | ticks [0.000 0.000 0.000 0.000 0.000 0.000 0.000 6.101] | 13M tok | ETA 1223.4h
Step   8670 | loss 6.1697 | lr 3.00e-04 | grad 3.41 | 0.8k tok/s | cert -6.12→-6.17 | ticks [0.000 0.000 0.000 0.000 0.000 0.000 0.000 6.425] | 13M tok | ETA 1223.4h
Step   8680 | loss 6.0371 | lr 3.00e-04 | grad 1.65 | 0.8k tok/s | cert -6.21→-6.15 | ticks [0.000 0.000 0.000 0.000 0.000 0.000 0.000 5.870] | 13M tok | ETA 1223.4h
Step   8690 | loss 6.0648 | lr 3.00e-04 | grad 1.90 | 0.9k tok/s | cert -6.60→-6.66 | ticks [0.000 0.000 0.000 0.000 0.000 0.000 0.000 5.875] | 13M tok | ETA 1223.4h
Step   8700 | loss 6.3211 | lr 3.00e-04 | grad 2.09 | 0.8k tok/s | cert -6.67→-6.59 | ticks [0.000 0.000 0.000 0.000 0.000 0.000 0.000 5.784] | 13M tok | ETA 1223.4h
Step   8710 | loss 6.2326 | lr 3.00e-04 | grad 2.45 | 0.8k tok/s | cert -6.63→-6.58 | ticks [0.000 0.000 0.000 0.000 0.000 0.000 0.000 6.109] | 13M tok | ETA 1223.4h
Step   8720 | loss 6.2006 | lr 3.00e-04 | grad 2.17 | 0.8k tok/s | cert -5.93→-5.94 | ticks [0.000 0.000 0.000 0.000 0.000 0.000 0.000 6.365] | 13M tok | ETA 1223.4h
Step   8730 | loss 6.1242 | lr 3.00e-04 | grad 2.22 | 0.8k tok/s | cert -6.39→-6.46 | ticks [0.000 0.000 0.000 0.000 0.000 0.000 0.000 6.487] | 13M tok | ETA 1223.4h
Step   8740 | loss 6.2673 | lr 3.00e-04 | grad 4.53 | 0.8k tok/s | cert -7.32→-7.49 | ticks [0.000 0.000 0.000 0.000 0.000 0.000 0.000 6.476] | 13M tok | ETA 1223.4h
Step   8750 | loss 6.1416 | lr 3.00e-04 | grad 1.81 | 0.8k tok/s | cert -6.52→-6.76 | ticks [0.000 0.000 0.000 0.000 0.000 0.000 0.000 6.368] | 13M tok | ETA 1223.4h
Step   8760 | loss 6.2227 | lr 3.00e-04 | grad 1.60 | 0.8k tok/s | cert -6.13→-6.15 | ticks [0.000 0.000 0.000 0.000 0.000 0.000 0.000 6.040] | 13M tok | ETA 1223.4h
Step   8770 | loss 6.0343 | lr 3.00e-04 | grad 1.90 | 0.8k tok/s | cert -5.78→-5.80 | ticks [0.000 0.000 0.000 0.000 0.000 0.000 0.000 5.111] | 13M tok | ETA 1223.5h
Step   8780 | loss 5.5080 | lr 3.00e-04 | grad 1.74 | 0.8k tok/s | cert -5.30→-5.29 | ticks [0.000 0.000 0.000 0.000 0.000 0.000 0.000 4.646] | 13M tok | ETA 1223.5h
Step   8790 | loss 5.4268 | lr 3.00e-04 | grad 1.36 | 0.8k tok/s | cert -5.45→-5.51 | ticks [0.000 0.000 0.000 0.000 0.000 0.000 0.000 5.381] | 14M tok | ETA 1223.6h
Step   8800 | loss 6.0982 | lr 3.00e-04 | grad 1.44 | 0.8k tok/s | cert -6.17→-6.28 | ticks [0.000 0.000 0.000 0.000 0.000 0.000 0.000 6.296] | 14M tok | ETA 1223.6h
Step   8810 | loss 5.7491 | lr 3.00e-04 | grad 1.57 | 0.8k tok/s | cert -5.86→-6.01 | ticks [0.000 0.000 0.000 0.000 0.000 0.000 0.000 5.657] | 14M tok | ETA 1223.6h
Step   8820 | loss 5.9399 | lr 3.00e-04 | grad 1.97 | 0.9k tok/s | cert -6.67→-6.77 | ticks [0.000 0.000 0.000 0.000 0.000 0.000 0.000 6.248] | 14M tok | ETA 1223.6h
Step   8830 | loss 6.2427 | lr 3.00e-04 | grad 1.77 | 0.9k tok/s | cert -6.42→-6.60 | ticks [0.000 0.000 0.000 0.000 0.000 0.000 0.000 6.356] | 14M tok | ETA 1223.6h
Step   8840 | loss 5.8973 | lr 3.00e-04 | grad 1.44 | 0.9k tok/s | cert -5.78→-5.87 | ticks [0.000 0.000 0.000 0.000 0.000 0.000 0.000 5.594] | 14M tok | ETA 1223.6h
Step   8850 | loss 5.8487 | lr 3.00e-04 | grad 2.47 | 0.9k tok/s | cert -5.74→-5.80 | ticks [0.000 0.000 0.000 0.000 0.000 0.000 0.000 6.312] | 14M tok | ETA 1223.6h
Step   8860 | loss 6.2410 | lr 3.00e-04 | grad 2.33 | 0.9k tok/s | cert -6.75→-6.75 | ticks [0.000 0.000 0.000 0.000 0.000 0.000 0.000 5.940] | 14M tok | ETA 1223.6h
Step   8870 | loss 5.8735 | lr 3.00e-04 | grad 2.78 | 0.9k tok/s | cert -6.67→-6.70 | ticks [0.000 0.000 0.000 0.000 0.000 0.000 0.000 5.762] | 14M tok | ETA 1223.5h
Step   8880 | loss 6.1873 | lr 3.00e-04 | grad 1.45 | 0.9k tok/s | cert -6.29→-6.44 | ticks [0.000 0.000 0.000 0.000 0.000 0.000 0.000 6.333] | 14M tok | ETA 1223.5h
Step   8890 | loss 6.1329 | lr 3.00e-04 | grad 1.91 | 0.8k tok/s | cert -6.02→-6.16 | ticks [0.000 0.000 0.000 0.000 0.000 0.000 0.000 6.215] | 14M tok | ETA 1223.5h
Step   8900 | loss 6.1566 | lr 3.00e-04 | grad 1.60 | 0.8k tok/s | cert -6.27→-6.38 | ticks [0.000 0.000 0.000 0.000 0.000 0.000 0.000 6.270] | 14M tok | ETA 1223.5h
Step   8910 | loss 6.0587 | lr 3.00e-04 | grad 2.38 | 0.8k tok/s | cert -6.36→-6.56 | ticks [0.000 0.000 0.000 0.000 0.000 0.000 0.000 6.005] | 14M tok | ETA 1223.6h
Step   8920 | loss 5.9488 | lr 3.00e-04 | grad 1.97 | 0.8k tok/s | cert -6.32→-6.46 | ticks [0.000 0.000 0.000 0.000 0.000 0.000 0.000 5.815] | 14M tok | ETA 1223.6h
Step   8930 | loss 6.0139 | lr 3.00e-04 | grad 1.64 | 0.8k tok/s | cert -5.71→-5.80 | ticks [0.000 0.000 0.000 0.000 0.000 0.000 0.000 5.504] | 14M tok | ETA 1223.6h
Step   8940 | loss 6.0913 | lr 3.00e-04 | grad 1.69 | 0.8k tok/s | cert -5.79→-5.86 | ticks [0.000 0.000 0.000 0.000 0.000 0.000 0.000 5.821] | 14M tok | ETA 1223.6h
Step   8950 | loss 5.9146 | lr 3.00e-04 | grad 1.61 | 0.8k tok/s | cert -5.88→-5.98 | ticks [0.000 0.000 0.000 0.000 0.000 0.000 0.000 5.388] | 14M tok | ETA 1223.6h
Step   8960 | loss 5.8830 | lr 3.00e-04 | grad 1.35 | 0.8k tok/s | cert -5.68→-5.75 | ticks [0.000 0.000 0.000 0.000 0.000 0.000 0.000 5.499] | 14M tok | ETA 1223.6h
Step   8970 | loss 6.0434 | lr 3.00e-04 | grad 1.56 | 0.8k tok/s | cert -6.53→-6.43 | ticks [0.000 0.000 0.000 0.000 0.000 0.000 0.000 6.239] | 14M tok | ETA 1223.7h
Step   8980 | loss 6.0169 | lr 3.00e-04 | grad 2.38 | 0.8k tok/s | cert -5.95→-6.09 | ticks [0.000 0.000 0.000 0.000 0.000 0.000 0.000 6.090] | 14M tok | ETA 1223.7h
Step   8990 | loss 6.1676 | lr 3.00e-04 | grad 2.73 | 0.8k tok/s | cert -6.82→-6.96 | ticks [0.000 0.000 0.000 0.000 0.000 0.000 0.000 6.300] | 14M tok | ETA 1223.7h
Step   9000 | loss 6.1960 | lr 3.00e-04 | grad 1.80 | 0.8k tok/s | cert -6.32→-6.48 | ticks [0.000 0.000 0.000 0.000 0.000 0.000 0.000 6.463] | 14M tok | ETA 1223.8h
Step   9010 | loss 5.8180 | lr 3.00e-04 | grad 1.62 | 0.8k tok/s | cert -5.81→-5.91 | ticks [0.000 0.000 0.000 0.000 0.000 0.000 0.000 5.762] | 14M tok | ETA 1223.8h
Step   9020 | loss 5.9744 | lr 3.00e-04 | grad 2.11 | 0.8k tok/s | cert -5.52→-5.64 | ticks [0.000 0.000 0.000 0.000 0.000 0.000 0.000 5.791] | 14M tok | ETA 1223.9h
Step   9030 | loss 5.9050 | lr 3.00e-04 | grad 1.96 | 0.8k tok/s | cert -5.81→-5.86 | ticks [0.000 0.000 0.000 0.000 0.000 0.000 0.000 5.192] | 14M tok | ETA 1223.9h
Step   9040 | loss 5.9951 | lr 3.00e-04 | grad 2.27 | 0.8k tok/s | cert -6.34→-6.38 | ticks [0.000 0.000 0.000 0.000 0.000 0.000 0.000 5.918] | 14M tok | ETA 1224.0h
Step   9050 | loss 6.0362 | lr 3.00e-04 | grad 1.86 | 0.8k tok/s | cert -6.20→-6.27 | ticks [0.000 0.000 0.000 0.000 0.000 0.000 0.000 6.290] | 14M tok | ETA 1224.0h
Step   9060 | loss 6.1658 | lr 3.00e-04 | grad 1.34 | 0.8k tok/s | cert -6.32→-6.30 | ticks [0.000 0.000 0.000 0.000 0.000 0.000 0.000 6.172] | 14M tok | ETA 1224.0h
Step   9070 | loss 6.0754 | lr 3.00e-04 | grad 1.54 | 0.8k tok/s | cert -6.38→-6.44 | ticks [0.000 0.000 0.000 0.000 0.000 0.000 0.000 6.000] | 14M tok | ETA 1224.1h
Step   9080 | loss 6.1028 | lr 3.00e-04 | grad 1.38 | 0.8k tok/s | cert -6.12→-6.04 | ticks [0.000 0.000 0.000 0.000 0.000 0.000 0.000 5.661] | 14M tok | ETA 1224.1h
Step   9090 | loss 6.2639 | lr 3.00e-04 | grad 1.98 | 0.8k tok/s | cert -6.08→-6.09 | ticks [0.000 0.000 0.000 0.000 0.000 0.000 0.000 6.180] | 14M tok | ETA 1224.2h
Step   9100 | loss 6.1634 | lr 3.00e-04 | grad 1.77 | 0.8k tok/s | cert -6.02→-6.18 | ticks [0.000 0.000 0.000 0.000 0.000 0.000 0.000 6.190] | 14M tok | ETA 1224.2h
Step   9110 | loss 5.8955 | lr 3.00e-04 | grad 1.68 | 0.8k tok/s | cert -6.46→-6.44 | ticks [0.000 0.000 0.000 0.000 0.000 0.000 0.000 6.331] | 14M tok | ETA 1224.2h
Step   9120 | loss 5.9673 | lr 3.00e-04 | grad 1.46 | 0.8k tok/s | cert -6.55→-6.58 | ticks [0.000 0.000 0.000 0.000 0.000 0.000 0.000 5.992] | 14M tok | ETA 1224.2h
Step   9130 | loss 6.2369 | lr 3.00e-04 | grad 1.68 | 0.8k tok/s | cert -6.42→-6.47 | ticks [0.000 0.000 0.000 0.000 0.000 0.000 0.000 6.494] | 14M tok | ETA 1224.3h
Step   9140 | loss 5.9186 | lr 3.00e-04 | grad 1.45 | 0.8k tok/s | cert -5.74→-5.83 | ticks [0.000 0.000 0.000 0.000 0.000 0.000 0.000 5.564] | 14M tok | ETA 1224.3h
Step   9150 | loss 5.7755 | lr 3.00e-04 | grad 1.99 | 0.8k tok/s | cert -6.63→-6.65 | ticks [0.000 0.000 0.000 0.000 0.000 0.000 0.000 5.817] | 14M tok | ETA 1224.3h
Step   9160 | loss 6.0355 | lr 3.00e-04 | grad 2.31 | 0.8k tok/s | cert -6.53→-6.43 | ticks [0.000 0.000 0.000 0.000 0.000 0.000 0.000 5.963] | 14M tok | ETA 1224.4h
Step   9170 | loss 5.9535 | lr 3.00e-04 | grad 1.57 | 0.8k tok/s | cert -6.12→-6.12 | ticks [0.000 0.000 0.000 0.000 0.000 0.000 0.000 5.565] | 14M tok | ETA 1224.4h
Step   9180 | loss 6.2543 | lr 3.00e-04 | grad 1.50 | 0.8k tok/s | cert -6.63→-6.63 | ticks [0.000 0.000 0.000 0.000 0.000 0.000 0.000 6.174] | 14M tok | ETA 1224.4h
Step   9190 | loss 6.1098 | lr 3.00e-04 | grad 1.38 | 0.8k tok/s | cert -5.99→-6.09 | ticks [0.000 0.000 0.000 0.000 0.000 0.000 0.000 5.944] | 14M tok | ETA 1224.4h
Step   9200 | loss 6.2666 | lr 3.00e-04 | grad 1.70 | 0.8k tok/s | cert -6.15→-6.16 | ticks [0.000 0.000 0.000 0.000 0.000 0.000 0.000 6.209] | 14M tok | ETA 1224.4h
Step   9210 | loss 5.9756 | lr 3.00e-04 | grad 1.62 | 0.8k tok/s | cert -6.22→-6.28 | ticks [0.000 0.000 0.000 0.000 0.000 0.000 0.000 5.868] | 14M tok | ETA 1224.5h
Step   9220 | loss 6.2192 | lr 3.00e-04 | grad 1.93 | 0.8k tok/s | cert -6.15→-6.13 | ticks [0.000 0.000 0.000 0.000 0.000 0.000 0.000 5.658] | 14M tok | ETA 1224.5h
Step   9230 | loss 5.8834 | lr 3.00e-04 | grad 1.76 | 0.8k tok/s | cert -5.88→-5.83 | ticks [0.000 0.000 0.000 0.000 0.000 0.000 0.000 5.913] | 14M tok | ETA 1224.5h
Step   9240 | loss 5.9931 | lr 3.00e-04 | grad 2.14 | 0.9k tok/s | cert -5.82→-5.81 | ticks [0.000 0.000 0.000 0.000 0.000 0.000 0.000 6.054] | 14M tok | ETA 1224.5h
Step   9250 | loss 6.0204 | lr 3.00e-04 | grad 1.77 | 0.9k tok/s | cert -6.30→-6.31 | ticks [0.000 0.000 0.000 0.000 0.000 0.000 0.000 5.843] | 14M tok | ETA 1224.5h
Step   9260 | loss 6.0690 | lr 3.00e-04 | grad 2.05 | 0.9k tok/s | cert -6.30→-6.36 | ticks [0.000 0.000 0.000 0.000 0.000 0.000 0.000 5.890] | 14M tok | ETA 1224.4h
Step   9270 | loss 6.4515 | lr 3.00e-04 | grad 2.72 | 0.8k tok/s | cert -6.21→-6.31 | ticks [0.000 0.000 0.000 0.000 0.000 0.000 0.000 6.627] | 14M tok | ETA 1224.4h
Step   9280 | loss 6.5926 | lr 3.00e-04 | grad 1.44 | 0.8k tok/s | cert -5.75→-5.78 | ticks [0.000 0.000 0.000 0.000 0.000 0.000 0.000 5.453] | 14M tok | ETA 1224.4h
Step   9290 | loss 6.2541 | lr 3.00e-04 | grad 2.52 | 0.8k tok/s | cert -6.96→-7.05 | ticks [0.000 0.000 0.000 0.000 0.000 0.000 0.000 6.339] | 14M tok | ETA 1224.5h
Step   9300 | loss 6.2415 | lr 3.00e-04 | grad 1.84 | 0.8k tok/s | cert -6.47→-6.56 | ticks [0.000 0.000 0.000 0.000 0.000 0.000 0.000 5.891] | 14M tok | ETA 1224.5h
Step   9310 | loss 6.0606 | lr 3.00e-04 | grad 2.19 | 0.8k tok/s | cert -6.11→-6.16 | ticks [0.000 0.000 0.000 0.000 0.000 0.000 0.000 6.248] | 14M tok | ETA 1224.6h
Step   9320 | loss 6.1654 | lr 3.00e-04 | grad 2.03 | 0.8k tok/s | cert -5.92→-5.97 | ticks [0.000 0.000 0.000 0.000 0.000 0.000 0.000 6.063] | 14M tok | ETA 1224.6h
Step   9330 | loss 6.1017 | lr 3.00e-04 | grad 1.45 | 0.8k tok/s | cert -6.40→-6.49 | ticks [0.000 0.000 0.000 0.000 0.000 0.000 0.000 6.023] | 14M tok | ETA 1224.7h
Step   9340 | loss 6.2689 | lr 3.00e-04 | grad 1.89 | 0.8k tok/s | cert -6.54→-6.64 | ticks [0.000 0.000 0.000 0.000 0.000 0.000 0.000 6.197] | 14M tok | ETA 1224.7h
Step   9350 | loss 6.3300 | lr 3.00e-04 | grad 1.91 | 0.8k tok/s | cert -6.29→-6.30 | ticks [0.000 0.000 0.000 0.000 0.000 0.000 0.000 6.287] | 14M tok | ETA 1224.7h
Step   9360 | loss 6.0346 | lr 3.00e-04 | grad 4.09 | 0.8k tok/s | cert -5.55→-5.69 | ticks [0.000 0.000 0.000 0.000 0.000 0.000 0.000 6.283] | 14M tok | ETA 1224.8h
Step   9370 | loss 6.4118 | lr 3.00e-04 | grad 3.05 | 0.8k tok/s | cert -5.94→-6.05 | ticks [0.000 0.000 0.000 0.000 0.000 0.000 0.000 6.200] | 14M tok | ETA 1224.8h
Step   9380 | loss 6.2989 | lr 3.00e-04 | grad 1.67 | 0.8k tok/s | cert -6.55→-6.72 | ticks [0.000 0.000 0.000 0.000 0.000 0.000 0.000 6.173] | 14M tok | ETA 1224.8h
Step   9390 | loss 6.5657 | lr 3.00e-04 | grad 3.44 | 0.8k tok/s | cert -7.73→-7.65 | ticks [0.000 0.000 0.000 0.000 0.000 0.000 0.000 7.177] | 14M tok | ETA 1224.8h
Step   9400 | loss 6.2081 | lr 3.00e-04 | grad 1.74 | 0.8k tok/s | cert -6.60→-6.67 | ticks [0.000 0.000 0.000 0.000 0.000 0.000 0.000 6.435] | 14M tok | ETA 1224.8h
Step   9410 | loss 6.0339 | lr 3.00e-04 | grad 3.64 | 0.8k tok/s | cert -5.82→-5.82 | ticks [0.000 0.000 0.000 0.000 0.000 0.000 0.000 6.382] | 14M tok | ETA 1224.9h
Step   9420 | loss 6.1609 | lr 3.00e-04 | grad 1.67 | 0.8k tok/s | cert -6.08→-6.02 | ticks [0.000 0.000 0.000 0.000 0.000 0.000 0.000 6.089] | 14M tok | ETA 1224.9h
Step   9430 | loss 5.7213 | lr 3.00e-04 | grad 1.73 | 0.8k tok/s | cert -5.12→-5.20 | ticks [0.000 0.000 0.000 0.000 0.000 0.000 0.000 4.789] | 14M tok | ETA 1224.9h
Step   9440 | loss 5.7773 | lr 3.00e-04 | grad 2.86 | 0.8k tok/s | cert -6.52→-6.63 | ticks [0.000 0.000 0.000 0.000 0.000 0.000 0.000 5.989] | 15M tok | ETA 1224.9h
Step   9450 | loss 5.9827 | lr 3.00e-04 | grad 1.59 | 0.8k tok/s | cert -5.69→-5.75 | ticks [0.000 0.000 0.000 0.000 0.000 0.000 0.000 5.935] | 15M tok | ETA 1224.9h
Step   9460 | loss 5.8547 | lr 3.00e-04 | grad 1.52 | 0.8k tok/s | cert -5.67→-5.77 | ticks [0.000 0.000 0.000 0.000 0.000 0.000 0.000 5.971] | 15M tok | ETA 1224.9h
Step   9470 | loss 5.8558 | lr 3.00e-04 | grad 1.52 | 0.8k tok/s | cert -6.44→-6.48 | ticks [0.000 0.000 0.000 0.000 0.000 0.000 0.000 6.335] | 15M tok | ETA 1225.0h
Step   9480 | loss 6.1706 | lr 3.00e-04 | grad 2.92 | 0.8k tok/s | cert -6.81→-6.87 | ticks [0.000 0.000 0.000 0.000 0.000 0.000 0.000 6.138] | 15M tok | ETA 1225.0h
Step   9490 | loss 5.8937 | lr 3.00e-04 | grad 1.95 | 0.8k tok/s | cert -6.47→-6.42 | ticks [0.000 0.000 0.000 0.000 0.000 0.000 0.000 6.687] | 15M tok | ETA 1225.0h
Step   9500 | loss 6.0952 | lr 3.00e-04 | grad 1.43 | 0.8k tok/s | cert -5.86→-5.87 | ticks [0.000 0.000 0.000 0.000 0.000 0.000 0.000 5.698] | 15M tok | ETA 1225.0h
Step   9510 | loss 6.2329 | lr 3.00e-04 | grad 2.38 | 0.8k tok/s | cert -6.55→-6.52 | ticks [0.000 0.000 0.000 0.000 0.000 0.000 0.000 6.490] | 15M tok | ETA 1225.0h
Step   9520 | loss 6.1990 | lr 3.00e-04 | grad 2.55 | 0.8k tok/s | cert -7.01→-7.00 | ticks [0.000 0.000 0.000 0.000 0.000 0.000 0.000 6.336] | 15M tok | ETA 1225.0h
Step   9530 | loss 6.2009 | lr 3.00e-04 | grad 2.38 | 0.8k tok/s | cert -6.82→-6.88 | ticks [0.000 0.000 0.000 0.000 0.000 0.000 0.000 6.484] | 15M tok | ETA 1225.0h
Step   9540 | loss 6.0864 | lr 3.00e-04 | grad 2.12 | 0.8k tok/s | cert -5.78→-5.78 | ticks [0.000 0.000 0.000 0.000 0.000 0.000 0.000 5.947] | 15M tok | ETA 1225.0h
Step   9550 | loss 6.1198 | lr 3.00e-04 | grad 1.54 | 0.8k tok/s | cert -5.77→-5.83 | ticks [0.000 0.000 0.000 0.000 0.000 0.000 0.000 5.672] | 15M tok | ETA 1225.0h
Step   9560 | loss 6.1485 | lr 3.00e-04 | grad 1.63 | 0.8k tok/s | cert -6.05→-6.14 | ticks [0.000 0.000 0.000 0.000 0.000 0.000 0.000 5.741] | 15M tok | ETA 1225.0h
Step   9570 | loss 5.9625 | lr 3.00e-04 | grad 1.94 | 0.8k tok/s | cert -6.28→-6.33 | ticks [0.000 0.000 0.000 0.000 0.000 0.000 0.000 5.968] | 15M tok | ETA 1225.0h
Step   9580 | loss 6.0503 | lr 3.00e-04 | grad 1.41 | 0.8k tok/s | cert -5.56→-5.67 | ticks [0.000 0.000 0.000 0.000 0.000 0.000 0.000 5.403] | 15M tok | ETA 1225.0h
Step   9590 | loss 5.9874 | lr 3.00e-04 | grad 1.70 | 0.8k tok/s | cert -5.80→-5.84 | ticks [0.000 0.000 0.000 0.000 0.000 0.000 0.000 5.580] | 15M tok | ETA 1225.0h
Step   9600 | loss 6.1734 | lr 3.00e-04 | grad 2.02 | 0.8k tok/s | cert -6.17→-6.19 | ticks [0.000 0.000 0.000 0.000 0.000 0.000 0.000 5.668] | 15M tok | ETA 1225.0h
Step   9610 | loss 5.9989 | lr 3.00e-04 | grad 1.59 | 0.8k tok/s | cert -6.39→-6.47 | ticks [0.000 0.000 0.000 0.000 0.000 0.000 0.000 6.050] | 15M tok | ETA 1225.0h
Step   9620 | loss 5.9773 | lr 3.00e-04 | grad 1.40 | 0.8k tok/s | cert -6.07→-6.25 | ticks [0.000 0.000 0.000 0.000 0.000 0.000 0.000 6.084] | 15M tok | ETA 1225.0h
Step   9630 | loss 6.0974 | lr 3.00e-04 | grad 1.70 | 0.8k tok/s | cert -5.80→-5.87 | ticks [0.000 0.000 0.000 0.000 0.000 0.000 0.000 5.684] | 15M tok | ETA 1225.1h
Step   9640 | loss 6.0777 | lr 3.00e-04 | grad 1.73 | 0.8k tok/s | cert -6.34→-6.48 | ticks [0.000 0.000 0.000 0.000 0.000 0.000 0.000 5.999] | 15M tok | ETA 1225.1h
Step   9650 | loss 6.1696 | lr 3.00e-04 | grad 1.88 | 0.8k tok/s | cert -6.31→-6.38 | ticks [0.000 0.000 0.000 0.000 0.000 0.000 0.000 5.881] | 15M tok | ETA 1225.2h
Step   9660 | loss 6.0619 | lr 3.00e-04 | grad 1.31 | 0.8k tok/s | cert -5.83→-5.99 | ticks [0.000 0.000 0.000 0.000 0.000 0.000 0.000 5.880] | 15M tok | ETA 1225.2h
Step   9670 | loss 6.0811 | lr 3.00e-04 | grad 2.64 | 0.8k tok/s | cert -5.99→-6.02 | ticks [0.000 0.000 0.000 0.000 0.000 0.000 0.000 6.410] | 15M tok | ETA 1225.3h
Step   9680 | loss 6.1044 | lr 3.00e-04 | grad 1.91 | 0.8k tok/s | cert -6.05→-6.10 | ticks [0.000 0.000 0.000 0.000 0.000 0.000 0.000 6.102] | 15M tok | ETA 1225.3h
Step   9690 | loss 6.0774 | lr 3.00e-04 | grad 1.41 | 0.9k tok/s | cert -6.40→-6.51 | ticks [0.000 0.000 0.000 0.000 0.000 0.000 0.000 6.143] | 15M tok | ETA 1225.3h
Step   9700 | loss 5.9415 | lr 3.00e-04 | grad 3.23 | 0.9k tok/s | cert -6.79→-6.86 | ticks [0.000 0.000 0.000 0.000 0.000 0.000 0.000 6.081] | 15M tok | ETA 1225.3h
Step   9710 | loss 6.2233 | lr 3.00e-04 | grad 2.19 | 0.9k tok/s | cert -6.11→-6.22 | ticks [0.000 0.000 0.000 0.000 0.000 0.000 0.000 6.432] | 15M tok | ETA 1225.3h
Step   9720 | loss 6.1979 | lr 3.00e-04 | grad 1.60 | 0.9k tok/s | cert -5.79→-5.85 | ticks [0.000 0.000 0.000 0.000 0.000 0.000 0.000 5.537] | 15M tok | ETA 1225.2h
Step   9730 | loss 5.9528 | lr 3.00e-04 | grad 1.59 | 0.9k tok/s | cert -6.04→-6.15 | ticks [0.000 0.000 0.000 0.000 0.000 0.000 0.000 5.830] | 15M tok | ETA 1225.2h
Step   9740 | loss 6.1197 | lr 3.00e-04 | grad 1.58 | 0.9k tok/s | cert -6.10→-6.18 | ticks [0.000 0.000 0.000 0.000 0.000 0.000 0.000 5.872] | 15M tok | ETA 1225.2h
Step   9750 | loss 5.9333 | lr 3.00e-04 | grad 1.55 | 0.9k tok/s | cert -5.76→-5.86 | ticks [0.000 0.000 0.000 0.000 0.000 0.000 0.000 5.744] | 15M tok | ETA 1225.2h
Step   9760 | loss 5.8940 | lr 3.00e-04 | grad 1.92 | 0.9k tok/s | cert -5.79→-5.92 | ticks [0.000 0.000 0.000 0.000 0.000 0.000 0.000 5.899] | 15M tok | ETA 1225.2h
Step   9770 | loss 5.9269 | lr 3.00e-04 | grad 1.74 | 0.9k tok/s | cert -5.78→-5.88 | ticks [0.000 0.000 0.000 0.000 0.000 0.000 0.000 5.208] | 15M tok | ETA 1225.2h
Step   9780 | loss 6.0866 | lr 3.00e-04 | grad 2.55 | 0.9k tok/s | cert -6.18→-6.36 | ticks [0.000 0.000 0.000 0.000 0.000 0.000 0.000 5.678] | 15M tok | ETA 1225.1h
Step   9790 | loss 6.0650 | lr 3.00e-04 | grad 1.28 | 0.9k tok/s | cert -5.58→-5.65 | ticks [0.000 0.000 0.000 0.000 0.000 0.000 0.000 5.423] | 15M tok | ETA 1225.1h
Step   9800 | loss 6.1026 | lr 3.00e-04 | grad 1.95 | 0.9k tok/s | cert -6.01→-6.14 | ticks [0.000 0.000 0.000 0.000 0.000 0.000 0.000 6.139] | 15M tok | ETA 1225.1h
Step   9810 | loss 6.1830 | lr 3.00e-04 | grad 1.33 | 0.9k tok/s | cert -6.12→-6.31 | ticks [0.000 0.000 0.000 0.000 0.000 0.000 0.000 5.869] | 15M tok | ETA 1225.1h
Step   9820 | loss 5.9451 | lr 3.00e-04 | grad 2.12 | 0.9k tok/s | cert -5.88→-6.12 | ticks [0.000 0.000 0.000 0.000 0.000 0.000 0.000 5.691] | 15M tok | ETA 1225.1h
Step   9830 | loss 5.9293 | lr 3.00e-04 | grad 1.55 | 0.9k tok/s | cert -6.36→-6.55 | ticks [0.000 0.000 0.000 0.000 0.000 0.000 0.000 6.257] | 15M tok | ETA 1225.1h
Step   9840 | loss 6.3124 | lr 3.00e-04 | grad 1.59 | 0.9k tok/s | cert -6.06→-6.20 | ticks [0.000 0.000 0.000 0.000 0.000 0.000 0.000 6.205] | 15M tok | ETA 1225.0h
Step   9850 | loss 6.0314 | lr 3.00e-04 | grad 1.50 | 0.9k tok/s | cert -5.94→-6.02 | ticks [0.000 0.000 0.000 0.000 0.000 0.000 0.000 5.709] | 15M tok | ETA 1225.0h
Step   9860 | loss 6.0610 | lr 3.00e-04 | grad 2.62 | 0.9k tok/s | cert -6.25→-6.59 | ticks [0.000 0.000 0.000 0.000 0.000 0.000 0.000 5.899] | 15M tok | ETA 1225.0h
Step   9870 | loss 6.0392 | lr 3.00e-04 | grad 1.57 | 0.9k tok/s | cert -6.07→-6.36 | ticks [0.000 0.000 0.000 0.000 0.000 0.000 0.000 6.227] | 15M tok | ETA 1224.9h
Step   9880 | loss 6.1179 | lr 3.00e-04 | grad 1.48 | 0.9k tok/s | cert -5.83→-5.97 | ticks [0.000 0.000 0.000 0.000 0.000 0.000 0.000 5.879] | 15M tok | ETA 1224.9h
Step   9890 | loss 6.1798 | lr 3.00e-04 | grad 2.16 | 0.9k tok/s | cert -6.06→-6.17 | ticks [0.000 0.000 0.000 0.000 0.000 0.000 0.000 6.294] | 15M tok | ETA 1224.8h
Step   9900 | loss 6.0956 | lr 3.00e-04 | grad 3.06 | 0.9k tok/s | cert -6.93→-7.22 | ticks [0.000 0.000 0.000 0.000 0.000 0.000 0.000 6.495] | 15M tok | ETA 1224.8h
Step   9910 | loss 6.1432 | lr 3.00e-04 | grad 1.29 | 0.9k tok/s | cert -5.89→-6.06 | ticks [0.000 0.000 0.000 0.000 0.000 0.000 0.000 6.012] | 15M tok | ETA 1224.7h
Step   9920 | loss 6.0431 | lr 3.00e-04 | grad 2.62 | 0.9k tok/s | cert -5.53→-5.72 | ticks [0.000 0.000 0.000 0.000 0.000 0.000 0.000 5.866] | 15M tok | ETA 1224.7h
Step   9930 | loss 5.9924 | lr 3.00e-04 | grad 2.55 | 0.9k tok/s | cert -5.58→-5.83 | ticks [0.000 0.000 0.000 0.000 0.000 0.000 0.000 5.850] | 15M tok | ETA 1224.7h
Step   9940 | loss 6.1073 | lr 3.00e-04 | grad 2.08 | 0.9k tok/s | cert -6.43→-6.62 | ticks [0.000 0.000 0.000 0.000 0.000 0.000 0.000 5.870] | 15M tok | ETA 1224.6h
Step   9950 | loss 5.8986 | lr 3.00e-04 | grad 2.78 | 0.9k tok/s | cert -6.63→-6.87 | ticks [0.000 0.000 0.000 0.000 0.000 0.000 0.000 6.345] | 15M tok | ETA 1224.6h
Step   9960 | loss 6.1122 | lr 3.00e-04 | grad 1.58 | 0.9k tok/s | cert -6.51→-6.72 | ticks [0.000 0.000 0.000 0.000 0.000 0.000 0.000 6.597] | 15M tok | ETA 1224.6h
Step   9970 | loss 6.0759 | lr 3.00e-04 | grad 2.11 | 0.9k tok/s | cert -5.79→-5.99 | ticks [0.000 0.000 0.000 0.000 0.000 0.000 0.000 6.111] | 15M tok | ETA 1224.5h
Step   9980 | loss 5.9541 | lr 3.00e-04 | grad 1.44 | 0.9k tok/s | cert -6.01→-6.08 | ticks [0.000 0.000 0.000 0.000 0.000 0.000 0.000 5.907] | 15M tok | ETA 1224.5h
Step   9990 | loss 5.9598 | lr 3.00e-04 | grad 1.79 | 0.9k tok/s | cert -6.05→-6.20 | ticks [0.000 0.000 0.000 0.000 0.000 0.000 0.000 5.663] | 15M tok | ETA 1224.5h
Step  10000 | loss 6.0276 | lr 3.00e-04 | grad 1.31 | 0.9k tok/s | cert -6.49→-6.71 | ticks [0.000 0.000 0.000 0.000 0.000 0.000 0.000 6.402] | 15M tok | ETA 1224.5h

  >>> Eval loss: 6.6315 (best: 6.8431)
  >>> Saved best checkpoint at step 10000
  >>> Sample: 'The most important thing to understand about science is' → ' not the last month by the world on the world’s most important and how the United Nations.
As a whole grains and that the world’s first.
The first of the world’s first step to the'

Step  10010 | loss 6.0591 | lr 3.00e-04 | grad 2.12 | 0.9k tok/s | cert -6.00→-6.18 | ticks [0.000 0.000 0.000 0.000 0.000 0.000 0.000 6.095] | 15M tok | ETA 1230.1h
Step  10020 | loss 5.8633 | lr 3.00e-04 | grad 1.36 | 0.9k tok/s | cert -5.66→-5.81 | ticks [0.000 0.000 0.000 0.000 0.000 0.000 0.000 5.569] | 15M tok | ETA 1230.1h
Step  10030 | loss 6.0049 | lr 3.00e-04 | grad 2.50 | 0.9k tok/s | cert -6.44→-6.67 | ticks [0.000 0.000 0.000 0.000 0.000 0.000 0.000 5.950] | 15M tok | ETA 1230.1h
Step  10040 | loss 6.1293 | lr 3.00e-04 | grad 1.89 | 0.9k tok/s | cert -6.44→-6.73 | ticks [0.000 0.000 0.000 0.000 0.000 0.000 0.000 6.624] | 15M tok | ETA 1230.0h
Step  10050 | loss 6.0877 | lr 3.00e-04 | grad 2.39 | 0.9k tok/s | cert -5.94→-6.21 | ticks [0.000 0.000 0.000 0.000 0.000 0.000 0.000 5.737] | 15M tok | ETA 1230.0h
Step  10060 | loss 5.9949 | lr 3.00e-04 | grad 1.27 | 0.9k tok/s | cert -5.67→-5.81 | ticks [0.000 0.000 0.000 0.000 0.000 0.000 0.000 5.491] | 15M tok | ETA 1230.0h
Step  10070 | loss 6.1332 | lr 3.00e-04 | grad 1.35 | 0.9k tok/s | cert -6.06→-6.26 | ticks [0.000 0.000 0.000 0.000 0.000 0.000 0.000 5.873] | 15M tok | ETA 1230.0h
Step  10080 | loss 6.1275 | lr 3.00e-04 | grad 1.81 | 0.9k tok/s | cert -6.12→-6.40 | ticks [0.000 0.000 0.000 0.000 0.000 0.000 0.000 5.791] | 15M tok | ETA 1230.0h
Step  10090 | loss 6.0570 | lr 3.00e-04 | grad 2.62 | 0.9k tok/s | cert -6.69→-6.91 | ticks [0.000 0.000 0.000 0.000 0.000 0.000 0.000 6.362] | 15M tok | ETA 1229.9h
Step  10100 | loss 6.1901 | lr 3.00e-04 | grad 1.75 | 0.9k tok/s | cert -6.60→-6.56 | ticks [0.000 0.000 0.000 0.000 0.000 0.000 0.000 6.019] | 16M tok | ETA 1229.9h
Step  10110 | loss 6.1968 | lr 3.00e-04 | grad 1.55 | 0.9k tok/s | cert -6.05→-6.27 | ticks [0.000 0.000 0.000 0.000 0.000 0.000 0.000 5.880] | 16M tok | ETA 1229.8h
Step  10120 | loss 6.2646 | lr 3.00e-04 | grad 1.40 | 0.9k tok/s | cert -6.42→-6.58 | ticks [0.000 0.000 0.000 0.000 0.000 0.000 0.000 6.161] | 16M tok | ETA 1229.8h
Step  10130 | loss 5.9543 | lr 3.00e-04 | grad 2.61 | 0.9k tok/s | cert -5.93→-6.21 | ticks [0.000 0.000 0.000 0.000 0.000 0.000 0.000 5.790] | 16M tok | ETA 1229.7h
Step  10140 | loss 5.9591 | lr 3.00e-04 | grad 1.51 | 0.9k tok/s | cert -5.65→-5.93 | ticks [0.000 0.000 0.000 0.000 0.000 0.000 0.000 6.019] | 16M tok | ETA 1229.7h
Step  10150 | loss 6.0109 | lr 3.00e-04 | grad 1.87 | 0.9k tok/s | cert -5.56→-5.79 | ticks [0.000 0.000 0.000 0.000 0.000 0.000 0.000 5.728] | 16M tok | ETA 1229.6h
Step  10160 | loss 6.2120 | lr 3.00e-04 | grad 1.63 | 0.9k tok/s | cert -6.27→-6.45 | ticks [0.000 0.000 0.000 0.000 0.000 0.000 0.000 6.150] | 16M tok | ETA 1229.6h
Step  10170 | loss 6.2129 | lr 3.00e-04 | grad 3.06 | 0.9k tok/s | cert -6.70→-7.04 | ticks [0.000 0.000 0.000 0.000 0.000 0.000 0.000 6.291] | 16M tok | ETA 1229.5h
Step  10180 | loss 6.0380 | lr 3.00e-04 | grad 2.59 | 0.9k tok/s | cert -6.31→-6.53 | ticks [0.000 0.000 0.000 0.000 0.000 0.000 0.000 6.198] | 16M tok | ETA 1229.5h
Step  10190 | loss 5.9428 | lr 3.00e-04 | grad 1.53 | 0.9k tok/s | cert -5.77→-5.86 | ticks [0.000 0.000 0.000 0.000 0.000 0.000 0.000 5.311] | 16M tok | ETA 1229.5h
Step  10200 | loss 6.1075 | lr 3.00e-04 | grad 2.75 | 0.9k tok/s | cert -5.76→-5.97 | ticks [0.000 0.000 0.000 0.000 0.000 0.000 0.000 6.027] | 16M tok | ETA 1229.4h
Step  10210 | loss 6.1631 | lr 3.00e-04 | grad 1.80 | 0.9k tok/s | cert -6.43→-6.72 | ticks [0.000 0.000 0.000 0.000 0.000 0.000 0.000 6.245] | 16M tok | ETA 1229.4h
Step  10220 | loss 6.1319 | lr 3.00e-04 | grad 3.72 | 0.9k tok/s | cert -6.66→-7.04 | ticks [0.000 0.000 0.000 0.000 0.000 0.000 0.000 6.310] | 16M tok | ETA 1229.3h
Step  10230 | loss 5.8750 | lr 3.00e-04 | grad 2.28 | 0.9k tok/s | cert -6.38→-6.70 | ticks [0.000 0.000 0.000 0.000 0.000 0.000 0.000 6.149] | 16M tok | ETA 1229.3h
Step  10240 | loss 6.1550 | lr 3.00e-04 | grad 1.73 | 0.8k tok/s | cert -5.87→-6.16 | ticks [0.000 0.000 0.000 0.000 0.000 0.000 0.000 6.152] | 16M tok | ETA 1229.2h
Step  10250 | loss 6.0336 | lr 3.00e-04 | grad 1.84 | 0.8k tok/s | cert -5.74→-5.93 | ticks [0.000 0.000 0.000 0.000 0.000 0.000 0.000 5.732] | 16M tok | ETA 1229.2h
Step  10260 | loss 6.1719 | lr 3.00e-04 | grad 2.14 | 0.9k tok/s | cert -6.37→-6.57 | ticks [0.000 0.000 0.000 0.000 0.000 0.000 0.000 5.854] | 16M tok | ETA 1229.2h
Step  10270 | loss 6.1076 | lr 3.00e-04 | grad 1.38 | 0.9k tok/s | cert -5.96→-6.32 | ticks [0.000 0.000 0.000 0.000 0.000 0.000 0.000 6.101] | 16M tok | ETA 1229.2h
Step  10280 | loss 5.9668 | lr 3.00e-04 | grad 2.22 | 0.9k tok/s | cert -6.40→-6.73 | ticks [0.000 0.000 0.000 0.000 0.000 0.000 0.000 6.087] | 16M tok | ETA 1229.1h
Step  10290 | loss 6.1402 | lr 3.00e-04 | grad 1.91 | 0.9k tok/s | cert -5.97→-6.27 | ticks [0.000 0.000 0.000 0.000 0.000 0.000 0.000 6.279] | 16M tok | ETA 1229.1h
Step  10300 | loss 6.0923 | lr 3.00e-04 | grad 1.66 | 0.9k tok/s | cert -6.40→-6.71 | ticks [0.000 0.000 0.000 0.000 0.000 0.000 0.000 6.313] | 16M tok | ETA 1229.0h
Step  10310 | loss 6.0638 | lr 3.00e-04 | grad 1.45 | 0.9k tok/s | cert -6.21→-6.46 | ticks [0.000 0.000 0.000 0.000 0.000 0.000 0.000 6.104] | 16M tok | ETA 1228.9h
Step  10320 | loss 5.8756 | lr 3.00e-04 | grad 2.02 | 0.9k tok/s | cert -6.20→-6.52 | ticks [0.000 0.000 0.000 0.000 0.000 0.000 0.000 6.074] | 16M tok | ETA 1228.9h
Step  10330 | loss 5.8802 | lr 3.00e-04 | grad 1.68 | 0.9k tok/s | cert -5.71→-5.96 | ticks [0.000 0.000 0.000 0.000 0.000 0.000 0.000 5.915] | 16M tok | ETA 1228.8h
Step  10340 | loss 5.9328 | lr 3.00e-04 | grad 2.64 | 0.9k tok/s | cert -5.46→-5.61 | ticks [0.000 0.000 0.000 0.000 0.000 0.000 0.000 5.958] | 16M tok | ETA 1228.8h
Step  10350 | loss 5.9359 | lr 3.00e-04 | grad 1.38 | 0.9k tok/s | cert -5.71→-5.87 | ticks [0.000 0.000 0.000 0.000 0.000 0.000 0.000 5.311] | 16M tok | ETA 1228.8h
Step  10360 | loss 5.8713 | lr 3.00e-04 | grad 1.72 | 0.9k tok/s | cert -6.09→-6.40 | ticks [0.000 0.000 0.000 0.000 0.000 0.000 0.000 5.984] | 16M tok | ETA 1228.7h
Step  10370 | loss 6.0125 | lr 3.00e-04 | grad 2.22 | 0.9k tok/s | cert -6.05→-6.38 | ticks [0.000 0.000 0.000 0.000 0.000 0.000 0.000 5.867] | 16M tok | ETA 1228.7h
Step  10380 | loss 5.9561 | lr 3.00e-04 | grad 2.09 | 0.9k tok/s | cert -5.80→-5.97 | ticks [0.000 0.000 0.000 0.000 0.000 0.000 0.000 6.106] | 16M tok | ETA 1228.7h
Step  10390 | loss 6.0612 | lr 3.00e-04 | grad 2.59 | 0.9k tok/s | cert -6.45→-6.61 | ticks [0.000 0.000 0.000 0.000 0.000 0.000 0.000 6.430] | 16M tok | ETA 1228.6h
Step  10400 | loss 5.9086 | lr 3.00e-04 | grad 1.96 | 0.9k tok/s | cert -6.20→-6.47 | ticks [0.000 0.000 0.000 0.000 0.000 0.000 0.000 5.836] | 16M tok | ETA 1228.6h
Step  10410 | loss 6.1548 | lr 3.00e-04 | grad 2.36 | 0.9k tok/s | cert -6.39→-6.55 | ticks [0.000 0.000 0.000 0.000 0.000 0.000 0.000 5.791] | 16M tok | ETA 1228.6h
Step  10420 | loss 6.0516 | lr 3.00e-04 | grad 1.88 | 0.9k tok/s | cert -5.53→-5.70 | ticks [0.000 0.000 0.000 0.000 0.000 0.000 0.000 5.855] | 16M tok | ETA 1228.5h
Step  10430 | loss 5.8563 | lr 3.00e-04 | grad 1.98 | 0.9k tok/s | cert -5.39→-5.60 | ticks [0.000 0.000 0.000 0.000 0.000 0.000 0.000 5.730] | 16M tok | ETA 1228.5h
Step  10440 | loss 6.0878 | lr 3.00e-04 | grad 1.58 | 0.9k tok/s | cert -6.29→-6.45 | ticks [0.000 0.000 0.000 0.000 0.000 0.000 0.000 6.123] | 16M tok | ETA 1228.5h
Step  10450 | loss 5.9371 | lr 3.00e-04 | grad 1.63 | 0.9k tok/s | cert -6.43→-6.68 | ticks [0.000 0.000 0.000 0.000 0.000 0.000 0.000 6.242] | 16M tok | ETA 1228.4h
Step  10460 | loss 6.0214 | lr 3.00e-04 | grad 1.38 | 0.9k tok/s | cert -5.68→-5.92 | ticks [0.000 0.000 0.000 0.000 0.000 0.000 0.000 5.692] | 16M tok | ETA 1228.4h
Step  10470 | loss 5.8115 | lr 3.00e-04 | grad 1.59 | 0.9k tok/s | cert -5.71→-5.91 | ticks [0.000 0.000 0.000 0.000 0.000 0.000 0.000 5.523] | 16M tok | ETA 1228.3h
Step  10480 | loss 6.0575 | lr 3.00e-04 | grad 1.56 | 0.9k tok/s | cert -5.59→-5.71 | ticks [0.000 0.000 0.000 0.000 0.000 0.000 0.000 5.434] | 16M tok | ETA 1228.3h
Step  10490 | loss 5.7486 | lr 3.00e-04 | grad 2.48 | 0.9k tok/s | cert -6.85→-7.05 | ticks [0.000 0.000 0.000 0.000 0.000 0.000 0.000 6.317] | 16M tok | ETA 1228.2h
Step  10500 | loss 5.9870 | lr 3.00e-04 | grad 1.35 | 0.9k tok/s | cert -5.89→-6.14 | ticks [0.000 0.000 0.000 0.000 0.000 0.000 0.000 6.051] | 16M tok | ETA 1228.2h
Step  10510 | loss 5.8745 | lr 3.00e-04 | grad 1.38 | 0.9k tok/s | cert -5.71→-5.81 | ticks [0.000 0.000 0.000 0.000 0.000 0.000 0.000 5.481] | 16M tok | ETA 1228.1h
Step  10520 | loss 5.9181 | lr 3.00e-04 | grad 1.64 | 0.9k tok/s | cert -6.04→-6.19 | ticks [0.000 0.000 0.000 0.000 0.000 0.000 0.000 6.115] | 16M tok | ETA 1228.1h
Step  10530 | loss 5.9375 | lr 3.00e-04 | grad 2.39 | 0.9k tok/s | cert -6.04→-6.21 | ticks [0.000 0.000 0.000 0.000 0.000 0.000 0.000 5.462] | 16M tok | ETA 1228.1h
Step  10540 | loss 6.0467 | lr 3.00e-04 | grad 2.98 | 0.9k tok/s | cert -6.57→-6.75 | ticks [0.000 0.000 0.000 0.000 0.000 0.000 0.000 6.127] | 16M tok | ETA 1228.0h
Step  10550 | loss 6.2692 | lr 3.00e-04 | grad 2.45 | 0.9k tok/s | cert -6.49→-6.58 | ticks [0.000 0.000 0.000 0.000 0.000 0.000 0.000 6.300] | 16M tok | ETA 1228.0h
Step  10560 | loss 6.2762 | lr 3.00e-04 | grad 1.70 | 0.9k tok/s | cert -6.45→-6.59 | ticks [0.000 0.000 0.000 0.000 0.000 0.000 0.000 6.315] | 16M tok | ETA 1227.9h
Step  10570 | loss 5.9653 | lr 3.00e-04 | grad 2.44 | 0.9k tok/s | cert -6.41→-6.60 | ticks [0.000 0.000 0.000 0.000 0.000 0.000 0.000 5.786] | 16M tok | ETA 1227.9h
Step  10580 | loss 6.0480 | lr 3.00e-04 | grad 1.66 | 0.9k tok/s | cert -5.95→-6.15 | ticks [0.000 0.000 0.000 0.000 0.000 0.000 0.000 5.794] | 16M tok | ETA 1227.8h
Step  10590 | loss 6.0029 | lr 3.00e-04 | grad 2.34 | 0.9k tok/s | cert -6.40→-6.45 | ticks [0.000 0.000 0.000 0.000 0.000 0.000 0.000 6.497] | 16M tok | ETA 1227.8h
Step  10600 | loss 5.9999 | lr 3.00e-04 | grad 1.53 | 0.9k tok/s | cert -5.91→-6.07 | ticks [0.000 0.000 0.000 0.000 0.000 0.000 0.000 5.434] | 16M tok | ETA 1227.7h
Step  10610 | loss 6.0843 | lr 3.00e-04 | grad 2.05 | 0.9k tok/s | cert -6.60→-6.86 | ticks [0.000 0.000 0.000 0.000 0.000 0.000 0.000 6.645] | 16M tok | ETA 1227.7h
Step  10620 | loss 6.0281 | lr 3.00e-04 | grad 2.30 | 0.9k tok/s | cert -6.03→-6.14 | ticks [0.000 0.000 0.000 0.000 0.000 0.000 0.000 5.616] | 16M tok | ETA 1227.7h
Step  10630 | loss 6.0514 | lr 3.00e-04 | grad 1.66 | 0.9k tok/s | cert -5.79→-5.92 | ticks [0.000 0.000 0.000 0.000 0.000 0.000 0.000 5.822] | 16M tok | ETA 1227.6h
Step  10640 | loss 6.0241 | lr 3.00e-04 | grad 1.79 | 0.9k tok/s | cert -5.93→-6.16 | ticks [0.000 0.000 0.000 0.000 0.000 0.000 0.000 6.126] | 16M tok | ETA 1227.6h
Step  10650 | loss 5.8415 | lr 3.00e-04 | grad 1.73 | 0.9k tok/s | cert -6.00→-6.28 | ticks [0.000 0.000 0.000 0.000 0.000 0.000 0.000 5.664] | 16M tok | ETA 1227.5h
Step  10660 | loss 6.0558 | lr 3.00e-04 | grad 1.70 | 0.9k tok/s | cert -6.47→-6.72 | ticks [0.000 0.000 0.000 0.000 0.000 0.000 0.000 6.469] | 16M tok | ETA 1227.5h
Step  10670 | loss 5.9889 | lr 3.00e-04 | grad 1.48 | 0.9k tok/s | cert -5.69→-5.83 | ticks [0.000 0.000 0.000 0.000 0.000 0.000 0.000 5.777] | 16M tok | ETA 1227.4h
Step  10680 | loss 5.9663 | lr 3.00e-04 | grad 1.93 | 0.9k tok/s | cert -5.74→-5.99 | ticks [0.000 0.000 0.000 0.000 0.000 0.000 0.000 6.151] | 16M tok | ETA 1227.4h
Step  10690 | loss 6.0704 | lr 3.00e-04 | grad 2.56 | 0.9k tok/s | cert -6.89→-7.11 | ticks [0.000 0.000 0.000 0.000 0.000 0.000 0.000 6.789] | 16M tok | ETA 1227.4h
Step  10700 | loss 6.5682 | lr 3.00e-04 | grad 2.28 | 0.9k tok/s | cert -7.50→-7.97 | ticks [0.000 0.000 0.000 0.000 0.000 0.000 0.000 7.391] | 16M tok | ETA 1227.3h
Step  10710 | loss 6.3705 | lr 3.00e-04 | grad 3.39 | 0.9k tok/s | cert -7.57→-8.04 | ticks [0.000 0.000 0.000 0.000 0.000 0.000 0.000 7.060] | 16M tok | ETA 1227.3h
Step  10720 | loss 5.9377 | lr 3.00e-04 | grad 1.32 | 0.9k tok/s | cert -5.64→-5.89 | ticks [0.000 0.000 0.000 0.000 0.000 0.000 0.000 5.606] | 16M tok | ETA 1227.2h
Step  10730 | loss 6.0600 | lr 3.00e-04 | grad 2.08 | 0.8k tok/s | cert -5.54→-5.65 | ticks [0.000 0.000 0.000 0.000 0.000 0.000 0.000 5.652] | 16M tok | ETA 1227.2h
Step  10740 | loss 6.1963 | lr 3.00e-04 | grad 1.52 | 0.8k tok/s | cert -6.11→-6.16 | ticks [0.000 0.000 0.000 0.000 0.000 0.000 0.000 5.878] | 16M tok | ETA 1227.2h
Step  10750 | loss 6.0645 | lr 3.00e-04 | grad 1.95 | 0.9k tok/s | cert -6.38→-6.45 | ticks [0.000 0.000 0.000 0.000 0.000 0.000 0.000 5.824] | 17M tok | ETA 1227.2h
Step  10760 | loss 6.0273 | lr 3.00e-04 | grad 2.28 | 0.9k tok/s | cert -6.20→-6.41 | ticks [0.000 0.000 0.000 0.000 0.000 0.000 0.000 6.112] | 17M tok | ETA 1227.2h
Step  10770 | loss 5.9377 | lr 3.00e-04 | grad 1.67 | 0.9k tok/s | cert -5.63→-5.85 | ticks [0.000 0.000 0.000 0.000 0.000 0.000 0.000 5.819] | 17M tok | ETA 1227.1h
Step  10780 | loss 5.9585 | lr 3.00e-04 | grad 1.55 | 0.9k tok/s | cert -5.80→-5.93 | ticks [0.000 0.000 0.000 0.000 0.000 0.000 0.000 5.534] | 17M tok | ETA 1227.1h
Step  10790 | loss 5.9338 | lr 3.00e-04 | grad 1.86 | 0.9k tok/s | cert -6.48→-6.78 | ticks [0.000 0.000 0.000 0.000 0.000 0.000 0.000 6.772] | 17M tok | ETA 1227.0h
Step  10800 | loss 6.0165 | lr 3.00e-04 | grad 3.56 | 0.9k tok/s | cert -6.80→-7.05 | ticks [0.000 0.000 0.000 0.000 0.000 0.000 0.000 5.972] | 17M tok | ETA 1227.0h
Step  10810 | loss 6.2303 | lr 3.00e-04 | grad 1.62 | 0.9k tok/s | cert -6.46→-6.62 | ticks [0.000 0.000 0.000 0.000 0.000 0.000 0.000 6.478] | 17M tok | ETA 1226.9h
Step  10820 | loss 6.2740 | lr 3.00e-04 | grad 2.53 | 0.9k tok/s | cert -5.67→-5.83 | ticks [0.000 0.000 0.000 0.000 0.000 0.000 0.000 6.044] | 17M tok | ETA 1226.9h
Step  10830 | loss 5.9711 | lr 3.00e-04 | grad 1.35 | 0.9k tok/s | cert -5.78→-6.04 | ticks [0.000 0.000 0.000 0.000 0.000 0.000 0.000 5.956] | 17M tok | ETA 1226.8h
Step  10840 | loss 6.0123 | lr 3.00e-04 | grad 1.38 | 0.9k tok/s | cert -6.31→-6.46 | ticks [0.000 0.000 0.000 0.000 0.000 0.000 0.000 5.979] | 17M tok | ETA 1226.8h
Step  10850 | loss 5.9356 | lr 3.00e-04 | grad 2.45 | 0.9k tok/s | cert -6.16→-6.36 | ticks [0.000 0.000 0.000 0.000 0.000 0.000 0.000 5.825] | 17M tok | ETA 1226.7h
Step  10860 | loss 6.0689 | lr 3.00e-04 | grad 1.53 | 0.9k tok/s | cert -6.02→-6.26 | ticks [0.000 0.000 0.000 0.000 0.000 0.000 0.000 5.825] | 17M tok | ETA 1226.7h
Step  10870 | loss 6.0719 | lr 3.00e-04 | grad 1.46 | 0.9k tok/s | cert -5.71→-5.92 | ticks [0.000 0.000 0.000 0.000 0.000 0.000 0.000 5.862] | 17M tok | ETA 1226.7h
Step  10880 | loss 6.1683 | lr 3.00e-04 | grad 1.69 | 0.9k tok/s | cert -6.17→-6.41 | ticks [0.000 0.000 0.000 0.000 0.000 0.000 0.000 6.141] | 17M tok | ETA 1226.7h
Step  10890 | loss 6.0852 | lr 3.00e-04 | grad 2.39 | 0.9k tok/s | cert -6.74→-7.06 | ticks [0.000 0.000 0.000 0.000 0.000 0.000 0.000 6.578] | 17M tok | ETA 1226.7h
Step  10900 | loss 5.8011 | lr 3.00e-04 | grad 1.18 | 0.9k tok/s | cert -5.70→-5.88 | ticks [0.000 0.000 0.000 0.000 0.000 0.000 0.000 5.353] | 17M tok | ETA 1226.6h
Step  10910 | loss 5.9491 | lr 3.00e-04 | grad 3.42 | 0.9k tok/s | cert -5.85→-5.98 | ticks [0.000 0.000 0.000 0.000 0.000 0.000 0.000 6.397] | 17M tok | ETA 1226.6h
Step  10920 | loss 5.9494 | lr 3.00e-04 | grad 1.87 | 0.9k tok/s | cert -5.56→-5.64 | ticks [0.000 0.000 0.000 0.000 0.000 0.000 0.000 5.534] | 17M tok | ETA 1226.5h
Step  10930 | loss 5.8937 | lr 3.00e-04 | grad 2.44 | 0.9k tok/s | cert -6.45→-6.53 | ticks [0.000 0.000 0.000 0.000 0.000 0.000 0.000 6.671] | 17M tok | ETA 1226.5h
Step  10940 | loss 5.8963 | lr 3.00e-04 | grad 3.39 | 0.9k tok/s | cert -6.17→-6.43 | ticks [0.000 0.000 0.000 0.000 0.000 0.000 0.000 5.532] | 17M tok | ETA 1226.4h
Step  10950 | loss 5.8790 | lr 3.00e-04 | grad 2.14 | 0.9k tok/s | cert -5.88→-6.02 | ticks [0.000 0.000 0.000 0.000 0.000 0.000 0.000 5.925] | 17M tok | ETA 1226.4h
Step  10960 | loss 6.0896 | lr 3.00e-04 | grad 1.97 | 0.9k tok/s | cert -5.98→-6.34 | ticks [0.000 0.000 0.000 0.000 0.000 0.000 0.000 6.445] | 17M tok | ETA 1226.3h
Step  10970 | loss 5.9492 | lr 3.00e-04 | grad 1.76 | 0.9k tok/s | cert -6.19→-6.38 | ticks [0.000 0.000 0.000 0.000 0.000 0.000 0.000 6.051] | 17M tok | ETA 1226.3h
Step  10980 | loss 5.8130 | lr 3.00e-04 | grad 1.77 | 0.9k tok/s | cert -5.99→-6.03 | ticks [0.000 0.000 0.000 0.000 0.000 0.000 0.000 5.383] | 17M tok | ETA 1226.3h
Step  10990 | loss 6.2237 | lr 3.00e-04 | grad 1.45 | 0.9k tok/s | cert -6.21→-6.36 | ticks [0.000 0.000 0.000 0.000 0.000 0.000 0.000 6.104] | 17M tok | ETA 1226.2h
Step  11000 | loss 5.9792 | lr 3.00e-04 | grad 2.27 | 0.9k tok/s | cert -5.71→-5.94 | ticks [0.000 0.000 0.000 0.000 0.000 0.000 0.000 6.106] | 17M tok | ETA 1226.2h
Step  11010 | loss 5.6784 | lr 3.00e-04 | grad 1.48 | 0.9k tok/s | cert -5.90→-5.92 | ticks [0.000 0.000 0.000 0.000 0.000 0.000 0.000 5.388] | 17M tok | ETA 1226.1h
Step  11020 | loss 5.9369 | lr 3.00e-04 | grad 1.28 | 0.9k tok/s | cert -5.96→-6.05 | ticks [0.000 0.000 0.000 0.000 0.000 0.000 0.000 5.779] | 17M tok | ETA 1226.1h
Step  11030 | loss 5.8590 | lr 3.00e-04 | grad 1.91 | 0.9k tok/s | cert -6.15→-6.24 | ticks [0.000 0.000 0.000 0.000 0.000 0.000 0.000 5.933] | 17M tok | ETA 1226.0h
Step  11040 | loss 5.9746 | lr 3.00e-04 | grad 1.40 | 0.9k tok/s | cert -5.94→-6.06 | ticks [0.000 0.000 0.000 0.000 0.000 0.000 0.000 5.800] | 17M tok | ETA 1226.0h
Step  11050 | loss 6.0702 | lr 3.00e-04 | grad 1.67 | 0.9k tok/s | cert -6.07→-6.22 | ticks [0.000 0.000 0.000 0.000 0.000 0.000 0.000 5.999] | 17M tok | ETA 1226.0h
Step  11060 | loss 6.0373 | lr 3.00e-04 | grad 2.66 | 0.9k tok/s | cert -6.98→-7.09 | ticks [0.000 0.000 0.000 0.000 0.000 0.000 0.000 6.444] | 17M tok | ETA 1225.9h
Step  11070 | loss 5.9629 | lr 3.00e-04 | grad 1.69 | 0.9k tok/s | cert -6.04→-6.17 | ticks [0.000 0.000 0.000 0.000 0.000 0.000 0.000 5.517] | 17M tok | ETA 1225.9h
Step  11080 | loss 6.0149 | lr 3.00e-04 | grad 1.52 | 0.9k tok/s | cert -5.95→-6.09 | ticks [0.000 0.000 0.000 0.000 0.000 0.000 0.000 5.945] | 17M tok | ETA 1225.8h
Step  11090 | loss 6.0151 | lr 3.00e-04 | grad 1.18 | 0.9k tok/s | cert -5.67→-5.79 | ticks [0.000 0.000 0.000 0.000 0.000 0.000 0.000 5.545] | 17M tok | ETA 1225.8h
Step  11100 | loss 5.9254 | lr 3.00e-04 | grad 2.20 | 0.9k tok/s | cert -6.49→-6.62 | ticks [0.000 0.000 0.000 0.000 0.000 0.000 0.000 5.869] | 17M tok | ETA 1225.7h
Step  11110 | loss 6.1741 | lr 3.00e-04 | grad 1.26 | 0.9k tok/s | cert -6.16→-6.25 | ticks [0.000 0.000 0.000 0.000 0.000 0.000 0.000 6.018] | 17M tok | ETA 1225.7h
Step  11120 | loss 5.9392 | lr 3.00e-04 | grad 1.38 | 0.9k tok/s | cert -5.74→-5.88 | ticks [0.000 0.000 0.000 0.000 0.000 0.000 0.000 5.846] | 17M tok | ETA 1225.7h
Step  11130 | loss 5.8886 | lr 3.00e-04 | grad 1.53 | 0.9k tok/s | cert -5.83→-6.06 | ticks [0.000 0.000 0.000 0.000 0.000 0.000 0.000 5.821] | 17M tok | ETA 1225.7h
Step  11140 | loss 5.8797 | lr 3.00e-04 | grad 2.19 | 0.9k tok/s | cert -6.17→-6.38 | ticks [0.000 0.000 0.000 0.000 0.000 0.000 0.000 5.801] | 17M tok | ETA 1225.6h
Step  11150 | loss 6.2274 | lr 3.00e-04 | grad 1.66 | 0.9k tok/s | cert -5.93→-6.04 | ticks [0.000 0.000 0.000 0.000 0.000 0.000 0.000 5.473] | 17M tok | ETA 1225.6h
Step  11160 | loss 6.0091 | lr 3.00e-04 | grad 1.60 | 0.9k tok/s | cert -5.99→-6.03 | ticks [0.000 0.000 0.000 0.000 0.000 0.000 0.000 5.845] | 17M tok | ETA 1225.6h
Step  11170 | loss 6.1170 | lr 3.00e-04 | grad 1.61 | 0.9k tok/s | cert -5.89→-5.91 | ticks [0.000 0.000 0.000 0.000 0.000 0.000 0.000 5.821] | 17M tok | ETA 1225.5h
Step  11180 | loss 6.0108 | lr 3.00e-04 | grad 2.23 | 0.9k tok/s | cert -6.40→-6.64 | ticks [0.000 0.000 0.000 0.000 0.000 0.000 0.000 6.199] | 17M tok | ETA 1225.5h
Step  11190 | loss 6.0319 | lr 3.00e-04 | grad 2.20 | 0.9k tok/s | cert -5.98→-6.26 | ticks [0.000 0.000 0.000 0.000 0.000 0.000 0.000 5.958] | 17M tok | ETA 1225.5h
Step  11200 | loss 6.1063 | lr 3.00e-04 | grad 1.36 | 0.9k tok/s | cert -5.84→-5.96 | ticks [0.000 0.000 0.000 0.000 0.000 0.000 0.000 5.526] | 17M tok | ETA 1225.4h
Step  11210 | loss 6.0485 | lr 3.00e-04 | grad 1.80 | 0.9k tok/s | cert -5.99→-6.26 | ticks [0.000 0.000 0.000 0.000 0.000 0.000 0.000 6.005] | 17M tok | ETA 1225.4h
Step  11220 | loss 5.8265 | lr 3.00e-04 | grad 2.39 | 0.9k tok/s | cert -6.00→-6.15 | ticks [0.000 0.000 0.000 0.000 0.000 0.000 0.000 5.422] | 17M tok | ETA 1225.3h
Step  11230 | loss 5.7987 | lr 3.00e-04 | grad 1.62 | 0.9k tok/s | cert -6.17→-6.38 | ticks [0.000 0.000 0.000 0.000 0.000 0.000 0.000 6.018] | 17M tok | ETA 1225.3h
Step  11240 | loss 6.0046 | lr 3.00e-04 | grad 2.78 | 0.9k tok/s | cert -5.72→-5.80 | ticks [0.000 0.000 0.000 0.000 0.000 0.000 0.000 6.065] | 17M tok | ETA 1225.3h
Step  11250 | loss 6.0637 | lr 3.00e-04 | grad 2.45 | 0.9k tok/s | cert -6.15→-6.34 | ticks [0.000 0.000 0.000 0.000 0.000 0.000 0.000 6.357] | 17M tok | ETA 1225.2h
Step  11260 | loss 6.0162 | lr 3.00e-04 | grad 1.50 | 0.9k tok/s | cert -6.50→-6.63 | ticks [0.000 0.000 0.000 0.000 0.000 0.000 0.000 6.233] | 17M tok | ETA 1225.2h
Step  11270 | loss 5.9948 | lr 3.00e-04 | grad 2.44 | 0.9k tok/s | cert -6.24→-6.41 | ticks [0.000 0.000 0.000 0.000 0.000 0.000 0.000 5.708] | 17M tok | ETA 1225.1h
Step  11280 | loss 6.0518 | lr 3.00e-04 | grad 1.38 | 0.9k tok/s | cert -5.42→-5.57 | ticks [0.000 0.000 0.000 0.000 0.000 0.000 0.000 5.418] | 17M tok | ETA 1225.1h
Step  11290 | loss 5.9828 | lr 3.00e-04 | grad 1.72 | 0.9k tok/s | cert -5.63→-5.80 | ticks [0.000 0.000 0.000 0.000 0.000 0.000 0.000 5.773] | 17M tok | ETA 1225.1h
Step  11300 | loss 5.9510 | lr 3.00e-04 | grad 1.55 | 0.9k tok/s | cert -6.01→-6.14 | ticks [0.000 0.000 0.000 0.000 0.000 0.000 0.000 5.607] | 17M tok | ETA 1225.0h
Step  11310 | loss 6.0315 | lr 3.00e-04 | grad 1.73 | 0.9k tok/s | cert -6.55→-6.65 | ticks [0.000 0.000 0.000 0.000 0.000 0.000 0.000 6.352] | 17M tok | ETA 1225.0h
Step  11320 | loss 5.7861 | lr 3.00e-04 | grad 1.47 | 0.9k tok/s | cert -6.18→-6.35 | ticks [0.000 0.000 0.000 0.000 0.000 0.000 0.000 6.120] | 17M tok | ETA 1224.9h
Step  11330 | loss 5.9304 | lr 3.00e-04 | grad 1.38 | 0.9k tok/s | cert -5.71→-5.94 | ticks [0.000 0.000 0.000 0.000 0.000 0.000 0.000 5.676] | 17M tok | ETA 1224.9h
Step  11340 | loss 5.9888 | lr 3.00e-04 | grad 2.33 | 0.9k tok/s | cert -5.53→-5.75 | ticks [0.000 0.000 0.000 0.000 0.000 0.000 0.000 6.056] | 17M tok | ETA 1224.9h
Step  11350 | loss 5.9743 | lr 3.00e-04 | grad 1.62 | 0.9k tok/s | cert -6.04→-6.32 | ticks [0.000 0.000 0.000 0.000 0.000 0.000 0.000 5.604] | 17M tok | ETA 1224.8h
Step  11360 | loss 6.3884 | lr 3.00e-04 | grad 4.12 | 0.9k tok/s | cert -7.76→-7.90 | ticks [0.000 0.000 0.000 0.000 0.000 0.000 0.000 7.184] | 17M tok | ETA 1224.8h
Step  11370 | loss 6.5158 | lr 3.00e-04 | grad 5.56 | 0.9k tok/s | cert -6.76→-6.83 | ticks [0.000 0.000 0.000 0.000 0.000 0.000 0.000 7.830] | 17M tok | ETA 1224.7h
Step  11380 | loss 5.7335 | lr 3.00e-04 | grad 1.54 | 0.9k tok/s | cert -5.59→-5.70 | ticks [0.000 0.000 0.000 0.000 0.000 0.000 0.000 5.467] | 17M tok | ETA 1224.7h
Step  11390 | loss 5.8245 | lr 3.00e-04 | grad 1.62 | 0.9k tok/s | cert -5.79→-5.97 | ticks [0.000 0.000 0.000 0.000 0.000 0.000 0.000 5.902] | 17M tok | ETA 1224.7h
Step  11400 | loss 5.9028 | lr 3.00e-04 | grad 1.47 | 0.9k tok/s | cert -6.10→-6.22 | ticks [0.000 0.000 0.000 0.000 0.000 0.000 0.000 5.760] | 18M tok | ETA 1224.6h
Step  11410 | loss 5.9895 | lr 3.00e-04 | grad 1.38 | 0.9k tok/s | cert -5.89→-6.15 | ticks [0.000 0.000 0.000 0.000 0.000 0.000 0.000 5.868] | 18M tok | ETA 1224.6h
Step  11420 | loss 6.3079 | lr 3.00e-04 | grad 1.71 | 0.9k tok/s | cert -5.69→-6.00 | ticks [0.000 0.000 0.000 0.000 0.000 0.000 0.000 6.223] | 18M tok | ETA 1224.6h
Step  11430 | loss 6.1393 | lr 3.00e-04 | grad 1.75 | 0.9k tok/s | cert -6.76→-6.99 | ticks [0.000 0.000 0.000 0.000 0.000 0.000 0.000 6.491] | 18M tok | ETA 1224.5h
Step  11440 | loss 5.9623 | lr 3.00e-04 | grad 1.42 | 0.9k tok/s | cert -5.92→-6.03 | ticks [0.000 0.000 0.000 0.000 0.000 0.000 0.000 5.890] | 18M tok | ETA 1224.5h
Step  11450 | loss 5.9126 | lr 3.00e-04 | grad 1.79 | 0.9k tok/s | cert -5.75→-5.95 | ticks [0.000 0.000 0.000 0.000 0.000 0.000 0.000 5.598] | 18M tok | ETA 1224.5h
Step  11460 | loss 5.8150 | lr 3.00e-04 | grad 1.58 | 0.9k tok/s | cert -5.95→-6.12 | ticks [0.000 0.000 0.000 0.000 0.000 0.000 0.000 5.577] | 18M tok | ETA 1224.5h
Step  11470 | loss 6.2474 | lr 3.00e-04 | grad 1.71 | 0.9k tok/s | cert -5.98→-6.17 | ticks [0.000 0.000 0.000 0.000 0.000 0.000 0.000 5.868] | 18M tok | ETA 1224.4h
Step  11480 | loss 5.9357 | lr 3.00e-04 | grad 1.49 | 0.9k tok/s | cert -6.18→-6.49 | ticks [0.000 0.000 0.000 0.000 0.000 0.000 0.000 5.988] | 18M tok | ETA 1224.4h
Step  11490 | loss 6.1196 | lr 3.00e-04 | grad 1.48 | 0.9k tok/s | cert -6.18→-6.33 | ticks [0.000 0.000 0.000 0.000 0.000 0.000 0.000 6.234] | 18M tok | ETA 1224.4h
Step  11500 | loss 6.3076 | lr 3.00e-04 | grad 1.45 | 0.9k tok/s | cert -5.96→-6.24 | ticks [0.000 0.000 0.000 0.000 0.000 0.000 0.000 6.195] | 18M tok | ETA 1224.3h
Step  11510 | loss 6.0748 | lr 3.00e-04 | grad 1.46 | 0.9k tok/s | cert -6.28→-6.51 | ticks [0.000 0.000 0.000 0.000 0.000 0.000 0.000 5.992] | 18M tok | ETA 1224.3h
Step  11520 | loss 6.1159 | lr 3.00e-04 | grad 2.78 | 0.9k tok/s | cert -6.42→-6.68 | ticks [0.000 0.000 0.000 0.000 0.000 0.000 0.000 7.185] | 18M tok | ETA 1224.2h
Step  11530 | loss 6.1697 | lr 3.00e-04 | grad 1.96 | 0.9k tok/s | cert -6.65→-6.95 | ticks [0.000 0.000 0.000 0.000 0.000 0.000 0.000 6.558] | 18M tok | ETA 1224.2h
Step  11540 | loss 5.8332 | lr 3.00e-04 | grad 1.89 | 0.9k tok/s | cert -6.32→-6.52 | ticks [0.000 0.000 0.000 0.000 0.000 0.000 0.000 5.942] | 18M tok | ETA 1224.1h
Step  11550 | loss 5.9349 | lr 3.00e-04 | grad 1.60 | 0.9k tok/s | cert -5.77→-5.90 | ticks [0.000 0.000 0.000 0.000 0.000 0.000 0.000 5.847] | 18M tok | ETA 1224.1h
Step  11560 | loss 5.8761 | lr 3.00e-04 | grad 2.06 | 0.9k tok/s | cert -5.46→-5.56 | ticks [0.000 0.000 0.000 0.000 0.000 0.000 0.000 5.741] | 18M tok | ETA 1224.1h
Step  11570 | loss 6.0262 | lr 3.00e-04 | grad 1.73 | 0.9k tok/s | cert -5.70→-5.95 | ticks [0.000 0.000 0.000 0.000 0.000 0.000 0.000 5.876] | 18M tok | ETA 1224.0h
Step  11580 | loss 5.8021 | lr 3.00e-04 | grad 2.09 | 0.9k tok/s | cert -6.28→-6.51 | ticks [0.000 0.000 0.000 0.000 0.000 0.000 0.000 5.678] | 18M tok | ETA 1224.0h
/usr/lib/python3.14/multiprocessing/resource_tracker.py:396: UserWarning: resource_tracker: There appear to be 16 leaked semaphore objects to clean up at shutdown: {'/mp-5j5lps0f', '/mp-c4m8ysca', '/mp-cirjgjle', '/mp-g2psjum8', '/mp-b70op1a4', '/mp-4ydedk_b', '/mp-tgkdjn4g', '/mp-zgkb9px4', '/mp-vtcbd0pz', '/mp-owpt2udf', '/mp-6252inf6', '/mp-qfbfferx', '/mp-hfgvvwdr', '/mp-vdr905ya', '/mp-riuds3gq', '/mp-cv3a3cfi'}
  warnings.warn(
