Device: cuda
Tokenizer: gpt2 (vocab_size=50,257)
Dataset: HuggingFaceFW/fineweb-edu (sample-10BT)
  Streaming mode — data loaded on the fly from HuggingFace Hub
Model: 52,263,895 parameters (52.3M)
Config: d_model=384, d_latent=384, n_layers=6, n_heads=6, thought_steps=4, history_len=8, nlm_hidden=32, nlm_groups=1

======================================================================
Starting training for 2,441,406 steps
Target: ~10.0B tokens from FineWeb-Edu
======================================================================

Step      0 | loss 10.9180 | lr 0.00e+00 | grad 1.27 | 7.7k tok/s | cert -10.75→-10.75 | ticks [10.914 10.927 10.919 10.918] | 0M tok | ETA 14672.7h
Step     10 | loss 10.9073 | lr 1.50e-06 | grad 1.59 | 32.5k tok/s | cert -10.75→-10.75 | ticks [10.901 10.897 10.897 10.897] | 0M tok | ETA 1576.9h
Step     20 | loss 10.9128 | lr 3.00e-06 | grad 1.86 | 32.8k tok/s | cert -10.75→-10.75 | ticks [10.925 10.924 10.924 10.925] | 0M tok | ETA 838.5h
Step     30 | loss 10.9130 | lr 4.50e-06 | grad 1.47 | 32.4k tok/s | cert -10.75→-10.75 | ticks [10.968 10.954 10.940 10.931] | 0M tok | ETA 592.9h
Step     40 | loss 10.9087 | lr 6.00e-06 | grad 1.49 | 32.7k tok/s | cert -10.75→-10.75 | ticks [10.956 10.932 10.908 10.889] | 0M tok | ETA 470.1h
Step     50 | loss 10.9057 | lr 7.50e-06 | grad 1.38 | 32.9k tok/s | cert -10.75→-10.75 | ticks [10.966 10.945 10.920 10.908] | 0M tok | ETA 396.0h
Step     60 | loss 10.8982 | lr 9.00e-06 | grad 1.53 | 32.8k tok/s | cert -10.75→-10.75 | ticks [10.971 10.956 10.937 10.920] | 0M tok | ETA 346.6h
Step     70 | loss 10.8977 | lr 1.05e-05 | grad 1.56 | 31.5k tok/s | cert -10.75→-10.75 | ticks [10.954 10.914 10.878 10.863] | 0M tok | ETA 311.4h
Step     80 | loss 10.8985 | lr 1.20e-05 | grad 1.50 | 32.5k tok/s | cert -10.75→-10.75 | ticks [10.971 10.943 10.915 10.900] | 0M tok | ETA 285.0h
Step     90 | loss 10.8710 | lr 1.35e-05 | grad 1.77 | 32.7k tok/s | cert -10.75→-10.75 | ticks [10.938 10.904 10.870 10.857] | 0M tok | ETA 264.5h
Step    100 | loss 10.8585 | lr 1.50e-05 | grad 1.51 | 32.7k tok/s | cert -10.75→-10.75 | ticks [10.925 10.881 10.850 10.843] | 0M tok | ETA 248.0h
Step    110 | loss 10.8436 | lr 1.65e-05 | grad 1.62 | 33.0k tok/s | cert -10.75→-10.75 | ticks [10.932 10.878 10.830 10.805] | 0M tok | ETA 234.6h
Step    120 | loss 10.8198 | lr 1.80e-05 | grad 1.75 | 32.8k tok/s | cert -10.75→-10.75 | ticks [10.937 10.878 10.831 10.817] | 0M tok | ETA 223.3h
Step    130 | loss 10.7815 | lr 1.95e-05 | grad 2.02 | 32.7k tok/s | cert -10.75→-10.75 | ticks [10.937 10.853 10.773 10.741] | 1M tok | ETA 213.9h
Step    140 | loss 10.7208 | lr 2.10e-05 | grad 2.03 | 32.9k tok/s | cert -10.75→-10.75 | ticks [10.916 10.803 10.726 10.710] | 1M tok | ETA 205.8h
Step    150 | loss 10.6917 | lr 2.25e-05 | grad 2.06 | 32.5k tok/s | cert -10.75→-10.75 | ticks [10.908 10.799 10.715 10.691] | 1M tok | ETA 198.7h
Step    160 | loss 10.6369 | lr 2.40e-05 | grad 2.23 | 32.9k tok/s | cert -10.75→-10.75 | ticks [10.872 10.701 10.592 10.559] | 1M tok | ETA 192.5h
Step    170 | loss 10.5731 | lr 2.55e-05 | grad 2.44 | 32.8k tok/s | cert -10.75→-10.75 | ticks [10.855 10.658 10.564 10.535] | 1M tok | ETA 187.1h
Step    180 | loss 10.5286 | lr 2.70e-05 | grad 1.77 | 32.5k tok/s | cert -10.75→-10.75 | ticks [10.860 10.640 10.528 10.497] | 1M tok | ETA 182.2h
Step    190 | loss 10.4739 | lr 2.85e-05 | grad 1.77 | 32.8k tok/s | cert -10.75→-10.75 | ticks [10.833 10.626 10.495 10.463] | 1M tok | ETA 177.9h
Step    200 | loss 10.4179 | lr 3.00e-05 | grad 1.76 | 32.6k tok/s | cert -10.75→-10.75 | ticks [10.831 10.555 10.435 10.400] | 1M tok | ETA 174.0h
Step    210 | loss 10.3498 | lr 3.15e-05 | grad 2.16 | 32.2k tok/s | cert -10.75→-10.75 | ticks [10.854 10.494 10.300 10.255] | 1M tok | ETA 170.9h
Step    220 | loss 10.2764 | lr 3.30e-05 | grad 1.67 | 32.8k tok/s | cert -10.75→-10.75 | ticks [10.790 10.443 10.308 10.275] | 1M tok | ETA 167.6h
Step    230 | loss 10.2163 | lr 3.45e-05 | grad 1.67 | 33.0k tok/s | cert -10.75→-10.74 | ticks [10.801 10.388 10.204 10.167] | 1M tok | ETA 164.7h
Step    240 | loss 10.1244 | lr 3.60e-05 | grad 1.81 | 32.8k tok/s | cert -10.75→-10.74 | ticks [10.761 10.300 10.141 10.109] | 1M tok | ETA 162.0h
Step    250 | loss 10.0722 | lr 3.75e-05 | grad 1.66 | 32.7k tok/s | cert -10.75→-10.74 | ticks [10.745 10.226 10.048 10.015] | 1M tok | ETA 159.5h
Step    260 | loss 9.9780 | lr 3.90e-05 | grad 2.48 | 32.7k tok/s | cert -10.75→-10.73 | ticks [10.763 10.101 9.890 9.856] | 1M tok | ETA 157.2h
Step    270 | loss 9.8747 | lr 4.05e-05 | grad 1.76 | 32.9k tok/s | cert -10.75→-10.73 | ticks [10.728 10.072 9.900 9.869] | 1M tok | ETA 155.1h
Step    280 | loss 9.7713 | lr 4.20e-05 | grad 1.64 | 32.7k tok/s | cert -10.75→-10.72 | ticks [10.677 9.962 9.795 9.767] | 1M tok | ETA 153.1h
Step    290 | loss 9.7262 | lr 4.35e-05 | grad 1.80 | 33.0k tok/s | cert -10.75→-10.71 | ticks [10.706 9.869 9.684 9.663] | 1M tok | ETA 151.3h
Step    300 | loss 9.6481 | lr 4.50e-05 | grad 1.62 | 32.9k tok/s | cert -10.75→-10.70 | ticks [10.718 9.790 9.605 9.585] | 1M tok | ETA 149.6h
Step    310 | loss 9.5467 | lr 4.65e-05 | grad 1.81 | 33.0k tok/s | cert -10.75→-10.69 | ticks [10.741 9.649 9.465 9.445] | 1M tok | ETA 148.0h
Step    320 | loss 9.4853 | lr 4.80e-05 | grad 1.59 | 32.7k tok/s | cert -10.75→-10.68 | ticks [10.754 9.735 9.550 9.527] | 1M tok | ETA 146.5h
Step    330 | loss 9.3509 | lr 4.95e-05 | grad 1.65 | 32.4k tok/s | cert -10.75→-10.66 | ticks [10.552 9.462 9.324 9.310] | 1M tok | ETA 145.1h
Step    340 | loss 9.3047 | lr 5.10e-05 | grad 1.77 | 32.4k tok/s | cert -10.75→-10.64 | ticks [10.722 9.450 9.277 9.263] | 1M tok | ETA 143.8h
Step    350 | loss 9.2883 | lr 5.25e-05 | grad 1.72 | 32.8k tok/s | cert -10.75→-10.62 | ticks [10.770 9.312 9.136 9.118] | 1M tok | ETA 142.5h
Step    360 | loss 9.0987 | lr 5.40e-05 | grad 1.73 | 31.9k tok/s | cert -10.75→-10.60 | ticks [10.971 9.336 9.075 9.055] | 1M tok | ETA 141.4h
Step    370 | loss 9.0303 | lr 5.55e-05 | grad 1.75 | 32.6k tok/s | cert -10.75→-10.58 | ticks [11.038 9.387 9.119 9.102] | 2M tok | ETA 140.4h
Step    380 | loss 8.9427 | lr 5.70e-05 | grad 1.69 | 32.6k tok/s | cert -10.75→-10.55 | ticks [10.879 9.092 8.879 8.866] | 2M tok | ETA 139.4h
Step    390 | loss 8.8316 | lr 5.85e-05 | grad 1.52 | 32.9k tok/s | cert -10.75→-10.52 | ticks [10.865 9.101 8.908 8.896] | 2M tok | ETA 138.4h
Step    400 | loss 8.8442 | lr 6.00e-05 | grad 1.65 | 32.7k tok/s | cert -10.73→-10.48 | ticks [10.111 8.711 8.617 8.611] | 2M tok | ETA 137.4h
Step    410 | loss 8.6889 | lr 6.15e-05 | grad 1.65 | 32.9k tok/s | cert -10.75→-10.44 | ticks [10.801 8.852 8.671 8.662] | 2M tok | ETA 136.5h
Step    420 | loss 8.5634 | lr 6.30e-05 | grad 2.03 | 32.7k tok/s | cert -10.74→-10.38 | ticks [11.192 8.582 8.298 8.284] | 2M tok | ETA 135.7h
Step    430 | loss 8.4211 | lr 6.45e-05 | grad 1.69 | 32.5k tok/s | cert -10.74→-10.30 | ticks [11.398 8.771 8.411 8.399] | 2M tok | ETA 134.8h
Step    440 | loss 8.4720 | lr 6.60e-05 | grad 1.50 | 32.6k tok/s | cert -10.74→-10.17 | ticks [11.341 8.823 8.414 8.399] | 2M tok | ETA 134.1h
Step    450 | loss 8.2611 | lr 6.75e-05 | grad 1.27 | 32.4k tok/s | cert -10.74→-9.98 | ticks [11.087 8.424 8.278 8.271] | 2M tok | ETA 133.3h
Step    460 | loss 8.1603 | lr 6.90e-05 | grad 1.37 | 32.6k tok/s | cert -10.74→-9.76 | ticks [11.159 8.026 7.864 7.860] | 2M tok | ETA 132.6h
Step    470 | loss 8.0264 | lr 7.05e-05 | grad 1.23 | 32.4k tok/s | cert -10.72→-9.49 | ticks [10.429 8.094 8.009 8.004] | 2M tok | ETA 131.9h
Step    480 | loss 7.9203 | lr 7.20e-05 | grad 1.06 | 32.7k tok/s | cert -10.68→-9.23 | ticks [9.903 8.322 8.029 8.014] | 2M tok | ETA 131.2h
Step    490 | loss 7.8155 | lr 7.35e-05 | grad 0.78 | 32.6k tok/s | cert -10.59→-8.94 | ticks [9.442 8.002 7.870 7.864] | 2M tok | ETA 130.6h
Step    500 | loss 7.8826 | lr 7.50e-05 | grad 1.05 | 32.7k tok/s | cert -9.38→-8.70 | ticks [7.887 7.768 7.761 7.761] | 2M tok | ETA 130.0h
Step    510 | loss 7.6717 | lr 7.65e-05 | grad 0.79 | 32.2k tok/s | cert -9.97→-8.56 | ticks [8.296 7.840 7.759 7.746] | 2M tok | ETA 129.4h
Step    520 | loss 7.6843 | lr 7.80e-05 | grad 0.61 | 32.4k tok/s | cert -10.69→-8.42 | ticks [9.774 8.127 7.685 7.676] | 2M tok | ETA 128.9h
Step    530 | loss 7.6690 | lr 7.95e-05 | grad 0.69 | 32.9k tok/s | cert -10.74→-8.30 | ticks [10.604 8.043 7.620 7.620] | 2M tok | ETA 128.4h
Step    540 | loss 7.7332 | lr 8.10e-05 | grad 0.74 | 32.2k tok/s | cert -10.73→-8.24 | ticks [11.061 8.179 7.809 7.810] | 2M tok | ETA 127.9h
Step    550 | loss 7.5126 | lr 8.25e-05 | grad 0.57 | 32.6k tok/s | cert -10.73→-8.13 | ticks [11.311 8.109 7.508 7.500] | 2M tok | ETA 127.4h
Step    560 | loss 7.7829 | lr 8.40e-05 | grad 0.84 | 32.6k tok/s | cert -10.71→-8.13 | ticks [11.653 8.441 7.737 7.733] | 2M tok | ETA 126.9h
Step    570 | loss 7.8337 | lr 8.55e-05 | grad 0.62 | 32.6k tok/s | cert -10.70→-8.16 | ticks [11.695 8.231 7.672 7.667] | 2M tok | ETA 126.5h
Step    580 | loss 7.4650 | lr 8.70e-05 | grad 1.10 | 32.5k tok/s | cert -10.72→-7.93 | ticks [11.500 7.814 7.384 7.377] | 2M tok | ETA 126.0h
Step    590 | loss 7.5067 | lr 8.85e-05 | grad 0.69 | 32.6k tok/s | cert -10.71→-7.96 | ticks [11.630 8.206 7.424 7.413] | 2M tok | ETA 125.6h
Step    600 | loss 7.5775 | lr 9.00e-05 | grad 0.86 | 32.5k tok/s | cert -10.72→-7.97 | ticks [11.005 8.123 7.767 7.772] | 2M tok | ETA 125.1h
Step    610 | loss 7.4800 | lr 9.15e-05 | grad 0.93 | 32.7k tok/s | cert -10.73→-7.90 | ticks [11.094 7.759 7.317 7.311] | 3M tok | ETA 124.7h
Step    620 | loss 7.5355 | lr 9.30e-05 | grad 1.10 | 32.0k tok/s | cert -10.70→-7.91 | ticks [11.699 8.533 7.681 7.674] | 3M tok | ETA 124.4h
Step    630 | loss 7.4968 | lr 9.45e-05 | grad 0.95 | 32.8k tok/s | cert -10.71→-7.94 | ticks [10.473 7.485 7.023 7.010] | 3M tok | ETA 124.0h
Step    640 | loss 7.6117 | lr 9.60e-05 | grad 0.62 | 32.6k tok/s | cert -10.68→-7.83 | ticks [10.039 7.953 7.686 7.679] | 3M tok | ETA 123.7h
Step    650 | loss 7.6517 | lr 9.75e-05 | grad 0.63 | 32.6k tok/s | cert -10.64→-7.95 | ticks [9.638 7.942 7.723 7.717] | 3M tok | ETA 123.3h
Step    660 | loss 7.5161 | lr 9.90e-05 | grad 0.84 | 32.8k tok/s | cert -10.29→-7.81 | ticks [8.802 7.609 7.410 7.390] | 3M tok | ETA 123.0h
Step    670 | loss 7.4318 | lr 1.00e-04 | grad 0.69 | 32.7k tok/s | cert -10.49→-7.78 | ticks [9.006 7.497 7.329 7.329] | 3M tok | ETA 122.6h
Step    680 | loss 7.4507 | lr 1.02e-04 | grad 0.94 | 32.7k tok/s | cert -10.38→-7.80 | ticks [8.646 7.264 7.221 7.219] | 3M tok | ETA 122.3h
Step    690 | loss 7.4304 | lr 1.03e-04 | grad 0.86 | 32.9k tok/s | cert -10.27→-7.77 | ticks [8.704 7.757 7.758 7.763] | 3M tok | ETA 122.0h
Step    700 | loss 7.2439 | lr 1.05e-04 | grad 0.75 | 32.8k tok/s | cert -9.62→-7.70 | ticks [8.047 7.581 7.579 7.580] | 3M tok | ETA 121.7h
Step    710 | loss 7.2953 | lr 1.07e-04 | grad 0.64 | 30.6k tok/s | cert -10.12→-7.61 | ticks [8.299 7.391 7.380 7.380] | 3M tok | ETA 121.4h
Step    720 | loss 7.4399 | lr 1.08e-04 | grad 0.70 | 32.3k tok/s | cert -10.56→-7.76 | ticks [9.151 7.400 7.352 7.350] | 3M tok | ETA 121.1h
Step    730 | loss 7.3008 | lr 1.09e-04 | grad 0.88 | 32.9k tok/s | cert -10.49→-7.64 | ticks [9.059 7.580 7.547 7.544] | 3M tok | ETA 120.8h
Step    740 | loss 7.3566 | lr 1.11e-04 | grad 0.82 | 32.4k tok/s | cert -10.05→-7.61 | ticks [8.393 7.621 7.614 7.617] | 3M tok | ETA 120.5h
Step    750 | loss 7.3020 | lr 1.12e-04 | grad 0.82 | 32.5k tok/s | cert -10.08→-7.76 | ticks [8.226 7.416 7.407 7.404] | 3M tok | ETA 120.2h
Step    760 | loss 7.2963 | lr 1.14e-04 | grad 0.75 | 32.8k tok/s | cert -9.62→-7.53 | ticks [7.868 7.343 7.334 7.334] | 3M tok | ETA 120.0h
Step    770 | loss 7.3543 | lr 1.15e-04 | grad 0.84 | 32.6k tok/s | cert -10.26→-7.66 | ticks [8.394 7.188 7.171 7.171] | 3M tok | ETA 119.7h
Step    780 | loss 7.3118 | lr 1.17e-04 | grad 1.09 | 32.6k tok/s | cert -10.33→-7.83 | ticks [8.386 7.039 7.026 7.027] | 3M tok | ETA 119.5h
Step    790 | loss 7.2934 | lr 1.18e-04 | grad 1.15 | 32.4k tok/s | cert -10.55→-7.85 | ticks [9.023 7.253 7.153 7.148] | 3M tok | ETA 119.2h
Step    800 | loss 7.3398 | lr 1.20e-04 | grad 0.86 | 32.5k tok/s | cert -10.41→-7.83 | ticks [8.770 7.425 7.341 7.339] | 3M tok | ETA 119.0h
Step    810 | loss 7.2662 | lr 1.21e-04 | grad 0.84 | 32.7k tok/s | cert -10.27→-7.41 | ticks [8.520 7.319 7.288 7.287] | 3M tok | ETA 118.8h
Step    820 | loss 7.0001 | lr 1.23e-04 | grad 0.73 | 32.9k tok/s | cert -10.26→-7.38 | ticks [8.380 7.215 7.190 7.188] | 3M tok | ETA 118.5h
Step    830 | loss 7.2055 | lr 1.24e-04 | grad 0.93 | 32.4k tok/s | cert -9.72→-7.56 | ticks [7.852 7.286 7.277 7.278] | 3M tok | ETA 118.3h
Step    840 | loss 7.0915 | lr 1.26e-04 | grad 0.76 | 32.9k tok/s | cert -9.85→-7.32 | ticks [7.900 7.186 7.170 7.169] | 3M tok | ETA 118.1h
Step    850 | loss 7.0970 | lr 1.28e-04 | grad 0.70 | 32.5k tok/s | cert -10.45→-7.32 | ticks [8.637 7.186 7.110 7.110] | 3M tok | ETA 117.9h
Step    860 | loss 7.0692 | lr 1.29e-04 | grad 0.94 | 32.8k tok/s | cert -9.39→-7.13 | ticks [7.404 6.978 6.973 6.974] | 4M tok | ETA 117.7h
Step    870 | loss 7.1629 | lr 1.30e-04 | grad 1.10 | 32.4k tok/s | cert -10.53→-7.70 | ticks [9.358 7.802 7.726 7.724] | 4M tok | ETA 117.5h
Step    880 | loss 7.0958 | lr 1.32e-04 | grad 1.67 | 32.8k tok/s | cert -8.73→-7.36 | ticks [7.456 7.307 7.303 7.305] | 4M tok | ETA 117.3h
Step    890 | loss 7.1052 | lr 1.33e-04 | grad 0.93 | 32.8k tok/s | cert -9.74→-7.33 | ticks [7.969 7.338 7.332 7.334] | 4M tok | ETA 117.1h
Step    900 | loss 7.0750 | lr 1.35e-04 | grad 0.82 | 32.6k tok/s | cert -10.21→-7.17 | ticks [8.269 6.945 6.813 6.815] | 4M tok | ETA 116.9h
Step    910 | loss 7.0106 | lr 1.36e-04 | grad 0.80 | 32.8k tok/s | cert -10.59→-7.17 | ticks [9.309 7.221 7.140 7.141] | 4M tok | ETA 116.7h
Step    920 | loss 7.1042 | lr 1.38e-04 | grad 0.96 | 32.3k tok/s | cert -10.17→-7.15 | ticks [8.136 6.959 6.946 6.946] | 4M tok | ETA 116.6h
Step    930 | loss 7.1336 | lr 1.39e-04 | grad 1.51 | 32.2k tok/s | cert -10.63→-7.88 | ticks [9.442 7.493 7.129 7.124] | 4M tok | ETA 116.4h
Step    940 | loss 7.0757 | lr 1.41e-04 | grad 0.85 | 32.3k tok/s | cert -10.10→-7.27 | ticks [8.141 7.204 7.197 7.196] | 4M tok | ETA 116.2h
Step    950 | loss 6.9504 | lr 1.42e-04 | grad 0.75 | 32.9k tok/s | cert -9.63→-7.15 | ticks [7.458 6.850 6.835 6.833] | 4M tok | ETA 116.1h
Step    960 | loss 7.0984 | lr 1.44e-04 | grad 0.90 | 32.7k tok/s | cert -10.04→-7.60 | ticks [8.111 7.126 7.087 7.083] | 4M tok | ETA 115.9h
Step    970 | loss 6.8841 | lr 1.45e-04 | grad 0.77 | 32.7k tok/s | cert -10.27→-7.60 | ticks [8.652 7.475 7.348 7.345] | 4M tok | ETA 115.7h
Step    980 | loss 7.0498 | lr 1.47e-04 | grad 1.28 | 32.7k tok/s | cert -10.42→-7.04 | ticks [8.967 7.294 7.283 7.289] | 4M tok | ETA 115.6h
Step    990 | loss 6.8516 | lr 1.49e-04 | grad 0.97 | 32.6k tok/s | cert -9.09→-6.84 | ticks [6.928 6.502 6.487 6.485] | 4M tok | ETA 115.4h
Step   1000 | loss 6.8929 | lr 1.50e-04 | grad 1.12 | 32.9k tok/s | cert -10.02→-7.11 | ticks [7.933 6.907 6.893 6.896] | 4M tok | ETA 115.3h
Step   1010 | loss 6.8002 | lr 1.51e-04 | grad 1.79 | 31.8k tok/s | cert -9.59→-7.16 | ticks [7.268 6.476 6.442 6.433] | 4M tok | ETA 115.1h
Step   1020 | loss 6.9090 | lr 1.53e-04 | grad 0.98 | 32.6k tok/s | cert -9.99→-7.44 | ticks [8.037 7.082 7.052 7.048] | 4M tok | ETA 115.0h
Step   1030 | loss 6.9440 | lr 1.54e-04 | grad 0.74 | 32.9k tok/s | cert -10.30→-7.19 | ticks [8.495 6.963 6.914 6.915] | 4M tok | ETA 114.8h
Step   1040 | loss 7.1554 | lr 1.56e-04 | grad 1.17 | 33.0k tok/s | cert -10.36→-7.99 | ticks [8.916 7.535 7.471 7.469] | 4M tok | ETA 114.7h
Step   1050 | loss 6.8510 | lr 1.57e-04 | grad 0.77 | 32.9k tok/s | cert -9.26→-7.07 | ticks [7.268 6.718 6.700 6.701] | 4M tok | ETA 114.5h
Step   1060 | loss 6.8684 | lr 1.59e-04 | grad 1.27 | 32.8k tok/s | cert -9.13→-7.22 | ticks [7.414 7.090 7.066 7.062] | 4M tok | ETA 114.4h
Step   1070 | loss 6.5728 | lr 1.60e-04 | grad 1.84 | 32.9k tok/s | cert -9.84→-7.16 | ticks [8.115 6.987 6.987 6.995] | 4M tok | ETA 114.4h
Step   1080 | loss 6.5319 | lr 1.62e-04 | grad 0.77 | 32.6k tok/s | cert -10.49→-7.12 | ticks [8.939 7.270 7.107 7.095] | 4M tok | ETA 114.2h
Step   1090 | loss 6.4810 | lr 1.63e-04 | grad 1.09 | 32.5k tok/s | cert -10.03→-6.84 | ticks [8.138 7.012 6.813 6.801] | 4M tok | ETA 114.1h
Step   1100 | loss 6.3938 | lr 1.65e-04 | grad 0.88 | 32.6k tok/s | cert -10.28→-6.91 | ticks [8.372 6.927 6.872 6.873] | 5M tok | ETA 114.0h
Step   1110 | loss 6.7433 | lr 1.66e-04 | grad 0.75 | 32.4k tok/s | cert -10.23→-7.04 | ticks [8.624 6.972 6.944 6.943] | 5M tok | ETA 113.8h
Step   1120 | loss 7.0061 | lr 1.68e-04 | grad 1.05 | 32.8k tok/s | cert -10.24→-6.91 | ticks [8.320 6.940 6.924 6.925] | 5M tok | ETA 113.7h
Step   1130 | loss 7.0049 | lr 1.69e-04 | grad 0.91 | 32.7k tok/s | cert -9.86→-7.27 | ticks [7.853 6.946 6.927 6.924] | 5M tok | ETA 113.6h
Step   1140 | loss 6.9351 | lr 1.71e-04 | grad 1.52 | 32.7k tok/s | cert -10.17→-7.65 | ticks [8.676 7.796 7.784 7.781] | 5M tok | ETA 113.5h
Step   1150 | loss 7.0552 | lr 1.72e-04 | grad 0.71 | 32.3k tok/s | cert -9.37→-6.92 | ticks [7.267 6.692 6.674 6.672] | 5M tok | ETA 113.4h
Step   1160 | loss 6.8946 | lr 1.74e-04 | grad 0.82 | 32.7k tok/s | cert -10.06→-7.08 | ticks [8.156 7.052 7.032 7.033] | 5M tok | ETA 113.2h
Step   1170 | loss 6.9415 | lr 1.75e-04 | grad 0.93 | 32.9k tok/s | cert -9.56→-7.30 | ticks [7.658 6.986 6.967 6.965] | 5M tok | ETA 113.1h
Step   1180 | loss 7.0456 | lr 1.77e-04 | grad 0.85 | 32.6k tok/s | cert -9.72→-7.32 | ticks [7.942 7.158 7.125 7.121] | 5M tok | ETA 113.0h
Step   1190 | loss 6.8255 | lr 1.79e-04 | grad 1.16 | 32.6k tok/s | cert -8.64→-7.19 | ticks [7.035 6.826 6.807 6.810] | 5M tok | ETA 112.9h
Step   1200 | loss 6.8037 | lr 1.80e-04 | grad 1.18 | 32.6k tok/s | cert -10.14→-7.51 | ticks [8.260 7.070 7.038 7.029] | 5M tok | ETA 112.8h
Step   1210 | loss 6.8043 | lr 1.81e-04 | grad 0.83 | 32.6k tok/s | cert -10.03→-7.21 | ticks [8.126 7.006 6.968 6.960] | 5M tok | ETA 112.7h
Step   1220 | loss 6.8385 | lr 1.83e-04 | grad 0.83 | 32.8k tok/s | cert -9.77→-7.36 | ticks [7.844 7.057 7.028 7.022] | 5M tok | ETA 112.6h
Step   1230 | loss 6.8147 | lr 1.84e-04 | grad 1.22 | 32.4k tok/s | cert -9.75→-7.45 | ticks [7.998 7.196 7.151 7.145] | 5M tok | ETA 112.5h
Step   1240 | loss 6.7788 | lr 1.86e-04 | grad 0.99 | 32.6k tok/s | cert -9.21→-6.92 | ticks [7.473 6.959 6.953 6.952] | 5M tok | ETA 112.4h
Step   1250 | loss 6.8533 | lr 1.87e-04 | grad 0.81 | 32.8k tok/s | cert -8.93→-6.95 | ticks [7.160 6.734 6.714 6.714] | 5M tok | ETA 112.3h
Step   1260 | loss 6.7619 | lr 1.89e-04 | grad 1.68 | 32.9k tok/s | cert -9.37→-7.02 | ticks [7.324 6.714 6.702 6.704] | 5M tok | ETA 112.2h
Step   1270 | loss 6.8735 | lr 1.90e-04 | grad 1.76 | 32.8k tok/s | cert -10.00→-7.41 | ticks [8.276 7.183 7.180 7.177] | 5M tok | ETA 112.1h
Step   1280 | loss 6.8934 | lr 1.92e-04 | grad 2.08 | 32.6k tok/s | cert -9.87→-8.04 | ticks [8.596 7.937 7.939 7.950] | 5M tok | ETA 112.0h
Step   1290 | loss 6.9652 | lr 1.93e-04 | grad 0.80 | 32.6k tok/s | cert -9.59→-6.92 | ticks [7.374 6.700 6.656 6.650] | 5M tok | ETA 111.9h
Step   1300 | loss 6.8096 | lr 1.95e-04 | grad 0.93 | 32.5k tok/s | cert -9.64→-7.42 | ticks [7.924 7.201 7.173 7.170] | 5M tok | ETA 111.8h
Step   1310 | loss 6.9665 | lr 1.96e-04 | grad 1.13 | 33.0k tok/s | cert -9.61→-6.78 | ticks [7.461 6.764 6.722 6.717] | 5M tok | ETA 111.7h
Step   1320 | loss 6.7804 | lr 1.98e-04 | grad 1.36 | 32.3k tok/s | cert -9.70→-7.17 | ticks [7.805 7.202 7.204 7.199] | 5M tok | ETA 111.7h
Step   1330 | loss 6.7614 | lr 1.99e-04 | grad 1.06 | 32.8k tok/s | cert -9.78→-6.92 | ticks [7.712 6.941 6.936 6.922] | 5M tok | ETA 111.6h
Step   1340 | loss 6.7561 | lr 2.01e-04 | grad 1.12 | 32.4k tok/s | cert -9.76→-7.11 | ticks [7.651 6.838 6.835 6.827] | 5M tok | ETA 111.5h
Step   1350 | loss 6.6618 | lr 2.02e-04 | grad 0.74 | 32.9k tok/s | cert -9.65→-6.97 | ticks [7.479 6.722 6.695 6.690] | 6M tok | ETA 111.4h
Step   1360 | loss 6.7796 | lr 2.04e-04 | grad 0.95 | 33.0k tok/s | cert -9.53→-7.36 | ticks [7.781 7.145 7.127 7.127] | 6M tok | ETA 111.3h
Step   1370 | loss 6.7931 | lr 2.05e-04 | grad 1.28 | 32.7k tok/s | cert -8.42→-6.72 | ticks [6.649 6.361 6.343 6.345] | 6M tok | ETA 111.2h
Step   1380 | loss 6.4814 | lr 2.07e-04 | grad 1.17 | 33.0k tok/s | cert -9.12→-7.06 | ticks [6.994 6.500 6.479 6.478] | 6M tok | ETA 111.2h
Step   1390 | loss 6.8182 | lr 2.08e-04 | grad 1.31 | 30.4k tok/s | cert -9.33→-6.83 | ticks [7.466 6.977 6.949 6.945] | 6M tok | ETA 111.1h
Step   1400 | loss 6.5452 | lr 2.10e-04 | grad 0.85 | 32.7k tok/s | cert -9.22→-6.65 | ticks [7.224 6.584 6.569 6.566] | 6M tok | ETA 111.0h
Step   1410 | loss 6.5333 | lr 2.11e-04 | grad 1.30 | 32.2k tok/s | cert -9.13→-6.72 | ticks [7.248 6.689 6.671 6.666] | 6M tok | ETA 110.9h
Step   1420 | loss 6.5056 | lr 2.13e-04 | grad 0.92 | 32.5k tok/s | cert -9.49→-6.79 | ticks [7.523 6.689 6.676 6.676] | 6M tok | ETA 110.9h
Step   1430 | loss 6.6949 | lr 2.14e-04 | grad 0.77 | 32.2k tok/s | cert -9.20→-6.91 | ticks [7.160 6.638 6.603 6.600] | 6M tok | ETA 110.8h
Step   1440 | loss 6.5606 | lr 2.16e-04 | grad 1.10 | 32.6k tok/s | cert -9.49→-7.12 | ticks [7.320 6.559 6.538 6.535] | 6M tok | ETA 110.7h
Step   1450 | loss 6.5587 | lr 2.17e-04 | grad 1.34 | 32.5k tok/s | cert -10.26→-7.13 | ticks [8.570 6.577 6.542 6.539] | 6M tok | ETA 110.6h
Step   1460 | loss 6.6855 | lr 2.19e-04 | grad 0.97 | 32.6k tok/s | cert -9.92→-7.09 | ticks [7.895 6.889 6.865 6.863] | 6M tok | ETA 110.6h
Step   1470 | loss 6.7213 | lr 2.20e-04 | grad 0.89 | 32.7k tok/s | cert -9.43→-6.85 | ticks [7.408 6.680 6.658 6.654] | 6M tok | ETA 110.5h
Step   1480 | loss 6.6809 | lr 2.22e-04 | grad 0.89 | 32.6k tok/s | cert -9.09→-6.64 | ticks [7.105 6.631 6.612 6.604] | 6M tok | ETA 110.5h
Step   1490 | loss 6.9303 | lr 2.23e-04 | grad 1.46 | 32.8k tok/s | cert -9.85→-6.99 | ticks [8.274 7.227 7.233 7.232] | 6M tok | ETA 110.4h
Step   1500 | loss 6.7337 | lr 2.25e-04 | grad 2.05 | 32.2k tok/s | cert -9.36→-7.72 | ticks [7.518 7.034 7.009 7.010] | 6M tok | ETA 110.3h
Step   1510 | loss 6.7351 | lr 2.26e-04 | grad 0.86 | 32.4k tok/s | cert -9.34→-7.16 | ticks [7.451 6.808 6.788 6.785] | 6M tok | ETA 110.3h
Step   1520 | loss 6.5473 | lr 2.28e-04 | grad 0.75 | 33.1k tok/s | cert -9.37→-6.71 | ticks [7.097 6.427 6.404 6.402] | 6M tok | ETA 110.2h
Step   1530 | loss 6.5055 | lr 2.29e-04 | grad 0.97 | 32.7k tok/s | cert -9.46→-6.67 | ticks [7.389 6.614 6.599 6.596] | 6M tok | ETA 110.1h
Step   1540 | loss 6.8014 | lr 2.31e-04 | grad 0.95 | 32.3k tok/s | cert -9.84→-7.13 | ticks [9.013 6.993 6.947 6.947] | 6M tok | ETA 110.1h
Step   1550 | loss 6.6549 | lr 2.32e-04 | grad 1.48 | 33.0k tok/s | cert -9.25→-6.69 | ticks [7.477 6.955 6.947 6.946] | 6M tok | ETA 110.0h
Step   1560 | loss 6.5397 | lr 2.34e-04 | grad 0.86 | 32.6k tok/s | cert -8.73→-6.86 | ticks [6.863 6.542 6.510 6.504] | 6M tok | ETA 109.9h
Step   1570 | loss 6.5775 | lr 2.35e-04 | grad 0.89 | 32.8k tok/s | cert -9.17→-6.73 | ticks [7.096 6.445 6.419 6.416] | 6M tok | ETA 109.9h
Step   1580 | loss 6.8593 | lr 2.37e-04 | grad 0.84 | 32.9k tok/s | cert -8.95→-6.83 | ticks [6.954 6.540 6.515 6.512] | 6M tok | ETA 109.8h
Step   1590 | loss 6.7034 | lr 2.38e-04 | grad 0.84 | 32.8k tok/s | cert -8.96→-7.06 | ticks [7.055 6.689 6.672 6.671] | 7M tok | ETA 109.8h
Step   1600 | loss 6.7785 | lr 2.40e-04 | grad 0.84 | 32.0k tok/s | cert -8.82→-6.84 | ticks [6.893 6.530 6.489 6.489] | 7M tok | ETA 109.7h
Step   1610 | loss 6.5327 | lr 2.41e-04 | grad 1.13 | 32.8k tok/s | cert -8.80→-6.80 | ticks [6.930 6.658 6.621 6.617] | 7M tok | ETA 109.7h
Step   1620 | loss 6.5931 | lr 2.43e-04 | grad 1.20 | 31.5k tok/s | cert -8.97→-6.55 | ticks [7.060 6.652 6.600 6.593] | 7M tok | ETA 109.6h
Step   1630 | loss 6.7411 | lr 2.44e-04 | grad 1.30 | 31.5k tok/s | cert -9.16→-7.07 | ticks [7.194 6.678 6.639 6.641] | 7M tok | ETA 109.6h
Step   1640 | loss 6.6995 | lr 2.46e-04 | grad 1.09 | 32.5k tok/s | cert -9.52→-6.95 | ticks [7.364 6.660 6.621 6.620] | 7M tok | ETA 109.5h
Step   1650 | loss 6.6277 | lr 2.47e-04 | grad 0.84 | 32.5k tok/s | cert -9.38→-6.88 | ticks [7.299 6.708 6.696 6.693] | 7M tok | ETA 109.4h
Step   1660 | loss 6.5913 | lr 2.49e-04 | grad 1.16 | 32.5k tok/s | cert -9.39→-6.93 | ticks [7.414 6.910 6.877 6.875] | 7M tok | ETA 109.4h
Step   1670 | loss 6.7236 | lr 2.51e-04 | grad 0.83 | 32.9k tok/s | cert -9.27→-7.13 | ticks [7.485 7.006 6.985 6.982] | 7M tok | ETA 109.3h
Step   1680 | loss 6.8427 | lr 2.52e-04 | grad 1.03 | 32.7k tok/s | cert -9.05→-6.82 | ticks [6.765 6.285 6.247 6.245] | 7M tok | ETA 109.3h
Step   1690 | loss 6.6790 | lr 2.53e-04 | grad 0.80 | 32.3k tok/s | cert -8.89→-7.06 | ticks [7.152 6.821 6.798 6.798] | 7M tok | ETA 109.2h
Step   1700 | loss 6.5244 | lr 2.55e-04 | grad 0.94 | 32.2k tok/s | cert -8.32→-6.92 | ticks [6.856 6.655 6.639 6.637] | 7M tok | ETA 109.2h
Step   1710 | loss 6.6704 | lr 2.56e-04 | grad 1.01 | 32.4k tok/s | cert -8.50→-6.46 | ticks [6.736 6.390 6.350 6.348] | 7M tok | ETA 109.1h
Step   1720 | loss 6.6102 | lr 2.58e-04 | grad 0.82 | 32.6k tok/s | cert -8.73→-6.91 | ticks [6.970 6.660 6.616 6.612] | 7M tok | ETA 109.1h
Step   1730 | loss 6.6001 | lr 2.59e-04 | grad 1.10 | 32.5k tok/s | cert -8.16→-6.74 | ticks [6.952 6.765 6.725 6.724] | 7M tok | ETA 109.0h
Step   1740 | loss 7.0376 | lr 2.61e-04 | grad 0.84 | 31.9k tok/s | cert -8.41→-6.82 | ticks [6.884 6.619 6.588 6.586] | 7M tok | ETA 109.0h
Step   1750 | loss 6.5751 | lr 2.62e-04 | grad 2.84 | 31.0k tok/s | cert -8.03→-6.66 | ticks [7.440 7.396 7.368 7.369] | 7M tok | ETA 108.9h
Step   1760 | loss 6.4687 | lr 2.64e-04 | grad 1.04 | 32.6k tok/s | cert -8.21→-6.85 | ticks [6.583 6.338 6.271 6.268] | 7M tok | ETA 108.9h
Step   1770 | loss 6.5677 | lr 2.65e-04 | grad 0.78 | 32.5k tok/s | cert -8.37→-6.59 | ticks [6.709 6.430 6.413 6.408] | 7M tok | ETA 108.8h
Step   1780 | loss 6.6116 | lr 2.67e-04 | grad 0.90 | 32.9k tok/s | cert -8.37→-6.97 | ticks [6.911 6.623 6.609 6.612] | 7M tok | ETA 108.8h
Step   1790 | loss 6.6347 | lr 2.68e-04 | grad 0.93 | 32.2k tok/s | cert -7.62→-6.34 | ticks [6.423 6.278 6.241 6.235] | 7M tok | ETA 108.8h
Step   1800 | loss 6.4536 | lr 2.70e-04 | grad 0.83 | 32.4k tok/s | cert -8.16→-6.71 | ticks [6.629 6.413 6.385 6.384] | 7M tok | ETA 108.7h
Step   1810 | loss 6.5670 | lr 2.71e-04 | grad 0.79 | 33.8k tok/s | cert -8.24→-6.73 | ticks [6.749 6.495 6.464 6.465] | 7M tok | ETA 108.7h
Step   1820 | loss 6.5169 | lr 2.73e-04 | grad 1.09 | 33.5k tok/s | cert -8.38→-6.93 | ticks [6.709 6.444 6.428 6.428] | 7M tok | ETA 108.6h
Step   1830 | loss 6.5381 | lr 2.74e-04 | grad 0.83 | 32.4k tok/s | cert -7.99→-6.32 | ticks [6.522 6.327 6.309 6.306] | 7M tok | ETA 108.5h
Step   1840 | loss 6.6795 | lr 2.76e-04 | grad 1.30 | 33.8k tok/s | cert -8.01→-6.66 | ticks [6.865 6.709 6.684 6.684] | 8M tok | ETA 108.5h
Step   1850 | loss 6.7077 | lr 2.77e-04 | grad 0.82 | 33.8k tok/s | cert -8.39→-7.05 | ticks [7.154 6.941 6.924 6.925] | 8M tok | ETA 108.4h
Step   1860 | loss 6.5689 | lr 2.79e-04 | grad 0.95 | 33.6k tok/s | cert -7.61→-6.69 | ticks [6.721 6.633 6.608 6.607] | 8M tok | ETA 108.4h
Step   1870 | loss 6.6136 | lr 2.80e-04 | grad 0.89 | 33.6k tok/s | cert -8.32→-6.85 | ticks [6.788 6.507 6.479 6.474] | 8M tok | ETA 108.3h
Step   1880 | loss 6.4994 | lr 2.82e-04 | grad 0.79 | 33.3k tok/s | cert -8.24→-6.50 | ticks [6.596 6.324 6.288 6.289] | 8M tok | ETA 108.2h
Step   1890 | loss 6.7318 | lr 2.83e-04 | grad 1.09 | 33.2k tok/s | cert -8.43→-7.07 | ticks [6.922 6.729 6.677 6.652] | 8M tok | ETA 108.2h
Step   1900 | loss 6.7064 | lr 2.85e-04 | grad 0.95 | 32.4k tok/s | cert -8.28→-6.95 | ticks [6.704 6.494 6.492 6.491] | 8M tok | ETA 108.2h
Step   1910 | loss 6.6767 | lr 2.86e-04 | grad 1.09 | 33.7k tok/s | cert -8.14→-6.81 | ticks [7.028 6.880 6.861 6.865] | 8M tok | ETA 108.1h
Step   1920 | loss 6.5466 | lr 2.88e-04 | grad 0.82 | 33.7k tok/s | cert -8.16→-6.54 | ticks [6.664 6.399 6.374 6.371] | 8M tok | ETA 108.0h
Step   1930 | loss 6.4954 | lr 2.89e-04 | grad 1.02 | 33.2k tok/s | cert -7.88→-6.77 | ticks [6.817 6.672 6.650 6.659] | 8M tok | ETA 108.0h
Step   1940 | loss 6.5326 | lr 2.91e-04 | grad 0.98 | 33.7k tok/s | cert -7.44→-6.57 | ticks [6.563 6.389 6.374 6.375] | 8M tok | ETA 107.9h
Step   1950 | loss 6.5165 | lr 2.93e-04 | grad 0.95 | 33.8k tok/s | cert -8.13→-7.05 | ticks [6.734 6.576 6.544 6.548] | 8M tok | ETA 107.9h
Step   1960 | loss 6.5623 | lr 2.94e-04 | grad 0.86 | 33.4k tok/s | cert -8.04→-7.07 | ticks [7.024 6.935 6.908 6.905] | 8M tok | ETA 107.8h
Step   1970 | loss 6.4449 | lr 2.95e-04 | grad 0.89 | 33.5k tok/s | cert -7.79→-6.72 | ticks [6.670 6.503 6.469 6.467] | 8M tok | ETA 107.8h
Step   1980 | loss 6.4761 | lr 2.97e-04 | grad 1.02 | 33.3k tok/s | cert -8.04→-6.61 | ticks [6.826 6.609 6.567 6.565] | 8M tok | ETA 107.7h
Step   1990 | loss 6.5063 | lr 2.98e-04 | grad 1.77 | 33.6k tok/s | cert -7.22→-6.60 | ticks [6.966 6.898 6.860 6.858] | 8M tok | ETA 107.7h
Step   2000 | loss 6.5172 | lr 3.00e-04 | grad 0.92 | 34.0k tok/s | cert -8.03→-7.03 | ticks [7.082 6.931 6.909 6.907] | 8M tok | ETA 107.6h
Step   2010 | loss 6.5025 | lr 3.00e-04 | grad 0.98 | 33.2k tok/s | cert -8.46→-6.77 | ticks [6.616 6.325 6.280 6.279] | 8M tok | ETA 107.6h
Step   2020 | loss 6.5503 | lr 3.00e-04 | grad 1.38 | 33.8k tok/s | cert -8.58→-7.05 | ticks [6.749 6.527 6.436 6.431] | 8M tok | ETA 107.5h
Step   2030 | loss 6.5091 | lr 3.00e-04 | grad 0.84 | 33.8k tok/s | cert -8.13→-6.61 | ticks [6.676 6.424 6.404 6.405] | 8M tok | ETA 107.5h
Step   2040 | loss 6.6212 | lr 3.00e-04 | grad 0.95 | 33.7k tok/s | cert -8.19→-7.11 | ticks [6.989 6.811 6.763 6.759] | 8M tok | ETA 107.4h
Step   2050 | loss 6.6109 | lr 3.00e-04 | grad 0.70 | 33.3k tok/s | cert -8.34→-6.74 | ticks [6.810 6.588 6.559 6.558] | 8M tok | ETA 107.4h
Step   2060 | loss 6.3103 | lr 3.00e-04 | grad 0.84 | 33.8k tok/s | cert -8.06→-6.56 | ticks [6.526 6.340 6.333 6.330] | 8M tok | ETA 107.3h
Step   2070 | loss 6.4772 | lr 3.00e-04 | grad 1.00 | 33.7k tok/s | cert -7.79→-6.42 | ticks [6.586 6.482 6.451 6.449] | 8M tok | ETA 107.3h
Step   2080 | loss 6.6520 | lr 3.00e-04 | grad 1.02 | 33.3k tok/s | cert -7.68→-6.35 | ticks [6.464 6.355 6.340 6.340] | 9M tok | ETA 107.2h
Step   2090 | loss 6.5343 | lr 3.00e-04 | grad 1.26 | 33.8k tok/s | cert -8.28→-7.06 | ticks [6.740 6.506 6.457 6.455] | 9M tok | ETA 107.2h
Step   2100 | loss 6.3938 | lr 3.00e-04 | grad 0.79 | 33.5k tok/s | cert -8.13→-6.58 | ticks [6.727 6.481 6.465 6.463] | 9M tok | ETA 107.1h
Step   2110 | loss 6.6797 | lr 3.00e-04 | grad 0.80 | 32.5k tok/s | cert -7.99→-6.74 | ticks [6.852 6.648 6.635 6.634] | 9M tok | ETA 107.1h
Step   2120 | loss 6.3235 | lr 3.00e-04 | grad 0.87 | 32.6k tok/s | cert -7.48→-6.24 | ticks [6.154 6.001 5.975 5.975] | 9M tok | ETA 107.1h
Step   2130 | loss 6.4906 | lr 3.00e-04 | grad 1.07 | 32.9k tok/s | cert -8.24→-7.09 | ticks [6.784 6.630 6.599 6.599] | 9M tok | ETA 107.0h
Step   2140 | loss 6.5713 | lr 3.00e-04 | grad 1.02 | 32.6k tok/s | cert -8.20→-6.76 | ticks [6.483 6.264 6.228 6.229] | 9M tok | ETA 107.0h
Step   2150 | loss 6.4789 | lr 3.00e-04 | grad 0.76 | 32.6k tok/s | cert -8.21→-6.82 | ticks [6.741 6.557 6.525 6.523] | 9M tok | ETA 107.0h
Step   2160 | loss 6.4988 | lr 3.00e-04 | grad 0.86 | 32.2k tok/s | cert -7.90→-6.89 | ticks [6.726 6.568 6.551 6.548] | 9M tok | ETA 106.9h
Step   2170 | loss 6.3845 | lr 3.00e-04 | grad 1.05 | 32.9k tok/s | cert -7.77→-6.66 | ticks [6.739 6.618 6.609 6.603] | 9M tok | ETA 106.9h
Step   2180 | loss 6.3544 | lr 3.00e-04 | grad 0.85 | 32.7k tok/s | cert -7.87→-6.62 | ticks [6.652 6.502 6.487 6.480] | 9M tok | ETA 106.9h
Step   2190 | loss 6.4226 | lr 3.00e-04 | grad 1.32 | 32.7k tok/s | cert -7.57→-6.01 | ticks [6.490 6.393 6.375 6.372] | 9M tok | ETA 106.8h
Step   2200 | loss 6.4864 | lr 3.00e-04 | grad 0.72 | 32.2k tok/s | cert -8.24→-6.52 | ticks [6.584 6.318 6.289 6.290] | 9M tok | ETA 106.8h
Step   2210 | loss 6.6155 | lr 3.00e-04 | grad 0.88 | 31.9k tok/s | cert -7.99→-6.43 | ticks [6.629 6.399 6.367 6.367] | 9M tok | ETA 106.8h
Step   2220 | loss 6.4391 | lr 3.00e-04 | grad 0.80 | 32.7k tok/s | cert -7.84→-6.56 | ticks [6.680 6.490 6.468 6.466] | 9M tok | ETA 106.8h
Step   2230 | loss 6.4713 | lr 3.00e-04 | grad 1.28 | 32.6k tok/s | cert -8.39→-6.83 | ticks [6.705 6.397 6.371 6.373] | 9M tok | ETA 106.7h
Step   2240 | loss 6.4286 | lr 3.00e-04 | grad 0.80 | 32.5k tok/s | cert -8.39→-6.60 | ticks [6.701 6.373 6.356 6.357] | 9M tok | ETA 106.7h
Step   2250 | loss 6.3553 | lr 3.00e-04 | grad 0.78 | 32.1k tok/s | cert -7.42→-6.29 | ticks [6.277 6.152 6.139 6.139] | 9M tok | ETA 106.7h
Step   2260 | loss 6.4273 | lr 3.00e-04 | grad 0.87 | 32.9k tok/s | cert -8.37→-6.79 | ticks [6.979 6.810 6.743 6.739] | 9M tok | ETA 106.6h
Step   2270 | loss 6.3975 | lr 3.00e-04 | grad 0.88 | 32.3k tok/s | cert -7.89→-6.53 | ticks [6.687 6.539 6.507 6.506] | 9M tok | ETA 106.6h
Step   2280 | loss 6.3871 | lr 3.00e-04 | grad 1.18 | 32.9k tok/s | cert -7.61→-6.31 | ticks [6.571 6.470 6.443 6.440] | 9M tok | ETA 106.6h
Step   2290 | loss 6.4188 | lr 3.00e-04 | grad 0.89 | 32.6k tok/s | cert -7.64→-6.67 | ticks [6.555 6.403 6.382 6.382] | 9M tok | ETA 106.6h
Step   2300 | loss 6.4711 | lr 3.00e-04 | grad 0.80 | 32.7k tok/s | cert -7.90→-6.63 | ticks [6.712 6.588 6.556 6.555] | 9M tok | ETA 106.5h
Step   2310 | loss 6.4778 | lr 3.00e-04 | grad 0.80 | 32.1k tok/s | cert -8.15→-6.82 | ticks [6.893 6.743 6.718 6.716] | 9M tok | ETA 106.5h
Step   2320 | loss 6.4919 | lr 3.00e-04 | grad 0.75 | 32.4k tok/s | cert -7.72→-6.66 | ticks [6.524 6.395 6.373 6.375] | 10M tok | ETA 106.5h
Step   2330 | loss 6.4869 | lr 3.00e-04 | grad 0.89 | 32.7k tok/s | cert -7.89→-6.73 | ticks [6.743 6.618 6.600 6.597] | 10M tok | ETA 106.4h
Step   2340 | loss 6.4286 | lr 3.00e-04 | grad 0.88 | 32.7k tok/s | cert -7.68→-6.83 | ticks [6.558 6.427 6.397 6.398] | 10M tok | ETA 106.4h
Step   2350 | loss 6.2932 | lr 3.00e-04 | grad 1.67 | 32.7k tok/s | cert -7.42→-6.11 | ticks [5.943 5.798 5.789 5.791] | 10M tok | ETA 106.4h
Step   2360 | loss 6.4839 | lr 3.00e-04 | grad 0.84 | 32.7k tok/s | cert -7.54→-6.87 | ticks [6.593 6.480 6.455 6.457] | 10M tok | ETA 106.4h
Step   2370 | loss 6.3295 | lr 3.00e-04 | grad 1.28 | 33.1k tok/s | cert -7.33→-6.43 | ticks [6.621 6.497 6.464 6.468] | 10M tok | ETA 106.3h
Step   2380 | loss 6.7901 | lr 3.00e-04 | grad 0.99 | 32.5k tok/s | cert -7.78→-6.64 | ticks [6.590 6.410 6.396 6.394] | 10M tok | ETA 106.3h
Step   2390 | loss 6.4895 | lr 3.00e-04 | grad 1.28 | 32.9k tok/s | cert -7.46→-6.71 | ticks [6.317 6.174 6.155 6.155] | 10M tok | ETA 106.3h
Step   2400 | loss 6.3245 | lr 3.00e-04 | grad 0.93 | 32.9k tok/s | cert -7.79→-6.66 | ticks [6.454 6.268 6.247 6.247] | 10M tok | ETA 106.3h
Step   2410 | loss 6.3171 | lr 3.00e-04 | grad 0.96 | 32.8k tok/s | cert -7.27→-6.28 | ticks [6.556 6.415 6.390 6.389] | 10M tok | ETA 106.2h
Step   2420 | loss 6.4505 | lr 3.00e-04 | grad 1.81 | 32.8k tok/s | cert -8.73→-7.86 | ticks [7.039 6.872 6.849 6.853] | 10M tok | ETA 106.2h
Step   2430 | loss 6.5335 | lr 3.00e-04 | grad 1.69 | 32.8k tok/s | cert -7.93→-6.88 | ticks [7.179 7.108 7.087 7.086] | 10M tok | ETA 106.2h
Step   2440 | loss 6.2947 | lr 3.00e-04 | grad 1.05 | 32.1k tok/s | cert -7.22→-6.38 | ticks [6.541 6.451 6.412 6.411] | 10M tok | ETA 106.2h
Step   2450 | loss 6.4001 | lr 3.00e-04 | grad 0.81 | 33.0k tok/s | cert -7.61→-6.63 | ticks [6.489 6.346 6.285 6.285] | 10M tok | ETA 106.1h
Step   2460 | loss 6.3350 | lr 3.00e-04 | grad 0.72 | 33.2k tok/s | cert -7.87→-6.54 | ticks [6.530 6.397 6.361 6.358] | 10M tok | ETA 106.1h
Step   2470 | loss 6.4121 | lr 3.00e-04 | grad 0.85 | 33.5k tok/s | cert -7.23→-6.30 | ticks [6.379 6.247 6.229 6.229] | 10M tok | ETA 106.1h
Step   2480 | loss 6.4020 | lr 3.00e-04 | grad 0.85 | 33.7k tok/s | cert -7.58→-6.51 | ticks [6.612 6.480 6.446 6.446] | 10M tok | ETA 106.0h
Step   2490 | loss 6.3675 | lr 3.00e-04 | grad 0.90 | 33.3k tok/s | cert -7.53→-6.75 | ticks [6.649 6.523 6.491 6.488] | 10M tok | ETA 106.0h
Step   2500 | loss 6.4667 | lr 3.00e-04 | grad 1.13 | 33.8k tok/s | cert -7.88→-6.91 | ticks [6.758 6.598 6.582 6.583] | 10M tok | ETA 106.0h
Step   2510 | loss 6.4637 | lr 3.00e-04 | grad 0.93 | 33.1k tok/s | cert -7.78→-6.82 | ticks [6.586 6.427 6.413 6.413] | 10M tok | ETA 105.9h
Step   2520 | loss 6.4194 | lr 3.00e-04 | grad 0.89 | 33.6k tok/s | cert -6.81→-5.86 | ticks [5.812 5.713 5.688 5.686] | 10M tok | ETA 105.9h
Step   2530 | loss 6.4585 | lr 3.00e-04 | grad 0.85 | 33.6k tok/s | cert -7.63→-6.90 | ticks [6.755 6.619 6.599 6.601] | 10M tok | ETA 105.9h
Step   2540 | loss 6.4514 | lr 3.00e-04 | grad 1.45 | 33.6k tok/s | cert -7.63→-6.79 | ticks [6.607 6.511 6.452 6.456] | 10M tok | ETA 105.8h
Step   2550 | loss 6.2881 | lr 3.00e-04 | grad 0.71 | 33.4k tok/s | cert -7.86→-6.72 | ticks [6.688 6.554 6.497 6.498] | 10M tok | ETA 105.8h
Step   2560 | loss 6.2694 | lr 3.00e-04 | grad 0.84 | 33.4k tok/s | cert -7.75→-6.58 | ticks [6.380 6.256 6.206 6.203] | 10M tok | ETA 105.8h
Step   2570 | loss 6.2816 | lr 3.00e-04 | grad 0.93 | 33.6k tok/s | cert -7.25→-6.29 | ticks [6.380 6.287 6.243 6.240] | 11M tok | ETA 105.7h
Step   2580 | loss 6.2974 | lr 3.00e-04 | grad 1.33 | 33.5k tok/s | cert -7.74→-6.89 | ticks [6.512 6.357 6.332 6.330] | 11M tok | ETA 105.7h
Step   2590 | loss 6.4531 | lr 3.00e-04 | grad 2.02 | 33.7k tok/s | cert -7.98→-7.37 | ticks [7.210 7.166 7.130 7.126] | 11M tok | ETA 105.7h
Step   2600 | loss 6.4116 | lr 3.00e-04 | grad 1.06 | 33.6k tok/s | cert -6.95→-6.24 | ticks [6.441 6.328 6.319 6.318] | 11M tok | ETA 105.6h
Step   2610 | loss 6.4565 | lr 3.00e-04 | grad 0.95 | 32.6k tok/s | cert -7.31→-6.45 | ticks [6.552 6.439 6.419 6.420] | 11M tok | ETA 105.6h
Step   2620 | loss 6.3594 | lr 3.00e-04 | grad 0.83 | 33.8k tok/s | cert -7.21→-6.56 | ticks [6.326 6.202 6.168 6.167] | 11M tok | ETA 105.6h
Step   2630 | loss 6.2474 | lr 3.00e-04 | grad 1.47 | 33.8k tok/s | cert -7.15→-6.46 | ticks [5.922 5.843 5.820 5.823] | 11M tok | ETA 105.6h
Step   2640 | loss 6.4026 | lr 3.00e-04 | grad 0.78 | 33.8k tok/s | cert -7.27→-6.73 | ticks [6.549 6.440 6.414 6.415] | 11M tok | ETA 105.5h
Step   2650 | loss 6.0557 | lr 3.00e-04 | grad 1.08 | 33.7k tok/s | cert -6.89→-6.23 | ticks [6.414 6.336 6.302 6.300] | 11M tok | ETA 105.5h
Step   2660 | loss 6.1664 | lr 3.00e-04 | grad 1.12 | 33.7k tok/s | cert -7.14→-6.75 | ticks [6.634 6.535 6.516 6.515] | 11M tok | ETA 105.5h
Step   2670 | loss 6.3286 | lr 3.00e-04 | grad 0.85 | 33.9k tok/s | cert -7.14→-6.55 | ticks [6.229 6.120 6.081 6.083] | 11M tok | ETA 105.4h
Step   2680 | loss 6.6076 | lr 3.00e-04 | grad 0.78 | 33.7k tok/s | cert -7.32→-6.85 | ticks [6.788 6.695 6.657 6.656] | 11M tok | ETA 105.4h
Step   2690 | loss 6.4642 | lr 3.00e-04 | grad 1.52 | 33.9k tok/s | cert -7.86→-6.96 | ticks [6.589 6.414 6.385 6.385] | 11M tok | ETA 105.4h
Step   2700 | loss 6.3625 | lr 3.00e-04 | grad 1.18 | 33.6k tok/s | cert -7.55→-6.61 | ticks [6.298 6.236 6.122 6.115] | 11M tok | ETA 105.4h
Step   2710 | loss 6.2659 | lr 3.00e-04 | grad 0.78 | 33.1k tok/s | cert -6.96→-6.44 | ticks [6.342 6.211 6.195 6.197] | 11M tok | ETA 105.3h
Step   2720 | loss 6.5568 | lr 3.00e-04 | grad 0.66 | 33.7k tok/s | cert -7.52→-6.62 | ticks [6.487 6.336 6.309 6.309] | 11M tok | ETA 105.3h
Step   2730 | loss 6.3900 | lr 3.00e-04 | grad 0.89 | 32.8k tok/s | cert -7.30→-6.50 | ticks [6.440 6.350 6.326 6.326] | 11M tok | ETA 105.3h
Step   2740 | loss 6.3678 | lr 3.00e-04 | grad 0.80 | 32.7k tok/s | cert -7.60→-6.64 | ticks [6.682 6.577 6.526 6.524] | 11M tok | ETA 105.2h
Step   2750 | loss 6.4830 | lr 3.00e-04 | grad 0.73 | 33.6k tok/s | cert -7.36→-6.55 | ticks [6.594 6.473 6.417 6.416] | 11M tok | ETA 105.2h
Step   2760 | loss 6.2333 | lr 3.00e-04 | grad 0.84 | 32.3k tok/s | cert -7.34→-6.36 | ticks [6.385 6.275 6.252 6.250] | 11M tok | ETA 105.2h
Step   2770 | loss 6.3109 | lr 3.00e-04 | grad 0.87 | 33.6k tok/s | cert -7.13→-6.52 | ticks [6.289 6.132 6.111 6.111] | 11M tok | ETA 105.2h
Step   2780 | loss 6.2581 | lr 3.00e-04 | grad 0.95 | 33.8k tok/s | cert -7.96→-6.98 | ticks [6.884 6.729 6.712 6.711] | 11M tok | ETA 105.1h
Step   2790 | loss 6.2705 | lr 3.00e-04 | grad 1.02 | 33.6k tok/s | cert -8.42→-6.70 | ticks [6.599 6.292 6.267 6.266] | 11M tok | ETA 105.1h
Step   2800 | loss 6.4629 | lr 3.00e-04 | grad 1.41 | 31.8k tok/s | cert -8.05→-6.51 | ticks [6.888 6.754 6.744 6.741] | 11M tok | ETA 105.1h
Step   2810 | loss 6.4484 | lr 3.00e-04 | grad 0.80 | 33.5k tok/s | cert -7.42→-6.24 | ticks [6.166 6.042 6.001 6.001] | 12M tok | ETA 105.0h
Step   2820 | loss 6.4540 | lr 3.00e-04 | grad 0.88 | 33.3k tok/s | cert -8.03→-6.82 | ticks [6.673 6.512 6.490 6.490] | 12M tok | ETA 105.0h
Step   2830 | loss 6.5274 | lr 3.00e-04 | grad 1.48 | 34.0k tok/s | cert -7.65→-6.44 | ticks [6.781 6.671 6.650 6.649] | 12M tok | ETA 105.0h
Step   2840 | loss 6.3960 | lr 3.00e-04 | grad 0.88 | 34.0k tok/s | cert -7.79→-6.49 | ticks [6.561 6.379 6.368 6.368] | 12M tok | ETA 105.0h
Step   2850 | loss 6.4052 | lr 3.00e-04 | grad 0.88 | 34.0k tok/s | cert -7.87→-6.58 | ticks [6.429 6.238 6.210 6.210] | 12M tok | ETA 104.9h
Step   2860 | loss 6.3475 | lr 3.00e-04 | grad 1.06 | 33.9k tok/s | cert -8.05→-6.74 | ticks [6.644 6.473 6.406 6.403] | 12M tok | ETA 104.9h
Step   2870 | loss 6.4335 | lr 3.00e-04 | grad 1.05 | 33.8k tok/s | cert -7.84→-6.64 | ticks [6.863 6.675 6.604 6.598] | 12M tok | ETA 104.9h
Step   2880 | loss 6.2434 | lr 3.00e-04 | grad 0.73 | 33.4k tok/s | cert -7.72→-6.49 | ticks [6.381 6.230 6.190 6.188] | 12M tok | ETA 104.9h
Step   2890 | loss 6.4404 | lr 3.00e-04 | grad 2.42 | 33.6k tok/s | cert -8.12→-6.80 | ticks [7.083 6.973 6.954 6.951] | 12M tok | ETA 104.8h
Step   2900 | loss 6.3979 | lr 3.00e-04 | grad 1.30 | 34.0k tok/s | cert -7.86→-6.56 | ticks [6.728 6.545 6.529 6.528] | 12M tok | ETA 104.8h
Step   2910 | loss 6.3759 | lr 3.00e-04 | grad 1.30 | 33.8k tok/s | cert -7.44→-6.26 | ticks [6.480 6.352 6.339 6.336] | 12M tok | ETA 104.8h
Step   2920 | loss 6.3268 | lr 3.00e-04 | grad 1.05 | 34.0k tok/s | cert -7.91→-6.56 | ticks [6.633 6.433 6.414 6.412] | 12M tok | ETA 104.8h
Step   2930 | loss 6.3107 | lr 3.00e-04 | grad 0.73 | 33.9k tok/s | cert -7.56→-6.65 | ticks [6.500 6.324 6.308 6.308] | 12M tok | ETA 104.7h
Step   2940 | loss 6.4098 | lr 3.00e-04 | grad 0.82 | 33.5k tok/s | cert -7.26→-6.58 | ticks [6.281 6.132 6.104 6.103] | 12M tok | ETA 104.7h
Step   2950 | loss 6.3792 | lr 3.00e-04 | grad 0.99 | 33.3k tok/s | cert -7.30→-6.31 | ticks [6.433 6.316 6.277 6.277] | 12M tok | ETA 104.7h
Step   2960 | loss 6.2263 | lr 3.00e-04 | grad 1.38 | 33.6k tok/s | cert -7.60→-6.79 | ticks [6.352 6.259 6.244 6.246] | 12M tok | ETA 104.6h
Step   2970 | loss 6.3099 | lr 3.00e-04 | grad 1.05 | 34.0k tok/s | cert -7.75→-6.79 | ticks [6.816 6.663 6.650 6.650] | 12M tok | ETA 104.6h
Step   2980 | loss 6.3685 | lr 3.00e-04 | grad 1.10 | 33.7k tok/s | cert -8.09→-7.04 | ticks [6.996 6.849 6.814 6.812] | 12M tok | ETA 104.6h
Step   2990 | loss 6.4679 | lr 3.00e-04 | grad 1.00 | 33.6k tok/s | cert -8.41→-7.03 | ticks [7.162 6.983 6.964 6.962] | 12M tok | ETA 104.6h
Step   3000 | loss 6.2733 | lr 3.00e-04 | grad 0.82 | 33.6k tok/s | cert -7.49→-6.44 | ticks [6.387 6.336 6.309 6.306] | 12M tok | ETA 104.5h
Step   3010 | loss 6.3208 | lr 3.00e-04 | grad 0.90 | 33.4k tok/s | cert -8.36→-6.69 | ticks [6.789 6.515 6.427 6.426] | 12M tok | ETA 104.5h
Step   3020 | loss 6.4762 | lr 3.00e-04 | grad 1.27 | 33.8k tok/s | cert -7.98→-6.58 | ticks [6.296 6.049 6.005 6.005] | 12M tok | ETA 104.5h
Step   3030 | loss 6.3168 | lr 3.00e-04 | grad 1.34 | 33.7k tok/s | cert -7.49→-6.34 | ticks [6.617 6.514 6.467 6.465] | 12M tok | ETA 104.5h
Step   3040 | loss 6.1923 | lr 3.00e-04 | grad 0.87 | 33.2k tok/s | cert -7.59→-6.59 | ticks [6.579 6.435 6.426 6.427] | 12M tok | ETA 104.5h
Step   3050 | loss 6.3682 | lr 3.00e-04 | grad 0.86 | 32.5k tok/s | cert -7.59→-6.50 | ticks [6.565 6.370 6.334 6.333] | 12M tok | ETA 104.4h
Step   3060 | loss 6.3076 | lr 3.00e-04 | grad 1.06 | 32.0k tok/s | cert -7.96→-7.11 | ticks [6.895 6.712 6.693 6.688] | 13M tok | ETA 104.4h
Step   3070 | loss 6.4740 | lr 3.00e-04 | grad 1.12 | 32.5k tok/s | cert -7.78→-6.88 | ticks [6.647 6.487 6.450 6.452] | 13M tok | ETA 104.4h
Step   3080 | loss 6.2924 | lr 3.00e-04 | grad 1.01 | 32.3k tok/s | cert -7.67→-6.81 | ticks [6.541 6.369 6.340 6.341] | 13M tok | ETA 104.4h
Step   3090 | loss 6.3176 | lr 3.00e-04 | grad 0.83 | 32.3k tok/s | cert -7.31→-6.59 | ticks [6.562 6.372 6.346 6.346] | 13M tok | ETA 104.4h
Step   3100 | loss 6.4169 | lr 3.00e-04 | grad 0.85 | 33.5k tok/s | cert -7.93→-6.60 | ticks [6.546 6.364 6.321 6.320] | 13M tok | ETA 104.3h
Step   3110 | loss 6.3064 | lr 3.00e-04 | grad 0.93 | 33.4k tok/s | cert -7.24→-6.39 | ticks [6.122 5.991 5.967 5.967] | 13M tok | ETA 104.3h
Step   3120 | loss 6.2369 | lr 3.00e-04 | grad 0.81 | 33.2k tok/s | cert -7.31→-6.41 | ticks [6.307 6.158 6.131 6.130] | 13M tok | ETA 104.3h
Step   3130 | loss 6.3561 | lr 3.00e-04 | grad 0.98 | 32.5k tok/s | cert -7.30→-6.61 | ticks [6.324 6.181 6.155 6.157] | 13M tok | ETA 104.3h
Step   3140 | loss 6.3179 | lr 3.00e-04 | grad 1.17 | 33.7k tok/s | cert -7.67→-6.97 | ticks [7.075 6.967 6.967 6.964] | 13M tok | ETA 104.3h
Step   3150 | loss 6.2158 | lr 3.00e-04 | grad 1.02 | 33.6k tok/s | cert -7.51→-6.42 | ticks [6.611 6.479 6.450 6.450] | 13M tok | ETA 104.2h
Step   3160 | loss 6.1675 | lr 3.00e-04 | grad 0.94 | 33.6k tok/s | cert -7.49→-6.58 | ticks [6.688 6.587 6.541 6.539] | 13M tok | ETA 104.2h
Step   3170 | loss 6.3794 | lr 3.00e-04 | grad 0.85 | 33.8k tok/s | cert -7.21→-6.38 | ticks [6.281 6.083 6.045 6.045] | 13M tok | ETA 104.2h
Step   3180 | loss 6.1615 | lr 3.00e-04 | grad 0.72 | 33.8k tok/s | cert -7.20→-6.44 | ticks [6.277 6.132 6.092 6.092] | 13M tok | ETA 104.2h
Step   3190 | loss 6.3366 | lr 3.00e-04 | grad 1.42 | 33.2k tok/s | cert -7.37→-6.02 | ticks [6.426 6.265 6.249 6.249] | 13M tok | ETA 104.1h
Step   3200 | loss 6.2247 | lr 3.00e-04 | grad 0.86 | 31.8k tok/s | cert -7.64→-6.52 | ticks [6.438 6.276 6.226 6.223] | 13M tok | ETA 104.1h
Step   3210 | loss 6.2426 | lr 3.00e-04 | grad 0.80 | 33.4k tok/s | cert -7.75→-6.56 | ticks [6.447 6.264 6.223 6.223] | 13M tok | ETA 104.1h
Step   3220 | loss 6.2829 | lr 3.00e-04 | grad 1.59 | 33.5k tok/s | cert -7.39→-6.40 | ticks [6.656 6.530 6.501 6.497] | 13M tok | ETA 104.1h
Step   3230 | loss 6.2648 | lr 3.00e-04 | grad 0.79 | 33.5k tok/s | cert -7.40→-6.30 | ticks [6.331 6.175 6.148 6.146] | 13M tok | ETA 104.1h
Step   3240 | loss 6.3131 | lr 3.00e-04 | grad 0.99 | 33.7k tok/s | cert -7.55→-6.47 | ticks [6.184 6.007 5.989 5.991] | 13M tok | ETA 104.0h
Step   3250 | loss 6.2681 | lr 3.00e-04 | grad 1.14 | 33.7k tok/s | cert -7.68→-7.02 | ticks [6.789 6.721 6.671 6.668] | 13M tok | ETA 104.0h
Step   3260 | loss 6.2928 | lr 3.00e-04 | grad 0.87 | 33.7k tok/s | cert -7.53→-6.51 | ticks [6.329 6.177 6.149 6.148] | 13M tok | ETA 104.0h
Step   3270 | loss 6.4346 | lr 3.00e-04 | grad 0.82 | 33.5k tok/s | cert -7.56→-6.30 | ticks [6.450 6.281 6.251 6.252] | 13M tok | ETA 104.0h
Step   3280 | loss 6.3840 | lr 3.00e-04 | grad 0.85 | 33.8k tok/s | cert -7.74→-6.64 | ticks [6.454 6.289 6.261 6.260] | 13M tok | ETA 104.0h
Step   3290 | loss 6.2033 | lr 3.00e-04 | grad 1.22 | 33.0k tok/s | cert -6.61→-5.76 | ticks [5.147 5.068 5.014 5.016] | 13M tok | ETA 103.9h
Step   3300 | loss 5.9547 | lr 3.00e-04 | grad 0.77 | 33.2k tok/s | cert -6.90→-6.48 | ticks [6.303 6.178 6.167 6.167] | 14M tok | ETA 103.9h
Step   3310 | loss 6.1609 | lr 3.00e-04 | grad 0.82 | 33.5k tok/s | cert -7.33→-6.62 | ticks [6.580 6.485 6.462 6.459] | 14M tok | ETA 103.9h
Step   3320 | loss 6.1409 | lr 3.00e-04 | grad 1.33 | 33.1k tok/s | cert -7.12→-6.90 | ticks [6.804 6.674 6.652 6.655] | 14M tok | ETA 103.9h
Step   3330 | loss 6.2659 | lr 3.00e-04 | grad 0.85 | 33.3k tok/s | cert -7.64→-6.30 | ticks [6.520 6.379 6.330 6.328] | 14M tok | ETA 103.9h
Step   3340 | loss 6.3210 | lr 3.00e-04 | grad 0.80 | 33.9k tok/s | cert -7.93→-6.41 | ticks [6.424 6.198 6.141 6.141] | 14M tok | ETA 103.9h
Step   3350 | loss 6.2170 | lr 3.00e-04 | grad 0.92 | 34.0k tok/s | cert -7.69→-6.25 | ticks [6.410 6.214 6.186 6.185] | 14M tok | ETA 103.8h
Step   3360 | loss 6.1294 | lr 3.00e-04 | grad 0.79 | 33.6k tok/s | cert -6.94→-5.76 | ticks [5.774 5.600 5.573 5.575] | 14M tok | ETA 103.8h
Step   3370 | loss 6.3194 | lr 3.00e-04 | grad 0.76 | 34.0k tok/s | cert -7.59→-6.48 | ticks [6.485 6.347 6.293 6.294] | 14M tok | ETA 103.8h
Step   3380 | loss 6.2893 | lr 3.00e-04 | grad 1.22 | 34.1k tok/s | cert -7.86→-6.88 | ticks [6.578 6.389 6.356 6.357] | 14M tok | ETA 103.8h
Step   3390 | loss 6.1000 | lr 3.00e-04 | grad 0.88 | 33.5k tok/s | cert -7.03→-6.21 | ticks [6.144 5.991 5.924 5.925] | 14M tok | ETA 103.7h
Step   3400 | loss 6.3030 | lr 3.00e-04 | grad 0.96 | 33.6k tok/s | cert -7.06→-6.44 | ticks [6.631 6.561 6.518 6.517] | 14M tok | ETA 103.7h
Step   3410 | loss 6.3599 | lr 3.00e-04 | grad 0.84 | 33.6k tok/s | cert -7.26→-6.66 | ticks [6.679 6.554 6.489 6.486] | 14M tok | ETA 103.7h
Step   3420 | loss 6.2121 | lr 3.00e-04 | grad 1.33 | 33.9k tok/s | cert -8.08→-6.90 | ticks [6.583 6.465 6.414 6.414] | 14M tok | ETA 103.7h
Step   3430 | loss 6.1485 | lr 3.00e-04 | grad 1.20 | 33.8k tok/s | cert -6.91→-6.48 | ticks [5.917 5.823 5.778 5.779] | 14M tok | ETA 103.7h
Step   3440 | loss 6.2545 | lr 3.00e-04 | grad 0.85 | 33.7k tok/s | cert -6.98→-6.32 | ticks [6.187 6.117 6.081 6.081] | 14M tok | ETA 103.7h
Step   3450 | loss 6.3862 | lr 3.00e-04 | grad 0.80 | 33.2k tok/s | cert -7.18→-6.40 | ticks [6.433 6.363 6.306 6.306] | 14M tok | ETA 103.6h
Step   3460 | loss 6.2026 | lr 3.00e-04 | grad 1.33 | 33.7k tok/s | cert -7.67→-6.54 | ticks [6.166 6.053 5.950 5.947] | 14M tok | ETA 103.6h
Step   3470 | loss 6.1811 | lr 3.00e-04 | grad 0.82 | 33.0k tok/s | cert -6.95→-6.45 | ticks [6.299 6.185 6.164 6.164] | 14M tok | ETA 103.6h
Step   3480 | loss 6.5715 | lr 3.00e-04 | grad 0.82 | 33.0k tok/s | cert -6.54→-6.06 | ticks [5.932 5.811 5.777 5.777] | 14M tok | ETA 103.6h
Step   3490 | loss 6.3885 | lr 3.00e-04 | grad 0.97 | 32.8k tok/s | cert -7.09→-6.50 | ticks [6.444 6.339 6.308 6.310] | 14M tok | ETA 103.6h
Step   3500 | loss 6.3302 | lr 3.00e-04 | grad 1.10 | 32.7k tok/s | cert -6.82→-6.55 | ticks [6.335 6.242 6.197 6.197] | 14M tok | ETA 103.6h
Step   3510 | loss 6.3655 | lr 3.00e-04 | grad 1.12 | 32.8k tok/s | cert -6.70→-6.51 | ticks [6.614 6.503 6.459 6.459] | 14M tok | ETA 103.6h
Step   3520 | loss 6.6130 | lr 3.00e-04 | grad 1.96 | 32.7k tok/s | cert -6.79→-7.28 | ticks [7.532 7.365 7.324 7.324] | 14M tok | ETA 103.5h
Step   3530 | loss 6.2938 | lr 3.00e-04 | grad 1.12 | 32.7k tok/s | cert -7.27→-6.95 | ticks [6.622 6.509 6.474 6.475] | 14M tok | ETA 103.5h
Step   3540 | loss 6.0467 | lr 3.00e-04 | grad 0.90 | 32.8k tok/s | cert -7.13→-6.34 | ticks [6.319 6.203 6.150 6.145] | 15M tok | ETA 103.5h
Step   3550 | loss 6.2584 | lr 3.00e-04 | grad 1.05 | 32.9k tok/s | cert -7.17→-6.41 | ticks [6.599 6.510 6.450 6.447] | 15M tok | ETA 103.5h
Step   3560 | loss 6.2067 | lr 3.00e-04 | grad 0.80 | 32.8k tok/s | cert -7.29→-6.62 | ticks [6.471 6.395 6.285 6.273] | 15M tok | ETA 103.5h
Step   3570 | loss 6.3446 | lr 3.00e-04 | grad 0.97 | 32.3k tok/s | cert -7.03→-6.50 | ticks [6.567 6.477 6.382 6.379] | 15M tok | ETA 103.5h
Step   3580 | loss 6.2944 | lr 3.00e-04 | grad 0.93 | 32.8k tok/s | cert -7.18→-6.62 | ticks [6.238 6.140 6.058 6.060] | 15M tok | ETA 103.5h
Step   3590 | loss 6.2956 | lr 3.00e-04 | grad 0.75 | 32.4k tok/s | cert -7.33→-6.62 | ticks [6.512 6.385 6.348 6.347] | 15M tok | ETA 103.5h
Step   3600 | loss 6.2222 | lr 3.00e-04 | grad 1.18 | 31.8k tok/s | cert -7.05→-6.42 | ticks [6.083 5.963 5.898 5.901] | 15M tok | ETA 103.5h
Step   3610 | loss 6.2088 | lr 3.00e-04 | grad 1.10 | 32.8k tok/s | cert -6.98→-6.51 | ticks [6.137 5.941 5.919 5.919] | 15M tok | ETA 103.5h
Step   3620 | loss 6.2790 | lr 3.00e-04 | grad 1.02 | 33.0k tok/s | cert -6.82→-6.19 | ticks [6.050 5.979 5.903 5.904] | 15M tok | ETA 103.5h
Step   3630 | loss 6.2682 | lr 3.00e-04 | grad 0.96 | 32.8k tok/s | cert -6.84→-6.43 | ticks [6.513 6.406 6.348 6.345] | 15M tok | ETA 103.4h
Step   3640 | loss 6.2169 | lr 3.00e-04 | grad 1.03 | 32.8k tok/s | cert -6.98→-6.67 | ticks [6.568 6.474 6.424 6.426] | 15M tok | ETA 103.4h
Step   3650 | loss 6.2571 | lr 3.00e-04 | grad 1.05 | 32.7k tok/s | cert -6.74→-6.06 | ticks [6.256 6.185 6.128 6.128] | 15M tok | ETA 103.4h
Step   3660 | loss 6.1576 | lr 3.00e-04 | grad 1.34 | 32.6k tok/s | cert -6.93→-5.92 | ticks [6.171 6.089 6.051 6.050] | 15M tok | ETA 103.4h
Step   3670 | loss 6.2317 | lr 3.00e-04 | grad 0.74 | 32.8k tok/s | cert -6.91→-6.20 | ticks [6.028 5.889 5.842 5.841] | 15M tok | ETA 103.4h
Step   3680 | loss 6.2655 | lr 3.00e-04 | grad 0.92 | 32.8k tok/s | cert -7.49→-6.51 | ticks [6.271 6.116 6.050 6.047] | 15M tok | ETA 103.4h
Step   3690 | loss 6.2856 | lr 3.00e-04 | grad 1.86 | 32.4k tok/s | cert -7.46→-7.33 | ticks [6.794 6.665 6.624 6.630] | 15M tok | ETA 103.4h
Step   3700 | loss 6.1500 | lr 3.00e-04 | grad 0.88 | 32.3k tok/s | cert -6.62→-6.52 | ticks [6.564 6.459 6.345 6.343] | 15M tok | ETA 103.4h
Step   3710 | loss 6.2931 | lr 3.00e-04 | grad 1.32 | 32.4k tok/s | cert -7.37→-6.64 | ticks [6.320 6.198 6.130 6.128] | 15M tok | ETA 103.4h
Step   3720 | loss 6.2571 | lr 3.00e-04 | grad 0.72 | 32.4k tok/s | cert -6.69→-6.35 | ticks [6.237 6.070 6.028 6.025] | 15M tok | ETA 103.4h
Step   3730 | loss 6.2221 | lr 3.00e-04 | grad 1.05 | 32.6k tok/s | cert -6.57→-6.50 | ticks [6.443 6.322 6.265 6.262] | 15M tok | ETA 103.4h
Step   3740 | loss 6.2230 | lr 3.00e-04 | grad 0.84 | 32.8k tok/s | cert -6.74→-6.36 | ticks [6.253 6.136 6.099 6.099] | 15M tok | ETA 103.4h
Step   3750 | loss 6.1965 | lr 3.00e-04 | grad 1.16 | 32.8k tok/s | cert -7.09→-6.49 | ticks [6.656 6.571 6.518 6.518] | 15M tok | ETA 103.4h
Step   3760 | loss 6.1457 | lr 3.00e-04 | grad 1.12 | 32.5k tok/s | cert -6.57→-6.58 | ticks [6.326 6.233 6.176 6.171] | 15M tok | ETA 103.4h
Step   3770 | loss 6.2633 | lr 3.00e-04 | grad 0.69 | 32.3k tok/s | cert -6.63→-6.53 | ticks [6.370 6.199 6.134 6.135] | 15M tok | ETA 103.3h
Step   3780 | loss 6.2652 | lr 3.00e-04 | grad 0.92 | 32.2k tok/s | cert -6.84→-6.48 | ticks [6.118 5.986 5.920 5.919] | 15M tok | ETA 103.3h
Step   3790 | loss 6.3771 | lr 3.00e-04 | grad 1.08 | 32.4k tok/s | cert -7.27→-6.49 | ticks [6.264 6.145 6.089 6.089] | 16M tok | ETA 103.3h
Step   3800 | loss 6.2317 | lr 3.00e-04 | grad 1.20 | 32.6k tok/s | cert -6.55→-6.40 | ticks [5.963 5.852 5.811 5.808] | 16M tok | ETA 103.3h
Step   3810 | loss 6.2527 | lr 3.00e-04 | grad 1.02 | 32.7k tok/s | cert -7.11→-6.67 | ticks [6.402 6.314 6.301 6.298] | 16M tok | ETA 103.3h
Step   3820 | loss 6.2205 | lr 3.00e-04 | grad 0.80 | 32.5k tok/s | cert -6.85→-6.28 | ticks [6.015 5.891 5.858 5.857] | 16M tok | ETA 103.3h
Step   3830 | loss 6.2823 | lr 3.00e-04 | grad 0.84 | 32.7k tok/s | cert -7.39→-6.59 | ticks [6.424 6.250 6.222 6.220] | 16M tok | ETA 103.3h
Step   3840 | loss 6.2261 | lr 3.00e-04 | grad 1.10 | 32.7k tok/s | cert -7.85→-6.89 | ticks [6.666 6.493 6.437 6.435] | 16M tok | ETA 103.3h
Step   3850 | loss 6.2996 | lr 3.00e-04 | grad 0.87 | 32.9k tok/s | cert -7.46→-6.35 | ticks [6.276 6.118 6.043 6.044] | 16M tok | ETA 103.3h
Step   3860 | loss 6.2142 | lr 3.00e-04 | grad 0.73 | 32.5k tok/s | cert -7.60→-6.69 | ticks [6.631 6.476 6.363 6.361] | 16M tok | ETA 103.3h
Step   3870 | loss 6.1507 | lr 3.00e-04 | grad 0.81 | 32.7k tok/s | cert -6.85→-6.39 | ticks [6.125 6.043 5.973 5.970] | 16M tok | ETA 103.3h
Step   3880 | loss 6.1301 | lr 3.00e-04 | grad 0.72 | 32.7k tok/s | cert -6.80→-6.32 | ticks [6.171 5.993 5.911 5.911] | 16M tok | ETA 103.3h
Step   3890 | loss 6.1177 | lr 3.00e-04 | grad 0.81 | 32.8k tok/s | cert -6.73→-6.31 | ticks [6.260 6.172 6.072 6.069] | 16M tok | ETA 103.3h
Step   3900 | loss 6.1898 | lr 3.00e-04 | grad 0.98 | 32.5k tok/s | cert -6.90→-6.47 | ticks [6.281 6.148 6.048 6.044] | 16M tok | ETA 103.2h
Step   3910 | loss 6.2001 | lr 3.00e-04 | grad 0.96 | 32.8k tok/s | cert -6.85→-6.34 | ticks [6.081 5.966 5.879 5.874] | 16M tok | ETA 103.2h
Step   3920 | loss 6.1804 | lr 3.00e-04 | grad 0.87 | 33.0k tok/s | cert -7.21→-6.73 | ticks [6.527 6.378 6.323 6.321] | 16M tok | ETA 103.2h
Step   3930 | loss 6.0966 | lr 3.00e-04 | grad 1.16 | 32.8k tok/s | cert -6.70→-5.88 | ticks [5.833 5.607 5.544 5.545] | 16M tok | ETA 103.2h
Step   3940 | loss 6.0957 | lr 3.00e-04 | grad 0.70 | 32.7k tok/s | cert -6.93→-6.27 | ticks [6.202 6.035 5.975 5.974] | 16M tok | ETA 103.2h
Step   3950 | loss 6.1451 | lr 3.00e-04 | grad 0.74 | 33.1k tok/s | cert -7.33→-6.41 | ticks [6.263 6.080 6.023 6.021] | 16M tok | ETA 103.2h
Step   3960 | loss 6.3908 | lr 3.00e-04 | grad 0.77 | 32.8k tok/s | cert -7.13→-6.56 | ticks [6.645 6.439 6.402 6.402] | 16M tok | ETA 103.2h
Step   3970 | loss 6.1801 | lr 3.00e-04 | grad 0.83 | 32.7k tok/s | cert -7.36→-6.36 | ticks [6.381 6.204 6.144 6.145] | 16M tok | ETA 103.2h
Step   3980 | loss 6.2532 | lr 3.00e-04 | grad 0.77 | 32.9k tok/s | cert -6.91→-6.22 | ticks [6.247 6.128 6.032 6.027] | 16M tok | ETA 103.2h
Step   3990 | loss 6.2171 | lr 3.00e-04 | grad 0.84 | 33.0k tok/s | cert -6.86→-6.40 | ticks [6.295 6.171 6.085 6.085] | 16M tok | ETA 103.2h
Step   4000 | loss 6.1108 | lr 3.00e-04 | grad 0.66 | 32.8k tok/s | cert -6.97→-6.20 | ticks [6.186 6.054 5.965 5.963] | 16M tok | ETA 103.2h
Step   4010 | loss 6.3588 | lr 3.00e-04 | grad 2.12 | 32.8k tok/s | cert -7.96→-7.56 | ticks [7.573 7.467 7.437 7.438] | 16M tok | ETA 103.1h
Step   4020 | loss 6.3580 | lr 3.00e-04 | grad 0.92 | 32.6k tok/s | cert -6.91→-6.26 | ticks [6.164 6.028 5.947 5.940] | 16M tok | ETA 103.1h
Step   4030 | loss 6.3022 | lr 3.00e-04 | grad 0.98 | 32.8k tok/s | cert -7.08→-6.67 | ticks [6.407 6.304 6.238 6.234] | 17M tok | ETA 103.1h
Step   4040 | loss 6.1400 | lr 3.00e-04 | grad 0.76 | 32.5k tok/s | cert -7.00→-6.15 | ticks [6.140 6.038 5.972 5.972] | 17M tok | ETA 103.1h
Step   4050 | loss 6.1873 | lr 3.00e-04 | grad 1.17 | 32.9k tok/s | cert -7.65→-6.92 | ticks [6.547 6.417 6.328 6.326] | 17M tok | ETA 103.1h
Step   4060 | loss 6.2990 | lr 3.00e-04 | grad 0.76 | 32.9k tok/s | cert -7.23→-6.37 | ticks [6.306 6.104 6.080 6.079] | 17M tok | ETA 103.1h
Step   4070 | loss 6.1933 | lr 3.00e-04 | grad 1.00 | 32.5k tok/s | cert -7.74→-6.73 | ticks [6.592 6.427 6.353 6.349] | 17M tok | ETA 103.1h
Step   4080 | loss 6.2635 | lr 3.00e-04 | grad 1.33 | 32.7k tok/s | cert -7.19→-6.47 | ticks [6.411 6.339 6.294 6.290] | 17M tok | ETA 103.1h
Step   4090 | loss 6.1116 | lr 3.00e-04 | grad 1.09 | 32.5k tok/s | cert -7.23→-6.57 | ticks [6.481 6.382 6.323 6.323] | 17M tok | ETA 103.1h
Step   4100 | loss 6.0954 | lr 3.00e-04 | grad 1.17 | 32.8k tok/s | cert -7.52→-6.47 | ticks [6.057 6.000 5.875 5.863] | 17M tok | ETA 103.1h
Step   4110 | loss 6.1644 | lr 3.00e-04 | grad 1.10 | 32.6k tok/s | cert -7.11→-6.82 | ticks [6.454 6.379 6.311 6.308] | 17M tok | ETA 103.1h
Step   4120 | loss 6.1237 | lr 3.00e-04 | grad 0.88 | 32.8k tok/s | cert -6.81→-6.12 | ticks [6.177 6.127 6.043 6.038] | 17M tok | ETA 103.1h
Step   4130 | loss 6.0690 | lr 3.00e-04 | grad 1.07 | 32.7k tok/s | cert -7.29→-6.61 | ticks [6.299 6.116 6.036 6.031] | 17M tok | ETA 103.1h
Step   4140 | loss 6.0966 | lr 3.00e-04 | grad 0.80 | 32.6k tok/s | cert -6.18→-6.21 | ticks [6.218 6.089 5.989 5.991] | 17M tok | ETA 103.0h
Step   4150 | loss 6.2070 | lr 3.00e-04 | grad 1.34 | 33.1k tok/s | cert -7.47→-6.71 | ticks [6.239 6.153 6.036 6.034] | 17M tok | ETA 103.0h
Step   4160 | loss 6.1288 | lr 3.00e-04 | grad 0.92 | 32.9k tok/s | cert -7.02→-6.14 | ticks [5.807 5.633 5.558 5.557] | 17M tok | ETA 103.0h
Step   4170 | loss 6.2364 | lr 3.00e-04 | grad 0.89 | 32.5k tok/s | cert -6.78→-6.07 | ticks [6.279 6.155 6.089 6.085] | 17M tok | ETA 103.0h
Step   4180 | loss 6.1596 | lr 3.00e-04 | grad 1.16 | 32.7k tok/s | cert -6.97→-6.51 | ticks [6.287 6.171 6.091 6.085] | 17M tok | ETA 103.0h
Step   4190 | loss 6.2782 | lr 3.00e-04 | grad 1.00 | 33.0k tok/s | cert -7.12→-6.55 | ticks [6.205 6.153 6.047 6.047] | 17M tok | ETA 103.0h
Step   4200 | loss 6.2183 | lr 3.00e-04 | grad 0.75 | 33.0k tok/s | cert -6.89→-6.28 | ticks [6.195 6.076 5.947 5.947] | 17M tok | ETA 103.0h
Step   4210 | loss 6.0570 | lr 3.00e-04 | grad 0.71 | 32.9k tok/s | cert -6.86→-6.25 | ticks [6.136 6.043 5.940 5.939] | 17M tok | ETA 103.0h
Step   4220 | loss 6.1945 | lr 3.00e-04 | grad 0.82 | 32.9k tok/s | cert -7.36→-6.68 | ticks [6.465 6.378 6.340 6.337] | 17M tok | ETA 103.0h
Step   4230 | loss 6.1878 | lr 3.00e-04 | grad 0.98 | 33.0k tok/s | cert -7.24→-6.53 | ticks [6.413 6.290 6.174 6.169] | 17M tok | ETA 103.0h
Step   4240 | loss 6.1205 | lr 3.00e-04 | grad 0.75 | 32.9k tok/s | cert -7.73→-6.48 | ticks [6.420 6.190 6.091 6.089] | 17M tok | ETA 103.0h
Step   4250 | loss 6.0542 | lr 3.00e-04 | grad 0.95 | 31.3k tok/s | cert -7.61→-6.61 | ticks [6.390 6.329 6.126 6.119] | 17M tok | ETA 103.0h
Step   4260 | loss 6.3243 | lr 3.00e-04 | grad 1.38 | 32.0k tok/s | cert -7.69→-7.26 | ticks [7.053 6.990 6.926 6.921] | 17M tok | ETA 103.0h
Step   4270 | loss 6.2294 | lr 3.00e-04 | grad 0.99 | 33.0k tok/s | cert -7.25→-5.96 | ticks [6.202 6.098 5.969 5.964] | 17M tok | ETA 102.9h
Step   4280 | loss 6.1204 | lr 3.00e-04 | grad 0.73 | 32.6k tok/s | cert -7.59→-6.59 | ticks [6.624 6.452 6.373 6.370] | 18M tok | ETA 102.9h
Step   4290 | loss 6.2899 | lr 3.00e-04 | grad 0.73 | 32.9k tok/s | cert -7.14→-6.20 | ticks [6.196 6.063 5.953 5.946] | 18M tok | ETA 102.9h
Step   4300 | loss 6.1286 | lr 3.00e-04 | grad 1.09 | 32.8k tok/s | cert -6.56→-6.44 | ticks [6.337 6.234 6.180 6.180] | 18M tok | ETA 102.9h
Step   4310 | loss 6.2634 | lr 3.00e-04 | grad 1.04 | 31.4k tok/s | cert -7.41→-6.78 | ticks [6.600 6.435 6.381 6.380] | 18M tok | ETA 102.9h
Step   4320 | loss 6.2890 | lr 3.00e-04 | grad 1.11 | 32.6k tok/s | cert -7.48→-6.56 | ticks [6.873 6.746 6.655 6.655] | 18M tok | ETA 102.9h
Step   4330 | loss 6.1277 | lr 3.00e-04 | grad 0.83 | 32.2k tok/s | cert -7.22→-6.32 | ticks [6.054 5.947 5.852 5.847] | 18M tok | ETA 102.9h
Step   4340 | loss 6.1197 | lr 3.00e-04 | grad 1.11 | 32.9k tok/s | cert -7.66→-6.94 | ticks [6.637 6.433 6.315 6.314] | 18M tok | ETA 102.9h
Step   4350 | loss 6.0764 | lr 3.00e-04 | grad 0.95 | 32.2k tok/s | cert -6.96→-6.70 | ticks [6.467 6.238 6.175 6.174] | 18M tok | ETA 102.9h
Step   4360 | loss 6.2016 | lr 3.00e-04 | grad 1.03 | 33.0k tok/s | cert -6.85→-6.38 | ticks [6.354 6.263 6.164 6.155] | 18M tok | ETA 102.9h
Step   4370 | loss 6.0277 | lr 3.00e-04 | grad 0.96 | 32.8k tok/s | cert -6.51→-6.20 | ticks [6.259 6.065 5.964 5.962] | 18M tok | ETA 102.9h
Step   4380 | loss 6.1425 | lr 3.00e-04 | grad 0.77 | 33.0k tok/s | cert -7.14→-6.65 | ticks [6.285 6.193 6.140 6.140] | 18M tok | ETA 102.9h
Step   4390 | loss 6.0922 | lr 3.00e-04 | grad 1.34 | 32.9k tok/s | cert -6.96→-6.64 | ticks [5.985 5.778 5.758 5.759] | 18M tok | ETA 102.9h
Step   4400 | loss 6.2674 | lr 3.00e-04 | grad 1.57 | 33.2k tok/s | cert -7.59→-6.98 | ticks [6.592 6.478 6.345 6.337] | 18M tok | ETA 102.9h
Step   4410 | loss 6.3014 | lr 3.00e-04 | grad 0.91 | 32.9k tok/s | cert -7.09→-6.04 | ticks [6.126 5.998 5.879 5.879] | 18M tok | ETA 102.8h
Step   4420 | loss 6.3258 | lr 3.00e-04 | grad 1.26 | 32.9k tok/s | cert -7.30→-6.45 | ticks [6.392 6.280 6.221 6.224] | 18M tok | ETA 102.8h
Step   4430 | loss 6.0461 | lr 3.00e-04 | grad 0.95 | 32.6k tok/s | cert -6.91→-6.35 | ticks [6.247 6.187 6.105 6.075] | 18M tok | ETA 102.8h
Step   4440 | loss 6.1350 | lr 3.00e-04 | grad 1.02 | 32.8k tok/s | cert -6.28→-6.39 | ticks [6.379 6.261 6.218 6.216] | 18M tok | ETA 102.8h
Step   4450 | loss 6.0689 | lr 3.00e-04 | grad 0.98 | 32.7k tok/s | cert -6.59→-6.02 | ticks [5.816 5.647 5.611 5.602] | 18M tok | ETA 102.8h
Step   4460 | loss 6.1981 | lr 3.00e-04 | grad 0.82 | 32.5k tok/s | cert -6.58→-6.56 | ticks [6.389 6.230 6.190 6.189] | 18M tok | ETA 102.8h
Step   4470 | loss 6.1557 | lr 3.00e-04 | grad 1.09 | 32.8k tok/s | cert -6.38→-6.64 | ticks [6.652 6.539 6.514 6.510] | 18M tok | ETA 102.8h
Step   4480 | loss 6.2587 | lr 3.00e-04 | grad 0.88 | 32.7k tok/s | cert -6.06→-5.87 | ticks [5.956 5.827 5.767 5.765] | 18M tok | ETA 102.8h
Step   4490 | loss 6.0922 | lr 3.00e-04 | grad 0.88 | 32.7k tok/s | cert -7.19→-6.53 | ticks [6.311 6.149 6.116 6.114] | 18M tok | ETA 102.8h
Step   4500 | loss 6.2215 | lr 3.00e-04 | grad 0.80 | 32.6k tok/s | cert -7.67→-6.61 | ticks [6.510 6.315 6.276 6.276] | 18M tok | ETA 102.8h
Step   4510 | loss 6.2221 | lr 3.00e-04 | grad 1.55 | 32.7k tok/s | cert -7.58→-6.74 | ticks [7.003 6.857 6.821 6.808] | 18M tok | ETA 102.8h
Step   4520 | loss 6.0445 | lr 3.00e-04 | grad 0.68 | 32.9k tok/s | cert -6.43→-6.25 | ticks [6.258 6.086 6.048 6.049] | 19M tok | ETA 102.8h
Step   4530 | loss 6.0677 | lr 3.00e-04 | grad 0.80 | 32.6k tok/s | cert -6.53→-6.31 | ticks [6.227 6.116 6.064 6.063] | 19M tok | ETA 102.8h
Step   4540 | loss 6.1610 | lr 3.00e-04 | grad 0.79 | 32.8k tok/s | cert -7.09→-6.46 | ticks [6.296 6.107 6.076 6.076] | 19M tok | ETA 102.8h
Step   4550 | loss 6.1166 | lr 3.00e-04 | grad 0.77 | 32.9k tok/s | cert -7.22→-6.61 | ticks [6.461 6.289 6.275 6.274] | 19M tok | ETA 102.8h
Step   4560 | loss 6.0572 | lr 3.00e-04 | grad 0.87 | 32.7k tok/s | cert -7.46→-6.55 | ticks [6.439 6.298 6.266 6.266] | 19M tok | ETA 102.8h
Step   4570 | loss 6.1540 | lr 3.00e-04 | grad 0.96 | 33.0k tok/s | cert -6.88→-6.72 | ticks [6.267 6.125 6.089 6.089] | 19M tok | ETA 102.8h
Step   4580 | loss 6.0330 | lr 3.00e-04 | grad 0.91 | 32.5k tok/s | cert -6.50→-6.25 | ticks [6.345 6.263 6.230 6.229] | 19M tok | ETA 102.8h
Step   4590 | loss 6.1274 | lr 3.00e-04 | grad 0.77 | 32.8k tok/s | cert -6.93→-6.41 | ticks [6.347 6.195 6.132 6.132] | 19M tok | ETA 102.8h
Step   4600 | loss 6.2344 | lr 3.00e-04 | grad 1.05 | 32.8k tok/s | cert -6.92→-6.49 | ticks [6.223 6.086 6.063 6.062] | 19M tok | ETA 102.8h
Step   4610 | loss 6.0961 | lr 3.00e-04 | grad 0.82 | 32.5k tok/s | cert -7.11→-6.60 | ticks [6.424 6.286 6.257 6.260] | 19M tok | ETA 102.8h
Step   4620 | loss 6.2450 | lr 3.00e-04 | grad 0.91 | 33.0k tok/s | cert -6.96→-6.51 | ticks [6.312 6.165 6.128 6.126] | 19M tok | ETA 102.8h
Step   4630 | loss 6.5398 | lr 3.00e-04 | grad 1.04 | 32.8k tok/s | cert -6.82→-6.64 | ticks [6.536 6.386 6.342 6.339] | 19M tok | ETA 102.8h
Step   4640 | loss 6.2140 | lr 3.00e-04 | grad 0.71 | 32.4k tok/s | cert -6.86→-6.45 | ticks [6.373 6.183 6.139 6.137] | 19M tok | ETA 102.7h
Step   4650 | loss 6.1123 | lr 3.00e-04 | grad 0.80 | 33.0k tok/s | cert -7.36→-6.43 | ticks [6.267 6.114 6.066 6.063] | 19M tok | ETA 102.7h
Step   4660 | loss 6.0059 | lr 3.00e-04 | grad 0.80 | 32.9k tok/s | cert -7.11→-6.32 | ticks [6.014 5.853 5.816 5.818] | 19M tok | ETA 102.7h
Step   4670 | loss 5.9974 | lr 3.00e-04 | grad 0.71 | 32.6k tok/s | cert -7.20→-6.45 | ticks [6.443 6.259 6.223 6.224] | 19M tok | ETA 102.7h
Step   4680 | loss 5.9885 | lr 3.00e-04 | grad 0.93 | 32.5k tok/s | cert -6.88→-6.14 | ticks [6.156 6.055 5.994 5.990] | 19M tok | ETA 102.7h
Step   4690 | loss 6.2003 | lr 3.00e-04 | grad 0.99 | 32.9k tok/s | cert -6.67→-6.24 | ticks [6.342 6.294 6.215 6.197] | 19M tok | ETA 102.7h
Step   4700 | loss 6.1040 | lr 3.00e-04 | grad 0.98 | 32.7k tok/s | cert -5.89→-6.00 | ticks [6.288 6.029 5.994 5.995] | 19M tok | ETA 102.7h
Step   4710 | loss 6.1849 | lr 3.00e-04 | grad 0.73 | 32.7k tok/s | cert -6.54→-6.26 | ticks [6.236 6.167 6.119 6.115] | 19M tok | ETA 102.7h
Step   4720 | loss 6.0735 | lr 3.00e-04 | grad 1.03 | 32.8k tok/s | cert -6.55→-5.97 | ticks [5.987 5.884 5.820 5.819] | 19M tok | ETA 102.7h
Step   4730 | loss 6.2694 | lr 3.00e-04 | grad 0.81 | 32.8k tok/s | cert -6.45→-6.44 | ticks [6.243 6.112 6.057 6.055] | 19M tok | ETA 102.7h
Step   4740 | loss 6.1130 | lr 3.00e-04 | grad 0.82 | 32.5k tok/s | cert -6.70→-6.22 | ticks [6.053 5.927 5.892 5.890] | 19M tok | ETA 102.7h
Step   4750 | loss 6.0530 | lr 3.00e-04 | grad 0.94 | 32.5k tok/s | cert -6.77→-6.54 | ticks [6.116 5.888 5.830 5.831] | 19M tok | ETA 102.7h
Step   4760 | loss 6.1415 | lr 3.00e-04 | grad 0.76 | 32.4k tok/s | cert -6.37→-6.49 | ticks [6.318 6.176 6.120 6.120] | 20M tok | ETA 102.7h
Step   4770 | loss 6.0146 | lr 3.00e-04 | grad 0.95 | 32.8k tok/s | cert -6.70→-6.32 | ticks [6.044 5.903 5.851 5.849] | 20M tok | ETA 102.7h
Step   4780 | loss 6.3674 | lr 3.00e-04 | grad 0.78 | 33.0k tok/s | cert -6.57→-6.42 | ticks [6.294 6.186 6.136 6.134] | 20M tok | ETA 102.7h
Step   4790 | loss 6.3476 | lr 3.00e-04 | grad 0.75 | 33.0k tok/s | cert -7.12→-6.54 | ticks [6.581 6.409 6.329 6.329] | 20M tok | ETA 102.7h
Step   4800 | loss 6.1066 | lr 3.00e-04 | grad 0.93 | 33.0k tok/s | cert -7.69→-6.74 | ticks [6.509 6.322 6.246 6.244] | 20M tok | ETA 102.6h
Step   4810 | loss 6.0485 | lr 3.00e-04 | grad 0.99 | 32.8k tok/s | cert -7.29→-6.30 | ticks [6.483 6.350 6.272 6.267] | 20M tok | ETA 102.6h
Step   4820 | loss 6.0826 | lr 3.00e-04 | grad 0.96 | 32.7k tok/s | cert -7.49→-6.12 | ticks [6.257 6.077 6.034 6.032] | 20M tok | ETA 102.6h
Step   4830 | loss 6.2426 | lr 3.00e-04 | grad 1.05 | 32.8k tok/s | cert -7.23→-6.43 | ticks [6.251 6.038 5.974 5.975] | 20M tok | ETA 102.6h
Step   4840 | loss 6.1821 | lr 3.00e-04 | grad 1.42 | 32.7k tok/s | cert -6.80→-6.36 | ticks [6.216 6.137 6.090 6.088] | 20M tok | ETA 102.6h
Step   4850 | loss 6.2301 | lr 3.00e-04 | grad 1.01 | 32.8k tok/s | cert -7.38→-6.66 | ticks [6.525 6.384 6.337 6.335] | 20M tok | ETA 102.6h
Step   4860 | loss 6.1527 | lr 3.00e-04 | grad 0.82 | 32.5k tok/s | cert -7.08→-6.38 | ticks [6.163 5.949 5.890 5.889] | 20M tok | ETA 102.6h
Step   4870 | loss 6.0698 | lr 3.00e-04 | grad 0.86 | 32.6k tok/s | cert -7.17→-6.57 | ticks [6.305 6.149 6.100 6.098] | 20M tok | ETA 102.6h
Step   4880 | loss 5.9302 | lr 3.00e-04 | grad 1.04 | 32.4k tok/s | cert -7.06→-6.30 | ticks [6.015 5.835 5.778 5.776] | 20M tok | ETA 102.6h
Step   4890 | loss 6.0632 | lr 3.00e-04 | grad 0.77 | 32.6k tok/s | cert -6.97→-6.38 | ticks [6.152 6.013 5.945 5.942] | 20M tok | ETA 102.6h
Step   4900 | loss 6.0628 | lr 3.00e-04 | grad 0.83 | 33.0k tok/s | cert -7.28→-6.43 | ticks [6.184 5.986 5.931 5.931] | 20M tok | ETA 102.6h
Step   4910 | loss 6.1033 | lr 3.00e-04 | grad 0.86 | 33.0k tok/s | cert -6.96→-6.28 | ticks [5.885 5.705 5.658 5.657] | 20M tok | ETA 102.6h
Step   4920 | loss 6.0245 | lr 3.00e-04 | grad 0.96 | 32.6k tok/s | cert -7.70→-6.75 | ticks [6.472 6.240 6.176 6.172] | 20M tok | ETA 102.6h
Step   4930 | loss 6.1295 | lr 3.00e-04 | grad 0.91 | 32.7k tok/s | cert -7.36→-6.63 | ticks [6.436 6.319 6.272 6.272] | 20M tok | ETA 102.6h
Step   4940 | loss 6.2275 | lr 3.00e-04 | grad 0.89 | 32.9k tok/s | cert -7.18→-6.59 | ticks [6.525 6.424 6.375 6.374] | 20M tok | ETA 102.6h
Step   4950 | loss 6.1461 | lr 3.00e-04 | grad 0.80 | 33.0k tok/s | cert -7.40→-6.69 | ticks [6.373 6.198 6.123 6.122] | 20M tok | ETA 102.6h
Step   4960 | loss 6.1827 | lr 3.00e-04 | grad 0.88 | 32.7k tok/s | cert -6.99→-6.36 | ticks [6.114 5.979 5.915 5.915] | 20M tok | ETA 102.5h
Step   4970 | loss 6.1194 | lr 3.00e-04 | grad 0.97 | 32.6k tok/s | cert -7.12→-6.45 | ticks [6.319 6.269 6.209 6.200] | 20M tok | ETA 102.5h
Step   4980 | loss 6.2458 | lr 3.00e-04 | grad 0.89 | 32.7k tok/s | cert -7.19→-6.83 | ticks [6.490 6.351 6.272 6.265] | 20M tok | ETA 102.5h
Step   4990 | loss 6.0448 | lr 3.00e-04 | grad 0.87 | 32.7k tok/s | cert -6.62→-6.13 | ticks [6.239 6.100 6.019 6.018] | 20M tok | ETA 102.5h
Step   5000 | loss 6.1816 | lr 3.00e-04 | grad 0.96 | 32.9k tok/s | cert -7.06→-6.43 | ticks [6.371 6.223 6.140 6.139] | 20M tok | ETA 102.5h
'[Errno 9] Bad file descriptor' thrown while requesting GET https://huggingface.co/datasets/HuggingFaceFW/fineweb-edu/resolve/87f09149ef4734204d70ed1d046ddc9ca3f2b8f9/sample/10BT/000_00000.parquet

  >>> Eval loss: 6.7607 (best: inf)
  >>> Saved best checkpoint at step 5000
  >>> Sample: 'The most important thing to understand about science is' → ' the way, when this is a number of the case, it is: this one of what happens to be the way, the idea is more about an, as the human nature that is a few, I am the God's time by'

Step   5010 | loss 6.1351 | lr 3.00e-04 | grad 0.95 | 32.5k tok/s | cert -7.55→-6.66 | ticks [6.505 6.217 6.187 6.189] | 21M tok | ETA 105.0h
Step   5020 | loss 6.1258 | lr 3.00e-04 | grad 0.89 | 32.5k tok/s | cert -6.56→-6.03 | ticks [5.862 5.649 5.611 5.606] | 21M tok | ETA 104.9h
Step   5030 | loss 5.9989 | lr 3.00e-04 | grad 0.86 | 31.5k tok/s | cert -6.75→-6.14 | ticks [6.127 5.950 5.895 5.895] | 21M tok | ETA 104.9h
Step   5040 | loss 6.2693 | lr 3.00e-04 | grad 0.74 | 31.9k tok/s | cert -7.74→-6.80 | ticks [6.679 6.434 6.393 6.393] | 21M tok | ETA 104.9h
Step   5050 | loss 6.2230 | lr 3.00e-04 | grad 1.09 | 31.9k tok/s | cert -8.15→-6.85 | ticks [6.629 6.391 6.317 6.313] | 21M tok | ETA 104.9h
Step   5060 | loss 6.0336 | lr 3.00e-04 | grad 1.23 | 32.9k tok/s | cert -7.41→-6.12 | ticks [5.869 5.534 5.500 5.499] | 21M tok | ETA 104.9h
Step   5070 | loss 6.1399 | lr 3.00e-04 | grad 1.10 | 31.0k tok/s | cert -7.85→-6.75 | ticks [6.843 6.646 6.602 6.602] | 21M tok | ETA 104.9h
Step   5080 | loss 6.1658 | lr 3.00e-04 | grad 0.96 | 32.7k tok/s | cert -6.58→-6.26 | ticks [6.406 6.230 6.189 6.187] | 21M tok | ETA 104.9h
Step   5090 | loss 6.0497 | lr 3.00e-04 | grad 0.79 | 31.1k tok/s | cert -6.87→-6.13 | ticks [6.173 6.018 5.962 5.961] | 21M tok | ETA 104.9h
Step   5100 | loss 6.1286 | lr 3.00e-04 | grad 0.79 | 32.5k tok/s | cert -7.13→-6.29 | ticks [6.288 6.085 6.033 6.031] | 21M tok | ETA 104.9h
Step   5110 | loss 6.1079 | lr 3.00e-04 | grad 0.79 | 31.7k tok/s | cert -7.45→-6.61 | ticks [6.589 6.364 6.314 6.313] | 21M tok | ETA 104.9h
Step   5120 | loss 6.0873 | lr 3.00e-04 | grad 1.35 | 32.4k tok/s | cert -6.47→-6.47 | ticks [6.378 6.266 6.160 6.157] | 21M tok | ETA 104.9h
Step   5130 | loss 6.0605 | lr 3.00e-04 | grad 1.00 | 32.5k tok/s | cert -6.67→-6.07 | ticks [6.329 6.219 6.176 6.173] | 21M tok | ETA 104.9h
Step   5140 | loss 6.0610 | lr 3.00e-04 | grad 0.86 | 32.9k tok/s | cert -7.11→-6.60 | ticks [6.425 6.236 6.181 6.182] | 21M tok | ETA 104.8h
Step   5150 | loss 5.9401 | lr 3.00e-04 | grad 0.79 | 32.5k tok/s | cert -7.19→-6.32 | ticks [6.159 5.949 5.896 5.893] | 21M tok | ETA 104.8h
Step   5160 | loss 6.0958 | lr 3.00e-04 | grad 0.81 | 32.3k tok/s | cert -6.93→-6.29 | ticks [6.042 5.896 5.860 5.857] | 21M tok | ETA 104.8h
Step   5170 | loss 6.0154 | lr 3.00e-04 | grad 0.72 | 32.2k tok/s | cert -7.30→-6.52 | ticks [6.483 6.267 6.223 6.220] | 21M tok | ETA 104.8h
Step   5180 | loss 6.1044 | lr 3.00e-04 | grad 0.77 | 32.6k tok/s | cert -6.88→-6.32 | ticks [6.122 5.929 5.888 5.884] | 21M tok | ETA 104.8h
Step   5190 | loss 6.0092 | lr 3.00e-04 | grad 0.80 | 32.6k tok/s | cert -6.71→-6.23 | ticks [6.130 5.996 5.947 5.947] | 21M tok | ETA 104.8h
Step   5200 | loss 6.1739 | lr 3.00e-04 | grad 0.84 | 32.7k tok/s | cert -7.49→-6.56 | ticks [6.583 6.364 6.290 6.287] | 21M tok | ETA 104.8h
Step   5210 | loss 6.0489 | lr 3.00e-04 | grad 1.16 | 32.3k tok/s | cert -7.86→-6.62 | ticks [6.209 5.981 5.928 5.928] | 21M tok | ETA 104.8h
Step   5220 | loss 6.1482 | lr 3.00e-04 | grad 1.02 | 32.8k tok/s | cert -7.24→-6.48 | ticks [6.121 5.947 5.897 5.898] | 21M tok | ETA 104.8h
Step   5230 | loss 6.0433 | lr 3.00e-04 | grad 1.41 | 32.7k tok/s | cert -6.91→-6.17 | ticks [5.906 5.672 5.661 5.662] | 21M tok | ETA 104.8h
Step   5240 | loss 6.2397 | lr 3.00e-04 | grad 0.76 | 32.5k tok/s | cert -7.65→-6.96 | ticks [6.709 6.483 6.431 6.426] | 21M tok | ETA 104.7h
Step   5250 | loss 6.1840 | lr 3.00e-04 | grad 0.70 | 32.5k tok/s | cert -6.78→-6.25 | ticks [6.082 5.930 5.874 5.873] | 22M tok | ETA 104.7h
Step   5260 | loss 6.0916 | lr 3.00e-04 | grad 0.67 | 32.8k tok/s | cert -6.62→-6.29 | ticks [6.324 6.147 6.076 6.075] | 22M tok | ETA 104.7h
Step   5270 | loss 6.1195 | lr 3.00e-04 | grad 0.77 | 32.8k tok/s | cert -6.75→-6.42 | ticks [6.140 5.996 5.904 5.899] | 22M tok | ETA 104.7h
Step   5280 | loss 6.0506 | lr 3.00e-04 | grad 1.01 | 32.4k tok/s | cert -7.47→-6.77 | ticks [6.595 6.446 6.410 6.408] | 22M tok | ETA 104.7h
Step   5290 | loss 6.0900 | lr 3.00e-04 | grad 0.91 | 32.7k tok/s | cert -7.00→-6.26 | ticks [5.986 5.808 5.740 5.736] | 22M tok | ETA 104.7h
Step   5300 | loss 6.0895 | lr 3.00e-04 | grad 1.08 | 32.4k tok/s | cert -7.35→-6.49 | ticks [5.964 5.735 5.660 5.657] | 22M tok | ETA 104.7h
Step   5310 | loss 6.2168 | lr 3.00e-04 | grad 1.10 | 32.8k tok/s | cert -7.50→-6.84 | ticks [6.754 6.529 6.451 6.447] | 22M tok | ETA 104.7h
Step   5320 | loss 6.1765 | lr 3.00e-04 | grad 0.81 | 33.5k tok/s | cert -7.01→-6.12 | ticks [6.168 5.967 5.901 5.896] | 22M tok | ETA 104.7h
Step   5330 | loss 6.3100 | lr 3.00e-04 | grad 1.38 | 31.9k tok/s | cert -6.85→-6.15 | ticks [6.571 6.476 6.419 6.410] | 22M tok | ETA 104.7h
Step   5340 | loss 6.0002 | lr 3.00e-04 | grad 0.86 | 33.2k tok/s | cert -6.67→-6.16 | ticks [6.056 5.901 5.826 5.822] | 22M tok | ETA 104.7h
Step   5350 | loss 6.1792 | lr 3.00e-04 | grad 0.87 | 33.8k tok/s | cert -7.34→-6.65 | ticks [6.527 6.355 6.319 6.315] | 22M tok | ETA 104.6h
Step   5360 | loss 6.0083 | lr 3.00e-04 | grad 0.75 | 33.5k tok/s | cert -7.05→-6.49 | ticks [6.366 6.115 6.051 6.050] | 22M tok | ETA 104.6h
Step   5370 | loss 6.0770 | lr 3.00e-04 | grad 1.23 | 33.6k tok/s | cert -7.47→-6.71 | ticks [6.219 6.042 6.018 6.016] | 22M tok | ETA 104.6h
Step   5380 | loss 6.0752 | lr 3.00e-04 | grad 0.79 | 33.0k tok/s | cert -7.33→-6.58 | ticks [6.263 6.068 6.026 6.026] | 22M tok | ETA 104.6h
Step   5390 | loss 6.0281 | lr 3.00e-04 | grad 0.75 | 32.6k tok/s | cert -7.42→-6.38 | ticks [6.363 6.130 6.062 6.059] | 22M tok | ETA 104.6h
Step   5400 | loss 6.0835 | lr 3.00e-04 | grad 0.82 | 32.7k tok/s | cert -7.09→-6.37 | ticks [6.144 5.951 5.897 5.897] | 22M tok | ETA 104.6h
Step   5410 | loss 6.1055 | lr 3.00e-04 | grad 0.78 | 32.6k tok/s | cert -6.88→-6.49 | ticks [6.383 6.225 6.182 6.178] | 22M tok | ETA 104.6h
Step   5420 | loss 5.9979 | lr 3.00e-04 | grad 0.71 | 32.8k tok/s | cert -6.84→-6.32 | ticks [6.186 6.011 5.967 5.967] | 22M tok | ETA 104.6h
Step   5430 | loss 6.2067 | lr 3.00e-04 | grad 0.79 | 32.7k tok/s | cert -6.94→-6.48 | ticks [6.509 6.287 6.248 6.246] | 22M tok | ETA 104.6h
Step   5440 | loss 6.0042 | lr 3.00e-04 | grad 0.78 | 32.8k tok/s | cert -6.71→-6.29 | ticks [6.263 6.100 6.059 6.055] | 22M tok | ETA 104.5h
Step   5450 | loss 6.0356 | lr 3.00e-04 | grad 0.78 | 32.6k tok/s | cert -7.05→-6.57 | ticks [6.438 6.253 6.216 6.216] | 22M tok | ETA 104.5h
Step   5460 | loss 6.1458 | lr 3.00e-04 | grad 0.88 | 32.6k tok/s | cert -7.27→-6.65 | ticks [6.403 6.209 6.147 6.147] | 22M tok | ETA 104.5h
Step   5470 | loss 6.0389 | lr 3.00e-04 | grad 0.93 | 32.8k tok/s | cert -7.03→-6.48 | ticks [6.381 6.125 6.089 6.086] | 22M tok | ETA 104.5h
Step   5480 | loss 6.0245 | lr 3.00e-04 | grad 0.71 | 32.9k tok/s | cert -7.08→-6.40 | ticks [6.270 6.065 6.014 6.014] | 22M tok | ETA 104.5h
Step   5490 | loss 6.3302 | lr 3.00e-04 | grad 0.83 | 32.7k tok/s | cert -6.81→-6.39 | ticks [6.481 6.319 6.260 6.260] | 22M tok | ETA 104.5h
Step   5500 | loss 6.0899 | lr 3.00e-04 | grad 0.95 | 32.6k tok/s | cert -7.45→-6.24 | ticks [6.236 5.995 5.941 5.939] | 23M tok | ETA 104.5h
Step   5510 | loss 6.3309 | lr 3.00e-04 | grad 0.75 | 32.8k tok/s | cert -7.54→-6.36 | ticks [6.456 6.188 6.145 6.141] | 23M tok | ETA 104.5h
Step   5520 | loss 6.0557 | lr 3.00e-04 | grad 0.97 | 32.5k tok/s | cert -7.22→-6.33 | ticks [6.333 6.177 6.122 6.120] | 23M tok | ETA 104.5h
Step   5530 | loss 6.0286 | lr 3.00e-04 | grad 0.80 | 32.5k tok/s | cert -7.12→-6.24 | ticks [6.130 5.876 5.833 5.831] | 23M tok | ETA 104.5h
Step   5540 | loss 6.1159 | lr 3.00e-04 | grad 0.84 | 32.8k tok/s | cert -6.85→-6.49 | ticks [6.636 6.378 6.329 6.324] | 23M tok | ETA 104.5h
Step   5550 | loss 6.2124 | lr 3.00e-04 | grad 0.79 | 32.7k tok/s | cert -8.07→-6.63 | ticks [6.625 6.304 6.262 6.259] | 23M tok | ETA 104.4h
Step   5560 | loss 6.0683 | lr 3.00e-04 | grad 0.93 | 32.5k tok/s | cert -6.81→-6.58 | ticks [6.635 6.372 6.308 6.305] | 23M tok | ETA 104.4h
Step   5570 | loss 6.1946 | lr 3.00e-04 | grad 0.82 | 33.0k tok/s | cert -7.03→-6.62 | ticks [6.616 6.361 6.324 6.325] | 23M tok | ETA 104.4h
Step   5580 | loss 6.0223 | lr 3.00e-04 | grad 0.80 | 32.4k tok/s | cert -6.76→-6.03 | ticks [6.124 5.936 5.869 5.868] | 23M tok | ETA 104.4h
Step   5590 | loss 5.9441 | lr 3.00e-04 | grad 0.65 | 33.0k tok/s | cert -7.03→-6.15 | ticks [6.091 5.898 5.832 5.832] | 23M tok | ETA 104.4h
Step   5600 | loss 6.0936 | lr 3.00e-04 | grad 0.70 | 33.1k tok/s | cert -7.28→-6.29 | ticks [6.194 6.009 5.966 5.965] | 23M tok | ETA 104.4h
Step   5610 | loss 6.1638 | lr 3.00e-04 | grad 0.89 | 32.9k tok/s | cert -7.27→-6.26 | ticks [6.007 5.849 5.823 5.823] | 23M tok | ETA 104.4h
Step   5620 | loss 6.0937 | lr 3.00e-04 | grad 0.77 | 33.1k tok/s | cert -7.01→-6.37 | ticks [6.129 5.961 5.891 5.879] | 23M tok | ETA 104.4h
Step   5630 | loss 6.1286 | lr 3.00e-04 | grad 0.74 | 32.8k tok/s | cert -6.87→-6.30 | ticks [6.229 5.998 5.927 5.927] | 23M tok | ETA 104.4h
Step   5640 | loss 6.1237 | lr 3.00e-04 | grad 0.76 | 32.7k tok/s | cert -7.02→-6.51 | ticks [6.448 6.186 6.142 6.140] | 23M tok | ETA 104.4h
Step   5650 | loss 6.0147 | lr 3.00e-04 | grad 1.03 | 33.0k tok/s | cert -7.16→-6.66 | ticks [6.618 6.405 6.364 6.363] | 23M tok | ETA 104.4h
Step   5660 | loss 6.0935 | lr 3.00e-04 | grad 1.05 | 32.7k tok/s | cert -6.73→-6.50 | ticks [6.090 5.899 5.854 5.850] | 23M tok | ETA 104.4h
Step   5670 | loss 6.1425 | lr 3.00e-04 | grad 0.81 | 32.6k tok/s | cert -6.71→-6.75 | ticks [6.777 6.625 6.514 6.511] | 23M tok | ETA 104.3h
Step   5680 | loss 6.1447 | lr 3.00e-04 | grad 0.97 | 32.6k tok/s | cert -7.76→-6.74 | ticks [6.457 6.331 6.200 6.190] | 23M tok | ETA 104.3h
Step   5690 | loss 6.0924 | lr 3.00e-04 | grad 0.86 | 32.8k tok/s | cert -7.18→-6.51 | ticks [6.272 6.085 6.039 6.037] | 23M tok | ETA 104.3h
Step   5700 | loss 6.0126 | lr 3.00e-04 | grad 0.74 | 32.9k tok/s | cert -6.57→-6.04 | ticks [6.157 5.855 5.799 5.796] | 23M tok | ETA 104.3h
Step   5710 | loss 6.2189 | lr 3.00e-04 | grad 0.82 | 32.5k tok/s | cert -6.86→-6.45 | ticks [6.470 6.254 6.218 6.218] | 23M tok | ETA 104.3h
Step   5720 | loss 6.1055 | lr 3.00e-04 | grad 0.81 | 32.5k tok/s | cert -7.09→-6.48 | ticks [6.347 6.147 6.099 6.098] | 23M tok | ETA 104.3h
Step   5730 | loss 6.0513 | lr 3.00e-04 | grad 0.74 | 32.8k tok/s | cert -6.91→-6.40 | ticks [6.347 6.112 6.071 6.069] | 23M tok | ETA 104.3h
Step   5740 | loss 6.1341 | lr 3.00e-04 | grad 0.78 | 32.8k tok/s | cert -6.76→-6.15 | ticks [6.252 6.042 5.988 5.985] | 24M tok | ETA 104.3h
Step   5750 | loss 6.0093 | lr 3.00e-04 | grad 0.81 | 32.5k tok/s | cert -6.69→-6.22 | ticks [5.921 5.790 5.738 5.736] | 24M tok | ETA 104.3h
Step   5760 | loss 6.0311 | lr 3.00e-04 | grad 0.96 | 32.8k tok/s | cert -7.20→-6.89 | ticks [6.558 6.370 6.320 6.318] | 24M tok | ETA 104.3h
Step   5770 | loss 6.1425 | lr 3.00e-04 | grad 1.96 | 32.4k tok/s | cert -6.52→-6.49 | ticks [6.562 6.437 6.369 6.368] | 24M tok | ETA 104.3h
Step   5780 | loss 6.1369 | lr 3.00e-04 | grad 0.86 | 32.7k tok/s | cert -6.71→-6.29 | ticks [6.209 5.955 5.864 5.856] | 24M tok | ETA 104.3h
Step   5790 | loss 6.0106 | lr 3.00e-04 | grad 1.05 | 32.7k tok/s | cert -6.57→-5.86 | ticks [6.014 5.820 5.738 5.739] | 24M tok | ETA 104.2h
Step   5800 | loss 6.1387 | lr 3.00e-04 | grad 0.86 | 32.5k tok/s | cert -6.92→-6.25 | ticks [6.379 6.250 6.157 6.157] | 24M tok | ETA 104.2h
Step   5810 | loss 6.2097 | lr 3.00e-04 | grad 0.90 | 33.1k tok/s | cert -7.09→-6.65 | ticks [6.423 6.289 6.214 6.209] | 24M tok | ETA 104.2h
Step   5820 | loss 5.9970 | lr 3.00e-04 | grad 0.70 | 32.9k tok/s | cert -7.25→-6.76 | ticks [6.615 6.437 6.311 6.305] | 24M tok | ETA 104.2h
Step   5830 | loss 6.1652 | lr 3.00e-04 | grad 1.30 | 32.9k tok/s | cert -7.45→-6.77 | ticks [6.911 6.706 6.597 6.596] | 24M tok | ETA 104.2h
Step   5840 | loss 6.0555 | lr 3.00e-04 | grad 0.84 | 33.1k tok/s | cert -7.33→-6.55 | ticks [6.552 6.378 6.303 6.300] | 24M tok | ETA 104.2h
Step   5850 | loss 5.9940 | lr 3.00e-04 | grad 1.16 | 32.7k tok/s | cert -7.20→-6.15 | ticks [5.983 5.746 5.683 5.681] | 24M tok | ETA 104.2h
Step   5860 | loss 6.0336 | lr 3.00e-04 | grad 0.83 | 32.6k tok/s | cert -7.20→-6.57 | ticks [6.386 6.131 6.092 6.088] | 24M tok | ETA 104.2h
Step   5870 | loss 6.0164 | lr 3.00e-04 | grad 0.73 | 32.7k tok/s | cert -7.51→-6.57 | ticks [6.716 6.334 6.277 6.277] | 24M tok | ETA 104.2h
Step   5880 | loss 5.8343 | lr 3.00e-04 | grad 1.05 | 32.7k tok/s | cert -6.95→-6.45 | ticks [6.282 5.993 5.928 5.927] | 24M tok | ETA 104.2h
Step   5890 | loss 6.1396 | lr 3.00e-04 | grad 0.96 | 32.9k tok/s | cert -7.10→-6.38 | ticks [6.264 6.064 5.991 5.988] | 24M tok | ETA 104.2h
Step   5900 | loss 5.8985 | lr 3.00e-04 | grad 0.77 | 32.5k tok/s | cert -6.51→-6.07 | ticks [6.042 5.834 5.769 5.767] | 24M tok | ETA 104.2h
Step   5910 | loss 6.0609 | lr 3.00e-04 | grad 0.86 | 32.6k tok/s | cert -7.19→-6.20 | ticks [5.930 5.658 5.606 5.604] | 24M tok | ETA 104.1h
Step   5920 | loss 6.1269 | lr 3.00e-04 | grad 1.25 | 32.6k tok/s | cert -7.64→-7.02 | ticks [7.077 6.902 6.848 6.846] | 24M tok | ETA 104.1h
Step   5930 | loss 6.0451 | lr 3.00e-04 | grad 1.12 | 32.5k tok/s | cert -6.44→-5.93 | ticks [6.062 5.893 5.800 5.796] | 24M tok | ETA 104.1h
Step   5940 | loss 6.0850 | lr 3.00e-04 | grad 0.81 | 32.8k tok/s | cert -7.36→-6.17 | ticks [6.196 5.944 5.892 5.889] | 24M tok | ETA 104.1h
Step   5950 | loss 5.9961 | lr 3.00e-04 | grad 0.77 | 32.7k tok/s | cert -7.23→-6.21 | ticks [6.244 6.064 6.012 6.009] | 24M tok | ETA 104.1h
Step   5960 | loss 6.1271 | lr 3.00e-04 | grad 0.85 | 32.5k tok/s | cert -6.62→-6.07 | ticks [6.252 6.107 6.018 6.016] | 24M tok | ETA 104.1h
Step   5970 | loss 6.0482 | lr 3.00e-04 | grad 1.09 | 33.0k tok/s | cert -7.03→-6.53 | ticks [6.217 6.061 5.993 5.992] | 24M tok | ETA 104.1h
Step   5980 | loss 6.0982 | lr 3.00e-04 | grad 0.92 | 33.0k tok/s | cert -6.91→-6.23 | ticks [6.052 5.834 5.777 5.775] | 24M tok | ETA 104.1h
Step   5990 | loss 6.1113 | lr 3.00e-04 | grad 1.09 | 32.6k tok/s | cert -7.30→-6.73 | ticks [6.384 6.112 6.058 6.060] | 25M tok | ETA 104.1h
Step   6000 | loss 6.1138 | lr 3.00e-04 | grad 0.76 | 32.9k tok/s | cert -6.52→-6.41 | ticks [6.409 6.233 6.179 6.174] | 25M tok | ETA 104.1h
Step   6010 | loss 5.9707 | lr 3.00e-04 | grad 0.75 | 32.5k tok/s | cert -6.38→-6.08 | ticks [5.895 5.744 5.708 5.708] | 25M tok | ETA 104.1h
Step   6020 | loss 6.0967 | lr 3.00e-04 | grad 0.68 | 32.8k tok/s | cert -6.56→-6.17 | ticks [6.048 5.837 5.791 5.788] | 25M tok | ETA 104.1h
Step   6030 | loss 6.1433 | lr 3.00e-04 | grad 0.77 | 32.6k tok/s | cert -7.07→-6.52 | ticks [6.348 6.209 6.129 6.132] | 25M tok | ETA 104.1h
Step   6040 | loss 5.9620 | lr 3.00e-04 | grad 0.74 | 32.5k tok/s | cert -6.42→-6.29 | ticks [6.377 5.977 5.931 5.928] | 25M tok | ETA 104.0h
Step   6050 | loss 5.9948 | lr 3.00e-04 | grad 0.79 | 32.9k tok/s | cert -6.45→-6.18 | ticks [6.086 5.852 5.787 5.783] | 25M tok | ETA 104.0h
Step   6060 | loss 6.0475 | lr 3.00e-04 | grad 0.89 | 33.1k tok/s | cert -6.65→-6.43 | ticks [6.299 6.056 5.975 5.975] | 25M tok | ETA 104.0h
Step   6070 | loss 6.0800 | lr 3.00e-04 | grad 1.10 | 32.9k tok/s | cert -6.79→-6.18 | ticks [6.082 5.948 5.879 5.866] | 25M tok | ETA 104.0h
Step   6080 | loss 5.9654 | lr 3.00e-04 | grad 0.84 | 32.8k tok/s | cert -6.50→-6.33 | ticks [6.369 6.190 6.131 6.128] | 25M tok | ETA 104.0h
Step   6090 | loss 6.0144 | lr 3.00e-04 | grad 1.00 | 33.0k tok/s | cert -6.63→-6.25 | ticks [6.320 6.194 6.111 6.110] | 25M tok | ETA 104.0h
Step   6100 | loss 6.1198 | lr 3.00e-04 | grad 0.98 | 32.8k tok/s | cert -6.80→-6.81 | ticks [6.509 6.320 6.252 6.253] | 25M tok | ETA 104.0h
Step   6110 | loss 6.1095 | lr 3.00e-04 | grad 0.78 | 33.0k tok/s | cert -6.86→-6.09 | ticks [6.153 5.980 5.926 5.925] | 25M tok | ETA 104.0h
Step   6120 | loss 6.2233 | lr 3.00e-04 | grad 0.71 | 32.5k tok/s | cert -6.99→-6.30 | ticks [6.072 5.910 5.839 5.835] | 25M tok | ETA 104.0h
Step   6130 | loss 6.0679 | lr 3.00e-04 | grad 0.86 | 32.5k tok/s | cert -6.85→-6.30 | ticks [6.073 5.787 5.716 5.720] | 25M tok | ETA 104.0h
Step   6140 | loss 6.0519 | lr 3.00e-04 | grad 1.01 | 32.5k tok/s | cert -6.58→-6.16 | ticks [6.254 6.074 5.981 5.978] | 25M tok | ETA 104.0h
Step   6150 | loss 6.1574 | lr 3.00e-04 | grad 1.22 | 32.8k tok/s | cert -7.31→-6.89 | ticks [6.557 6.426 6.379 6.374] | 25M tok | ETA 104.0h
Step   6160 | loss 6.0731 | lr 3.00e-04 | grad 0.65 | 32.9k tok/s | cert -7.01→-6.43 | ticks [6.406 6.222 6.146 6.144] | 25M tok | ETA 104.0h
Step   6170 | loss 6.1532 | lr 3.00e-04 | grad 0.82 | 33.0k tok/s | cert -6.79→-6.23 | ticks [6.260 6.151 6.096 6.096] | 25M tok | ETA 103.9h
Step   6180 | loss 6.0156 | lr 3.00e-04 | grad 0.79 | 32.4k tok/s | cert -7.16→-6.32 | ticks [6.049 5.804 5.747 5.748] | 25M tok | ETA 103.9h
Step   6190 | loss 6.0845 | lr 3.00e-04 | grad 0.82 | 32.7k tok/s | cert -7.00→-6.23 | ticks [6.146 5.950 5.905 5.903] | 25M tok | ETA 103.9h
Step   6200 | loss 6.0910 | lr 3.00e-04 | grad 1.20 | 32.5k tok/s | cert -7.40→-6.59 | ticks [6.107 5.967 5.918 5.914] | 25M tok | ETA 103.9h
Step   6210 | loss 5.9913 | lr 3.00e-04 | grad 0.97 | 33.1k tok/s | cert -7.64→-6.80 | ticks [6.778 6.555 6.496 6.491] | 25M tok | ETA 103.9h
Step   6220 | loss 6.2293 | lr 3.00e-04 | grad 0.73 | 33.0k tok/s | cert -7.16→-6.27 | ticks [6.240 6.063 5.997 5.994] | 25M tok | ETA 103.9h
Step   6230 | loss 6.0200 | lr 3.00e-04 | grad 0.71 | 32.7k tok/s | cert -6.91→-6.28 | ticks [6.124 5.973 5.911 5.904] | 26M tok | ETA 103.9h
Step   6240 | loss 6.1538 | lr 3.00e-04 | grad 0.88 | 32.8k tok/s | cert -7.31→-6.79 | ticks [6.701 6.458 6.393 6.392] | 26M tok | ETA 103.9h
Step   6250 | loss 6.0278 | lr 3.00e-04 | grad 0.86 | 32.8k tok/s | cert -7.09→-6.62 | ticks [6.505 6.281 6.226 6.224] | 26M tok | ETA 103.9h
Step   6260 | loss 6.0546 | lr 3.00e-04 | grad 0.73 | 32.9k tok/s | cert -6.22→-5.99 | ticks [5.859 5.632 5.578 5.576] | 26M tok | ETA 103.9h
Step   6270 | loss 5.9923 | lr 3.00e-04 | grad 0.79 | 32.6k tok/s | cert -7.36→-6.34 | ticks [6.324 6.033 5.971 5.970] | 26M tok | ETA 103.9h
Step   6280 | loss 6.0201 | lr 3.00e-04 | grad 0.71 | 33.0k tok/s | cert -7.12→-6.40 | ticks [6.498 6.277 6.235 6.236] | 26M tok | ETA 103.9h
Step   6290 | loss 6.0196 | lr 3.00e-04 | grad 0.92 | 32.6k tok/s | cert -7.16→-6.30 | ticks [6.498 6.273 6.205 6.203] | 26M tok | ETA 103.9h
Step   6300 | loss 6.0851 | lr 3.00e-04 | grad 0.95 | 32.8k tok/s | cert -6.45→-5.93 | ticks [6.192 5.981 5.930 5.928] | 26M tok | ETA 103.9h
Step   6310 | loss 6.0493 | lr 3.00e-04 | grad 1.16 | 32.8k tok/s | cert -7.08→-5.89 | ticks [5.740 5.610 5.583 5.585] | 26M tok | ETA 103.8h
Step   6320 | loss 5.9313 | lr 3.00e-04 | grad 0.70 | 32.6k tok/s | cert -6.85→-6.36 | ticks [6.228 6.093 6.012 6.010] | 26M tok | ETA 103.8h
Step   6330 | loss 6.0751 | lr 3.00e-04 | grad 0.89 | 32.8k tok/s | cert -6.91→-6.52 | ticks [6.429 6.177 6.133 6.130] | 26M tok | ETA 103.8h
Step   6340 | loss 6.1773 | lr 3.00e-04 | grad 0.82 | 32.8k tok/s | cert -7.34→-6.75 | ticks [6.504 6.320 6.254 6.253] | 26M tok | ETA 103.8h
Step   6350 | loss 5.9990 | lr 3.00e-04 | grad 1.15 | 32.7k tok/s | cert -7.00→-6.30 | ticks [5.803 5.614 5.574 5.572] | 26M tok | ETA 103.8h
Step   6360 | loss 6.0862 | lr 3.00e-04 | grad 0.87 | 32.7k tok/s | cert -7.39→-6.49 | ticks [6.183 5.950 5.889 5.888] | 26M tok | ETA 103.8h
Step   6370 | loss 6.0852 | lr 3.00e-04 | grad 1.24 | 32.6k tok/s | cert -7.10→-6.65 | ticks [6.350 6.115 6.041 6.041] | 26M tok | ETA 103.8h
Step   6380 | loss 6.1356 | lr 3.00e-04 | grad 0.96 | 32.7k tok/s | cert -7.65→-7.30 | ticks [7.008 6.814 6.704 6.693] | 26M tok | ETA 103.8h
Step   6390 | loss 6.0235 | lr 3.00e-04 | grad 0.96 | 32.1k tok/s | cert -6.76→-6.13 | ticks [6.296 6.079 6.003 6.001] | 26M tok | ETA 103.8h
Step   6400 | loss 6.0401 | lr 3.00e-04 | grad 0.81 | 32.4k tok/s | cert -6.84→-6.12 | ticks [6.193 5.973 5.918 5.915] | 26M tok | ETA 103.8h
Step   6410 | loss 6.0872 | lr 3.00e-04 | grad 0.72 | 32.8k tok/s | cert -7.20→-6.45 | ticks [6.373 6.076 6.022 6.022] | 26M tok | ETA 103.8h
Step   6420 | loss 5.9797 | lr 3.00e-04 | grad 0.76 | 32.6k tok/s | cert -7.38→-6.35 | ticks [6.295 6.007 5.929 5.927] | 26M tok | ETA 103.8h
Step   6430 | loss 6.1609 | lr 3.00e-04 | grad 0.68 | 32.9k tok/s | cert -6.79→-6.49 | ticks [6.412 6.146 6.073 6.069] | 26M tok | ETA 103.8h
Step   6440 | loss 6.0707 | lr 3.00e-04 | grad 0.84 | 32.5k tok/s | cert -6.94→-6.29 | ticks [6.380 6.187 6.085 6.082] | 26M tok | ETA 103.8h
Step   6450 | loss 6.1058 | lr 3.00e-04 | grad 0.73 | 33.1k tok/s | cert -6.74→-6.53 | ticks [6.491 6.199 6.120 6.118] | 26M tok | ETA 103.7h
Step   6460 | loss 6.2780 | lr 3.00e-04 | grad 0.67 | 32.5k tok/s | cert -6.60→-6.09 | ticks [6.062 5.856 5.786 5.783] | 26M tok | ETA 103.7h
Step   6470 | loss 5.9077 | lr 3.00e-04 | grad 1.01 | 32.8k tok/s | cert -7.29→-6.12 | ticks [6.038 5.888 5.779 5.774] | 27M tok | ETA 103.7h
Step   6480 | loss 5.9313 | lr 3.00e-04 | grad 0.88 | 32.7k tok/s | cert -7.14→-6.31 | ticks [6.204 5.993 5.927 5.926] | 27M tok | ETA 103.7h
Step   6490 | loss 6.1788 | lr 3.00e-04 | grad 0.81 | 32.5k tok/s | cert -7.28→-6.26 | ticks [6.127 5.911 5.829 5.829] | 27M tok | ETA 103.7h
Step   6500 | loss 6.1524 | lr 3.00e-04 | grad 0.80 | 32.7k tok/s | cert -7.21→-6.29 | ticks [6.330 6.087 6.009 6.005] | 27M tok | ETA 103.7h
Step   6510 | loss 6.1468 | lr 3.00e-04 | grad 0.82 | 33.0k tok/s | cert -6.81→-6.21 | ticks [6.317 6.097 6.022 6.019] | 27M tok | ETA 103.7h
Step   6520 | loss 6.0541 | lr 3.00e-04 | grad 0.95 | 33.0k tok/s | cert -6.75→-5.79 | ticks [5.636 5.497 5.450 5.444] | 27M tok | ETA 103.7h
Step   6530 | loss 5.9324 | lr 3.00e-04 | grad 0.86 | 32.9k tok/s | cert -7.20→-6.19 | ticks [6.195 6.003 5.879 5.873] | 27M tok | ETA 103.7h
Step   6540 | loss 5.8646 | lr 3.00e-04 | grad 0.75 | 32.3k tok/s | cert -7.17→-6.39 | ticks [6.402 6.155 6.066 6.060] | 27M tok | ETA 103.7h
Step   6550 | loss 6.0415 | lr 3.00e-04 | grad 0.79 | 32.4k tok/s | cert -6.63→-6.43 | ticks [6.373 6.127 6.060 6.058] | 27M tok | ETA 103.7h
Step   6560 | loss 6.1884 | lr 3.00e-04 | grad 0.96 | 32.6k tok/s | cert -7.21→-6.58 | ticks [6.480 6.330 6.243 6.243] | 27M tok | ETA 103.7h
Step   6570 | loss 6.0880 | lr 3.00e-04 | grad 1.12 | 32.9k tok/s | cert -7.60→-6.93 | ticks [6.845 6.629 6.567 6.565] | 27M tok | ETA 103.7h
Step   6580 | loss 5.8918 | lr 3.00e-04 | grad 0.97 | 32.7k tok/s | cert -7.13→-6.30 | ticks [5.915 5.745 5.699 5.692] | 27M tok | ETA 103.7h
Step   6590 | loss 6.2004 | lr 3.00e-04 | grad 1.50 | 33.1k tok/s | cert -7.15→-6.69 | ticks [6.529 6.382 6.319 6.319] | 27M tok | ETA 103.7h
Step   6600 | loss 6.0118 | lr 3.00e-04 | grad 0.97 | 32.8k tok/s | cert -6.99→-6.26 | ticks [5.974 5.723 5.663 5.665] | 27M tok | ETA 103.7h
Step   6610 | loss 6.1463 | lr 3.00e-04 | grad 0.98 | 32.8k tok/s | cert -6.82→-6.09 | ticks [6.280 6.067 5.987 5.983] | 27M tok | ETA 103.6h
Step   6620 | loss 5.9963 | lr 3.00e-04 | grad 0.88 | 32.6k tok/s | cert -6.77→-6.34 | ticks [6.253 6.045 5.996 5.996] | 27M tok | ETA 103.6h
Step   6630 | loss 6.0568 | lr 3.00e-04 | grad 0.95 | 32.7k tok/s | cert -6.90→-6.62 | ticks [6.301 6.036 5.985 5.982] | 27M tok | ETA 103.6h
Step   6640 | loss 6.0471 | lr 3.00e-04 | grad 0.92 | 32.5k tok/s | cert -7.02→-6.10 | ticks [6.192 5.984 5.904 5.902] | 27M tok | ETA 103.6h
Step   6650 | loss 6.0448 | lr 3.00e-04 | grad 0.88 | 32.6k tok/s | cert -7.21→-6.62 | ticks [6.426 6.216 6.172 6.169] | 27M tok | ETA 103.6h
Step   6660 | loss 5.9586 | lr 3.00e-04 | grad 0.73 | 32.9k tok/s | cert -6.70→-6.25 | ticks [6.171 5.994 5.927 5.925] | 27M tok | ETA 103.6h
Step   6670 | loss 5.9297 | lr 3.00e-04 | grad 0.88 | 32.6k tok/s | cert -6.94→-6.33 | ticks [6.204 5.997 5.937 5.934] | 27M tok | ETA 103.6h
Step   6680 | loss 5.9378 | lr 3.00e-04 | grad 0.68 | 32.4k tok/s | cert -6.89→-6.13 | ticks [6.170 5.962 5.879 5.874] | 27M tok | ETA 103.6h
Step   6690 | loss 6.0415 | lr 3.00e-04 | grad 0.66 | 32.8k tok/s | cert -6.73→-6.22 | ticks [6.165 5.985 5.906 5.905] | 27M tok | ETA 103.6h
Step   6700 | loss 5.9649 | lr 3.00e-04 | grad 0.79 | 32.9k tok/s | cert -6.67→-6.26 | ticks [6.189 5.981 5.942 5.940] | 27M tok | ETA 103.6h
Step   6710 | loss 6.1728 | lr 3.00e-04 | grad 0.75 | 32.4k tok/s | cert -6.83→-6.17 | ticks [6.083 5.859 5.803 5.803] | 27M tok | ETA 103.6h
Step   6720 | loss 6.3055 | lr 3.00e-04 | grad 0.96 | 32.9k tok/s | cert -6.78→-6.88 | ticks [6.800 6.605 6.537 6.531] | 28M tok | ETA 103.6h
Step   6730 | loss 5.9938 | lr 3.00e-04 | grad 0.68 | 32.6k tok/s | cert -6.69→-6.44 | ticks [6.399 6.124 6.072 6.068] | 28M tok | ETA 103.6h
Step   6740 | loss 6.1811 | lr 3.00e-04 | grad 1.01 | 32.4k tok/s | cert -7.12→-6.53 | ticks [6.560 6.388 6.342 6.338] | 28M tok | ETA 103.6h
Step   6750 | loss 6.0444 | lr 3.00e-04 | grad 0.72 | 32.7k tok/s | cert -7.15→-6.46 | ticks [6.485 6.266 6.195 6.191] | 28M tok | ETA 103.6h
Step   6760 | loss 5.8018 | lr 3.00e-04 | grad 0.90 | 32.8k tok/s | cert -6.66→-5.70 | ticks [5.903 5.635 5.584 5.583] | 28M tok | ETA 103.6h
Step   6770 | loss 6.1008 | lr 3.00e-04 | grad 1.13 | 33.0k tok/s | cert -6.68→-6.23 | ticks [6.448 6.204 6.128 6.126] | 28M tok | ETA 103.5h
Step   6780 | loss 6.0290 | lr 3.00e-04 | grad 0.71 | 32.7k tok/s | cert -7.00→-6.26 | ticks [6.164 5.955 5.895 5.893] | 28M tok | ETA 103.5h
Step   6790 | loss 6.0245 | lr 3.00e-04 | grad 0.73 | 33.0k tok/s | cert -7.38→-6.36 | ticks [6.260 6.095 6.039 6.039] | 28M tok | ETA 103.5h
Step   6800 | loss 6.0878 | lr 3.00e-04 | grad 0.82 | 32.4k tok/s | cert -7.29→-6.55 | ticks [6.380 6.204 6.088 6.085] | 28M tok | ETA 103.5h
Step   6810 | loss 6.0929 | lr 3.00e-04 | grad 1.04 | 32.7k tok/s | cert -7.47→-6.71 | ticks [6.456 6.261 6.183 6.169] | 28M tok | ETA 103.5h
Step   6820 | loss 6.0874 | lr 3.00e-04 | grad 0.81 | 32.5k tok/s | cert -6.75→-6.42 | ticks [6.435 6.203 6.163 6.159] | 28M tok | ETA 103.5h
Step   6830 | loss 6.0877 | lr 3.00e-04 | grad 1.00 | 32.9k tok/s | cert -6.59→-6.29 | ticks [5.915 5.699 5.625 5.622] | 28M tok | ETA 103.5h
Step   6840 | loss 6.0428 | lr 3.00e-04 | grad 0.88 | 32.5k tok/s | cert -7.02→-6.31 | ticks [6.410 6.244 6.174 6.169] | 28M tok | ETA 103.5h
Step   6850 | loss 6.1471 | lr 3.00e-04 | grad 0.95 | 32.8k tok/s | cert -7.63→-6.41 | ticks [6.304 6.060 6.040 6.039] | 28M tok | ETA 103.5h
Step   6860 | loss 6.0911 | lr 3.00e-04 | grad 0.86 | 32.6k tok/s | cert -6.55→-6.37 | ticks [6.173 5.925 5.856 5.854] | 28M tok | ETA 103.5h
Step   6870 | loss 6.0742 | lr 3.00e-04 | grad 0.77 | 32.6k tok/s | cert -6.83→-6.29 | ticks [6.211 5.991 5.898 5.896] | 28M tok | ETA 103.5h
Step   6880 | loss 6.1200 | lr 3.00e-04 | grad 0.85 | 32.7k tok/s | cert -6.71→-5.95 | ticks [5.821 5.562 5.509 5.502] | 28M tok | ETA 103.5h
Step   6890 | loss 6.0228 | lr 3.00e-04 | grad 1.21 | 32.7k tok/s | cert -7.04→-6.39 | ticks [6.029 5.814 5.747 5.743] | 28M tok | ETA 103.5h
Step   6900 | loss 5.9847 | lr 3.00e-04 | grad 0.78 | 32.8k tok/s | cert -6.96→-6.15 | ticks [6.225 6.041 5.999 5.997] | 28M tok | ETA 103.5h
Step   6910 | loss 6.1099 | lr 3.00e-04 | grad 1.04 | 33.1k tok/s | cert -7.27→-6.55 | ticks [6.489 6.285 6.188 6.187] | 28M tok | ETA 103.5h
Step   6920 | loss 6.0057 | lr 3.00e-04 | grad 0.93 | 32.9k tok/s | cert -7.08→-6.20 | ticks [6.199 5.979 5.925 5.914] | 28M tok | ETA 103.5h
Step   6930 | loss 6.0065 | lr 3.00e-04 | grad 0.70 | 32.9k tok/s | cert -6.97→-6.37 | ticks [6.361 6.022 5.960 5.957] | 28M tok | ETA 103.4h
Step   6940 | loss 5.9584 | lr 3.00e-04 | grad 1.41 | 32.3k tok/s | cert -6.62→-6.36 | ticks [6.400 6.253 6.216 6.213] | 28M tok | ETA 103.4h
Step   6950 | loss 6.0903 | lr 3.00e-04 | grad 0.88 | 32.7k tok/s | cert -7.21→-6.38 | ticks [6.097 5.887 5.818 5.815] | 28M tok | ETA 103.4h
Step   6960 | loss 6.1817 | lr 3.00e-04 | grad 0.98 | 33.1k tok/s | cert -6.29→-5.75 | ticks [5.970 5.728 5.674 5.672] | 29M tok | ETA 103.4h
Step   6970 | loss 6.1351 | lr 3.00e-04 | grad 0.82 | 32.7k tok/s | cert -6.77→-6.75 | ticks [6.704 6.529 6.454 6.450] | 29M tok | ETA 103.4h
Step   6980 | loss 6.0605 | lr 3.00e-04 | grad 0.85 | 32.4k tok/s | cert -6.71→-6.39 | ticks [6.515 6.316 6.241 6.239] | 29M tok | ETA 103.4h
Step   6990 | loss 6.0223 | lr 3.00e-04 | grad 0.82 | 32.7k tok/s | cert -7.02→-6.66 | ticks [6.402 6.177 6.074 6.070] | 29M tok | ETA 103.4h
Step   7000 | loss 6.0567 | lr 3.00e-04 | grad 0.73 | 32.9k tok/s | cert -6.74→-6.16 | ticks [5.979 5.765 5.707 5.701] | 29M tok | ETA 103.4h
Step   7010 | loss 6.2190 | lr 3.00e-04 | grad 1.20 | 32.5k tok/s | cert -7.52→-7.19 | ticks [6.914 6.722 6.670 6.668] | 29M tok | ETA 103.4h
Step   7020 | loss 5.9664 | lr 3.00e-04 | grad 0.83 | 33.0k tok/s | cert -7.18→-6.47 | ticks [6.249 5.996 5.941 5.937] | 29M tok | ETA 103.4h
Step   7030 | loss 5.9832 | lr 3.00e-04 | grad 1.10 | 32.8k tok/s | cert -7.45→-6.65 | ticks [6.431 6.142 6.106 6.103] | 29M tok | ETA 103.4h
Step   7040 | loss 6.0095 | lr 3.00e-04 | grad 0.98 | 32.9k tok/s | cert -7.27→-6.55 | ticks [6.353 6.095 6.024 6.018] | 29M tok | ETA 103.4h
Step   7050 | loss 6.1506 | lr 3.00e-04 | grad 0.73 | 32.5k tok/s | cert -6.80→-6.11 | ticks [6.155 5.982 5.911 5.905] | 29M tok | ETA 103.4h
Step   7060 | loss 6.1279 | lr 3.00e-04 | grad 0.75 | 32.9k tok/s | cert -6.54→-6.04 | ticks [5.981 5.710 5.655 5.654] | 29M tok | ETA 103.4h
Step   7070 | loss 5.9419 | lr 3.00e-04 | grad 0.70 | 32.5k tok/s | cert -6.61→-6.23 | ticks [6.187 6.037 5.935 5.930] | 29M tok | ETA 103.4h
Step   7080 | loss 6.0039 | lr 3.00e-04 | grad 0.82 | 32.7k tok/s | cert -6.81→-6.34 | ticks [6.193 5.901 5.824 5.823] | 29M tok | ETA 103.4h
Step   7090 | loss 6.0327 | lr 3.00e-04 | grad 0.82 | 32.7k tok/s | cert -6.58→-6.49 | ticks [6.297 6.086 5.984 5.983] | 29M tok | ETA 103.4h
Step   7100 | loss 6.0636 | lr 3.00e-04 | grad 0.79 | 32.6k tok/s | cert -6.42→-6.05 | ticks [6.036 5.936 5.866 5.861] | 29M tok | ETA 103.4h
Step   7110 | loss 5.9781 | lr 3.00e-04 | grad 0.63 | 33.1k tok/s | cert -6.14→-6.18 | ticks [6.088 5.909 5.813 5.806] | 29M tok | ETA 103.3h
Step   7120 | loss 6.0673 | lr 3.00e-04 | grad 0.94 | 32.5k tok/s | cert -5.88→-5.93 | ticks [6.062 5.991 5.923 5.919] | 29M tok | ETA 103.3h
Step   7130 | loss 5.9879 | lr 3.00e-04 | grad 0.80 | 32.8k tok/s | cert -6.79→-6.73 | ticks [6.454 6.319 6.243 6.238] | 29M tok | ETA 103.3h
Step   7140 | loss 6.1061 | lr 3.00e-04 | grad 0.65 | 33.0k tok/s | cert -6.66→-6.31 | ticks [6.149 5.971 5.880 5.876] | 29M tok | ETA 103.3h
Step   7150 | loss 5.8874 | lr 3.00e-04 | grad 1.12 | 32.7k tok/s | cert -6.31→-6.07 | ticks [5.767 5.520 5.422 5.418] | 29M tok | ETA 103.3h
Step   7160 | loss 6.0939 | lr 3.00e-04 | grad 1.06 | 32.7k tok/s | cert -6.40→-6.17 | ticks [5.893 5.715 5.654 5.651] | 29M tok | ETA 103.3h
Step   7170 | loss 5.9432 | lr 3.00e-04 | grad 1.05 | 32.8k tok/s | cert -6.60→-6.83 | ticks [6.680 6.370 6.252 6.237] | 29M tok | ETA 103.3h
Step   7180 | loss 5.9758 | lr 3.00e-04 | grad 1.78 | 32.9k tok/s | cert -6.63→-6.55 | ticks [6.263 6.055 6.005 6.003] | 29M tok | ETA 103.3h
Step   7190 | loss 6.0368 | lr 3.00e-04 | grad 1.17 | 32.6k tok/s | cert -6.97→-6.49 | ticks [6.173 6.061 6.016 6.010] | 29M tok | ETA 103.3h
Step   7200 | loss 5.9888 | lr 3.00e-04 | grad 1.20 | 32.9k tok/s | cert -7.07→-6.56 | ticks [6.729 6.600 6.501 6.496] | 29M tok | ETA 103.3h
Step   7210 | loss 6.2310 | lr 3.00e-04 | grad 1.38 | 32.5k tok/s | cert -8.03→-7.40 | ticks [6.851 6.715 6.630 6.625] | 30M tok | ETA 103.3h
Step   7220 | loss 6.2028 | lr 3.00e-04 | grad 0.86 | 33.0k tok/s | cert -6.71→-6.28 | ticks [6.238 6.104 6.018 6.018] | 30M tok | ETA 103.3h
Step   7230 | loss 5.9215 | lr 3.00e-04 | grad 0.81 | 32.7k tok/s | cert -6.53→-6.07 | ticks [6.209 6.082 5.977 5.972] | 30M tok | ETA 103.3h
Step   7240 | loss 6.3936 | lr 3.00e-04 | grad 0.92 | 32.7k tok/s | cert -6.70→-6.33 | ticks [6.500 6.322 6.257 6.248] | 30M tok | ETA 103.3h
Step   7250 | loss 6.2753 | lr 3.00e-04 | grad 0.76 | 32.8k tok/s | cert -6.39→-6.11 | ticks [5.918 5.740 5.672 5.671] | 30M tok | ETA 103.3h
Step   7260 | loss 5.9644 | lr 3.00e-04 | grad 0.74 | 32.7k tok/s | cert -6.35→-5.86 | ticks [5.841 5.682 5.633 5.632] | 30M tok | ETA 103.3h
Step   7270 | loss 5.9541 | lr 3.00e-04 | grad 0.80 | 32.7k tok/s | cert -6.67→-6.26 | ticks [6.292 6.143 6.024 6.022] | 30M tok | ETA 103.3h
Step   7280 | loss 6.1353 | lr 3.00e-04 | grad 0.90 | 32.6k tok/s | cert -6.69→-6.87 | ticks [6.701 6.459 6.375 6.368] | 30M tok | ETA 103.3h
Step   7290 | loss 6.0525 | lr 3.00e-04 | grad 0.68 | 33.0k tok/s | cert -6.96→-6.22 | ticks [6.165 5.965 5.868 5.867] | 30M tok | ETA 103.2h
Step   7300 | loss 5.8309 | lr 3.00e-04 | grad 1.14 | 32.9k tok/s | cert -6.27→-5.91 | ticks [6.322 6.022 5.904 5.900] | 30M tok | ETA 103.2h
Step   7310 | loss 5.9718 | lr 3.00e-04 | grad 0.83 | 32.9k tok/s | cert -7.21→-6.32 | ticks [6.527 6.238 6.162 6.160] | 30M tok | ETA 103.2h
Step   7320 | loss 5.9031 | lr 3.00e-04 | grad 0.79 | 33.1k tok/s | cert -6.97→-6.45 | ticks [6.206 6.047 5.978 5.972] | 30M tok | ETA 103.2h
Step   7330 | loss 6.1653 | lr 3.00e-04 | grad 0.94 | 32.9k tok/s | cert -7.03→-6.80 | ticks [6.697 6.415 6.337 6.329] | 30M tok | ETA 103.2h
Step   7340 | loss 6.1151 | lr 3.00e-04 | grad 0.64 | 33.0k tok/s | cert -6.36→-6.22 | ticks [6.325 6.083 5.980 5.973] | 30M tok | ETA 103.2h
Step   7350 | loss 6.0135 | lr 3.00e-04 | grad 0.92 | 33.1k tok/s | cert -7.24→-6.98 | ticks [6.692 6.531 6.450 6.446] | 30M tok | ETA 103.2h
Step   7360 | loss 5.9384 | lr 3.00e-04 | grad 0.78 | 33.0k tok/s | cert -6.60→-6.19 | ticks [6.028 5.822 5.730 5.725] | 30M tok | ETA 103.2h
Step   7370 | loss 6.0141 | lr 3.00e-04 | grad 0.81 | 32.4k tok/s | cert -6.92→-6.57 | ticks [6.615 6.410 6.348 6.341] | 30M tok | ETA 103.2h
Step   7380 | loss 5.8785 | lr 3.00e-04 | grad 0.73 | 32.6k tok/s | cert -6.17→-6.13 | ticks [5.931 5.725 5.639 5.634] | 30M tok | ETA 103.2h
Step   7390 | loss 6.0469 | lr 3.00e-04 | grad 0.75 | 32.7k tok/s | cert -6.81→-6.52 | ticks [6.370 6.194 6.122 6.121] | 30M tok | ETA 103.2h
Step   7400 | loss 5.9448 | lr 3.00e-04 | grad 1.24 | 32.8k tok/s | cert -6.31→-6.06 | ticks [6.271 6.034 5.959 5.957] | 30M tok | ETA 103.2h
Step   7410 | loss 6.0512 | lr 3.00e-04 | grad 0.77 | 33.0k tok/s | cert -6.65→-6.55 | ticks [6.196 5.998 5.853 5.849] | 30M tok | ETA 103.2h
Step   7420 | loss 6.0136 | lr 3.00e-04 | grad 0.78 | 33.0k tok/s | cert -6.65→-6.23 | ticks [6.020 5.839 5.747 5.741] | 30M tok | ETA 103.2h
Step   7430 | loss 6.1119 | lr 3.00e-04 | grad 0.76 | 32.8k tok/s | cert -6.64→-6.16 | ticks [6.050 5.851 5.760 5.749] | 30M tok | ETA 103.2h
Step   7440 | loss 5.8826 | lr 3.00e-04 | grad 1.05 | 32.4k tok/s | cert -6.43→-5.88 | ticks [5.778 5.589 5.489 5.484] | 30M tok | ETA 103.2h
Step   7450 | loss 5.9239 | lr 3.00e-04 | grad 0.74 | 33.1k tok/s | cert -6.82→-6.13 | ticks [5.935 5.755 5.642 5.640] | 31M tok | ETA 103.2h
Step   7460 | loss 6.1871 | lr 3.00e-04 | grad 0.69 | 33.1k tok/s | cert -7.16→-6.37 | ticks [6.344 6.129 6.016 6.013] | 31M tok | ETA 103.2h
Step   7470 | loss 5.9832 | lr 3.00e-04 | grad 0.73 | 33.1k tok/s | cert -7.12→-6.48 | ticks [6.397 6.171 6.059 6.054] | 31M tok | ETA 103.2h
Step   7480 | loss 6.0502 | lr 3.00e-04 | grad 1.40 | 32.7k tok/s | cert -6.97→-6.43 | ticks [6.111 5.892 5.788 5.789] | 31M tok | ETA 103.1h
Step   7490 | loss 6.0152 | lr 3.00e-04 | grad 0.88 | 32.9k tok/s | cert -6.88→-6.31 | ticks [6.052 5.919 5.843 5.844] | 31M tok | ETA 103.1h
Step   7500 | loss 6.0495 | lr 3.00e-04 | grad 0.73 | 32.8k tok/s | cert -6.76→-6.34 | ticks [6.205 6.021 5.918 5.914] | 31M tok | ETA 103.1h
Step   7510 | loss 5.9595 | lr 3.00e-04 | grad 1.33 | 32.9k tok/s | cert -7.30→-6.68 | ticks [6.246 6.034 5.915 5.912] | 31M tok | ETA 103.1h
Step   7520 | loss 6.1364 | lr 3.00e-04 | grad 0.82 | 32.6k tok/s | cert -7.33→-6.36 | ticks [6.190 6.006 5.898 5.891] | 31M tok | ETA 103.1h
Step   7530 | loss 6.0318 | lr 3.00e-04 | grad 0.82 | 32.9k tok/s | cert -7.20→-6.47 | ticks [6.487 6.255 6.160 6.158] | 31M tok | ETA 103.1h
Step   7540 | loss 5.8812 | lr 3.00e-04 | grad 0.82 | 32.9k tok/s | cert -6.85→-6.30 | ticks [6.464 6.236 6.191 6.185] | 31M tok | ETA 103.1h
Step   7550 | loss 5.9924 | lr 3.00e-04 | grad 0.84 | 33.1k tok/s | cert -7.41→-6.73 | ticks [6.288 6.070 5.970 5.967] | 31M tok | ETA 103.1h
Step   7560 | loss 5.8899 | lr 3.00e-04 | grad 0.91 | 32.4k tok/s | cert -6.22→-5.52 | ticks [5.819 5.616 5.555 5.550] | 31M tok | ETA 103.1h
Step   7570 | loss 5.8876 | lr 3.00e-04 | grad 0.77 | 32.8k tok/s | cert -7.33→-6.49 | ticks [6.544 6.249 6.168 6.161] | 31M tok | ETA 103.1h
Step   7580 | loss 5.8439 | lr 3.00e-04 | grad 0.73 | 32.9k tok/s | cert -6.71→-6.12 | ticks [6.241 5.898 5.825 5.822] | 31M tok | ETA 103.1h
Step   7590 | loss 5.9368 | lr 3.00e-04 | grad 0.75 | 32.9k tok/s | cert -7.21→-6.19 | ticks [6.089 5.860 5.765 5.762] | 31M tok | ETA 103.1h
Step   7600 | loss 6.1307 | lr 3.00e-04 | grad 0.73 | 32.8k tok/s | cert -6.69→-6.26 | ticks [6.303 6.090 6.013 6.011] | 31M tok | ETA 103.1h
Step   7610 | loss 6.1006 | lr 3.00e-04 | grad 0.80 | 32.7k tok/s | cert -6.96→-6.26 | ticks [6.154 5.938 5.884 5.878] | 31M tok | ETA 103.1h
Step   7620 | loss 5.8231 | lr 3.00e-04 | grad 0.77 | 32.8k tok/s | cert -6.48→-5.96 | ticks [5.793 5.607 5.519 5.517] | 31M tok | ETA 103.1h
Step   7630 | loss 5.7855 | lr 3.00e-04 | grad 0.90 | 32.7k tok/s | cert -7.15→-6.64 | ticks [6.382 6.172 6.031 6.023] | 31M tok | ETA 103.1h
Step   7640 | loss 5.8944 | lr 3.00e-04 | grad 0.96 | 32.7k tok/s | cert -6.78→-6.22 | ticks [5.927 5.712 5.592 5.588] | 31M tok | ETA 103.1h
Step   7650 | loss 6.0440 | lr 3.00e-04 | grad 0.79 | 32.9k tok/s | cert -6.87→-6.22 | ticks [6.269 6.117 6.047 6.042] | 31M tok | ETA 103.1h
Step   7660 | loss 5.9431 | lr 3.00e-04 | grad 0.93 | 32.9k tok/s | cert -6.75→-6.40 | ticks [6.250 6.018 5.945 5.941] | 31M tok | ETA 103.1h
Step   7670 | loss 5.9033 | lr 3.00e-04 | grad 0.74 | 32.8k tok/s | cert -6.96→-6.30 | ticks [6.277 6.011 5.907 5.900] | 31M tok | ETA 103.0h
Step   7680 | loss 6.0114 | lr 3.00e-04 | grad 0.80 | 32.7k tok/s | cert -7.25→-6.58 | ticks [6.443 6.203 6.102 6.101] | 31M tok | ETA 103.0h
Step   7690 | loss 6.0393 | lr 3.00e-04 | grad 0.66 | 32.9k tok/s | cert -6.98→-6.46 | ticks [6.429 6.223 6.117 6.117] | 32M tok | ETA 103.0h
Step   7700 | loss 6.1345 | lr 3.00e-04 | grad 0.91 | 32.7k tok/s | cert -6.66→-6.08 | ticks [6.174 5.981 5.902 5.894] | 32M tok | ETA 103.0h
Step   7710 | loss 6.0632 | lr 3.00e-04 | grad 0.80 | 32.8k tok/s | cert -7.28→-6.39 | ticks [6.262 6.066 6.032 6.030] | 32M tok | ETA 103.0h
Step   7720 | loss 6.3249 | lr 3.00e-04 | grad 1.05 | 33.0k tok/s | cert -7.27→-7.12 | ticks [7.038 6.813 6.776 6.770] | 32M tok | ETA 103.0h
Step   7730 | loss 6.1736 | lr 3.00e-04 | grad 0.72 | 32.6k tok/s | cert -7.12→-6.42 | ticks [6.282 6.093 6.039 6.034] | 32M tok | ETA 103.0h
Step   7740 | loss 6.2067 | lr 3.00e-04 | grad 1.50 | 33.1k tok/s | cert -6.93→-7.34 | ticks [7.458 7.278 7.221 7.218] | 32M tok | ETA 103.0h
Step   7750 | loss 6.0732 | lr 3.00e-04 | grad 0.80 | 32.9k tok/s | cert -6.93→-6.46 | ticks [6.465 6.241 6.190 6.188] | 32M tok | ETA 103.0h
Step   7760 | loss 5.9090 | lr 3.00e-04 | grad 0.68 | 32.9k tok/s | cert -6.30→-6.49 | ticks [6.495 6.174 6.085 6.081] | 32M tok | ETA 103.0h
Step   7770 | loss 5.9409 | lr 3.00e-04 | grad 0.68 | 32.6k tok/s | cert -6.46→-6.01 | ticks [5.978 5.820 5.754 5.751] | 32M tok | ETA 103.0h
Step   7780 | loss 5.9055 | lr 3.00e-04 | grad 0.89 | 32.7k tok/s | cert -6.36→-5.98 | ticks [6.256 5.988 5.918 5.913] | 32M tok | ETA 103.0h
Step   7790 | loss 5.8857 | lr 3.00e-04 | grad 0.85 | 32.8k tok/s | cert -7.12→-6.18 | ticks [6.028 5.862 5.830 5.826] | 32M tok | ETA 103.0h
Step   7800 | loss 6.2895 | lr 3.00e-04 | grad 0.79 | 32.7k tok/s | cert -6.62→-6.42 | ticks [6.417 6.220 6.141 6.137] | 32M tok | ETA 103.0h
Step   7810 | loss 5.9944 | lr 3.00e-04 | grad 1.51 | 33.0k tok/s | cert -7.05→-6.58 | ticks [6.552 6.326 6.293 6.292] | 32M tok | ETA 103.0h
Step   7820 | loss 6.0778 | lr 3.00e-04 | grad 0.82 | 32.9k tok/s | cert -7.22→-6.49 | ticks [6.594 6.325 6.237 6.235] | 32M tok | ETA 103.0h
Step   7830 | loss 6.0172 | lr 3.00e-04 | grad 0.89 | 32.9k tok/s | cert -7.16→-6.39 | ticks [6.306 6.043 6.009 6.001] | 32M tok | ETA 103.0h
Step   7840 | loss 6.0084 | lr 3.00e-04 | grad 0.72 | 32.8k tok/s | cert -7.09→-6.42 | ticks [6.428 6.207 6.116 6.112] | 32M tok | ETA 103.0h
Step   7850 | loss 5.9250 | lr 3.00e-04 | grad 0.84 | 32.7k tok/s | cert -6.63→-6.35 | ticks [6.174 5.869 5.767 5.766] | 32M tok | ETA 103.0h
Step   7860 | loss 5.8239 | lr 3.00e-04 | grad 0.66 | 32.9k tok/s | cert -6.84→-6.31 | ticks [6.153 5.990 5.885 5.879] | 32M tok | ETA 103.0h
Step   7870 | loss 5.9371 | lr 3.00e-04 | grad 0.72 | 32.3k tok/s | cert -7.11→-6.31 | ticks [6.135 5.962 5.849 5.842] | 32M tok | ETA 103.0h
Step   7880 | loss 5.8986 | lr 3.00e-04 | grad 0.64 | 32.7k tok/s | cert -6.70→-6.13 | ticks [6.157 5.979 5.841 5.838] | 32M tok | ETA 102.9h
Step   7890 | loss 5.9238 | lr 3.00e-04 | grad 0.88 | 32.5k tok/s | cert -6.54→-6.19 | ticks [6.300 6.102 6.011 6.010] | 32M tok | ETA 102.9h
Step   7900 | loss 5.9856 | lr 3.00e-04 | grad 0.72 | 32.3k tok/s | cert -6.91→-6.30 | ticks [6.319 6.169 6.114 6.107] | 32M tok | ETA 102.9h
Step   7910 | loss 6.2416 | lr 3.00e-04 | grad 0.76 | 33.1k tok/s | cert -6.55→-6.23 | ticks [6.281 6.103 6.011 6.009] | 32M tok | ETA 102.9h
Step   7920 | loss 6.0364 | lr 3.00e-04 | grad 0.77 | 32.7k tok/s | cert -6.53→-6.25 | ticks [6.230 6.108 6.012 6.009] | 32M tok | ETA 102.9h
Step   7930 | loss 6.0585 | lr 3.00e-04 | grad 0.79 | 32.9k tok/s | cert -6.38→-6.32 | ticks [6.420 6.169 6.090 6.088] | 32M tok | ETA 102.9h
Step   7940 | loss 5.8962 | lr 3.00e-04 | grad 1.16 | 32.5k tok/s | cert -6.96→-6.87 | ticks [6.854 6.481 6.411 6.400] | 33M tok | ETA 102.9h
Step   7950 | loss 5.9348 | lr 3.00e-04 | grad 1.11 | 32.8k tok/s | cert -6.47→-5.90 | ticks [5.967 5.735 5.669 5.668] | 33M tok | ETA 102.9h
Step   7960 | loss 6.3131 | lr 3.00e-04 | grad 0.88 | 32.9k tok/s | cert -7.03→-6.59 | ticks [6.629 6.459 6.394 6.388] | 33M tok | ETA 102.9h
Step   7970 | loss 6.0392 | lr 3.00e-04 | grad 0.76 | 32.4k tok/s | cert -6.32→-6.18 | ticks [6.115 5.922 5.847 5.843] | 33M tok | ETA 102.9h
Step   7980 | loss 5.9915 | lr 3.00e-04 | grad 0.74 | 32.6k tok/s | cert -6.52→-6.64 | ticks [6.557 6.323 6.251 6.248] | 33M tok | ETA 102.9h
Step   7990 | loss 5.9472 | lr 3.00e-04 | grad 0.71 | 33.0k tok/s | cert -6.97→-6.48 | ticks [6.393 6.093 5.998 5.996] | 33M tok | ETA 102.9h
Step   8000 | loss 5.9658 | lr 3.00e-04 | grad 0.71 | 32.7k tok/s | cert -6.01→-6.29 | ticks [6.376 6.195 6.100 6.097] | 33M tok | ETA 102.9h
Step   8010 | loss 5.9817 | lr 3.00e-04 | grad 0.82 | 32.8k tok/s | cert -6.45→-6.22 | ticks [6.222 6.043 5.970 5.969] | 33M tok | ETA 102.9h
Step   8020 | loss 6.0905 | lr 3.00e-04 | grad 0.84 | 33.0k tok/s | cert -7.04→-6.45 | ticks [6.295 6.013 5.917 5.912] | 33M tok | ETA 102.9h
Step   8030 | loss 6.0577 | lr 3.00e-04 | grad 0.95 | 32.2k tok/s | cert -6.85→-6.65 | ticks [6.781 6.573 6.486 6.478] | 33M tok | ETA 102.9h
Step   8040 | loss 6.0742 | lr 3.00e-04 | grad 0.69 | 32.9k tok/s | cert -6.50→-6.31 | ticks [6.376 6.059 5.948 5.941] | 33M tok | ETA 102.9h
Step   8050 | loss 5.8101 | lr 3.00e-04 | grad 0.95 | 32.9k tok/s | cert -6.60→-6.29 | ticks [6.502 6.321 6.245 6.243] | 33M tok | ETA 102.9h
Step   8060 | loss 5.9135 | lr 3.00e-04 | grad 0.84 | 32.4k tok/s | cert -6.56→-6.04 | ticks [6.145 5.968 5.885 5.879] | 33M tok | ETA 102.9h
Step   8070 | loss 5.9120 | lr 3.00e-04 | grad 0.67 | 32.8k tok/s | cert -6.78→-6.51 | ticks [6.501 6.261 6.167 6.165] | 33M tok | ETA 102.9h
Step   8080 | loss 5.8872 | lr 3.00e-04 | grad 1.24 | 32.9k tok/s | cert -7.24→-6.84 | ticks [6.355 6.168 6.074 6.069] | 33M tok | ETA 102.9h
Step   8090 | loss 5.8736 | lr 3.00e-04 | grad 0.77 | 33.0k tok/s | cert -6.23→-6.00 | ticks [5.904 5.793 5.698 5.697] | 33M tok | ETA 102.8h
Step   8100 | loss 5.9047 | lr 3.00e-04 | grad 0.73 | 32.6k tok/s | cert -6.53→-5.96 | ticks [6.201 6.001 5.930 5.922] | 33M tok | ETA 102.8h
Step   8110 | loss 5.9985 | lr 3.00e-04 | grad 1.13 | 32.9k tok/s | cert -7.41→-6.85 | ticks [6.358 6.145 6.075 6.071] | 33M tok | ETA 102.8h
Step   8120 | loss 6.0230 | lr 3.00e-04 | grad 0.82 | 32.6k tok/s | cert -6.06→-6.24 | ticks [6.275 6.083 5.972 5.964] | 33M tok | ETA 102.8h
Step   8130 | loss 6.0342 | lr 3.00e-04 | grad 0.65 | 32.7k tok/s | cert -6.32→-6.29 | ticks [6.198 6.006 5.897 5.890] | 33M tok | ETA 102.8h
Step   8140 | loss 6.0530 | lr 3.00e-04 | grad 1.16 | 32.9k tok/s | cert -5.13→-6.40 | ticks [6.550 6.225 6.144 6.132] | 33M tok | ETA 102.8h
Step   8150 | loss 5.9589 | lr 3.00e-04 | grad 1.12 | 32.7k tok/s | cert -6.10→-6.44 | ticks [6.769 6.430 6.307 6.296] | 33M tok | ETA 102.8h
Step   8160 | loss 5.8264 | lr 3.00e-04 | grad 0.81 | 32.8k tok/s | cert -6.08→-6.02 | ticks [6.174 5.954 5.860 5.856] | 33M tok | ETA 102.8h
Step   8170 | loss 5.9451 | lr 3.00e-04 | grad 1.26 | 32.7k tok/s | cert -5.77→-6.08 | ticks [6.408 6.148 6.047 6.039] | 33M tok | ETA 102.8h
Step   8180 | loss 6.0932 | lr 3.00e-04 | grad 0.86 | 32.6k tok/s | cert -6.60→-6.17 | ticks [6.305 6.139 6.069 6.060] | 34M tok | ETA 102.8h
Step   8190 | loss 6.1018 | lr 3.00e-04 | grad 0.73 | 32.7k tok/s | cert -6.29→-6.27 | ticks [6.308 6.062 5.962 5.956] | 34M tok | ETA 102.8h
Step   8200 | loss 5.9545 | lr 3.00e-04 | grad 1.80 | 32.7k tok/s | cert -7.06→-7.36 | ticks [7.163 7.030 6.965 6.963] | 34M tok | ETA 102.8h
Step   8210 | loss 5.9263 | lr 3.00e-04 | grad 0.87 | 32.8k tok/s | cert -6.57→-6.11 | ticks [5.876 5.648 5.571 5.567] | 34M tok | ETA 102.8h
Step   8220 | loss 5.8757 | lr 3.00e-04 | grad 0.67 | 32.7k tok/s | cert -6.40→-6.28 | ticks [6.136 5.936 5.849 5.844] | 34M tok | ETA 102.8h
Step   8230 | loss 6.0635 | lr 3.00e-04 | grad 0.76 | 32.6k tok/s | cert -6.49→-6.29 | ticks [6.330 6.219 6.127 6.122] | 34M tok | ETA 102.8h
Step   8240 | loss 5.9050 | lr 3.00e-04 | grad 0.73 | 32.8k tok/s | cert -6.08→-6.10 | ticks [5.970 5.769 5.682 5.679] | 34M tok | ETA 102.8h
Step   8250 | loss 5.9106 | lr 3.00e-04 | grad 0.73 | 32.9k tok/s | cert -6.76→-6.44 | ticks [6.342 6.224 6.195 6.192] | 34M tok | ETA 102.8h
Step   8260 | loss 6.0778 | lr 3.00e-04 | grad 0.88 | 33.1k tok/s | cert -6.61→-6.46 | ticks [6.192 6.051 5.978 5.973] | 34M tok | ETA 102.8h
Step   8270 | loss 5.9600 | lr 3.00e-04 | grad 0.82 | 32.9k tok/s | cert -6.88→-6.05 | ticks [6.083 5.872 5.770 5.766] | 34M tok | ETA 102.8h
Step   8280 | loss 6.0043 | lr 3.00e-04 | grad 0.87 | 32.4k tok/s | cert -6.51→-6.31 | ticks [6.025 5.807 5.741 5.738] | 34M tok | ETA 102.8h
Step   8290 | loss 6.1229 | lr 3.00e-04 | grad 0.71 | 33.1k tok/s | cert -6.85→-6.34 | ticks [6.275 5.971 5.869 5.865] | 34M tok | ETA 102.8h
Step   8300 | loss 5.9506 | lr 3.00e-04 | grad 1.00 | 32.9k tok/s | cert -7.01→-6.31 | ticks [6.102 5.946 5.890 5.879] | 34M tok | ETA 102.8h
Step   8310 | loss 5.9031 | lr 3.00e-04 | grad 1.06 | 32.3k tok/s | cert -7.34→-6.48 | ticks [6.208 6.011 5.863 5.857] | 34M tok | ETA 102.8h
Step   8320 | loss 5.9497 | lr 3.00e-04 | grad 1.14 | 32.8k tok/s | cert -6.56→-6.03 | ticks [5.797 5.595 5.540 5.538] | 34M tok | ETA 102.7h
Step   8330 | loss 5.9589 | lr 3.00e-04 | grad 0.90 | 32.8k tok/s | cert -5.78→-6.19 | ticks [6.324 6.057 5.999 5.990] | 34M tok | ETA 102.7h
Step   8340 | loss 5.8878 | lr 3.00e-04 | grad 0.73 | 33.0k tok/s | cert -6.27→-6.25 | ticks [6.434 6.134 6.035 6.032] | 34M tok | ETA 102.7h
Step   8350 | loss 5.9752 | lr 3.00e-04 | grad 0.91 | 32.6k tok/s | cert -6.91→-6.59 | ticks [6.556 6.372 6.255 6.251] | 34M tok | ETA 102.7h
Step   8360 | loss 5.9682 | lr 3.00e-04 | grad 0.91 | 32.7k tok/s | cert -6.50→-6.24 | ticks [6.022 5.748 5.692 5.684] | 34M tok | ETA 102.7h
Step   8370 | loss 5.8897 | lr 3.00e-04 | grad 0.88 | 32.8k tok/s | cert -6.39→-6.13 | ticks [6.211 6.042 5.941 5.934] | 34M tok | ETA 102.7h
Step   8380 | loss 5.9636 | lr 3.00e-04 | grad 0.69 | 32.6k tok/s | cert -6.59→-6.35 | ticks [6.350 6.081 5.950 5.949] | 34M tok | ETA 102.7h
Step   8390 | loss 5.9745 | lr 3.00e-04 | grad 0.89 | 32.9k tok/s | cert -6.35→-6.01 | ticks [6.238 6.079 5.994 5.995] | 34M tok | ETA 102.7h
Step   8400 | loss 6.1317 | lr 3.00e-04 | grad 0.75 | 33.0k tok/s | cert -6.50→-6.33 | ticks [6.205 5.953 5.842 5.834] | 34M tok | ETA 102.7h
Step   8410 | loss 5.9938 | lr 3.00e-04 | grad 0.92 | 32.8k tok/s | cert -6.95→-6.60 | ticks [6.473 6.176 6.057 6.051] | 34M tok | ETA 102.7h
Step   8420 | loss 5.9343 | lr 3.00e-04 | grad 1.03 | 32.5k tok/s | cert -7.19→-6.56 | ticks [6.332 6.097 6.038 6.031] | 34M tok | ETA 102.7h
Step   8430 | loss 5.9387 | lr 3.00e-04 | grad 0.65 | 32.8k tok/s | cert -6.73→-5.99 | ticks [6.079 5.850 5.764 5.761] | 35M tok | ETA 102.7h
Step   8440 | loss 5.9586 | lr 3.00e-04 | grad 0.86 | 32.9k tok/s | cert -6.94→-6.39 | ticks [6.134 5.939 5.815 5.809] | 35M tok | ETA 102.7h
Step   8450 | loss 6.0231 | lr 3.00e-04 | grad 0.75 | 32.7k tok/s | cert -6.83→-6.35 | ticks [6.475 6.236 6.165 6.160] | 35M tok | ETA 102.7h
Step   8460 | loss 6.0919 | lr 3.00e-04 | grad 0.94 | 33.1k tok/s | cert -7.09→-6.82 | ticks [6.482 6.245 6.152 6.145] | 35M tok | ETA 102.7h
Step   8470 | loss 5.9452 | lr 3.00e-04 | grad 1.02 | 33.1k tok/s | cert -7.04→-6.48 | ticks [6.532 6.308 6.242 6.238] | 35M tok | ETA 102.7h
Step   8480 | loss 6.2710 | lr 3.00e-04 | grad 0.82 | 32.7k tok/s | cert -6.94→-6.47 | ticks [6.405 6.186 6.101 6.100] | 35M tok | ETA 102.7h
Step   8490 | loss 5.8642 | lr 3.00e-04 | grad 0.80 | 32.8k tok/s | cert -6.63→-6.28 | ticks [6.121 5.918 5.824 5.817] | 35M tok | ETA 102.7h
Step   8500 | loss 6.0101 | lr 3.00e-04 | grad 0.76 | 32.8k tok/s | cert -6.32→-6.37 | ticks [6.428 6.117 6.051 6.045] | 35M tok | ETA 102.7h
Step   8510 | loss 5.9919 | lr 3.00e-04 | grad 1.05 | 32.5k tok/s | cert -6.54→-6.06 | ticks [6.049 5.858 5.795 5.790] | 35M tok | ETA 102.7h
Step   8520 | loss 5.9656 | lr 3.00e-04 | grad 0.79 | 32.8k tok/s | cert -6.78→-6.48 | ticks [6.431 6.171 6.079 6.075] | 35M tok | ETA 102.7h
Step   8530 | loss 6.0205 | lr 3.00e-04 | grad 0.70 | 32.8k tok/s | cert -7.05→-6.40 | ticks [6.172 5.936 5.878 5.875] | 35M tok | ETA 102.7h
Step   8540 | loss 5.9687 | lr 3.00e-04 | grad 0.96 | 32.7k tok/s | cert -6.58→-6.20 | ticks [5.941 5.612 5.517 5.515] | 35M tok | ETA 102.7h
Step   8550 | loss 5.9374 | lr 3.00e-04 | grad 0.80 | 32.4k tok/s | cert -7.15→-6.49 | ticks [6.272 6.011 5.915 5.907] | 35M tok | ETA 102.7h
Step   8560 | loss 5.9210 | lr 3.00e-04 | grad 0.84 | 32.9k tok/s | cert -6.46→-6.54 | ticks [6.230 5.883 5.790 5.785] | 35M tok | ETA 102.6h
Step   8570 | loss 5.8749 | lr 3.00e-04 | grad 0.70 | 33.0k tok/s | cert -6.42→-6.29 | ticks [6.302 5.967 5.897 5.892] | 35M tok | ETA 102.6h
Step   8580 | loss 5.8417 | lr 3.00e-04 | grad 0.95 | 33.0k tok/s | cert -6.55→-6.49 | ticks [6.305 5.972 5.866 5.862] | 35M tok | ETA 102.6h
Step   8590 | loss 5.8479 | lr 3.00e-04 | grad 0.80 | 32.7k tok/s | cert -6.80→-6.17 | ticks [6.169 5.930 5.866 5.865] | 35M tok | ETA 102.6h
Step   8600 | loss 5.8542 | lr 3.00e-04 | grad 0.74 | 32.7k tok/s | cert -6.38→-6.06 | ticks [6.114 5.865 5.806 5.803] | 35M tok | ETA 102.6h
Step   8610 | loss 6.0426 | lr 3.00e-04 | grad 0.88 | 33.1k tok/s | cert -6.87→-6.32 | ticks [6.404 6.136 6.075 6.071] | 35M tok | ETA 102.6h
Step   8620 | loss 5.8226 | lr 3.00e-04 | grad 0.95 | 32.6k tok/s | cert -6.31→-5.88 | ticks [5.940 5.740 5.643 5.637] | 35M tok | ETA 102.6h
Step   8630 | loss 6.0619 | lr 3.00e-04 | grad 1.12 | 32.8k tok/s | cert -6.95→-6.71 | ticks [6.230 6.081 6.016 6.003] | 35M tok | ETA 102.6h
Step   8640 | loss 6.0329 | lr 3.00e-04 | grad 0.72 | 32.6k tok/s | cert -7.05→-6.38 | ticks [6.297 6.070 6.013 6.009] | 35M tok | ETA 102.6h
Step   8650 | loss 6.1070 | lr 3.00e-04 | grad 0.90 | 32.7k tok/s | cert -6.69→-6.67 | ticks [6.657 6.385 6.288 6.281] | 35M tok | ETA 102.6h
Step   8660 | loss 5.9636 | lr 3.00e-04 | grad 0.86 | 32.7k tok/s | cert -6.56→-6.22 | ticks [6.268 6.045 5.944 5.941] | 35M tok | ETA 102.6h
Step   8670 | loss 6.1491 | lr 3.00e-04 | grad 0.85 | 33.0k tok/s | cert -7.08→-6.42 | ticks [6.304 6.040 5.945 5.935] | 36M tok | ETA 102.6h
Step   8680 | loss 6.0741 | lr 3.00e-04 | grad 0.65 | 32.8k tok/s | cert -6.99→-6.37 | ticks [6.403 6.087 6.015 6.013] | 36M tok | ETA 102.6h
Step   8690 | loss 6.0305 | lr 3.00e-04 | grad 1.05 | 33.1k tok/s | cert -6.81→-6.37 | ticks [6.043 5.799 5.694 5.683] | 36M tok | ETA 102.6h
Step   8700 | loss 5.9353 | lr 3.00e-04 | grad 1.63 | 33.1k tok/s | cert -7.29→-6.65 | ticks [6.862 6.596 6.507 6.505] | 36M tok | ETA 102.6h
Step   8710 | loss 5.9962 | lr 3.00e-04 | grad 0.81 | 32.9k tok/s | cert -6.91→-6.45 | ticks [6.409 6.219 6.143 6.137] | 36M tok | ETA 102.6h
Step   8720 | loss 5.9853 | lr 3.00e-04 | grad 0.89 | 32.7k tok/s | cert -6.75→-6.28 | ticks [6.302 6.112 6.058 6.054] | 36M tok | ETA 102.6h
Step   8730 | loss 6.0637 | lr 3.00e-04 | grad 0.67 | 32.8k tok/s | cert -6.80→-6.24 | ticks [6.101 5.903 5.820 5.814] | 36M tok | ETA 102.6h
Step   8740 | loss 5.9036 | lr 3.00e-04 | grad 0.75 | 32.7k tok/s | cert -6.54→-6.13 | ticks [5.958 5.661 5.576 5.572] | 36M tok | ETA 102.6h
Step   8750 | loss 5.7934 | lr 3.00e-04 | grad 0.75 | 32.5k tok/s | cert -6.63→-6.39 | ticks [6.250 5.958 5.898 5.891] | 36M tok | ETA 102.6h
Step   8760 | loss 5.9471 | lr 3.00e-04 | grad 0.86 | 33.1k tok/s | cert -6.48→-6.43 | ticks [6.318 6.054 5.992 5.982] | 36M tok | ETA 102.6h
Step   8770 | loss 6.0577 | lr 3.00e-04 | grad 0.93 | 32.9k tok/s | cert -7.26→-6.57 | ticks [6.607 6.340 6.252 6.250] | 36M tok | ETA 102.6h
Step   8780 | loss 5.8997 | lr 3.00e-04 | grad 0.89 | 33.0k tok/s | cert -6.77→-6.43 | ticks [6.305 5.993 5.888 5.885] | 36M tok | ETA 102.6h
Step   8790 | loss 5.8941 | lr 3.00e-04 | grad 0.86 | 32.7k tok/s | cert -7.06→-6.37 | ticks [6.388 6.118 6.026 6.014] | 36M tok | ETA 102.6h
Step   8800 | loss 5.9628 | lr 3.00e-04 | grad 0.84 | 32.5k tok/s | cert -7.21→-6.47 | ticks [6.405 6.163 6.100 6.094] | 36M tok | ETA 102.6h
Step   8810 | loss 5.9179 | lr 3.00e-04 | grad 0.73 | 32.9k tok/s | cert -6.71→-6.09 | ticks [6.014 5.806 5.724 5.718] | 36M tok | ETA 102.5h
Step   8820 | loss 5.8930 | lr 3.00e-04 | grad 0.95 | 32.9k tok/s | cert -7.28→-6.45 | ticks [6.286 5.969 5.903 5.901] | 36M tok | ETA 102.5h
Step   8830 | loss 6.0144 | lr 3.00e-04 | grad 0.98 | 32.7k tok/s | cert -7.49→-6.59 | ticks [6.266 6.022 5.991 5.986] | 36M tok | ETA 102.5h
Step   8840 | loss 5.9370 | lr 3.00e-04 | grad 0.73 | 32.5k tok/s | cert -7.27→-6.40 | ticks [6.229 5.973 5.909 5.904] | 36M tok | ETA 102.5h
Step   8850 | loss 5.9229 | lr 3.00e-04 | grad 0.85 | 32.6k tok/s | cert -7.10→-6.17 | ticks [6.324 6.072 5.995 5.991] | 36M tok | ETA 102.5h
Step   8860 | loss 5.9721 | lr 3.00e-04 | grad 0.88 | 32.8k tok/s | cert -6.86→-6.05 | ticks [6.328 6.030 5.957 5.956] | 36M tok | ETA 102.5h
Step   8870 | loss 6.0120 | lr 3.00e-04 | grad 0.89 | 33.0k tok/s | cert -6.96→-6.55 | ticks [6.518 6.321 6.260 6.257] | 36M tok | ETA 102.5h
Step   8880 | loss 6.0243 | lr 3.00e-04 | grad 0.74 | 32.4k tok/s | cert -6.64→-6.61 | ticks [6.720 6.383 6.302 6.299] | 36M tok | ETA 102.5h
Step   8890 | loss 5.9033 | lr 3.00e-04 | grad 0.71 | 32.3k tok/s | cert -6.65→-6.46 | ticks [6.591 6.277 6.216 6.213] | 36M tok | ETA 102.5h
Step   8900 | loss 5.8223 | lr 3.00e-04 | grad 1.01 | 33.1k tok/s | cert -5.48→-5.83 | ticks [5.833 5.503 5.436 5.429] | 36M tok | ETA 102.5h
Step   8910 | loss 5.9747 | lr 3.00e-04 | grad 0.82 | 33.0k tok/s | cert -7.16→-6.32 | ticks [6.279 6.059 5.981 5.981] | 36M tok | ETA 102.5h
Step   8920 | loss 6.0968 | lr 3.00e-04 | grad 0.80 | 33.1k tok/s | cert -6.29→-6.38 | ticks [6.305 5.929 5.846 5.843] | 37M tok | ETA 102.5h
Step   8930 | loss 5.8354 | lr 3.00e-04 | grad 0.79 | 32.6k tok/s | cert -6.83→-6.46 | ticks [6.316 6.080 5.972 5.971] | 37M tok | ETA 102.5h
Step   8940 | loss 6.0046 | lr 3.00e-04 | grad 0.63 | 32.7k tok/s | cert -6.73→-6.36 | ticks [6.470 6.256 6.200 6.196] | 37M tok | ETA 102.5h
Step   8950 | loss 6.0068 | lr 3.00e-04 | grad 0.85 | 32.6k tok/s | cert -6.46→-6.23 | ticks [6.051 5.810 5.710 5.705] | 37M tok | ETA 102.5h
Step   8960 | loss 5.9038 | lr 3.00e-04 | grad 1.06 | 32.7k tok/s | cert -7.46→-6.87 | ticks [6.495 6.327 6.254 6.247] | 37M tok | ETA 102.5h
Step   8970 | loss 5.9525 | lr 3.00e-04 | grad 0.74 | 32.8k tok/s | cert -6.77→-6.34 | ticks [6.280 6.087 6.021 6.018] | 37M tok | ETA 102.5h
Step   8980 | loss 5.9647 | lr 3.00e-04 | grad 0.75 | 32.7k tok/s | cert -6.81→-6.10 | ticks [6.223 5.988 5.907 5.902] | 37M tok | ETA 102.5h
Step   8990 | loss 5.9418 | lr 3.00e-04 | grad 0.78 | 32.7k tok/s | cert -6.65→-6.37 | ticks [6.352 6.064 5.998 5.993] | 37M tok | ETA 102.5h
Step   9000 | loss 6.1255 | lr 3.00e-04 | grad 0.74 | 32.8k tok/s | cert -6.63→-6.12 | ticks [6.168 5.852 5.768 5.766] | 37M tok | ETA 102.5h
Step   9010 | loss 5.9956 | lr 3.00e-04 | grad 0.93 | 32.8k tok/s | cert -7.18→-6.25 | ticks [6.431 6.153 6.089 6.085] | 37M tok | ETA 102.5h
Step   9020 | loss 5.7971 | lr 3.00e-04 | grad 1.53 | 32.8k tok/s | cert -6.11→-6.11 | ticks [5.770 5.372 5.312 5.306] | 37M tok | ETA 102.5h
Step   9030 | loss 5.8585 | lr 3.00e-04 | grad 0.91 | 32.8k tok/s | cert -6.88→-6.34 | ticks [6.178 5.845 5.768 5.760] | 37M tok | ETA 102.5h
Step   9040 | loss 6.0466 | lr 3.00e-04 | grad 0.71 | 33.0k tok/s | cert -6.70→-6.12 | ticks [6.105 5.844 5.769 5.761] | 37M tok | ETA 102.5h
Step   9050 | loss 5.9960 | lr 3.00e-04 | grad 1.43 | 32.7k tok/s | cert -7.39→-7.13 | ticks [6.810 6.631 6.528 6.526] | 37M tok | ETA 102.5h
Step   9060 | loss 6.0182 | lr 3.00e-04 | grad 1.21 | 32.3k tok/s | cert -6.41→-6.71 | ticks [6.412 6.199 6.127 6.124] | 37M tok | ETA 102.5h
Step   9070 | loss 5.9504 | lr 3.00e-04 | grad 0.79 | 32.7k tok/s | cert -6.75→-6.25 | ticks [5.955 5.670 5.587 5.583] | 37M tok | ETA 102.5h
Step   9080 | loss 5.9279 | lr 3.00e-04 | grad 0.83 | 32.4k tok/s | cert -5.45→-5.76 | ticks [5.902 5.547 5.494 5.492] | 37M tok | ETA 102.5h
Step   9090 | loss 5.8720 | lr 3.00e-04 | grad 0.80 | 32.8k tok/s | cert -6.88→-6.30 | ticks [6.233 5.967 5.897 5.891] | 37M tok | ETA 102.4h
Step   9100 | loss 5.8847 | lr 3.00e-04 | grad 1.50 | 32.6k tok/s | cert -7.59→-7.00 | ticks [6.673 6.377 6.296 6.289] | 37M tok | ETA 102.4h
Step   9110 | loss 6.0002 | lr 3.00e-04 | grad 1.02 | 32.6k tok/s | cert -7.57→-6.42 | ticks [6.240 5.899 5.853 5.848] | 37M tok | ETA 102.4h
Step   9120 | loss 5.9950 | lr 3.00e-04 | grad 0.97 | 32.6k tok/s | cert -6.47→-6.25 | ticks [6.485 6.157 6.087 6.083] | 37M tok | ETA 102.4h
Step   9130 | loss 5.9627 | lr 3.00e-04 | grad 1.54 | 33.0k tok/s | cert -6.15→-6.42 | ticks [6.396 5.785 5.677 5.668] | 37M tok | ETA 102.4h
Step   9140 | loss 5.9856 | lr 3.00e-04 | grad 0.76 | 32.9k tok/s | cert -6.20→-6.12 | ticks [6.206 5.796 5.735 5.733] | 37M tok | ETA 102.4h
Step   9150 | loss 5.8990 | lr 3.00e-04 | grad 0.79 | 33.0k tok/s | cert -7.26→-6.23 | ticks [6.376 6.085 6.034 6.031] | 37M tok | ETA 102.4h
Step   9160 | loss 5.7569 | lr 3.00e-04 | grad 0.70 | 32.9k tok/s | cert -7.42→-6.45 | ticks [6.361 6.015 5.943 5.935] | 38M tok | ETA 102.4h
Step   9170 | loss 5.9645 | lr 3.00e-04 | grad 0.86 | 32.7k tok/s | cert -7.05→-6.39 | ticks [6.341 6.014 5.949 5.947] | 38M tok | ETA 102.4h
Step   9180 | loss 5.8978 | lr 3.00e-04 | grad 0.78 | 32.8k tok/s | cert -6.37→-6.03 | ticks [6.240 5.960 5.878 5.873] | 38M tok | ETA 102.4h
Step   9190 | loss 5.8748 | lr 3.00e-04 | grad 0.74 | 32.8k tok/s | cert -5.94→-6.14 | ticks [6.262 5.921 5.828 5.826] | 38M tok | ETA 102.4h
Step   9200 | loss 5.9212 | lr 3.00e-04 | grad 0.84 | 33.1k tok/s | cert -6.12→-6.35 | ticks [6.387 6.087 5.951 5.942] | 38M tok | ETA 102.4h
Step   9210 | loss 5.9577 | lr 3.00e-04 | grad 1.08 | 32.2k tok/s | cert -6.06→-7.15 | ticks [7.070 6.656 6.530 6.523] | 38M tok | ETA 102.4h
Step   9220 | loss 6.0239 | lr 3.00e-04 | grad 0.83 | 32.7k tok/s | cert -6.67→-6.35 | ticks [6.169 5.940 5.838 5.830] | 38M tok | ETA 102.4h
Step   9230 | loss 6.0527 | lr 3.00e-04 | grad 1.23 | 32.3k tok/s | cert -5.95→-6.25 | ticks [6.585 6.340 6.277 6.268] | 38M tok | ETA 102.4h
Step   9240 | loss 5.8023 | lr 3.00e-04 | grad 1.04 | 32.9k tok/s | cert -6.82→-6.12 | ticks [5.876 5.600 5.539 5.536] | 38M tok | ETA 102.4h
Step   9250 | loss 6.0892 | lr 3.00e-04 | grad 0.75 | 32.5k tok/s | cert -6.49→-6.10 | ticks [6.223 5.986 5.884 5.880] | 38M tok | ETA 102.4h
Step   9260 | loss 5.9721 | lr 3.00e-04 | grad 0.70 | 32.7k tok/s | cert -6.63→-6.38 | ticks [6.393 6.090 5.975 5.969] | 38M tok | ETA 102.4h
Step   9270 | loss 5.8978 | lr 3.00e-04 | grad 0.76 | 32.7k tok/s | cert -6.90→-5.98 | ticks [6.000 5.719 5.652 5.645] | 38M tok | ETA 102.4h
Step   9280 | loss 5.7804 | lr 3.00e-04 | grad 0.74 | 33.0k tok/s | cert -5.94→-5.82 | ticks [6.111 5.800 5.733 5.729] | 38M tok | ETA 102.4h
Step   9290 | loss 5.8197 | lr 3.00e-04 | grad 0.77 | 32.7k tok/s | cert -6.54→-6.30 | ticks [6.281 5.933 5.827 5.821] | 38M tok | ETA 102.4h
Step   9300 | loss 5.9653 | lr 3.00e-04 | grad 0.67 | 32.8k tok/s | cert -6.43→-6.29 | ticks [6.372 5.986 5.915 5.913] | 38M tok | ETA 102.4h
Step   9310 | loss 6.0433 | lr 3.00e-04 | grad 0.71 | 32.6k tok/s | cert -6.98→-6.04 | ticks [6.057 5.882 5.795 5.791] | 38M tok | ETA 102.4h
Step   9320 | loss 6.0756 | lr 3.00e-04 | grad 0.86 | 32.7k tok/s | cert -6.35→-5.91 | ticks [6.091 5.740 5.657 5.650] | 38M tok | ETA 102.4h
Step   9330 | loss 6.0489 | lr 3.00e-04 | grad 0.76 | 32.8k tok/s | cert -7.02→-6.21 | ticks [6.320 5.997 5.901 5.897] | 38M tok | ETA 102.4h
Step   9340 | loss 5.9423 | lr 3.00e-04 | grad 1.05 | 32.5k tok/s | cert -6.84→-6.27 | ticks [6.416 6.186 6.076 6.073] | 38M tok | ETA 102.4h
Step   9350 | loss 5.9317 | lr 3.00e-04 | grad 0.66 | 32.9k tok/s | cert -6.48→-5.98 | ticks [5.928 5.601 5.499 5.495] | 38M tok | ETA 102.4h
Step   9360 | loss 5.8493 | lr 3.00e-04 | grad 0.68 | 32.7k tok/s | cert -6.49→-6.24 | ticks [6.229 5.856 5.791 5.784] | 38M tok | ETA 102.4h
Step   9370 | loss 6.0382 | lr 3.00e-04 | grad 0.73 | 33.2k tok/s | cert -6.56→-6.17 | ticks [6.174 5.912 5.832 5.830] | 38M tok | ETA 102.3h
Step   9380 | loss 5.9627 | lr 3.00e-04 | grad 0.80 | 32.9k tok/s | cert -6.50→-6.54 | ticks [6.384 6.010 5.907 5.899] | 38M tok | ETA 102.3h
Step   9390 | loss 5.9701 | lr 3.00e-04 | grad 1.00 | 33.1k tok/s | cert -6.78→-6.51 | ticks [6.537 6.242 6.168 6.170] | 38M tok | ETA 102.3h
Step   9400 | loss 5.9764 | lr 3.00e-04 | grad 0.83 | 32.6k tok/s | cert -6.15→-5.90 | ticks [6.149 5.846 5.793 5.786] | 39M tok | ETA 102.3h
Step   9410 | loss 5.9271 | lr 3.00e-04 | grad 1.05 | 32.9k tok/s | cert -6.91→-6.27 | ticks [6.432 6.162 6.108 6.102] | 39M tok | ETA 102.3h
Step   9420 | loss 5.9133 | lr 3.00e-04 | grad 0.84 | 32.9k tok/s | cert -6.06→-6.10 | ticks [6.215 5.835 5.738 5.734] | 39M tok | ETA 102.3h
Step   9430 | loss 5.8961 | lr 3.00e-04 | grad 0.65 | 32.7k tok/s | cert -6.56→-6.23 | ticks [6.307 6.018 5.960 5.958] | 39M tok | ETA 102.3h
Step   9440 | loss 5.8593 | lr 3.00e-04 | grad 0.71 | 32.7k tok/s | cert -6.54→-6.41 | ticks [6.406 5.969 5.871 5.866] | 39M tok | ETA 102.3h
Step   9450 | loss 5.9983 | lr 3.00e-04 | grad 1.23 | 32.7k tok/s | cert -6.68→-6.41 | ticks [6.324 5.850 5.793 5.787] | 39M tok | ETA 102.3h
Step   9460 | loss 5.8807 | lr 3.00e-04 | grad 0.73 | 33.0k tok/s | cert -7.39→-6.23 | ticks [6.226 5.882 5.799 5.794] | 39M tok | ETA 102.3h
Step   9470 | loss 6.0835 | lr 3.00e-04 | grad 1.03 | 32.8k tok/s | cert -7.05→-6.60 | ticks [6.394 6.150 6.100 6.096] | 39M tok | ETA 102.3h
Step   9480 | loss 5.9785 | lr 3.00e-04 | grad 0.68 | 32.7k tok/s | cert -6.51→-6.23 | ticks [6.226 5.958 5.858 5.852] | 39M tok | ETA 102.3h
Step   9490 | loss 5.9799 | lr 3.00e-04 | grad 0.79 | 32.9k tok/s | cert -7.06→-6.51 | ticks [6.223 5.988 5.943 5.939] | 39M tok | ETA 102.3h
Step   9500 | loss 5.8055 | lr 3.00e-04 | grad 1.22 | 32.5k tok/s | cert -5.75→-6.63 | ticks [6.406 5.855 5.752 5.747] | 39M tok | ETA 102.3h
Step   9510 | loss 5.8934 | lr 3.00e-04 | grad 0.79 | 33.0k tok/s | cert -6.48→-6.46 | ticks [6.533 6.282 6.199 6.194] | 39M tok | ETA 102.3h
Step   9520 | loss 6.1689 | lr 3.00e-04 | grad 0.88 | 32.8k tok/s | cert -6.53→-6.61 | ticks [6.397 6.059 5.973 5.970] | 39M tok | ETA 102.3h
Step   9530 | loss 6.1313 | lr 3.00e-04 | grad 1.21 | 32.9k tok/s | cert -8.03→-7.42 | ticks [7.094 6.928 6.882 6.882] | 39M tok | ETA 102.3h
Step   9540 | loss 6.0429 | lr 3.00e-04 | grad 0.72 | 32.7k tok/s | cert -5.69→-5.88 | ticks [6.102 5.691 5.564 5.560] | 39M tok | ETA 102.3h
Step   9550 | loss 6.0562 | lr 3.00e-04 | grad 0.76 | 32.7k tok/s | cert -6.38→-6.23 | ticks [6.295 5.892 5.832 5.824] | 39M tok | ETA 102.3h
Step   9560 | loss 6.0403 | lr 3.00e-04 | grad 0.68 | 32.5k tok/s | cert -6.24→-6.02 | ticks [6.104 5.838 5.770 5.765] | 39M tok | ETA 102.3h
Step   9570 | loss 5.8025 | lr 3.00e-04 | grad 0.85 | 32.5k tok/s | cert -6.93→-6.50 | ticks [6.391 6.088 5.992 5.986] | 39M tok | ETA 102.3h
Step   9580 | loss 6.1880 | lr 3.00e-04 | grad 1.12 | 32.6k tok/s | cert -7.27→-7.01 | ticks [7.061 6.791 6.713 6.707] | 39M tok | ETA 102.3h
Step   9590 | loss 6.4154 | lr 3.00e-04 | grad 0.98 | 32.8k tok/s | cert -7.49→-6.62 | ticks [6.477 6.156 6.030 6.020] | 39M tok | ETA 102.3h
Step   9600 | loss 5.9029 | lr 3.00e-04 | grad 0.76 | 32.7k tok/s | cert -5.52→-5.82 | ticks [6.016 5.544 5.464 5.461] | 39M tok | ETA 102.3h
Step   9610 | loss 5.9034 | lr 3.00e-04 | grad 1.10 | 32.8k tok/s | cert -6.65→-6.75 | ticks [6.544 6.237 6.112 6.099] | 39M tok | ETA 102.3h
Step   9620 | loss 6.1098 | lr 3.00e-04 | grad 0.65 | 32.7k tok/s | cert -7.35→-6.42 | ticks [6.415 6.185 6.068 6.064] | 39M tok | ETA 102.3h
Step   9630 | loss 5.9065 | lr 3.00e-04 | grad 0.84 | 32.7k tok/s | cert -7.32→-6.37 | ticks [6.537 6.273 6.172 6.167] | 39M tok | ETA 102.3h
Step   9640 | loss 6.1294 | lr 3.00e-04 | grad 1.23 | 32.7k tok/s | cert -7.97→-7.03 | ticks [6.844 6.632 6.548 6.544] | 39M tok | ETA 102.3h
Step   9650 | loss 6.0282 | lr 3.00e-04 | grad 1.14 | 32.8k tok/s | cert -5.15→-6.06 | ticks [6.412 5.941 5.810 5.804] | 40M tok | ETA 102.3h
Step   9660 | loss 5.9303 | lr 3.00e-04 | grad 1.18 | 32.5k tok/s | cert -5.98→-6.26 | ticks [6.176 6.047 5.965 5.955] | 40M tok | ETA 102.3h
Step   9670 | loss 5.9343 | lr 3.00e-04 | grad 1.49 | 32.7k tok/s | cert -6.55→-6.58 | ticks [6.180 6.023 5.986 5.974] | 40M tok | ETA 102.2h
Step   9680 | loss 5.8250 | lr 3.00e-04 | grad 1.05 | 32.5k tok/s | cert -7.02→-6.13 | ticks [6.333 6.098 5.993 5.991] | 40M tok | ETA 102.2h
Step   9690 | loss 5.9503 | lr 3.00e-04 | grad 0.83 | 32.6k tok/s | cert -5.99→-6.16 | ticks [6.136 5.744 5.604 5.600] | 40M tok | ETA 102.2h
Step   9700 | loss 6.2400 | lr 3.00e-04 | grad 0.80 | 32.5k tok/s | cert -6.87→-6.68 | ticks [6.807 6.537 6.423 6.419] | 40M tok | ETA 102.2h
Step   9710 | loss 5.9489 | lr 3.00e-04 | grad 1.05 | 32.7k tok/s | cert -5.83→-6.02 | ticks [6.269 5.915 5.833 5.831] | 40M tok | ETA 102.2h
Step   9720 | loss 6.0549 | lr 3.00e-04 | grad 1.44 | 32.7k tok/s | cert -7.29→-6.99 | ticks [6.714 6.406 6.361 6.359] | 40M tok | ETA 102.2h
Step   9730 | loss 5.7429 | lr 3.00e-04 | grad 0.78 | 32.7k tok/s | cert -6.67→-6.11 | ticks [6.228 5.906 5.811 5.808] | 40M tok | ETA 102.2h
Step   9740 | loss 5.8978 | lr 3.00e-04 | grad 0.66 | 32.6k tok/s | cert -6.66→-6.06 | ticks [6.153 5.924 5.824 5.822] | 40M tok | ETA 102.2h
Step   9750 | loss 6.0083 | lr 3.00e-04 | grad 0.81 | 32.9k tok/s | cert -6.02→-6.11 | ticks [6.017 5.610 5.552 5.543] | 40M tok | ETA 102.2h
Step   9760 | loss 5.7369 | lr 3.00e-04 | grad 0.75 | 32.8k tok/s | cert -6.38→-6.21 | ticks [6.367 6.064 5.976 5.971] | 40M tok | ETA 102.2h
Step   9770 | loss 5.9358 | lr 3.00e-04 | grad 0.82 | 32.9k tok/s | cert -5.56→-6.16 | ticks [6.242 5.733 5.643 5.637] | 40M tok | ETA 102.2h
Step   9780 | loss 5.8769 | lr 3.00e-04 | grad 1.55 | 32.9k tok/s | cert -7.06→-6.63 | ticks [6.074 5.663 5.531 5.523] | 40M tok | ETA 102.2h
Step   9790 | loss 5.7098 | lr 3.00e-04 | grad 0.84 | 32.9k tok/s | cert -6.81→-6.45 | ticks [6.364 5.991 5.890 5.885] | 40M tok | ETA 102.2h
Step   9800 | loss 5.8877 | lr 3.00e-04 | grad 0.75 | 32.8k tok/s | cert -5.45→-5.92 | ticks [6.256 5.686 5.578 5.576] | 40M tok | ETA 102.2h
Step   9810 | loss 6.1505 | lr 3.00e-04 | grad 0.97 | 33.0k tok/s | cert -7.21→-6.65 | ticks [6.763 6.576 6.480 6.479] | 40M tok | ETA 102.2h
Step   9820 | loss 5.8546 | lr 3.00e-04 | grad 0.73 | 32.6k tok/s | cert -6.93→-6.41 | ticks [6.387 6.149 6.064 6.056] | 40M tok | ETA 102.2h
Step   9830 | loss 5.9659 | lr 3.00e-04 | grad 0.87 | 33.0k tok/s | cert -6.71→-6.34 | ticks [6.167 5.926 5.859 5.854] | 40M tok | ETA 102.2h
Step   9840 | loss 5.8325 | lr 3.00e-04 | grad 0.91 | 32.5k tok/s | cert -6.45→-5.88 | ticks [5.911 5.598 5.509 5.504] | 40M tok | ETA 102.2h
Step   9850 | loss 5.9025 | lr 3.00e-04 | grad 0.97 | 32.9k tok/s | cert -7.34→-6.59 | ticks [6.345 6.044 5.942 5.938] | 40M tok | ETA 102.2h
Step   9860 | loss 5.9630 | lr 3.00e-04 | grad 0.81 | 32.9k tok/s | cert -6.88→-6.64 | ticks [6.605 6.231 6.135 6.131] | 40M tok | ETA 102.2h
Step   9870 | loss 5.8760 | lr 3.00e-04 | grad 1.22 | 32.5k tok/s | cert -4.69→-5.32 | ticks [6.195 5.381 5.297 5.292] | 40M tok | ETA 102.2h
Step   9880 | loss 5.8989 | lr 3.00e-04 | grad 0.73 | 33.0k tok/s | cert -6.82→-5.90 | ticks [6.091 5.744 5.618 5.616] | 40M tok | ETA 102.2h
Step   9890 | loss 5.8063 | lr 3.00e-04 | grad 0.77 | 33.0k tok/s | cert -6.47→-6.04 | ticks [6.041 5.657 5.565 5.561] | 41M tok | ETA 102.2h
Step   9900 | loss 5.9681 | lr 3.00e-04 | grad 0.99 | 32.8k tok/s | cert -6.11→-6.59 | ticks [6.489 6.156 6.044 6.039] | 41M tok | ETA 102.2h
Step   9910 | loss 5.8527 | lr 3.00e-04 | grad 0.73 | 32.9k tok/s | cert -6.78→-6.23 | ticks [6.125 5.984 5.803 5.782] | 41M tok | ETA 102.2h
Step   9920 | loss 6.0674 | lr 3.00e-04 | grad 0.72 | 33.0k tok/s | cert -6.86→-6.19 | ticks [6.117 5.876 5.799 5.794] | 41M tok | ETA 102.2h
Step   9930 | loss 5.8801 | lr 3.00e-04 | grad 0.92 | 32.8k tok/s | cert -6.87→-6.48 | ticks [6.226 5.954 5.864 5.854] | 41M tok | ETA 102.2h
Step   9940 | loss 5.7320 | lr 3.00e-04 | grad 0.81 | 33.0k tok/s | cert -6.15→-6.09 | ticks [5.926 5.530 5.440 5.434] | 41M tok | ETA 102.2h
Step   9950 | loss 6.0159 | lr 3.00e-04 | grad 0.95 | 32.9k tok/s | cert -6.79→-6.22 | ticks [6.408 6.049 5.991 5.986] | 41M tok | ETA 102.2h
Step   9960 | loss 6.1307 | lr 3.00e-04 | grad 0.75 | 32.7k tok/s | cert -6.62→-6.17 | ticks [6.319 5.810 5.729 5.723] | 41M tok | ETA 102.2h
Step   9970 | loss 6.0431 | lr 3.00e-04 | grad 0.80 | 32.7k tok/s | cert -6.51→-6.13 | ticks [6.254 5.985 5.892 5.887] | 41M tok | ETA 102.2h
Step   9980 | loss 6.0301 | lr 3.00e-04 | grad 1.07 | 32.8k tok/s | cert -7.44→-6.36 | ticks [6.287 6.073 5.969 5.955] | 41M tok | ETA 102.2h
Step   9990 | loss 6.1134 | lr 3.00e-04 | grad 1.27 | 32.7k tok/s | cert -6.63→-6.08 | ticks [6.392 6.204 6.105 6.104] | 41M tok | ETA 102.1h
Step  10000 | loss 5.7835 | lr 3.00e-04 | grad 0.77 | 33.0k tok/s | cert -7.14→-6.39 | ticks [6.454 6.130 6.057 6.054] | 41M tok | ETA 102.1h
'[Errno 9] Bad file descriptor' thrown while requesting GET https://huggingface.co/datasets/HuggingFaceFW/fineweb-edu/resolve/87f09149ef4734204d70ed1d046ddc9ca3f2b8f9/sample/10BT/000_00000.parquet
Retrying in 1s [Retry 1/5].

  >>> Eval loss: 6.6601 (best: 6.7607)
  >>> Saved best checkpoint at step 10000
  >>> Sample: 'The most important thing to understand about science is' → ' a very important to the same as it is an example when it is a little it is in their own is not have to be a true of a time when a lot of a very little less time. In fact, a one is that'

Step  10010 | loss 5.9311 | lr 3.00e-04 | grad 0.87 | 32.4k tok/s | cert -6.89→-6.11 | ticks [6.313 6.016 5.899 5.892] | 41M tok | ETA 103.3h
Step  10020 | loss 5.9589 | lr 3.00e-04 | grad 0.81 | 32.9k tok/s | cert -6.81→-6.60 | ticks [6.644 6.218 6.124 6.119] | 41M tok | ETA 103.3h
Step  10030 | loss 5.8486 | lr 3.00e-04 | grad 1.03 | 32.7k tok/s | cert -6.97→-6.26 | ticks [6.138 5.861 5.762 5.753] | 41M tok | ETA 103.3h
Step  10040 | loss 5.9219 | lr 3.00e-04 | grad 0.80 | 33.1k tok/s | cert -6.41→-6.52 | ticks [6.623 6.261 6.179 6.169] | 41M tok | ETA 103.3h
Step  10050 | loss 5.8837 | lr 3.00e-04 | grad 0.86 | 32.9k tok/s | cert -6.90→-6.05 | ticks [6.165 5.809 5.711 5.709] | 41M tok | ETA 103.3h
Step  10060 | loss 6.1602 | lr 3.00e-04 | grad 1.16 | 32.9k tok/s | cert -7.52→-6.88 | ticks [6.270 6.035 5.949 5.946] | 41M tok | ETA 103.3h
Step  10070 | loss 6.1365 | lr 3.00e-04 | grad 0.89 | 32.8k tok/s | cert -6.81→-6.18 | ticks [6.268 5.946 5.852 5.848] | 41M tok | ETA 103.3h
Step  10080 | loss 6.0415 | lr 3.00e-04 | grad 0.93 | 32.9k tok/s | cert -6.64→-6.13 | ticks [6.134 5.941 5.868 5.862] | 41M tok | ETA 103.3h
Step  10090 | loss 6.0699 | lr 3.00e-04 | grad 0.70 | 33.0k tok/s | cert -7.26→-6.32 | ticks [6.379 6.032 5.919 5.914] | 41M tok | ETA 103.3h
Step  10100 | loss 6.0919 | lr 3.00e-04 | grad 0.83 | 32.5k tok/s | cert -6.56→-6.59 | ticks [6.512 6.271 6.173 6.167] | 41M tok | ETA 103.3h
Step  10110 | loss 6.1671 | lr 3.00e-04 | grad 0.75 | 33.0k tok/s | cert -7.07→-6.34 | ticks [6.190 5.921 5.832 5.826] | 41M tok | ETA 103.3h
Step  10120 | loss 6.0199 | lr 3.00e-04 | grad 1.02 | 32.8k tok/s | cert -5.97→-6.20 | ticks [6.344 5.906 5.837 5.835] | 41M tok | ETA 103.3h
Step  10130 | loss 5.8917 | lr 3.00e-04 | grad 0.76 | 32.8k tok/s | cert -6.42→-6.06 | ticks [6.188 5.706 5.594 5.583] | 41M tok | ETA 103.3h
Step  10140 | loss 5.8913 | lr 3.00e-04 | grad 1.11 | 32.6k tok/s | cert -6.58→-6.59 | ticks [6.685 6.394 6.301 6.292] | 42M tok | ETA 103.3h
Step  10150 | loss 6.1279 | lr 3.00e-04 | grad 1.02 | 33.0k tok/s | cert -7.92→-6.86 | ticks [6.783 6.579 6.490 6.490] | 42M tok | ETA 103.3h
Step  10160 | loss 6.0203 | lr 3.00e-04 | grad 1.99 | 32.9k tok/s | cert -7.45→-6.53 | ticks [6.520 6.309 6.246 6.235] | 42M tok | ETA 103.3h
Step  10170 | loss 5.9741 | lr 3.00e-04 | grad 1.45 | 32.6k tok/s | cert -7.42→-6.42 | ticks [5.988 5.766 5.683 5.683] | 42M tok | ETA 103.3h
Step  10180 | loss 5.8909 | lr 3.00e-04 | grad 0.88 | 32.6k tok/s | cert -6.43→-6.05 | ticks [5.891 5.540 5.396 5.387] | 42M tok | ETA 103.3h
Step  10190 | loss 5.8545 | lr 3.00e-04 | grad 0.79 | 32.9k tok/s | cert -7.57→-6.64 | ticks [6.464 6.138 6.032 6.024] | 42M tok | ETA 103.3h
Step  10200 | loss 6.0731 | lr 3.00e-04 | grad 0.78 | 32.7k tok/s | cert -7.10→-6.12 | ticks [6.116 5.661 5.603 5.599] | 42M tok | ETA 103.3h
Step  10210 | loss 5.7827 | lr 3.00e-04 | grad 0.86 | 32.8k tok/s | cert -6.88→-6.26 | ticks [6.249 5.949 5.843 5.832] | 42M tok | ETA 103.3h
Step  10220 | loss 6.0092 | lr 3.00e-04 | grad 0.75 | 33.0k tok/s | cert -7.19→-6.54 | ticks [6.582 6.324 6.216 6.207] | 42M tok | ETA 103.3h
Step  10230 | loss 5.9785 | lr 3.00e-04 | grad 0.82 | 32.8k tok/s | cert -6.06→-6.36 | ticks [6.304 5.857 5.778 5.772] | 42M tok | ETA 103.3h
Step  10240 | loss 6.0536 | lr 3.00e-04 | grad 1.24 | 32.9k tok/s | cert -7.25→-6.92 | ticks [6.850 6.635 6.531 6.517] | 42M tok | ETA 103.3h
Step  10250 | loss 6.2687 | lr 3.00e-04 | grad 0.81 | 32.5k tok/s | cert -6.30→-6.69 | ticks [6.611 6.206 6.118 6.112] | 42M tok | ETA 103.2h
Step  10260 | loss 5.8043 | lr 3.00e-04 | grad 0.84 | 32.8k tok/s | cert -6.48→-6.07 | ticks [5.933 5.674 5.585 5.583] | 42M tok | ETA 103.2h
Step  10270 | loss 5.8192 | lr 3.00e-04 | grad 0.68 | 32.9k tok/s | cert -6.86→-6.27 | ticks [6.282 5.926 5.836 5.829] | 42M tok | ETA 103.2h
Step  10280 | loss 5.7245 | lr 3.00e-04 | grad 0.93 | 32.9k tok/s | cert -6.47→-5.85 | ticks [5.882 5.606 5.510 5.500] | 42M tok | ETA 103.2h
Step  10290 | loss 5.6857 | lr 3.00e-04 | grad 0.86 | 32.8k tok/s | cert -7.15→-6.27 | ticks [5.955 5.746 5.619 5.617] | 42M tok | ETA 103.2h
Step  10300 | loss 5.7368 | lr 3.00e-04 | grad 1.19 | 33.1k tok/s | cert -6.60→-6.24 | ticks [6.398 6.242 6.218 6.218] | 42M tok | ETA 103.2h
Step  10310 | loss 5.8939 | lr 3.00e-04 | grad 0.66 | 32.7k tok/s | cert -6.46→-5.85 | ticks [5.898 5.572 5.481 5.475] | 42M tok | ETA 103.2h
Step  10320 | loss 6.0773 | lr 3.00e-04 | grad 0.89 | 32.5k tok/s | cert -5.94→-6.05 | ticks [6.393 6.029 5.950 5.945] | 42M tok | ETA 103.2h
Step  10330 | loss 5.9767 | lr 3.00e-04 | grad 0.83 | 32.9k tok/s | cert -6.80→-6.32 | ticks [6.420 6.199 6.111 6.106] | 42M tok | ETA 103.2h
Step  10340 | loss 5.9233 | lr 3.00e-04 | grad 0.89 | 32.9k tok/s | cert -6.68→-6.38 | ticks [6.231 5.893 5.799 5.797] | 42M tok | ETA 103.2h
Step  10350 | loss 5.8753 | lr 3.00e-04 | grad 1.22 | 32.6k tok/s | cert -7.12→-6.11 | ticks [6.490 6.264 6.165 6.152] | 42M tok | ETA 103.2h
Step  10360 | loss 5.9378 | lr 3.00e-04 | grad 0.71 | 32.8k tok/s | cert -6.93→-6.48 | ticks [6.298 6.026 5.908 5.899] | 42M tok | ETA 103.2h
Step  10370 | loss 6.1964 | lr 3.00e-04 | grad 1.01 | 32.6k tok/s | cert -6.96→-6.76 | ticks [6.480 6.263 6.151 6.148] | 42M tok | ETA 103.2h
Step  10380 | loss 6.4745 | lr 3.00e-04 | grad 1.07 | 32.2k tok/s | cert -7.81→-7.13 | ticks [6.972 6.844 6.784 6.779] | 43M tok | ETA 103.2h
Step  10390 | loss 6.1335 | lr 3.00e-04 | grad 1.06 | 33.1k tok/s | cert -7.41→-6.82 | ticks [6.560 6.447 6.376 6.365] | 43M tok | ETA 103.2h
Step  10400 | loss 5.9659 | lr 3.00e-04 | grad 1.47 | 33.0k tok/s | cert -6.96→-6.62 | ticks [6.710 6.503 6.439 6.437] | 43M tok | ETA 103.2h
Step  10410 | loss 6.2019 | lr 3.00e-04 | grad 1.03 | 32.8k tok/s | cert -6.30→-6.68 | ticks [6.995 6.450 6.398 6.392] | 43M tok | ETA 103.2h
Step  10420 | loss 5.8486 | lr 3.00e-04 | grad 0.65 | 32.9k tok/s | cert -6.97→-6.10 | ticks [6.176 5.862 5.754 5.748] | 43M tok | ETA 103.2h
Step  10430 | loss 5.8270 | lr 3.00e-04 | grad 0.87 | 32.7k tok/s | cert -6.44→-5.95 | ticks [5.946 5.544 5.497 5.491] | 43M tok | ETA 103.2h
Step  10440 | loss 5.9765 | lr 3.00e-04 | grad 1.11 | 32.9k tok/s | cert -7.40→-6.87 | ticks [6.614 6.437 6.402 6.394] | 43M tok | ETA 103.2h
Step  10450 | loss 5.9376 | lr 3.00e-04 | grad 0.66 | 32.6k tok/s | cert -6.68→-6.36 | ticks [6.525 6.220 6.124 6.120] | 43M tok | ETA 103.2h
Step  10460 | loss 5.8957 | lr 3.00e-04 | grad 0.75 | 32.8k tok/s | cert -6.59→-6.12 | ticks [6.218 5.876 5.779 5.773] | 43M tok | ETA 103.2h
Step  10470 | loss 5.9869 | lr 3.00e-04 | grad 0.88 | 32.7k tok/s | cert -6.85→-6.16 | ticks [6.311 6.024 5.936 5.930] | 43M tok | ETA 103.2h
Step  10480 | loss 6.1253 | lr 3.00e-04 | grad 0.75 | 32.6k tok/s | cert -7.06→-6.51 | ticks [6.459 6.275 6.213 6.203] | 43M tok | ETA 103.2h
Step  10490 | loss 5.9344 | lr 3.00e-04 | grad 0.71 | 32.5k tok/s | cert -6.53→-6.24 | ticks [6.168 5.812 5.696 5.692] | 43M tok | ETA 103.1h
Step  10500 | loss 6.0129 | lr 3.00e-04 | grad 1.55 | 32.7k tok/s | cert -6.58→-6.17 | ticks [5.828 5.673 5.625 5.618] | 43M tok | ETA 103.1h
Step  10510 | loss 5.9505 | lr 3.00e-04 | grad 0.75 | 32.8k tok/s | cert -6.63→-6.29 | ticks [6.438 6.157 6.048 6.043] | 43M tok | ETA 103.1h
Step  10520 | loss 5.9678 | lr 3.00e-04 | grad 0.70 | 32.7k tok/s | cert -7.04→-6.20 | ticks [6.027 5.794 5.709 5.701] | 43M tok | ETA 103.1h
Step  10530 | loss 6.0970 | lr 3.00e-04 | grad 1.09 | 32.7k tok/s | cert -6.18→-5.77 | ticks [6.099 5.794 5.717 5.714] | 43M tok | ETA 103.1h
Step  10540 | loss 6.0883 | lr 3.00e-04 | grad 0.86 | 32.8k tok/s | cert -5.70→-6.08 | ticks [6.209 5.572 5.375 5.365] | 43M tok | ETA 103.1h
Step  10550 | loss 6.1153 | lr 3.00e-04 | grad 0.92 | 32.6k tok/s | cert -7.07→-6.46 | ticks [6.333 6.120 6.073 6.067] | 43M tok | ETA 103.1h
Step  10560 | loss 5.9211 | lr 3.00e-04 | grad 0.84 | 32.7k tok/s | cert -6.94→-6.55 | ticks [6.538 6.251 6.119 6.115] | 43M tok | ETA 103.1h
Step  10570 | loss 5.9718 | lr 3.00e-04 | grad 0.85 | 32.9k tok/s | cert -6.83→-6.14 | ticks [6.093 5.792 5.698 5.687] | 43M tok | ETA 103.1h
Step  10580 | loss 6.0330 | lr 3.00e-04 | grad 1.30 | 32.9k tok/s | cert -6.63→-6.32 | ticks [6.655 6.484 6.383 6.379] | 43M tok | ETA 103.1h
Step  10590 | loss 6.0029 | lr 3.00e-04 | grad 0.74 | 32.5k tok/s | cert -6.71→-6.27 | ticks [6.268 6.040 5.947 5.945] | 43M tok | ETA 103.1h
Step  10600 | loss 6.0494 | lr 3.00e-04 | grad 0.77 | 32.9k tok/s | cert -6.38→-6.29 | ticks [6.414 5.919 5.785 5.778] | 43M tok | ETA 103.1h
Step  10610 | loss 6.0757 | lr 3.00e-04 | grad 0.81 | 32.7k tok/s | cert -6.56→-6.36 | ticks [6.172 5.991 5.894 5.891] | 43M tok | ETA 103.1h
Step  10620 | loss 6.0232 | lr 3.00e-04 | grad 0.85 | 32.8k tok/s | cert -6.68→-6.27 | ticks [6.365 6.083 5.926 5.917] | 44M tok | ETA 103.1h
Step  10630 | loss 5.9452 | lr 3.00e-04 | grad 0.85 | 32.9k tok/s | cert -6.33→-6.24 | ticks [6.425 6.171 6.087 6.081] | 44M tok | ETA 103.1h
Step  10640 | loss 5.9768 | lr 3.00e-04 | grad 0.89 | 32.6k tok/s | cert -6.65→-6.30 | ticks [6.444 6.156 6.051 6.043] | 44M tok | ETA 103.1h
Step  10650 | loss 6.0372 | lr 3.00e-04 | grad 0.70 | 32.7k tok/s | cert -6.46→-6.17 | ticks [6.102 5.821 5.662 5.655] | 44M tok | ETA 103.1h
Step  10660 | loss 5.7987 | lr 3.00e-04 | grad 0.86 | 32.7k tok/s | cert -6.28→-6.21 | ticks [6.330 5.871 5.766 5.762] | 44M tok | ETA 103.1h
Step  10670 | loss 6.1958 | lr 3.00e-04 | grad 0.98 | 32.7k tok/s | cert -8.14→-7.10 | ticks [6.809 6.580 6.512 6.506] | 44M tok | ETA 103.1h
Step  10680 | loss 5.9578 | lr 3.00e-04 | grad 0.87 | 32.6k tok/s | cert -7.00→-6.13 | ticks [6.202 6.009 5.940 5.936] | 44M tok | ETA 103.1h
Step  10690 | loss 5.8397 | lr 3.00e-04 | grad 0.85 | 32.3k tok/s | cert -6.88→-6.33 | ticks [6.426 6.158 6.035 6.027] | 44M tok | ETA 103.1h
Step  10700 | loss 6.0753 | lr 3.00e-04 | grad 0.84 | 32.8k tok/s | cert -7.55→-5.86 | ticks [5.900 5.581 5.536 5.530] | 44M tok | ETA 103.1h
Step  10710 | loss 5.9540 | lr 3.00e-04 | grad 0.76 | 32.8k tok/s | cert -7.35→-6.22 | ticks [6.152 5.909 5.868 5.865] | 44M tok | ETA 103.1h
Step  10720 | loss 5.7632 | lr 3.00e-04 | grad 1.12 | 32.7k tok/s | cert -6.62→-6.40 | ticks [6.099 5.758 5.673 5.671] | 44M tok | ETA 103.1h
Step  10730 | loss 6.0296 | lr 3.00e-04 | grad 0.74 | 33.0k tok/s | cert -6.05→-6.31 | ticks [6.470 6.062 5.928 5.918] | 44M tok | ETA 103.1h
Step  10740 | loss 5.9797 | lr 3.00e-04 | grad 0.82 | 32.5k tok/s | cert -6.68→-6.37 | ticks [6.349 5.925 5.838 5.834] | 44M tok | ETA 103.1h
Step  10750 | loss 5.9304 | lr 3.00e-04 | grad 0.89 | 32.7k tok/s | cert -6.15→-6.25 | ticks [6.215 5.697 5.592 5.588] | 44M tok | ETA 103.1h
Step  10760 | loss 5.9212 | lr 3.00e-04 | grad 0.77 | 32.5k tok/s | cert -6.26→-5.83 | ticks [6.043 5.763 5.697 5.692] | 44M tok | ETA 103.0h
Step  10770 | loss 6.0650 | lr 3.00e-04 | grad 0.90 | 32.5k tok/s | cert -7.08→-6.70 | ticks [6.408 6.142 6.053 6.044] | 44M tok | ETA 103.0h
Step  10780 | loss 5.9318 | lr 3.00e-04 | grad 0.89 | 32.6k tok/s | cert -6.46→-6.29 | ticks [6.487 6.110 5.983 5.976] | 44M tok | ETA 103.0h
Step  10790 | loss 6.1201 | lr 3.00e-04 | grad 0.85 | 32.8k tok/s | cert -6.49→-6.42 | ticks [6.544 6.225 6.154 6.150] | 44M tok | ETA 103.0h
Step  10800 | loss 5.9197 | lr 3.00e-04 | grad 0.79 | 32.7k tok/s | cert -6.55→-6.04 | ticks [6.205 5.952 5.829 5.822] | 44M tok | ETA 103.0h
Step  10810 | loss 6.1000 | lr 3.00e-04 | grad 0.91 | 32.7k tok/s | cert -6.97→-6.25 | ticks [6.409 6.243 6.145 6.140] | 44M tok | ETA 103.0h
Step  10820 | loss 5.9535 | lr 3.00e-04 | grad 0.76 | 32.7k tok/s | cert -6.97→-6.23 | ticks [6.294 5.990 5.906 5.896] | 44M tok | ETA 103.0h
Step  10830 | loss 6.0534 | lr 3.00e-04 | grad 1.14 | 32.6k tok/s | cert -6.61→-6.84 | ticks [6.760 6.417 6.319 6.311] | 44M tok | ETA 103.0h
Step  10840 | loss 6.0614 | lr 3.00e-04 | grad 1.12 | 32.7k tok/s | cert -6.48→-5.81 | ticks [6.065 5.926 5.882 5.875] | 44M tok | ETA 103.0h
Step  10850 | loss 5.8576 | lr 3.00e-04 | grad 0.72 | 32.6k tok/s | cert -6.64→-6.24 | ticks [6.169 5.891 5.777 5.766] | 44M tok | ETA 103.0h
Step  10860 | loss 5.9887 | lr 3.00e-04 | grad 0.70 | 32.5k tok/s | cert -6.64→-6.37 | ticks [6.420 6.070 5.947 5.942] | 44M tok | ETA 103.0h
Step  10870 | loss 6.1897 | lr 3.00e-04 | grad 1.06 | 32.7k tok/s | cert -6.65→-6.77 | ticks [6.570 6.221 6.119 6.114] | 45M tok | ETA 103.0h
Step  10880 | loss 5.9235 | lr 3.00e-04 | grad 1.17 | 32.6k tok/s | cert -6.06→-6.27 | ticks [6.819 6.360 6.265 6.259] | 45M tok | ETA 103.0h
Step  10890 | loss 6.0922 | lr 3.00e-04 | grad 0.72 | 32.8k tok/s | cert -6.80→-6.44 | ticks [6.560 6.323 6.208 6.197] | 45M tok | ETA 103.0h
Step  10900 | loss 5.9309 | lr 3.00e-04 | grad 1.16 | 32.8k tok/s | cert -5.33→-6.65 | ticks [6.682 5.974 5.869 5.869] | 45M tok | ETA 103.0h
Step  10910 | loss 6.0257 | lr 3.00e-04 | grad 0.80 | 32.6k tok/s | cert -6.39→-6.19 | ticks [6.170 5.936 5.831 5.823] | 45M tok | ETA 103.0h
Step  10920 | loss 6.2666 | lr 3.00e-04 | grad 0.92 | 32.9k tok/s | cert -6.28→-6.10 | ticks [6.423 6.081 5.971 5.962] | 45M tok | ETA 103.0h
Step  10930 | loss 5.9014 | lr 3.00e-04 | grad 0.73 | 32.7k tok/s | cert -6.92→-6.24 | ticks [6.373 6.066 5.929 5.928] | 45M tok | ETA 103.0h
Step  10940 | loss 6.0280 | lr 3.00e-04 | grad 1.53 | 32.8k tok/s | cert -6.93→-6.88 | ticks [6.568 6.374 6.259 6.257] | 45M tok | ETA 103.0h
Step  10950 | loss 5.9536 | lr 3.00e-04 | grad 1.21 | 32.7k tok/s | cert -6.52→-6.28 | ticks [6.395 6.126 5.996 5.989] | 45M tok | ETA 103.0h
Step  10960 | loss 5.8396 | lr 3.00e-04 | grad 0.91 | 32.8k tok/s | cert -5.85→-5.86 | ticks [6.001 5.540 5.421 5.413] | 45M tok | ETA 103.0h
Step  10970 | loss 6.3518 | lr 3.00e-04 | grad 1.25 | 32.9k tok/s | cert -7.93→-7.27 | ticks [6.707 6.523 6.463 6.455] | 45M tok | ETA 103.0h
Step  10980 | loss 6.1183 | lr 3.00e-04 | grad 0.98 | 33.0k tok/s | cert -6.15→-6.27 | ticks [6.087 5.805 5.630 5.610] | 45M tok | ETA 103.0h
Step  10990 | loss 5.9745 | lr 3.00e-04 | grad 0.84 | 32.8k tok/s | cert -6.35→-6.18 | ticks [6.373 6.119 6.052 6.044] | 45M tok | ETA 103.0h
Step  11000 | loss 6.2215 | lr 3.00e-04 | grad 1.09 | 32.7k tok/s | cert -7.33→-6.98 | ticks [6.698 6.482 6.399 6.394] | 45M tok | ETA 103.0h
Step  11010 | loss 6.1415 | lr 3.00e-04 | grad 0.84 | 32.9k tok/s | cert -7.09→-6.45 | ticks [6.505 6.228 6.115 6.108] | 45M tok | ETA 103.0h
Step  11020 | loss 6.1135 | lr 3.00e-04 | grad 0.83 | 33.0k tok/s | cert -6.97→-6.50 | ticks [6.375 5.974 5.820 5.812] | 45M tok | ETA 103.0h
Step  11030 | loss 5.9755 | lr 3.00e-04 | grad 0.68 | 32.8k tok/s | cert -7.11→-6.28 | ticks [6.139 5.875 5.753 5.744] | 45M tok | ETA 103.0h
Step  11040 | loss 5.8686 | lr 3.00e-04 | grad 0.90 | 32.9k tok/s | cert -6.42→-6.48 | ticks [6.490 5.981 5.851 5.845] | 45M tok | ETA 102.9h
Step  11050 | loss 5.9800 | lr 3.00e-04 | grad 1.03 | 32.8k tok/s | cert -7.15→-6.15 | ticks [6.232 5.937 5.864 5.856] | 45M tok | ETA 102.9h
Step  11060 | loss 5.9174 | lr 3.00e-04 | grad 1.00 | 32.7k tok/s | cert -6.91→-6.20 | ticks [6.437 6.186 6.056 6.046] | 45M tok | ETA 102.9h
Step  11070 | loss 6.1248 | lr 3.00e-04 | grad 0.91 | 32.6k tok/s | cert -6.71→-6.18 | ticks [6.277 6.033 5.878 5.873] | 45M tok | ETA 102.9h
Step  11080 | loss 6.1290 | lr 3.00e-04 | grad 0.86 | 33.0k tok/s | cert -7.43→-6.55 | ticks [6.674 6.314 6.215 6.204] | 45M tok | ETA 102.9h
Step  11090 | loss 6.2467 | lr 3.00e-04 | grad 1.30 | 32.8k tok/s | cert -6.77→-6.71 | ticks [6.690 6.527 6.443 6.438] | 45M tok | ETA 102.9h
Step  11100 | loss 6.1878 | lr 3.00e-04 | grad 1.51 | 32.5k tok/s | cert -7.18→-6.87 | ticks [6.976 6.820 6.727 6.726] | 45M tok | ETA 102.9h
Step  11110 | loss 5.9610 | lr 3.00e-04 | grad 0.99 | 32.7k tok/s | cert -6.93→-6.13 | ticks [6.007 5.765 5.656 5.649] | 46M tok | ETA 102.9h
Step  11120 | loss 5.9942 | lr 3.00e-04 | grad 0.82 | 32.9k tok/s | cert -6.72→-6.23 | ticks [6.220 5.894 5.756 5.751] | 46M tok | ETA 102.9h
Step  11130 | loss 6.0407 | lr 3.00e-04 | grad 0.91 | 32.8k tok/s | cert -7.70→-6.52 | ticks [6.389 6.135 6.036 6.032] | 46M tok | ETA 102.9h
Step  11140 | loss 5.8685 | lr 3.00e-04 | grad 0.78 | 32.9k tok/s | cert -6.21→-6.30 | ticks [6.667 6.143 6.038 6.035] | 46M tok | ETA 102.9h
Step  11150 | loss 6.0205 | lr 3.00e-04 | grad 0.95 | 32.7k tok/s | cert -7.19→-6.67 | ticks [6.390 6.100 5.917 5.911] | 46M tok | ETA 102.9h
Step  11160 | loss 5.8858 | lr 3.00e-04 | grad 0.65 | 33.0k tok/s | cert -7.02→-6.38 | ticks [6.563 6.193 6.089 6.081] | 46M tok | ETA 102.9h
Step  11170 | loss 6.1775 | lr 3.00e-04 | grad 0.69 | 32.7k tok/s | cert -6.82→-6.24 | ticks [6.354 6.114 5.994 5.988] | 46M tok | ETA 102.9h
Step  11180 | loss 6.0339 | lr 3.00e-04 | grad 0.75 | 32.7k tok/s | cert -7.03→-6.42 | ticks [6.346 5.933 5.844 5.838] | 46M tok | ETA 102.9h
Step  11190 | loss 5.9032 | lr 3.00e-04 | grad 0.83 | 32.8k tok/s | cert -6.58→-6.14 | ticks [6.241 5.897 5.790 5.786] | 46M tok | ETA 102.9h
Step  11200 | loss 6.1261 | lr 3.00e-04 | grad 1.17 | 32.7k tok/s | cert -7.30→-6.73 | ticks [6.877 6.675 6.573 6.568] | 46M tok | ETA 102.9h
Step  11210 | loss 6.1047 | lr 3.00e-04 | grad 1.10 | 32.7k tok/s | cert -6.97→-6.33 | ticks [5.931 5.674 5.560 5.553] | 46M tok | ETA 102.9h
Step  11220 | loss 5.9521 | lr 3.00e-04 | grad 0.86 | 32.4k tok/s | cert -5.58→-6.11 | ticks [6.126 5.610 5.510 5.503] | 46M tok | ETA 102.9h
Step  11230 | loss 5.9944 | lr 3.00e-04 | grad 0.82 | 32.7k tok/s | cert -6.98→-6.14 | ticks [6.256 6.009 5.918 5.903] | 46M tok | ETA 102.9h
Step  11240 | loss 5.9443 | lr 3.00e-04 | grad 1.95 | 32.8k tok/s | cert -7.00→-6.68 | ticks [6.479 6.047 5.927 5.913] | 46M tok | ETA 102.9h
Step  11250 | loss 5.9534 | lr 3.00e-04 | grad 0.67 | 33.0k tok/s | cert -6.91→-6.71 | ticks [6.888 6.611 6.509 6.502] | 46M tok | ETA 102.9h
Step  11260 | loss 5.9270 | lr 3.00e-04 | grad 0.82 | 32.9k tok/s | cert -7.35→-6.39 | ticks [6.338 6.004 5.904 5.898] | 46M tok | ETA 102.9h
Step  11270 | loss 6.0552 | lr 3.00e-04 | grad 0.77 | 32.7k tok/s | cert -6.72→-6.35 | ticks [6.476 6.159 6.048 6.045] | 46M tok | ETA 102.9h
Step  11280 | loss 5.9637 | lr 3.00e-04 | grad 0.68 | 32.6k tok/s | cert -6.39→-6.15 | ticks [6.431 6.026 5.936 5.926] | 46M tok | ETA 102.9h
Step  11290 | loss 5.8909 | lr 3.00e-04 | grad 0.71 | 32.9k tok/s | cert -6.43→-6.29 | ticks [6.400 6.088 6.007 5.999] | 46M tok | ETA 102.9h
Step  11300 | loss 5.8368 | lr 3.00e-04 | grad 0.72 | 32.8k tok/s | cert -6.30→-6.26 | ticks [6.153 5.870 5.764 5.757] | 46M tok | ETA 102.9h
Step  11310 | loss 5.7925 | lr 3.00e-04 | grad 1.04 | 32.7k tok/s | cert -6.40→-5.85 | ticks [5.520 5.374 5.209 5.202] | 46M tok | ETA 102.9h
Step  11320 | loss 5.9111 | lr 3.00e-04 | grad 0.83 | 32.6k tok/s | cert -6.25→-6.01 | ticks [6.050 5.685 5.629 5.626] | 46M tok | ETA 102.8h
Step  11330 | loss 5.9782 | lr 3.00e-04 | grad 0.73 | 32.6k tok/s | cert -5.63→-6.27 | ticks [6.699 6.108 5.954 5.943] | 46M tok | ETA 102.8h
Step  11340 | loss 5.9944 | lr 3.00e-04 | grad 1.30 | 32.8k tok/s | cert -6.72→-6.46 | ticks [6.008 5.745 5.686 5.682] | 46M tok | ETA 102.8h
Step  11350 | loss 5.9752 | lr 3.00e-04 | grad 1.05 | 32.4k tok/s | cert -6.02→-6.54 | ticks [6.402 6.049 5.973 5.964] | 46M tok | ETA 102.8h
Step  11360 | loss 5.9999 | lr 3.00e-04 | grad 0.86 | 33.0k tok/s | cert -6.84→-6.20 | ticks [6.246 5.978 5.899 5.895] | 47M tok | ETA 102.8h
Step  11370 | loss 5.9368 | lr 3.00e-04 | grad 1.08 | 32.7k tok/s | cert -6.42→-6.15 | ticks [6.502 6.201 6.120 6.116] | 47M tok | ETA 102.8h
Step  11380 | loss 6.0997 | lr 3.00e-04 | grad 0.68 | 32.7k tok/s | cert -6.45→-5.94 | ticks [5.963 5.706 5.619 5.610] | 47M tok | ETA 102.8h
Step  11390 | loss 5.9620 | lr 3.00e-04 | grad 1.13 | 32.8k tok/s | cert -6.77→-6.41 | ticks [6.200 5.851 5.759 5.754] | 47M tok | ETA 102.8h
Step  11400 | loss 6.0870 | lr 3.00e-04 | grad 1.13 | 32.8k tok/s | cert -5.69→-6.19 | ticks [6.268 5.705 5.639 5.632] | 47M tok | ETA 102.8h
Step  11410 | loss 5.9611 | lr 3.00e-04 | grad 0.93 | 32.8k tok/s | cert -6.28→-6.25 | ticks [6.085 5.760 5.651 5.640] | 47M tok | ETA 102.8h
Step  11420 | loss 5.9446 | lr 3.00e-04 | grad 1.32 | 32.6k tok/s | cert -7.31→-6.86 | ticks [6.569 6.301 6.210 6.209] | 47M tok | ETA 102.8h
Step  11430 | loss 6.0805 | lr 3.00e-04 | grad 0.78 | 32.5k tok/s | cert -6.32→-6.39 | ticks [6.443 6.035 5.969 5.962] | 47M tok | ETA 102.8h
Step  11440 | loss 6.0575 | lr 3.00e-04 | grad 1.14 | 32.4k tok/s | cert -6.84→-6.76 | ticks [6.970 6.654 6.557 6.550] | 47M tok | ETA 102.8h
Step  11450 | loss 5.9435 | lr 3.00e-04 | grad 0.71 | 32.3k tok/s | cert -6.55→-6.06 | ticks [6.088 5.913 5.763 5.757] | 47M tok | ETA 102.8h
Step  11460 | loss 5.8101 | lr 3.00e-04 | grad 0.70 | 32.8k tok/s | cert -6.52→-6.04 | ticks [6.000 5.705 5.622 5.614] | 47M tok | ETA 102.8h
Step  11470 | loss 5.9502 | lr 3.00e-04 | grad 0.82 | 32.8k tok/s | cert -6.66→-6.45 | ticks [6.286 5.924 5.816 5.805] | 47M tok | ETA 102.8h
Step  11480 | loss 5.9923 | lr 3.00e-04 | grad 0.98 | 32.7k tok/s | cert -6.91→-6.07 | ticks [6.214 5.911 5.824 5.820] | 47M tok | ETA 102.8h
Step  11490 | loss 6.0751 | lr 3.00e-04 | grad 1.45 | 32.8k tok/s | cert -6.88→-6.58 | ticks [6.391 6.007 5.887 5.885] | 47M tok | ETA 102.8h
Step  11500 | loss 6.0101 | lr 3.00e-04 | grad 0.76 | 32.5k tok/s | cert -6.45→-6.07 | ticks [6.341 5.987 5.911 5.902] | 47M tok | ETA 102.8h
Step  11510 | loss 5.9643 | lr 3.00e-04 | grad 0.88 | 32.4k tok/s | cert -6.61→-6.30 | ticks [6.192 5.856 5.776 5.770] | 47M tok | ETA 102.8h
Step  11520 | loss 5.9528 | lr 3.00e-04 | grad 0.85 | 32.9k tok/s | cert -7.07→-6.45 | ticks [6.485 6.318 6.180 6.169] | 47M tok | ETA 102.8h
Step  11530 | loss 5.9028 | lr 3.00e-04 | grad 0.71 | 32.8k tok/s | cert -5.78→-6.07 | ticks [6.250 5.682 5.540 5.529] | 47M tok | ETA 102.8h
Step  11540 | loss 5.8494 | lr 3.00e-04 | grad 0.76 | 32.7k tok/s | cert -6.54→-6.12 | ticks [6.201 5.919 5.786 5.779] | 47M tok | ETA 102.8h
Step  11550 | loss 5.8743 | lr 3.00e-04 | grad 0.80 | 33.0k tok/s | cert -6.07→-6.24 | ticks [6.323 5.975 5.862 5.857] | 47M tok | ETA 102.8h
Step  11560 | loss 6.0011 | lr 3.00e-04 | grad 0.96 | 32.7k tok/s | cert -6.29→-6.50 | ticks [6.456 6.093 6.008 6.002] | 47M tok | ETA 102.8h
Step  11570 | loss 5.9337 | lr 3.00e-04 | grad 0.75 | 32.9k tok/s | cert -6.63→-6.28 | ticks [6.170 5.798 5.708 5.703] | 47M tok | ETA 102.8h
Step  11580 | loss 5.9039 | lr 3.00e-04 | grad 0.68 | 32.8k tok/s | cert -6.95→-6.30 | ticks [6.340 6.013 5.922 5.918] | 47M tok | ETA 102.8h
Step  11590 | loss 5.7870 | lr 3.00e-04 | grad 0.77 | 32.7k tok/s | cert -6.32→-5.97 | ticks [6.110 5.745 5.652 5.645] | 47M tok | ETA 102.8h
Step  11600 | loss 5.9237 | lr 3.00e-04 | grad 1.07 | 32.4k tok/s | cert -6.61→-6.05 | ticks [6.568 6.162 6.057 6.052] | 48M tok | ETA 102.8h
Step  11610 | loss 6.1973 | lr 3.00e-04 | grad 1.01 | 32.5k tok/s | cert -6.88→-6.18 | ticks [6.321 6.090 5.978 5.975] | 48M tok | ETA 102.8h
Step  11620 | loss 5.7950 | lr 3.00e-04 | grad 0.66 | 32.5k tok/s | cert -6.91→-6.09 | ticks [5.963 5.682 5.604 5.594] | 48M tok | ETA 102.8h
Step  11630 | loss 5.8639 | lr 3.00e-04 | grad 0.79 | 32.6k tok/s | cert -6.67→-6.04 | ticks [5.839 5.541 5.465 5.462] | 48M tok | ETA 102.7h
Step  11640 | loss 5.8340 | lr 3.00e-04 | grad 0.65 | 32.8k tok/s | cert -6.58→-5.99 | ticks [5.939 5.735 5.653 5.645] | 48M tok | ETA 102.7h
Step  11650 | loss 5.9906 | lr 3.00e-04 | grad 0.80 | 32.8k tok/s | cert -7.15→-6.60 | ticks [6.524 6.193 6.075 6.069] | 48M tok | ETA 102.7h
Step  11660 | loss 6.0398 | lr 3.00e-04 | grad 0.92 | 32.9k tok/s | cert -6.20→-6.25 | ticks [6.441 6.006 5.947 5.941] | 48M tok | ETA 102.7h
Step  11670 | loss 5.9637 | lr 3.00e-04 | grad 0.91 | 32.9k tok/s | cert -6.49→-6.27 | ticks [6.235 5.712 5.588 5.578] | 48M tok | ETA 102.7h
Step  11680 | loss 6.0518 | lr 3.00e-04 | grad 0.88 | 32.8k tok/s | cert -7.10→-6.34 | ticks [6.434 6.088 6.001 5.992] | 48M tok | ETA 102.7h
Step  11690 | loss 6.0241 | lr 3.00e-04 | grad 0.78 | 32.7k tok/s | cert -7.01→-6.38 | ticks [6.428 5.974 5.855 5.847] | 48M tok | ETA 102.7h
Step  11700 | loss 6.0358 | lr 3.00e-04 | grad 1.27 | 32.8k tok/s | cert -6.58→-6.69 | ticks [6.521 6.099 6.007 6.000] | 48M tok | ETA 102.7h
Step  11710 | loss 5.9596 | lr 3.00e-04 | grad 0.95 | 32.7k tok/s | cert -6.85→-6.47 | ticks [6.416 6.061 5.995 5.987] | 48M tok | ETA 102.7h
Step  11720 | loss 6.0101 | lr 3.00e-04 | grad 0.85 | 32.7k tok/s | cert -7.24→-6.28 | ticks [6.454 6.229 6.109 6.101] | 48M tok | ETA 102.7h
Step  11730 | loss 5.9975 | lr 3.00e-04 | grad 1.18 | 32.7k tok/s | cert -6.97→-6.66 | ticks [6.438 6.154 6.072 6.064] | 48M tok | ETA 102.7h
Step  11740 | loss 6.0004 | lr 3.00e-04 | grad 1.02 | 32.9k tok/s | cert -6.56→-6.41 | ticks [6.362 6.064 5.971 5.958] | 48M tok | ETA 102.7h
Step  11750 | loss 5.9002 | lr 3.00e-04 | grad 0.76 | 32.9k tok/s | cert -6.50→-6.19 | ticks [6.076 5.655 5.517 5.514] | 48M tok | ETA 102.7h
Step  11760 | loss 6.0460 | lr 3.00e-04 | grad 0.75 | 32.7k tok/s | cert -6.47→-6.22 | ticks [6.207 5.971 5.881 5.873] | 48M tok | ETA 102.7h
Step  11770 | loss 6.0940 | lr 3.00e-04 | grad 0.92 | 32.9k tok/s | cert -7.13→-6.08 | ticks [5.882 5.636 5.573 5.569] | 48M tok | ETA 102.7h
Step  11780 | loss 6.0519 | lr 3.00e-04 | grad 0.68 | 32.6k tok/s | cert -6.88→-6.24 | ticks [6.245 5.999 5.873 5.864] | 48M tok | ETA 102.7h
Step  11790 | loss 5.9363 | lr 3.00e-04 | grad 1.27 | 32.7k tok/s | cert -6.10→-6.29 | ticks [6.685 6.177 6.078 6.074] | 48M tok | ETA 102.7h
Step  11800 | loss 5.9552 | lr 3.00e-04 | grad 0.64 | 32.7k tok/s | cert -6.71→-6.30 | ticks [6.500 6.141 6.021 6.010] | 48M tok | ETA 102.7h
Step  11810 | loss 5.8601 | lr 3.00e-04 | grad 1.00 | 32.8k tok/s | cert -6.92→-5.83 | ticks [5.930 5.621 5.565 5.563] | 48M tok | ETA 102.7h
Step  11820 | loss 5.8698 | lr 3.00e-04 | grad 1.02 | 32.8k tok/s | cert -6.29→-6.21 | ticks [6.187 5.850 5.757 5.749] | 48M tok | ETA 102.7h
Step  11830 | loss 6.1219 | lr 3.00e-04 | grad 0.85 | 32.8k tok/s | cert -7.08→-6.19 | ticks [6.337 6.048 5.925 5.918] | 48M tok | ETA 102.7h
Step  11840 | loss 5.8625 | lr 3.00e-04 | grad 0.66 | 32.9k tok/s | cert -6.01→-6.25 | ticks [6.350 5.882 5.753 5.743] | 49M tok | ETA 102.7h
Step  11850 | loss 6.0747 | lr 3.00e-04 | grad 0.95 | 32.7k tok/s | cert -6.53→-6.31 | ticks [6.517 6.083 5.999 5.994] | 49M tok | ETA 102.7h
Step  11860 | loss 5.7809 | lr 3.00e-04 | grad 1.12 | 32.6k tok/s | cert -6.18→-6.40 | ticks [6.321 5.965 5.873 5.869] | 49M tok | ETA 102.7h
Step  11870 | loss 5.9334 | lr 3.00e-04 | grad 1.09 | 32.4k tok/s | cert -7.54→-6.73 | ticks [6.493 6.156 6.067 6.063] | 49M tok | ETA 102.7h
Step  11880 | loss 5.9761 | lr 3.00e-04 | grad 1.02 | 32.9k tok/s | cert -6.79→-6.28 | ticks [6.474 6.274 6.171 6.165] | 49M tok | ETA 102.7h
Step  11890 | loss 6.1441 | lr 3.00e-04 | grad 0.74 | 32.6k tok/s | cert -6.70→-6.28 | ticks [6.122 5.796 5.710 5.701] | 49M tok | ETA 102.7h
Step  11900 | loss 6.1512 | lr 3.00e-04 | grad 0.75 | 32.7k tok/s | cert -7.08→-6.28 | ticks [6.224 6.047 5.863 5.851] | 49M tok | ETA 102.7h
Step  11910 | loss 6.1154 | lr 3.00e-04 | grad 0.84 | 33.1k tok/s | cert -5.99→-6.10 | ticks [6.164 5.697 5.575 5.569] | 49M tok | ETA 102.7h
Step  11920 | loss 6.1262 | lr 3.00e-04 | grad 0.80 | 32.9k tok/s | cert -7.49→-6.47 | ticks [6.536 6.255 6.163 6.159] | 49M tok | ETA 102.7h
Step  11930 | loss 5.8764 | lr 3.00e-04 | grad 0.95 | 33.0k tok/s | cert -6.36→-6.58 | ticks [6.663 6.173 6.107 6.095] | 49M tok | ETA 102.7h
Step  11940 | loss 5.8825 | lr 3.00e-04 | grad 0.81 | 32.8k tok/s | cert -6.51→-6.06 | ticks [6.061 5.625 5.475 5.462] | 49M tok | ETA 102.6h
Step  11950 | loss 5.9384 | lr 3.00e-04 | grad 0.71 | 33.0k tok/s | cert -6.08→-6.00 | ticks [6.405 5.867 5.767 5.762] | 49M tok | ETA 102.6h
Step  11960 | loss 5.9458 | lr 3.00e-04 | grad 1.00 | 32.8k tok/s | cert -6.31→-6.36 | ticks [6.611 6.269 6.157 6.149] | 49M tok | ETA 102.6h
Step  11970 | loss 6.1086 | lr 3.00e-04 | grad 0.70 | 32.7k tok/s | cert -6.49→-6.34 | ticks [6.398 6.143 6.021 6.012] | 49M tok | ETA 102.6h
Step  11980 | loss 5.7789 | lr 3.00e-04 | grad 0.79 | 33.0k tok/s | cert -5.35→-5.85 | ticks [6.118 5.683 5.513 5.504] | 49M tok | ETA 102.6h
Step  11990 | loss 5.9524 | lr 3.00e-04 | grad 0.99 | 32.8k tok/s | cert -6.16→-5.89 | ticks [6.019 5.636 5.527 5.516] | 49M tok | ETA 102.6h
Step  12000 | loss 6.1282 | lr 3.00e-04 | grad 0.73 | 32.7k tok/s | cert -6.84→-6.15 | ticks [6.277 6.031 5.879 5.870] | 49M tok | ETA 102.6h
Step  12010 | loss 5.9602 | lr 3.00e-04 | grad 0.71 | 32.9k tok/s | cert -6.80→-6.26 | ticks [6.302 5.878 5.736 5.728] | 49M tok | ETA 102.6h
Step  12020 | loss 5.9036 | lr 3.00e-04 | grad 1.12 | 32.6k tok/s | cert -7.00→-6.21 | ticks [6.377 6.212 6.116 6.107] | 49M tok | ETA 102.6h
Step  12030 | loss 6.1048 | lr 3.00e-04 | grad 0.76 | 33.0k tok/s | cert -6.93→-6.20 | ticks [6.371 6.058 5.928 5.921] | 49M tok | ETA 102.6h
Step  12040 | loss 6.0352 | lr 3.00e-04 | grad 1.45 | 32.6k tok/s | cert -7.49→-6.62 | ticks [6.732 6.479 6.403 6.391] | 49M tok | ETA 102.6h
Step  12050 | loss 6.1722 | lr 3.00e-04 | grad 0.90 | 33.0k tok/s | cert -7.64→-6.51 | ticks [6.688 6.532 6.363 6.357] | 49M tok | ETA 102.6h
Step  12060 | loss 6.0168 | lr 3.00e-04 | grad 0.93 | 33.0k tok/s | cert -7.19→-6.33 | ticks [6.077 5.777 5.686 5.680] | 49M tok | ETA 102.6h
Step  12070 | loss 6.0879 | lr 3.00e-04 | grad 1.42 | 32.9k tok/s | cert -6.92→-7.09 | ticks [6.832 6.542 6.453 6.438] | 49M tok | ETA 102.6h
Step  12080 | loss 5.9282 | lr 3.00e-04 | grad 0.70 | 33.1k tok/s | cert -5.66→-5.99 | ticks [6.190 5.736 5.601 5.591] | 49M tok | ETA 102.6h
Step  12090 | loss 5.9955 | lr 3.00e-04 | grad 0.79 | 32.9k tok/s | cert -6.69→-6.15 | ticks [6.223 5.988 5.878 5.864] | 50M tok | ETA 102.6h
Step  12100 | loss 5.9251 | lr 3.00e-04 | grad 6.50 | 32.8k tok/s | cert -8.92→-8.41 | ticks [8.050 7.872 7.773 7.802] | 50M tok | ETA 102.6h
Step  12110 | loss 5.8716 | lr 3.00e-04 | grad 0.90 | 32.7k tok/s | cert -7.22→-6.64 | ticks [6.619 6.357 6.297 6.287] | 50M tok | ETA 102.6h
Step  12120 | loss 6.1260 | lr 3.00e-04 | grad 0.80 | 32.8k tok/s | cert -7.25→-6.48 | ticks [6.331 6.015 5.887 5.871] | 50M tok | ETA 102.6h
Step  12130 | loss 5.7992 | lr 3.00e-04 | grad 0.75 | 32.8k tok/s | cert -7.01→-6.21 | ticks [6.367 5.987 5.865 5.857] | 50M tok | ETA 102.6h
Step  12140 | loss 5.9104 | lr 3.00e-04 | grad 0.70 | 33.0k tok/s | cert -6.28→-6.00 | ticks [6.235 5.742 5.658 5.651] | 50M tok | ETA 102.6h
Step  12150 | loss 5.8329 | lr 3.00e-04 | grad 0.89 | 32.6k tok/s | cert -6.31→-6.28 | ticks [6.364 5.907 5.838 5.833] | 50M tok | ETA 102.6h
Step  12160 | loss 5.5534 | lr 3.00e-04 | grad 0.85 | 32.8k tok/s | cert -6.57→-6.08 | ticks [6.337 5.967 5.878 5.872] | 50M tok | ETA 102.6h
Step  12170 | loss 6.0218 | lr 3.00e-04 | grad 0.90 | 32.9k tok/s | cert -7.02→-6.40 | ticks [6.358 6.013 5.944 5.935] | 50M tok | ETA 102.6h
Step  12180 | loss 5.9771 | lr 3.00e-04 | grad 0.87 | 33.2k tok/s | cert -7.11→-6.62 | ticks [6.509 6.257 6.162 6.156] | 50M tok | ETA 102.6h
Step  12190 | loss 5.9545 | lr 3.00e-04 | grad 0.71 | 32.9k tok/s | cert -6.30→-6.25 | ticks [6.290 5.860 5.756 5.753] | 50M tok | ETA 102.6h
Step  12200 | loss 5.9020 | lr 3.00e-04 | grad 0.64 | 32.9k tok/s | cert -6.48→-6.11 | ticks [6.231 5.918 5.768 5.763] | 50M tok | ETA 102.6h
Step  12210 | loss 6.0296 | lr 3.00e-04 | grad 0.74 | 33.0k tok/s | cert -6.10→-6.25 | ticks [6.443 5.971 5.915 5.910] | 50M tok | ETA 102.6h
Step  12220 | loss 5.9348 | lr 3.00e-04 | grad 0.97 | 32.7k tok/s | cert -6.65→-6.19 | ticks [6.372 6.117 5.999 5.994] | 50M tok | ETA 102.6h
Step  12230 | loss 5.9022 | lr 3.00e-04 | grad 0.75 | 32.7k tok/s | cert -6.46→-6.29 | ticks [6.308 5.958 5.834 5.822] | 50M tok | ETA 102.6h
Step  12240 | loss 5.9667 | lr 3.00e-04 | grad 0.93 | 32.6k tok/s | cert -7.05→-6.35 | ticks [6.226 5.930 5.863 5.857] | 50M tok | ETA 102.6h
Step  12250 | loss 5.9948 | lr 3.00e-04 | grad 0.91 | 32.8k tok/s | cert -5.91→-6.17 | ticks [6.456 5.920 5.777 5.771] | 50M tok | ETA 102.6h
Step  12260 | loss 5.9606 | lr 3.00e-04 | grad 0.92 | 32.6k tok/s | cert -6.95→-6.42 | ticks [6.130 5.908 5.786 5.778] | 50M tok | ETA 102.5h
Step  12270 | loss 5.9419 | lr 3.00e-04 | grad 0.84 | 32.9k tok/s | cert -5.99→-6.10 | ticks [6.154 5.853 5.701 5.691] | 50M tok | ETA 102.5h
Step  12280 | loss 5.9533 | lr 3.00e-04 | grad 0.87 | 33.1k tok/s | cert -6.31→-6.20 | ticks [6.322 6.043 5.930 5.925] | 50M tok | ETA 102.5h
Step  12290 | loss 5.9411 | lr 3.00e-04 | grad 0.83 | 32.8k tok/s | cert -6.42→-6.20 | ticks [6.435 6.126 6.013 6.009] | 50M tok | ETA 102.5h
Step  12300 | loss 5.8214 | lr 3.00e-04 | grad 0.75 | 32.7k tok/s | cert -6.51→-6.53 | ticks [6.587 6.319 6.162 6.152] | 50M tok | ETA 102.5h
Step  12310 | loss 6.0336 | lr 3.00e-04 | grad 0.76 | 32.7k tok/s | cert -6.41→-6.28 | ticks [6.344 5.944 5.807 5.803] | 50M tok | ETA 102.5h
Step  12320 | loss 6.0551 | lr 3.00e-04 | grad 0.69 | 32.7k tok/s | cert -6.49→-6.12 | ticks [6.326 5.821 5.718 5.709] | 50M tok | ETA 102.5h
Step  12330 | loss 6.2634 | lr 3.00e-04 | grad 1.55 | 32.7k tok/s | cert -7.78→-7.52 | ticks [6.739 6.576 6.415 6.409] | 51M tok | ETA 102.5h
Step  12340 | loss 6.0427 | lr 3.00e-04 | grad 1.02 | 33.1k tok/s | cert -6.55→-5.88 | ticks [6.087 5.808 5.701 5.693] | 51M tok | ETA 102.5h
Step  12350 | loss 5.8557 | lr 3.00e-04 | grad 1.06 | 32.8k tok/s | cert -6.48→-5.70 | ticks [5.834 5.633 5.542 5.533] | 51M tok | ETA 102.5h
Step  12360 | loss 5.9714 | lr 3.00e-04 | grad 0.99 | 32.6k tok/s | cert -7.24→-6.93 | ticks [6.919 6.692 6.636 6.627] | 51M tok | ETA 102.5h
Step  12370 | loss 6.1062 | lr 3.00e-04 | grad 0.89 | 32.8k tok/s | cert -7.49→-6.61 | ticks [6.485 6.223 6.139 6.129] | 51M tok | ETA 102.5h
Step  12380 | loss 5.9132 | lr 3.00e-04 | grad 0.68 | 32.8k tok/s | cert -7.05→-6.34 | ticks [6.338 6.106 5.987 5.982] | 51M tok | ETA 102.5h
Step  12390 | loss 6.1023 | lr 3.00e-04 | grad 0.89 | 32.6k tok/s | cert -7.31→-6.37 | ticks [6.294 6.105 6.018 6.006] | 51M tok | ETA 102.5h
Step  12400 | loss 5.9876 | lr 3.00e-04 | grad 0.78 | 32.7k tok/s | cert -6.60→-6.20 | ticks [6.157 5.841 5.751 5.744] | 51M tok | ETA 102.5h
Step  12410 | loss 5.9420 | lr 3.00e-04 | grad 0.75 | 32.7k tok/s | cert -7.39→-6.34 | ticks [6.230 5.999 5.926 5.922] | 51M tok | ETA 102.5h
Step  12420 | loss 6.1162 | lr 3.00e-04 | grad 0.76 | 33.0k tok/s | cert -7.74→-6.71 | ticks [6.691 6.353 6.275 6.265] | 51M tok | ETA 102.5h
Step  12430 | loss 6.0325 | lr 3.00e-04 | grad 0.88 | 32.5k tok/s | cert -7.57→-6.57 | ticks [6.557 6.268 6.197 6.185] | 51M tok | ETA 102.5h
Step  12440 | loss 6.0644 | lr 3.00e-04 | grad 1.12 | 32.6k tok/s | cert -7.12→-6.61 | ticks [6.465 6.187 6.097 6.088] | 51M tok | ETA 102.5h
Step  12450 | loss 6.1177 | lr 3.00e-04 | grad 0.73 | 32.9k tok/s | cert -7.05→-6.59 | ticks [6.650 6.409 6.302 6.292] | 51M tok | ETA 102.5h
Step  12460 | loss 6.2287 | lr 3.00e-04 | grad 0.90 | 32.6k tok/s | cert -7.01→-6.75 | ticks [6.592 6.397 6.265 6.247] | 51M tok | ETA 102.5h
Step  12470 | loss 6.1005 | lr 3.00e-04 | grad 0.75 | 32.9k tok/s | cert -6.42→-6.26 | ticks [6.429 6.067 5.949 5.941] | 51M tok | ETA 102.5h
Step  12480 | loss 5.9993 | lr 3.00e-04 | grad 0.78 | 32.9k tok/s | cert -5.65→-6.30 | ticks [6.472 5.966 5.870 5.865] | 51M tok | ETA 102.5h
Step  12490 | loss 6.1061 | lr 3.00e-04 | grad 0.84 | 32.8k tok/s | cert -6.63→-6.35 | ticks [6.260 6.012 5.873 5.872] | 51M tok | ETA 102.5h
Step  12500 | loss 6.0577 | lr 3.00e-04 | grad 2.03 | 32.6k tok/s | cert -7.27→-6.55 | ticks [6.788 6.662 6.589 6.580] | 51M tok | ETA 102.5h
Step  12510 | loss 6.0394 | lr 3.00e-04 | grad 0.84 | 33.0k tok/s | cert -6.91→-6.45 | ticks [6.175 6.001 5.842 5.826] | 51M tok | ETA 102.5h
Step  12520 | loss 5.9087 | lr 3.00e-04 | grad 0.88 | 32.8k tok/s | cert -6.94→-6.24 | ticks [6.469 6.196 6.074 6.066] | 51M tok | ETA 102.5h
Step  12530 | loss 6.0444 | lr 3.00e-04 | grad 0.85 | 32.7k tok/s | cert -7.39→-6.53 | ticks [6.260 5.975 5.885 5.880] | 51M tok | ETA 102.5h
Step  12540 | loss 6.0507 | lr 3.00e-04 | grad 0.85 | 32.7k tok/s | cert -6.56→-6.26 | ticks [6.552 6.192 6.102 6.091] | 51M tok | ETA 102.5h
Step  12550 | loss 6.0214 | lr 3.00e-04 | grad 1.20 | 32.7k tok/s | cert -7.88→-7.10 | ticks [6.939 6.547 6.443 6.431] | 51M tok | ETA 102.5h
Step  12560 | loss 5.9994 | lr 3.00e-04 | grad 0.69 | 32.7k tok/s | cert -7.13→-6.36 | ticks [6.379 6.067 5.989 5.980] | 51M tok | ETA 102.5h
Step  12570 | loss 6.0221 | lr 3.00e-04 | grad 0.78 | 32.6k tok/s | cert -6.93→-6.49 | ticks [6.412 6.151 6.035 6.026] | 51M tok | ETA 102.5h
Step  12580 | loss 6.0124 | lr 3.00e-04 | grad 1.15 | 32.9k tok/s | cert -6.47→-6.17 | ticks [5.969 5.627 5.517 5.507] | 52M tok | ETA 102.5h
Step  12590 | loss 5.8391 | lr 3.00e-04 | grad 0.88 | 32.7k tok/s | cert -7.00→-6.16 | ticks [6.026 5.711 5.613 5.601] | 52M tok | ETA 102.5h
Step  12600 | loss 5.8890 | lr 3.00e-04 | grad 0.98 | 32.8k tok/s | cert -7.27→-6.71 | ticks [6.428 6.085 5.956 5.949] | 52M tok | ETA 102.5h
Step  12610 | loss 5.9880 | lr 3.00e-04 | grad 0.96 | 32.7k tok/s | cert -6.58→-6.66 | ticks [6.464 6.025 5.914 5.903] | 52M tok | ETA 102.4h
Step  12620 | loss 5.9852 | lr 3.00e-04 | grad 0.68 | 32.8k tok/s | cert -7.45→-6.31 | ticks [6.421 6.116 6.013 6.007] | 52M tok | ETA 102.4h
Step  12630 | loss 6.0049 | lr 3.00e-04 | grad 0.67 | 32.4k tok/s | cert -6.06→-6.27 | ticks [6.482 6.046 5.932 5.925] | 52M tok | ETA 102.4h
Step  12640 | loss 6.1061 | lr 3.00e-04 | grad 0.89 | 32.7k tok/s | cert -7.71→-6.65 | ticks [6.426 6.099 6.038 6.026] | 52M tok | ETA 102.4h
Step  12650 | loss 5.9325 | lr 3.00e-04 | grad 1.27 | 32.7k tok/s | cert -7.01→-7.04 | ticks [6.651 6.424 6.351 6.341] | 52M tok | ETA 102.4h
Step  12660 | loss 6.0720 | lr 3.00e-04 | grad 0.66 | 32.5k tok/s | cert -6.93→-6.12 | ticks [6.124 5.902 5.791 5.784] | 52M tok | ETA 102.4h
Step  12670 | loss 5.9986 | lr 3.00e-04 | grad 0.80 | 32.4k tok/s | cert -6.19→-6.16 | ticks [6.486 6.124 6.022 6.015] | 52M tok | ETA 102.4h
Step  12680 | loss 6.1461 | lr 3.00e-04 | grad 1.02 | 32.8k tok/s | cert -7.15→-6.64 | ticks [6.432 6.101 6.018 6.011] | 52M tok | ETA 102.4h
Step  12690 | loss 6.1839 | lr 3.00e-04 | grad 1.58 | 32.9k tok/s | cert -7.64→-6.81 | ticks [6.681 6.404 6.293 6.283] | 52M tok | ETA 102.4h
Step  12700 | loss 6.0241 | lr 3.00e-04 | grad 0.85 | 32.3k tok/s | cert -7.21→-6.46 | ticks [6.465 6.156 6.032 6.027] | 52M tok | ETA 102.4h
Step  12710 | loss 6.0057 | lr 3.00e-04 | grad 1.32 | 32.7k tok/s | cert -5.98→-6.09 | ticks [6.629 6.330 6.228 6.224] | 52M tok | ETA 102.4h
Step  12720 | loss 6.0474 | lr 3.00e-04 | grad 0.72 | 32.8k tok/s | cert -6.68→-6.46 | ticks [6.404 6.115 6.021 6.014] | 52M tok | ETA 102.4h
Step  12730 | loss 6.1268 | lr 3.00e-04 | grad 0.80 | 33.0k tok/s | cert -6.90→-6.52 | ticks [6.444 6.142 6.000 5.992] | 52M tok | ETA 102.4h
Step  12740 | loss 6.0073 | lr 3.00e-04 | grad 0.73 | 32.8k tok/s | cert -5.81→-6.31 | ticks [6.552 6.027 5.885 5.876] | 52M tok | ETA 102.4h
Step  12750 | loss 6.0405 | lr 3.00e-04 | grad 0.95 | 32.9k tok/s | cert -7.67→-6.57 | ticks [6.509 6.218 6.115 6.109] | 52M tok | ETA 102.4h
Step  12760 | loss 6.0803 | lr 3.00e-04 | grad 0.70 | 32.5k tok/s | cert -7.07→-6.36 | ticks [6.527 6.157 6.042 6.033] | 52M tok | ETA 102.4h
Step  12770 | loss 6.0915 | lr 3.00e-04 | grad 0.76 | 32.7k tok/s | cert -7.04→-6.51 | ticks [6.498 6.211 6.125 6.111] | 52M tok | ETA 102.4h
Step  12780 | loss 6.0554 | lr 3.00e-04 | grad 1.08 | 32.3k tok/s | cert -7.29→-6.56 | ticks [6.262 5.998 5.963 5.957] | 52M tok | ETA 102.4h
Step  12790 | loss 6.0444 | lr 3.00e-04 | grad 0.88 | 32.5k tok/s | cert -5.25→-6.28 | ticks [6.835 6.236 6.183 6.173] | 52M tok | ETA 102.4h
Step  12800 | loss 6.1393 | lr 3.00e-04 | grad 0.92 | 32.6k tok/s | cert -7.01→-6.72 | ticks [6.872 6.443 6.361 6.356] | 52M tok | ETA 102.4h
Step  12810 | loss 5.8927 | lr 3.00e-04 | grad 1.03 | 32.5k tok/s | cert -6.88→-5.86 | ticks [5.870 5.597 5.449 5.442] | 52M tok | ETA 102.4h
Step  12820 | loss 5.9807 | lr 3.00e-04 | grad 0.70 | 32.8k tok/s | cert -7.11→-6.42 | ticks [6.475 6.166 6.048 6.041] | 53M tok | ETA 102.4h
Step  12830 | loss 6.1266 | lr 3.00e-04 | grad 0.77 | 32.8k tok/s | cert -7.02→-6.45 | ticks [6.577 6.238 6.155 6.147] | 53M tok | ETA 102.4h
Step  12840 | loss 5.8979 | lr 3.00e-04 | grad 0.84 | 32.6k tok/s | cert -6.88→-6.37 | ticks [6.466 6.259 6.147 6.141] | 53M tok | ETA 102.4h
Step  12850 | loss 5.9326 | lr 3.00e-04 | grad 1.00 | 32.2k tok/s | cert -6.50→-5.94 | ticks [6.081 5.791 5.659 5.648] | 53M tok | ETA 102.4h
Step  12860 | loss 5.9933 | lr 3.00e-04 | grad 0.79 | 32.6k tok/s | cert -7.19→-6.60 | ticks [6.509 6.148 6.044 6.033] | 53M tok | ETA 102.4h
Step  12870 | loss 5.9991 | lr 3.00e-04 | grad 1.00 | 32.4k tok/s | cert -6.35→-5.82 | ticks [6.077 5.707 5.639 5.633] | 53M tok | ETA 102.4h
Step  12880 | loss 5.8909 | lr 3.00e-04 | grad 0.76 | 32.9k tok/s | cert -7.76→-6.74 | ticks [6.538 6.315 6.116 6.105] | 53M tok | ETA 102.4h
Step  12890 | loss 5.8922 | lr 3.00e-04 | grad 0.80 | 32.8k tok/s | cert -7.25→-6.17 | ticks [6.190 5.884 5.757 5.746] | 53M tok | ETA 102.4h
Step  12900 | loss 5.9218 | lr 3.00e-04 | grad 0.93 | 33.1k tok/s | cert -6.77→-6.48 | ticks [6.381 6.072 5.992 5.978] | 53M tok | ETA 102.4h
Step  12910 | loss 5.8964 | lr 3.00e-04 | grad 0.84 | 32.9k tok/s | cert -7.25→-6.52 | ticks [6.559 6.341 6.229 6.222] | 53M tok | ETA 102.4h
Step  12920 | loss 6.0859 | lr 3.00e-04 | grad 0.99 | 32.9k tok/s | cert -7.47→-6.62 | ticks [6.595 6.344 6.254 6.248] | 53M tok | ETA 102.4h
Step  12930 | loss 5.9625 | lr 3.00e-04 | grad 0.84 | 32.9k tok/s | cert -7.29→-6.51 | ticks [6.221 5.993 5.821 5.805] | 53M tok | ETA 102.4h
Step  12940 | loss 6.0118 | lr 3.00e-04 | grad 0.65 | 32.6k tok/s | cert -7.19→-6.58 | ticks [6.601 6.240 6.112 6.108] | 53M tok | ETA 102.4h
Step  12950 | loss 6.1243 | lr 3.00e-04 | grad 0.77 | 32.7k tok/s | cert -7.99→-6.53 | ticks [6.548 6.252 6.099 6.087] | 53M tok | ETA 102.4h
Step  12960 | loss 6.1994 | lr 3.00e-04 | grad 0.68 | 32.7k tok/s | cert -7.25→-6.37 | ticks [6.406 6.102 5.995 5.987] | 53M tok | ETA 102.4h
Step  12970 | loss 6.0114 | lr 3.00e-04 | grad 1.14 | 32.6k tok/s | cert -7.13→-6.59 | ticks [6.417 6.114 6.009 5.997] | 53M tok | ETA 102.4h
Step  12980 | loss 5.8944 | lr 3.00e-04 | grad 0.75 | 32.7k tok/s | cert -6.68→-6.20 | ticks [6.362 5.923 5.833 5.828] | 53M tok | ETA 102.3h
Step  12990 | loss 6.0749 | lr 3.00e-04 | grad 0.74 | 32.7k tok/s | cert -7.74→-6.68 | ticks [6.681 6.405 6.281 6.271] | 53M tok | ETA 102.3h
Step  13000 | loss 6.0463 | lr 3.00e-04 | grad 0.86 | 32.8k tok/s | cert -8.07→-6.97 | ticks [6.848 6.509 6.448 6.440] | 53M tok | ETA 102.3h
Step  13010 | loss 5.9381 | lr 3.00e-04 | grad 0.73 | 32.8k tok/s | cert -6.96→-6.07 | ticks [6.127 5.932 5.815 5.805] | 53M tok | ETA 102.3h
Step  13020 | loss 5.8375 | lr 3.00e-04 | grad 0.84 | 32.8k tok/s | cert -7.59→-6.45 | ticks [6.595 6.307 6.219 6.211] | 53M tok | ETA 102.3h
Step  13030 | loss 5.9786 | lr 3.00e-04 | grad 0.80 | 32.7k tok/s | cert -7.21→-6.55 | ticks [6.523 6.146 5.975 5.959] | 53M tok | ETA 102.3h
Step  13040 | loss 6.0241 | lr 3.00e-04 | grad 0.76 | 32.6k tok/s | cert -7.77→-6.53 | ticks [6.563 6.198 6.104 6.093] | 53M tok | ETA 102.3h
Step  13050 | loss 6.1202 | lr 3.00e-04 | grad 0.70 | 32.2k tok/s | cert -7.39→-6.37 | ticks [6.317 6.062 5.921 5.912] | 53M tok | ETA 102.3h
Step  13060 | loss 6.0960 | lr 3.00e-04 | grad 0.84 | 32.8k tok/s | cert -7.79→-6.53 | ticks [6.446 6.136 5.930 5.925] | 53M tok | ETA 102.3h
Step  13070 | loss 6.0152 | lr 3.00e-04 | grad 0.95 | 32.4k tok/s | cert -7.48→-6.71 | ticks [6.584 6.306 6.197 6.187] | 54M tok | ETA 102.3h
Step  13080 | loss 5.8183 | lr 3.00e-04 | grad 0.79 | 32.8k tok/s | cert -7.43→-6.24 | ticks [6.377 6.002 5.871 5.865] | 54M tok | ETA 102.3h
Step  13090 | loss 6.0145 | lr 3.00e-04 | grad 0.78 | 32.7k tok/s | cert -6.21→-5.99 | ticks [6.325 5.952 5.861 5.858] | 54M tok | ETA 102.3h
Step  13100 | loss 5.9216 | lr 3.00e-04 | grad 0.64 | 32.9k tok/s | cert -6.65→-6.12 | ticks [6.389 5.961 5.899 5.888] | 54M tok | ETA 102.3h
Step  13110 | loss 5.7911 | lr 3.00e-04 | grad 0.68 | 32.7k tok/s | cert -6.58→-6.11 | ticks [6.254 5.892 5.781 5.768] | 54M tok | ETA 102.3h
Step  13120 | loss 6.1397 | lr 3.00e-04 | grad 0.88 | 32.7k tok/s | cert -7.53→-7.08 | ticks [7.009 6.760 6.650 6.647] | 54M tok | ETA 102.3h
Step  13130 | loss 5.9610 | lr 3.00e-04 | grad 0.93 | 33.1k tok/s | cert -7.12→-5.99 | ticks [5.988 5.723 5.656 5.647] | 54M tok | ETA 102.3h
Step  13140 | loss 5.9701 | lr 3.00e-04 | grad 0.79 | 32.5k tok/s | cert -6.87→-6.46 | ticks [6.565 6.191 6.078 6.073] | 54M tok | ETA 102.3h
Step  13150 | loss 6.0219 | lr 3.00e-04 | grad 0.91 | 32.8k tok/s | cert -7.26→-6.77 | ticks [6.964 6.589 6.502 6.496] | 54M tok | ETA 102.3h
Step  13160 | loss 6.1976 | lr 3.00e-04 | grad 0.76 | 32.7k tok/s | cert -7.24→-6.57 | ticks [6.475 6.256 6.121 6.114] | 54M tok | ETA 102.3h
Step  13170 | loss 6.0383 | lr 3.00e-04 | grad 1.24 | 32.7k tok/s | cert -7.69→-6.38 | ticks [6.587 6.375 6.284 6.279] | 54M tok | ETA 102.3h
Step  13180 | loss 6.0477 | lr 3.00e-04 | grad 1.23 | 32.8k tok/s | cert -7.70→-6.85 | ticks [6.455 6.189 6.088 6.081] | 54M tok | ETA 102.3h
Step  13190 | loss 5.9572 | lr 3.00e-04 | grad 0.83 | 32.8k tok/s | cert -7.02→-6.07 | ticks [6.208 5.979 5.934 5.932] | 54M tok | ETA 102.3h
Step  13200 | loss 5.9268 | lr 3.00e-04 | grad 0.81 | 32.9k tok/s | cert -6.98→-6.17 | ticks [6.345 6.083 5.948 5.937] | 54M tok | ETA 102.3h
Step  13210 | loss 5.9767 | lr 3.00e-04 | grad 0.91 | 32.6k tok/s | cert -6.28→-6.38 | ticks [6.719 6.175 6.029 6.025] | 54M tok | ETA 102.3h
Step  13220 | loss 5.7634 | lr 3.00e-04 | grad 0.86 | 32.7k tok/s | cert -7.32→-6.29 | ticks [6.553 6.269 6.178 6.174] | 54M tok | ETA 102.3h
Step  13230 | loss 5.7387 | lr 3.00e-04 | grad 0.75 | 32.7k tok/s | cert -6.82→-6.55 | ticks [6.711 6.360 6.257 6.245] | 54M tok | ETA 102.3h
Step  13240 | loss 5.5691 | lr 3.00e-04 | grad 1.01 | 32.6k tok/s | cert -6.60→-6.06 | ticks [6.185 5.751 5.704 5.699] | 54M tok | ETA 102.3h
Step  13250 | loss 5.9347 | lr 3.00e-04 | grad 0.71 | 33.0k tok/s | cert -7.32→-6.17 | ticks [6.152 5.866 5.709 5.700] | 54M tok | ETA 102.3h
Step  13260 | loss 6.0232 | lr 3.00e-04 | grad 0.83 | 32.8k tok/s | cert -7.34→-6.44 | ticks [6.562 6.291 6.212 6.204] | 54M tok | ETA 102.3h
Step  13270 | loss 6.1355 | lr 3.00e-04 | grad 1.14 | 32.9k tok/s | cert -7.51→-6.67 | ticks [6.744 6.429 6.369 6.362] | 54M tok | ETA 102.3h
Step  13280 | loss 5.9719 | lr 3.00e-04 | grad 0.86 | 32.7k tok/s | cert -6.88→-6.24 | ticks [6.390 6.097 5.968 5.957] | 54M tok | ETA 102.3h
Step  13290 | loss 6.0018 | lr 3.00e-04 | grad 0.89 | 32.7k tok/s | cert -6.26→-6.06 | ticks [6.453 6.077 5.968 5.955] | 54M tok | ETA 102.3h
Step  13300 | loss 6.0839 | lr 3.00e-04 | grad 0.85 | 33.0k tok/s | cert -6.71→-6.18 | ticks [6.531 6.179 6.032 6.027] | 54M tok | ETA 102.3h
Step  13310 | loss 6.0156 | lr 3.00e-04 | grad 0.90 | 32.5k tok/s | cert -7.36→-6.81 | ticks [6.683 6.314 6.203 6.198] | 55M tok | ETA 102.3h
Step  13320 | loss 5.9581 | lr 3.00e-04 | grad 0.68 | 32.9k tok/s | cert -6.71→-6.12 | ticks [6.352 5.883 5.781 5.779] | 55M tok | ETA 102.3h
Step  13330 | loss 6.1012 | lr 3.00e-04 | grad 0.75 | 32.8k tok/s | cert -7.48→-6.63 | ticks [6.592 6.283 6.199 6.194] | 55M tok | ETA 102.3h
Step  13340 | loss 6.0153 | lr 3.00e-04 | grad 0.71 | 32.8k tok/s | cert -7.54→-6.43 | ticks [6.489 6.154 6.050 6.044] | 55M tok | ETA 102.3h
Step  13350 | loss 6.3223 | lr 3.00e-04 | grad 0.79 | 32.7k tok/s | cert -7.28→-6.42 | ticks [6.455 6.187 6.025 6.017] | 55M tok | ETA 102.3h
Step  13360 | loss 6.0493 | lr 3.00e-04 | grad 0.67 | 33.1k tok/s | cert -6.91→-6.37 | ticks [6.472 6.168 6.047 6.041] | 55M tok | ETA 102.3h
Step  13370 | loss 5.9413 | lr 3.00e-04 | grad 0.93 | 32.9k tok/s | cert -6.82→-6.21 | ticks [6.528 6.160 6.038 6.028] | 55M tok | ETA 102.2h
Step  13380 | loss 5.9451 | lr 3.00e-04 | grad 0.95 | 32.8k tok/s | cert -8.06→-6.86 | ticks [6.803 6.528 6.385 6.377] | 55M tok | ETA 102.2h
Step  13390 | loss 6.0524 | lr 3.00e-04 | grad 0.73 | 32.6k tok/s | cert -6.67→-6.24 | ticks [6.473 6.179 6.041 6.029] | 55M tok | ETA 102.2h
Step  13400 | loss 6.0503 | lr 3.00e-04 | grad 0.71 | 32.5k tok/s | cert -6.80→-6.34 | ticks [6.409 6.141 6.051 6.042] | 55M tok | ETA 102.2h
Step  13410 | loss 6.1007 | lr 3.00e-04 | grad 0.84 | 32.9k tok/s | cert -7.26→-6.63 | ticks [6.567 6.355 6.219 6.211] | 55M tok | ETA 102.2h
Step  13420 | loss 5.9510 | lr 3.00e-04 | grad 0.77 | 32.7k tok/s | cert -7.46→-6.55 | ticks [6.581 6.294 6.186 6.182] | 55M tok | ETA 102.2h
Step  13430 | loss 6.0658 | lr 3.00e-04 | grad 1.09 | 32.7k tok/s | cert -6.95→-6.17 | ticks [6.509 6.154 6.068 6.064] | 55M tok | ETA 102.2h
Step  13440 | loss 5.8990 | lr 3.00e-04 | grad 1.07 | 32.5k tok/s | cert -6.98→-6.23 | ticks [6.393 6.063 5.961 5.955] | 55M tok | ETA 102.2h
Step  13450 | loss 6.0410 | lr 3.00e-04 | grad 0.95 | 32.5k tok/s | cert -7.23→-6.42 | ticks [6.419 6.206 6.082 6.074] | 55M tok | ETA 102.2h
Step  13460 | loss 6.0438 | lr 3.00e-04 | grad 0.79 | 32.6k tok/s | cert -6.40→-6.08 | ticks [6.199 5.898 5.827 5.821] | 55M tok | ETA 102.2h
Step  13470 | loss 5.9192 | lr 3.00e-04 | grad 0.78 | 33.0k tok/s | cert -6.05→-6.13 | ticks [6.439 5.950 5.861 5.853] | 55M tok | ETA 102.2h
Step  13480 | loss 6.0104 | lr 3.00e-04 | grad 0.85 | 32.6k tok/s | cert -6.42→-6.32 | ticks [6.425 6.079 5.935 5.928] | 55M tok | ETA 102.2h
Step  13490 | loss 6.1640 | lr 3.00e-04 | grad 0.80 | 33.0k tok/s | cert -6.97→-6.82 | ticks [6.767 6.353 6.223 6.218] | 55M tok | ETA 102.2h
Step  13500 | loss 5.8713 | lr 3.00e-04 | grad 0.88 | 32.5k tok/s | cert -7.15→-6.63 | ticks [6.593 6.318 6.218 6.211] | 55M tok | ETA 102.2h
Step  13510 | loss 5.9361 | lr 3.00e-04 | grad 0.88 | 32.8k tok/s | cert -6.65→-6.37 | ticks [6.391 6.005 5.894 5.887] | 55M tok | ETA 102.2h
Step  13520 | loss 6.0597 | lr 3.00e-04 | grad 0.83 | 32.7k tok/s | cert -7.19→-6.63 | ticks [6.589 6.244 6.090 6.082] | 55M tok | ETA 102.2h
Step  13530 | loss 6.0409 | lr 3.00e-04 | grad 0.73 | 32.7k tok/s | cert -6.68→-6.34 | ticks [6.265 5.925 5.770 5.761] | 55M tok | ETA 102.2h
Step  13540 | loss 5.9492 | lr 3.00e-04 | grad 0.80 | 32.8k tok/s | cert -7.37→-6.50 | ticks [6.683 6.376 6.247 6.237] | 55M tok | ETA 102.2h
Step  13550 | loss 5.9272 | lr 3.00e-04 | grad 0.91 | 32.5k tok/s | cert -6.45→-6.09 | ticks [6.381 5.933 5.844 5.841] | 56M tok | ETA 102.2h
Step  13560 | loss 5.9318 | lr 3.00e-04 | grad 0.71 | 32.8k tok/s | cert -6.66→-6.50 | ticks [6.479 6.062 5.918 5.904] | 56M tok | ETA 102.2h
Step  13570 | loss 6.1958 | lr 3.00e-04 | grad 1.14 | 33.0k tok/s | cert -6.67→-6.01 | ticks [6.509 6.131 5.980 5.973] | 56M tok | ETA 102.2h
Step  13580 | loss 5.9812 | lr 3.00e-04 | grad 1.13 | 32.9k tok/s | cert -7.40→-6.55 | ticks [6.636 6.519 6.360 6.352] | 56M tok | ETA 102.2h
Step  13590 | loss 6.0930 | lr 3.00e-04 | grad 1.09 | 32.9k tok/s | cert -7.42→-7.07 | ticks [6.600 6.347 6.139 6.122] | 56M tok | ETA 102.2h
Step  13600 | loss 6.0035 | lr 3.00e-04 | grad 0.76 | 33.0k tok/s | cert -7.82→-6.49 | ticks [6.472 6.158 6.051 6.044] | 56M tok | ETA 102.2h
Step  13610 | loss 5.9177 | lr 3.00e-04 | grad 1.06 | 32.8k tok/s | cert -7.82→-6.72 | ticks [6.941 6.638 6.508 6.499] | 56M tok | ETA 102.2h
Step  13620 | loss 5.8870 | lr 3.00e-04 | grad 0.68 | 32.7k tok/s | cert -7.27→-6.28 | ticks [6.373 6.129 5.969 5.962] | 56M tok | ETA 102.2h
Step  13630 | loss 6.1467 | lr 3.00e-04 | grad 1.05 | 32.8k tok/s | cert -7.95→-7.09 | ticks [6.931 6.662 6.601 6.591] | 56M tok | ETA 102.2h
Step  13640 | loss 5.9859 | lr 3.00e-04 | grad 0.69 | 32.7k tok/s | cert -6.80→-6.53 | ticks [6.642 6.179 6.077 6.072] | 56M tok | ETA 102.2h
Step  13650 | loss 5.9246 | lr 3.00e-04 | grad 1.52 | 32.7k tok/s | cert -7.57→-6.89 | ticks [6.449 6.114 6.047 6.035] | 56M tok | ETA 102.2h
Step  13660 | loss 5.9820 | lr 3.00e-04 | grad 0.65 | 32.5k tok/s | cert -7.42→-6.54 | ticks [6.668 6.349 6.256 6.249] | 56M tok | ETA 102.2h
Step  13670 | loss 5.9776 | lr 3.00e-04 | grad 0.66 | 32.5k tok/s | cert -6.46→-6.37 | ticks [6.709 6.204 6.109 6.101] | 56M tok | ETA 102.2h
Step  13680 | loss 6.1150 | lr 3.00e-04 | grad 0.97 | 32.1k tok/s | cert -8.00→-6.86 | ticks [6.791 6.562 6.456 6.447] | 56M tok | ETA 102.2h
Step  13690 | loss 6.0654 | lr 3.00e-04 | grad 0.96 | 32.6k tok/s | cert -7.29→-6.39 | ticks [6.641 6.306 6.192 6.184] | 56M tok | ETA 102.2h
Step  13700 | loss 5.8867 | lr 3.00e-04 | grad 0.70 | 32.9k tok/s | cert -6.96→-6.08 | ticks [6.306 5.972 5.860 5.851] | 56M tok | ETA 102.2h
Step  13710 | loss 6.1156 | lr 3.00e-04 | grad 0.98 | 32.8k tok/s | cert -7.70→-6.55 | ticks [6.669 6.309 6.258 6.252] | 56M tok | ETA 102.2h
Step  13720 | loss 6.1571 | lr 3.00e-04 | grad 1.02 | 32.4k tok/s | cert -7.14→-6.58 | ticks [6.380 6.096 5.992 5.980] | 56M tok | ETA 102.2h
Step  13730 | loss 5.8333 | lr 3.00e-04 | grad 0.81 | 32.6k tok/s | cert -5.98→-6.06 | ticks [6.425 5.973 5.858 5.848] | 56M tok | ETA 102.2h
Step  13740 | loss 5.9599 | lr 3.00e-04 | grad 0.97 | 32.9k tok/s | cert -7.91→-6.73 | ticks [6.597 6.361 6.264 6.256] | 56M tok | ETA 102.2h
Step  13750 | loss 6.0022 | lr 3.00e-04 | grad 0.76 | 32.9k tok/s | cert -6.08→-5.70 | ticks [5.875 5.531 5.437 5.428] | 56M tok | ETA 102.2h
Step  13760 | loss 6.0149 | lr 3.00e-04 | grad 0.90 | 32.7k tok/s | cert -7.00→-6.76 | ticks [6.528 6.095 6.012 6.009] | 56M tok | ETA 102.2h
Step  13770 | loss 5.9541 | lr 3.00e-04 | grad 0.67 | 32.6k tok/s | cert -6.38→-6.40 | ticks [6.498 6.023 5.853 5.842] | 56M tok | ETA 102.2h
Step  13780 | loss 5.9400 | lr 3.00e-04 | grad 1.00 | 32.8k tok/s | cert -7.00→-6.53 | ticks [6.461 6.262 6.211 6.196] | 56M tok | ETA 102.1h
Step  13790 | loss 5.9432 | lr 3.00e-04 | grad 0.86 | 32.6k tok/s | cert -6.88→-6.27 | ticks [6.296 6.092 6.036 6.028] | 56M tok | ETA 102.1h
Step  13800 | loss 5.9274 | lr 3.00e-04 | grad 1.06 | 32.7k tok/s | cert -6.35→-6.37 | ticks [6.321 6.017 5.981 5.961] | 57M tok | ETA 102.1h
Step  13810 | loss 5.9639 | lr 3.00e-04 | grad 0.88 | 33.1k tok/s | cert -6.30→-6.38 | ticks [6.153 5.857 5.800 5.791] | 57M tok | ETA 102.1h
Step  13820 | loss 5.8942 | lr 3.00e-04 | grad 1.03 | 32.8k tok/s | cert -7.03→-6.40 | ticks [6.424 6.028 5.894 5.886] | 57M tok | ETA 102.1h
Step  13830 | loss 5.8227 | lr 3.00e-04 | grad 0.75 | 32.8k tok/s | cert -6.90→-6.03 | ticks [6.228 5.863 5.771 5.758] | 57M tok | ETA 102.1h
Step  13840 | loss 5.9241 | lr 3.00e-04 | grad 1.26 | 33.1k tok/s | cert -7.04→-6.79 | ticks [6.586 6.178 6.047 6.031] | 57M tok | ETA 102.1h
Step  13850 | loss 5.9589 | lr 3.00e-04 | grad 1.41 | 32.9k tok/s | cert -7.25→-6.80 | ticks [6.309 5.993 5.904 5.895] | 57M tok | ETA 102.1h
Step  13860 | loss 6.1033 | lr 3.00e-04 | grad 0.93 | 32.8k tok/s | cert -7.25→-6.76 | ticks [6.622 6.324 6.226 6.218] | 57M tok | ETA 102.1h
Step  13870 | loss 5.8755 | lr 3.00e-04 | grad 0.95 | 32.9k tok/s | cert -6.55→-6.33 | ticks [6.177 5.845 5.765 5.759] | 57M tok | ETA 102.1h
Step  13880 | loss 5.8628 | lr 3.00e-04 | grad 1.23 | 32.6k tok/s | cert -7.40→-6.44 | ticks [6.180 5.964 5.776 5.760] | 57M tok | ETA 102.1h
Step  13890 | loss 5.9317 | lr 3.00e-04 | grad 0.74 | 32.7k tok/s | cert -6.95→-6.17 | ticks [6.339 6.024 5.944 5.941] | 57M tok | ETA 102.1h
Step  13900 | loss 5.9604 | lr 3.00e-04 | grad 0.68 | 32.9k tok/s | cert -6.79→-6.40 | ticks [6.484 6.087 5.949 5.943] | 57M tok | ETA 102.1h
Step  13910 | loss 6.0105 | lr 3.00e-04 | grad 0.68 | 32.8k tok/s | cert -6.95→-6.33 | ticks [6.286 6.016 5.863 5.854] | 57M tok | ETA 102.1h
Step  13920 | loss 5.9070 | lr 3.00e-04 | grad 0.76 | 32.5k tok/s | cert -6.90→-6.53 | ticks [6.435 6.204 6.072 6.065] | 57M tok | ETA 102.1h
Step  13930 | loss 5.9580 | lr 3.00e-04 | grad 0.82 | 32.8k tok/s | cert -7.06→-6.07 | ticks [6.339 5.976 5.880 5.871] | 57M tok | ETA 102.1h
Step  13940 | loss 5.9595 | lr 3.00e-04 | grad 0.80 | 32.8k tok/s | cert -6.92→-6.57 | ticks [6.641 6.285 6.169 6.158] | 57M tok | ETA 102.1h
Step  13950 | loss 5.8881 | lr 3.00e-04 | grad 0.71 | 32.5k tok/s | cert -7.38→-6.51 | ticks [6.436 6.192 5.992 5.980] | 57M tok | ETA 102.1h
Step  13960 | loss 6.0086 | lr 3.00e-04 | grad 0.75 | 32.4k tok/s | cert -6.97→-6.38 | ticks [6.295 5.992 5.825 5.813] | 57M tok | ETA 102.1h
Step  13970 | loss 6.0284 | lr 3.00e-04 | grad 0.89 | 32.7k tok/s | cert -7.29→-6.86 | ticks [6.808 6.383 6.259 6.257] | 57M tok | ETA 102.1h
Step  13980 | loss 5.9911 | lr 3.00e-04 | grad 0.98 | 32.5k tok/s | cert -6.88→-6.67 | ticks [6.385 6.149 6.004 5.995] | 57M tok | ETA 102.1h
Step  13990 | loss 5.9889 | lr 3.00e-04 | grad 0.68 | 32.8k tok/s | cert -5.94→-6.11 | ticks [6.350 5.909 5.779 5.771] | 57M tok | ETA 102.1h
Step  14000 | loss 6.0085 | lr 3.00e-04 | grad 0.71 | 32.7k tok/s | cert -6.06→-6.24 | ticks [6.447 5.957 5.805 5.796] | 57M tok | ETA 102.1h
Step  14010 | loss 6.0006 | lr 3.00e-04 | grad 0.77 | 32.6k tok/s | cert -6.81→-6.51 | ticks [6.517 6.191 6.086 6.077] | 57M tok | ETA 102.1h
Step  14020 | loss 5.8896 | lr 3.00e-04 | grad 0.94 | 32.7k tok/s | cert -4.61→-5.90 | ticks [6.608 5.414 5.316 5.310] | 57M tok | ETA 102.1h
Step  14030 | loss 6.0240 | lr 3.00e-04 | grad 0.72 | 32.5k tok/s | cert -6.85→-6.38 | ticks [6.449 6.151 6.044 6.033] | 57M tok | ETA 102.1h
Step  14040 | loss 5.9220 | lr 3.00e-04 | grad 0.66 | 32.6k tok/s | cert -6.67→-6.08 | ticks [6.266 5.888 5.678 5.663] | 58M tok | ETA 102.1h
Step  14050 | loss 5.9594 | lr 3.00e-04 | grad 0.82 | 32.6k tok/s | cert -6.48→-6.51 | ticks [6.548 6.086 5.949 5.943] | 58M tok | ETA 102.1h
Step  14060 | loss 5.8625 | lr 3.00e-04 | grad 0.75 | 32.7k tok/s | cert -6.75→-6.28 | ticks [6.353 6.060 5.937 5.928] | 58M tok | ETA 102.1h
Step  14070 | loss 6.1522 | lr 3.00e-04 | grad 1.27 | 32.8k tok/s | cert -8.07→-7.70 | ticks [7.469 7.315 7.248 7.241] | 58M tok | ETA 102.1h
Step  14080 | loss 5.9056 | lr 3.00e-04 | grad 0.73 | 32.7k tok/s | cert -6.71→-6.10 | ticks [6.076 5.703 5.591 5.584] | 58M tok | ETA 102.1h
Step  14090 | loss 6.1216 | lr 3.00e-04 | grad 0.80 | 32.8k tok/s | cert -7.41→-6.40 | ticks [6.451 5.974 5.804 5.788] | 58M tok | ETA 102.1h
Step  14100 | loss 6.0037 | lr 3.00e-04 | grad 1.06 | 32.9k tok/s | cert -8.00→-6.57 | ticks [6.495 6.146 6.026 6.020] | 58M tok | ETA 102.1h
Step  14110 | loss 5.9589 | lr 3.00e-04 | grad 0.82 | 32.7k tok/s | cert -7.41→-6.62 | ticks [6.741 6.339 6.260 6.253] | 58M tok | ETA 102.1h
Step  14120 | loss 5.9668 | lr 3.00e-04 | grad 0.71 | 33.0k tok/s | cert -7.33→-6.22 | ticks [6.352 6.046 5.940 5.935] | 58M tok | ETA 102.1h
Step  14130 | loss 5.9687 | lr 3.00e-04 | grad 1.14 | 32.6k tok/s | cert -6.80→-6.00 | ticks [6.549 6.249 6.137 6.130] | 58M tok | ETA 102.1h
Step  14140 | loss 5.7988 | lr 3.00e-04 | grad 0.84 | 32.6k tok/s | cert -6.74→-6.02 | ticks [6.246 5.756 5.634 5.629] | 58M tok | ETA 102.1h
Step  14150 | loss 6.0244 | lr 3.00e-04 | grad 1.02 | 33.1k tok/s | cert -7.10→-6.64 | ticks [6.495 6.010 5.844 5.830] | 58M tok | ETA 102.1h
Step  14160 | loss 5.9754 | lr 3.00e-04 | grad 1.03 | 32.4k tok/s | cert -7.53→-6.64 | ticks [6.666 6.275 6.192 6.187] | 58M tok | ETA 102.1h
Step  14170 | loss 5.9483 | lr 3.00e-04 | grad 0.70 | 32.7k tok/s | cert -6.98→-6.36 | ticks [6.310 6.006 5.885 5.878] | 58M tok | ETA 102.1h
Step  14180 | loss 5.9594 | lr 3.00e-04 | grad 0.66 | 32.7k tok/s | cert -6.44→-6.23 | ticks [6.423 5.984 5.858 5.850] | 58M tok | ETA 102.1h
Step  14190 | loss 5.8696 | lr 3.00e-04 | grad 0.83 | 32.4k tok/s | cert -7.19→-6.48 | ticks [6.411 6.133 6.026 6.013] | 58M tok | ETA 102.1h
Step  14200 | loss 5.9465 | lr 3.00e-04 | grad 0.80 | 32.5k tok/s | cert -6.51→-6.26 | ticks [6.680 6.183 6.074 6.067] | 58M tok | ETA 102.0h
Step  14210 | loss 6.0213 | lr 3.00e-04 | grad 1.30 | 32.7k tok/s | cert -6.96→-6.28 | ticks [6.377 6.177 5.977 5.962] | 58M tok | ETA 102.0h
Step  14220 | loss 6.0575 | lr 3.00e-04 | grad 1.09 | 33.0k tok/s | cert -7.25→-6.66 | ticks [6.637 6.331 6.232 6.223] | 58M tok | ETA 102.0h
Step  14230 | loss 6.0286 | lr 3.00e-04 | grad 1.13 | 32.9k tok/s | cert -7.66→-6.67 | ticks [6.960 6.602 6.523 6.521] | 58M tok | ETA 102.0h
Step  14240 | loss 5.9543 | lr 3.00e-04 | grad 0.86 | 32.8k tok/s | cert -7.62→-6.65 | ticks [6.654 6.402 6.300 6.292] | 58M tok | ETA 102.0h
Step  14250 | loss 5.8148 | lr 3.00e-04 | grad 1.01 | 32.9k tok/s | cert -7.09→-6.43 | ticks [6.473 5.996 5.886 5.879] | 58M tok | ETA 102.0h
Step  14260 | loss 6.0070 | lr 3.00e-04 | grad 0.78 | 32.8k tok/s | cert -7.65→-6.41 | ticks [6.485 6.119 6.029 6.023] | 58M tok | ETA 102.0h
Step  14270 | loss 5.9145 | lr 3.00e-04 | grad 1.09 | 32.7k tok/s | cert -7.08→-6.11 | ticks [6.035 5.595 5.470 5.464] | 58M tok | ETA 102.0h
Step  14280 | loss 6.0220 | lr 3.00e-04 | grad 0.70 | 32.8k tok/s | cert -6.35→-6.18 | ticks [6.386 5.829 5.681 5.669] | 58M tok | ETA 102.0h
Step  14290 | loss 6.0920 | lr 3.00e-04 | grad 0.68 | 32.4k tok/s | cert -7.26→-6.13 | ticks [6.258 5.939 5.802 5.787] | 59M tok | ETA 102.0h
Step  14300 | loss 5.9948 | lr 3.00e-04 | grad 0.99 | 32.7k tok/s | cert -7.01→-6.49 | ticks [6.422 6.185 6.066 6.049] | 59M tok | ETA 102.0h
Step  14310 | loss 5.8959 | lr 3.00e-04 | grad 0.82 | 32.6k tok/s | cert -7.81→-6.19 | ticks [6.252 5.951 5.770 5.760] | 59M tok | ETA 102.0h
Step  14320 | loss 6.0433 | lr 3.00e-04 | grad 1.05 | 32.7k tok/s | cert -7.56→-6.54 | ticks [6.479 6.068 5.996 5.990] | 59M tok | ETA 102.0h
Step  14330 | loss 5.9809 | lr 3.00e-04 | grad 0.73 | 33.1k tok/s | cert -7.52→-6.37 | ticks [6.259 6.003 5.899 5.892] | 59M tok | ETA 102.0h
Step  14340 | loss 5.9862 | lr 3.00e-04 | grad 0.72 | 32.8k tok/s | cert -7.58→-6.50 | ticks [6.732 6.348 6.195 6.178] | 59M tok | ETA 102.0h
Step  14350 | loss 6.0691 | lr 3.00e-04 | grad 0.75 | 32.5k tok/s | cert -6.90→-6.19 | ticks [6.586 6.082 5.970 5.964] | 59M tok | ETA 102.0h
Step  14360 | loss 6.0419 | lr 3.00e-04 | grad 1.02 | 32.9k tok/s | cert -6.93→-6.43 | ticks [6.433 6.127 5.984 5.976] | 59M tok | ETA 102.0h
Step  14370 | loss 5.9241 | lr 3.00e-04 | grad 1.04 | 32.8k tok/s | cert -7.87→-6.48 | ticks [6.352 5.934 5.840 5.832] | 59M tok | ETA 102.0h
Step  14380 | loss 6.0131 | lr 3.00e-04 | grad 0.73 | 32.8k tok/s | cert -7.09→-6.58 | ticks [6.706 6.277 6.094 6.085] | 59M tok | ETA 102.0h
Step  14390 | loss 6.0347 | lr 3.00e-04 | grad 1.12 | 32.7k tok/s | cert -7.41→-6.74 | ticks [6.737 6.547 6.445 6.429] | 59M tok | ETA 102.0h
Step  14400 | loss 6.0900 | lr 3.00e-04 | grad 0.95 | 32.6k tok/s | cert -8.43→-7.07 | ticks [6.969 6.593 6.511 6.503] | 59M tok | ETA 102.0h
Step  14410 | loss 5.9898 | lr 3.00e-04 | grad 1.13 | 32.5k tok/s | cert -7.39→-6.82 | ticks [6.660 6.406 6.333 6.316] | 59M tok | ETA 102.0h
Step  14420 | loss 5.9991 | lr 3.00e-04 | grad 0.79 | 32.3k tok/s | cert -7.14→-6.41 | ticks [6.634 6.354 6.199 6.193] | 59M tok | ETA 102.0h
Step  14430 | loss 5.8982 | lr 3.00e-04 | grad 0.86 | 32.9k tok/s | cert -7.16→-6.18 | ticks [6.036 5.786 5.684 5.679] | 59M tok | ETA 102.0h
Step  14440 | loss 5.8941 | lr 3.00e-04 | grad 0.70 | 32.7k tok/s | cert -6.83→-6.29 | ticks [6.418 6.084 5.959 5.950] | 59M tok | ETA 102.0h
Step  14450 | loss 5.9161 | lr 3.00e-04 | grad 0.80 | 32.7k tok/s | cert -7.54→-6.16 | ticks [6.319 6.060 5.961 5.956] | 59M tok | ETA 102.0h
Step  14460 | loss 5.9616 | lr 3.00e-04 | grad 0.84 | 33.0k tok/s | cert -5.96→-6.00 | ticks [6.376 5.849 5.724 5.718] | 59M tok | ETA 102.0h
Step  14470 | loss 5.9462 | lr 3.00e-04 | grad 0.93 | 32.8k tok/s | cert -6.77→-6.14 | ticks [6.314 5.992 5.863 5.858] | 59M tok | ETA 102.0h
Step  14480 | loss 5.8715 | lr 3.00e-04 | grad 0.73 | 33.0k tok/s | cert -6.78→-6.07 | ticks [6.317 6.047 5.838 5.827] | 59M tok | ETA 102.0h
Step  14490 | loss 5.9850 | lr 3.00e-04 | grad 0.81 | 32.6k tok/s | cert -7.13→-6.61 | ticks [6.656 6.134 6.022 6.016] | 59M tok | ETA 102.0h
Step  14500 | loss 5.8723 | lr 3.00e-04 | grad 0.64 | 32.8k tok/s | cert -7.14→-6.40 | ticks [6.560 6.099 5.960 5.950] | 59M tok | ETA 102.0h
Step  14510 | loss 5.9483 | lr 3.00e-04 | grad 0.80 | 32.5k tok/s | cert -6.98→-6.22 | ticks [6.497 5.989 5.884 5.877] | 59M tok | ETA 102.0h
Step  14520 | loss 6.0900 | lr 3.00e-04 | grad 1.12 | 33.0k tok/s | cert -7.95→-6.73 | ticks [6.647 6.401 6.266 6.254] | 59M tok | ETA 102.0h
Step  14530 | loss 6.0467 | lr 3.00e-04 | grad 2.00 | 32.7k tok/s | cert -7.67→-6.97 | ticks [7.503 7.368 7.298 7.310] | 60M tok | ETA 102.0h
Step  14540 | loss 5.9806 | lr 3.00e-04 | grad 0.89 | 32.8k tok/s | cert -6.29→-6.05 | ticks [6.357 5.948 5.867 5.860] | 60M tok | ETA 102.0h
Step  14550 | loss 5.8844 | lr 3.00e-04 | grad 0.91 | 32.5k tok/s | cert -6.99→-6.19 | ticks [6.336 5.960 5.848 5.843] | 60M tok | ETA 102.0h
Step  14560 | loss 5.9492 | lr 3.00e-04 | grad 0.86 | 32.7k tok/s | cert -5.59→-6.11 | ticks [6.418 5.703 5.567 5.559] | 60M tok | ETA 102.0h
Step  14570 | loss 5.8828 | lr 3.00e-04 | grad 0.68 | 32.6k tok/s | cert -7.33→-6.21 | ticks [6.231 5.904 5.792 5.790] | 60M tok | ETA 102.0h
Step  14580 | loss 5.8246 | lr 3.00e-04 | grad 0.94 | 32.7k tok/s | cert -7.07→-6.52 | ticks [6.156 5.824 5.656 5.642] | 60M tok | ETA 102.0h
Step  14590 | loss 5.9750 | lr 3.00e-04 | grad 0.79 | 33.1k tok/s | cert -6.90→-6.44 | ticks [6.600 6.248 6.123 6.114] | 60M tok | ETA 102.0h
Step  14600 | loss 6.0213 | lr 3.00e-04 | grad 0.76 | 33.1k tok/s | cert -7.23→-6.52 | ticks [6.415 5.995 5.828 5.819] | 60M tok | ETA 102.0h
Step  14610 | loss 5.8634 | lr 3.00e-04 | grad 0.76 | 32.5k tok/s | cert -7.34→-6.13 | ticks [6.342 6.017 5.915 5.909] | 60M tok | ETA 102.0h
Step  14620 | loss 5.9766 | lr 3.00e-04 | grad 0.88 | 32.6k tok/s | cert -7.41→-6.25 | ticks [6.404 6.017 5.933 5.925] | 60M tok | ETA 102.0h
Step  14630 | loss 5.9779 | lr 3.00e-04 | grad 0.86 | 32.7k tok/s | cert -7.26→-6.34 | ticks [6.807 6.254 6.177 6.172] | 60M tok | ETA 102.0h
Step  14640 | loss 6.0689 | lr 3.00e-04 | grad 0.81 | 32.5k tok/s | cert -7.26→-6.54 | ticks [6.452 6.028 5.919 5.912] | 60M tok | ETA 102.0h
Step  14650 | loss 5.9737 | lr 3.00e-04 | grad 0.90 | 32.7k tok/s | cert -5.43→-6.32 | ticks [7.049 6.173 6.058 6.050] | 60M tok | ETA 101.9h
Step  14660 | loss 5.9802 | lr 3.00e-04 | grad 1.12 | 32.4k tok/s | cert -6.88→-6.49 | ticks [6.154 5.969 5.757 5.745] | 60M tok | ETA 101.9h
Step  14670 | loss 5.8419 | lr 3.00e-04 | grad 0.69 | 32.9k tok/s | cert -6.82→-6.04 | ticks [6.313 5.904 5.763 5.756] | 60M tok | ETA 101.9h
Step  14680 | loss 5.9657 | lr 3.00e-04 | grad 0.84 | 32.9k tok/s | cert -7.32→-6.23 | ticks [6.465 6.176 6.055 6.051] | 60M tok | ETA 101.9h
Step  14690 | loss 5.9304 | lr 3.00e-04 | grad 0.78 | 32.8k tok/s | cert -7.66→-6.35 | ticks [6.632 6.317 6.148 6.142] | 60M tok | ETA 101.9h
Step  14700 | loss 5.9847 | lr 3.00e-04 | grad 1.52 | 32.8k tok/s | cert -6.38→-6.19 | ticks [6.154 5.908 5.797 5.788] | 60M tok | ETA 101.9h
Step  14710 | loss 5.9018 | lr 3.00e-04 | grad 0.81 | 32.6k tok/s | cert -6.97→-6.21 | ticks [6.144 5.748 5.665 5.660] | 60M tok | ETA 101.9h
Step  14720 | loss 6.0984 | lr 3.00e-04 | grad 0.80 | 32.8k tok/s | cert -6.93→-6.39 | ticks [6.341 6.074 5.997 5.986] | 60M tok | ETA 101.9h
Step  14730 | loss 6.0045 | lr 3.00e-04 | grad 0.81 | 32.7k tok/s | cert -7.15→-6.60 | ticks [6.726 6.484 6.329 6.319] | 60M tok | ETA 101.9h
Step  14740 | loss 5.9223 | lr 3.00e-04 | grad 1.13 | 32.7k tok/s | cert -6.69→-5.92 | ticks [6.211 5.956 5.851 5.846] | 60M tok | ETA 101.9h
Step  14750 | loss 6.0186 | lr 3.00e-04 | grad 0.88 | 32.9k tok/s | cert -7.65→-6.52 | ticks [6.410 6.200 6.088 6.079] | 60M tok | ETA 101.9h
Step  14760 | loss 6.0540 | lr 3.00e-04 | grad 0.92 | 33.0k tok/s | cert -7.39→-6.12 | ticks [6.358 6.021 5.897 5.889] | 60M tok | ETA 101.9h
Step  14770 | loss 5.9285 | lr 3.00e-04 | grad 1.08 | 32.4k tok/s | cert -6.92→-6.73 | ticks [6.724 6.448 6.385 6.381] | 61M tok | ETA 101.9h
Step  14780 | loss 5.9327 | lr 3.00e-04 | grad 1.24 | 32.6k tok/s | cert -6.63→-6.32 | ticks [6.008 5.668 5.555 5.546] | 61M tok | ETA 101.9h
Step  14790 | loss 5.9660 | lr 3.00e-04 | grad 0.71 | 32.9k tok/s | cert -6.74→-6.30 | ticks [6.343 6.027 5.940 5.934] | 61M tok | ETA 101.9h
Step  14800 | loss 6.0468 | lr 3.00e-04 | grad 1.05 | 32.8k tok/s | cert -7.32→-6.96 | ticks [6.453 6.200 6.050 6.037] | 61M tok | ETA 101.9h
Step  14810 | loss 5.9861 | lr 3.00e-04 | grad 0.92 | 32.6k tok/s | cert -6.36→-6.33 | ticks [6.421 6.161 6.050 6.043] | 61M tok | ETA 101.9h
Step  14820 | loss 6.0816 | lr 3.00e-04 | grad 1.02 | 32.8k tok/s | cert -7.36→-6.52 | ticks [6.321 6.130 6.017 6.006] | 61M tok | ETA 101.9h
Step  14830 | loss 6.0051 | lr 3.00e-04 | grad 0.83 | 32.8k tok/s | cert -6.38→-6.31 | ticks [6.400 6.144 5.992 5.985] | 61M tok | ETA 101.9h
Step  14840 | loss 5.9516 | lr 3.00e-04 | grad 0.82 | 32.4k tok/s | cert -6.82→-6.60 | ticks [6.502 6.212 6.043 6.036] | 61M tok | ETA 101.9h
Step  14850 | loss 5.8741 | lr 3.00e-04 | grad 0.73 | 32.8k tok/s | cert -6.58→-6.31 | ticks [6.357 6.057 5.932 5.928] | 61M tok | ETA 101.9h
Step  14860 | loss 6.0784 | lr 3.00e-04 | grad 1.18 | 32.7k tok/s | cert -5.99→-5.93 | ticks [6.324 6.039 5.932 5.925] | 61M tok | ETA 101.9h
Step  14870 | loss 5.8694 | lr 3.00e-04 | grad 0.71 | 32.7k tok/s | cert -6.60→-6.20 | ticks [6.104 5.854 5.767 5.762] | 61M tok | ETA 101.9h
Step  14880 | loss 5.8679 | lr 3.00e-04 | grad 0.85 | 32.4k tok/s | cert -6.98→-6.64 | ticks [6.442 6.119 6.035 6.022] | 61M tok | ETA 101.9h
Step  14890 | loss 5.9217 | lr 3.00e-04 | grad 0.66 | 32.8k tok/s | cert -6.63→-6.37 | ticks [6.526 6.179 6.077 6.069] | 61M tok | ETA 101.9h
Step  14900 | loss 5.9402 | lr 3.00e-04 | grad 0.84 | 32.8k tok/s | cert -6.20→-6.02 | ticks [6.369 5.840 5.736 5.727] | 61M tok | ETA 101.9h
Step  14910 | loss 6.2069 | lr 3.00e-04 | grad 0.83 | 32.8k tok/s | cert -7.21→-6.75 | ticks [6.755 6.264 6.117 6.107] | 61M tok | ETA 101.9h
Step  14920 | loss 6.0864 | lr 3.00e-04 | grad 0.77 | 32.6k tok/s | cert -6.97→-6.42 | ticks [6.433 6.086 5.969 5.959] | 61M tok | ETA 101.9h
Step  14930 | loss 6.0480 | lr 3.00e-04 | grad 0.92 | 32.8k tok/s | cert -7.48→-6.56 | ticks [6.405 6.078 5.944 5.936] | 61M tok | ETA 101.9h
Step  14940 | loss 6.0200 | lr 3.00e-04 | grad 1.52 | 32.8k tok/s | cert -6.47→-7.07 | ticks [6.892 6.580 6.419 6.417] | 61M tok | ETA 101.9h
Step  14950 | loss 5.7702 | lr 3.00e-04 | grad 0.75 | 32.8k tok/s | cert -7.59→-6.57 | ticks [6.527 6.215 6.073 6.063] | 61M tok | ETA 101.9h
Step  14960 | loss 6.0880 | lr 3.00e-04 | grad 1.22 | 32.9k tok/s | cert -6.86→-6.75 | ticks [6.671 6.449 6.125 6.108] | 61M tok | ETA 101.9h
Step  14970 | loss 5.9359 | lr 3.00e-04 | grad 3.22 | 32.6k tok/s | cert -7.61→-6.65 | ticks [5.971 5.786 5.641 5.633] | 61M tok | ETA 101.9h
Step  14980 | loss 5.9334 | lr 3.00e-04 | grad 0.77 | 32.7k tok/s | cert -6.76→-6.41 | ticks [6.450 6.103 5.972 5.961] | 61M tok | ETA 101.9h
Step  14990 | loss 6.1149 | lr 3.00e-04 | grad 0.78 | 32.7k tok/s | cert -6.86→-6.36 | ticks [6.609 6.254 6.107 6.098] | 61M tok | ETA 101.9h
Step  15000 | loss 5.8320 | lr 3.00e-04 | grad 0.72 | 32.8k tok/s | cert -7.10→-6.48 | ticks [6.415 6.118 6.021 6.013] | 61M tok | ETA 101.9h
'[Errno 9] Bad file descriptor' thrown while requesting GET https://huggingface.co/datasets/HuggingFaceFW/fineweb-edu/resolve/87f09149ef4734204d70ed1d046ddc9ca3f2b8f9/sample/10BT/000_00000.parquet

  >>> Eval loss: 6.5907 (best: 6.6601)
  >>> Saved best checkpoint at step 15000
  >>> Sample: 'The most important thing to understand about science is' → ' what do:
- The new new work?
- How do?
-
- It is
This is how much more than what is no way?
- What is that is so?
- What is in the?'

Step  15010 | loss 6.0112 | lr 3.00e-04 | grad 0.72 | 32.6k tok/s | cert -7.10→-6.28 | ticks [6.267 5.975 5.900 5.895] | 61M tok | ETA 102.6h
Step  15020 | loss 6.0006 | lr 3.00e-04 | grad 0.75 | 32.8k tok/s | cert -6.48→-6.07 | ticks [6.307 5.902 5.730 5.718] | 62M tok | ETA 102.6h
Step  15030 | loss 5.8366 | lr 3.00e-04 | grad 0.99 | 32.5k tok/s | cert -5.76→-5.99 | ticks [6.531 6.028 5.903 5.896] | 62M tok | ETA 102.6h
Step  15040 | loss 5.8241 | lr 3.00e-04 | grad 0.73 | 33.0k tok/s | cert -7.00→-6.56 | ticks [6.519 6.250 6.076 6.064] | 62M tok | ETA 102.6h
Step  15050 | loss 6.1498 | lr 3.00e-04 | grad 0.77 | 32.6k tok/s | cert -6.65→-6.06 | ticks [6.319 5.970 5.841 5.832] | 62M tok | ETA 102.6h
Step  15060 | loss 6.0879 | lr 3.00e-04 | grad 0.69 | 32.9k tok/s | cert -7.12→-6.36 | ticks [6.473 6.149 6.030 6.024] | 62M tok | ETA 102.5h
Step  15070 | loss 5.9343 | lr 3.00e-04 | grad 0.80 | 32.5k tok/s | cert -7.20→-6.61 | ticks [6.595 6.325 6.187 6.178] | 62M tok | ETA 102.5h
Step  15080 | loss 5.9814 | lr 3.00e-04 | grad 0.83 | 32.5k tok/s | cert -6.95→-6.45 | ticks [6.710 6.347 6.248 6.246] | 62M tok | ETA 102.5h
Step  15090 | loss 6.0306 | lr 3.00e-04 | grad 1.16 | 32.8k tok/s | cert -6.43→-6.61 | ticks [6.696 6.422 6.298 6.292] | 62M tok | ETA 102.5h
Step  15100 | loss 6.0906 | lr 3.00e-04 | grad 0.96 | 32.9k tok/s | cert -6.89→-6.21 | ticks [6.575 6.280 6.177 6.170] | 62M tok | ETA 102.5h
Step  15110 | loss 6.1029 | lr 3.00e-04 | grad 0.70 | 32.7k tok/s | cert -6.90→-6.55 | ticks [6.562 6.135 5.976 5.963] | 62M tok | ETA 102.5h
Step  15120 | loss 6.1436 | lr 3.00e-04 | grad 0.78 | 32.9k tok/s | cert -7.29→-6.20 | ticks [6.526 6.174 6.052 6.044] | 62M tok | ETA 102.5h
Step  15130 | loss 5.9031 | lr 3.00e-04 | grad 1.55 | 32.8k tok/s | cert -7.21→-6.36 | ticks [6.853 6.530 6.415 6.404] | 62M tok | ETA 102.5h
Step  15140 | loss 6.0456 | lr 3.00e-04 | grad 0.96 | 32.6k tok/s | cert -6.94→-6.51 | ticks [6.769 6.384 6.294 6.280] | 62M tok | ETA 102.5h
Step  15150 | loss 5.9693 | lr 3.00e-04 | grad 0.77 | 32.5k tok/s | cert -6.34→-6.16 | ticks [6.541 6.151 5.956 5.944] | 62M tok | ETA 102.5h
Step  15160 | loss 5.8878 | lr 3.00e-04 | grad 0.73 | 33.0k tok/s | cert -6.43→-5.99 | ticks [6.197 5.778 5.651 5.644] | 62M tok | ETA 102.5h
Step  15170 | loss 5.9655 | lr 3.00e-04 | grad 0.76 | 32.5k tok/s | cert -7.09→-6.34 | ticks [6.489 6.176 6.055 6.042] | 62M tok | ETA 102.5h
Step  15180 | loss 5.9714 | lr 3.00e-04 | grad 0.86 | 32.7k tok/s | cert -6.46→-6.23 | ticks [6.561 6.281 6.130 6.122] | 62M tok | ETA 102.5h
Step  15190 | loss 6.0583 | lr 3.00e-04 | grad 0.96 | 32.8k tok/s | cert -7.26→-6.68 | ticks [6.601 6.319 6.230 6.221] | 62M tok | ETA 102.5h
Step  15200 | loss 5.9388 | lr 3.00e-04 | grad 0.98 | 32.4k tok/s | cert -7.19→-6.65 | ticks [6.823 6.502 6.366 6.359] | 62M tok | ETA 102.5h
Step  15210 | loss 5.9511 | lr 3.00e-04 | grad 0.84 | 32.4k tok/s | cert -6.33→-6.09 | ticks [6.196 5.774 5.678 5.663] | 62M tok | ETA 102.5h
Step  15220 | loss 5.9491 | lr 3.00e-04 | grad 0.73 | 32.3k tok/s | cert -6.99→-6.36 | ticks [6.382 6.192 5.945 5.921] | 62M tok | ETA 102.5h
Step  15230 | loss 6.0579 | lr 3.00e-04 | grad 0.87 | 32.9k tok/s | cert -6.80→-6.48 | ticks [6.345 6.073 5.974 5.966] | 62M tok | ETA 102.5h
Step  15240 | loss 5.8245 | lr 3.00e-04 | grad 0.70 | 32.6k tok/s | cert -6.97→-6.49 | ticks [6.616 6.396 6.155 6.143] | 62M tok | ETA 102.5h
Step  15250 | loss 6.1037 | lr 3.00e-04 | grad 0.95 | 32.8k tok/s | cert -6.70→-6.93 | ticks [6.832 6.431 6.275 6.260] | 62M tok | ETA 102.5h
Step  15260 | loss 6.0358 | lr 3.00e-04 | grad 0.84 | 32.4k tok/s | cert -6.91→-6.41 | ticks [6.483 6.032 5.900 5.891] | 63M tok | ETA 102.5h
Step  15270 | loss 5.8442 | lr 3.00e-04 | grad 0.81 | 32.5k tok/s | cert -6.89→-6.47 | ticks [6.661 6.292 6.223 6.217] | 63M tok | ETA 102.5h
Step  15280 | loss 5.9736 | lr 3.00e-04 | grad 0.72 | 32.6k tok/s | cert -6.59→-6.14 | ticks [6.239 5.763 5.641 5.627] | 63M tok | ETA 102.5h
Step  15290 | loss 5.9907 | lr 3.00e-04 | grad 0.71 | 32.6k tok/s | cert -6.97→-6.22 | ticks [6.399 6.063 5.944 5.935] | 63M tok | ETA 102.5h
Step  15300 | loss 5.9233 | lr 3.00e-04 | grad 0.72 | 32.5k tok/s | cert -6.98→-6.40 | ticks [6.437 6.211 6.049 6.040] | 63M tok | ETA 102.5h
Step  15310 | loss 5.8902 | lr 3.00e-04 | grad 2.02 | 32.5k tok/s | cert -7.70→-7.42 | ticks [6.970 6.701 6.623 6.613] | 63M tok | ETA 102.5h
Step  15320 | loss 6.0285 | lr 3.00e-04 | grad 1.02 | 33.0k tok/s | cert -6.77→-6.44 | ticks [6.309 5.879 5.799 5.790] | 63M tok | ETA 102.5h
Step  15330 | loss 5.8805 | lr 3.00e-04 | grad 0.95 | 32.6k tok/s | cert -6.96→-6.44 | ticks [6.582 6.077 5.989 5.985] | 63M tok | ETA 102.5h
Step  15340 | loss 5.9052 | lr 3.00e-04 | grad 0.84 | 32.7k tok/s | cert -6.42→-6.04 | ticks [6.228 5.967 5.796 5.788] | 63M tok | ETA 102.5h
Step  15350 | loss 5.9321 | lr 3.00e-04 | grad 0.94 | 32.6k tok/s | cert -6.96→-6.31 | ticks [6.748 6.289 6.225 6.219] | 63M tok | ETA 102.5h
Step  15360 | loss 6.0401 | lr 3.00e-04 | grad 0.98 | 33.0k tok/s | cert -7.26→-6.52 | ticks [6.417 6.043 5.986 5.976] | 63M tok | ETA 102.5h
Step  15370 | loss 5.9901 | lr 3.00e-04 | grad 0.70 | 33.0k tok/s | cert -7.06→-6.45 | ticks [6.582 6.153 6.024 6.013] | 63M tok | ETA 102.5h
Step  15380 | loss 5.8654 | lr 3.00e-04 | grad 0.80 | 32.7k tok/s | cert -6.98→-6.35 | ticks [6.208 5.842 5.723 5.712] | 63M tok | ETA 102.5h
Step  15390 | loss 5.8597 | lr 3.00e-04 | grad 0.79 | 32.7k tok/s | cert -7.08→-6.30 | ticks [6.303 6.032 5.924 5.920] | 63M tok | ETA 102.5h
Step  15400 | loss 6.0017 | lr 3.00e-04 | grad 0.68 | 32.8k tok/s | cert -7.48→-6.48 | ticks [6.484 6.143 6.051 6.041] | 63M tok | ETA 102.5h
Step  15410 | loss 6.0714 | lr 3.00e-04 | grad 0.77 | 32.3k tok/s | cert -7.82→-6.86 | ticks [6.687 6.390 6.227 6.215] | 63M tok | ETA 102.5h
Step  15420 | loss 5.9101 | lr 3.00e-04 | grad 0.81 | 32.8k tok/s | cert -6.47→-6.36 | ticks [6.397 5.993 5.874 5.862] | 63M tok | ETA 102.5h
Step  15430 | loss 6.1039 | lr 3.00e-04 | grad 0.71 | 32.6k tok/s | cert -7.23→-6.65 | ticks [6.667 6.396 6.301 6.291] | 63M tok | ETA 102.5h
Step  15440 | loss 5.8755 | lr 3.00e-04 | grad 0.77 | 33.0k tok/s | cert -6.88→-6.10 | ticks [6.382 6.009 5.869 5.853] | 63M tok | ETA 102.5h
Step  15450 | loss 5.9323 | lr 3.00e-04 | grad 0.79 | 32.7k tok/s | cert -6.85→-6.26 | ticks [6.325 5.990 5.888 5.877] | 63M tok | ETA 102.5h
Step  15460 | loss 5.9266 | lr 3.00e-04 | grad 0.80 | 32.6k tok/s | cert -7.13→-6.36 | ticks [6.292 6.095 5.886 5.867] | 63M tok | ETA 102.5h
Step  15470 | loss 5.9351 | lr 3.00e-04 | grad 0.87 | 33.0k tok/s | cert -7.25→-6.37 | ticks [6.396 5.944 5.826 5.820] | 63M tok | ETA 102.5h
Step  15480 | loss 5.9690 | lr 3.00e-04 | grad 1.08 | 32.9k tok/s | cert -6.25→-6.53 | ticks [6.913 6.244 6.103 6.090] | 63M tok | ETA 102.5h
Step  15490 | loss 5.8500 | lr 3.00e-04 | grad 0.80 | 32.5k tok/s | cert -6.88→-6.09 | ticks [6.132 5.659 5.573 5.566] | 63M tok | ETA 102.5h
Step  15500 | loss 5.6955 | lr 3.00e-04 | grad 0.67 | 32.8k tok/s | cert -7.31→-6.22 | ticks [6.291 5.975 5.863 5.856] | 63M tok | ETA 102.5h
Step  15510 | loss 5.8245 | lr 3.00e-04 | grad 0.74 | 32.8k tok/s | cert -6.88→-6.37 | ticks [6.648 6.204 6.044 6.031] | 64M tok | ETA 102.4h
Step  15520 | loss 5.8716 | lr 3.00e-04 | grad 1.16 | 32.8k tok/s | cert -7.40→-6.71 | ticks [6.905 6.484 6.375 6.360] | 64M tok | ETA 102.4h
Step  15530 | loss 5.9394 | lr 3.00e-04 | grad 0.75 | 32.8k tok/s | cert -6.94→-6.63 | ticks [6.554 6.191 6.056 6.045] | 64M tok | ETA 102.4h
Step  15540 | loss 5.9299 | lr 3.00e-04 | grad 1.85 | 32.9k tok/s | cert -6.09→-5.99 | ticks [6.750 6.209 6.086 6.082] | 64M tok | ETA 102.4h
Step  15550 | loss 5.9411 | lr 3.00e-04 | grad 0.76 | 32.9k tok/s | cert -6.42→-6.06 | ticks [6.290 5.879 5.778 5.770] | 64M tok | ETA 102.4h
Step  15560 | loss 5.9811 | lr 3.00e-04 | grad 0.72 | 32.7k tok/s | cert -7.20→-6.56 | ticks [6.573 6.216 6.038 6.027] | 64M tok | ETA 102.4h
Step  15570 | loss 6.1781 | lr 3.00e-04 | grad 1.05 | 32.9k tok/s | cert -7.22→-6.51 | ticks [6.536 6.101 6.032 6.024] | 64M tok | ETA 102.4h
Step  15580 | loss 5.9393 | lr 3.00e-04 | grad 0.76 | 32.4k tok/s | cert -6.94→-6.36 | ticks [6.325 5.977 5.837 5.827] | 64M tok | ETA 102.4h
Step  15590 | loss 5.9059 | lr 3.00e-04 | grad 0.86 | 32.3k tok/s | cert -6.79→-6.22 | ticks [6.399 6.123 6.021 6.016] | 64M tok | ETA 102.4h
Step  15600 | loss 5.9537 | lr 3.00e-04 | grad 0.67 | 32.9k tok/s | cert -6.81→-6.32 | ticks [6.433 6.064 5.980 5.977] | 64M tok | ETA 102.4h
Step  15610 | loss 5.9803 | lr 3.00e-04 | grad 0.76 | 32.9k tok/s | cert -5.43→-5.92 | ticks [6.497 5.878 5.736 5.724] | 64M tok | ETA 102.4h
Step  15620 | loss 5.8379 | lr 3.00e-04 | grad 0.70 | 32.6k tok/s | cert -6.51→-6.25 | ticks [6.398 5.959 5.834 5.823] | 64M tok | ETA 102.4h
Step  15630 | loss 6.0073 | lr 3.00e-04 | grad 0.77 | 32.7k tok/s | cert -7.73→-6.55 | ticks [6.677 6.309 6.191 6.185] | 64M tok | ETA 102.4h
Step  15640 | loss 5.9198 | lr 3.00e-04 | grad 0.88 | 32.7k tok/s | cert -6.93→-6.05 | ticks [6.182 5.976 5.792 5.785] | 64M tok | ETA 102.4h
Step  15650 | loss 5.9873 | lr 3.00e-04 | grad 0.82 | 32.7k tok/s | cert -7.33→-6.11 | ticks [6.290 6.013 5.853 5.839] | 64M tok | ETA 102.4h
Step  15660 | loss 5.9575 | lr 3.00e-04 | grad 1.00 | 32.6k tok/s | cert -7.29→-6.54 | ticks [6.310 6.128 5.991 5.981] | 64M tok | ETA 102.4h
Step  15670 | loss 5.9420 | lr 3.00e-04 | grad 1.06 | 32.9k tok/s | cert -7.28→-6.56 | ticks [6.361 6.062 5.900 5.893] | 64M tok | ETA 102.4h
Step  15680 | loss 5.9746 | lr 3.00e-04 | grad 1.24 | 32.5k tok/s | cert -7.96→-6.70 | ticks [6.410 6.056 5.951 5.942] | 64M tok | ETA 102.4h
Step  15690 | loss 5.9055 | lr 3.00e-04 | grad 0.98 | 32.7k tok/s | cert -7.11→-6.25 | ticks [6.441 5.941 5.859 5.851] | 64M tok | ETA 102.4h
Step  15700 | loss 5.8734 | lr 3.00e-04 | grad 0.77 | 32.6k tok/s | cert -6.97→-6.27 | ticks [6.489 6.022 5.870 5.856] | 64M tok | ETA 102.4h
Step  15710 | loss 5.8649 | lr 3.00e-04 | grad 0.87 | 32.7k tok/s | cert -6.69→-5.77 | ticks [5.880 5.596 5.489 5.476] | 64M tok | ETA 102.4h
Step  15720 | loss 5.9413 | lr 3.00e-04 | grad 0.98 | 32.5k tok/s | cert -6.66→-6.10 | ticks [6.483 6.108 5.974 5.968] | 64M tok | ETA 102.4h
Step  15730 | loss 5.9990 | lr 3.00e-04 | grad 0.85 | 32.6k tok/s | cert -6.64→-6.21 | ticks [6.190 5.718 5.624 5.611] | 64M tok | ETA 102.4h
Step  15740 | loss 6.0293 | lr 3.00e-04 | grad 0.92 | 32.9k tok/s | cert -7.26→-6.66 | ticks [6.512 6.314 6.135 6.124] | 64M tok | ETA 102.4h
Step  15750 | loss 5.9086 | lr 3.00e-04 | grad 0.85 | 33.1k tok/s | cert -6.84→-6.26 | ticks [6.620 6.262 6.159 6.154] | 65M tok | ETA 102.4h
Step  15760 | loss 5.7774 | lr 3.00e-04 | grad 0.84 | 33.2k tok/s | cert -7.13→-6.32 | ticks [6.391 6.019 5.860 5.851] | 65M tok | ETA 102.4h
Step  15770 | loss 5.9101 | lr 3.00e-04 | grad 0.88 | 32.8k tok/s | cert -7.62→-6.66 | ticks [6.840 6.224 6.135 6.128] | 65M tok | ETA 102.4h
Step  15780 | loss 5.9353 | lr 3.00e-04 | grad 1.62 | 32.8k tok/s | cert -8.24→-6.65 | ticks [6.443 5.797 5.719 5.710] | 65M tok | ETA 102.4h
Step  15790 | loss 5.9721 | lr 3.00e-04 | grad 0.76 | 32.6k tok/s | cert -7.03→-6.43 | ticks [6.896 6.438 6.313 6.302] | 65M tok | ETA 102.4h
Step  15800 | loss 5.9838 | lr 3.00e-04 | grad 0.70 | 32.5k tok/s | cert -7.42→-6.26 | ticks [6.285 5.982 5.800 5.788] | 65M tok | ETA 102.4h
Step  15810 | loss 5.9033 | lr 3.00e-04 | grad 1.41 | 32.6k tok/s | cert -7.23→-6.70 | ticks [7.067 6.577 6.427 6.415] | 65M tok | ETA 102.4h
Step  15820 | loss 5.8473 | lr 3.00e-04 | grad 0.66 | 32.9k tok/s | cert -6.97→-5.98 | ticks [6.149 5.803 5.668 5.657] | 65M tok | ETA 102.4h
Step  15830 | loss 5.9865 | lr 3.00e-04 | grad 0.66 | 32.9k tok/s | cert -7.28→-6.15 | ticks [6.464 6.063 5.933 5.926] | 65M tok | ETA 102.4h
Step  15840 | loss 6.0221 | lr 3.00e-04 | grad 1.16 | 32.7k tok/s | cert -8.24→-6.85 | ticks [6.792 6.430 6.279 6.273] | 65M tok | ETA 102.4h
Step  15850 | loss 5.9891 | lr 3.00e-04 | grad 0.83 | 32.7k tok/s | cert -6.98→-5.96 | ticks [6.010 5.584 5.459 5.442] | 65M tok | ETA 102.4h
Step  15860 | loss 6.2774 | lr 3.00e-04 | grad 1.41 | 32.7k tok/s | cert -7.90→-7.27 | ticks [6.971 6.859 6.764 6.761] | 65M tok | ETA 102.4h
Step  15870 | loss 5.8555 | lr 3.00e-04 | grad 0.86 | 32.9k tok/s | cert -6.47→-6.40 | ticks [6.878 6.322 6.168 6.159] | 65M tok | ETA 102.4h
Step  15880 | loss 5.9145 | lr 3.00e-04 | grad 0.66 | 32.8k tok/s | cert -6.68→-6.21 | ticks [6.449 5.905 5.811 5.804] | 65M tok | ETA 102.4h
Step  15890 | loss 5.8486 | lr 3.00e-04 | grad 0.76 | 32.7k tok/s | cert -6.35→-6.40 | ticks [6.587 5.941 5.768 5.757] | 65M tok | ETA 102.4h
Step  15900 | loss 6.0038 | lr 3.00e-04 | grad 0.71 | 32.7k tok/s | cert -6.75→-6.45 | ticks [6.816 6.267 6.087 6.080] | 65M tok | ETA 102.4h
Step  15910 | loss 5.9944 | lr 3.00e-04 | grad 1.02 | 32.9k tok/s | cert -6.88→-5.99 | ticks [6.411 5.949 5.834 5.827] | 65M tok | ETA 102.4h
Step  15920 | loss 6.0304 | lr 3.00e-04 | grad 0.88 | 33.0k tok/s | cert -7.12→-6.32 | ticks [6.535 6.147 5.995 5.990] | 65M tok | ETA 102.4h
Step  15930 | loss 5.8643 | lr 3.00e-04 | grad 0.67 | 32.8k tok/s | cert -7.11→-6.10 | ticks [6.259 5.821 5.705 5.697] | 65M tok | ETA 102.3h
Step  15940 | loss 6.0405 | lr 3.00e-04 | grad 1.27 | 32.9k tok/s | cert -7.23→-6.72 | ticks [7.210 6.918 6.868 6.859] | 65M tok | ETA 102.3h
Step  15950 | loss 6.1553 | lr 3.00e-04 | grad 0.80 | 32.9k tok/s | cert -7.19→-6.71 | ticks [6.654 6.310 6.161 6.154] | 65M tok | ETA 102.3h
Step  15960 | loss 5.9795 | lr 3.00e-04 | grad 0.68 | 32.9k tok/s | cert -6.28→-6.60 | ticks [6.873 6.216 6.050 6.039] | 65M tok | ETA 102.3h
Step  15970 | loss 6.0966 | lr 3.00e-04 | grad 0.72 | 32.8k tok/s | cert -7.43→-6.36 | ticks [6.551 6.214 6.095 6.084] | 65M tok | ETA 102.3h
Step  15980 | loss 6.1078 | lr 3.00e-04 | grad 1.14 | 32.9k tok/s | cert -7.13→-6.11 | ticks [6.134 5.843 5.687 5.674] | 65M tok | ETA 102.3h
Step  15990 | loss 5.9438 | lr 3.00e-04 | grad 0.70 | 32.7k tok/s | cert -7.14→-6.57 | ticks [6.505 6.104 6.008 5.995] | 65M tok | ETA 102.3h
Step  16000 | loss 5.9736 | lr 3.00e-04 | grad 0.92 | 32.4k tok/s | cert -6.11→-6.90 | ticks [7.407 6.724 6.605 6.592] | 66M tok | ETA 102.3h
Step  16010 | loss 6.1865 | lr 3.00e-04 | grad 1.08 | 32.6k tok/s | cert -6.86→-7.01 | ticks [6.992 6.512 6.354 6.333] | 66M tok | ETA 102.3h
Step  16020 | loss 6.0106 | lr 3.00e-04 | grad 0.84 | 32.9k tok/s | cert -6.14→-6.07 | ticks [6.394 5.841 5.743 5.737] | 66M tok | ETA 102.3h
Step  16030 | loss 5.8965 | lr 3.00e-04 | grad 0.81 | 32.5k tok/s | cert -6.80→-6.00 | ticks [6.318 5.866 5.766 5.760] | 66M tok | ETA 102.3h
Step  16040 | loss 5.9928 | lr 3.00e-04 | grad 0.71 | 32.9k tok/s | cert -6.96→-6.18 | ticks [6.161 5.756 5.666 5.656] | 66M tok | ETA 102.3h
Step  16050 | loss 5.9813 | lr 3.00e-04 | grad 0.89 | 33.0k tok/s | cert -7.13→-6.49 | ticks [6.315 5.979 5.818 5.803] | 66M tok | ETA 102.3h
Step  16060 | loss 6.0249 | lr 3.00e-04 | grad 1.00 | 33.0k tok/s | cert -6.55→-6.63 | ticks [6.740 6.168 6.084 6.073] | 66M tok | ETA 102.3h
Step  16070 | loss 5.9658 | lr 3.00e-04 | grad 0.71 | 33.0k tok/s | cert -6.92→-6.15 | ticks [6.263 5.959 5.871 5.867] | 66M tok | ETA 102.3h
Step  16080 | loss 5.9245 | lr 3.00e-04 | grad 0.81 | 32.8k tok/s | cert -6.85→-6.18 | ticks [6.523 6.143 6.052 6.049] | 66M tok | ETA 102.3h
Step  16090 | loss 5.9197 | lr 3.00e-04 | grad 0.95 | 32.8k tok/s | cert -6.94→-6.22 | ticks [6.505 6.211 5.984 5.972] | 66M tok | ETA 102.3h
Step  16100 | loss 5.9931 | lr 3.00e-04 | grad 0.73 | 32.3k tok/s | cert -6.81→-6.41 | ticks [6.489 5.992 5.889 5.877] | 66M tok | ETA 102.3h
Step  16110 | loss 5.9177 | lr 3.00e-04 | grad 0.68 | 32.8k tok/s | cert -6.35→-6.23 | ticks [6.610 6.055 5.938 5.924] | 66M tok | ETA 102.3h
Step  16120 | loss 5.9287 | lr 3.00e-04 | grad 0.91 | 32.5k tok/s | cert -6.76→-6.24 | ticks [6.642 6.266 6.113 6.105] | 66M tok | ETA 102.3h
Step  16130 | loss 5.8394 | lr 3.00e-04 | grad 0.91 | 32.6k tok/s | cert -7.59→-6.39 | ticks [6.358 5.981 5.906 5.900] | 66M tok | ETA 102.3h
Step  16140 | loss 5.9604 | lr 3.00e-04 | grad 0.91 | 32.5k tok/s | cert -7.01→-6.60 | ticks [6.572 6.312 6.232 6.216] | 66M tok | ETA 102.3h
Step  16150 | loss 5.9555 | lr 3.00e-04 | grad 0.75 | 33.0k tok/s | cert -7.26→-6.25 | ticks [6.432 6.041 5.922 5.912] | 66M tok | ETA 102.3h
Step  16160 | loss 5.8017 | lr 3.00e-04 | grad 0.97 | 32.6k tok/s | cert -6.87→-6.21 | ticks [6.526 6.130 6.013 6.006] | 66M tok | ETA 102.3h
Step  16170 | loss 5.9009 | lr 3.00e-04 | grad 1.08 | 32.7k tok/s | cert -6.50→-6.16 | ticks [6.262 5.920 5.761 5.751] | 66M tok | ETA 102.3h
Step  16180 | loss 5.9182 | lr 3.00e-04 | grad 0.80 | 33.2k tok/s | cert -6.44→-6.34 | ticks [6.701 5.964 5.841 5.827] | 66M tok | ETA 102.3h
Step  16190 | loss 5.8961 | lr 3.00e-04 | grad 0.66 | 33.0k tok/s | cert -6.80→-6.10 | ticks [6.227 5.770 5.681 5.674] | 66M tok | ETA 102.3h
Step  16200 | loss 5.7944 | lr 3.00e-04 | grad 0.79 | 32.2k tok/s | cert -6.93→-6.07 | ticks [6.341 5.833 5.672 5.660] | 66M tok | ETA 102.3h
Step  16210 | loss 5.7725 | lr 3.00e-04 | grad 0.68 | 33.0k tok/s | cert -6.47→-5.90 | ticks [5.998 5.532 5.392 5.383] | 66M tok | ETA 102.3h
Step  16220 | loss 5.9956 | lr 3.00e-04 | grad 0.78 | 33.1k tok/s | cert -6.62→-6.43 | ticks [6.657 6.345 6.157 6.143] | 66M tok | ETA 102.3h
Step  16230 | loss 5.9250 | lr 3.00e-04 | grad 0.98 | 32.8k tok/s | cert -7.53→-6.49 | ticks [6.175 5.832 5.661 5.649] | 66M tok | ETA 102.3h
Step  16240 | loss 5.9447 | lr 3.00e-04 | grad 0.86 | 32.9k tok/s | cert -7.72→-6.66 | ticks [6.681 6.440 6.222 6.208] | 67M tok | ETA 102.3h
Step  16250 | loss 5.8550 | lr 3.00e-04 | grad 0.73 | 32.8k tok/s | cert -7.21→-6.24 | ticks [6.187 5.871 5.752 5.742] | 67M tok | ETA 102.3h
Step  16260 | loss 5.8679 | lr 3.00e-04 | grad 0.76 | 33.0k tok/s | cert -7.57→-6.18 | ticks [6.326 5.949 5.799 5.791] | 67M tok | ETA 102.3h
Step  16270 | loss 5.9404 | lr 3.00e-04 | grad 1.33 | 32.5k tok/s | cert -7.69→-6.57 | ticks [6.594 6.237 6.074 6.054] | 67M tok | ETA 102.3h
Step  16280 | loss 5.9290 | lr 3.00e-04 | grad 0.77 | 32.8k tok/s | cert -7.24→-6.32 | ticks [6.417 5.761 5.660 5.656] | 67M tok | ETA 102.3h
Step  16290 | loss 6.0235 | lr 3.00e-04 | grad 0.84 | 33.0k tok/s | cert -7.33→-6.12 | ticks [6.150 5.980 5.741 5.726] | 67M tok | ETA 102.3h
Step  16300 | loss 5.8488 | lr 3.00e-04 | grad 0.69 | 32.8k tok/s | cert -6.77→-6.23 | ticks [6.564 6.045 5.928 5.919] | 67M tok | ETA 102.3h
Step  16310 | loss 5.8272 | lr 3.00e-04 | grad 0.74 | 32.7k tok/s | cert -6.44→-6.30 | ticks [6.636 6.016 5.854 5.846] | 67M tok | ETA 102.3h
Step  16320 | loss 6.0173 | lr 3.00e-04 | grad 1.30 | 32.8k tok/s | cert -7.71→-6.71 | ticks [6.570 6.169 6.052 6.046] | 67M tok | ETA 102.3h
Step  16330 | loss 5.9549 | lr 3.00e-04 | grad 0.93 | 32.7k tok/s | cert -7.67→-6.73 | ticks [6.573 6.267 6.170 6.161] | 67M tok | ETA 102.3h
Step  16340 | loss 5.9478 | lr 3.00e-04 | grad 0.73 | 32.5k tok/s | cert -6.95→-6.36 | ticks [6.396 6.159 5.909 5.897] | 67M tok | ETA 102.3h
Step  16350 | loss 5.8719 | lr 3.00e-04 | grad 0.82 | 32.9k tok/s | cert -6.48→-6.22 | ticks [6.561 6.130 5.960 5.950] | 67M tok | ETA 102.3h
Step  16360 | loss 6.1444 | lr 3.00e-04 | grad 0.79 | 32.9k tok/s | cert -7.61→-6.76 | ticks [6.840 6.695 6.472 6.457] | 67M tok | ETA 102.2h
Step  16370 | loss 5.8531 | lr 3.00e-04 | grad 0.80 | 32.6k tok/s | cert -7.33→-6.36 | ticks [6.603 6.278 6.118 6.102] | 67M tok | ETA 102.2h
Step  16380 | loss 5.9203 | lr 3.00e-04 | grad 0.77 | 32.7k tok/s | cert -7.64→-6.48 | ticks [6.472 6.148 6.027 6.018] | 67M tok | ETA 102.2h
Step  16390 | loss 5.9497 | lr 3.00e-04 | grad 1.02 | 32.8k tok/s | cert -7.08→-6.62 | ticks [6.469 6.066 5.950 5.934] | 67M tok | ETA 102.2h
Step  16400 | loss 6.0560 | lr 3.00e-04 | grad 0.83 | 32.9k tok/s | cert -7.43→-6.50 | ticks [6.592 6.253 6.125 6.113] | 67M tok | ETA 102.2h
Step  16410 | loss 6.0129 | lr 3.00e-04 | grad 1.16 | 32.9k tok/s | cert -7.66→-6.68 | ticks [6.500 6.298 6.039 6.021] | 67M tok | ETA 102.2h
Step  16420 | loss 6.0981 | lr 3.00e-04 | grad 1.06 | 32.8k tok/s | cert -7.20→-6.44 | ticks [6.754 6.355 6.224 6.217] | 67M tok | ETA 102.2h
Step  16430 | loss 6.0574 | lr 3.00e-04 | grad 0.98 | 33.0k tok/s | cert -7.46→-6.28 | ticks [6.518 6.150 5.986 5.974] | 67M tok | ETA 102.2h
Step  16440 | loss 5.8311 | lr 3.00e-04 | grad 0.72 | 32.7k tok/s | cert -7.00→-6.46 | ticks [6.500 6.139 6.016 6.006] | 67M tok | ETA 102.2h
Step  16450 | loss 5.8694 | lr 3.00e-04 | grad 0.72 | 33.1k tok/s | cert -7.39→-6.25 | ticks [6.358 6.059 5.901 5.894] | 67M tok | ETA 102.2h
Step  16460 | loss 5.9977 | lr 3.00e-04 | grad 0.77 | 32.8k tok/s | cert -6.74→-6.53 | ticks [6.644 6.215 5.984 5.971] | 67M tok | ETA 102.2h
Step  16470 | loss 5.8947 | lr 3.00e-04 | grad 0.70 | 33.0k tok/s | cert -6.96→-6.33 | ticks [6.468 6.262 6.025 6.012] | 67M tok | ETA 102.2h
Step  16480 | loss 6.1565 | lr 3.00e-04 | grad 0.68 | 33.0k tok/s | cert -6.70→-6.39 | ticks [6.505 6.107 5.881 5.871] | 68M tok | ETA 102.2h
Step  16490 | loss 5.7381 | lr 3.00e-04 | grad 0.83 | 32.8k tok/s | cert -6.72→-5.85 | ticks [6.088 5.681 5.574 5.566] | 68M tok | ETA 102.2h
Step  16500 | loss 5.8975 | lr 3.00e-04 | grad 0.65 | 32.7k tok/s | cert -7.24→-6.12 | ticks [6.377 5.927 5.846 5.834] | 68M tok | ETA 102.2h
Step  16510 | loss 5.8649 | lr 3.00e-04 | grad 1.47 | 32.8k tok/s | cert -7.46→-6.37 | ticks [6.620 6.219 6.107 6.108] | 68M tok | ETA 102.2h
Step  16520 | loss 5.9373 | lr 3.00e-04 | grad 0.70 | 32.9k tok/s | cert -6.76→-6.14 | ticks [6.274 5.852 5.707 5.695] | 68M tok | ETA 102.2h
Step  16530 | loss 5.8502 | lr 3.00e-04 | grad 0.73 | 32.7k tok/s | cert -6.83→-6.45 | ticks [6.532 6.047 5.953 5.948] | 68M tok | ETA 102.2h
Step  16540 | loss 5.5261 | lr 3.00e-04 | grad 1.18 | 32.5k tok/s | cert -6.67→-5.53 | ticks [5.658 5.351 5.287 5.285] | 68M tok | ETA 102.2h
Step  16550 | loss 5.7621 | lr 3.00e-04 | grad 1.35 | 32.8k tok/s | cert -7.94→-7.11 | ticks [6.658 6.460 6.241 6.232] | 68M tok | ETA 102.2h
Step  16560 | loss 6.0024 | lr 3.00e-04 | grad 0.93 | 32.8k tok/s | cert -7.01→-6.10 | ticks [6.468 6.108 6.022 6.016] | 68M tok | ETA 102.2h
Step  16570 | loss 6.0290 | lr 3.00e-04 | grad 1.28 | 32.7k tok/s | cert -6.20→-6.91 | ticks [7.237 6.548 6.438 6.425] | 68M tok | ETA 102.2h
Step  16580 | loss 5.8703 | lr 3.00e-04 | grad 1.28 | 32.4k tok/s | cert -7.98→-6.91 | ticks [6.560 6.393 6.230 6.217] | 68M tok | ETA 102.2h
Step  16590 | loss 5.8926 | lr 3.00e-04 | grad 0.75 | 32.7k tok/s | cert -6.56→-5.77 | ticks [6.022 5.624 5.476 5.467] | 68M tok | ETA 102.2h
Step  16600 | loss 5.9487 | lr 3.00e-04 | grad 0.77 | 32.8k tok/s | cert -6.59→-6.20 | ticks [6.408 5.936 5.777 5.766] | 68M tok | ETA 102.2h
Step  16610 | loss 5.9367 | lr 3.00e-04 | grad 0.72 | 32.8k tok/s | cert -7.04→-6.24 | ticks [6.471 6.023 5.929 5.920] | 68M tok | ETA 102.2h
Step  16620 | loss 5.9354 | lr 3.00e-04 | grad 0.67 | 32.7k tok/s | cert -7.14→-6.45 | ticks [6.689 6.280 6.123 6.111] | 68M tok | ETA 102.2h
Step  16630 | loss 6.0461 | lr 3.00e-04 | grad 1.01 | 32.7k tok/s | cert -7.96→-6.41 | ticks [6.455 6.051 5.966 5.957] | 68M tok | ETA 102.2h
Step  16640 | loss 5.8591 | lr 3.00e-04 | grad 0.77 | 32.8k tok/s | cert -6.91→-6.18 | ticks [6.271 5.816 5.679 5.667] | 68M tok | ETA 102.2h
Step  16650 | loss 6.0680 | lr 3.00e-04 | grad 1.21 | 32.7k tok/s | cert -7.71→-6.32 | ticks [6.337 6.148 5.976 5.964] | 68M tok | ETA 102.2h
Step  16660 | loss 6.0780 | lr 3.00e-04 | grad 0.83 | 32.6k tok/s | cert -6.93→-6.86 | ticks [6.772 6.395 6.289 6.276] | 68M tok | ETA 102.2h
Step  16670 | loss 5.9230 | lr 3.00e-04 | grad 0.76 | 32.7k tok/s | cert -6.89→-6.14 | ticks [6.156 5.834 5.601 5.584] | 68M tok | ETA 102.2h
Step  16680 | loss 6.0120 | lr 3.00e-04 | grad 0.80 | 32.5k tok/s | cert -7.38→-6.70 | ticks [6.768 6.419 6.312 6.307] | 68M tok | ETA 102.2h
Step  16690 | loss 5.9610 | lr 3.00e-04 | grad 0.96 | 32.8k tok/s | cert -7.23→-6.31 | ticks [6.660 6.233 6.139 6.131] | 68M tok | ETA 102.2h
Step  16700 | loss 5.8535 | lr 3.00e-04 | grad 0.72 | 33.0k tok/s | cert -6.76→-6.19 | ticks [6.600 6.082 5.925 5.916] | 68M tok | ETA 102.2h
Step  16710 | loss 5.9429 | lr 3.00e-04 | grad 1.10 | 32.9k tok/s | cert -6.44→-6.54 | ticks [6.674 6.036 5.874 5.865] | 68M tok | ETA 102.2h
Step  16720 | loss 5.8945 | lr 3.00e-04 | grad 1.01 | 32.8k tok/s | cert -7.25→-6.74 | ticks [6.545 6.342 6.099 6.080] | 68M tok | ETA 102.2h
Step  16730 | loss 5.9243 | lr 3.00e-04 | grad 0.74 | 32.7k tok/s | cert -6.61→-6.06 | ticks [6.415 5.782 5.651 5.638] | 69M tok | ETA 102.2h
Step  16740 | loss 5.8365 | lr 3.00e-04 | grad 0.73 | 32.8k tok/s | cert -7.30→-5.96 | ticks [6.172 5.754 5.643 5.632] | 69M tok | ETA 102.2h
Step  16750 | loss 5.8315 | lr 3.00e-04 | grad 0.71 | 32.3k tok/s | cert -7.55→-5.94 | ticks [6.258 5.850 5.716 5.707] | 69M tok | ETA 102.2h
Step  16760 | loss 5.8285 | lr 3.00e-04 | grad 0.74 | 32.4k tok/s | cert -7.63→-6.31 | ticks [6.344 5.919 5.736 5.726] | 69M tok | ETA 102.2h
Step  16770 | loss 5.7758 | lr 3.00e-04 | grad 0.64 | 32.8k tok/s | cert -7.18→-6.21 | ticks [6.315 5.974 5.815 5.806] | 69M tok | ETA 102.2h
Step  16780 | loss 5.9555 | lr 3.00e-04 | grad 1.20 | 32.6k tok/s | cert -7.33→-6.47 | ticks [6.754 6.498 6.368 6.356] | 69M tok | ETA 102.2h
Step  16790 | loss 5.9842 | lr 3.00e-04 | grad 0.76 | 32.6k tok/s | cert -6.80→-6.06 | ticks [6.463 5.985 5.836 5.828] | 69M tok | ETA 102.2h
Step  16800 | loss 5.9347 | lr 3.00e-04 | grad 0.69 | 32.6k tok/s | cert -7.21→-6.02 | ticks [6.427 5.716 5.592 5.585] | 69M tok | ETA 102.2h
Step  16810 | loss 5.9351 | lr 3.00e-04 | grad 0.88 | 32.7k tok/s | cert -6.89→-6.26 | ticks [6.273 5.877 5.759 5.746] | 69M tok | ETA 102.2h
Step  16820 | loss 5.7762 | lr 3.00e-04 | grad 0.67 | 32.8k tok/s | cert -6.92→-6.30 | ticks [6.468 5.993 5.893 5.884] | 69M tok | ETA 102.1h
Step  16830 | loss 5.9019 | lr 3.00e-04 | grad 0.82 | 32.7k tok/s | cert -6.77→-6.41 | ticks [6.537 6.076 5.946 5.937] | 69M tok | ETA 102.1h
Step  16840 | loss 6.0141 | lr 3.00e-04 | grad 0.77 | 32.9k tok/s | cert -7.86→-6.59 | ticks [6.579 6.222 6.122 6.113] | 69M tok | ETA 102.1h
Step  16850 | loss 5.8348 | lr 3.00e-04 | grad 1.00 | 32.4k tok/s | cert -6.18→-6.06 | ticks [6.605 5.918 5.800 5.792] | 69M tok | ETA 102.1h
Step  16860 | loss 5.7818 | lr 3.00e-04 | grad 0.73 | 32.7k tok/s | cert -7.11→-6.05 | ticks [6.211 5.840 5.672 5.661] | 69M tok | ETA 102.1h
Step  16870 | loss 5.8555 | lr 3.00e-04 | grad 1.05 | 32.8k tok/s | cert -6.62→-6.85 | ticks [7.026 6.350 6.244 6.231] | 69M tok | ETA 102.1h
Step  16880 | loss 5.9506 | lr 3.00e-04 | grad 0.87 | 32.3k tok/s | cert -6.89→-6.22 | ticks [6.365 5.824 5.728 5.720] | 69M tok | ETA 102.1h
Step  16890 | loss 5.7844 | lr 3.00e-04 | grad 0.64 | 32.9k tok/s | cert -6.63→-6.15 | ticks [6.364 5.837 5.732 5.724] | 69M tok | ETA 102.1h
Step  16900 | loss 6.0178 | lr 3.00e-04 | grad 0.95 | 32.8k tok/s | cert -7.67→-6.78 | ticks [6.712 6.459 6.309 6.288] | 69M tok | ETA 102.1h
Step  16910 | loss 5.7730 | lr 3.00e-04 | grad 0.80 | 32.7k tok/s | cert -6.86→-6.28 | ticks [6.475 5.992 5.861 5.849] | 69M tok | ETA 102.1h
Step  16920 | loss 5.9045 | lr 3.00e-04 | grad 0.73 | 32.4k tok/s | cert -7.53→-6.35 | ticks [6.447 6.109 5.968 5.961] | 69M tok | ETA 102.1h
Step  16930 | loss 6.0222 | lr 3.00e-04 | grad 0.92 | 32.8k tok/s | cert -6.73→-6.13 | ticks [6.556 6.096 5.990 5.980] | 69M tok | ETA 102.1h
Step  16940 | loss 5.9217 | lr 3.00e-04 | grad 1.16 | 32.6k tok/s | cert -7.53→-6.01 | ticks [6.390 6.041 5.955 5.949] | 69M tok | ETA 102.1h
Step  16950 | loss 6.0027 | lr 3.00e-04 | grad 1.14 | 32.6k tok/s | cert -7.30→-6.66 | ticks [6.382 6.091 5.974 5.958] | 69M tok | ETA 102.1h
Step  16960 | loss 5.8093 | lr 3.00e-04 | grad 1.34 | 32.6k tok/s | cert -6.99→-6.25 | ticks [6.112 5.659 5.574 5.560] | 69M tok | ETA 102.1h
Step  16970 | loss 5.9670 | lr 3.00e-04 | grad 0.68 | 32.4k tok/s | cert -6.87→-6.43 | ticks [6.646 6.092 5.972 5.959] | 70M tok | ETA 102.1h
Step  16980 | loss 5.9429 | lr 3.00e-04 | grad 0.71 | 32.9k tok/s | cert -7.19→-6.17 | ticks [6.416 5.989 5.795 5.783] | 70M tok | ETA 102.1h
Step  16990 | loss 5.8099 | lr 3.00e-04 | grad 0.73 | 32.8k tok/s | cert -7.09→-6.45 | ticks [6.662 6.337 6.200 6.190] | 70M tok | ETA 102.1h
Step  17000 | loss 5.9699 | lr 3.00e-04 | grad 0.95 | 32.7k tok/s | cert -7.00→-6.46 | ticks [6.615 6.264 6.116 6.104] | 70M tok | ETA 102.1h
Step  17010 | loss 5.9623 | lr 3.00e-04 | grad 0.96 | 32.8k tok/s | cert -7.12→-6.74 | ticks [6.693 6.409 6.201 6.190] | 70M tok | ETA 102.1h
Step  17020 | loss 5.7910 | lr 3.00e-04 | grad 0.74 | 32.4k tok/s | cert -6.71→-5.97 | ticks [6.202 5.819 5.660 5.647] | 70M tok | ETA 102.1h
Step  17030 | loss 6.0338 | lr 3.00e-04 | grad 0.82 | 32.7k tok/s | cert -6.85→-6.18 | ticks [6.348 6.044 5.913 5.900] | 70M tok | ETA 102.1h
Step  17040 | loss 5.8278 | lr 3.00e-04 | grad 0.71 | 32.9k tok/s | cert -7.50→-6.38 | ticks [6.529 6.091 5.920 5.907] | 70M tok | ETA 102.1h
Step  17050 | loss 6.1175 | lr 3.00e-04 | grad 1.07 | 32.9k tok/s | cert -7.71→-6.10 | ticks [6.456 6.043 5.953 5.946] | 70M tok | ETA 102.1h
Step  17060 | loss 5.9518 | lr 3.00e-04 | grad 0.96 | 33.1k tok/s | cert -7.35→-6.60 | ticks [6.496 6.182 6.049 6.027] | 70M tok | ETA 102.1h
Step  17070 | loss 5.9100 | lr 3.00e-04 | grad 0.69 | 32.7k tok/s | cert -7.68→-6.33 | ticks [6.393 6.090 5.921 5.906] | 70M tok | ETA 102.1h
Step  17080 | loss 6.0072 | lr 3.00e-04 | grad 0.77 | 32.9k tok/s | cert -7.22→-6.66 | ticks [6.719 6.335 6.197 6.185] | 70M tok | ETA 102.1h
Step  17090 | loss 5.8989 | lr 3.00e-04 | grad 0.87 | 32.7k tok/s | cert -6.62→-6.15 | ticks [6.587 5.985 5.856 5.853] | 70M tok | ETA 102.1h
Step  17100 | loss 5.9284 | lr 3.00e-04 | grad 0.81 | 32.8k tok/s | cert -7.18→-6.45 | ticks [6.359 6.017 5.856 5.842] | 70M tok | ETA 102.1h
Step  17110 | loss 5.8198 | lr 3.00e-04 | grad 0.91 | 32.8k tok/s | cert -6.79→-6.25 | ticks [6.244 5.818 5.692 5.681] | 70M tok | ETA 102.1h
Step  17120 | loss 5.8467 | lr 3.00e-04 | grad 0.84 | 32.7k tok/s | cert -7.37→-6.52 | ticks [6.550 6.013 5.926 5.915] | 70M tok | ETA 102.1h
Step  17130 | loss 5.9501 | lr 3.00e-04 | grad 1.12 | 32.8k tok/s | cert -5.82→-6.63 | ticks [6.890 6.159 6.028 6.017] | 70M tok | ETA 102.1h
Step  17140 | loss 6.0696 | lr 3.00e-04 | grad 0.73 | 33.0k tok/s | cert -6.95→-6.47 | ticks [6.551 6.279 6.090 6.080] | 70M tok | ETA 102.1h
Step  17150 | loss 5.9907 | lr 3.00e-04 | grad 0.79 | 32.7k tok/s | cert -7.37→-6.58 | ticks [6.700 6.334 6.139 6.132] | 70M tok | ETA 102.1h
Step  17160 | loss 5.9169 | lr 3.00e-04 | grad 0.88 | 32.8k tok/s | cert -7.16→-6.46 | ticks [6.642 6.365 6.200 6.191] | 70M tok | ETA 102.1h
Step  17170 | loss 5.7958 | lr 3.00e-04 | grad 0.78 | 33.0k tok/s | cert -7.26→-6.31 | ticks [6.380 6.159 5.961 5.949] | 70M tok | ETA 102.1h
Step  17180 | loss 5.9808 | lr 3.00e-04 | grad 0.76 | 32.5k tok/s | cert -7.73→-6.57 | ticks [6.649 6.384 6.223 6.206] | 70M tok | ETA 102.1h
Step  17190 | loss 5.9576 | lr 3.00e-04 | grad 1.19 | 33.1k tok/s | cert -6.65→-6.44 | ticks [6.324 6.040 5.872 5.853] | 70M tok | ETA 102.1h
Step  17200 | loss 5.9753 | lr 3.00e-04 | grad 0.83 | 32.5k tok/s | cert -6.91→-6.28 | ticks [6.404 6.162 5.942 5.934] | 70M tok | ETA 102.1h
Step  17210 | loss 5.8177 | lr 3.00e-04 | grad 0.67 | 32.7k tok/s | cert -7.11→-6.25 | ticks [6.449 6.066 5.971 5.956] | 70M tok | ETA 102.1h
Step  17220 | loss 5.9069 | lr 3.00e-04 | grad 0.77 | 32.3k tok/s | cert -6.71→-6.15 | ticks [6.294 5.789 5.686 5.677] | 71M tok | ETA 102.1h
Step  17230 | loss 5.7885 | lr 3.00e-04 | grad 0.68 | 32.6k tok/s | cert -7.04→-6.32 | ticks [6.443 6.126 5.986 5.979] | 71M tok | ETA 102.1h
Step  17240 | loss 5.8948 | lr 3.00e-04 | grad 0.80 | 32.6k tok/s | cert -6.85→-6.38 | ticks [6.494 6.117 6.032 6.024] | 71M tok | ETA 102.1h
Step  17250 | loss 5.9451 | lr 3.00e-04 | grad 0.83 | 33.0k tok/s | cert -6.78→-6.29 | ticks [6.658 6.221 6.088 6.077] | 71M tok | ETA 102.1h
Step  17260 | loss 5.9395 | lr 3.00e-04 | grad 0.80 | 32.8k tok/s | cert -7.32→-6.48 | ticks [6.680 6.375 6.161 6.150] | 71M tok | ETA 102.1h
Step  17270 | loss 5.8235 | lr 3.00e-04 | grad 0.94 | 33.0k tok/s | cert -6.53→-6.34 | ticks [6.719 6.106 5.987 5.978] | 71M tok | ETA 102.1h
Step  17280 | loss 5.7678 | lr 3.00e-04 | grad 0.73 | 32.9k tok/s | cert -6.60→-5.96 | ticks [6.270 5.956 5.780 5.767] | 71M tok | ETA 102.1h
Step  17290 | loss 5.8417 | lr 3.00e-04 | grad 1.34 | 32.8k tok/s | cert -7.50→-6.50 | ticks [6.225 5.932 5.737 5.723] | 71M tok | ETA 102.1h
Step  17300 | loss 5.8468 | lr 3.00e-04 | grad 0.82 | 33.1k tok/s | cert -7.54→-6.16 | ticks [6.160 5.764 5.669 5.664] | 71M tok | ETA 102.0h
Step  17310 | loss 5.8056 | lr 3.00e-04 | grad 0.81 | 32.9k tok/s | cert -7.11→-6.31 | ticks [6.443 6.116 5.956 5.943] | 71M tok | ETA 102.0h
Step  17320 | loss 5.8805 | lr 3.00e-04 | grad 0.98 | 32.9k tok/s | cert -7.35→-6.40 | ticks [6.196 5.920 5.717 5.698] | 71M tok | ETA 102.0h
Step  17330 | loss 5.8223 | lr 3.00e-04 | grad 1.05 | 33.0k tok/s | cert -6.82→-6.36 | ticks [6.385 5.993 5.830 5.821] | 71M tok | ETA 102.0h
Step  17340 | loss 5.8447 | lr 3.00e-04 | grad 1.14 | 32.7k tok/s | cert -7.78→-6.79 | ticks [6.611 6.286 6.116 6.110] | 71M tok | ETA 102.0h
Step  17350 | loss 5.9148 | lr 3.00e-04 | grad 0.77 | 32.6k tok/s | cert -6.46→-6.07 | ticks [6.479 5.937 5.730 5.721] | 71M tok | ETA 102.0h
Step  17360 | loss 5.9221 | lr 3.00e-04 | grad 0.79 | 32.5k tok/s | cert -6.92→-6.12 | ticks [6.103 5.900 5.595 5.580] | 71M tok | ETA 102.0h
Step  17370 | loss 5.8084 | lr 3.00e-04 | grad 0.98 | 32.6k tok/s | cert -6.75→-6.59 | ticks [6.767 6.178 5.954 5.931] | 71M tok | ETA 102.0h
Step  17380 | loss 5.9314 | lr 3.00e-04 | grad 1.09 | 32.7k tok/s | cert -7.30→-6.33 | ticks [6.277 5.849 5.729 5.721] | 71M tok | ETA 102.0h
Step  17390 | loss 5.9130 | lr 3.00e-04 | grad 0.68 | 32.6k tok/s | cert -6.72→-6.10 | ticks [6.364 5.999 5.741 5.723] | 71M tok | ETA 102.0h
Step  17400 | loss 5.9727 | lr 3.00e-04 | grad 0.93 | 33.0k tok/s | cert -6.59→-6.02 | ticks [6.168 5.673 5.538 5.534] | 71M tok | ETA 102.0h
Step  17410 | loss 5.8499 | lr 3.00e-04 | grad 0.70 | 32.8k tok/s | cert -6.86→-5.92 | ticks [6.272 5.738 5.618 5.610] | 71M tok | ETA 102.0h
Step  17420 | loss 5.8600 | lr 3.00e-04 | grad 1.27 | 32.9k tok/s | cert -8.04→-6.76 | ticks [6.512 6.279 6.122 6.108] | 71M tok | ETA 102.0h
Step  17430 | loss 5.9514 | lr 3.00e-04 | grad 0.71 | 33.1k tok/s | cert -6.62→-6.03 | ticks [6.351 5.793 5.671 5.664] | 71M tok | ETA 102.0h
Step  17440 | loss 5.7493 | lr 3.00e-04 | grad 0.74 | 33.0k tok/s | cert -6.74→-5.91 | ticks [6.201 5.717 5.593 5.583] | 71M tok | ETA 102.0h
Step  17450 | loss 5.9231 | lr 3.00e-04 | grad 0.75 | 32.6k tok/s | cert -6.44→-6.20 | ticks [6.518 5.826 5.687 5.676] | 71M tok | ETA 102.0h
Step  17460 | loss 5.8303 | lr 3.00e-04 | grad 0.86 | 32.5k tok/s | cert -7.12→-6.15 | ticks [6.271 5.853 5.757 5.746] | 72M tok | ETA 102.0h
Step  17470 | loss 6.1020 | lr 3.00e-04 | grad 0.81 | 32.5k tok/s | cert -6.26→-6.46 | ticks [6.695 5.968 5.829 5.822] | 72M tok | ETA 102.0h
Step  17480 | loss 6.0334 | lr 3.00e-04 | grad 0.93 | 32.5k tok/s | cert -6.75→-6.41 | ticks [6.600 6.245 6.103 6.086] | 72M tok | ETA 102.0h
Step  17490 | loss 5.8389 | lr 3.00e-04 | grad 1.40 | 32.8k tok/s | cert -6.87→-6.46 | ticks [6.835 6.417 6.248 6.245] | 72M tok | ETA 102.0h
Step  17500 | loss 5.8726 | lr 3.00e-04 | grad 0.70 | 32.9k tok/s | cert -6.54→-6.38 | ticks [6.661 5.969 5.881 5.871] | 72M tok | ETA 102.0h
Step  17510 | loss 5.8605 | lr 3.00e-04 | grad 1.33 | 32.9k tok/s | cert -7.64→-6.83 | ticks [6.548 6.243 6.103 6.091] | 72M tok | ETA 102.0h
Step  17520 | loss 5.8943 | lr 3.00e-04 | grad 0.84 | 32.7k tok/s | cert -6.78→-6.48 | ticks [6.640 6.091 5.940 5.920] | 72M tok | ETA 102.0h
Step  17530 | loss 6.0656 | lr 3.00e-04 | grad 0.71 | 32.5k tok/s | cert -7.34→-6.46 | ticks [6.734 6.291 6.157 6.147] | 72M tok | ETA 102.0h
Step  17540 | loss 5.8589 | lr 3.00e-04 | grad 0.72 | 33.0k tok/s | cert -7.13→-6.27 | ticks [6.404 6.012 5.875 5.865] | 72M tok | ETA 102.0h
Step  17550 | loss 5.9586 | lr 3.00e-04 | grad 1.03 | 32.6k tok/s | cert -6.29→-6.02 | ticks [6.370 5.771 5.709 5.699] | 72M tok | ETA 102.0h
Step  17560 | loss 5.7034 | lr 3.00e-04 | grad 0.87 | 32.8k tok/s | cert -6.97→-6.35 | ticks [6.383 6.134 6.001 5.995] | 72M tok | ETA 102.0h
Step  17570 | loss 5.9775 | lr 3.00e-04 | grad 0.98 | 32.9k tok/s | cert -7.13→-6.41 | ticks [6.772 6.387 6.251 6.243] | 72M tok | ETA 102.0h
Step  17580 | loss 5.7984 | lr 3.00e-04 | grad 0.80 | 32.7k tok/s | cert -7.09→-6.19 | ticks [6.218 5.977 5.663 5.655] | 72M tok | ETA 102.0h
Step  17590 | loss 6.0170 | lr 3.00e-04 | grad 0.97 | 32.8k tok/s | cert -7.80→-6.67 | ticks [6.789 6.340 6.103 6.089] | 72M tok | ETA 102.0h
Step  17600 | loss 5.9276 | lr 3.00e-04 | grad 0.86 | 32.9k tok/s | cert -7.26→-6.08 | ticks [6.039 5.687 5.575 5.566] | 72M tok | ETA 102.0h
Step  17610 | loss 5.8589 | lr 3.00e-04 | grad 0.76 | 32.4k tok/s | cert -6.89→-6.33 | ticks [6.513 6.159 6.034 6.019] | 72M tok | ETA 102.0h
Step  17620 | loss 5.9914 | lr 3.00e-04 | grad 0.98 | 32.7k tok/s | cert -8.01→-6.88 | ticks [6.714 6.517 6.232 6.224] | 72M tok | ETA 102.0h
Step  17630 | loss 5.9757 | lr 3.00e-04 | grad 0.67 | 32.5k tok/s | cert -7.26→-6.34 | ticks [6.509 6.107 5.967 5.954] | 72M tok | ETA 102.0h
Step  17640 | loss 5.8953 | lr 3.00e-04 | grad 0.84 | 32.9k tok/s | cert -6.84→-6.37 | ticks [6.557 6.046 5.845 5.837] | 72M tok | ETA 102.0h
Step  17650 | loss 5.9506 | lr 3.00e-04 | grad 0.70 | 32.6k tok/s | cert -7.26→-6.42 | ticks [6.659 6.239 6.096 6.086] | 72M tok | ETA 102.0h
Step  17660 | loss 5.7276 | lr 3.00e-04 | grad 0.73 | 32.8k tok/s | cert -7.23→-6.36 | ticks [6.567 6.112 5.960 5.949] | 72M tok | ETA 102.0h
Step  17670 | loss 5.9327 | lr 3.00e-04 | grad 0.66 | 32.7k tok/s | cert -7.24→-6.24 | ticks [6.385 6.094 5.910 5.900] | 72M tok | ETA 102.0h
Step  17680 | loss 6.0732 | lr 3.00e-04 | grad 1.05 | 32.5k tok/s | cert -8.20→-6.79 | ticks [6.981 6.514 6.413 6.403] | 72M tok | ETA 102.0h
Step  17690 | loss 6.0078 | lr 3.00e-04 | grad 0.64 | 32.7k tok/s | cert -7.18→-6.03 | ticks [6.324 5.915 5.774 5.768] | 72M tok | ETA 102.0h
Step  17700 | loss 5.8818 | lr 3.00e-04 | grad 1.23 | 32.8k tok/s | cert -6.51→-6.09 | ticks [6.829 6.106 5.990 5.975] | 73M tok | ETA 102.0h
Step  17710 | loss 5.8693 | lr 3.00e-04 | grad 0.66 | 32.5k tok/s | cert -6.74→-6.25 | ticks [6.440 6.018 5.798 5.785] | 73M tok | ETA 102.0h
Step  17720 | loss 5.9434 | lr 3.00e-04 | grad 0.95 | 32.5k tok/s | cert -7.76→-6.37 | ticks [6.543 6.147 6.034 6.029] | 73M tok | ETA 102.0h
Step  17730 | loss 5.9023 | lr 3.00e-04 | grad 0.70 | 32.3k tok/s | cert -7.07→-6.18 | ticks [6.427 5.836 5.722 5.711] | 73M tok | ETA 102.0h
Step  17740 | loss 5.8851 | lr 3.00e-04 | grad 0.74 | 32.7k tok/s | cert -6.41→-6.17 | ticks [6.475 6.011 5.858 5.846] | 73M tok | ETA 102.0h
Step  17750 | loss 5.9078 | lr 3.00e-04 | grad 0.81 | 32.8k tok/s | cert -7.04→-6.41 | ticks [6.643 6.344 6.212 6.202] | 73M tok | ETA 102.0h
Step  17760 | loss 5.7316 | lr 3.00e-04 | grad 0.73 | 32.8k tok/s | cert -6.96→-6.02 | ticks [6.082 5.689 5.554 5.543] | 73M tok | ETA 102.0h
Step  17770 | loss 5.8230 | lr 3.00e-04 | grad 0.82 | 32.8k tok/s | cert -7.00→-6.58 | ticks [6.642 6.173 6.071 6.060] | 73M tok | ETA 102.0h
Step  17780 | loss 5.9570 | lr 3.00e-04 | grad 0.77 | 33.0k tok/s | cert -6.68→-6.45 | ticks [6.809 6.335 6.228 6.224] | 73M tok | ETA 102.0h
Step  17790 | loss 5.9701 | lr 3.00e-04 | grad 0.71 | 32.9k tok/s | cert -6.55→-6.15 | ticks [6.502 5.991 5.774 5.763] | 73M tok | ETA 102.0h
Step  17800 | loss 5.8829 | lr 3.00e-04 | grad 0.90 | 32.8k tok/s | cert -7.73→-6.55 | ticks [6.565 6.240 6.056 6.039] | 73M tok | ETA 102.0h
Step  17810 | loss 5.8050 | lr 3.00e-04 | grad 0.72 | 32.8k tok/s | cert -7.19→-5.98 | ticks [6.349 5.841 5.718 5.709] | 73M tok | ETA 101.9h
Step  17820 | loss 6.0077 | lr 3.00e-04 | grad 0.77 | 32.6k tok/s | cert -7.97→-7.05 | ticks [6.993 6.603 6.464 6.457] | 73M tok | ETA 101.9h
Step  17830 | loss 5.7451 | lr 3.00e-04 | grad 0.88 | 32.8k tok/s | cert -7.08→-6.28 | ticks [6.350 5.909 5.784 5.771] | 73M tok | ETA 101.9h
Step  17840 | loss 5.8566 | lr 3.00e-04 | grad 0.78 | 32.8k tok/s | cert -6.59→-6.50 | ticks [6.718 6.152 5.985 5.973] | 73M tok | ETA 101.9h
Step  17850 | loss 5.9022 | lr 3.00e-04 | grad 0.67 | 32.7k tok/s | cert -6.71→-6.38 | ticks [6.815 6.156 6.034 6.028] | 73M tok | ETA 101.9h
Step  17860 | loss 5.8287 | lr 3.00e-04 | grad 0.73 | 32.6k tok/s | cert -7.76→-6.21 | ticks [6.413 5.864 5.766 5.763] | 73M tok | ETA 101.9h
Step  17870 | loss 5.9356 | lr 3.00e-04 | grad 0.86 | 32.6k tok/s | cert -7.25→-6.23 | ticks [6.403 6.020 5.923 5.907] | 73M tok | ETA 101.9h
Step  17880 | loss 5.9508 | lr 3.00e-04 | grad 0.73 | 32.7k tok/s | cert -6.50→-6.23 | ticks [6.725 6.159 5.988 5.975] | 73M tok | ETA 101.9h
Step  17890 | loss 5.7929 | lr 3.00e-04 | grad 0.76 | 32.7k tok/s | cert -6.77→-6.16 | ticks [6.496 6.067 5.861 5.850] | 73M tok | ETA 101.9h
Step  17900 | loss 6.0405 | lr 3.00e-04 | grad 0.75 | 32.8k tok/s | cert -6.52→-6.34 | ticks [6.720 6.105 5.957 5.946] | 73M tok | ETA 101.9h
Step  17910 | loss 5.9681 | lr 3.00e-04 | grad 0.74 | 32.5k tok/s | cert -7.47→-6.58 | ticks [6.427 6.127 5.995 5.985] | 73M tok | ETA 101.9h
Step  17920 | loss 5.9933 | lr 3.00e-04 | grad 0.68 | 32.6k tok/s | cert -6.99→-6.08 | ticks [6.215 5.949 5.829 5.819] | 73M tok | ETA 101.9h
Step  17930 | loss 5.8589 | lr 3.00e-04 | grad 0.80 | 32.8k tok/s | cert -7.05→-5.99 | ticks [6.047 5.679 5.527 5.517] | 73M tok | ETA 101.9h
Step  17940 | loss 5.8559 | lr 3.00e-04 | grad 0.95 | 32.4k tok/s | cert -7.76→-6.69 | ticks [6.847 6.388 6.238 6.231] | 73M tok | ETA 101.9h
Step  17950 | loss 5.9709 | lr 3.00e-04 | grad 1.12 | 32.6k tok/s | cert -7.35→-6.45 | ticks [6.348 5.998 5.842 5.829] | 74M tok | ETA 101.9h
Step  17960 | loss 5.9031 | lr 3.00e-04 | grad 1.01 | 32.6k tok/s | cert -6.23→-6.31 | ticks [6.603 5.943 5.811 5.801] | 74M tok | ETA 101.9h
Step  17970 | loss 6.0228 | lr 3.00e-04 | grad 0.93 | 32.6k tok/s | cert -7.28→-6.88 | ticks [7.041 6.423 6.268 6.261] | 74M tok | ETA 101.9h
Step  17980 | loss 5.8819 | lr 3.00e-04 | grad 0.78 | 32.7k tok/s | cert -7.22→-6.43 | ticks [6.641 6.335 6.100 6.083] | 74M tok | ETA 101.9h
Step  17990 | loss 6.0211 | lr 3.00e-04 | grad 0.97 | 33.1k tok/s | cert -7.24→-6.32 | ticks [6.659 6.313 6.095 6.080] | 74M tok | ETA 101.9h
Step  18000 | loss 6.0336 | lr 3.00e-04 | grad 0.77 | 32.8k tok/s | cert -6.56→-6.33 | ticks [6.661 6.140 5.913 5.904] | 74M tok | ETA 101.9h
Step  18010 | loss 5.9594 | lr 3.00e-04 | grad 1.00 | 33.0k tok/s | cert -6.50→-6.03 | ticks [6.110 5.611 5.473 5.466] | 74M tok | ETA 101.9h
Step  18020 | loss 5.9700 | lr 3.00e-04 | grad 0.89 | 32.6k tok/s | cert -7.33→-6.39 | ticks [6.384 5.859 5.764 5.751] | 74M tok | ETA 101.9h
Step  18030 | loss 5.8895 | lr 3.00e-04 | grad 1.05 | 32.8k tok/s | cert -6.92→-6.67 | ticks [6.606 6.086 5.911 5.901] | 74M tok | ETA 101.9h
Step  18040 | loss 5.9008 | lr 3.00e-04 | grad 0.80 | 32.7k tok/s | cert -7.29→-6.34 | ticks [6.392 6.155 5.990 5.981] | 74M tok | ETA 101.9h
Step  18050 | loss 6.0354 | lr 3.00e-04 | grad 1.42 | 32.7k tok/s | cert -7.59→-7.28 | ticks [7.014 6.672 6.623 6.610] | 74M tok | ETA 101.9h
Step  18060 | loss 5.8204 | lr 3.00e-04 | grad 0.73 | 33.0k tok/s | cert -6.39→-6.28 | ticks [6.509 6.019 5.779 5.769] | 74M tok | ETA 101.9h
Step  18070 | loss 5.8446 | lr 3.00e-04 | grad 0.68 | 32.5k tok/s | cert -6.96→-6.47 | ticks [6.528 6.065 5.843 5.829] | 74M tok | ETA 101.9h
Step  18080 | loss 5.9341 | lr 3.00e-04 | grad 1.02 | 32.6k tok/s | cert -6.68→-6.39 | ticks [6.558 6.199 6.038 6.027] | 74M tok | ETA 101.9h
Step  18090 | loss 5.8949 | lr 3.00e-04 | grad 0.74 | 32.8k tok/s | cert -6.95→-6.27 | ticks [6.556 6.159 6.005 5.999] | 74M tok | ETA 101.9h
Step  18100 | loss 5.9975 | lr 3.00e-04 | grad 1.00 | 32.7k tok/s | cert -6.09→-6.21 | ticks [6.570 5.879 5.704 5.686] | 74M tok | ETA 101.9h
Step  18110 | loss 5.9391 | lr 3.00e-04 | grad 0.81 | 33.0k tok/s | cert -7.11→-6.33 | ticks [6.408 6.076 5.940 5.928] | 74M tok | ETA 101.9h
Step  18120 | loss 5.9345 | lr 3.00e-04 | grad 0.77 | 32.6k tok/s | cert -7.22→-5.96 | ticks [6.257 5.874 5.759 5.750] | 74M tok | ETA 101.9h
Step  18130 | loss 5.8955 | lr 3.00e-04 | grad 1.05 | 33.0k tok/s | cert -7.58→-7.01 | ticks [7.135 6.798 6.725 6.712] | 74M tok | ETA 101.9h
Step  18140 | loss 6.1677 | lr 3.00e-04 | grad 0.89 | 32.7k tok/s | cert -6.91→-6.41 | ticks [6.609 6.128 5.929 5.911] | 74M tok | ETA 101.9h
Step  18150 | loss 5.8316 | lr 3.00e-04 | grad 1.08 | 32.8k tok/s | cert -7.18→-6.51 | ticks [6.698 6.229 6.152 6.140] | 74M tok | ETA 101.9h
Step  18160 | loss 5.9565 | lr 3.00e-04 | grad 0.93 | 32.8k tok/s | cert -7.09→-6.46 | ticks [6.279 5.995 5.828 5.814] | 74M tok | ETA 101.9h
Step  18170 | loss 5.9074 | lr 3.00e-04 | grad 0.78 | 32.9k tok/s | cert -7.38→-6.49 | ticks [6.376 6.148 5.985 5.975] | 74M tok | ETA 101.9h
Step  18180 | loss 5.9064 | lr 3.00e-04 | grad 0.86 | 32.9k tok/s | cert -6.43→-6.41 | ticks [6.720 6.033 5.937 5.925] | 74M tok | ETA 101.9h
Step  18190 | loss 5.8658 | lr 3.00e-04 | grad 0.77 | 32.8k tok/s | cert -7.20→-6.65 | ticks [6.759 6.237 6.093 6.085] | 75M tok | ETA 101.9h
Step  18200 | loss 5.9354 | lr 3.00e-04 | grad 0.92 | 33.1k tok/s | cert -8.11→-6.94 | ticks [6.573 6.462 6.126 6.111] | 75M tok | ETA 101.9h
Step  18210 | loss 5.9345 | lr 3.00e-04 | grad 0.86 | 32.9k tok/s | cert -6.33→-6.10 | ticks [6.495 6.044 5.846 5.833] | 75M tok | ETA 101.9h
Step  18220 | loss 6.0568 | lr 3.00e-04 | grad 0.84 | 32.9k tok/s | cert -7.43→-6.40 | ticks [6.656 6.368 6.158 6.149] | 75M tok | ETA 101.9h
Step  18230 | loss 5.9107 | lr 3.00e-04 | grad 1.48 | 32.9k tok/s | cert -7.52→-6.65 | ticks [6.456 6.003 5.824 5.799] | 75M tok | ETA 101.9h
Step  18240 | loss 5.8076 | lr 3.00e-04 | grad 0.84 | 32.5k tok/s | cert -7.79→-6.50 | ticks [6.657 6.194 6.112 6.106] | 75M tok | ETA 101.9h
Step  18250 | loss 5.9747 | lr 3.00e-04 | grad 0.71 | 32.9k tok/s | cert -7.07→-6.32 | ticks [6.454 6.220 6.031 6.028] | 75M tok | ETA 101.9h
Step  18260 | loss 5.9225 | lr 3.00e-04 | grad 0.70 | 32.9k tok/s | cert -7.02→-6.35 | ticks [6.534 6.102 5.955 5.949] | 75M tok | ETA 101.9h
Step  18270 | loss 5.9246 | lr 3.00e-04 | grad 0.95 | 32.7k tok/s | cert -6.81→-6.43 | ticks [6.673 6.242 6.140 6.136] | 75M tok | ETA 101.9h
Step  18280 | loss 5.7983 | lr 3.00e-04 | grad 0.82 | 32.6k tok/s | cert -6.97→-6.10 | ticks [6.389 5.884 5.811 5.799] | 75M tok | ETA 101.9h
Step  18290 | loss 5.9097 | lr 3.00e-04 | grad 0.88 | 32.7k tok/s | cert -6.71→-5.96 | ticks [6.251 5.955 5.825 5.816] | 75M tok | ETA 101.9h
Step  18300 | loss 5.9239 | lr 3.00e-04 | grad 0.70 | 33.1k tok/s | cert -6.93→-6.33 | ticks [6.446 5.982 5.825 5.811] | 75M tok | ETA 101.9h
Step  18310 | loss 5.7126 | lr 3.00e-04 | grad 0.72 | 32.5k tok/s | cert -6.82→-6.19 | ticks [6.444 6.075 5.941 5.933] | 75M tok | ETA 101.9h
Step  18320 | loss 5.9026 | lr 3.00e-04 | grad 0.80 | 33.0k tok/s | cert -6.82→-6.02 | ticks [6.344 6.053 5.888 5.880] | 75M tok | ETA 101.8h
Step  18330 | loss 5.8981 | lr 3.00e-04 | grad 0.74 | 33.0k tok/s | cert -7.13→-6.34 | ticks [6.462 6.131 5.878 5.864] | 75M tok | ETA 101.8h
Step  18340 | loss 6.0517 | lr 3.00e-04 | grad 0.84 | 32.8k tok/s | cert -6.70→-6.35 | ticks [6.519 6.057 5.922 5.915] | 75M tok | ETA 101.8h
Step  18350 | loss 5.8979 | lr 3.00e-04 | grad 0.75 | 33.2k tok/s | cert -7.68→-6.29 | ticks [6.496 6.068 5.922 5.908] | 75M tok | ETA 101.8h
Step  18360 | loss 6.1847 | lr 3.00e-04 | grad 1.24 | 33.0k tok/s | cert -7.65→-6.97 | ticks [6.714 6.540 6.407 6.398] | 75M tok | ETA 101.8h
Step  18370 | loss 5.9701 | lr 3.00e-04 | grad 0.82 | 32.8k tok/s | cert -7.47→-6.45 | ticks [6.567 6.148 6.048 6.043] | 75M tok | ETA 101.8h
Step  18380 | loss 5.8989 | lr 3.00e-04 | grad 0.74 | 32.6k tok/s | cert -7.78→-6.16 | ticks [6.329 5.875 5.761 5.753] | 75M tok | ETA 101.8h
Step  18390 | loss 5.9380 | lr 3.00e-04 | grad 1.27 | 33.1k tok/s | cert -6.98→-6.24 | ticks [6.353 6.087 5.762 5.756] | 75M tok | ETA 101.8h
Step  18400 | loss 5.8600 | lr 3.00e-04 | grad 0.71 | 32.6k tok/s | cert -7.12→-6.38 | ticks [6.872 6.342 6.106 6.092] | 75M tok | ETA 101.8h
Step  18410 | loss 5.9279 | lr 3.00e-04 | grad 0.95 | 32.6k tok/s | cert -6.14→-6.31 | ticks [6.817 6.041 5.904 5.901] | 75M tok | ETA 101.8h
Step  18420 | loss 6.0607 | lr 3.00e-04 | grad 1.02 | 32.6k tok/s | cert -5.97→-6.05 | ticks [6.693 6.108 5.956 5.946] | 75M tok | ETA 101.8h
Step  18430 | loss 5.9656 | lr 3.00e-04 | grad 1.13 | 32.8k tok/s | cert -7.60→-6.79 | ticks [6.633 6.431 6.205 6.187] | 75M tok | ETA 101.8h
Step  18440 | loss 5.9548 | lr 3.00e-04 | grad 0.73 | 32.5k tok/s | cert -7.00→-6.20 | ticks [6.354 6.046 5.859 5.844] | 76M tok | ETA 101.8h
Step  18450 | loss 5.9944 | lr 3.00e-04 | grad 0.71 | 32.9k tok/s | cert -7.46→-6.61 | ticks [6.670 6.254 6.043 6.033] | 76M tok | ETA 101.8h
Step  18460 | loss 5.8524 | lr 3.00e-04 | grad 0.79 | 32.6k tok/s | cert -6.77→-6.22 | ticks [6.412 5.947 5.746 5.736] | 76M tok | ETA 101.8h
Step  18470 | loss 5.8178 | lr 3.00e-04 | grad 0.74 | 32.6k tok/s | cert -7.20→-6.21 | ticks [6.181 5.929 5.559 5.541] | 76M tok | ETA 101.8h
Step  18480 | loss 5.8917 | lr 3.00e-04 | grad 1.37 | 32.4k tok/s | cert -7.74→-6.72 | ticks [6.425 6.104 5.900 5.897] | 76M tok | ETA 101.8h
Step  18490 | loss 5.8782 | lr 3.00e-04 | grad 0.80 | 32.6k tok/s | cert -7.44→-6.63 | ticks [6.727 6.255 6.140 6.131] | 76M tok | ETA 101.8h
Step  18500 | loss 6.0497 | lr 3.00e-04 | grad 1.08 | 32.7k tok/s | cert -7.51→-7.37 | ticks [7.389 6.979 6.896 6.892] | 76M tok | ETA 101.8h
Step  18510 | loss 5.9101 | lr 3.00e-04 | grad 0.79 | 32.6k tok/s | cert -6.65→-6.11 | ticks [6.272 5.825 5.697 5.687] | 76M tok | ETA 101.8h
Step  18520 | loss 5.7928 | lr 3.00e-04 | grad 0.69 | 33.1k tok/s | cert -6.62→-6.50 | ticks [6.689 6.356 6.199 6.190] | 76M tok | ETA 101.8h
Step  18530 | loss 5.9426 | lr 3.00e-04 | grad 0.81 | 32.5k tok/s | cert -6.85→-6.23 | ticks [6.449 6.098 6.027 6.014] | 76M tok | ETA 101.8h
Step  18540 | loss 6.1097 | lr 3.00e-04 | grad 0.76 | 32.7k tok/s | cert -7.02→-6.39 | ticks [6.387 5.941 5.770 5.760] | 76M tok | ETA 101.8h
Step  18550 | loss 6.0496 | lr 3.00e-04 | grad 0.85 | 32.6k tok/s | cert -7.12→-6.54 | ticks [6.583 6.313 6.016 5.999] | 76M tok | ETA 101.8h
Step  18560 | loss 5.9417 | lr 3.00e-04 | grad 0.72 | 32.8k tok/s | cert -6.79→-6.35 | ticks [6.466 6.068 5.942 5.937] | 76M tok | ETA 101.8h
Step  18570 | loss 5.9646 | lr 3.00e-04 | grad 0.68 | 33.3k tok/s | cert -6.58→-6.12 | ticks [6.242 6.009 5.862 5.850] | 76M tok | ETA 101.8h
Step  18580 | loss 6.0574 | lr 3.00e-04 | grad 0.66 | 32.9k tok/s | cert -6.20→-6.38 | ticks [6.633 6.063 5.904 5.888] | 76M tok | ETA 101.8h
Step  18590 | loss 5.7526 | lr 3.00e-04 | grad 0.70 | 32.9k tok/s | cert -6.44→-5.96 | ticks [5.941 5.539 5.434 5.414] | 76M tok | ETA 101.8h
Step  18600 | loss 5.9601 | lr 3.00e-04 | grad 0.71 | 32.8k tok/s | cert -6.92→-6.06 | ticks [6.364 5.898 5.728 5.720] | 76M tok | ETA 101.8h
Step  18610 | loss 5.9424 | lr 3.00e-04 | grad 1.00 | 32.6k tok/s | cert -7.03→-6.47 | ticks [6.366 5.919 5.709 5.699] | 76M tok | ETA 101.8h
Step  18620 | loss 5.9145 | lr 3.00e-04 | grad 0.78 | 32.6k tok/s | cert -7.63→-6.76 | ticks [6.829 6.455 6.234 6.224] | 76M tok | ETA 101.8h
Step  18630 | loss 5.9304 | lr 3.00e-04 | grad 0.78 | 32.6k tok/s | cert -6.34→-6.16 | ticks [6.678 6.132 5.950 5.941] | 76M tok | ETA 101.8h
Step  18640 | loss 5.8237 | lr 3.00e-04 | grad 0.84 | 32.5k tok/s | cert -7.43→-6.51 | ticks [6.342 6.089 5.964 5.953] | 76M tok | ETA 101.8h
Step  18650 | loss 5.9187 | lr 3.00e-04 | grad 0.78 | 32.4k tok/s | cert -6.93→-6.64 | ticks [6.722 6.420 6.182 6.165] | 76M tok | ETA 101.8h
Step  18660 | loss 5.9725 | lr 3.00e-04 | grad 0.81 | 32.3k tok/s | cert -7.32→-6.38 | ticks [6.187 5.880 5.794 5.776] | 76M tok | ETA 101.8h
Step  18670 | loss 5.7868 | lr 3.00e-04 | grad 0.74 | 32.8k tok/s | cert -6.85→-6.03 | ticks [6.343 5.845 5.733 5.724] | 76M tok | ETA 101.8h
Step  18680 | loss 5.8240 | lr 3.00e-04 | grad 0.77 | 32.9k tok/s | cert -6.95→-6.22 | ticks [6.470 6.120 5.937 5.924] | 77M tok | ETA 101.8h
Step  18690 | loss 5.9493 | lr 3.00e-04 | grad 0.72 | 32.9k tok/s | cert -6.66→-5.99 | ticks [6.386 5.959 5.783 5.773] | 77M tok | ETA 101.8h
Step  18700 | loss 5.9376 | lr 3.00e-04 | grad 1.03 | 32.5k tok/s | cert -7.53→-6.70 | ticks [6.632 6.320 6.101 6.082] | 77M tok | ETA 101.8h
Step  18710 | loss 6.0149 | lr 3.00e-04 | grad 0.76 | 32.7k tok/s | cert -6.26→-6.37 | ticks [6.766 6.180 6.036 6.025] | 77M tok | ETA 101.8h
Step  18720 | loss 5.8673 | lr 3.00e-04 | grad 0.92 | 32.7k tok/s | cert -6.69→-6.12 | ticks [6.356 5.796 5.671 5.658] | 77M tok | ETA 101.8h
Step  18730 | loss 5.8808 | lr 3.00e-04 | grad 3.58 | 33.0k tok/s | cert -8.42→-7.35 | ticks [6.435 6.121 5.975 5.956] | 77M tok | ETA 101.8h
Step  18740 | loss 5.9328 | lr 3.00e-04 | grad 1.11 | 32.7k tok/s | cert -7.03→-6.51 | ticks [6.701 6.024 5.844 5.832] | 77M tok | ETA 101.8h
Step  18750 | loss 5.8079 | lr 3.00e-04 | grad 1.01 | 32.6k tok/s | cert -7.21→-6.07 | ticks [6.517 6.030 5.932 5.920] | 77M tok | ETA 101.8h
Step  18760 | loss 5.9916 | lr 3.00e-04 | grad 1.02 | 32.8k tok/s | cert -7.95→-6.50 | ticks [6.503 6.202 5.886 5.881] | 77M tok | ETA 101.8h
Step  18770 | loss 5.8848 | lr 3.00e-04 | grad 0.78 | 33.0k tok/s | cert -6.37→-6.30 | ticks [6.575 6.002 5.808 5.798] | 77M tok | ETA 101.8h
Step  18780 | loss 5.8877 | lr 3.00e-04 | grad 1.17 | 32.8k tok/s | cert -6.81→-6.49 | ticks [6.454 6.081 5.974 5.964] | 77M tok | ETA 101.8h
Step  18790 | loss 5.9157 | lr 3.00e-04 | grad 0.67 | 33.1k tok/s | cert -6.57→-6.26 | ticks [6.644 6.125 5.977 5.967] | 77M tok | ETA 101.8h
Step  18800 | loss 6.1012 | lr 3.00e-04 | grad 0.78 | 32.9k tok/s | cert -6.75→-6.35 | ticks [6.460 6.010 5.794 5.782] | 77M tok | ETA 101.8h
Step  18810 | loss 5.8952 | lr 3.00e-04 | grad 0.76 | 32.8k tok/s | cert -7.17→-6.28 | ticks [6.639 6.056 5.790 5.776] | 77M tok | ETA 101.8h
Step  18820 | loss 5.8590 | lr 3.00e-04 | grad 0.77 | 32.6k tok/s | cert -7.06→-6.06 | ticks [6.161 5.861 5.744 5.736] | 77M tok | ETA 101.8h
Step  18830 | loss 5.7548 | lr 3.00e-04 | grad 0.95 | 32.9k tok/s | cert -6.57→-6.20 | ticks [6.684 5.986 5.868 5.858] | 77M tok | ETA 101.8h
Step  18840 | loss 5.9059 | lr 3.00e-04 | grad 0.75 | 32.8k tok/s | cert -6.50→-6.16 | ticks [6.388 5.892 5.710 5.695] | 77M tok | ETA 101.8h
Step  18850 | loss 5.8765 | lr 3.00e-04 | grad 1.23 | 32.7k tok/s | cert -7.66→-6.21 | ticks [6.181 5.636 5.473 5.460] | 77M tok | ETA 101.8h
Step  18860 | loss 5.8105 | lr 3.00e-04 | grad 0.65 | 32.7k tok/s | cert -6.68→-6.24 | ticks [6.492 6.143 5.791 5.773] | 77M tok | ETA 101.8h
Step  18870 | loss 5.9170 | lr 3.00e-04 | grad 0.76 | 32.8k tok/s | cert -7.14→-6.21 | ticks [6.510 6.082 5.878 5.873] | 77M tok | ETA 101.7h
Step  18880 | loss 5.8219 | lr 3.00e-04 | grad 0.85 | 32.7k tok/s | cert -6.92→-5.88 | ticks [6.066 5.701 5.497 5.490] | 77M tok | ETA 101.7h
Step  18890 | loss 5.8697 | lr 3.00e-04 | grad 0.73 | 32.7k tok/s | cert -7.69→-6.28 | ticks [6.527 6.021 5.918 5.905] | 77M tok | ETA 101.7h
Step  18900 | loss 5.7998 | lr 3.00e-04 | grad 1.12 | 32.9k tok/s | cert -6.66→-5.96 | ticks [6.619 6.031 5.910 5.900] | 77M tok | ETA 101.7h
Step  18910 | loss 5.8217 | lr 3.00e-04 | grad 0.97 | 32.5k tok/s | cert -7.63→-6.25 | ticks [6.473 5.931 5.773 5.767] | 77M tok | ETA 101.7h
Step  18920 | loss 5.8439 | lr 3.00e-04 | grad 0.73 | 32.9k tok/s | cert -6.79→-5.94 | ticks [6.447 5.802 5.662 5.650] | 78M tok | ETA 101.7h
Step  18930 | loss 5.9263 | lr 3.00e-04 | grad 0.70 | 32.9k tok/s | cert -7.47→-6.32 | ticks [6.441 6.037 5.841 5.835] | 78M tok | ETA 101.7h
Step  18940 | loss 5.6367 | lr 3.00e-04 | grad 0.77 | 32.9k tok/s | cert -7.14→-6.24 | ticks [6.454 5.931 5.768 5.757] | 78M tok | ETA 101.7h
Step  18950 | loss 5.8532 | lr 3.00e-04 | grad 0.73 | 32.8k tok/s | cert -7.05→-6.32 | ticks [6.461 6.041 5.795 5.782] | 78M tok | ETA 101.7h
Step  18960 | loss 5.9348 | lr 3.00e-04 | grad 0.75 | 33.1k tok/s | cert -6.88→-6.18 | ticks [6.432 5.990 5.703 5.684] | 78M tok | ETA 101.7h
Step  18970 | loss 5.8223 | lr 3.00e-04 | grad 0.96 | 32.9k tok/s | cert -6.27→-6.10 | ticks [6.530 5.910 5.781 5.776] | 78M tok | ETA 101.7h
Step  18980 | loss 5.8685 | lr 3.00e-04 | grad 0.71 | 32.8k tok/s | cert -6.85→-6.47 | ticks [6.579 6.159 6.028 6.017] | 78M tok | ETA 101.7h
Step  18990 | loss 5.9418 | lr 3.00e-04 | grad 1.26 | 32.7k tok/s | cert -7.78→-6.64 | ticks [6.675 6.426 6.296 6.288] | 78M tok | ETA 101.7h
Step  19000 | loss 5.7572 | lr 3.00e-04 | grad 1.00 | 32.8k tok/s | cert -5.57→-5.54 | ticks [6.134 5.306 5.171 5.154] | 78M tok | ETA 101.7h
Step  19010 | loss 5.8182 | lr 3.00e-04 | grad 0.75 | 33.0k tok/s | cert -6.29→-6.35 | ticks [6.726 6.266 6.162 6.156] | 78M tok | ETA 101.7h
Step  19020 | loss 5.7767 | lr 3.00e-04 | grad 0.68 | 32.7k tok/s | cert -6.24→-6.25 | ticks [6.614 5.963 5.834 5.826] | 78M tok | ETA 101.7h
Step  19030 | loss 5.9875 | lr 3.00e-04 | grad 0.96 | 32.8k tok/s | cert -7.46→-6.66 | ticks [6.516 6.246 6.062 6.052] | 78M tok | ETA 101.7h
Step  19040 | loss 5.9410 | lr 3.00e-04 | grad 0.98 | 32.7k tok/s | cert -4.05→-5.82 | ticks [7.114 5.517 5.435 5.424] | 78M tok | ETA 101.7h
Step  19050 | loss 5.6618 | lr 3.00e-04 | grad 0.84 | 32.7k tok/s | cert -5.77→-5.85 | ticks [6.336 5.482 5.411 5.403] | 78M tok | ETA 101.7h
Step  19060 | loss 5.7606 | lr 3.00e-04 | grad 1.04 | 32.4k tok/s | cert -6.97→-6.29 | ticks [6.795 6.179 6.079 6.069] | 78M tok | ETA 101.7h
Step  19070 | loss 6.0869 | lr 3.00e-04 | grad 0.95 | 32.6k tok/s | cert -6.79→-6.38 | ticks [6.468 6.059 5.739 5.726] | 78M tok | ETA 101.7h
Step  19080 | loss 5.9985 | lr 3.00e-04 | grad 0.70 | 32.8k tok/s | cert -7.37→-5.91 | ticks [6.232 5.760 5.617 5.609] | 78M tok | ETA 101.7h
Step  19090 | loss 5.7774 | lr 3.00e-04 | grad 0.68 | 32.8k tok/s | cert -6.84→-6.31 | ticks [6.650 6.211 6.064 6.057] | 78M tok | ETA 101.7h
Step  19100 | loss 5.8476 | lr 3.00e-04 | grad 0.71 | 33.0k tok/s | cert -6.93→-6.04 | ticks [6.437 6.014 5.842 5.827] | 78M tok | ETA 101.7h
Step  19110 | loss 5.8426 | lr 3.00e-04 | grad 0.73 | 32.6k tok/s | cert -7.16→-6.35 | ticks [6.325 6.000 5.878 5.862] | 78M tok | ETA 101.7h
Step  19120 | loss 5.8653 | lr 3.00e-04 | grad 1.05 | 32.7k tok/s | cert -7.46→-6.36 | ticks [6.398 5.825 5.721 5.706] | 78M tok | ETA 101.7h
Step  19130 | loss 5.9638 | lr 3.00e-04 | grad 0.77 | 32.9k tok/s | cert -7.74→-6.32 | ticks [6.551 5.975 5.861 5.849] | 78M tok | ETA 101.7h
Step  19140 | loss 5.7476 | lr 3.00e-04 | grad 0.72 | 32.9k tok/s | cert -7.04→-5.98 | ticks [6.264 5.673 5.590 5.582] | 78M tok | ETA 101.7h
Step  19150 | loss 5.7755 | lr 3.00e-04 | grad 1.29 | 33.2k tok/s | cert -6.37→-6.40 | ticks [6.500 5.821 5.662 5.650] | 78M tok | ETA 101.7h
Step  19160 | loss 5.7886 | lr 3.00e-04 | grad 0.73 | 32.5k tok/s | cert -7.36→-6.43 | ticks [6.464 6.114 5.967 5.951] | 78M tok | ETA 101.7h
Step  19170 | loss 5.8289 | lr 3.00e-04 | grad 0.82 | 32.9k tok/s | cert -7.21→-6.27 | ticks [6.599 6.117 5.926 5.921] | 79M tok | ETA 101.7h
Step  19180 | loss 5.8976 | lr 3.00e-04 | grad 1.19 | 32.7k tok/s | cert -4.89→-6.19 | ticks [7.016 6.133 6.038 6.027] | 79M tok | ETA 101.7h
Step  19190 | loss 5.8327 | lr 3.00e-04 | grad 0.73 | 32.7k tok/s | cert -7.77→-6.52 | ticks [6.836 6.371 6.222 6.212] | 79M tok | ETA 101.7h
Step  19200 | loss 6.0037 | lr 3.00e-04 | grad 0.90 | 32.8k tok/s | cert -6.72→-6.17 | ticks [6.436 6.012 5.820 5.808] | 79M tok | ETA 101.7h
Step  19210 | loss 5.8314 | lr 3.00e-04 | grad 0.76 | 32.8k tok/s | cert -7.30→-6.31 | ticks [6.625 6.195 6.100 6.093] | 79M tok | ETA 101.7h
Step  19220 | loss 5.8053 | lr 3.00e-04 | grad 0.77 | 32.9k tok/s | cert -6.19→-6.09 | ticks [6.527 5.896 5.741 5.733] | 79M tok | ETA 101.7h
Step  19230 | loss 6.0927 | lr 3.00e-04 | grad 0.84 | 32.5k tok/s | cert -7.78→-6.83 | ticks [6.759 6.444 6.337 6.329] | 79M tok | ETA 101.7h
Step  19240 | loss 6.0549 | lr 3.00e-04 | grad 0.94 | 32.8k tok/s | cert -7.40→-6.54 | ticks [6.787 6.302 6.103 6.092] | 79M tok | ETA 101.7h
Step  19250 | loss 5.8137 | lr 3.00e-04 | grad 0.90 | 32.8k tok/s | cert -7.24→-6.73 | ticks [6.644 6.239 6.106 6.097] | 79M tok | ETA 101.7h
Step  19260 | loss 5.7917 | lr 3.00e-04 | grad 1.27 | 32.6k tok/s | cert -6.83→-6.44 | ticks [6.887 6.126 6.015 6.008] | 79M tok | ETA 101.7h
Step  19270 | loss 5.8673 | lr 3.00e-04 | grad 0.83 | 32.7k tok/s | cert -7.57→-6.48 | ticks [6.582 6.108 5.944 5.933] | 79M tok | ETA 101.7h
Step  19280 | loss 5.7523 | lr 3.00e-04 | grad 0.78 | 32.8k tok/s | cert -6.28→-6.20 | ticks [6.638 5.945 5.700 5.678] | 79M tok | ETA 101.7h
Step  19290 | loss 5.7056 | lr 3.00e-04 | grad 1.00 | 32.7k tok/s | cert -6.57→-5.84 | ticks [6.205 5.714 5.564 5.555] | 79M tok | ETA 101.7h
Step  19300 | loss 5.8208 | lr 3.00e-04 | grad 0.95 | 32.9k tok/s | cert -6.70→-6.29 | ticks [6.923 6.386 6.209 6.204] | 79M tok | ETA 101.7h
Step  19310 | loss 5.7944 | lr 3.00e-04 | grad 0.67 | 32.5k tok/s | cert -6.93→-6.54 | ticks [6.878 6.270 6.085 6.074] | 79M tok | ETA 101.7h
Step  19320 | loss 5.8381 | lr 3.00e-04 | grad 1.10 | 32.8k tok/s | cert -7.35→-6.00 | ticks [6.290 5.817 5.707 5.697] | 79M tok | ETA 101.7h
Step  19330 | loss 5.9662 | lr 3.00e-04 | grad 0.66 | 32.5k tok/s | cert -7.10→-5.97 | ticks [6.241 5.942 5.766 5.759] | 79M tok | ETA 101.7h
Step  19340 | loss 5.7344 | lr 3.00e-04 | grad 0.73 | 32.9k tok/s | cert -7.10→-6.21 | ticks [6.227 5.900 5.742 5.735] | 79M tok | ETA 101.7h
Step  19350 | loss 5.8307 | lr 3.00e-04 | grad 0.79 | 32.7k tok/s | cert -6.09→-6.14 | ticks [6.546 5.981 5.770 5.754] | 79M tok | ETA 101.7h
Step  19360 | loss 5.8743 | lr 3.00e-04 | grad 0.74 | 31.9k tok/s | cert -5.93→-6.41 | ticks [6.835 6.166 6.000 5.992] | 79M tok | ETA 101.7h
Step  19370 | loss 5.7645 | lr 3.00e-04 | grad 0.78 | 32.6k tok/s | cert -7.65→-6.25 | ticks [6.372 5.998 5.880 5.869] | 79M tok | ETA 101.7h
Step  19380 | loss 5.6679 | lr 3.00e-04 | grad 0.68 | 32.9k tok/s | cert -6.77→-6.32 | ticks [6.496 6.088 5.891 5.873] | 79M tok | ETA 101.7h
Step  19390 | loss 5.8779 | lr 3.00e-04 | grad 0.67 | 32.8k tok/s | cert -6.77→-6.04 | ticks [6.576 5.864 5.640 5.628] | 79M tok | ETA 101.7h
Step  19400 | loss 5.9237 | lr 3.00e-04 | grad 1.55 | 32.7k tok/s | cert -4.53→-6.75 | ticks [7.869 6.640 6.506 6.491] | 79M tok | ETA 101.7h
Step  19410 | loss 5.9197 | lr 3.00e-04 | grad 0.96 | 32.8k tok/s | cert -7.09→-6.16 | ticks [6.485 6.133 5.985 5.977] | 80M tok | ETA 101.7h
Step  19420 | loss 5.9596 | lr 3.00e-04 | grad 1.01 | 32.7k tok/s | cert -5.83→-6.37 | ticks [6.810 6.086 6.031 6.022] | 80M tok | ETA 101.7h
Step  19430 | loss 5.9697 | lr 3.00e-04 | grad 0.76 | 32.7k tok/s | cert -7.62→-6.65 | ticks [6.730 6.394 6.092 6.079] | 80M tok | ETA 101.7h
Step  19440 | loss 6.1353 | lr 3.00e-04 | grad 0.86 | 32.5k tok/s | cert -6.73→-6.35 | ticks [6.438 6.087 5.811 5.803] | 80M tok | ETA 101.7h
Step  19450 | loss 5.9914 | lr 3.00e-04 | grad 1.05 | 32.7k tok/s | cert -7.29→-6.55 | ticks [6.515 6.167 5.902 5.891] | 80M tok | ETA 101.6h
Step  19460 | loss 5.9446 | lr 3.00e-04 | grad 0.97 | 32.7k tok/s | cert -6.46→-6.11 | ticks [6.764 6.127 6.027 6.015] | 80M tok | ETA 101.6h
Step  19470 | loss 5.7686 | lr 3.00e-04 | grad 0.95 | 32.5k tok/s | cert -5.95→-6.04 | ticks [6.891 6.109 5.935 5.924] | 80M tok | ETA 101.6h
Step  19480 | loss 5.8407 | lr 3.00e-04 | grad 0.99 | 32.7k tok/s | cert -7.02→-6.38 | ticks [6.459 6.356 5.964 5.948] | 80M tok | ETA 101.6h
Step  19490 | loss 5.7510 | lr 3.00e-04 | grad 0.84 | 32.7k tok/s | cert -5.87→-6.32 | ticks [6.606 5.939 5.615 5.604] | 80M tok | ETA 101.6h
Step  19500 | loss 5.8678 | lr 3.00e-04 | grad 1.05 | 32.6k tok/s | cert -6.98→-6.43 | ticks [6.345 6.052 5.858 5.846] | 80M tok | ETA 101.6h
Step  19510 | loss 5.8007 | lr 3.00e-04 | grad 0.96 | 33.1k tok/s | cert -6.09→-5.89 | ticks [6.591 5.940 5.810 5.802] | 80M tok | ETA 101.6h
Step  19520 | loss 5.9587 | lr 3.00e-04 | grad 1.57 | 32.9k tok/s | cert -7.28→-6.07 | ticks [6.559 6.261 6.183 6.181] | 80M tok | ETA 101.6h
Step  19530 | loss 5.8154 | lr 3.00e-04 | grad 0.75 | 33.1k tok/s | cert -8.17→-6.36 | ticks [6.662 6.060 5.820 5.799] | 80M tok | ETA 101.6h
Step  19540 | loss 5.8409 | lr 3.00e-04 | grad 0.70 | 32.3k tok/s | cert -6.97→-6.41 | ticks [6.609 6.089 5.949 5.938] | 80M tok | ETA 101.6h
Step  19550 | loss 5.9543 | lr 3.00e-04 | grad 0.82 | 32.7k tok/s | cert -6.53→-6.28 | ticks [6.564 5.998 5.852 5.843] | 80M tok | ETA 101.6h
Step  19560 | loss 6.0372 | lr 3.00e-04 | grad 1.37 | 32.6k tok/s | cert -6.17→-6.77 | ticks [7.286 6.496 6.339 6.326] | 80M tok | ETA 101.6h
Step  19570 | loss 5.9508 | lr 3.00e-04 | grad 0.84 | 32.8k tok/s | cert -7.10→-6.30 | ticks [6.861 6.384 6.272 6.266] | 80M tok | ETA 101.6h
Step  19580 | loss 5.9186 | lr 3.00e-04 | grad 0.93 | 32.5k tok/s | cert -6.91→-6.22 | ticks [6.283 5.929 5.702 5.698] | 80M tok | ETA 101.6h
Step  19590 | loss 5.9250 | lr 3.00e-04 | grad 0.87 | 32.6k tok/s | cert -6.36→-6.66 | ticks [6.822 6.146 5.957 5.942] | 80M tok | ETA 101.6h
Step  19600 | loss 5.8405 | lr 3.00e-04 | grad 1.52 | 32.5k tok/s | cert -6.64→-6.63 | ticks [6.955 6.369 6.287 6.282] | 80M tok | ETA 101.6h
Step  19610 | loss 5.9918 | lr 3.00e-04 | grad 0.87 | 32.6k tok/s | cert -6.96→-6.45 | ticks [6.773 6.388 6.176 6.161] | 80M tok | ETA 101.6h
Step  19620 | loss 5.9045 | lr 3.00e-04 | grad 0.77 | 32.4k tok/s | cert -6.48→-6.24 | ticks [6.824 6.155 6.046 6.038] | 80M tok | ETA 101.6h
Step  19630 | loss 5.8253 | lr 3.00e-04 | grad 0.74 | 32.5k tok/s | cert -7.17→-6.38 | ticks [6.308 6.048 5.876 5.862] | 80M tok | ETA 101.6h
Step  19640 | loss 5.8425 | lr 3.00e-04 | grad 2.06 | 32.8k tok/s | cert -7.08→-6.94 | ticks [6.627 6.182 6.104 6.094] | 80M tok | ETA 101.6h
Step  19650 | loss 5.7835 | lr 3.00e-04 | grad 0.82 | 32.7k tok/s | cert -6.29→-6.42 | ticks [6.559 6.075 5.839 5.825] | 80M tok | ETA 101.6h
Step  19660 | loss 5.7428 | lr 3.00e-04 | grad 1.26 | 32.6k tok/s | cert -7.22→-6.61 | ticks [6.444 6.109 5.804 5.792] | 81M tok | ETA 101.6h
Step  19670 | loss 5.9046 | lr 3.00e-04 | grad 0.77 | 32.3k tok/s | cert -7.17→-6.24 | ticks [6.525 5.903 5.778 5.770] | 81M tok | ETA 101.6h
Step  19680 | loss 5.7377 | lr 3.00e-04 | grad 1.12 | 32.6k tok/s | cert -6.82→-6.55 | ticks [6.524 6.020 5.871 5.858] | 81M tok | ETA 101.6h
Step  19690 | loss 5.9985 | lr 3.00e-04 | grad 0.79 | 32.3k tok/s | cert -6.80→-6.03 | ticks [6.301 5.981 5.856 5.849] | 81M tok | ETA 101.6h
Step  19700 | loss 5.8994 | lr 3.00e-04 | grad 0.83 | 33.0k tok/s | cert -6.84→-6.01 | ticks [6.465 5.805 5.685 5.675] | 81M tok | ETA 101.6h
Step  19710 | loss 6.0236 | lr 3.00e-04 | grad 1.05 | 32.7k tok/s | cert -7.04→-6.31 | ticks [6.221 5.768 5.681 5.670] | 81M tok | ETA 101.6h
Step  19720 | loss 5.9056 | lr 3.00e-04 | grad 1.15 | 33.0k tok/s | cert -7.21→-6.12 | ticks [6.406 6.288 5.980 5.972] | 81M tok | ETA 101.6h
Step  19730 | loss 5.8165 | lr 3.00e-04 | grad 0.77 | 32.6k tok/s | cert -5.97→-6.03 | ticks [6.523 5.929 5.767 5.753] | 81M tok | ETA 101.6h
Step  19740 | loss 5.9555 | lr 3.00e-04 | grad 1.13 | 32.5k tok/s | cert -7.41→-6.49 | ticks [6.657 5.947 5.830 5.817] | 81M tok | ETA 101.6h
Step  19750 | loss 5.8977 | lr 3.00e-04 | grad 1.25 | 32.7k tok/s | cert -6.89→-7.09 | ticks [6.826 6.484 6.142 6.114] | 81M tok | ETA 101.6h
Step  19760 | loss 5.6759 | lr 3.00e-04 | grad 0.75 | 32.9k tok/s | cert -6.33→-6.21 | ticks [6.412 6.063 5.910 5.897] | 81M tok | ETA 101.6h
Step  19770 | loss 5.7862 | lr 3.00e-04 | grad 0.74 | 32.9k tok/s | cert -6.34→-6.20 | ticks [6.417 6.005 5.870 5.858] | 81M tok | ETA 101.6h
Step  19780 | loss 5.9052 | lr 3.00e-04 | grad 0.78 | 32.9k tok/s | cert -6.82→-6.13 | ticks [6.355 6.059 5.883 5.866] | 81M tok | ETA 101.6h
Step  19790 | loss 5.9332 | lr 3.00e-04 | grad 0.74 | 32.9k tok/s | cert -6.84→-6.20 | ticks [6.226 5.797 5.683 5.672] | 81M tok | ETA 101.6h
Step  19800 | loss 5.8336 | lr 3.00e-04 | grad 0.69 | 32.9k tok/s | cert -6.30→-6.20 | ticks [6.565 5.918 5.774 5.769] | 81M tok | ETA 101.6h
Step  19810 | loss 5.9567 | lr 3.00e-04 | grad 0.80 | 32.6k tok/s | cert -6.47→-6.08 | ticks [6.592 6.033 5.945 5.934] | 81M tok | ETA 101.6h
Step  19820 | loss 5.9257 | lr 3.00e-04 | grad 1.20 | 32.2k tok/s | cert -6.77→-6.00 | ticks [6.572 6.135 5.934 5.922] | 81M tok | ETA 101.6h
Step  19830 | loss 5.9839 | lr 3.00e-04 | grad 0.93 | 32.7k tok/s | cert -7.44→-6.63 | ticks [6.738 6.238 6.141 6.126] | 81M tok | ETA 101.6h
Step  19840 | loss 5.9411 | lr 3.00e-04 | grad 0.70 | 32.1k tok/s | cert -5.56→-6.18 | ticks [6.765 6.081 5.835 5.824] | 81M tok | ETA 101.6h
Step  19850 | loss 5.9406 | lr 3.00e-04 | grad 0.98 | 32.8k tok/s | cert -6.74→-6.59 | ticks [6.846 6.340 6.176 6.167] | 81M tok | ETA 101.6h
Step  19860 | loss 6.0133 | lr 3.00e-04 | grad 0.72 | 32.4k tok/s | cert -6.76→-6.48 | ticks [6.543 6.157 5.970 5.956] | 81M tok | ETA 101.6h
Step  19870 | loss 5.9044 | lr 3.00e-04 | grad 0.76 | 32.8k tok/s | cert -6.91→-6.15 | ticks [6.495 5.984 5.849 5.842] | 81M tok | ETA 101.6h
Step  19880 | loss 6.0196 | lr 3.00e-04 | grad 1.05 | 32.7k tok/s | cert -5.98→-6.77 | ticks [6.978 6.236 6.144 6.124] | 81M tok | ETA 101.6h
Step  19890 | loss 5.7436 | lr 3.00e-04 | grad 1.09 | 32.7k tok/s | cert -7.67→-6.54 | ticks [6.333 5.990 5.858 5.850] | 81M tok | ETA 101.6h
Step  19900 | loss 5.9652 | lr 3.00e-04 | grad 0.70 | 32.7k tok/s | cert -6.05→-6.07 | ticks [6.640 5.844 5.686 5.672] | 82M tok | ETA 101.6h
Step  19910 | loss 5.9216 | lr 3.00e-04 | grad 0.88 | 32.6k tok/s | cert -6.82→-6.65 | ticks [6.592 6.343 6.041 6.022] | 82M tok | ETA 101.6h
Step  19920 | loss 5.8697 | lr 3.00e-04 | grad 1.07 | 32.9k tok/s | cert -6.80→-6.35 | ticks [6.603 5.959 5.769 5.758] | 82M tok | ETA 101.6h
Step  19930 | loss 5.8533 | lr 3.00e-04 | grad 1.33 | 32.5k tok/s | cert -7.48→-6.50 | ticks [6.194 5.834 5.681 5.672] | 82M tok | ETA 101.6h
Step  19940 | loss 5.8029 | lr 3.00e-04 | grad 1.13 | 32.4k tok/s | cert -7.32→-6.32 | ticks [6.390 5.959 5.756 5.744] | 82M tok | ETA 101.6h
Step  19950 | loss 5.9679 | lr 3.00e-04 | grad 0.86 | 32.9k tok/s | cert -6.95→-6.56 | ticks [6.926 6.257 6.077 6.070] | 82M tok | ETA 101.6h
Step  19960 | loss 5.9897 | lr 3.00e-04 | grad 0.89 | 33.0k tok/s | cert -6.49→-6.54 | ticks [6.807 6.221 5.973 5.961] | 82M tok | ETA 101.6h
Step  19970 | loss 6.0318 | lr 3.00e-04 | grad 0.70 | 32.9k tok/s | cert -6.42→-6.15 | ticks [6.574 6.046 5.869 5.853] | 82M tok | ETA 101.6h
Step  19980 | loss 5.9994 | lr 3.00e-04 | grad 0.88 | 32.9k tok/s | cert -7.28→-6.34 | ticks [6.386 6.210 5.906 5.887] | 82M tok | ETA 101.6h
Step  19990 | loss 5.9850 | lr 3.00e-04 | grad 0.80 | 33.1k tok/s | cert -7.69→-6.51 | ticks [6.686 6.253 6.068 6.050] | 82M tok | ETA 101.6h
Step  20000 | loss 5.8982 | lr 3.00e-04 | grad 0.78 | 32.8k tok/s | cert -5.97→-6.32 | ticks [6.814 6.046 5.865 5.855] | 82M tok | ETA 101.6h

  >>> Eval loss: 6.6142 (best: 6.5907)
  >>> Sample: 'The most important thing to understand about science is' → ' important in different ways is more of the two decades of the new new energy production is true, the long-in-l-2 is the more in the world of the same time they are the past this time and the same time.'

Step  20010 | loss 5.7539 | lr 3.00e-04 | grad 0.81 | 32.4k tok/s | cert -5.54→-6.24 | ticks [6.783 5.747 5.599 5.589] | 82M tok | ETA 102.2h
Step  20020 | loss 5.8626 | lr 3.00e-04 | grad 0.78 | 32.8k tok/s | cert -6.20→-5.87 | ticks [6.279 5.741 5.619 5.609] | 82M tok | ETA 102.2h
Step  20030 | loss 5.8975 | lr 3.00e-04 | grad 0.79 | 32.5k tok/s | cert -6.64→-6.32 | ticks [6.472 6.026 5.862 5.851] | 82M tok | ETA 102.2h
Step  20040 | loss 5.9925 | lr 3.00e-04 | grad 0.72 | 32.7k tok/s | cert -6.83→-6.46 | ticks [6.599 6.249 6.058 6.050] | 82M tok | ETA 102.2h
Step  20050 | loss 5.9404 | lr 3.00e-04 | grad 0.73 | 32.4k tok/s | cert -6.32→-6.17 | ticks [6.513 5.969 5.819 5.806] | 82M tok | ETA 102.2h
Step  20060 | loss 6.1416 | lr 3.00e-04 | grad 0.92 | 32.7k tok/s | cert -7.02→-6.57 | ticks [6.850 6.225 6.097 6.082] | 82M tok | ETA 102.2h
Step  20070 | loss 5.9851 | lr 3.00e-04 | grad 0.88 | 33.0k tok/s | cert -6.17→-6.33 | ticks [6.389 6.020 5.794 5.777] | 82M tok | ETA 102.2h
Step  20080 | loss 5.9272 | lr 3.00e-04 | grad 0.98 | 33.2k tok/s | cert -7.17→-6.90 | ticks [7.026 6.525 6.302 6.280] | 82M tok | ETA 102.1h
Step  20090 | loss 5.9284 | lr 3.00e-04 | grad 0.78 | 32.8k tok/s | cert -6.96→-6.09 | ticks [6.586 6.100 5.874 5.865] | 82M tok | ETA 102.1h
Step  20100 | loss 6.0553 | lr 3.00e-04 | grad 0.75 | 33.1k tok/s | cert -7.26→-6.34 | ticks [6.587 6.130 5.969 5.950] | 82M tok | ETA 102.1h
Step  20110 | loss 5.8769 | lr 3.00e-04 | grad 1.19 | 33.1k tok/s | cert -6.89→-6.65 | ticks [6.353 6.000 5.859 5.846] | 82M tok | ETA 102.1h
Step  20120 | loss 5.8185 | lr 3.00e-04 | grad 0.87 | 32.9k tok/s | cert -7.28→-6.32 | ticks [6.353 5.974 5.859 5.849] | 82M tok | ETA 102.1h
Step  20130 | loss 5.7491 | lr 3.00e-04 | grad 0.71 | 32.5k tok/s | cert -6.77→-6.16 | ticks [6.624 6.077 5.919 5.913] | 82M tok | ETA 102.1h
Step  20140 | loss 5.9363 | lr 3.00e-04 | grad 0.68 | 32.9k tok/s | cert -6.47→-6.22 | ticks [6.630 6.035 5.890 5.879] | 82M tok | ETA 102.1h
Step  20150 | loss 5.9963 | lr 3.00e-04 | grad 0.95 | 32.6k tok/s | cert -5.65→-6.37 | ticks [6.890 6.499 5.778 5.734] | 83M tok | ETA 102.1h
Step  20160 | loss 5.9784 | lr 3.00e-04 | grad 0.89 | 33.1k tok/s | cert -6.53→-6.35 | ticks [6.350 5.950 5.806 5.797] | 83M tok | ETA 102.1h
Step  20170 | loss 5.9210 | lr 3.00e-04 | grad 1.00 | 32.7k tok/s | cert -4.98→-6.32 | ticks [7.242 6.201 5.987 5.977] | 83M tok | ETA 102.1h
Step  20180 | loss 6.1022 | lr 3.00e-04 | grad 0.79 | 32.9k tok/s | cert -7.64→-6.67 | ticks [6.735 6.416 6.327 6.315] | 83M tok | ETA 102.1h
Step  20190 | loss 5.9804 | lr 3.00e-04 | grad 1.11 | 32.6k tok/s | cert -6.40→-6.47 | ticks [7.014 6.455 6.115 6.102] | 83M tok | ETA 102.1h
Step  20200 | loss 5.8730 | lr 3.00e-04 | grad 0.74 | 32.6k tok/s | cert -7.26→-6.23 | ticks [6.269 6.119 5.760 5.746] | 83M tok | ETA 102.1h
Step  20210 | loss 5.8515 | lr 3.00e-04 | grad 0.74 | 32.7k tok/s | cert -7.77→-6.18 | ticks [6.440 5.997 5.881 5.868] | 83M tok | ETA 102.1h
Step  20220 | loss 5.8954 | lr 3.00e-04 | grad 0.89 | 32.5k tok/s | cert -6.99→-6.19 | ticks [6.494 6.191 5.925 5.913] | 83M tok | ETA 102.1h
Step  20230 | loss 5.8758 | lr 3.00e-04 | grad 0.92 | 32.8k tok/s | cert -7.02→-6.11 | ticks [6.783 6.036 5.888 5.875] | 83M tok | ETA 102.1h
Step  20240 | loss 5.9031 | lr 3.00e-04 | grad 0.93 | 33.0k tok/s | cert -6.28→-6.14 | ticks [6.604 6.092 5.840 5.827] | 83M tok | ETA 102.1h
Step  20250 | loss 6.0269 | lr 3.00e-04 | grad 0.79 | 33.0k tok/s | cert -6.73→-6.28 | ticks [6.572 5.969 5.754 5.738] | 83M tok | ETA 102.1h
Step  20260 | loss 5.8008 | lr 3.00e-04 | grad 0.92 | 32.7k tok/s | cert -7.51→-5.80 | ticks [6.234 5.370 5.299 5.288] | 83M tok | ETA 102.1h
Step  20270 | loss 5.9466 | lr 3.00e-04 | grad 1.07 | 32.6k tok/s | cert -7.71→-6.31 | ticks [6.349 5.997 5.687 5.673] | 83M tok | ETA 102.1h
Step  20280 | loss 5.9110 | lr 3.00e-04 | grad 0.75 | 32.9k tok/s | cert -6.91→-6.37 | ticks [6.490 6.138 5.899 5.890] | 83M tok | ETA 102.1h
Step  20290 | loss 5.9243 | lr 3.00e-04 | grad 1.02 | 32.7k tok/s | cert -6.42→-6.39 | ticks [6.709 6.307 6.049 6.030] | 83M tok | ETA 102.1h
Step  20300 | loss 6.3942 | lr 3.00e-04 | grad 0.90 | 33.1k tok/s | cert -6.98→-6.40 | ticks [6.654 6.117 5.999 5.987] | 83M tok | ETA 102.1h
Step  20310 | loss 5.9033 | lr 3.00e-04 | grad 0.71 | 32.9k tok/s | cert -7.17→-5.89 | ticks [6.416 5.717 5.521 5.504] | 83M tok | ETA 102.1h
Step  20320 | loss 5.8579 | lr 3.00e-04 | grad 0.77 | 33.0k tok/s | cert -7.47→-6.16 | ticks [6.462 5.867 5.767 5.761] | 83M tok | ETA 102.1h
Step  20330 | loss 5.8508 | lr 3.00e-04 | grad 0.64 | 32.8k tok/s | cert -6.69→-6.22 | ticks [6.628 6.108 5.933 5.924] | 83M tok | ETA 102.1h
Step  20340 | loss 5.9326 | lr 3.00e-04 | grad 0.69 | 32.9k tok/s | cert -7.04→-6.38 | ticks [6.480 6.164 5.856 5.842] | 83M tok | ETA 102.1h
Step  20350 | loss 5.9561 | lr 3.00e-04 | grad 1.28 | 32.6k tok/s | cert -7.29→-6.76 | ticks [6.768 6.261 6.202 6.187] | 83M tok | ETA 102.1h
Step  20360 | loss 5.9714 | lr 3.00e-04 | grad 0.84 | 32.8k tok/s | cert -6.49→-6.19 | ticks [6.292 5.924 5.498 5.487] | 83M tok | ETA 102.1h
Step  20370 | loss 5.8966 | lr 3.00e-04 | grad 1.41 | 32.8k tok/s | cert -8.08→-6.89 | ticks [6.796 6.559 6.143 6.129] | 83M tok | ETA 102.1h
Step  20380 | loss 5.9633 | lr 3.00e-04 | grad 0.69 | 32.8k tok/s | cert -7.89→-6.45 | ticks [6.563 6.164 5.979 5.969] | 83M tok | ETA 102.1h
Step  20390 | loss 5.9270 | lr 3.00e-04 | grad 0.70 | 32.9k tok/s | cert -6.83→-6.06 | ticks [6.279 5.842 5.640 5.624] | 84M tok | ETA 102.1h
Step  20400 | loss 5.8907 | lr 3.00e-04 | grad 0.80 | 32.3k tok/s | cert -6.44→-6.38 | ticks [6.740 6.249 6.112 6.104] | 84M tok | ETA 102.1h
Step  20410 | loss 6.0451 | lr 3.00e-04 | grad 1.16 | 32.6k tok/s | cert -6.71→-6.29 | ticks [6.554 6.151 5.917 5.910] | 84M tok | ETA 102.1h
Step  20420 | loss 5.9439 | lr 3.00e-04 | grad 0.79 | 32.5k tok/s | cert -6.69→-6.08 | ticks [6.399 5.872 5.605 5.589] | 84M tok | ETA 102.1h
Step  20430 | loss 5.9941 | lr 3.00e-04 | grad 0.82 | 32.9k tok/s | cert -6.80→-6.05 | ticks [6.345 5.869 5.709 5.692] | 84M tok | ETA 102.1h
Step  20440 | loss 5.8484 | lr 3.00e-04 | grad 0.95 | 32.9k tok/s | cert -6.29→-6.01 | ticks [6.110 5.728 5.498 5.480] | 84M tok | ETA 102.1h
Step  20450 | loss 6.0334 | lr 3.00e-04 | grad 1.12 | 33.2k tok/s | cert -6.96→-6.11 | ticks [6.299 6.064 5.853 5.840] | 84M tok | ETA 102.1h
Step  20460 | loss 6.0450 | lr 3.00e-04 | grad 0.96 | 32.8k tok/s | cert -7.56→-6.44 | ticks [6.269 6.013 5.775 5.767] | 84M tok | ETA 102.1h
Step  20470 | loss 5.9269 | lr 3.00e-04 | grad 0.94 | 32.6k tok/s | cert -7.20→-6.22 | ticks [6.388 5.980 5.856 5.846] | 84M tok | ETA 102.1h
Step  20480 | loss 6.0122 | lr 3.00e-04 | grad 0.71 | 32.5k tok/s | cert -6.29→-6.13 | ticks [6.659 5.965 5.761 5.751] | 84M tok | ETA 102.1h
Step  20490 | loss 6.0295 | lr 3.00e-04 | grad 0.92 | 32.5k tok/s | cert -7.03→-6.74 | ticks [6.758 6.419 6.303 6.288] | 84M tok | ETA 102.1h
Step  20500 | loss 5.9705 | lr 3.00e-04 | grad 0.86 | 32.8k tok/s | cert -7.46→-6.55 | ticks [6.575 6.310 6.140 6.124] | 84M tok | ETA 102.1h
Step  20510 | loss 5.9848 | lr 3.00e-04 | grad 0.82 | 32.7k tok/s | cert -6.46→-6.09 | ticks [6.160 5.786 5.666 5.652] | 84M tok | ETA 102.1h
Step  20520 | loss 5.9111 | lr 3.00e-04 | grad 1.08 | 32.7k tok/s | cert -7.20→-6.06 | ticks [6.339 6.012 5.810 5.799] | 84M tok | ETA 102.1h
Step  20530 | loss 5.8996 | lr 3.00e-04 | grad 0.85 | 32.8k tok/s | cert -7.70→-6.70 | ticks [6.850 6.517 6.431 6.418] | 84M tok | ETA 102.1h
Step  20540 | loss 6.0585 | lr 3.00e-04 | grad 0.96 | 32.8k tok/s | cert -6.89→-6.59 | ticks [6.586 6.171 5.856 5.841] | 84M tok | ETA 102.1h
Step  20550 | loss 6.0883 | lr 3.00e-04 | grad 0.71 | 32.8k tok/s | cert -7.10→-5.98 | ticks [6.219 5.711 5.552 5.541] | 84M tok | ETA 102.1h
Step  20560 | loss 6.0803 | lr 3.00e-04 | grad 0.73 | 32.8k tok/s | cert -7.15→-6.62 | ticks [6.657 6.245 6.109 6.093] | 84M tok | ETA 102.1h
Step  20570 | loss 5.9379 | lr 3.00e-04 | grad 0.66 | 32.9k tok/s | cert -6.58→-6.17 | ticks [6.644 6.002 5.853 5.841] | 84M tok | ETA 102.1h
Step  20580 | loss 5.9699 | lr 3.00e-04 | grad 0.88 | 32.4k tok/s | cert -6.84→-6.63 | ticks [7.165 6.534 6.390 6.376] | 84M tok | ETA 102.1h
Step  20590 | loss 5.7476 | lr 3.00e-04 | grad 0.95 | 32.5k tok/s | cert -5.94→-5.85 | ticks [6.263 5.762 5.512 5.496] | 84M tok | ETA 102.1h
Step  20600 | loss 5.7817 | lr 3.00e-04 | grad 0.84 | 32.6k tok/s | cert -6.46→-6.33 | ticks [6.719 6.038 5.925 5.909] | 84M tok | ETA 102.0h
Step  20610 | loss 6.0072 | lr 3.00e-04 | grad 0.84 | 32.9k tok/s | cert -7.34→-6.44 | ticks [6.387 6.187 5.933 5.927] | 84M tok | ETA 102.0h
Step  20620 | loss 5.8740 | lr 3.00e-04 | grad 1.17 | 32.7k tok/s | cert -7.46→-6.86 | ticks [6.644 6.170 5.949 5.935] | 84M tok | ETA 102.0h
Step  20630 | loss 6.1089 | lr 3.00e-04 | grad 0.82 | 32.5k tok/s | cert -6.69→-6.40 | ticks [6.576 6.028 5.890 5.884] | 85M tok | ETA 102.0h
Step  20640 | loss 6.0231 | lr 3.00e-04 | grad 0.81 | 32.5k tok/s | cert -6.39→-6.42 | ticks [6.712 6.146 5.957 5.941] | 85M tok | ETA 102.0h
Step  20650 | loss 6.0242 | lr 3.00e-04 | grad 0.89 | 32.8k tok/s | cert -6.49→-6.04 | ticks [6.421 5.881 5.662 5.642] | 85M tok | ETA 102.0h
Step  20660 | loss 6.0129 | lr 3.00e-04 | grad 0.68 | 32.8k tok/s | cert -6.46→-6.33 | ticks [6.857 6.042 5.863 5.853] | 85M tok | ETA 102.0h
Step  20670 | loss 5.9193 | lr 3.00e-04 | grad 0.88 | 33.0k tok/s | cert -6.90→-6.40 | ticks [6.414 6.056 5.810 5.800] | 85M tok | ETA 102.0h
Step  20680 | loss 5.8935 | lr 3.00e-04 | grad 0.94 | 32.8k tok/s | cert -6.27→-6.45 | ticks [6.691 6.022 5.846 5.830] | 85M tok | ETA 102.0h
Step  20690 | loss 5.9833 | lr 3.00e-04 | grad 0.75 | 32.6k tok/s | cert -6.05→-6.31 | ticks [6.629 5.956 5.737 5.716] | 85M tok | ETA 102.0h
Step  20700 | loss 5.9617 | lr 3.00e-04 | grad 0.82 | 32.6k tok/s | cert -6.20→-6.07 | ticks [6.541 5.894 5.761 5.748] | 85M tok | ETA 102.0h
Step  20710 | loss 5.9099 | lr 3.00e-04 | grad 0.86 | 32.8k tok/s | cert -7.49→-6.39 | ticks [6.371 5.971 5.811 5.803] | 85M tok | ETA 102.0h
Step  20720 | loss 5.9791 | lr 3.00e-04 | grad 1.08 | 32.8k tok/s | cert -7.10→-6.01 | ticks [6.452 5.999 5.871 5.868] | 85M tok | ETA 102.0h
Step  20730 | loss 5.8771 | lr 3.00e-04 | grad 0.75 | 32.6k tok/s | cert -5.98→-6.21 | ticks [6.883 6.059 5.889 5.883] | 85M tok | ETA 102.0h
Step  20740 | loss 5.9925 | lr 3.00e-04 | grad 0.78 | 32.9k tok/s | cert -5.77→-6.45 | ticks [7.019 6.288 6.047 6.034] | 85M tok | ETA 102.0h
Step  20750 | loss 5.9286 | lr 3.00e-04 | grad 1.02 | 32.5k tok/s | cert -5.29→-6.48 | ticks [7.283 6.412 6.234 6.217] | 85M tok | ETA 102.0h
Step  20760 | loss 5.8353 | lr 3.00e-04 | grad 0.70 | 32.6k tok/s | cert -7.29→-6.53 | ticks [6.683 6.406 6.129 6.117] | 85M tok | ETA 102.0h
Step  20770 | loss 5.8401 | lr 3.00e-04 | grad 0.78 | 32.5k tok/s | cert -6.28→-5.95 | ticks [6.375 5.901 5.705 5.693] | 85M tok | ETA 102.0h
Step  20780 | loss 5.9151 | lr 3.00e-04 | grad 1.02 | 32.6k tok/s | cert -7.05→-6.10 | ticks [6.442 6.112 5.879 5.857] | 85M tok | ETA 102.0h
Step  20790 | loss 6.0804 | lr 3.00e-04 | grad 0.73 | 33.0k tok/s | cert -7.25→-6.17 | ticks [6.300 5.965 5.730 5.710] | 85M tok | ETA 102.0h
Step  20800 | loss 5.7213 | lr 3.00e-04 | grad 1.06 | 33.2k tok/s | cert -5.70→-6.35 | ticks [6.845 6.024 5.853 5.840] | 85M tok | ETA 102.0h
Step  20810 | loss 5.7025 | lr 3.00e-04 | grad 0.74 | 32.8k tok/s | cert -7.08→-6.28 | ticks [6.398 5.940 5.775 5.762] | 85M tok | ETA 102.0h
Step  20820 | loss 5.5740 | lr 3.00e-04 | grad 0.89 | 32.8k tok/s | cert -7.08→-5.91 | ticks [6.183 5.884 5.810 5.795] | 85M tok | ETA 102.0h
Step  20830 | loss 5.8244 | lr 3.00e-04 | grad 0.84 | 32.8k tok/s | cert -6.22→-6.11 | ticks [6.576 5.872 5.633 5.620] | 85M tok | ETA 102.0h
Step  20840 | loss 5.9662 | lr 3.00e-04 | grad 0.73 | 33.0k tok/s | cert -6.74→-6.08 | ticks [6.411 6.028 5.668 5.655] | 85M tok | ETA 102.0h
Step  20850 | loss 6.0006 | lr 3.00e-04 | grad 1.08 | 33.1k tok/s | cert -7.95→-6.70 | ticks [6.678 6.296 6.102 6.093] | 85M tok | ETA 102.0h
Step  20860 | loss 5.9050 | lr 3.00e-04 | grad 0.80 | 32.8k tok/s | cert -6.92→-6.26 | ticks [6.353 6.111 5.721 5.698] | 85M tok | ETA 102.0h
Step  20870 | loss 5.8331 | lr 3.00e-04 | grad 0.72 | 32.9k tok/s | cert -6.49→-6.22 | ticks [6.488 5.989 5.720 5.706] | 85M tok | ETA 102.0h
Step  20880 | loss 5.8821 | lr 3.00e-04 | grad 0.77 | 32.8k tok/s | cert -6.94→-6.55 | ticks [6.759 6.298 6.120 6.111] | 86M tok | ETA 102.0h
Step  20890 | loss 6.0550 | lr 3.00e-04 | grad 1.19 | 32.3k tok/s | cert -5.24→-6.80 | ticks [7.765 6.723 6.524 6.506] | 86M tok | ETA 102.0h
Step  20900 | loss 6.0526 | lr 3.00e-04 | grad 2.56 | 33.0k tok/s | cert -8.73→-8.09 | ticks [7.529 7.164 7.138 7.115] | 86M tok | ETA 102.0h
Step  20910 | loss 5.9322 | lr 3.00e-04 | grad 0.67 | 32.8k tok/s | cert -7.47→-6.37 | ticks [6.505 6.128 5.932 5.918] | 86M tok | ETA 102.0h
Step  20920 | loss 5.9583 | lr 3.00e-04 | grad 0.93 | 32.7k tok/s | cert -7.29→-6.25 | ticks [6.538 6.226 6.073 6.064] | 86M tok | ETA 102.0h
Step  20930 | loss 5.9834 | lr 3.00e-04 | grad 0.74 | 32.6k tok/s | cert -6.61→-5.99 | ticks [6.289 5.807 5.676 5.663] | 86M tok | ETA 102.0h
Step  20940 | loss 5.9185 | lr 3.00e-04 | grad 0.64 | 32.9k tok/s | cert -6.66→-6.11 | ticks [6.474 6.044 5.769 5.755] | 86M tok | ETA 102.0h
Step  20950 | loss 5.9292 | lr 3.00e-04 | grad 0.68 | 32.6k tok/s | cert -6.82→-6.45 | ticks [6.591 6.368 6.023 6.010] | 86M tok | ETA 102.0h
Step  20960 | loss 6.0485 | lr 3.00e-04 | grad 0.74 | 32.8k tok/s | cert -6.71→-6.58 | ticks [6.722 6.236 6.075 6.065] | 86M tok | ETA 102.0h
Step  20970 | loss 5.9639 | lr 3.00e-04 | grad 0.66 | 33.0k tok/s | cert -6.57→-6.13 | ticks [6.384 5.948 5.794 5.786] | 86M tok | ETA 102.0h
Step  20980 | loss 5.9332 | lr 3.00e-04 | grad 0.84 | 32.9k tok/s | cert -6.61→-6.33 | ticks [6.531 5.949 5.767 5.755] | 86M tok | ETA 102.0h
Step  20990 | loss 5.9176 | lr 3.00e-04 | grad 0.73 | 33.0k tok/s | cert -6.30→-6.29 | ticks [6.486 6.225 5.928 5.920] | 86M tok | ETA 102.0h
Step  21000 | loss 5.8655 | lr 3.00e-04 | grad 0.61 | 32.7k tok/s | cert -6.42→-6.18 | ticks [6.489 5.982 5.814 5.804] | 86M tok | ETA 102.0h
Step  21010 | loss 6.0951 | lr 3.00e-04 | grad 1.08 | 33.0k tok/s | cert -6.24→-6.28 | ticks [6.466 5.795 5.627 5.622] | 86M tok | ETA 102.0h
Step  21020 | loss 5.8317 | lr 3.00e-04 | grad 0.67 | 32.7k tok/s | cert -6.95→-6.11 | ticks [6.206 6.062 5.785 5.772] | 86M tok | ETA 102.0h
Step  21030 | loss 5.8900 | lr 3.00e-04 | grad 0.65 | 32.5k tok/s | cert -6.65→-6.29 | ticks [6.458 6.077 5.847 5.832] | 86M tok | ETA 102.0h
Step  21040 | loss 5.7856 | lr 3.00e-04 | grad 0.75 | 32.8k tok/s | cert -7.16→-6.29 | ticks [6.685 6.203 6.075 6.064] | 86M tok | ETA 102.0h
Step  21050 | loss 5.9519 | lr 3.00e-04 | grad 0.71 | 32.7k tok/s | cert -6.75→-6.21 | ticks [6.524 5.948 5.790 5.779] | 86M tok | ETA 102.0h
Step  21060 | loss 5.9119 | lr 3.00e-04 | grad 0.76 | 32.8k tok/s | cert -6.52→-6.66 | ticks [6.901 6.468 6.255 6.244] | 86M tok | ETA 102.0h
Step  21070 | loss 6.0170 | lr 3.00e-04 | grad 0.70 | 32.7k tok/s | cert -6.57→-6.35 | ticks [6.596 6.156 5.947 5.941] | 86M tok | ETA 102.0h
Step  21080 | loss 5.8623 | lr 3.00e-04 | grad 1.42 | 32.6k tok/s | cert -6.36→-6.16 | ticks [6.743 6.197 6.091 6.062] | 86M tok | ETA 102.0h
Step  21090 | loss 5.9865 | lr 3.00e-04 | grad 1.15 | 32.5k tok/s | cert -6.83→-6.96 | ticks [6.802 6.463 6.264 6.256] | 86M tok | ETA 102.0h
Step  21100 | loss 5.7760 | lr 3.00e-04 | grad 0.88 | 32.3k tok/s | cert -7.27→-6.34 | ticks [6.374 6.036 5.886 5.877] | 86M tok | ETA 102.0h
Step  21110 | loss 5.9277 | lr 3.00e-04 | grad 0.81 | 32.6k tok/s | cert -5.10→-6.66 | ticks [7.589 6.254 6.123 6.115] | 86M tok | ETA 102.0h
Step  21120 | loss 5.9683 | lr 3.00e-04 | grad 0.77 | 32.6k tok/s | cert -6.10→-6.43 | ticks [6.751 6.085 5.830 5.812] | 87M tok | ETA 102.0h
Step  21130 | loss 6.0112 | lr 3.00e-04 | grad 1.01 | 32.7k tok/s | cert -6.95→-6.98 | ticks [6.960 6.526 6.384 6.373] | 87M tok | ETA 102.0h
Step  21140 | loss 5.9522 | lr 3.00e-04 | grad 0.81 | 32.5k tok/s | cert -6.77→-6.22 | ticks [6.475 5.918 5.790 5.781] | 87M tok | ETA 101.9h
Step  21150 | loss 5.9504 | lr 3.00e-04 | grad 0.97 | 32.0k tok/s | cert -5.97→-6.10 | ticks [6.882 5.802 5.618 5.604] | 87M tok | ETA 101.9h
Step  21160 | loss 5.9543 | lr 3.00e-04 | grad 0.82 | 32.8k tok/s | cert -6.67→-6.14 | ticks [6.275 5.774 5.634 5.623] | 87M tok | ETA 101.9h
Step  21170 | loss 6.0133 | lr 3.00e-04 | grad 0.75 | 32.5k tok/s | cert -7.21→-6.67 | ticks [6.789 6.365 6.241 6.231] | 87M tok | ETA 101.9h
Step  21180 | loss 5.8739 | lr 3.00e-04 | grad 0.79 | 32.6k tok/s | cert -7.13→-6.67 | ticks [6.767 6.282 6.112 6.100] | 87M tok | ETA 101.9h
Step  21190 | loss 5.8680 | lr 3.00e-04 | grad 0.78 | 32.6k tok/s | cert -7.37→-6.33 | ticks [6.495 6.172 5.977 5.967] | 87M tok | ETA 101.9h
Step  21200 | loss 6.1042 | lr 3.00e-04 | grad 1.62 | 32.8k tok/s | cert -7.65→-7.39 | ticks [7.393 6.843 6.676 6.664] | 87M tok | ETA 101.9h
Step  21210 | loss 5.9063 | lr 3.00e-04 | grad 0.85 | 32.9k tok/s | cert -5.62→-5.78 | ticks [6.627 5.790 5.599 5.588] | 87M tok | ETA 101.9h
Step  21220 | loss 5.8666 | lr 3.00e-04 | grad 0.65 | 33.2k tok/s | cert -6.40→-6.03 | ticks [6.592 5.804 5.649 5.639] | 87M tok | ETA 101.9h
Step  21230 | loss 5.9557 | lr 3.00e-04 | grad 1.10 | 32.9k tok/s | cert -7.21→-6.21 | ticks [6.355 6.053 5.939 5.931] | 87M tok | ETA 101.9h
Step  21240 | loss 5.9547 | lr 3.00e-04 | grad 0.97 | 32.6k tok/s | cert -5.71→-6.02 | ticks [6.549 5.781 5.632 5.624] | 87M tok | ETA 101.9h
Step  21250 | loss 5.8808 | lr 3.00e-04 | grad 0.86 | 33.0k tok/s | cert -6.93→-6.17 | ticks [6.535 6.158 5.982 5.970] | 87M tok | ETA 101.9h
Step  21260 | loss 5.7163 | lr 3.00e-04 | grad 1.30 | 33.1k tok/s | cert -5.99→-6.49 | ticks [6.664 5.816 5.576 5.558] | 87M tok | ETA 101.9h
Step  21270 | loss 5.9170 | lr 3.00e-04 | grad 1.12 | 32.7k tok/s | cert -6.54→-6.42 | ticks [6.643 5.937 5.830 5.821] | 87M tok | ETA 101.9h
Step  21280 | loss 5.8590 | lr 3.00e-04 | grad 0.68 | 32.2k tok/s | cert -4.87→-6.10 | ticks [7.265 6.084 5.851 5.843] | 87M tok | ETA 101.9h
Step  21290 | loss 5.9071 | lr 3.00e-04 | grad 0.88 | 32.8k tok/s | cert -6.63→-6.68 | ticks [7.016 6.538 6.266 6.244] | 87M tok | ETA 101.9h
Step  21300 | loss 6.0294 | lr 3.00e-04 | grad 0.85 | 32.5k tok/s | cert -6.79→-6.09 | ticks [6.439 5.852 5.721 5.708] | 87M tok | ETA 101.9h
Step  21310 | loss 5.9962 | lr 3.00e-04 | grad 1.08 | 32.7k tok/s | cert -7.71→-6.78 | ticks [6.726 6.341 6.254 6.247] | 87M tok | ETA 101.9h
Step  21320 | loss 5.9981 | lr 3.00e-04 | grad 1.12 | 32.5k tok/s | cert -5.76→-6.86 | ticks [7.369 6.638 6.427 6.412] | 87M tok | ETA 101.9h
Step  21330 | loss 6.0846 | lr 3.00e-04 | grad 0.78 | 32.2k tok/s | cert -5.57→-6.67 | ticks [7.085 6.298 6.069 6.057] | 87M tok | ETA 101.9h
Step  21340 | loss 6.0040 | lr 3.00e-04 | grad 0.97 | 32.5k tok/s | cert -7.83→-6.93 | ticks [6.667 6.539 6.252 6.232] | 87M tok | ETA 101.9h
Step  21350 | loss 6.0601 | lr 3.00e-04 | grad 0.91 | 32.8k tok/s | cert -7.50→-6.26 | ticks [6.167 5.798 5.652 5.635] | 87M tok | ETA 101.9h
Step  21360 | loss 6.0255 | lr 3.00e-04 | grad 0.77 | 32.5k tok/s | cert -6.52→-6.24 | ticks [6.689 6.057 5.916 5.908] | 87M tok | ETA 101.9h
Step  21370 | loss 5.9392 | lr 3.00e-04 | grad 0.92 | 32.8k tok/s | cert -6.41→-6.50 | ticks [6.707 6.040 5.906 5.893] | 88M tok | ETA 101.9h
Step  21380 | loss 5.7898 | lr 3.00e-04 | grad 0.70 | 32.8k tok/s | cert -7.48→-6.19 | ticks [6.427 5.920 5.673 5.661] | 88M tok | ETA 101.9h
Step  21390 | loss 5.9264 | lr 3.00e-04 | grad 1.02 | 32.8k tok/s | cert -7.64→-6.54 | ticks [6.506 6.191 6.070 6.056] | 88M tok | ETA 101.9h
Step  21400 | loss 5.9589 | lr 3.00e-04 | grad 0.75 | 32.6k tok/s | cert -6.90→-6.37 | ticks [6.676 6.197 5.945 5.932] | 88M tok | ETA 101.9h
Step  21410 | loss 5.9617 | lr 3.00e-04 | grad 0.74 | 32.7k tok/s | cert -7.03→-6.29 | ticks [6.656 6.230 5.910 5.898] | 88M tok | ETA 101.9h
Step  21420 | loss 5.8696 | lr 3.00e-04 | grad 0.68 | 32.8k tok/s | cert -6.91→-6.23 | ticks [6.535 5.981 5.876 5.864] | 88M tok | ETA 101.9h
Step  21430 | loss 5.9965 | lr 3.00e-04 | grad 0.77 | 32.5k tok/s | cert -7.15→-6.45 | ticks [6.406 6.238 5.950 5.936] | 88M tok | ETA 101.9h
Step  21440 | loss 5.9647 | lr 3.00e-04 | grad 1.10 | 32.5k tok/s | cert -5.13→-6.70 | ticks [7.605 6.733 6.456 6.453] | 88M tok | ETA 101.9h
Step  21450 | loss 5.8376 | lr 3.00e-04 | grad 0.83 | 32.7k tok/s | cert -6.47→-6.15 | ticks [6.484 5.823 5.700 5.688] | 88M tok | ETA 101.9h
Step  21460 | loss 5.9561 | lr 3.00e-04 | grad 0.66 | 32.7k tok/s | cert -6.94→-6.11 | ticks [6.486 5.793 5.604 5.592] | 88M tok | ETA 101.9h
Step  21470 | loss 5.8352 | lr 3.00e-04 | grad 0.71 | 32.5k tok/s | cert -7.71→-6.12 | ticks [6.385 6.000 5.784 5.776] | 88M tok | ETA 101.9h
Step  21480 | loss 5.9625 | lr 3.00e-04 | grad 0.71 | 32.9k tok/s | cert -7.44→-6.47 | ticks [6.684 6.199 6.000 5.987] | 88M tok | ETA 101.9h
Step  21490 | loss 5.9972 | lr 3.00e-04 | grad 0.82 | 32.5k tok/s | cert -6.54→-5.99 | ticks [6.683 5.894 5.785 5.769] | 88M tok | ETA 101.9h
Step  21500 | loss 5.9075 | lr 3.00e-04 | grad 0.89 | 32.4k tok/s | cert -6.70→-5.80 | ticks [6.302 5.855 5.553 5.532] | 88M tok | ETA 101.9h
Step  21510 | loss 5.9402 | lr 3.00e-04 | grad 0.66 | 32.6k tok/s | cert -6.92→-6.16 | ticks [6.646 5.979 5.692 5.678] | 88M tok | ETA 101.9h
Step  21520 | loss 5.9717 | lr 3.00e-04 | grad 0.95 | 32.8k tok/s | cert -7.46→-6.30 | ticks [6.605 6.248 6.114 6.102] | 88M tok | ETA 101.9h
Step  21530 | loss 6.0070 | lr 3.00e-04 | grad 0.78 | 32.8k tok/s | cert -7.35→-6.21 | ticks [6.569 6.166 6.028 6.022] | 88M tok | ETA 101.9h
Step  21540 | loss 5.8184 | lr 3.00e-04 | grad 0.67 | 32.4k tok/s | cert -6.90→-6.43 | ticks [6.774 6.324 6.092 6.083] | 88M tok | ETA 101.9h
Step  21550 | loss 5.8988 | lr 3.00e-04 | grad 0.80 | 32.8k tok/s | cert -6.91→-6.33 | ticks [6.520 6.107 5.942 5.926] | 88M tok | ETA 101.9h
Step  21560 | loss 6.0323 | lr 3.00e-04 | grad 0.88 | 33.0k tok/s | cert -6.19→-6.36 | ticks [6.889 5.993 5.889 5.877] | 88M tok | ETA 101.9h
Step  21570 | loss 6.0047 | lr 3.00e-04 | grad 0.75 | 32.8k tok/s | cert -6.55→-6.15 | ticks [6.300 5.750 5.597 5.581] | 88M tok | ETA 101.9h
Step  21580 | loss 5.9055 | lr 3.00e-04 | grad 0.81 | 33.0k tok/s | cert -7.13→-6.18 | ticks [6.335 5.824 5.688 5.679] | 88M tok | ETA 101.9h
Step  21590 | loss 5.8853 | lr 3.00e-04 | grad 0.90 | 32.8k tok/s | cert -7.18→-6.06 | ticks [6.522 5.999 5.846 5.836] | 88M tok | ETA 101.9h
Step  21600 | loss 5.7890 | lr 3.00e-04 | grad 1.20 | 32.9k tok/s | cert -6.89→-6.35 | ticks [6.237 6.002 5.773 5.760] | 88M tok | ETA 101.9h
Step  21610 | loss 5.8729 | lr 3.00e-04 | grad 0.88 | 32.8k tok/s | cert -5.89→-5.93 | ticks [6.448 6.006 5.573 5.563] | 89M tok | ETA 101.9h
Step  21620 | loss 6.0344 | lr 3.00e-04 | grad 0.77 | 32.8k tok/s | cert -7.21→-5.97 | ticks [6.163 5.896 5.722 5.714] | 89M tok | ETA 101.9h
Step  21630 | loss 5.8340 | lr 3.00e-04 | grad 1.02 | 32.5k tok/s | cert -6.46→-6.04 | ticks [6.670 5.880 5.628 5.614] | 89M tok | ETA 101.9h
Step  21640 | loss 5.9128 | lr 3.00e-04 | grad 0.82 | 32.4k tok/s | cert -7.07→-6.30 | ticks [6.588 5.983 5.786 5.774] | 89M tok | ETA 101.9h
Step  21650 | loss 5.9693 | lr 3.00e-04 | grad 1.30 | 32.7k tok/s | cert -7.71→-7.24 | ticks [7.408 7.052 6.901 6.892] | 89M tok | ETA 101.9h
Step  21660 | loss 5.9178 | lr 3.00e-04 | grad 1.11 | 32.9k tok/s | cert -6.38→-5.74 | ticks [5.920 5.428 5.192 5.162] | 89M tok | ETA 101.9h
Step  21670 | loss 6.0178 | lr 3.00e-04 | grad 0.86 | 32.6k tok/s | cert -6.87→-6.41 | ticks [6.677 6.083 5.923 5.913] | 89M tok | ETA 101.9h
Step  21680 | loss 5.6422 | lr 3.00e-04 | grad 1.09 | 32.8k tok/s | cert -5.96→-5.89 | ticks [6.342 5.698 5.526 5.520] | 89M tok | ETA 101.9h
Step  21690 | loss 5.6752 | lr 3.00e-04 | grad 0.77 | 32.9k tok/s | cert -7.10→-6.27 | ticks [6.629 6.292 6.075 6.060] | 89M tok | ETA 101.9h
Step  21700 | loss 5.8630 | lr 3.00e-04 | grad 0.89 | 33.0k tok/s | cert -7.09→-6.14 | ticks [6.211 5.870 5.571 5.556] | 89M tok | ETA 101.9h
Step  21710 | loss 5.8857 | lr 3.00e-04 | grad 0.84 | 32.2k tok/s | cert -6.80→-5.98 | ticks [6.262 5.866 5.663 5.658] | 89M tok | ETA 101.9h
Step  21720 | loss 5.6854 | lr 3.00e-04 | grad 0.84 | 31.9k tok/s | cert -5.82→-6.18 | ticks [6.551 5.666 5.531 5.522] | 89M tok | ETA 101.9h
Step  21730 | loss 5.8635 | lr 3.00e-04 | grad 0.88 | 32.7k tok/s | cert -5.81→-5.98 | ticks [6.699 5.898 5.670 5.659] | 89M tok | ETA 101.8h
Step  21740 | loss 5.8068 | lr 3.00e-04 | grad 1.20 | 32.3k tok/s | cert -6.14→-6.62 | ticks [6.786 6.092 5.767 5.753] | 89M tok | ETA 101.8h
Step  21750 | loss 5.9508 | lr 3.00e-04 | grad 0.89 | 32.7k tok/s | cert -6.75→-5.96 | ticks [6.375 5.955 5.808 5.799] | 89M tok | ETA 101.8h
Step  21760 | loss 5.8266 | lr 3.00e-04 | grad 0.82 | 32.5k tok/s | cert -7.53→-6.28 | ticks [6.618 6.044 5.975 5.969] | 89M tok | ETA 101.8h
Step  21770 | loss 5.6938 | lr 3.00e-04 | grad 0.85 | 32.6k tok/s | cert -6.94→-6.26 | ticks [6.650 6.316 6.008 5.986] | 89M tok | ETA 101.8h
Step  21780 | loss 6.0067 | lr 3.00e-04 | grad 0.73 | 32.4k tok/s | cert -6.65→-6.20 | ticks [6.593 6.181 5.810 5.797] | 89M tok | ETA 101.8h
Step  21790 | loss 5.8174 | lr 3.00e-04 | grad 0.82 | 32.8k tok/s | cert -6.57→-6.05 | ticks [6.343 5.920 5.804 5.796] | 89M tok | ETA 101.8h
Step  21800 | loss 5.7952 | lr 3.00e-04 | grad 1.14 | 33.0k tok/s | cert -7.11→-6.21 | ticks [6.428 6.036 5.883 5.866] | 89M tok | ETA 101.8h
Step  21810 | loss 5.7833 | lr 3.00e-04 | grad 0.81 | 32.6k tok/s | cert -7.54→-6.62 | ticks [6.555 6.360 6.139 6.122] | 89M tok | ETA 101.8h
Step  21820 | loss 6.0107 | lr 3.00e-04 | grad 1.05 | 32.6k tok/s | cert -6.69→-6.19 | ticks [6.440 6.063 5.867 5.856] | 89M tok | ETA 101.8h
Step  21830 | loss 5.9128 | lr 3.00e-04 | grad 0.71 | 32.8k tok/s | cert -7.40→-6.53 | ticks [6.716 6.245 6.057 6.043] | 89M tok | ETA 101.8h
Step  21840 | loss 5.7453 | lr 3.00e-04 | grad 0.91 | 32.8k tok/s | cert -6.23→-6.40 | ticks [6.744 6.029 5.862 5.845] | 89M tok | ETA 101.8h
Step  21850 | loss 5.8223 | lr 3.00e-04 | grad 1.04 | 32.3k tok/s | cert -6.80→-6.38 | ticks [6.743 6.178 6.087 6.071] | 90M tok | ETA 101.8h
Step  21860 | loss 5.8771 | lr 3.00e-04 | grad 0.94 | 33.0k tok/s | cert -5.77→-5.90 | ticks [6.459 5.912 5.289 5.271] | 90M tok | ETA 101.8h
Step  21870 | loss 6.0744 | lr 3.00e-04 | grad 0.98 | 32.7k tok/s | cert -7.54→-6.53 | ticks [6.535 6.135 5.942 5.929] | 90M tok | ETA 101.8h
Step  21880 | loss 5.8715 | lr 3.00e-04 | grad 0.82 | 32.8k tok/s | cert -7.83→-6.59 | ticks [6.749 6.291 6.070 6.063] | 90M tok | ETA 101.8h
Step  21890 | loss 5.9420 | lr 3.00e-04 | grad 0.78 | 32.6k tok/s | cert -6.20→-6.40 | ticks [6.682 6.106 5.812 5.802] | 90M tok | ETA 101.8h
Step  21900 | loss 5.9392 | lr 3.00e-04 | grad 0.81 | 32.8k tok/s | cert -6.68→-6.10 | ticks [6.585 5.963 5.806 5.796] | 90M tok | ETA 101.8h
Step  21910 | loss 5.7525 | lr 3.00e-04 | grad 1.13 | 33.0k tok/s | cert -6.50→-5.49 | ticks [6.385 5.449 5.328 5.322] | 90M tok | ETA 101.8h
Step  21920 | loss 5.8306 | lr 3.00e-04 | grad 0.84 | 32.8k tok/s | cert -6.57→-5.93 | ticks [6.126 5.607 5.508 5.498] | 90M tok | ETA 101.8h
Step  21930 | loss 5.8625 | lr 3.00e-04 | grad 0.86 | 33.0k tok/s | cert -7.25→-6.72 | ticks [6.897 6.357 6.181 6.167] | 90M tok | ETA 101.8h
Step  21940 | loss 5.9817 | lr 3.00e-04 | grad 0.88 | 33.0k tok/s | cert -7.25→-6.25 | ticks [6.397 6.094 5.935 5.920] | 90M tok | ETA 101.8h
Step  21950 | loss 6.0932 | lr 3.00e-04 | grad 1.02 | 32.8k tok/s | cert -4.30→-6.88 | ticks [7.765 6.385 6.255 6.235] | 90M tok | ETA 101.8h
Step  21960 | loss 5.6095 | lr 3.00e-04 | grad 0.90 | 32.8k tok/s | cert -6.55→-6.21 | ticks [6.593 6.087 5.792 5.778] | 90M tok | ETA 101.8h
Step  21970 | loss 5.9079 | lr 3.00e-04 | grad 0.86 | 32.8k tok/s | cert -6.76→-6.36 | ticks [6.568 5.982 5.790 5.776] | 90M tok | ETA 101.8h
Step  21980 | loss 5.8745 | lr 3.00e-04 | grad 0.76 | 32.7k tok/s | cert -7.04→-6.26 | ticks [6.526 6.024 5.808 5.794] | 90M tok | ETA 101.8h
Step  21990 | loss 6.0358 | lr 3.00e-04 | grad 1.16 | 32.5k tok/s | cert -7.59→-7.07 | ticks [7.234 6.746 6.662 6.648] | 90M tok | ETA 101.8h
Step  22000 | loss 5.7282 | lr 3.00e-04 | grad 0.83 | 32.6k tok/s | cert -5.78→-5.86 | ticks [6.603 5.906 5.659 5.643] | 90M tok | ETA 101.8h
Step  22010 | loss 5.7029 | lr 3.00e-04 | grad 0.77 | 32.7k tok/s | cert -6.84→-6.17 | ticks [6.384 6.145 5.732 5.721] | 90M tok | ETA 101.8h
Step  22020 | loss 5.9679 | lr 3.00e-04 | grad 0.84 | 33.0k tok/s | cert -6.73→-6.14 | ticks [6.394 6.151 5.874 5.856] | 90M tok | ETA 101.8h
Step  22030 | loss 5.9268 | lr 3.00e-04 | grad 0.77 | 32.9k tok/s | cert -6.64→-6.07 | ticks [6.457 5.772 5.667 5.657] | 90M tok | ETA 101.8h
Step  22040 | loss 6.0205 | lr 3.00e-04 | grad 0.73 | 32.8k tok/s | cert -7.35→-6.33 | ticks [6.515 5.970 5.790 5.777] | 90M tok | ETA 101.8h
Step  22050 | loss 5.9423 | lr 3.00e-04 | grad 0.73 | 32.9k tok/s | cert -6.11→-6.33 | ticks [6.994 6.139 5.900 5.887] | 90M tok | ETA 101.8h
Step  22060 | loss 5.8456 | lr 3.00e-04 | grad 0.87 | 32.8k tok/s | cert -6.75→-5.90 | ticks [6.358 5.937 5.758 5.750] | 90M tok | ETA 101.8h
Step  22070 | loss 5.8177 | lr 3.00e-04 | grad 1.04 | 32.6k tok/s | cert -6.90→-6.22 | ticks [6.602 6.217 6.054 6.047] | 90M tok | ETA 101.8h
Step  22080 | loss 5.9882 | lr 3.00e-04 | grad 0.84 | 32.7k tok/s | cert -6.98→-6.52 | ticks [6.507 6.242 6.000 5.989] | 90M tok | ETA 101.8h
Step  22090 | loss 5.8998 | lr 3.00e-04 | grad 0.72 | 32.6k tok/s | cert -6.60→-5.85 | ticks [6.192 5.734 5.523 5.508] | 90M tok | ETA 101.8h
Step  22100 | loss 5.8655 | lr 3.00e-04 | grad 0.99 | 32.7k tok/s | cert -7.06→-6.24 | ticks [6.274 5.837 5.672 5.653] | 91M tok | ETA 101.8h
Step  22110 | loss 5.8972 | lr 3.00e-04 | grad 0.73 | 32.8k tok/s | cert -7.52→-6.27 | ticks [6.397 6.138 6.001 5.989] | 91M tok | ETA 101.8h
Step  22120 | loss 5.8601 | lr 3.00e-04 | grad 0.78 | 32.8k tok/s | cert -6.59→-6.28 | ticks [6.604 6.028 5.762 5.749] | 91M tok | ETA 101.8h
Step  22130 | loss 5.9699 | lr 3.00e-04 | grad 0.97 | 32.7k tok/s | cert -6.72→-6.28 | ticks [6.389 6.092 5.818 5.804] | 91M tok | ETA 101.8h
Step  22140 | loss 5.8538 | lr 3.00e-04 | grad 0.84 | 32.8k tok/s | cert -6.51→-6.08 | ticks [6.558 6.017 5.891 5.881] | 91M tok | ETA 101.8h
Step  22150 | loss 6.0105 | lr 3.00e-04 | grad 0.73 | 32.9k tok/s | cert -6.54→-6.40 | ticks [6.657 6.222 5.869 5.858] | 91M tok | ETA 101.8h
Step  22160 | loss 5.9957 | lr 3.00e-04 | grad 0.88 | 32.9k tok/s | cert -6.86→-6.19 | ticks [6.396 6.146 5.971 5.968] | 91M tok | ETA 101.8h
Step  22170 | loss 5.8359 | lr 3.00e-04 | grad 1.09 | 32.8k tok/s | cert -7.42→-6.42 | ticks [6.548 6.043 5.845 5.830] | 91M tok | ETA 101.8h
Step  22180 | loss 5.9362 | lr 3.00e-04 | grad 0.77 | 32.8k tok/s | cert -7.27→-6.45 | ticks [6.769 6.219 6.081 6.075] | 91M tok | ETA 101.8h
Step  22190 | loss 5.8867 | lr 3.00e-04 | grad 0.77 | 32.5k tok/s | cert -7.16→-6.50 | ticks [6.586 6.165 5.916 5.905] | 91M tok | ETA 101.8h
Step  22200 | loss 5.7997 | lr 3.00e-04 | grad 1.09 | 32.6k tok/s | cert -7.69→-6.44 | ticks [6.661 6.121 5.954 5.936] | 91M tok | ETA 101.8h
Step  22210 | loss 5.8103 | lr 3.00e-04 | grad 0.99 | 32.9k tok/s | cert -6.26→-5.74 | ticks [5.994 5.448 5.340 5.330] | 91M tok | ETA 101.8h
Step  22220 | loss 5.7603 | lr 3.00e-04 | grad 0.72 | 32.8k tok/s | cert -7.10→-5.99 | ticks [6.363 5.845 5.657 5.647] | 91M tok | ETA 101.8h
Step  22230 | loss 5.9401 | lr 3.00e-04 | grad 0.82 | 32.9k tok/s | cert -7.60→-6.64 | ticks [6.804 6.304 6.103 6.083] | 91M tok | ETA 101.8h
Step  22240 | loss 5.9476 | lr 3.00e-04 | grad 1.22 | 32.9k tok/s | cert -8.06→-7.23 | ticks [7.299 7.018 6.890 6.878] | 91M tok | ETA 101.8h
Step  22250 | loss 5.9965 | lr 3.00e-04 | grad 0.89 | 32.9k tok/s | cert -7.40→-6.24 | ticks [6.647 5.924 5.762 5.749] | 91M tok | ETA 101.8h
Step  22260 | loss 5.8769 | lr 3.00e-04 | grad 0.84 | 32.9k tok/s | cert -7.11→-6.26 | ticks [6.325 6.277 5.811 5.787] | 91M tok | ETA 101.8h
Step  22270 | loss 5.8712 | lr 3.00e-04 | grad 0.87 | 32.6k tok/s | cert -7.02→-6.53 | ticks [6.582 6.313 6.005 5.998] | 91M tok | ETA 101.8h
Step  22280 | loss 5.7157 | lr 3.00e-04 | grad 0.70 | 32.6k tok/s | cert -7.12→-6.12 | ticks [6.424 5.987 5.787 5.770] | 91M tok | ETA 101.8h
Step  22290 | loss 5.9662 | lr 3.00e-04 | grad 1.34 | 32.6k tok/s | cert -7.14→-6.33 | ticks [6.713 6.409 6.149 6.133] | 91M tok | ETA 101.8h
Step  22300 | loss 5.9282 | lr 3.00e-04 | grad 0.81 | 32.9k tok/s | cert -6.77→-6.59 | ticks [6.951 6.451 6.158 6.144] | 91M tok | ETA 101.8h
Step  22310 | loss 6.0442 | lr 3.00e-04 | grad 0.95 | 32.6k tok/s | cert -7.72→-6.64 | ticks [6.835 6.253 6.070 6.058] | 91M tok | ETA 101.8h
Step  22320 | loss 5.9934 | lr 3.00e-04 | grad 0.71 | 32.6k tok/s | cert -7.71→-6.32 | ticks [6.832 6.113 6.030 6.016] | 91M tok | ETA 101.7h
Step  22330 | loss 5.9507 | lr 3.00e-04 | grad 1.02 | 32.6k tok/s | cert -7.15→-6.55 | ticks [6.654 6.121 6.026 6.019] | 91M tok | ETA 101.7h
Step  22340 | loss 5.8911 | lr 3.00e-04 | grad 0.71 | 32.5k tok/s | cert -6.97→-6.29 | ticks [6.579 6.049 5.886 5.873] | 92M tok | ETA 101.7h
Step  22350 | loss 5.9410 | lr 3.00e-04 | grad 0.82 | 32.5k tok/s | cert -6.62→-6.13 | ticks [6.778 6.030 5.891 5.881] | 92M tok | ETA 101.7h
Step  22360 | loss 5.9196 | lr 3.00e-04 | grad 1.14 | 32.6k tok/s | cert -7.90→-6.55 | ticks [6.577 6.015 5.800 5.787] | 92M tok | ETA 101.7h
Step  22370 | loss 5.9092 | lr 3.00e-04 | grad 0.86 | 32.7k tok/s | cert -6.51→-6.09 | ticks [6.323 5.794 5.410 5.393] | 92M tok | ETA 101.7h
Step  22380 | loss 5.9949 | lr 3.00e-04 | grad 0.88 | 32.7k tok/s | cert -7.48→-6.23 | ticks [6.448 6.166 5.974 5.964] | 92M tok | ETA 101.7h
Step  22390 | loss 5.9909 | lr 3.00e-04 | grad 0.84 | 32.7k tok/s | cert -8.19→-6.36 | ticks [6.657 6.113 5.937 5.925] | 92M tok | ETA 101.7h
Step  22400 | loss 5.8082 | lr 3.00e-04 | grad 0.89 | 32.7k tok/s | cert -6.94→-6.51 | ticks [6.512 6.195 6.037 6.030] | 92M tok | ETA 101.7h
Step  22410 | loss 5.9336 | lr 3.00e-04 | grad 0.89 | 33.0k tok/s | cert -7.12→-6.44 | ticks [6.479 6.011 5.894 5.883] | 92M tok | ETA 101.7h
Step  22420 | loss 5.8858 | lr 3.00e-04 | grad 0.65 | 32.4k tok/s | cert -6.46→-6.03 | ticks [6.228 5.902 5.587 5.572] | 92M tok | ETA 101.7h
Step  22430 | loss 5.9661 | lr 3.00e-04 | grad 1.22 | 32.9k tok/s | cert -6.67→-6.56 | ticks [6.393 6.419 5.974 5.961] | 92M tok | ETA 101.7h
Step  22440 | loss 5.8748 | lr 3.00e-04 | grad 0.79 | 32.6k tok/s | cert -6.86→-6.41 | ticks [6.542 6.200 5.977 5.961] | 92M tok | ETA 101.7h
Step  22450 | loss 5.8111 | lr 3.00e-04 | grad 0.81 | 32.7k tok/s | cert -6.29→-6.35 | ticks [6.639 6.029 5.809 5.796] | 92M tok | ETA 101.7h
Step  22460 | loss 5.8763 | lr 3.00e-04 | grad 0.78 | 32.7k tok/s | cert -6.60→-6.42 | ticks [6.835 6.226 6.070 6.061] | 92M tok | ETA 101.7h
Step  22470 | loss 5.9413 | lr 3.00e-04 | grad 0.87 | 32.9k tok/s | cert -6.86→-6.23 | ticks [6.567 6.213 6.030 6.018] | 92M tok | ETA 101.7h
Step  22480 | loss 5.9662 | lr 3.00e-04 | grad 0.84 | 32.7k tok/s | cert -7.20→-6.66 | ticks [6.705 6.338 6.068 6.056] | 92M tok | ETA 101.7h
Step  22490 | loss 5.8752 | lr 3.00e-04 | grad 1.12 | 32.6k tok/s | cert -6.89→-6.22 | ticks [6.519 5.765 5.608 5.600] | 92M tok | ETA 101.7h
Step  22500 | loss 6.1110 | lr 3.00e-04 | grad 0.79 | 32.8k tok/s | cert -6.79→-6.59 | ticks [6.728 6.280 6.015 6.000] | 92M tok | ETA 101.7h
Step  22510 | loss 5.9741 | lr 3.00e-04 | grad 0.86 | 32.5k tok/s | cert -6.46→-6.90 | ticks [7.407 6.681 6.555 6.543] | 92M tok | ETA 101.7h
Step  22520 | loss 5.8600 | lr 3.00e-04 | grad 0.77 | 32.9k tok/s | cert -7.17→-6.27 | ticks [6.289 5.940 5.726 5.705] | 92M tok | ETA 101.7h
Step  22530 | loss 5.9322 | lr 3.00e-04 | grad 0.75 | 32.6k tok/s | cert -6.10→-6.27 | ticks [6.748 6.115 5.902 5.890] | 92M tok | ETA 101.7h
Step  22540 | loss 5.9551 | lr 3.00e-04 | grad 1.06 | 32.5k tok/s | cert -6.67→-6.42 | ticks [6.562 6.107 5.802 5.778] | 92M tok | ETA 101.7h
Step  22550 | loss 5.7957 | lr 3.00e-04 | grad 1.00 | 32.7k tok/s | cert -6.27→-6.11 | ticks [6.303 5.757 5.643 5.629] | 92M tok | ETA 101.7h
Step  22560 | loss 5.8676 | lr 3.00e-04 | grad 1.21 | 33.0k tok/s | cert -6.28→-6.48 | ticks [6.674 5.870 5.766 5.752] | 92M tok | ETA 101.7h
Step  22570 | loss 5.8456 | lr 3.00e-04 | grad 0.71 | 33.0k tok/s | cert -6.23→-5.99 | ticks [6.394 5.768 5.536 5.515] | 92M tok | ETA 101.7h
Step  22580 | loss 6.0539 | lr 3.00e-04 | grad 0.84 | 33.0k tok/s | cert -6.37→-6.12 | ticks [6.623 6.024 5.885 5.872] | 92M tok | ETA 101.7h
Step  22590 | loss 5.8512 | lr 3.00e-04 | grad 0.75 | 32.8k tok/s | cert -6.50→-6.05 | ticks [6.323 5.787 5.643 5.634] | 93M tok | ETA 101.7h
Step  22600 | loss 5.9095 | lr 3.00e-04 | grad 0.84 | 32.6k tok/s | cert -6.78→-5.95 | ticks [6.175 5.704 5.586 5.579] | 93M tok | ETA 101.7h
Step  22610 | loss 6.0912 | lr 3.00e-04 | grad 3.50 | 32.8k tok/s | cert -8.55→-8.40 | ticks [7.159 6.961 6.831 6.827] | 93M tok | ETA 101.7h
Step  22620 | loss 5.7656 | lr 3.00e-04 | grad 0.86 | 32.7k tok/s | cert -6.45→-5.61 | ticks [6.155 5.442 5.232 5.215] | 93M tok | ETA 101.7h
Step  22630 | loss 5.7851 | lr 3.00e-04 | grad 0.79 | 32.7k tok/s | cert -6.83→-6.27 | ticks [6.454 5.978 5.868 5.847] | 93M tok | ETA 101.7h
Step  22640 | loss 5.8767 | lr 3.00e-04 | grad 0.78 | 32.9k tok/s | cert -6.11→-6.01 | ticks [6.567 5.912 5.750 5.736] | 93M tok | ETA 101.7h
Step  22650 | loss 5.9931 | lr 3.00e-04 | grad 1.33 | 32.8k tok/s | cert -5.97→-6.64 | ticks [6.487 5.815 5.621 5.595] | 93M tok | ETA 101.7h
Step  22660 | loss 5.8269 | lr 3.00e-04 | grad 0.84 | 32.4k tok/s | cert -6.53→-6.03 | ticks [6.547 5.976 5.783 5.768] | 93M tok | ETA 101.7h
Step  22670 | loss 5.8633 | lr 3.00e-04 | grad 1.05 | 32.9k tok/s | cert -5.28→-6.03 | ticks [6.854 6.017 5.917 5.902] | 93M tok | ETA 101.7h
Step  22680 | loss 5.9447 | lr 3.00e-04 | grad 1.09 | 32.6k tok/s | cert -5.91→-6.23 | ticks [6.985 6.214 5.998 5.983] | 93M tok | ETA 101.7h
Step  22690 | loss 5.7973 | lr 3.00e-04 | grad 1.23 | 32.6k tok/s | cert -6.02→-6.08 | ticks [6.339 5.923 5.536 5.512] | 93M tok | ETA 101.7h
Step  22700 | loss 5.8713 | lr 3.00e-04 | grad 1.05 | 32.4k tok/s | cert -6.53→-6.08 | ticks [6.450 6.155 5.897 5.889] | 93M tok | ETA 101.7h
Step  22710 | loss 5.9428 | lr 3.00e-04 | grad 0.90 | 32.8k tok/s | cert -5.65→-5.87 | ticks [6.515 5.796 5.510 5.491] | 93M tok | ETA 101.7h
Step  22720 | loss 5.9376 | lr 3.00e-04 | grad 0.70 | 32.8k tok/s | cert -6.26→-6.10 | ticks [6.408 5.906 5.614 5.596] | 93M tok | ETA 101.7h
Step  22730 | loss 5.7858 | lr 3.00e-04 | grad 0.89 | 32.9k tok/s | cert -6.75→-6.13 | ticks [6.287 5.776 5.636 5.613] | 93M tok | ETA 101.7h
Step  22740 | loss 5.7640 | lr 3.00e-04 | grad 0.75 | 32.9k tok/s | cert -6.63→-5.91 | ticks [6.375 5.692 5.498 5.481] | 93M tok | ETA 101.7h
Step  22750 | loss 5.8656 | lr 3.00e-04 | grad 0.80 | 32.9k tok/s | cert -6.76→-6.04 | ticks [6.385 5.860 5.598 5.583] | 93M tok | ETA 101.7h
Step  22760 | loss 5.9829 | lr 3.00e-04 | grad 1.34 | 33.2k tok/s | cert -7.56→-6.45 | ticks [6.660 6.419 6.304 6.303] | 93M tok | ETA 101.7h
Step  22770 | loss 5.9241 | lr 3.00e-04 | grad 0.71 | 32.7k tok/s | cert -6.55→-6.29 | ticks [6.556 6.146 5.837 5.811] | 93M tok | ETA 101.7h
Step  22780 | loss 6.0575 | lr 3.00e-04 | grad 1.95 | 32.6k tok/s | cert -7.27→-6.54 | ticks [6.472 6.269 6.009 5.995] | 93M tok | ETA 101.7h
Step  22790 | loss 5.6691 | lr 3.00e-04 | grad 0.72 | 32.9k tok/s | cert -6.59→-6.12 | ticks [6.623 6.029 5.830 5.816] | 93M tok | ETA 101.7h
Step  22800 | loss 6.0275 | lr 3.00e-04 | grad 0.70 | 33.0k tok/s | cert -6.86→-6.12 | ticks [6.434 6.111 5.845 5.831] | 93M tok | ETA 101.7h
Step  22810 | loss 5.9278 | lr 3.00e-04 | grad 0.68 | 32.8k tok/s | cert -6.47→-6.05 | ticks [6.332 5.733 5.570 5.555] | 93M tok | ETA 101.7h
Step  22820 | loss 5.8481 | lr 3.00e-04 | grad 0.79 | 32.9k tok/s | cert -6.41→-6.24 | ticks [6.653 6.145 5.937 5.921] | 93M tok | ETA 101.7h
Step  22830 | loss 5.8150 | lr 3.00e-04 | grad 0.79 | 32.9k tok/s | cert -6.40→-6.16 | ticks [6.484 5.752 5.591 5.572] | 94M tok | ETA 101.7h
Step  22840 | loss 6.1978 | lr 3.00e-04 | grad 1.81 | 33.0k tok/s | cert -7.05→-7.17 | ticks [6.948 6.525 6.303 6.295] | 94M tok | ETA 101.7h
Step  22850 | loss 5.8534 | lr 3.00e-04 | grad 0.73 | 32.6k tok/s | cert -7.10→-6.18 | ticks [6.408 6.052 5.839 5.833] | 94M tok | ETA 101.7h
Step  22860 | loss 6.0223 | lr 3.00e-04 | grad 0.80 | 32.7k tok/s | cert -5.94→-6.52 | ticks [6.713 6.189 5.910 5.892] | 94M tok | ETA 101.7h
Step  22870 | loss 5.9098 | lr 3.00e-04 | grad 1.45 | 32.5k tok/s | cert -7.27→-6.69 | ticks [6.677 6.497 6.134 6.127] | 94M tok | ETA 101.7h
Step  22880 | loss 5.9707 | lr 3.00e-04 | grad 1.05 | 32.9k tok/s | cert -7.19→-6.84 | ticks [6.919 6.456 6.360 6.354] | 94M tok | ETA 101.7h
Step  22890 | loss 5.8105 | lr 3.00e-04 | grad 0.79 | 32.9k tok/s | cert -7.18→-6.14 | ticks [6.430 5.933 5.773 5.756] | 94M tok | ETA 101.7h
Step  22900 | loss 5.9019 | lr 3.00e-04 | grad 1.06 | 32.8k tok/s | cert -5.33→-6.10 | ticks [6.861 5.778 5.681 5.678] | 94M tok | ETA 101.7h
Step  22910 | loss 5.7756 | lr 3.00e-04 | grad 0.80 | 32.6k tok/s | cert -6.58→-6.28 | ticks [6.603 6.099 5.809 5.788] | 94M tok | ETA 101.7h
Step  22920 | loss 5.7810 | lr 3.00e-04 | grad 0.86 | 32.9k tok/s | cert -7.05→-6.26 | ticks [6.493 5.971 5.744 5.733] | 94M tok | ETA 101.7h
Step  22930 | loss 5.6656 | lr 3.00e-04 | grad 0.71 | 32.6k tok/s | cert -6.74→-5.90 | ticks [6.090 5.831 5.658 5.638] | 94M tok | ETA 101.7h
Step  22940 | loss 5.8477 | lr 3.00e-04 | grad 0.76 | 32.7k tok/s | cert -5.95→-5.87 | ticks [6.239 5.689 5.444 5.427] | 94M tok | ETA 101.6h
Step  22950 | loss 5.7953 | lr 3.00e-04 | grad 0.70 | 33.0k tok/s | cert -6.52→-6.41 | ticks [6.799 6.104 5.884 5.862] | 94M tok | ETA 101.6h
Step  22960 | loss 6.0025 | lr 3.00e-04 | grad 0.77 | 33.0k tok/s | cert -6.82→-6.52 | ticks [6.561 6.146 6.004 5.992] | 94M tok | ETA 101.6h
Step  22970 | loss 5.7886 | lr 3.00e-04 | grad 0.96 | 32.4k tok/s | cert -6.94→-6.43 | ticks [6.541 5.977 5.789 5.778] | 94M tok | ETA 101.6h
Step  22980 | loss 5.9114 | lr 3.00e-04 | grad 0.83 | 33.0k tok/s | cert -6.40→-6.72 | ticks [7.115 6.535 6.383 6.375] | 94M tok | ETA 101.6h
Step  22990 | loss 5.8126 | lr 3.00e-04 | grad 0.72 | 32.7k tok/s | cert -6.97→-6.42 | ticks [6.461 6.222 5.966 5.958] | 94M tok | ETA 101.6h
Step  23000 | loss 5.8355 | lr 3.00e-04 | grad 0.80 | 32.8k tok/s | cert -6.74→-6.28 | ticks [6.599 6.148 5.977 5.966] | 94M tok | ETA 101.6h
Step  23010 | loss 5.9491 | lr 3.00e-04 | grad 0.77 | 32.8k tok/s | cert -5.26→-6.58 | ticks [7.216 6.468 6.100 6.084] | 94M tok | ETA 101.6h
Step  23020 | loss 5.9079 | lr 3.00e-04 | grad 1.12 | 32.8k tok/s | cert -7.65→-7.00 | ticks [6.610 6.375 6.273 6.262] | 94M tok | ETA 101.6h
Step  23030 | loss 5.9737 | lr 3.00e-04 | grad 1.09 | 32.8k tok/s | cert -7.01→-6.65 | ticks [7.080 6.399 6.296 6.289] | 94M tok | ETA 101.6h
Step  23040 | loss 5.8513 | lr 3.00e-04 | grad 0.85 | 32.5k tok/s | cert -6.95→-6.05 | ticks [6.559 6.039 5.862 5.848] | 94M tok | ETA 101.6h
Step  23050 | loss 5.7438 | lr 3.00e-04 | grad 0.72 | 33.1k tok/s | cert -6.96→-5.98 | ticks [6.329 5.719 5.534 5.520] | 94M tok | ETA 101.6h
Step  23060 | loss 5.7919 | lr 3.00e-04 | grad 0.84 | 32.8k tok/s | cert -6.28→-6.31 | ticks [6.808 5.784 5.674 5.660] | 94M tok | ETA 101.6h
Step  23070 | loss 5.7818 | lr 3.00e-04 | grad 0.85 | 32.7k tok/s | cert -6.72→-5.87 | ticks [7.083 5.810 5.721 5.713] | 94M tok | ETA 101.6h
Step  23080 | loss 5.7510 | lr 3.00e-04 | grad 1.12 | 32.7k tok/s | cert -6.82→-6.44 | ticks [6.584 5.886 5.707 5.696] | 95M tok | ETA 101.6h
Step  23090 | loss 5.9299 | lr 3.00e-04 | grad 0.86 | 32.5k tok/s | cert -6.26→-6.11 | ticks [6.702 6.034 5.723 5.709] | 95M tok | ETA 101.6h
Step  23100 | loss 5.7890 | lr 3.00e-04 | grad 0.80 | 32.8k tok/s | cert -6.64→-6.08 | ticks [6.311 5.772 5.437 5.419] | 95M tok | ETA 101.6h
Step  23110 | loss 5.6515 | lr 3.00e-04 | grad 0.79 | 32.4k tok/s | cert -6.64→-5.95 | ticks [6.072 5.770 5.452 5.432] | 95M tok | ETA 101.6h
Step  23120 | loss 5.6752 | lr 3.00e-04 | grad 0.93 | 32.5k tok/s | cert -5.83→-6.17 | ticks [6.680 6.040 5.780 5.763] | 95M tok | ETA 101.6h
Step  23130 | loss 5.8828 | lr 3.00e-04 | grad 1.12 | 32.8k tok/s | cert -5.65→-6.08 | ticks [6.369 5.777 5.439 5.418] | 95M tok | ETA 101.6h
Step  23140 | loss 5.9894 | lr 3.00e-04 | grad 1.77 | 32.7k tok/s | cert -6.84→-6.91 | ticks [6.871 6.357 6.205 6.183] | 95M tok | ETA 101.6h
Step  23150 | loss 5.9515 | lr 3.00e-04 | grad 0.77 | 32.9k tok/s | cert -7.12→-6.16 | ticks [6.544 6.099 5.996 5.988] | 95M tok | ETA 101.6h
Step  23160 | loss 5.7618 | lr 3.00e-04 | grad 0.88 | 32.8k tok/s | cert -6.78→-6.22 | ticks [6.243 5.723 5.613 5.599] | 95M tok | ETA 101.6h
Step  23170 | loss 5.8943 | lr 3.00e-04 | grad 0.78 | 32.9k tok/s | cert -6.53→-6.40 | ticks [6.763 6.365 6.111 6.098] | 95M tok | ETA 101.6h
Step  23180 | loss 5.8209 | lr 3.00e-04 | grad 1.66 | 32.9k tok/s | cert -6.92→-6.92 | ticks [6.851 6.429 6.297 6.285] | 95M tok | ETA 101.6h
Step  23190 | loss 5.9297 | lr 3.00e-04 | grad 0.70 | 32.6k tok/s | cert -6.86→-6.40 | ticks [6.481 6.201 6.006 5.993] | 95M tok | ETA 101.6h
Step  23200 | loss 5.8927 | lr 3.00e-04 | grad 1.07 | 32.8k tok/s | cert -6.19→-6.13 | ticks [6.696 6.067 5.913 5.905] | 95M tok | ETA 101.6h
Step  23210 | loss 5.7685 | lr 3.00e-04 | grad 0.87 | 32.3k tok/s | cert -6.40→-6.22 | ticks [6.649 6.157 5.965 5.962] | 95M tok | ETA 101.6h
Step  23220 | loss 5.7697 | lr 3.00e-04 | grad 0.72 | 32.4k tok/s | cert -6.93→-5.96 | ticks [6.230 5.822 5.646 5.628] | 95M tok | ETA 101.6h
Step  23230 | loss 5.9016 | lr 3.00e-04 | grad 0.77 | 32.9k tok/s | cert -6.84→-6.50 | ticks [6.729 6.395 6.119 6.104] | 95M tok | ETA 101.6h
Step  23240 | loss 5.8023 | lr 3.00e-04 | grad 0.76 | 32.8k tok/s | cert -7.19→-6.34 | ticks [6.539 6.357 6.014 5.998] | 95M tok | ETA 101.6h
Step  23250 | loss 5.8620 | lr 3.00e-04 | grad 0.91 | 32.7k tok/s | cert -6.82→-6.44 | ticks [6.805 6.283 6.098 6.086] | 95M tok | ETA 101.6h
Step  23260 | loss 5.9517 | lr 3.00e-04 | grad 0.91 | 32.6k tok/s | cert -6.56→-6.34 | ticks [6.909 6.316 6.220 6.203] | 95M tok | ETA 101.6h
Step  23270 | loss 5.6400 | lr 3.00e-04 | grad 0.81 | 32.9k tok/s | cert -7.43→-6.20 | ticks [6.322 5.920 5.578 5.562] | 95M tok | ETA 101.6h
Step  23280 | loss 5.8478 | lr 3.00e-04 | grad 0.85 | 32.5k tok/s | cert -7.44→-6.23 | ticks [6.351 5.839 5.630 5.621] | 95M tok | ETA 101.6h
Step  23290 | loss 5.8832 | lr 3.00e-04 | grad 0.88 | 33.0k tok/s | cert -5.74→-6.49 | ticks [7.049 6.420 6.066 6.055] | 95M tok | ETA 101.6h
Step  23300 | loss 5.9646 | lr 3.00e-04 | grad 0.84 | 32.6k tok/s | cert -7.04→-6.12 | ticks [6.542 6.056 5.825 5.807] | 95M tok | ETA 101.6h
Step  23310 | loss 5.8215 | lr 3.00e-04 | grad 0.93 | 32.6k tok/s | cert -7.09→-6.25 | ticks [6.544 6.189 5.960 5.951] | 95M tok | ETA 101.6h
Step  23320 | loss 6.1148 | lr 3.00e-04 | grad 1.21 | 33.1k tok/s | cert -5.14→-7.20 | ticks [7.876 6.728 6.576 6.563] | 96M tok | ETA 101.6h
Step  23330 | loss 5.8963 | lr 3.00e-04 | grad 1.20 | 33.0k tok/s | cert -6.94→-6.53 | ticks [6.771 6.356 5.899 5.875] | 96M tok | ETA 101.6h
Step  23340 | loss 5.7188 | lr 3.00e-04 | grad 0.79 | 32.9k tok/s | cert -6.93→-5.89 | ticks [6.156 5.786 5.467 5.451] | 96M tok | ETA 101.6h
Step  23350 | loss 5.8315 | lr 3.00e-04 | grad 1.08 | 32.7k tok/s | cert -7.84→-6.28 | ticks [6.405 5.973 5.819 5.804] | 96M tok | ETA 101.6h
Step  23360 | loss 5.7570 | lr 3.00e-04 | grad 0.71 | 32.9k tok/s | cert -7.10→-6.28 | ticks [6.378 6.061 5.751 5.730] | 96M tok | ETA 101.6h
Step  23370 | loss 5.8868 | lr 3.00e-04 | grad 0.65 | 32.5k tok/s | cert -7.56→-6.35 | ticks [6.589 6.269 5.987 5.970] | 96M tok | ETA 101.6h
Step  23380 | loss 5.8500 | lr 3.00e-04 | grad 2.28 | 32.3k tok/s | cert -7.49→-6.52 | ticks [7.029 6.787 6.678 6.670] | 96M tok | ETA 101.6h
Step  23390 | loss 5.8582 | lr 3.00e-04 | grad 0.83 | 32.6k tok/s | cert -6.36→-6.16 | ticks [6.764 6.123 5.833 5.826] | 96M tok | ETA 101.6h
Step  23400 | loss 5.8057 | lr 3.00e-04 | grad 1.08 | 32.9k tok/s | cert -7.64→-6.22 | ticks [6.226 6.119 5.654 5.626] | 96M tok | ETA 101.6h
Step  23410 | loss 6.0260 | lr 3.00e-04 | grad 1.22 | 32.7k tok/s | cert -5.94→-6.64 | ticks [6.826 6.525 6.026 6.012] | 96M tok | ETA 101.6h
Step  23420 | loss 6.0200 | lr 3.00e-04 | grad 0.96 | 32.5k tok/s | cert -6.70→-6.44 | ticks [6.759 6.209 6.008 6.000] | 96M tok | ETA 101.6h
Step  23430 | loss 5.9894 | lr 3.00e-04 | grad 0.82 | 32.8k tok/s | cert -7.14→-6.13 | ticks [6.473 6.108 6.047 6.038] | 96M tok | ETA 101.6h
Step  23440 | loss 6.1997 | lr 3.00e-04 | grad 1.17 | 32.9k tok/s | cert -5.96→-6.58 | ticks [7.320 6.574 6.376 6.360] | 96M tok | ETA 101.6h
Step  23450 | loss 5.8056 | lr 3.00e-04 | grad 0.80 | 32.8k tok/s | cert -6.10→-6.14 | ticks [6.732 5.924 5.576 5.562] | 96M tok | ETA 101.6h
Step  23460 | loss 5.7523 | lr 3.00e-04 | grad 1.04 | 32.9k tok/s | cert -6.40→-5.90 | ticks [6.490 5.956 5.748 5.731] | 96M tok | ETA 101.6h
Step  23470 | loss 5.7389 | lr 3.00e-04 | grad 0.88 | 32.8k tok/s | cert -6.51→-5.71 | ticks [6.152 5.777 5.508 5.494] | 96M tok | ETA 101.6h
Step  23480 | loss 5.6825 | lr 3.00e-04 | grad 0.80 | 32.8k tok/s | cert -6.99→-6.05 | ticks [6.296 5.889 5.748 5.732] | 96M tok | ETA 101.6h
Step  23490 | loss 6.0272 | lr 3.00e-04 | grad 1.13 | 32.8k tok/s | cert -6.60→-6.17 | ticks [6.592 6.181 5.973 5.959] | 96M tok | ETA 101.6h
Step  23500 | loss 5.8729 | lr 3.00e-04 | grad 0.73 | 32.7k tok/s | cert -6.53→-6.15 | ticks [6.384 6.004 5.628 5.610] | 96M tok | ETA 101.6h
Step  23510 | loss 5.8232 | lr 3.00e-04 | grad 0.87 | 32.8k tok/s | cert -7.49→-6.46 | ticks [6.593 6.224 6.016 6.005] | 96M tok | ETA 101.6h
Step  23520 | loss 5.7480 | lr 3.00e-04 | grad 0.89 | 32.9k tok/s | cert -7.18→-6.92 | ticks [7.077 6.577 6.398 6.379] | 96M tok | ETA 101.6h
Step  23530 | loss 5.7253 | lr 3.00e-04 | grad 0.68 | 33.0k tok/s | cert -7.12→-6.08 | ticks [6.590 6.070 5.820 5.807] | 96M tok | ETA 101.6h
Step  23540 | loss 5.9717 | lr 3.00e-04 | grad 0.73 | 33.0k tok/s | cert -7.65→-6.51 | ticks [6.659 6.419 6.044 6.026] | 96M tok | ETA 101.6h
Step  23550 | loss 5.7778 | lr 3.00e-04 | grad 0.72 | 32.8k tok/s | cert -6.54→-6.05 | ticks [6.556 5.872 5.590 5.568] | 96M tok | ETA 101.6h
Step  23560 | loss 5.8762 | lr 3.00e-04 | grad 1.10 | 33.0k tok/s | cert -6.83→-6.02 | ticks [6.668 6.217 6.040 6.031] | 97M tok | ETA 101.6h
Step  23570 | loss 5.8858 | lr 3.00e-04 | grad 1.09 | 32.8k tok/s | cert -6.36→-6.36 | ticks [6.486 5.849 5.531 5.514] | 97M tok | ETA 101.6h
Step  23580 | loss 5.8741 | lr 3.00e-04 | grad 1.28 | 32.7k tok/s | cert -7.25→-6.68 | ticks [6.720 6.503 6.060 6.039] | 97M tok | ETA 101.6h
Step  23590 | loss 6.0545 | lr 3.00e-04 | grad 1.04 | 32.8k tok/s | cert -7.32→-6.46 | ticks [6.588 6.350 5.988 5.976] | 97M tok | ETA 101.5h
Step  23600 | loss 5.8314 | lr 3.00e-04 | grad 0.81 | 32.5k tok/s | cert -7.56→-6.50 | ticks [6.564 6.281 6.068 6.055] | 97M tok | ETA 101.5h
Step  23610 | loss 5.8530 | lr 3.00e-04 | grad 0.86 | 32.8k tok/s | cert -5.95→-6.02 | ticks [6.716 5.832 5.721 5.714] | 97M tok | ETA 101.5h
Step  23620 | loss 5.7580 | lr 3.00e-04 | grad 0.78 | 32.5k tok/s | cert -6.69→-5.89 | ticks [6.110 5.739 5.424 5.401] | 97M tok | ETA 101.5h
Step  23630 | loss 5.8473 | lr 3.00e-04 | grad 0.87 | 32.7k tok/s | cert -6.92→-6.59 | ticks [6.565 6.353 6.021 6.001] | 97M tok | ETA 101.5h
Step  23640 | loss 5.9814 | lr 3.00e-04 | grad 0.88 | 32.6k tok/s | cert -7.17→-6.71 | ticks [6.830 6.484 6.192 6.177] | 97M tok | ETA 101.5h
Step  23650 | loss 5.9437 | lr 3.00e-04 | grad 0.92 | 32.6k tok/s | cert -7.18→-6.54 | ticks [6.796 6.285 6.025 6.017] | 97M tok | ETA 101.5h
Step  23660 | loss 5.8163 | lr 3.00e-04 | grad 0.85 | 32.7k tok/s | cert -7.08→-5.91 | ticks [6.500 5.837 5.628 5.619] | 97M tok | ETA 101.5h
Step  23670 | loss 6.0224 | lr 3.00e-04 | grad 0.86 | 32.7k tok/s | cert -7.23→-6.33 | ticks [6.526 6.099 5.901 5.889] | 97M tok | ETA 101.5h
Step  23680 | loss 5.7890 | lr 3.00e-04 | grad 0.96 | 32.7k tok/s | cert -7.45→-6.26 | ticks [6.368 6.329 5.968 5.951] | 97M tok | ETA 101.5h
Step  23690 | loss 5.9178 | lr 3.00e-04 | grad 1.06 | 32.9k tok/s | cert -6.97→-5.99 | ticks [6.633 6.174 5.901 5.885] | 97M tok | ETA 101.5h
Step  23700 | loss 6.0040 | lr 3.00e-04 | grad 1.17 | 32.8k tok/s | cert -7.15→-6.76 | ticks [6.656 6.274 6.016 6.000] | 97M tok | ETA 101.5h
Step  23710 | loss 5.7837 | lr 3.00e-04 | grad 0.85 | 32.9k tok/s | cert -7.27→-6.37 | ticks [6.594 6.133 5.917 5.903] | 97M tok | ETA 101.5h
Step  23720 | loss 5.8571 | lr 3.00e-04 | grad 0.97 | 32.6k tok/s | cert -6.38→-6.09 | ticks [6.575 6.087 5.786 5.773] | 97M tok | ETA 101.5h
Step  23730 | loss 6.0313 | lr 3.00e-04 | grad 0.71 | 32.7k tok/s | cert -6.10→-6.40 | ticks [7.087 6.339 6.030 6.014] | 97M tok | ETA 101.5h
Step  23740 | loss 5.8621 | lr 3.00e-04 | grad 0.76 | 32.7k tok/s | cert -7.53→-6.19 | ticks [6.734 6.010 5.790 5.770] | 97M tok | ETA 101.5h
Step  23750 | loss 5.8168 | lr 3.00e-04 | grad 1.12 | 32.7k tok/s | cert -6.91→-6.11 | ticks [6.487 5.985 5.566 5.557] | 97M tok | ETA 101.5h
Step  23760 | loss 5.9785 | lr 3.00e-04 | grad 0.79 | 32.8k tok/s | cert -6.81→-6.13 | ticks [6.598 6.142 5.947 5.934] | 97M tok | ETA 101.5h
Step  23770 | loss 6.0446 | lr 3.00e-04 | grad 0.78 | 32.7k tok/s | cert -5.47→-6.11 | ticks [7.043 6.096 5.886 5.879] | 97M tok | ETA 101.5h
Step  23780 | loss 5.7566 | lr 3.00e-04 | grad 0.81 | 32.8k tok/s | cert -5.58→-5.90 | ticks [6.855 5.806 5.651 5.642] | 97M tok | ETA 101.5h
Step  23790 | loss 5.8326 | lr 3.00e-04 | grad 0.75 | 32.7k tok/s | cert -6.67→-5.89 | ticks [6.466 5.723 5.575 5.561] | 97M tok | ETA 101.5h
Step  23800 | loss 5.9418 | lr 3.00e-04 | grad 1.16 | 32.4k tok/s | cert -7.46→-6.67 | ticks [6.645 6.428 6.111 6.094] | 97M tok | ETA 101.5h
Step  23810 | loss 5.6991 | lr 3.00e-04 | grad 0.96 | 32.9k tok/s | cert -6.95→-5.88 | ticks [6.037 5.367 5.125 5.112] | 98M tok | ETA 101.5h
Step  23820 | loss 5.8744 | lr 3.00e-04 | grad 0.84 | 32.5k tok/s | cert -6.90→-6.00 | ticks [6.336 5.992 5.626 5.609] | 98M tok | ETA 101.5h
Step  23830 | loss 5.9460 | lr 3.00e-04 | grad 1.30 | 32.7k tok/s | cert -8.04→-6.50 | ticks [6.705 6.044 5.909 5.902] | 98M tok | ETA 101.5h
Step  23840 | loss 5.9677 | lr 3.00e-04 | grad 0.97 | 32.8k tok/s | cert -7.09→-6.14 | ticks [6.663 6.317 6.115 6.106] | 98M tok | ETA 101.5h
Step  23850 | loss 5.7257 | lr 3.00e-04 | grad 0.75 | 32.8k tok/s | cert -6.58→-5.76 | ticks [6.106 5.376 5.224 5.212] | 98M tok | ETA 101.5h
Step  23860 | loss 5.8800 | lr 3.00e-04 | grad 0.76 | 32.9k tok/s | cert -6.60→-5.71 | ticks [5.906 5.453 5.195 5.180] | 98M tok | ETA 101.5h
Step  23870 | loss 6.1924 | lr 3.00e-04 | grad 0.80 | 32.8k tok/s | cert -7.71→-6.39 | ticks [6.487 6.233 5.854 5.831] | 98M tok | ETA 101.5h
Step  23880 | loss 5.9059 | lr 3.00e-04 | grad 0.73 | 33.0k tok/s | cert -7.18→-6.69 | ticks [6.865 6.510 6.221 6.204] | 98M tok | ETA 101.5h
Step  23890 | loss 5.9602 | lr 3.00e-04 | grad 1.02 | 32.4k tok/s | cert -6.39→-6.34 | ticks [7.081 6.491 6.267 6.254] | 98M tok | ETA 101.5h
Step  23900 | loss 5.7987 | lr 3.00e-04 | grad 1.03 | 32.9k tok/s | cert -6.85→-6.23 | ticks [6.670 6.030 5.750 5.739] | 98M tok | ETA 101.5h
Step  23910 | loss 5.8728 | lr 3.00e-04 | grad 1.45 | 32.9k tok/s | cert -8.03→-6.84 | ticks [6.957 6.694 6.568 6.559] | 98M tok | ETA 101.5h
Step  23920 | loss 5.9123 | lr 3.00e-04 | grad 0.80 | 32.9k tok/s | cert -7.18→-6.31 | ticks [6.620 6.046 5.896 5.885] | 98M tok | ETA 101.5h
Step  23930 | loss 6.0032 | lr 3.00e-04 | grad 0.78 | 32.8k tok/s | cert -7.30→-6.32 | ticks [6.541 6.190 5.911 5.900] | 98M tok | ETA 101.5h
Step  23940 | loss 5.9011 | lr 3.00e-04 | grad 0.75 | 32.8k tok/s | cert -6.51→-6.31 | ticks [6.672 6.031 5.688 5.679] | 98M tok | ETA 101.5h
Step  23950 | loss 5.7296 | lr 3.00e-04 | grad 0.90 | 32.7k tok/s | cert -6.71→-6.34 | ticks [6.494 5.902 5.669 5.656] | 98M tok | ETA 101.5h
Step  23960 | loss 5.8711 | lr 3.00e-04 | grad 0.94 | 32.7k tok/s | cert -7.34→-6.33 | ticks [6.352 5.918 5.669 5.656] | 98M tok | ETA 101.5h
Step  23970 | loss 5.8514 | lr 3.00e-04 | grad 1.05 | 33.1k tok/s | cert -7.48→-7.05 | ticks [6.981 6.627 6.219 6.200] | 98M tok | ETA 101.5h
Step  23980 | loss 6.0926 | lr 3.00e-04 | grad 0.85 | 32.7k tok/s | cert -6.17→-6.27 | ticks [6.740 6.069 5.790 5.781] | 98M tok | ETA 101.5h
Step  23990 | loss 5.8594 | lr 3.00e-04 | grad 0.87 | 32.6k tok/s | cert -8.00→-6.32 | ticks [6.695 6.393 6.071 6.054] | 98M tok | ETA 101.5h
Step  24000 | loss 5.6989 | lr 3.00e-04 | grad 0.71 | 33.0k tok/s | cert -6.96→-6.16 | ticks [6.662 5.888 5.725 5.710] | 98M tok | ETA 101.5h
Step  24010 | loss 5.8126 | lr 3.00e-04 | grad 0.93 | 33.0k tok/s | cert -6.86→-5.93 | ticks [6.526 5.901 5.658 5.643] | 98M tok | ETA 101.5h
Step  24020 | loss 5.7575 | lr 3.00e-04 | grad 0.71 | 32.7k tok/s | cert -7.50→-6.07 | ticks [6.332 6.026 5.729 5.717] | 98M tok | ETA 101.5h
Step  24030 | loss 5.9288 | lr 3.00e-04 | grad 0.86 | 32.8k tok/s | cert -5.64→-6.41 | ticks [7.130 6.204 5.980 5.964] | 98M tok | ETA 101.5h
Step  24040 | loss 5.9058 | lr 3.00e-04 | grad 0.92 | 32.8k tok/s | cert -7.61→-6.28 | ticks [6.494 6.353 6.010 5.996] | 98M tok | ETA 101.5h
Step  24050 | loss 5.8595 | lr 3.00e-04 | grad 1.01 | 32.4k tok/s | cert -7.58→-6.41 | ticks [6.287 6.123 5.621 5.608] | 99M tok | ETA 101.5h
Step  24060 | loss 5.8246 | lr 3.00e-04 | grad 0.74 | 32.4k tok/s | cert -7.39→-6.12 | ticks [6.412 6.028 5.568 5.553] | 99M tok | ETA 101.5h
Step  24070 | loss 5.9196 | lr 3.00e-04 | grad 0.74 | 32.8k tok/s | cert -7.87→-6.38 | ticks [6.770 6.098 5.933 5.926] | 99M tok | ETA 101.5h
Step  24080 | loss 5.8642 | lr 3.00e-04 | grad 0.67 | 32.8k tok/s | cert -7.62→-6.14 | ticks [6.407 5.962 5.764 5.749] | 99M tok | ETA 101.5h
Step  24090 | loss 5.6559 | lr 3.00e-04 | grad 1.16 | 32.5k tok/s | cert -7.19→-6.25 | ticks [6.913 5.904 5.746 5.729] | 99M tok | ETA 101.5h
Step  24100 | loss 5.7324 | lr 3.00e-04 | grad 0.72 | 32.6k tok/s | cert -7.05→-6.41 | ticks [6.731 6.198 5.946 5.926] | 99M tok | ETA 101.5h
Step  24110 | loss 5.7784 | lr 3.00e-04 | grad 0.83 | 32.5k tok/s | cert -7.41→-6.34 | ticks [6.450 6.073 5.696 5.674] | 99M tok | ETA 101.5h
Step  24120 | loss 5.9615 | lr 3.00e-04 | grad 0.75 | 32.7k tok/s | cert -6.24→-6.04 | ticks [6.516 5.772 5.484 5.468] | 99M tok | ETA 101.5h
Step  24130 | loss 5.8732 | lr 3.00e-04 | grad 0.85 | 32.9k tok/s | cert -7.01→-6.13 | ticks [6.616 6.085 5.800 5.783] | 99M tok | ETA 101.5h
Step  24140 | loss 5.8964 | lr 3.00e-04 | grad 0.83 | 32.9k tok/s | cert -7.04→-6.22 | ticks [6.645 5.994 5.872 5.856] | 99M tok | ETA 101.5h
Step  24150 | loss 5.7957 | lr 3.00e-04 | grad 0.78 | 32.9k tok/s | cert -7.29→-6.14 | ticks [6.237 5.823 5.558 5.547] | 99M tok | ETA 101.5h
Step  24160 | loss 5.8593 | lr 3.00e-04 | grad 1.01 | 32.2k tok/s | cert -7.07→-6.51 | ticks [6.495 6.321 5.904 5.886] | 99M tok | ETA 101.5h
Step  24170 | loss 5.8237 | lr 3.00e-04 | grad 0.97 | 32.9k tok/s | cert -7.39→-6.20 | ticks [6.432 5.647 5.566 5.555] | 99M tok | ETA 101.5h
Step  24180 | loss 5.9122 | lr 3.00e-04 | grad 1.02 | 32.5k tok/s | cert -7.03→-6.06 | ticks [6.147 5.637 5.521 5.508] | 99M tok | ETA 101.5h
Step  24190 | loss 6.0005 | lr 3.00e-04 | grad 0.77 | 32.9k tok/s | cert -6.42→-6.60 | ticks [7.356 6.298 6.129 6.117] | 99M tok | ETA 101.5h
Step  24200 | loss 5.9309 | lr 3.00e-04 | grad 0.82 | 32.5k tok/s | cert -5.94→-6.33 | ticks [6.865 6.072 5.944 5.934] | 99M tok | ETA 101.5h
Step  24210 | loss 5.7775 | lr 3.00e-04 | grad 1.22 | 33.2k tok/s | cert -7.58→-6.92 | ticks [6.720 6.274 6.095 6.079] | 99M tok | ETA 101.5h
Step  24220 | loss 5.8796 | lr 3.00e-04 | grad 0.77 | 32.5k tok/s | cert -6.26→-6.10 | ticks [6.952 6.082 5.807 5.793] | 99M tok | ETA 101.5h
Step  24230 | loss 5.7391 | lr 3.00e-04 | grad 1.17 | 32.6k tok/s | cert -7.13→-5.95 | ticks [6.317 5.731 5.450 5.439] | 99M tok | ETA 101.5h
Step  24240 | loss 5.9692 | lr 3.00e-04 | grad 0.94 | 32.8k tok/s | cert -6.75→-6.21 | ticks [6.361 6.058 5.726 5.713] | 99M tok | ETA 101.5h
Step  24250 | loss 5.7486 | lr 3.00e-04 | grad 1.27 | 32.8k tok/s | cert -6.20→-6.36 | ticks [6.397 6.158 5.363 5.344] | 99M tok | ETA 101.5h
Step  24260 | loss 5.7838 | lr 3.00e-04 | grad 0.86 | 32.6k tok/s | cert -7.06→-5.84 | ticks [6.281 5.643 5.337 5.320] | 99M tok | ETA 101.5h
Step  24270 | loss 5.8087 | lr 3.00e-04 | grad 0.81 | 32.7k tok/s | cert -7.07→-5.62 | ticks [6.173 5.452 5.242 5.224] | 99M tok | ETA 101.5h
Step  24280 | loss 5.8494 | lr 3.00e-04 | grad 0.76 | 32.7k tok/s | cert -6.46→-6.27 | ticks [6.843 6.223 5.947 5.933] | 99M tok | ETA 101.5h
Step  24290 | loss 5.9181 | lr 3.00e-04 | grad 1.47 | 32.9k tok/s | cert -7.39→-6.61 | ticks [6.253 6.420 5.843 5.826] | 99M tok | ETA 101.5h
Step  24300 | loss 5.7593 | lr 3.00e-04 | grad 0.73 | 32.8k tok/s | cert -7.46→-6.33 | ticks [6.457 6.360 5.789 5.768] | 100M tok | ETA 101.5h
Step  24310 | loss 5.7873 | lr 3.00e-04 | grad 1.49 | 32.6k tok/s | cert -5.83→-6.57 | ticks [7.246 6.385 6.219 6.198] | 100M tok | ETA 101.5h
Step  24320 | loss 5.8777 | lr 3.00e-04 | grad 1.05 | 32.8k tok/s | cert -8.08→-6.68 | ticks [6.478 6.119 5.984 5.972] | 100M tok | ETA 101.4h
Step  24330 | loss 5.8900 | lr 3.00e-04 | grad 0.98 | 32.7k tok/s | cert -7.11→-6.32 | ticks [6.546 5.943 5.760 5.739] | 100M tok | ETA 101.4h
Step  24340 | loss 5.9440 | lr 3.00e-04 | grad 0.74 | 32.9k tok/s | cert -6.65→-6.26 | ticks [6.738 6.062 5.856 5.841] | 100M tok | ETA 101.4h
Step  24350 | loss 5.9944 | lr 3.00e-04 | grad 0.81 | 33.0k tok/s | cert -7.46→-6.40 | ticks [6.532 6.259 6.016 6.009] | 100M tok | ETA 101.4h
Step  24360 | loss 5.8593 | lr 3.00e-04 | grad 0.81 | 33.2k tok/s | cert -7.27→-6.16 | ticks [6.359 5.970 5.822 5.802] | 100M tok | ETA 101.4h
Step  24370 | loss 5.9601 | lr 3.00e-04 | grad 0.78 | 32.9k tok/s | cert -6.74→-6.33 | ticks [6.767 6.324 5.974 5.959] | 100M tok | ETA 101.4h
Step  24380 | loss 5.8546 | lr 3.00e-04 | grad 1.17 | 32.7k tok/s | cert -8.26→-6.75 | ticks [6.548 6.389 5.943 5.933] | 100M tok | ETA 101.4h
Step  24390 | loss 5.8702 | lr 3.00e-04 | grad 1.11 | 32.5k tok/s | cert -6.62→-6.34 | ticks [6.660 5.890 5.612 5.575] | 100M tok | ETA 101.4h
Step  24400 | loss 5.9712 | lr 3.00e-04 | grad 0.86 | 32.8k tok/s | cert -7.63→-6.58 | ticks [6.768 6.523 6.116 6.106] | 100M tok | ETA 101.4h
Step  24410 | loss 5.7327 | lr 3.00e-04 | grad 0.71 | 33.0k tok/s | cert -5.72→-6.10 | ticks [6.774 5.860 5.639 5.625] | 100M tok | ETA 101.4h
Step  24420 | loss 5.6511 | lr 3.00e-04 | grad 0.69 | 32.8k tok/s | cert -6.99→-5.91 | ticks [6.265 5.767 5.538 5.523] | 100M tok | ETA 101.4h
Step  24430 | loss 5.8546 | lr 3.00e-04 | grad 0.94 | 32.8k tok/s | cert -6.77→-6.10 | ticks [6.629 6.164 5.840 5.822] | 100M tok | ETA 101.4h
Step  24440 | loss 5.8148 | lr 3.00e-04 | grad 1.22 | 32.5k tok/s | cert -7.27→-6.51 | ticks [6.313 6.161 5.776 5.756] | 100M tok | ETA 101.4h
Step  24450 | loss 5.6942 | lr 3.00e-04 | grad 0.89 | 32.6k tok/s | cert -7.39→-5.87 | ticks [6.389 5.703 5.333 5.313] | 100M tok | ETA 101.4h
Step  24460 | loss 5.8278 | lr 3.00e-04 | grad 0.75 | 32.4k tok/s | cert -7.96→-6.43 | ticks [6.410 6.196 5.911 5.901] | 100M tok | ETA 101.4h
Step  24470 | loss 6.2469 | lr 3.00e-04 | grad 0.81 | 32.7k tok/s | cert -5.43→-6.61 | ticks [7.422 6.320 6.058 6.046] | 100M tok | ETA 101.4h
Step  24480 | loss 5.8714 | lr 3.00e-04 | grad 0.98 | 33.0k tok/s | cert -7.49→-6.37 | ticks [6.738 6.280 6.172 6.164] | 100M tok | ETA 101.4h
Step  24490 | loss 5.9065 | lr 3.00e-04 | grad 1.36 | 32.5k tok/s | cert -6.93→-6.56 | ticks [6.699 6.038 5.958 5.943] | 100M tok | ETA 101.4h
Step  24500 | loss 5.8311 | lr 3.00e-04 | grad 0.82 | 32.7k tok/s | cert -6.44→-6.56 | ticks [7.040 6.533 6.194 6.180] | 100M tok | ETA 101.4h
Step  24510 | loss 5.9902 | lr 3.00e-04 | grad 0.86 | 32.8k tok/s | cert -6.14→-5.99 | ticks [6.521 5.556 5.498 5.486] | 100M tok | ETA 101.4h
Step  24520 | loss 5.7563 | lr 3.00e-04 | grad 0.83 | 32.7k tok/s | cert -6.53→-6.58 | ticks [7.184 6.483 6.296 6.285] | 100M tok | ETA 101.4h
Step  24530 | loss 5.8863 | lr 3.00e-04 | grad 0.80 | 33.0k tok/s | cert -6.59→-6.24 | ticks [6.689 6.390 5.880 5.868] | 100M tok | ETA 101.4h
Step  24540 | loss 5.9643 | lr 3.00e-04 | grad 1.33 | 32.8k tok/s | cert -6.68→-6.50 | ticks [7.162 6.693 6.405 6.395] | 101M tok | ETA 101.4h
Step  24550 | loss 5.9781 | lr 3.00e-04 | grad 0.88 | 32.3k tok/s | cert -6.86→-6.31 | ticks [6.777 6.132 6.015 6.002] | 101M tok | ETA 101.4h
Step  24560 | loss 5.9317 | lr 3.00e-04 | grad 0.73 | 32.7k tok/s | cert -7.48→-6.39 | ticks [6.484 6.110 5.898 5.879] | 101M tok | ETA 101.4h
Step  24570 | loss 5.9280 | lr 3.00e-04 | grad 0.79 | 32.5k tok/s | cert -6.55→-6.66 | ticks [7.175 6.621 6.259 6.245] | 101M tok | ETA 101.4h
Step  24580 | loss 5.9184 | lr 3.00e-04 | grad 0.89 | 32.7k tok/s | cert -6.85→-6.27 | ticks [6.600 5.883 5.616 5.606] | 101M tok | ETA 101.4h
Step  24590 | loss 5.9250 | lr 3.00e-04 | grad 0.78 | 32.9k tok/s | cert -6.39→-6.34 | ticks [6.905 6.177 5.959 5.946] | 101M tok | ETA 101.4h
Step  24600 | loss 5.9203 | lr 3.00e-04 | grad 0.77 | 32.8k tok/s | cert -7.26→-6.12 | ticks [6.665 5.906 5.761 5.748] | 101M tok | ETA 101.4h
Step  24610 | loss 5.8537 | lr 3.00e-04 | grad 1.02 | 32.7k tok/s | cert -6.94→-6.22 | ticks [6.798 6.382 6.034 6.024] | 101M tok | ETA 101.4h
Step  24620 | loss 5.8867 | lr 3.00e-04 | grad 1.09 | 32.5k tok/s | cert -7.69→-6.66 | ticks [6.641 6.250 6.030 6.018] | 101M tok | ETA 101.4h
Step  24630 | loss 5.8185 | lr 3.00e-04 | grad 0.81 | 32.9k tok/s | cert -7.48→-6.48 | ticks [6.593 6.297 6.143 6.131] | 101M tok | ETA 101.4h
Step  24640 | loss 5.8644 | lr 3.00e-04 | grad 0.69 | 32.6k tok/s | cert -6.89→-6.52 | ticks [6.788 6.552 6.106 6.083] | 101M tok | ETA 101.4h
Step  24650 | loss 5.9079 | lr 3.00e-04 | grad 0.92 | 33.1k tok/s | cert -6.88→-6.20 | ticks [6.459 6.004 5.911 5.900] | 101M tok | ETA 101.4h
Step  24660 | loss 5.9870 | lr 3.00e-04 | grad 0.88 | 33.0k tok/s | cert -7.44→-6.57 | ticks [6.918 6.392 6.176 6.163] | 101M tok | ETA 101.4h
Step  24670 | loss 6.0051 | lr 3.00e-04 | grad 0.93 | 32.7k tok/s | cert -7.16→-6.27 | ticks [6.558 6.203 6.030 6.021] | 101M tok | ETA 101.4h
Step  24680 | loss 5.8870 | lr 3.00e-04 | grad 1.23 | 32.9k tok/s | cert -6.30→-6.63 | ticks [6.806 6.091 5.935 5.922] | 101M tok | ETA 101.4h
Step  24690 | loss 5.9471 | lr 3.00e-04 | grad 1.16 | 32.8k tok/s | cert -6.54→-6.72 | ticks [7.268 6.652 6.403 6.395] | 101M tok | ETA 101.4h
Step  24700 | loss 5.8468 | lr 3.00e-04 | grad 0.80 | 32.7k tok/s | cert -7.27→-6.66 | ticks [6.869 6.463 6.268 6.253] | 101M tok | ETA 101.4h
Step  24710 | loss 5.8471 | lr 3.00e-04 | grad 0.70 | 32.9k tok/s | cert -7.39→-6.19 | ticks [6.703 6.176 5.931 5.913] | 101M tok | ETA 101.4h
Step  24720 | loss 5.9808 | lr 3.00e-04 | grad 1.03 | 32.7k tok/s | cert -7.15→-6.46 | ticks [6.602 6.073 5.817 5.801] | 101M tok | ETA 101.4h
Step  24730 | loss 5.9111 | lr 3.00e-04 | grad 0.77 | 32.7k tok/s | cert -6.87→-6.38 | ticks [6.676 6.191 6.022 6.007] | 101M tok | ETA 101.4h
Step  24740 | loss 5.8944 | lr 3.00e-04 | grad 0.69 | 32.7k tok/s | cert -7.64→-6.58 | ticks [6.749 6.505 6.227 6.213] | 101M tok | ETA 101.4h
Step  24750 | loss 5.8320 | lr 3.00e-04 | grad 0.80 | 32.9k tok/s | cert -5.97→-6.21 | ticks [6.693 6.036 5.826 5.814] | 101M tok | ETA 101.4h
Step  24760 | loss 5.8654 | lr 3.00e-04 | grad 0.79 | 33.0k tok/s | cert -7.02→-6.18 | ticks [6.421 5.894 5.721 5.707] | 101M tok | ETA 101.4h
Step  24770 | loss 5.9477 | lr 3.00e-04 | grad 0.86 | 32.6k tok/s | cert -6.25→-6.22 | ticks [6.884 6.064 5.847 5.835] | 101M tok | ETA 101.4h
Step  24780 | loss 5.9978 | lr 3.00e-04 | grad 0.75 | 33.0k tok/s | cert -7.37→-6.40 | ticks [6.642 6.268 5.976 5.960] | 102M tok | ETA 101.4h
Step  24790 | loss 5.8746 | lr 3.00e-04 | grad 0.72 | 32.7k tok/s | cert -6.18→-6.49 | ticks [7.080 6.351 6.091 6.079] | 102M tok | ETA 101.4h
Step  24800 | loss 5.9808 | lr 3.00e-04 | grad 0.87 | 32.7k tok/s | cert -7.10→-6.34 | ticks [6.414 6.100 5.855 5.846] | 102M tok | ETA 101.4h
Step  24810 | loss 6.0772 | lr 3.00e-04 | grad 0.71 | 32.9k tok/s | cert -7.28→-6.20 | ticks [6.404 6.010 5.695 5.676] | 102M tok | ETA 101.4h
Step  24820 | loss 5.9363 | lr 3.00e-04 | grad 0.95 | 32.8k tok/s | cert -7.67→-6.68 | ticks [6.656 6.214 6.020 6.005] | 102M tok | ETA 101.4h
Step  24830 | loss 5.8379 | lr 3.00e-04 | grad 0.81 | 32.8k tok/s | cert -7.37→-6.35 | ticks [6.847 6.458 6.204 6.191] | 102M tok | ETA 101.4h
Step  24840 | loss 5.8234 | lr 3.00e-04 | grad 1.48 | 32.6k tok/s | cert -6.51→-6.39 | ticks [6.201 6.067 5.620 5.614] | 102M tok | ETA 101.4h
Step  24850 | loss 5.9206 | lr 3.00e-04 | grad 0.88 | 32.5k tok/s | cert -6.94→-6.45 | ticks [6.721 6.448 5.880 5.863] | 102M tok | ETA 101.4h
Step  24860 | loss 5.9372 | lr 3.00e-04 | grad 0.98 | 32.8k tok/s | cert -7.29→-6.23 | ticks [6.726 6.274 5.949 5.936] | 102M tok | ETA 101.4h
Step  24870 | loss 5.8757 | lr 3.00e-04 | grad 0.98 | 32.3k tok/s | cert -6.35→-6.82 | ticks [7.128 6.485 6.292 6.283] | 102M tok | ETA 101.4h
Step  24880 | loss 6.0113 | lr 3.00e-04 | grad 0.81 | 32.6k tok/s | cert -5.72→-6.44 | ticks [7.212 6.223 5.941 5.923] | 102M tok | ETA 101.4h
Step  24890 | loss 5.9801 | lr 3.00e-04 | grad 0.70 | 33.0k tok/s | cert -6.74→-6.24 | ticks [6.543 6.166 5.836 5.820] | 102M tok | ETA 101.4h
Step  24900 | loss 5.9787 | lr 3.00e-04 | grad 0.75 | 32.3k tok/s | cert -7.27→-6.80 | ticks [6.886 6.550 6.318 6.306] | 102M tok | ETA 101.4h
Step  24910 | loss 5.9798 | lr 3.00e-04 | grad 0.73 | 32.8k tok/s | cert -7.40→-6.61 | ticks [7.055 6.368 6.225 6.209] | 102M tok | ETA 101.4h
Step  24920 | loss 5.9636 | lr 3.00e-04 | grad 0.97 | 33.0k tok/s | cert -6.52→-6.04 | ticks [6.716 6.229 5.910 5.897] | 102M tok | ETA 101.4h
Step  24930 | loss 5.9008 | lr 3.00e-04 | grad 0.69 | 32.4k tok/s | cert -7.51→-6.50 | ticks [6.696 6.427 6.079 6.073] | 102M tok | ETA 101.4h
Step  24940 | loss 5.9824 | lr 3.00e-04 | grad 0.70 | 32.9k tok/s | cert -6.92→-6.20 | ticks [6.412 5.996 5.773 5.762] | 102M tok | ETA 101.4h
Step  24950 | loss 5.9214 | lr 3.00e-04 | grad 0.93 | 33.0k tok/s | cert -7.49→-6.41 | ticks [6.599 6.280 5.723 5.700] | 102M tok | ETA 101.4h
Step  24960 | loss 6.2210 | lr 3.00e-04 | grad 1.70 | 32.7k tok/s | cert -8.12→-7.21 | ticks [7.304 7.180 7.036 7.026] | 102M tok | ETA 101.4h
Step  24970 | loss 6.3135 | lr 3.00e-04 | grad 1.67 | 32.8k tok/s | cert -8.06→-7.16 | ticks [7.240 7.092 6.909 6.892] | 102M tok | ETA 101.4h
Step  24980 | loss 6.2465 | lr 3.00e-04 | grad 1.62 | 32.8k tok/s | cert -7.06→-6.69 | ticks [7.045 6.750 6.540 6.520] | 102M tok | ETA 101.4h
Step  24990 | loss 6.1888 | lr 3.00e-04 | grad 1.05 | 32.7k tok/s | cert -7.83→-7.05 | ticks [6.981 6.774 6.546 6.531] | 102M tok | ETA 101.4h
Step  25000 | loss 6.0379 | lr 3.00e-04 | grad 0.85 | 33.1k tok/s | cert -7.20→-6.78 | ticks [7.046 6.592 6.470 6.462] | 102M tok | ETA 101.4h
'[Errno 9] Bad file descriptor' thrown while requesting GET https://huggingface.co/datasets/HuggingFaceFW/fineweb-edu/resolve/87f09149ef4734204d70ed1d046ddc9ca3f2b8f9/sample/10BT/000_00000.parquet
Retrying in 1s [Retry 1/5].

  >>> Eval loss: 6.5820 (best: 6.5907)
  >>> Saved best checkpoint at step 25000
  >>> Sample: 'The most important thing to understand about science is' → ' how they understand what your how do what? What did what? You have what? Your?
- What you get out? How? How? How? What? How? What What? Let me? Is a? How??'

Step  25010 | loss 6.0414 | lr 3.00e-04 | grad 0.98 | 32.4k tok/s | cert -7.60→-6.39 | ticks [6.527 5.902 5.746 5.737] | 102M tok | ETA 101.9h
Step  25020 | loss 5.9617 | lr 3.00e-04 | grad 0.96 | 32.8k tok/s | cert -7.38→-6.41 | ticks [6.911 6.060 5.971 5.957] | 102M tok | ETA 101.9h
Step  25030 | loss 6.0302 | lr 3.00e-04 | grad 0.78 | 32.5k tok/s | cert -6.98→-6.45 | ticks [6.811 6.336 6.088 6.080] | 103M tok | ETA 101.9h
Step  25040 | loss 5.9140 | lr 3.00e-04 | grad 0.87 | 32.8k tok/s | cert -5.70→-6.00 | ticks [6.831 6.015 5.832 5.819] | 103M tok | ETA 101.9h
Step  25050 | loss 5.9136 | lr 3.00e-04 | grad 0.89 | 32.7k tok/s | cert -7.28→-6.49 | ticks [6.499 6.087 5.868 5.854] | 103M tok | ETA 101.9h
Step  25060 | loss 5.9307 | lr 3.00e-04 | grad 1.53 | 33.0k tok/s | cert -7.61→-6.66 | ticks [6.614 6.277 6.048 6.035] | 103M tok | ETA 101.9h
Step  25070 | loss 5.7520 | lr 3.00e-04 | grad 0.99 | 33.1k tok/s | cert -6.83→-6.54 | ticks [6.924 6.440 6.061 6.044] | 103M tok | ETA 101.9h
Step  25080 | loss 5.7821 | lr 3.00e-04 | grad 0.86 | 32.7k tok/s | cert -6.79→-6.55 | ticks [6.834 6.560 6.139 6.109] | 103M tok | ETA 101.9h
Step  25090 | loss 5.9890 | lr 3.00e-04 | grad 0.90 | 32.9k tok/s | cert -7.96→-6.25 | ticks [6.581 6.168 5.992 5.981] | 103M tok | ETA 101.9h
Step  25100 | loss 5.8555 | lr 3.00e-04 | grad 0.72 | 32.5k tok/s | cert -6.66→-6.31 | ticks [6.687 6.209 5.973 5.963] | 103M tok | ETA 101.9h
Step  25110 | loss 5.9466 | lr 3.00e-04 | grad 1.01 | 33.1k tok/s | cert -6.47→-6.52 | ticks [6.724 6.392 5.954 5.929] | 103M tok | ETA 101.9h
Step  25120 | loss 5.8574 | lr 3.00e-04 | grad 0.70 | 32.5k tok/s | cert -6.65→-6.59 | ticks [7.020 6.518 6.235 6.223] | 103M tok | ETA 101.9h
Step  25130 | loss 5.7754 | lr 3.00e-04 | grad 0.78 | 32.9k tok/s | cert -6.38→-6.28 | ticks [6.837 6.356 5.984 5.974] | 103M tok | ETA 101.9h
Step  25140 | loss 5.8084 | lr 3.00e-04 | grad 0.73 | 32.4k tok/s | cert -6.63→-6.11 | ticks [6.257 5.945 5.746 5.732] | 103M tok | ETA 101.9h
Step  25150 | loss 5.9519 | lr 3.00e-04 | grad 0.93 | 32.6k tok/s | cert -7.11→-6.51 | ticks [6.426 6.292 5.952 5.943] | 103M tok | ETA 101.9h
Step  25160 | loss 5.8944 | lr 3.00e-04 | grad 0.79 | 32.7k tok/s | cert -6.74→-6.22 | ticks [6.518 5.970 5.760 5.744] | 103M tok | ETA 101.9h
Step  25170 | loss 5.8162 | lr 3.00e-04 | grad 0.80 | 32.8k tok/s | cert -7.54→-6.66 | ticks [6.763 6.348 6.248 6.236] | 103M tok | ETA 101.9h
Step  25180 | loss 5.8643 | lr 3.00e-04 | grad 0.80 | 32.7k tok/s | cert -6.50→-6.22 | ticks [6.566 5.876 5.620 5.608] | 103M tok | ETA 101.9h
Step  25190 | loss 5.8822 | lr 3.00e-04 | grad 0.77 | 32.4k tok/s | cert -7.01→-6.61 | ticks [6.780 6.241 6.108 6.099] | 103M tok | ETA 101.9h
Step  25200 | loss 6.0765 | lr 3.00e-04 | grad 1.31 | 32.2k tok/s | cert -6.86→-6.70 | ticks [7.053 6.639 6.423 6.417] | 103M tok | ETA 101.9h
Step  25210 | loss 5.8232 | lr 3.00e-04 | grad 0.79 | 33.0k tok/s | cert -6.50→-6.30 | ticks [6.708 6.285 5.904 5.885] | 103M tok | ETA 101.9h
Step  25220 | loss 5.8957 | lr 3.00e-04 | grad 1.27 | 32.9k tok/s | cert -6.35→-6.77 | ticks [6.975 6.378 6.052 6.036] | 103M tok | ETA 101.9h
Step  25230 | loss 5.8423 | lr 3.00e-04 | grad 1.20 | 32.3k tok/s | cert -7.26→-6.40 | ticks [6.391 6.069 5.838 5.816] | 103M tok | ETA 101.9h
Step  25240 | loss 5.8200 | lr 3.00e-04 | grad 0.75 | 32.7k tok/s | cert -6.58→-6.11 | ticks [6.621 5.942 5.761 5.745] | 103M tok | ETA 101.9h
Step  25250 | loss 5.9715 | lr 3.00e-04 | grad 0.97 | 32.4k tok/s | cert -6.67→-6.21 | ticks [6.666 6.306 5.965 5.941] | 103M tok | ETA 101.9h
Step  25260 | loss 5.7568 | lr 3.00e-04 | grad 1.09 | 32.5k tok/s | cert -5.71→-6.75 | ticks [7.154 6.706 6.144 6.128] | 103M tok | ETA 101.9h
Step  25270 | loss 5.9589 | lr 3.00e-04 | grad 1.62 | 32.7k tok/s | cert -8.14→-6.69 | ticks [6.960 6.453 6.334 6.327] | 104M tok | ETA 101.9h
Step  25280 | loss 5.8079 | lr 3.00e-04 | grad 0.75 | 32.5k tok/s | cert -7.08→-6.20 | ticks [6.530 6.040 5.861 5.851] | 104M tok | ETA 101.9h
Step  25290 | loss 6.0136 | lr 3.00e-04 | grad 0.80 | 32.7k tok/s | cert -6.99→-6.34 | ticks [6.554 6.045 5.888 5.876] | 104M tok | ETA 101.9h
Step  25300 | loss 5.9233 | lr 3.00e-04 | grad 0.86 | 32.4k tok/s | cert -6.37→-6.08 | ticks [6.523 5.734 5.448 5.434] | 104M tok | ETA 101.9h
Step  25310 | loss 5.8753 | lr 3.00e-04 | grad 1.44 | 32.4k tok/s | cert -6.40→-6.53 | ticks [6.697 6.154 5.857 5.845] | 104M tok | ETA 101.9h
Step  25320 | loss 5.9831 | lr 3.00e-04 | grad 0.81 | 32.6k tok/s | cert -7.16→-6.37 | ticks [6.895 6.207 6.090 6.083] | 104M tok | ETA 101.9h
Step  25330 | loss 6.0104 | lr 3.00e-04 | grad 1.05 | 32.6k tok/s | cert -7.62→-6.75 | ticks [6.845 6.457 6.136 6.115] | 104M tok | ETA 101.9h
Step  25340 | loss 5.9021 | lr 3.00e-04 | grad 0.76 | 32.5k tok/s | cert -7.39→-6.46 | ticks [6.754 6.199 5.860 5.843] | 104M tok | ETA 101.9h
Step  25350 | loss 5.9246 | lr 3.00e-04 | grad 0.95 | 32.6k tok/s | cert -7.29→-6.11 | ticks [6.228 5.935 5.521 5.505] | 104M tok | ETA 101.9h
Step  25360 | loss 5.9586 | lr 3.00e-04 | grad 0.87 | 32.5k tok/s | cert -7.19→-6.40 | ticks [6.494 6.258 5.923 5.917] | 104M tok | ETA 101.9h
Step  25370 | loss 5.9626 | lr 3.00e-04 | grad 0.85 | 32.9k tok/s | cert -6.60→-6.33 | ticks [6.651 6.119 5.895 5.881] | 104M tok | ETA 101.9h
Step  25380 | loss 6.1000 | lr 3.00e-04 | grad 0.94 | 32.9k tok/s | cert -6.88→-5.90 | ticks [6.521 5.869 5.776 5.760] | 104M tok | ETA 101.9h
Step  25390 | loss 5.9810 | lr 3.00e-04 | grad 0.91 | 33.0k tok/s | cert -6.75→-6.01 | ticks [6.295 5.590 5.501 5.485] | 104M tok | ETA 101.9h
Step  25400 | loss 6.1777 | lr 3.00e-04 | grad 1.04 | 32.7k tok/s | cert -7.66→-6.71 | ticks [6.621 6.615 6.152 6.136] | 104M tok | ETA 101.9h
Step  25410 | loss 5.9723 | lr 3.00e-04 | grad 0.88 | 32.5k tok/s | cert -7.09→-6.39 | ticks [6.818 6.480 6.128 6.119] | 104M tok | ETA 101.9h
Step  25420 | loss 5.9637 | lr 3.00e-04 | grad 0.79 | 33.0k tok/s | cert -7.38→-6.31 | ticks [6.537 6.177 5.858 5.842] | 104M tok | ETA 101.9h
Step  25430 | loss 5.9903 | lr 3.00e-04 | grad 0.96 | 33.0k tok/s | cert -7.51→-6.28 | ticks [6.764 6.263 6.015 6.005] | 104M tok | ETA 101.9h
Step  25440 | loss 6.0619 | lr 3.00e-04 | grad 1.13 | 32.7k tok/s | cert -7.23→-6.01 | ticks [6.574 5.996 5.755 5.745] | 104M tok | ETA 101.9h
Step  25450 | loss 5.9496 | lr 3.00e-04 | grad 0.77 | 32.8k tok/s | cert -6.32→-6.33 | ticks [6.686 6.132 5.867 5.845] | 104M tok | ETA 101.9h
Step  25460 | loss 6.0368 | lr 3.00e-04 | grad 1.08 | 32.7k tok/s | cert -7.34→-6.33 | ticks [6.745 6.357 6.182 6.172] | 104M tok | ETA 101.8h
Step  25470 | loss 6.0158 | lr 3.00e-04 | grad 0.88 | 32.9k tok/s | cert -7.17→-6.25 | ticks [6.760 6.183 5.949 5.930] | 104M tok | ETA 101.8h
Step  25480 | loss 5.8123 | lr 3.00e-04 | grad 1.32 | 32.7k tok/s | cert -6.67→-5.83 | ticks [6.336 5.720 5.609 5.596] | 104M tok | ETA 101.8h
Step  25490 | loss 5.8691 | lr 3.00e-04 | grad 0.86 | 32.6k tok/s | cert -6.99→-6.19 | ticks [6.688 6.299 5.937 5.923] | 104M tok | ETA 101.8h
Step  25500 | loss 5.9516 | lr 3.00e-04 | grad 1.39 | 32.7k tok/s | cert -7.57→-6.68 | ticks [6.523 6.186 5.941 5.920] | 104M tok | ETA 101.8h
Step  25510 | loss 5.8877 | lr 3.00e-04 | grad 0.89 | 32.9k tok/s | cert -7.92→-6.58 | ticks [6.713 6.416 6.089 6.076] | 104M tok | ETA 101.8h
Step  25520 | loss 5.9071 | lr 3.00e-04 | grad 0.79 | 32.4k tok/s | cert -7.62→-6.51 | ticks [6.544 6.117 5.936 5.918] | 105M tok | ETA 101.8h
Step  25530 | loss 5.9608 | lr 3.00e-04 | grad 0.96 | 32.8k tok/s | cert -6.21→-6.42 | ticks [7.144 6.347 6.201 6.187] | 105M tok | ETA 101.8h
Step  25540 | loss 6.0132 | lr 3.00e-04 | grad 0.96 | 32.9k tok/s | cert -7.33→-6.46 | ticks [6.780 6.260 6.134 6.116] | 105M tok | ETA 101.8h
Step  25550 | loss 5.8077 | lr 3.00e-04 | grad 0.95 | 32.7k tok/s | cert -7.05→-6.38 | ticks [7.007 6.204 5.867 5.851] | 105M tok | ETA 101.8h
Step  25560 | loss 5.9500 | lr 3.00e-04 | grad 0.79 | 32.6k tok/s | cert -6.89→-6.17 | ticks [6.525 6.120 5.965 5.955] | 105M tok | ETA 101.8h
Step  25570 | loss 5.8936 | lr 3.00e-04 | grad 0.92 | 32.8k tok/s | cert -7.80→-6.25 | ticks [6.687 6.338 6.061 6.050] | 105M tok | ETA 101.8h
Step  25580 | loss 5.8223 | lr 3.00e-04 | grad 1.02 | 32.9k tok/s | cert -6.76→-6.17 | ticks [6.776 6.166 5.969 5.956] | 105M tok | ETA 101.8h
Step  25590 | loss 6.0090 | lr 3.00e-04 | grad 0.90 | 32.8k tok/s | cert -7.26→-6.22 | ticks [6.668 6.412 5.995 5.977] | 105M tok | ETA 101.8h
Step  25600 | loss 6.4440 | lr 3.00e-04 | grad 1.27 | 32.6k tok/s | cert -7.78→-6.86 | ticks [7.088 7.076 6.566 6.541] | 105M tok | ETA 101.8h
Step  25610 | loss 6.1492 | lr 3.00e-04 | grad 0.71 | 33.0k tok/s | cert -7.37→-5.98 | ticks [6.480 5.917 5.648 5.633] | 105M tok | ETA 101.8h
Step  25620 | loss 5.8549 | lr 3.00e-04 | grad 0.83 | 32.8k tok/s | cert -6.31→-6.24 | ticks [6.993 6.043 5.962 5.955] | 105M tok | ETA 101.8h
Step  25630 | loss 5.7687 | lr 3.00e-04 | grad 0.93 | 32.7k tok/s | cert -7.19→-6.51 | ticks [6.862 6.437 6.258 6.239] | 105M tok | ETA 101.8h
Step  25640 | loss 5.8393 | lr 3.00e-04 | grad 0.85 | 33.0k tok/s | cert -5.56→-6.37 | ticks [7.268 6.151 5.950 5.936] | 105M tok | ETA 101.8h
Step  25650 | loss 5.8822 | lr 3.00e-04 | grad 0.74 | 33.1k tok/s | cert -7.14→-5.94 | ticks [6.155 5.768 5.525 5.506] | 105M tok | ETA 101.8h
Step  25660 | loss 5.9457 | lr 3.00e-04 | grad 0.98 | 33.1k tok/s | cert -6.24→-6.56 | ticks [6.767 6.007 5.919 5.910] | 105M tok | ETA 101.8h
Step  25670 | loss 5.8939 | lr 3.00e-04 | grad 1.45 | 32.7k tok/s | cert -6.95→-6.58 | ticks [6.684 6.153 5.980 5.970] | 105M tok | ETA 101.8h
Step  25680 | loss 5.9758 | lr 3.00e-04 | grad 0.82 | 33.0k tok/s | cert -6.91→-6.57 | ticks [6.826 6.263 6.113 6.104] | 105M tok | ETA 101.8h
Step  25690 | loss 5.9851 | lr 3.00e-04 | grad 1.41 | 32.7k tok/s | cert -6.26→-6.05 | ticks [6.844 6.303 6.055 6.054] | 105M tok | ETA 101.8h
Step  25700 | loss 5.9506 | lr 3.00e-04 | grad 0.81 | 32.6k tok/s | cert -6.95→-6.65 | ticks [6.793 6.352 6.107 6.094] | 105M tok | ETA 101.8h
Step  25710 | loss 5.9662 | lr 3.00e-04 | grad 0.89 | 32.9k tok/s | cert -6.59→-6.00 | ticks [6.539 5.954 5.681 5.666] | 105M tok | ETA 101.8h
Step  25720 | loss 6.1633 | lr 3.00e-04 | grad 0.90 | 32.8k tok/s | cert -7.59→-6.30 | ticks [6.406 5.990 5.727 5.709] | 105M tok | ETA 101.8h
Step  25730 | loss 6.0403 | lr 3.00e-04 | grad 1.20 | 32.7k tok/s | cert -6.86→-6.55 | ticks [6.981 6.248 5.955 5.935] | 105M tok | ETA 101.8h
Step  25740 | loss 6.1460 | lr 3.00e-04 | grad 0.89 | 32.9k tok/s | cert -7.57→-6.44 | ticks [6.669 6.351 6.063 6.041] | 105M tok | ETA 101.8h
Step  25750 | loss 6.0259 | lr 3.00e-04 | grad 0.78 | 32.9k tok/s | cert -6.51→-6.19 | ticks [6.742 6.048 5.868 5.854] | 105M tok | ETA 101.8h
Step  25760 | loss 5.9865 | lr 3.00e-04 | grad 0.79 | 32.9k tok/s | cert -7.06→-6.28 | ticks [6.453 6.203 5.843 5.825] | 106M tok | ETA 101.8h
Step  25770 | loss 5.9449 | lr 3.00e-04 | grad 0.88 | 32.9k tok/s | cert -7.22→-6.40 | ticks [6.407 6.310 5.886 5.858] | 106M tok | ETA 101.8h
Step  25780 | loss 5.7473 | lr 3.00e-04 | grad 1.38 | 32.7k tok/s | cert -6.62→-6.42 | ticks [6.415 5.724 5.404 5.378] | 106M tok | ETA 101.8h
Step  25790 | loss 5.7625 | lr 3.00e-04 | grad 1.80 | 32.7k tok/s | cert -4.82→-6.61 | ticks [7.117 5.931 5.848 5.839] | 106M tok | ETA 101.8h
Step  25800 | loss 5.8578 | lr 3.00e-04 | grad 0.98 | 32.9k tok/s | cert -5.65→-6.22 | ticks [6.997 6.272 6.017 6.005] | 106M tok | ETA 101.8h
Step  25810 | loss 5.9724 | lr 3.00e-04 | grad 0.86 | 32.9k tok/s | cert -6.60→-6.04 | ticks [6.510 6.084 5.787 5.775] | 106M tok | ETA 101.8h
Step  25820 | loss 5.8607 | lr 3.00e-04 | grad 0.92 | 32.8k tok/s | cert -6.67→-6.24 | ticks [6.701 6.142 5.884 5.865] | 106M tok | ETA 101.8h
Step  25830 | loss 5.9011 | lr 3.00e-04 | grad 0.72 | 33.2k tok/s | cert -7.02→-6.08 | ticks [6.540 5.909 5.718 5.702] | 106M tok | ETA 101.8h
Step  25840 | loss 5.9694 | lr 3.00e-04 | grad 0.77 | 33.0k tok/s | cert -7.36→-6.32 | ticks [6.613 6.322 5.970 5.952] | 106M tok | ETA 101.8h
Step  25850 | loss 5.8534 | lr 3.00e-04 | grad 1.20 | 33.0k tok/s | cert -5.95→-6.62 | ticks [7.584 6.571 6.368 6.352] | 106M tok | ETA 101.8h
Step  25860 | loss 5.8893 | lr 3.00e-04 | grad 0.67 | 32.6k tok/s | cert -7.49→-6.20 | ticks [6.694 6.123 5.797 5.778] | 106M tok | ETA 101.8h
Step  25870 | loss 5.8419 | lr 3.00e-04 | grad 0.78 | 32.9k tok/s | cert -6.77→-6.37 | ticks [6.905 6.212 5.924 5.913] | 106M tok | ETA 101.8h
Step  25880 | loss 5.8330 | lr 3.00e-04 | grad 1.16 | 32.9k tok/s | cert -8.14→-6.60 | ticks [6.777 6.246 6.043 6.027] | 106M tok | ETA 101.8h
Step  25890 | loss 5.9019 | lr 3.00e-04 | grad 1.03 | 32.9k tok/s | cert -6.75→-5.95 | ticks [6.741 6.050 5.781 5.761] | 106M tok | ETA 101.8h
Step  25900 | loss 5.9240 | lr 3.00e-04 | grad 0.80 | 32.6k tok/s | cert -8.11→-5.96 | ticks [6.504 5.998 5.665 5.648] | 106M tok | ETA 101.8h
Step  25910 | loss 5.8664 | lr 3.00e-04 | grad 0.71 | 32.8k tok/s | cert -8.04→-6.47 | ticks [7.135 6.383 6.134 6.108] | 106M tok | ETA 101.8h
Step  25920 | loss 5.9811 | lr 3.00e-04 | grad 0.89 | 32.9k tok/s | cert -7.92→-6.58 | ticks [7.134 6.489 6.381 6.372] | 106M tok | ETA 101.8h
Step  25930 | loss 6.0941 | lr 3.00e-04 | grad 0.82 | 32.6k tok/s | cert -7.14→-6.59 | ticks [6.965 6.296 6.213 6.202] | 106M tok | ETA 101.8h
Step  25940 | loss 6.0153 | lr 3.00e-04 | grad 0.84 | 32.9k tok/s | cert -7.35→-6.41 | ticks [6.798 6.315 6.208 6.197] | 106M tok | ETA 101.8h
Step  25950 | loss 6.0381 | lr 3.00e-04 | grad 0.95 | 32.9k tok/s | cert -5.51→-6.91 | ticks [7.856 6.977 6.498 6.482] | 106M tok | ETA 101.8h
Step  25960 | loss 5.9164 | lr 3.00e-04 | grad 0.80 | 32.9k tok/s | cert -6.09→-6.50 | ticks [7.434 6.263 6.112 6.096] | 106M tok | ETA 101.8h
Step  25970 | loss 5.9434 | lr 3.00e-04 | grad 0.79 | 32.4k tok/s | cert -6.11→-6.27 | ticks [6.925 6.219 5.855 5.844] | 106M tok | ETA 101.8h
Step  25980 | loss 5.9589 | lr 3.00e-04 | grad 1.08 | 33.0k tok/s | cert -7.15→-6.19 | ticks [6.509 6.265 6.055 6.043] | 106M tok | ETA 101.8h
Step  25990 | loss 5.8357 | lr 3.00e-04 | grad 0.98 | 32.8k tok/s | cert -7.17→-6.38 | ticks [6.540 5.974 5.800 5.784] | 106M tok | ETA 101.8h
Step  26000 | loss 5.9117 | lr 3.00e-04 | grad 0.70 | 32.9k tok/s | cert -7.23→-6.55 | ticks [6.688 6.401 6.065 6.051] | 107M tok | ETA 101.8h
Step  26010 | loss 6.0093 | lr 3.00e-04 | grad 1.20 | 32.7k tok/s | cert -7.67→-6.88 | ticks [6.915 6.576 6.326 6.308] | 107M tok | ETA 101.8h
Step  26020 | loss 5.8625 | lr 3.00e-04 | grad 0.73 | 32.6k tok/s | cert -6.62→-6.34 | ticks [6.969 6.137 5.934 5.920] | 107M tok | ETA 101.8h
Step  26030 | loss 5.8768 | lr 3.00e-04 | grad 1.04 | 32.5k tok/s | cert -6.84→-6.19 | ticks [6.736 6.269 5.880 5.864] | 107M tok | ETA 101.8h
Step  26040 | loss 5.8675 | lr 3.00e-04 | grad 0.71 | 32.3k tok/s | cert -6.93→-5.87 | ticks [6.294 5.747 5.479 5.461] | 107M tok | ETA 101.8h
Step  26050 | loss 5.8593 | lr 3.00e-04 | grad 1.12 | 32.6k tok/s | cert -6.61→-5.95 | ticks [6.503 6.068 5.864 5.853] | 107M tok | ETA 101.8h
Step  26060 | loss 5.8263 | lr 3.00e-04 | grad 0.76 | 32.6k tok/s | cert -7.28→-6.56 | ticks [6.712 6.526 6.139 6.125] | 107M tok | ETA 101.8h
Step  26070 | loss 6.0766 | lr 3.00e-04 | grad 1.05 | 32.7k tok/s | cert -7.20→-6.55 | ticks [6.773 6.225 6.003 5.993] | 107M tok | ETA 101.8h
Step  26080 | loss 5.8876 | lr 3.00e-04 | grad 0.83 | 32.6k tok/s | cert -6.07→-6.39 | ticks [7.118 6.297 6.124 6.109] | 107M tok | ETA 101.8h
Step  26090 | loss 5.7387 | lr 3.00e-04 | grad 0.82 | 32.8k tok/s | cert -6.79→-6.08 | ticks [6.597 6.069 5.834 5.822] | 107M tok | ETA 101.8h
Step  26100 | loss 5.7411 | lr 3.00e-04 | grad 0.68 | 32.6k tok/s | cert -7.14→-6.02 | ticks [6.698 5.956 5.807 5.787] | 107M tok | ETA 101.7h
Step  26110 | loss 5.9439 | lr 3.00e-04 | grad 0.86 | 32.8k tok/s | cert -7.11→-6.17 | ticks [6.397 5.918 5.811 5.794] | 107M tok | ETA 101.7h
Step  26120 | loss 5.8552 | lr 3.00e-04 | grad 0.77 | 32.6k tok/s | cert -6.82→-6.40 | ticks [6.675 6.185 5.894 5.878] | 107M tok | ETA 101.7h
Step  26130 | loss 5.9567 | lr 3.00e-04 | grad 0.96 | 32.9k tok/s | cert -7.24→-6.89 | ticks [7.159 6.681 6.477 6.464] | 107M tok | ETA 101.7h
Step  26140 | loss 5.9577 | lr 3.00e-04 | grad 0.73 | 32.7k tok/s | cert -7.26→-6.35 | ticks [6.611 6.299 6.026 6.012] | 107M tok | ETA 101.7h
Step  26150 | loss 5.7670 | lr 3.00e-04 | grad 0.73 | 32.9k tok/s | cert -7.63→-6.14 | ticks [6.318 5.923 5.712 5.701] | 107M tok | ETA 101.7h
Step  26160 | loss 5.9560 | lr 3.00e-04 | grad 0.88 | 32.9k tok/s | cert -7.01→-6.32 | ticks [6.743 6.353 6.067 6.056] | 107M tok | ETA 101.7h
Step  26170 | loss 6.0920 | lr 3.00e-04 | grad 0.72 | 33.1k tok/s | cert -6.48→-6.32 | ticks [7.042 6.368 6.035 6.023] | 107M tok | ETA 101.7h
Step  26180 | loss 5.8949 | lr 3.00e-04 | grad 0.90 | 32.8k tok/s | cert -7.61→-6.40 | ticks [6.791 6.361 6.140 6.125] | 107M tok | ETA 101.7h
Step  26190 | loss 5.9483 | lr 3.00e-04 | grad 0.73 | 32.5k tok/s | cert -7.24→-6.40 | ticks [6.828 6.176 6.055 6.039] | 107M tok | ETA 101.7h
Step  26200 | loss 5.7925 | lr 3.00e-04 | grad 0.70 | 32.8k tok/s | cert -7.52→-6.33 | ticks [6.638 6.117 5.851 5.841] | 107M tok | ETA 101.7h
Step  26210 | loss 5.8757 | lr 3.00e-04 | grad 0.64 | 32.8k tok/s | cert -7.26→-6.47 | ticks [6.959 6.271 6.017 6.004] | 107M tok | ETA 101.7h
Step  26220 | loss 5.7849 | lr 3.00e-04 | grad 0.83 | 32.6k tok/s | cert -7.28→-6.44 | ticks [6.716 6.183 5.946 5.924] | 107M tok | ETA 101.7h
Step  26230 | loss 5.9625 | lr 3.00e-04 | grad 1.38 | 32.9k tok/s | cert -7.67→-6.65 | ticks [6.906 6.189 5.976 5.955] | 107M tok | ETA 101.7h
Step  26240 | loss 5.7134 | lr 3.00e-04 | grad 1.02 | 32.8k tok/s | cert -7.49→-6.31 | ticks [6.581 5.818 5.600 5.578] | 107M tok | ETA 101.7h
Step  26250 | loss 5.8736 | lr 3.00e-04 | grad 0.74 | 32.6k tok/s | cert -6.85→-6.37 | ticks [6.542 6.199 5.663 5.637] | 108M tok | ETA 101.7h
Step  26260 | loss 5.9124 | lr 3.00e-04 | grad 1.51 | 32.8k tok/s | cert -7.32→-6.42 | ticks [7.139 6.708 6.570 6.559] | 108M tok | ETA 101.7h
Step  26270 | loss 5.9949 | lr 3.00e-04 | grad 1.06 | 32.3k tok/s | cert -8.00→-6.90 | ticks [6.780 6.412 6.199 6.185] | 108M tok | ETA 101.7h
Step  26280 | loss 5.9453 | lr 3.00e-04 | grad 0.91 | 32.6k tok/s | cert -6.25→-6.28 | ticks [6.747 6.102 5.871 5.850] | 108M tok | ETA 101.7h
Step  26290 | loss 5.9270 | lr 3.00e-04 | grad 0.93 | 32.8k tok/s | cert -8.04→-6.39 | ticks [6.667 6.120 6.028 6.022] | 108M tok | ETA 101.7h
Step  26300 | loss 5.9174 | lr 3.00e-04 | grad 0.95 | 32.6k tok/s | cert -6.49→-6.40 | ticks [6.713 6.088 5.806 5.785] | 108M tok | ETA 101.7h
Step  26310 | loss 5.9462 | lr 3.00e-04 | grad 0.86 | 32.8k tok/s | cert -6.96→-6.27 | ticks [6.542 6.269 5.974 5.956] | 108M tok | ETA 101.7h
Step  26320 | loss 5.8182 | lr 3.00e-04 | grad 0.89 | 32.9k tok/s | cert -6.40→-6.02 | ticks [6.513 5.667 5.568 5.555] | 108M tok | ETA 101.7h
Step  26330 | loss 5.8070 | lr 3.00e-04 | grad 0.86 | 33.0k tok/s | cert -7.53→-6.23 | ticks [6.596 6.199 5.968 5.950] | 108M tok | ETA 101.7h
Step  26340 | loss 5.9353 | lr 3.00e-04 | grad 1.39 | 32.9k tok/s | cert -6.85→-6.05 | ticks [6.489 6.130 5.951 5.940] | 108M tok | ETA 101.7h
Step  26350 | loss 5.9198 | lr 3.00e-04 | grad 0.83 | 32.7k tok/s | cert -5.96→-6.00 | ticks [6.746 5.936 5.627 5.606] | 108M tok | ETA 101.7h
Step  26360 | loss 5.9761 | lr 3.00e-04 | grad 0.98 | 32.9k tok/s | cert -6.83→-6.87 | ticks [7.184 6.449 6.227 6.212] | 108M tok | ETA 101.7h
Step  26370 | loss 5.8914 | lr 3.00e-04 | grad 0.87 | 32.5k tok/s | cert -5.63→-6.38 | ticks [7.197 6.282 5.965 5.951] | 108M tok | ETA 101.7h
Step  26380 | loss 5.7717 | lr 3.00e-04 | grad 0.72 | 32.9k tok/s | cert -6.58→-6.24 | ticks [6.591 6.079 5.690 5.677] | 108M tok | ETA 101.7h
Step  26390 | loss 5.9996 | lr 3.00e-04 | grad 0.99 | 32.6k tok/s | cert -7.55→-6.52 | ticks [6.887 6.089 5.988 5.974] | 108M tok | ETA 101.7h
Step  26400 | loss 5.8485 | lr 3.00e-04 | grad 0.87 | 32.8k tok/s | cert -8.12→-6.75 | ticks [6.977 6.449 6.328 6.318] | 108M tok | ETA 101.7h
Step  26410 | loss 5.9844 | lr 3.00e-04 | grad 1.02 | 32.8k tok/s | cert -7.95→-6.66 | ticks [6.631 6.551 5.972 5.957] | 108M tok | ETA 101.7h
Step  26420 | loss 5.9176 | lr 3.00e-04 | grad 0.71 | 32.7k tok/s | cert -6.71→-6.15 | ticks [6.543 6.097 5.597 5.577] | 108M tok | ETA 101.7h
Step  26430 | loss 5.8668 | lr 3.00e-04 | grad 0.81 | 32.7k tok/s | cert -6.24→-6.21 | ticks [6.907 6.217 5.936 5.920] | 108M tok | ETA 101.7h
Step  26440 | loss 5.9269 | lr 3.00e-04 | grad 0.75 | 32.7k tok/s | cert -6.78→-6.26 | ticks [6.579 6.105 5.879 5.857] | 108M tok | ETA 101.7h
Step  26450 | loss 5.8892 | lr 3.00e-04 | grad 0.74 | 33.0k tok/s | cert -7.50→-6.54 | ticks [6.743 6.333 6.138 6.124] | 108M tok | ETA 101.7h
Step  26460 | loss 5.9020 | lr 3.00e-04 | grad 0.81 | 32.6k tok/s | cert -7.25→-6.43 | ticks [6.622 6.185 5.980 5.966] | 108M tok | ETA 101.7h
Step  26470 | loss 5.8294 | lr 3.00e-04 | grad 0.88 | 32.9k tok/s | cert -7.31→-6.31 | ticks [6.707 6.384 6.149 6.135] | 108M tok | ETA 101.7h
Step  26480 | loss 5.8823 | lr 3.00e-04 | grad 1.07 | 32.7k tok/s | cert -6.61→-6.42 | ticks [6.936 6.475 6.043 6.020] | 108M tok | ETA 101.7h
Step  26490 | loss 5.9178 | lr 3.00e-04 | grad 0.83 | 32.9k tok/s | cert -6.01→-6.23 | ticks [6.847 5.951 5.758 5.747] | 109M tok | ETA 101.7h
Step  26500 | loss 5.7642 | lr 3.00e-04 | grad 0.75 | 33.0k tok/s | cert -6.68→-5.92 | ticks [6.504 5.812 5.680 5.674] | 109M tok | ETA 101.7h
Step  26510 | loss 5.8809 | lr 3.00e-04 | grad 0.83 | 33.1k tok/s | cert -7.10→-6.59 | ticks [6.840 6.410 6.141 6.126] | 109M tok | ETA 101.7h
Step  26520 | loss 5.9764 | lr 3.00e-04 | grad 0.83 | 32.4k tok/s | cert -6.68→-6.33 | ticks [6.820 6.221 5.950 5.925] | 109M tok | ETA 101.7h
Step  26530 | loss 5.8657 | lr 3.00e-04 | grad 0.78 | 32.6k tok/s | cert -6.58→-6.43 | ticks [7.228 6.410 6.188 6.179] | 109M tok | ETA 101.7h
Step  26540 | loss 5.9822 | lr 3.00e-04 | grad 1.09 | 32.6k tok/s | cert -7.67→-6.21 | ticks [6.572 6.200 6.053 6.041] | 109M tok | ETA 101.7h
Step  26550 | loss 5.9248 | lr 3.00e-04 | grad 0.80 | 32.8k tok/s | cert -6.96→-6.38 | ticks [7.009 6.094 5.741 5.724] | 109M tok | ETA 101.7h
Step  26560 | loss 5.8799 | lr 3.00e-04 | grad 0.81 | 32.8k tok/s | cert -6.79→-6.26 | ticks [6.838 6.259 6.011 5.993] | 109M tok | ETA 101.7h
Step  26570 | loss 5.9367 | lr 3.00e-04 | grad 0.75 | 33.0k tok/s | cert -7.24→-6.35 | ticks [6.560 6.240 5.943 5.925] | 109M tok | ETA 101.7h
Step  26580 | loss 5.8378 | lr 3.00e-04 | grad 0.99 | 32.9k tok/s | cert -7.12→-6.53 | ticks [6.878 6.386 6.174 6.158] | 109M tok | ETA 101.7h
Step  26590 | loss 6.0017 | lr 3.00e-04 | grad 0.81 | 32.9k tok/s | cert -7.06→-5.95 | ticks [6.448 5.659 5.548 5.538] | 109M tok | ETA 101.7h
Step  26600 | loss 6.0224 | lr 3.00e-04 | grad 0.90 | 32.1k tok/s | cert -6.50→-6.57 | ticks [7.327 6.455 6.332 6.316] | 109M tok | ETA 101.7h
Step  26610 | loss 6.1244 | lr 3.00e-04 | grad 0.91 | 32.6k tok/s | cert -7.37→-6.52 | ticks [6.945 6.276 6.085 6.074] | 109M tok | ETA 101.7h
Step  26620 | loss 5.8785 | lr 3.00e-04 | grad 0.71 | 33.1k tok/s | cert -7.08→-6.08 | ticks [6.519 5.904 5.684 5.668] | 109M tok | ETA 101.7h
Step  26630 | loss 5.6926 | lr 3.00e-04 | grad 1.08 | 32.6k tok/s | cert -6.28→-5.69 | ticks [6.117 5.051 4.903 4.876] | 109M tok | ETA 101.7h
Step  26640 | loss 6.0314 | lr 3.00e-04 | grad 0.89 | 32.8k tok/s | cert -6.98→-6.52 | ticks [7.216 6.508 6.408 6.398] | 109M tok | ETA 101.7h
Step  26650 | loss 5.7830 | lr 3.00e-04 | grad 1.23 | 32.2k tok/s | cert -6.91→-6.38 | ticks [6.106 5.912 5.292 5.265] | 109M tok | ETA 101.7h
Step  26660 | loss 5.9960 | lr 3.00e-04 | grad 1.35 | 32.8k tok/s | cert -7.28→-6.90 | ticks [7.029 6.634 6.509 6.484] | 109M tok | ETA 101.7h
Step  26670 | loss 5.8220 | lr 3.00e-04 | grad 1.02 | 32.9k tok/s | cert -7.39→-5.82 | ticks [6.410 5.988 5.845 5.840] | 109M tok | ETA 101.7h
Step  26680 | loss 6.0174 | lr 3.00e-04 | grad 0.68 | 32.9k tok/s | cert -6.71→-6.44 | ticks [7.022 6.343 6.150 6.136] | 109M tok | ETA 101.7h
Step  26690 | loss 5.7988 | lr 3.00e-04 | grad 0.93 | 32.7k tok/s | cert -7.32→-6.40 | ticks [6.552 6.107 5.819 5.805] | 109M tok | ETA 101.7h
Step  26700 | loss 5.7052 | lr 3.00e-04 | grad 1.02 | 32.7k tok/s | cert -6.90→-6.36 | ticks [6.533 5.926 5.655 5.635] | 109M tok | ETA 101.7h
Step  26710 | loss 5.7725 | lr 3.00e-04 | grad 0.71 | 32.8k tok/s | cert -7.18→-6.62 | ticks [6.954 6.420 6.105 6.090] | 109M tok | ETA 101.7h
Step  26720 | loss 6.1760 | lr 3.00e-04 | grad 0.82 | 32.7k tok/s | cert -7.54→-6.40 | ticks [6.734 6.191 5.875 5.864] | 109M tok | ETA 101.7h
Step  26730 | loss 5.9697 | lr 3.00e-04 | grad 0.86 | 32.6k tok/s | cert -7.74→-6.58 | ticks [6.860 6.243 6.007 5.991] | 109M tok | ETA 101.7h
Step  26740 | loss 5.9796 | lr 3.00e-04 | grad 1.38 | 32.2k tok/s | cert -7.22→-6.74 | ticks [6.872 6.191 5.820 5.790] | 110M tok | ETA 101.7h
Step  26750 | loss 5.8550 | lr 3.00e-04 | grad 0.79 | 32.7k tok/s | cert -8.12→-6.50 | ticks [6.587 6.175 5.886 5.868] | 110M tok | ETA 101.7h
Step  26760 | loss 5.9793 | lr 3.00e-04 | grad 0.91 | 32.7k tok/s | cert -7.78→-6.52 | ticks [6.670 6.144 6.009 6.000] | 110M tok | ETA 101.7h
Step  26770 | loss 5.8419 | lr 3.00e-04 | grad 0.99 | 32.7k tok/s | cert -7.14→-6.56 | ticks [6.933 6.520 6.200 6.176] | 110M tok | ETA 101.7h
Step  26780 | loss 6.1385 | lr 3.00e-04 | grad 1.02 | 32.5k tok/s | cert -8.11→-6.49 | ticks [6.574 6.100 5.778 5.759] | 110M tok | ETA 101.6h
Step  26790 | loss 5.7696 | lr 3.00e-04 | grad 1.05 | 32.5k tok/s | cert -6.35→-6.48 | ticks [7.041 6.032 5.837 5.811] | 110M tok | ETA 101.6h
Step  26800 | loss 5.7638 | lr 3.00e-04 | grad 1.02 | 32.9k tok/s | cert -7.29→-6.24 | ticks [6.747 6.272 5.915 5.900] | 110M tok | ETA 101.6h
Step  26810 | loss 5.8389 | lr 3.00e-04 | grad 1.37 | 32.8k tok/s | cert -7.39→-6.00 | ticks [6.451 6.087 5.938 5.908] | 110M tok | ETA 101.6h
Step  26820 | loss 5.8245 | lr 3.00e-04 | grad 0.74 | 32.7k tok/s | cert -6.86→-6.32 | ticks [6.668 6.208 6.041 6.025] | 110M tok | ETA 101.6h
Step  26830 | loss 5.8995 | lr 3.00e-04 | grad 0.72 | 32.8k tok/s | cert -6.99→-6.43 | ticks [6.733 6.258 6.073 6.055] | 110M tok | ETA 101.6h
Step  26840 | loss 5.8112 | lr 3.00e-04 | grad 1.14 | 32.7k tok/s | cert -6.98→-6.38 | ticks [6.389 6.364 5.794 5.780] | 110M tok | ETA 101.6h
Step  26850 | loss 5.8785 | lr 3.00e-04 | grad 0.77 | 32.5k tok/s | cert -7.09→-6.43 | ticks [6.735 6.372 6.053 6.032] | 110M tok | ETA 101.6h
Step  26860 | loss 5.8014 | lr 3.00e-04 | grad 0.83 | 32.8k tok/s | cert -6.90→-6.12 | ticks [6.711 6.232 5.986 5.976] | 110M tok | ETA 101.6h
Step  26870 | loss 5.8401 | lr 3.00e-04 | grad 0.81 | 32.6k tok/s | cert -6.90→-6.17 | ticks [6.783 6.092 5.857 5.831] | 110M tok | ETA 101.6h
Step  26880 | loss 5.7991 | lr 3.00e-04 | grad 0.88 | 32.7k tok/s | cert -6.40→-6.20 | ticks [7.019 6.316 6.079 6.067] | 110M tok | ETA 101.6h
Step  26890 | loss 5.9749 | lr 3.00e-04 | grad 1.27 | 32.5k tok/s | cert -7.90→-6.09 | ticks [6.622 6.401 6.057 6.044] | 110M tok | ETA 101.6h
Step  26900 | loss 5.9075 | lr 3.00e-04 | grad 1.01 | 33.1k tok/s | cert -6.86→-6.94 | ticks [7.357 6.886 6.413 6.399] | 110M tok | ETA 101.6h
Step  26910 | loss 5.8480 | lr 3.00e-04 | grad 1.32 | 32.7k tok/s | cert -8.27→-6.54 | ticks [6.696 6.318 5.845 5.827] | 110M tok | ETA 101.6h
Step  26920 | loss 6.0008 | lr 3.00e-04 | grad 1.06 | 32.5k tok/s | cert -8.10→-6.47 | ticks [6.549 6.339 5.976 5.954] | 110M tok | ETA 101.6h
Step  26930 | loss 5.8302 | lr 3.00e-04 | grad 0.73 | 33.0k tok/s | cert -7.85→-6.50 | ticks [6.694 6.364 6.010 5.985] | 110M tok | ETA 101.6h
Step  26940 | loss 5.8312 | lr 3.00e-04 | grad 1.17 | 32.6k tok/s | cert -7.09→-6.14 | ticks [6.684 6.031 5.924 5.908] | 110M tok | ETA 101.6h
Step  26950 | loss 5.8291 | lr 3.00e-04 | grad 0.88 | 32.5k tok/s | cert -7.67→-6.32 | ticks [6.728 6.093 5.905 5.890] | 110M tok | ETA 101.6h
Step  26960 | loss 6.0319 | lr 3.00e-04 | grad 1.00 | 32.6k tok/s | cert -8.17→-6.96 | ticks [7.128 6.649 6.473 6.465] | 110M tok | ETA 101.6h
Step  26970 | loss 5.9528 | lr 3.00e-04 | grad 0.91 | 32.9k tok/s | cert -7.69→-6.59 | ticks [6.862 6.334 6.128 6.121] | 110M tok | ETA 101.6h
Step  26980 | loss 5.9230 | lr 3.00e-04 | grad 0.86 | 32.9k tok/s | cert -7.85→-6.61 | ticks [6.902 6.450 6.124 6.113] | 111M tok | ETA 101.6h
Step  26990 | loss 5.8163 | lr 3.00e-04 | grad 1.52 | 32.7k tok/s | cert -6.62→-6.53 | ticks [6.956 6.011 5.912 5.886] | 111M tok | ETA 101.6h
Step  27000 | loss 5.8919 | lr 3.00e-04 | grad 0.67 | 32.5k tok/s | cert -6.86→-6.11 | ticks [7.108 6.101 5.875 5.854] | 111M tok | ETA 101.6h
Step  27010 | loss 5.8520 | lr 3.00e-04 | grad 1.53 | 32.5k tok/s | cert -7.36→-6.80 | ticks [6.756 6.173 5.839 5.814] | 111M tok | ETA 101.6h
Step  27020 | loss 5.9603 | lr 3.00e-04 | grad 0.93 | 32.6k tok/s | cert -7.62→-6.47 | ticks [6.907 6.371 6.247 6.239] | 111M tok | ETA 101.6h
Step  27030 | loss 5.8362 | lr 3.00e-04 | grad 0.77 | 32.7k tok/s | cert -7.74→-6.47 | ticks [6.763 6.173 6.016 6.005] | 111M tok | ETA 101.6h
Step  27040 | loss 6.0445 | lr 3.00e-04 | grad 0.86 | 32.8k tok/s | cert -7.20→-6.28 | ticks [6.320 6.653 5.795 5.770] | 111M tok | ETA 101.6h
Step  27050 | loss 5.6436 | lr 3.00e-04 | grad 0.81 | 32.7k tok/s | cert -6.96→-6.42 | ticks [6.451 6.567 5.720 5.704] | 111M tok | ETA 101.6h
Step  27060 | loss 5.7782 | lr 3.00e-04 | grad 0.93 | 32.8k tok/s | cert -7.20→-6.02 | ticks [6.337 5.502 5.349 5.329] | 111M tok | ETA 101.6h
Step  27070 | loss 5.6933 | lr 3.00e-04 | grad 1.20 | 32.9k tok/s | cert -6.47→-6.02 | ticks [6.641 6.008 5.763 5.736] | 111M tok | ETA 101.6h
Step  27080 | loss 5.9125 | lr 3.00e-04 | grad 1.18 | 32.6k tok/s | cert -6.52→-6.12 | ticks [6.689 5.907 5.676 5.648] | 111M tok | ETA 101.6h
Step  27090 | loss 5.9894 | lr 3.00e-04 | grad 0.76 | 32.5k tok/s | cert -7.43→-6.52 | ticks [6.663 6.488 5.979 5.959] | 111M tok | ETA 101.6h
Step  27100 | loss 5.8240 | lr 3.00e-04 | grad 0.76 | 32.7k tok/s | cert -7.02→-6.29 | ticks [6.513 6.155 5.853 5.839] | 111M tok | ETA 101.6h
Step  27110 | loss 5.8724 | lr 3.00e-04 | grad 0.75 | 32.6k tok/s | cert -7.12→-6.51 | ticks [6.832 6.268 6.145 6.134] | 111M tok | ETA 101.6h
Step  27120 | loss 5.7490 | lr 3.00e-04 | grad 1.04 | 32.7k tok/s | cert -6.99→-6.33 | ticks [6.792 6.242 6.002 5.983] | 111M tok | ETA 101.6h
Step  27130 | loss 5.9119 | lr 3.00e-04 | grad 1.01 | 32.7k tok/s | cert -7.02→-6.18 | ticks [6.744 6.000 5.841 5.825] | 111M tok | ETA 101.6h
Step  27140 | loss 6.0141 | lr 3.00e-04 | grad 1.25 | 32.9k tok/s | cert -6.53→-6.56 | ticks [7.085 6.387 6.270 6.257] | 111M tok | ETA 101.6h
Step  27150 | loss 5.9562 | lr 3.00e-04 | grad 0.90 | 32.7k tok/s | cert -7.38→-6.73 | ticks [6.828 6.481 6.146 6.126] | 111M tok | ETA 101.6h
Step  27160 | loss 5.8550 | lr 3.00e-04 | grad 0.88 | 32.8k tok/s | cert -7.50→-6.57 | ticks [6.588 6.257 6.004 5.989] | 111M tok | ETA 101.6h
Step  27170 | loss 5.9030 | lr 3.00e-04 | grad 0.65 | 32.8k tok/s | cert -6.36→-6.21 | ticks [6.739 5.998 5.802 5.785] | 111M tok | ETA 101.6h
Step  27180 | loss 5.8581 | lr 3.00e-04 | grad 0.73 | 32.6k tok/s | cert -7.15→-6.44 | ticks [6.663 6.208 6.016 5.992] | 111M tok | ETA 101.6h
Step  27190 | loss 5.7707 | lr 3.00e-04 | grad 0.70 | 32.7k tok/s | cert -6.21→-6.38 | ticks [7.053 6.308 5.957 5.943] | 111M tok | ETA 101.6h
Step  27200 | loss 5.8487 | lr 3.00e-04 | grad 0.87 | 32.8k tok/s | cert -7.01→-5.97 | ticks [6.369 5.633 5.534 5.518] | 111M tok | ETA 101.6h
Step  27210 | loss 5.6764 | lr 3.00e-04 | grad 0.86 | 33.1k tok/s | cert -7.11→-6.15 | ticks [6.455 5.916 5.762 5.750] | 111M tok | ETA 101.6h
Step  27220 | loss 5.8049 | lr 3.00e-04 | grad 0.73 | 32.6k tok/s | cert -6.79→-6.14 | ticks [6.505 6.187 5.791 5.769] | 111M tok | ETA 101.6h
Step  27230 | loss 5.7954 | lr 3.00e-04 | grad 1.12 | 33.0k tok/s | cert -7.16→-6.21 | ticks [6.672 6.362 6.050 6.031] | 112M tok | ETA 101.6h
Step  27240 | loss 5.8296 | lr 3.00e-04 | grad 1.03 | 32.8k tok/s | cert -7.47→-5.92 | ticks [6.342 5.934 5.784 5.774] | 112M tok | ETA 101.6h
Step  27250 | loss 5.9315 | lr 3.00e-04 | grad 0.75 | 32.9k tok/s | cert -6.36→-6.43 | ticks [7.289 6.359 6.094 6.080] | 112M tok | ETA 101.6h
Step  27260 | loss 5.6143 | lr 3.00e-04 | grad 0.83 | 32.7k tok/s | cert -6.52→-5.55 | ticks [5.806 5.030 4.876 4.864] | 112M tok | ETA 101.6h
Step  27270 | loss 5.6822 | lr 3.00e-04 | grad 0.96 | 32.5k tok/s | cert -5.48→-6.07 | ticks [7.080 6.221 5.896 5.888] | 112M tok | ETA 101.6h
Step  27280 | loss 5.8893 | lr 3.00e-04 | grad 1.39 | 32.9k tok/s | cert -7.55→-6.81 | ticks [6.900 6.243 6.072 6.061] | 112M tok | ETA 101.6h
Step  27290 | loss 5.7462 | lr 3.00e-04 | grad 1.21 | 32.9k tok/s | cert -7.14→-6.57 | ticks [6.786 6.325 6.024 6.007] | 112M tok | ETA 101.6h
Step  27300 | loss 5.8267 | lr 3.00e-04 | grad 0.84 | 32.8k tok/s | cert -8.02→-6.52 | ticks [6.489 6.056 5.972 5.958] | 112M tok | ETA 101.6h
Step  27310 | loss 5.9114 | lr 3.00e-04 | grad 1.59 | 32.7k tok/s | cert -8.21→-6.12 | ticks [6.537 6.107 6.018 6.004] | 112M tok | ETA 101.6h
Step  27320 | loss 5.8802 | lr 3.00e-04 | grad 0.78 | 32.8k tok/s | cert -8.15→-6.35 | ticks [6.485 5.978 5.891 5.881] | 112M tok | ETA 101.6h
Step  27330 | loss 5.8352 | lr 3.00e-04 | grad 0.87 | 32.6k tok/s | cert -6.57→-6.16 | ticks [6.692 6.181 5.800 5.779] | 112M tok | ETA 101.6h
Step  27340 | loss 5.8405 | lr 3.00e-04 | grad 0.74 | 32.5k tok/s | cert -6.73→-6.38 | ticks [6.797 6.140 5.931 5.912] | 112M tok | ETA 101.6h
Step  27350 | loss 5.8600 | lr 3.00e-04 | grad 0.96 | 33.0k tok/s | cert -6.39→-6.17 | ticks [6.843 6.136 5.951 5.939] | 112M tok | ETA 101.6h
Step  27360 | loss 5.8593 | lr 3.00e-04 | grad 0.72 | 32.7k tok/s | cert -7.50→-6.22 | ticks [6.560 6.182 5.872 5.860] | 112M tok | ETA 101.6h
Step  27370 | loss 5.8688 | lr 3.00e-04 | grad 0.85 | 32.7k tok/s | cert -7.12→-6.55 | ticks [6.657 6.260 5.843 5.817] | 112M tok | ETA 101.6h
Step  27380 | loss 5.7909 | lr 3.00e-04 | grad 0.71 | 32.8k tok/s | cert -7.30→-6.21 | ticks [6.768 6.144 5.774 5.755] | 112M tok | ETA 101.6h
Step  27390 | loss 6.0096 | lr 3.00e-04 | grad 0.82 | 33.0k tok/s | cert -7.23→-6.57 | ticks [7.108 6.479 6.134 6.119] | 112M tok | ETA 101.6h
Step  27400 | loss 5.8812 | lr 3.00e-04 | grad 1.18 | 32.7k tok/s | cert -6.77→-6.09 | ticks [6.999 6.210 6.100 6.082] | 112M tok | ETA 101.6h
Step  27410 | loss 5.9203 | lr 3.00e-04 | grad 0.80 | 32.7k tok/s | cert -7.04→-6.61 | ticks [6.989 6.315 6.179 6.164] | 112M tok | ETA 101.6h
Step  27420 | loss 6.1518 | lr 3.00e-04 | grad 0.82 | 32.5k tok/s | cert -7.70→-6.10 | ticks [6.672 6.153 5.871 5.848] | 112M tok | ETA 101.6h
Step  27430 | loss 5.9285 | lr 3.00e-04 | grad 1.09 | 32.8k tok/s | cert -6.66→-6.33 | ticks [6.793 6.390 5.770 5.756] | 112M tok | ETA 101.6h
Step  27440 | loss 5.9119 | lr 3.00e-04 | grad 0.79 | 32.8k tok/s | cert -7.59→-6.16 | ticks [6.582 6.093 5.989 5.978] | 112M tok | ETA 101.6h
Step  27450 | loss 5.8763 | lr 3.00e-04 | grad 0.70 | 32.7k tok/s | cert -6.60→-6.40 | ticks [7.120 6.176 6.051 6.033] | 112M tok | ETA 101.6h
Step  27460 | loss 5.8321 | lr 3.00e-04 | grad 0.88 | 32.7k tok/s | cert -6.82→-6.23 | ticks [6.380 5.848 5.520 5.500] | 112M tok | ETA 101.6h
Step  27470 | loss 5.9250 | lr 3.00e-04 | grad 1.01 | 32.7k tok/s | cert -6.55→-6.38 | ticks [6.954 6.320 6.113 6.097] | 113M tok | ETA 101.5h
Step  27480 | loss 5.8226 | lr 3.00e-04 | grad 0.75 | 33.0k tok/s | cert -6.86→-6.38 | ticks [6.593 6.208 5.950 5.931] | 113M tok | ETA 101.5h
Step  27490 | loss 5.9729 | lr 3.00e-04 | grad 0.77 | 32.8k tok/s | cert -6.35→-6.07 | ticks [6.850 6.213 5.951 5.928] | 113M tok | ETA 101.5h
Step  27500 | loss 5.8994 | lr 3.00e-04 | grad 0.83 | 32.5k tok/s | cert -8.29→-7.09 | ticks [7.289 7.175 6.786 6.774] | 113M tok | ETA 101.5h
Step  27510 | loss 5.7294 | lr 3.00e-04 | grad 0.76 | 32.9k tok/s | cert -6.58→-6.14 | ticks [6.551 6.020 5.625 5.610] | 113M tok | ETA 101.5h
Step  27520 | loss 5.7692 | lr 3.00e-04 | grad 0.73 | 32.9k tok/s | cert -7.39→-6.13 | ticks [6.418 5.977 5.823 5.804] | 113M tok | ETA 101.5h
Step  27530 | loss 5.8805 | lr 3.00e-04 | grad 0.73 | 32.6k tok/s | cert -7.50→-6.33 | ticks [6.611 6.265 6.004 5.983] | 113M tok | ETA 101.5h
Step  27540 | loss 5.7927 | lr 3.00e-04 | grad 0.77 | 32.8k tok/s | cert -6.93→-6.50 | ticks [6.667 6.290 5.962 5.948] | 113M tok | ETA 101.5h
Step  27550 | loss 5.7645 | lr 3.00e-04 | grad 1.21 | 32.8k tok/s | cert -7.53→-6.28 | ticks [6.802 6.446 6.144 6.127] | 113M tok | ETA 101.5h
Step  27560 | loss 5.7050 | lr 3.00e-04 | grad 1.24 | 32.8k tok/s | cert -7.09→-6.34 | ticks [6.522 5.780 5.623 5.613] | 113M tok | ETA 101.5h
Step  27570 | loss 5.8963 | lr 3.00e-04 | grad 0.83 | 32.7k tok/s | cert -6.82→-6.17 | ticks [6.755 6.117 5.967 5.943] | 113M tok | ETA 101.5h
Step  27580 | loss 5.9076 | lr 3.00e-04 | grad 1.07 | 32.8k tok/s | cert -7.00→-6.62 | ticks [6.689 6.379 5.943 5.926] | 113M tok | ETA 101.5h
Step  27590 | loss 5.8051 | lr 3.00e-04 | grad 0.88 | 32.7k tok/s | cert -7.38→-6.30 | ticks [6.704 5.981 5.778 5.760] | 113M tok | ETA 101.5h
Step  27600 | loss 5.9032 | lr 3.00e-04 | grad 0.91 | 32.9k tok/s | cert -7.91→-6.87 | ticks [6.667 6.536 6.207 6.191] | 113M tok | ETA 101.5h
Step  27610 | loss 5.9549 | lr 3.00e-04 | grad 0.81 | 32.8k tok/s | cert -6.92→-6.08 | ticks [6.588 5.999 5.706 5.688] | 113M tok | ETA 101.5h
Step  27620 | loss 5.7813 | lr 3.00e-04 | grad 1.35 | 32.6k tok/s | cert -7.76→-6.77 | ticks [6.672 6.340 6.064 6.047] | 113M tok | ETA 101.5h
Step  27630 | loss 5.9551 | lr 3.00e-04 | grad 0.78 | 32.9k tok/s | cert -5.80→-6.20 | ticks [6.931 6.171 5.919 5.910] | 113M tok | ETA 101.5h
Step  27640 | loss 5.8901 | lr 3.00e-04 | grad 1.00 | 32.8k tok/s | cert -7.79→-6.51 | ticks [6.808 6.226 5.947 5.930] | 113M tok | ETA 101.5h
Step  27650 | loss 5.8534 | lr 3.00e-04 | grad 1.27 | 33.0k tok/s | cert -6.87→-6.77 | ticks [6.752 6.619 6.045 6.020] | 113M tok | ETA 101.5h
Step  27660 | loss 5.8733 | lr 3.00e-04 | grad 0.93 | 33.2k tok/s | cert -6.89→-6.52 | ticks [6.697 6.373 5.859 5.846] | 113M tok | ETA 101.5h
Step  27670 | loss 6.0859 | lr 3.00e-04 | grad 1.09 | 32.9k tok/s | cert -7.17→-6.57 | ticks [6.944 6.345 6.122 6.102] | 113M tok | ETA 101.5h
Step  27680 | loss 5.8778 | lr 3.00e-04 | grad 0.86 | 32.8k tok/s | cert -7.28→-6.12 | ticks [6.427 6.043 5.760 5.740] | 113M tok | ETA 101.5h
Step  27690 | loss 5.8998 | lr 3.00e-04 | grad 1.04 | 32.5k tok/s | cert -7.67→-6.80 | ticks [6.915 6.382 6.232 6.216] | 113M tok | ETA 101.5h
Step  27700 | loss 6.0345 | lr 3.00e-04 | grad 0.90 | 32.8k tok/s | cert -7.11→-6.29 | ticks [6.768 6.115 5.709 5.694] | 113M tok | ETA 101.5h
Step  27710 | loss 5.8854 | lr 3.00e-04 | grad 2.80 | 32.7k tok/s | cert -8.39→-7.92 | ticks [7.608 7.345 7.230 7.223] | 114M tok | ETA 101.5h
Step  27720 | loss 6.2758 | lr 3.00e-04 | grad 3.27 | 32.7k tok/s | cert -8.19→-7.60 | ticks [7.290 7.120 6.847 6.846] | 114M tok | ETA 101.5h
Step  27730 | loss 5.7451 | lr 3.00e-04 | grad 0.75 | 32.9k tok/s | cert -7.69→-6.36 | ticks [6.917 6.304 6.130 6.112] | 114M tok | ETA 101.5h
Step  27740 | loss 6.2364 | lr 3.00e-04 | grad 1.30 | 32.5k tok/s | cert -8.75→-7.73 | ticks [7.590 7.604 7.169 7.149] | 114M tok | ETA 101.5h
Step  27750 | loss 5.9315 | lr 3.00e-04 | grad 0.88 | 33.0k tok/s | cert -6.90→-6.20 | ticks [6.818 6.034 5.845 5.831] | 114M tok | ETA 101.5h
Step  27760 | loss 5.7798 | lr 3.00e-04 | grad 1.05 | 32.6k tok/s | cert -6.41→-6.10 | ticks [6.684 6.273 5.896 5.874] | 114M tok | ETA 101.5h
Step  27770 | loss 5.7715 | lr 3.00e-04 | grad 0.91 | 32.9k tok/s | cert -5.70→-5.96 | ticks [6.619 5.918 5.739 5.721] | 114M tok | ETA 101.5h
Step  27780 | loss 5.8435 | lr 3.00e-04 | grad 0.78 | 32.8k tok/s | cert -6.51→-6.18 | ticks [6.380 5.735 5.614 5.601] | 114M tok | ETA 101.5h
Step  27790 | loss 5.7771 | lr 3.00e-04 | grad 0.77 | 33.2k tok/s | cert -6.61→-6.47 | ticks [6.954 6.295 5.972 5.952] | 114M tok | ETA 101.5h
Step  27800 | loss 5.9787 | lr 3.00e-04 | grad 0.90 | 32.9k tok/s | cert -6.69→-6.32 | ticks [6.793 6.346 6.082 6.066] | 114M tok | ETA 101.5h
Step  27810 | loss 5.7477 | lr 3.00e-04 | grad 0.85 | 33.1k tok/s | cert -7.16→-6.29 | ticks [6.548 6.101 5.658 5.646] | 114M tok | ETA 101.5h
Step  27820 | loss 5.7419 | lr 3.00e-04 | grad 1.02 | 32.9k tok/s | cert -7.38→-6.24 | ticks [6.529 6.103 5.952 5.936] | 114M tok | ETA 101.5h
Step  27830 | loss 5.7985 | lr 3.00e-04 | grad 1.12 | 32.4k tok/s | cert -7.49→-6.38 | ticks [6.516 6.030 5.806 5.796] | 114M tok | ETA 101.5h
Step  27840 | loss 5.8142 | lr 3.00e-04 | grad 0.86 | 32.8k tok/s | cert -7.22→-6.33 | ticks [6.772 6.434 6.021 5.995] | 114M tok | ETA 101.5h
Step  27850 | loss 5.7539 | lr 3.00e-04 | grad 0.72 | 33.1k tok/s | cert -6.86→-6.29 | ticks [6.959 6.303 6.013 6.002] | 114M tok | ETA 101.5h
Step  27860 | loss 5.8868 | lr 3.00e-04 | grad 0.68 | 33.0k tok/s | cert -7.59→-6.51 | ticks [6.700 6.321 6.081 6.068] | 114M tok | ETA 101.5h
Step  27870 | loss 5.8533 | lr 3.00e-04 | grad 1.05 | 32.7k tok/s | cert -7.62→-6.63 | ticks [6.608 6.260 5.996 5.971] | 114M tok | ETA 101.5h
Step  27880 | loss 5.8760 | lr 3.00e-04 | grad 1.18 | 33.0k tok/s | cert -5.53→-6.42 | ticks [7.015 5.990 5.904 5.898] | 114M tok | ETA 101.5h
Step  27890 | loss 5.9399 | lr 3.00e-04 | grad 1.26 | 32.9k tok/s | cert -7.04→-5.97 | ticks [6.449 5.977 5.666 5.640] | 114M tok | ETA 101.5h
Step  27900 | loss 5.9445 | lr 3.00e-04 | grad 0.73 | 32.9k tok/s | cert -6.87→-6.47 | ticks [7.042 6.333 6.146 6.134] | 114M tok | ETA 101.5h
Step  27910 | loss 5.8475 | lr 3.00e-04 | grad 0.68 | 32.9k tok/s | cert -7.65→-6.38 | ticks [6.447 6.268 5.881 5.861] | 114M tok | ETA 101.5h
Step  27920 | loss 5.8532 | lr 3.00e-04 | grad 0.74 | 32.9k tok/s | cert -7.15→-6.16 | ticks [6.447 6.075 5.684 5.662] | 114M tok | ETA 101.5h
Step  27930 | loss 5.9994 | lr 3.00e-04 | grad 0.79 | 32.8k tok/s | cert -6.71→-6.26 | ticks [6.678 6.228 5.909 5.891] | 114M tok | ETA 101.5h
Step  27940 | loss 5.7896 | lr 3.00e-04 | grad 0.84 | 32.7k tok/s | cert -6.84→-6.30 | ticks [6.699 6.064 5.789 5.772] | 114M tok | ETA 101.5h
Step  27950 | loss 5.8468 | lr 3.00e-04 | grad 0.74 | 32.9k tok/s | cert -6.94→-6.27 | ticks [6.839 6.188 6.006 5.988] | 114M tok | ETA 101.5h
Step  27960 | loss 5.9472 | lr 3.00e-04 | grad 1.15 | 32.5k tok/s | cert -7.18→-6.09 | ticks [6.730 6.195 6.023 6.015] | 115M tok | ETA 101.5h
Step  27970 | loss 5.8266 | lr 3.00e-04 | grad 0.96 | 32.8k tok/s | cert -7.23→-6.74 | ticks [6.986 6.498 6.111 6.092] | 115M tok | ETA 101.5h
Step  27980 | loss 5.9140 | lr 3.00e-04 | grad 1.47 | 32.9k tok/s | cert -8.39→-6.61 | ticks [6.530 5.945 5.747 5.719] | 115M tok | ETA 101.5h
Step  27990 | loss 5.8186 | lr 3.00e-04 | grad 0.75 | 33.0k tok/s | cert -6.93→-6.19 | ticks [6.812 6.331 6.038 6.018] | 115M tok | ETA 101.5h
Step  28000 | loss 5.9719 | lr 3.00e-04 | grad 1.17 | 32.4k tok/s | cert -7.89→-6.26 | ticks [6.736 6.431 6.239 6.219] | 115M tok | ETA 101.5h
Step  28010 | loss 5.9397 | lr 3.00e-04 | grad 0.64 | 32.9k tok/s | cert -7.55→-6.44 | ticks [6.738 6.416 6.037 6.016] | 115M tok | ETA 101.5h
Step  28020 | loss 6.0417 | lr 3.00e-04 | grad 0.96 | 33.1k tok/s | cert -6.94→-6.57 | ticks [7.029 6.304 6.153 6.138] | 115M tok | ETA 101.5h
Step  28030 | loss 6.0147 | lr 3.00e-04 | grad 0.79 | 32.6k tok/s | cert -7.72→-6.48 | ticks [6.557 6.164 5.891 5.875] | 115M tok | ETA 101.5h
Step  28040 | loss 5.9099 | lr 3.00e-04 | grad 0.74 | 32.8k tok/s | cert -7.27→-6.47 | ticks [6.886 6.438 6.171 6.154] | 115M tok | ETA 101.5h
Step  28050 | loss 5.7631 | lr 3.00e-04 | grad 1.20 | 32.9k tok/s | cert -6.93→-6.20 | ticks [6.392 6.003 5.709 5.685] | 115M tok | ETA 101.5h
Step  28060 | loss 5.7951 | lr 3.00e-04 | grad 0.73 | 32.5k tok/s | cert -8.32→-5.96 | ticks [6.380 5.713 5.479 5.462] | 115M tok | ETA 101.5h
Step  28070 | loss 5.9264 | lr 3.00e-04 | grad 1.11 | 32.8k tok/s | cert -7.02→-6.24 | ticks [7.097 6.233 6.073 6.057] | 115M tok | ETA 101.5h
Step  28080 | loss 5.7555 | lr 3.00e-04 | grad 0.83 | 32.9k tok/s | cert -6.63→-6.21 | ticks [6.792 5.999 5.775 5.758] | 115M tok | ETA 101.5h
Step  28090 | loss 5.8298 | lr 3.00e-04 | grad 1.07 | 32.7k tok/s | cert -6.63→-5.92 | ticks [6.561 5.973 5.827 5.812] | 115M tok | ETA 101.5h
Step  28100 | loss 5.8311 | lr 3.00e-04 | grad 0.65 | 32.8k tok/s | cert -7.01→-6.18 | ticks [6.648 5.961 5.694 5.673] | 115M tok | ETA 101.5h
Step  28110 | loss 5.9383 | lr 3.00e-04 | grad 0.73 | 32.5k tok/s | cert -7.67→-6.16 | ticks [6.619 6.152 5.683 5.656] | 115M tok | ETA 101.5h
Step  28120 | loss 5.8452 | lr 3.00e-04 | grad 0.75 | 32.7k tok/s | cert -8.25→-6.46 | ticks [6.625 6.071 5.943 5.927] | 115M tok | ETA 101.5h
Step  28130 | loss 5.8426 | lr 3.00e-04 | grad 0.83 | 32.9k tok/s | cert -7.65→-6.30 | ticks [6.735 6.045 5.928 5.921] | 115M tok | ETA 101.5h
Step  28140 | loss 5.9138 | lr 3.00e-04 | grad 0.71 | 32.5k tok/s | cert -7.54→-6.27 | ticks [6.767 6.213 5.902 5.877] | 115M tok | ETA 101.5h
Step  28150 | loss 5.8772 | lr 3.00e-04 | grad 1.77 | 32.8k tok/s | cert -7.34→-6.86 | ticks [7.088 6.380 6.212 6.181] | 115M tok | ETA 101.5h
Step  28160 | loss 5.7752 | lr 3.00e-04 | grad 0.81 | 32.7k tok/s | cert -6.26→-6.20 | ticks [6.643 5.800 5.521 5.502] | 115M tok | ETA 101.5h
Step  28170 | loss 5.8556 | lr 3.00e-04 | grad 0.74 | 32.4k tok/s | cert -7.16→-6.45 | ticks [6.897 6.265 6.043 6.021] | 115M tok | ETA 101.4h
Step  28180 | loss 5.8112 | lr 3.00e-04 | grad 1.04 | 32.7k tok/s | cert -7.37→-6.44 | ticks [6.366 6.034 5.677 5.647] | 115M tok | ETA 101.4h
Step  28190 | loss 5.8189 | lr 3.00e-04 | grad 0.64 | 32.8k tok/s | cert -7.74→-6.15 | ticks [6.598 5.945 5.621 5.601] | 115M tok | ETA 101.4h
Step  28200 | loss 5.8099 | lr 3.00e-04 | grad 0.74 | 32.9k tok/s | cert -6.61→-6.40 | ticks [6.676 6.004 5.792 5.773] | 116M tok | ETA 101.4h
Step  28210 | loss 5.8950 | lr 3.00e-04 | grad 0.91 | 32.5k tok/s | cert -6.60→-6.42 | ticks [6.922 6.456 6.074 6.056] | 116M tok | ETA 101.4h
Step  28220 | loss 5.9332 | lr 3.00e-04 | grad 1.03 | 32.5k tok/s | cert -8.31→-6.54 | ticks [6.746 6.731 6.160 6.143] | 116M tok | ETA 101.4h
Step  28230 | loss 5.7694 | lr 3.00e-04 | grad 0.67 | 32.9k tok/s | cert -7.87→-6.42 | ticks [6.716 6.259 5.972 5.958] | 116M tok | ETA 101.4h
Step  28240 | loss 6.0553 | lr 3.00e-04 | grad 0.77 | 32.7k tok/s | cert -6.55→-6.53 | ticks [7.208 6.429 6.317 6.304] | 116M tok | ETA 101.4h
Step  28250 | loss 5.7855 | lr 3.00e-04 | grad 0.77 | 33.0k tok/s | cert -6.89→-5.90 | ticks [6.471 5.668 5.406 5.391] | 116M tok | ETA 101.4h
Step  28260 | loss 5.9167 | lr 3.00e-04 | grad 0.68 | 32.8k tok/s | cert -7.59→-6.59 | ticks [6.945 6.409 6.177 6.162] | 116M tok | ETA 101.4h
Step  28270 | loss 5.9532 | lr 3.00e-04 | grad 0.95 | 32.9k tok/s | cert -7.59→-6.33 | ticks [6.415 5.901 5.588 5.561] | 116M tok | ETA 101.4h
Step  28280 | loss 5.7542 | lr 3.00e-04 | grad 0.95 | 32.6k tok/s | cert -6.45→-6.18 | ticks [6.945 6.108 5.833 5.814] | 116M tok | ETA 101.4h
Step  28290 | loss 5.6986 | lr 3.00e-04 | grad 1.29 | 32.7k tok/s | cert -6.62→-6.18 | ticks [6.891 6.249 5.996 5.963] | 116M tok | ETA 101.4h
Step  28300 | loss 5.7583 | lr 3.00e-04 | grad 0.91 | 32.8k tok/s | cert -6.79→-5.75 | ticks [6.328 5.560 5.407 5.391] | 116M tok | ETA 101.4h
Step  28310 | loss 5.8591 | lr 3.00e-04 | grad 0.70 | 32.1k tok/s | cert -7.52→-6.09 | ticks [6.328 5.955 5.665 5.650] | 116M tok | ETA 101.4h
Step  28320 | loss 5.7398 | lr 3.00e-04 | grad 0.73 | 33.0k tok/s | cert -7.48→-6.15 | ticks [6.664 5.991 5.814 5.799] | 116M tok | ETA 101.4h
Step  28330 | loss 5.9100 | lr 3.00e-04 | grad 1.06 | 32.1k tok/s | cert -7.82→-6.35 | ticks [6.388 5.940 5.801 5.790] | 116M tok | ETA 101.4h
Step  28340 | loss 5.8122 | lr 3.00e-04 | grad 1.48 | 32.7k tok/s | cert -6.68→-6.57 | ticks [6.911 6.443 6.047 6.028] | 116M tok | ETA 101.4h
Step  28350 | loss 5.9236 | lr 3.00e-04 | grad 0.70 | 33.1k tok/s | cert -6.95→-6.40 | ticks [7.209 6.357 6.062 6.039] | 116M tok | ETA 101.4h
Step  28360 | loss 5.9341 | lr 3.00e-04 | grad 0.80 | 32.9k tok/s | cert -7.74→-6.46 | ticks [6.575 6.366 5.966 5.943] | 116M tok | ETA 101.4h
Step  28370 | loss 5.8064 | lr 3.00e-04 | grad 0.70 | 32.1k tok/s | cert -7.24→-6.06 | ticks [6.422 5.754 5.514 5.498] | 116M tok | ETA 101.4h
Step  28380 | loss 5.9554 | lr 3.00e-04 | grad 0.81 | 32.4k tok/s | cert -6.32→-6.00 | ticks [7.244 6.015 5.848 5.832] | 116M tok | ETA 101.4h
Step  28390 | loss 5.7211 | lr 3.00e-04 | grad 0.86 | 32.7k tok/s | cert -7.83→-6.29 | ticks [6.748 6.171 5.784 5.765] | 116M tok | ETA 101.4h
Step  28400 | loss 5.7893 | lr 3.00e-04 | grad 0.88 | 32.8k tok/s | cert -7.31→-6.21 | ticks [6.829 6.289 6.108 6.100] | 116M tok | ETA 101.4h
Step  28410 | loss 5.8652 | lr 3.00e-04 | grad 1.47 | 32.6k tok/s | cert -8.11→-6.53 | ticks [6.693 6.472 5.990 5.977] | 116M tok | ETA 101.4h
Step  28420 | loss 5.8647 | lr 3.00e-04 | grad 0.87 | 32.8k tok/s | cert -7.49→-5.98 | ticks [6.673 5.911 5.699 5.679] | 116M tok | ETA 101.4h
Step  28430 | loss 5.8777 | lr 3.00e-04 | grad 0.66 | 33.1k tok/s | cert -8.26→-6.25 | ticks [6.844 6.223 6.024 6.009] | 116M tok | ETA 101.4h
Step  28440 | loss 5.7545 | lr 3.00e-04 | grad 0.90 | 32.9k tok/s | cert -7.44→-6.23 | ticks [6.748 6.239 6.057 6.041] | 116M tok | ETA 101.4h
Step  28450 | loss 5.8218 | lr 3.00e-04 | grad 0.95 | 33.1k tok/s | cert -7.91→-6.49 | ticks [6.784 6.113 6.011 5.998] | 117M tok | ETA 101.4h
Step  28460 | loss 5.7795 | lr 3.00e-04 | grad 0.70 | 32.7k tok/s | cert -7.62→-6.20 | ticks [6.845 6.100 5.907 5.883] | 117M tok | ETA 101.4h
Step  28470 | loss 5.8352 | lr 3.00e-04 | grad 0.78 | 32.8k tok/s | cert -7.48→-6.47 | ticks [6.744 6.357 6.111 6.101] | 117M tok | ETA 101.4h
Step  28480 | loss 5.8526 | lr 3.00e-04 | grad 0.70 | 32.7k tok/s | cert -6.35→-6.35 | ticks [6.630 6.178 5.715 5.699] | 117M tok | ETA 101.4h
Step  28490 | loss 5.8709 | lr 3.00e-04 | grad 0.67 | 32.7k tok/s | cert -6.46→-6.38 | ticks [6.991 6.340 6.081 6.059] | 117M tok | ETA 101.4h
Step  28500 | loss 5.8601 | lr 3.00e-04 | grad 0.74 | 32.7k tok/s | cert -7.57→-6.15 | ticks [6.781 6.225 5.822 5.800] | 117M tok | ETA 101.4h
Step  28510 | loss 5.8438 | lr 3.00e-04 | grad 1.37 | 33.1k tok/s | cert -7.33→-6.35 | ticks [7.047 6.338 6.206 6.181] | 117M tok | ETA 101.4h
Step  28520 | loss 5.7437 | lr 3.00e-04 | grad 0.65 | 32.9k tok/s | cert -7.76→-6.29 | ticks [6.464 6.152 5.873 5.857] | 117M tok | ETA 101.4h
Step  28530 | loss 5.9836 | lr 3.00e-04 | grad 1.11 | 32.8k tok/s | cert -4.22→-6.24 | ticks [7.658 6.093 5.927 5.899] | 117M tok | ETA 101.4h
Step  28540 | loss 5.9538 | lr 3.00e-04 | grad 0.70 | 32.5k tok/s | cert -6.57→-6.35 | ticks [6.862 6.145 5.789 5.769] | 117M tok | ETA 101.4h
Step  28550 | loss 5.9933 | lr 3.00e-04 | grad 0.86 | 32.6k tok/s | cert -7.64→-6.55 | ticks [6.836 6.036 5.919 5.908] | 117M tok | ETA 101.4h
Step  28560 | loss 5.8168 | lr 3.00e-04 | grad 1.35 | 32.7k tok/s | cert -7.88→-6.49 | ticks [6.910 6.496 5.843 5.824] | 117M tok | ETA 101.4h
Step  28570 | loss 5.8987 | lr 3.00e-04 | grad 1.09 | 32.7k tok/s | cert -7.74→-6.37 | ticks [6.786 6.588 6.310 6.298] | 117M tok | ETA 101.4h
Step  28580 | loss 5.9172 | lr 3.00e-04 | grad 1.08 | 32.9k tok/s | cert -6.18→-6.44 | ticks [6.975 6.108 5.827 5.811] | 117M tok | ETA 101.4h
Step  28590 | loss 6.0054 | lr 3.00e-04 | grad 0.75 | 32.8k tok/s | cert -6.30→-6.37 | ticks [7.412 6.313 5.858 5.841] | 117M tok | ETA 101.4h
Step  28600 | loss 5.7348 | lr 3.00e-04 | grad 1.16 | 32.8k tok/s | cert -7.14→-6.26 | ticks [6.500 5.920 5.571 5.550] | 117M tok | ETA 101.4h
Step  28610 | loss 5.7539 | lr 3.00e-04 | grad 0.66 | 32.7k tok/s | cert -6.40→-6.24 | ticks [6.901 6.011 5.808 5.792] | 117M tok | ETA 101.4h
Step  28620 | loss 5.9601 | lr 3.00e-04 | grad 0.79 | 32.9k tok/s | cert -7.11→-6.36 | ticks [6.926 6.289 6.070 6.056] | 117M tok | ETA 101.4h
Step  28630 | loss 5.7978 | lr 3.00e-04 | grad 0.90 | 32.8k tok/s | cert -6.22→-6.08 | ticks [6.952 6.072 5.909 5.898] | 117M tok | ETA 101.4h
Step  28640 | loss 5.8825 | lr 3.00e-04 | grad 0.80 | 32.7k tok/s | cert -6.74→-6.26 | ticks [6.689 6.141 5.919 5.905] | 117M tok | ETA 101.4h
Step  28650 | loss 6.0322 | lr 3.00e-04 | grad 0.89 | 32.8k tok/s | cert -7.45→-6.39 | ticks [6.653 6.485 6.110 6.092] | 117M tok | ETA 101.4h
Step  28660 | loss 5.9285 | lr 3.00e-04 | grad 0.84 | 32.8k tok/s | cert -6.74→-5.87 | ticks [6.877 5.831 5.589 5.564] | 117M tok | ETA 101.4h
Step  28670 | loss 5.8679 | lr 3.00e-04 | grad 1.16 | 32.8k tok/s | cert -8.11→-6.61 | ticks [6.596 6.181 6.026 6.006] | 117M tok | ETA 101.4h
Step  28680 | loss 5.6736 | lr 3.00e-04 | grad 0.76 | 32.8k tok/s | cert -7.75→-6.27 | ticks [6.501 6.208 5.731 5.716] | 117M tok | ETA 101.4h
Step  28690 | loss 6.1267 | lr 3.00e-04 | grad 0.95 | 32.8k tok/s | cert -6.71→-6.59 | ticks [7.015 6.466 6.098 6.080] | 118M tok | ETA 101.4h
Step  28700 | loss 5.9895 | lr 3.00e-04 | grad 0.93 | 32.9k tok/s | cert -6.25→-6.27 | ticks [7.053 6.087 5.889 5.873] | 118M tok | ETA 101.4h
Step  28710 | loss 5.6322 | lr 3.00e-04 | grad 0.81 | 33.0k tok/s | cert -7.55→-6.15 | ticks [6.459 6.018 5.776 5.756] | 118M tok | ETA 101.4h
Step  28720 | loss 5.9029 | lr 3.00e-04 | grad 1.37 | 32.9k tok/s | cert -7.02→-6.57 | ticks [6.666 6.493 5.984 5.962] | 118M tok | ETA 101.4h
Step  28730 | loss 5.8662 | lr 3.00e-04 | grad 1.07 | 33.0k tok/s | cert -5.13→-5.95 | ticks [6.952 5.973 5.775 5.758] | 118M tok | ETA 101.4h
Step  28740 | loss 5.7695 | lr 3.00e-04 | grad 1.32 | 32.6k tok/s | cert -6.20→-5.92 | ticks [6.960 6.024 5.868 5.855] | 118M tok | ETA 101.4h
Step  28750 | loss 5.8940 | lr 3.00e-04 | grad 0.86 | 32.6k tok/s | cert -7.25→-6.61 | ticks [7.030 6.551 6.169 6.153] | 118M tok | ETA 101.4h
Step  28760 | loss 5.9514 | lr 3.00e-04 | grad 1.88 | 32.9k tok/s | cert -7.44→-7.25 | ticks [7.110 6.866 6.555 6.546] | 118M tok | ETA 101.4h
Step  28770 | loss 5.8209 | lr 3.00e-04 | grad 0.96 | 33.0k tok/s | cert -7.32→-6.35 | ticks [6.673 6.307 6.117 6.096] | 118M tok | ETA 101.4h
Step  28780 | loss 5.8979 | lr 3.00e-04 | grad 1.12 | 32.6k tok/s | cert -7.01→-6.15 | ticks [6.792 6.184 5.915 5.892] | 118M tok | ETA 101.4h
Step  28790 | loss 5.9154 | lr 3.00e-04 | grad 0.84 | 32.8k tok/s | cert -6.91→-6.12 | ticks [6.604 6.184 5.922 5.905] | 118M tok | ETA 101.4h
Step  28800 | loss 5.9981 | lr 3.00e-04 | grad 0.70 | 32.9k tok/s | cert -7.13→-6.44 | ticks [6.731 6.427 6.029 6.011] | 118M tok | ETA 101.4h
Step  28810 | loss 5.7327 | lr 3.00e-04 | grad 0.76 | 33.0k tok/s | cert -7.01→-6.19 | ticks [6.645 5.870 5.718 5.705] | 118M tok | ETA 101.4h
Step  28820 | loss 5.8940 | lr 3.00e-04 | grad 0.80 | 32.6k tok/s | cert -8.38→-6.75 | ticks [6.776 6.433 6.234 6.219] | 118M tok | ETA 101.4h
Step  28830 | loss 5.8847 | lr 3.00e-04 | grad 1.03 | 32.8k tok/s | cert -6.97→-5.90 | ticks [6.370 5.922 5.620 5.600] | 118M tok | ETA 101.4h
Step  28840 | loss 5.8155 | lr 3.00e-04 | grad 0.96 | 32.9k tok/s | cert -7.31→-6.01 | ticks [6.748 6.153 5.945 5.924] | 118M tok | ETA 101.4h
Step  28850 | loss 5.8464 | lr 3.00e-04 | grad 0.93 | 32.8k tok/s | cert -7.20→-6.32 | ticks [6.494 6.014 5.683 5.649] | 118M tok | ETA 101.4h
Step  28860 | loss 5.9103 | lr 3.00e-04 | grad 0.95 | 32.6k tok/s | cert -7.39→-6.50 | ticks [6.900 6.402 5.967 5.947] | 118M tok | ETA 101.4h
Step  28870 | loss 5.9604 | lr 3.00e-04 | grad 0.77 | 32.7k tok/s | cert -6.78→-6.48 | ticks [6.883 6.401 6.132 6.117] | 118M tok | ETA 101.4h
Step  28880 | loss 5.9686 | lr 3.00e-04 | grad 0.72 | 33.0k tok/s | cert -7.30→-6.25 | ticks [6.594 6.038 5.802 5.789] | 118M tok | ETA 101.4h
Step  28890 | loss 5.9961 | lr 3.00e-04 | grad 0.72 | 32.7k tok/s | cert -7.24→-6.00 | ticks [6.886 6.076 5.787 5.763] | 118M tok | ETA 101.4h
Step  28900 | loss 6.0462 | lr 3.00e-04 | grad 0.75 | 33.1k tok/s | cert -7.90→-6.32 | ticks [6.728 6.463 6.031 6.008] | 118M tok | ETA 101.4h
Step  28910 | loss 5.7849 | lr 3.00e-04 | grad 0.73 | 32.8k tok/s | cert -7.24→-5.86 | ticks [6.443 5.678 5.278 5.257] | 118M tok | ETA 101.4h
Step  28920 | loss 5.9296 | lr 3.00e-04 | grad 0.76 | 33.0k tok/s | cert -7.02→-6.37 | ticks [6.909 6.345 5.864 5.842] | 118M tok | ETA 101.4h
Step  28930 | loss 5.9684 | lr 3.00e-04 | grad 0.78 | 32.8k tok/s | cert -7.99→-6.40 | ticks [6.788 6.221 6.089 6.074] | 119M tok | ETA 101.4h
Step  28940 | loss 5.8375 | lr 3.00e-04 | grad 0.71 | 32.5k tok/s | cert -7.14→-6.19 | ticks [6.623 5.984 5.760 5.747] | 119M tok | ETA 101.4h
Step  28950 | loss 5.9368 | lr 3.00e-04 | grad 0.80 | 33.0k tok/s | cert -7.00→-6.36 | ticks [6.648 6.216 5.786 5.756] | 119M tok | ETA 101.3h
Step  28960 | loss 5.9080 | lr 3.00e-04 | grad 0.91 | 32.9k tok/s | cert -7.04→-6.27 | ticks [6.621 6.122 5.786 5.765] | 119M tok | ETA 101.3h
Step  28970 | loss 5.9402 | lr 3.00e-04 | grad 0.71 | 32.7k tok/s | cert -6.31→-6.29 | ticks [6.754 5.992 5.795 5.769] | 119M tok | ETA 101.3h
Step  28980 | loss 5.9870 | lr 3.00e-04 | grad 0.82 | 32.5k tok/s | cert -6.63→-6.21 | ticks [6.852 6.281 5.977 5.963] | 119M tok | ETA 101.3h
Step  28990 | loss 6.0381 | lr 3.00e-04 | grad 0.96 | 32.7k tok/s | cert -7.36→-6.37 | ticks [6.636 6.256 6.115 6.102] | 119M tok | ETA 101.3h
Step  29000 | loss 5.8126 | lr 3.00e-04 | grad 1.02 | 32.7k tok/s | cert -6.68→-6.08 | ticks [6.836 5.978 5.741 5.723] | 119M tok | ETA 101.3h
Step  29010 | loss 5.9423 | lr 3.00e-04 | grad 0.68 | 32.8k tok/s | cert -5.88→-6.20 | ticks [7.235 6.027 5.799 5.782] | 119M tok | ETA 101.3h
Step  29020 | loss 5.8376 | lr 3.00e-04 | grad 1.09 | 32.8k tok/s | cert -7.10→-6.37 | ticks [7.166 6.502 6.347 6.328] | 119M tok | ETA 101.3h
Step  29030 | loss 5.7732 | lr 3.00e-04 | grad 0.71 | 33.0k tok/s | cert -6.81→-6.29 | ticks [6.841 6.035 5.827 5.801] | 119M tok | ETA 101.3h
Step  29040 | loss 5.8939 | lr 3.00e-04 | grad 0.66 | 33.3k tok/s | cert -7.59→-6.13 | ticks [6.647 6.071 5.909 5.894] | 119M tok | ETA 101.3h
Step  29050 | loss 5.7949 | lr 3.00e-04 | grad 1.01 | 33.0k tok/s | cert -7.28→-5.98 | ticks [6.734 6.172 5.883 5.860] | 119M tok | ETA 101.3h
Step  29060 | loss 5.9332 | lr 3.00e-04 | grad 0.83 | 32.7k tok/s | cert -7.15→-7.03 | ticks [7.181 6.940 6.319 6.293] | 119M tok | ETA 101.3h
Step  29070 | loss 5.9866 | lr 3.00e-04 | grad 1.89 | 32.9k tok/s | cert -7.60→-6.80 | ticks [6.705 6.413 5.921 5.904] | 119M tok | ETA 101.3h
Step  29080 | loss 5.8019 | lr 3.00e-04 | grad 0.76 | 32.8k tok/s | cert -6.45→-6.22 | ticks [6.880 6.018 5.773 5.753] | 119M tok | ETA 101.3h
Step  29090 | loss 5.8911 | lr 3.00e-04 | grad 0.72 | 32.6k tok/s | cert -6.85→-6.15 | ticks [6.540 5.868 5.660 5.633] | 119M tok | ETA 101.3h
Step  29100 | loss 5.8715 | lr 3.00e-04 | grad 1.05 | 32.9k tok/s | cert -7.76→-6.12 | ticks [6.530 6.205 5.856 5.836] | 119M tok | ETA 101.3h
Step  29110 | loss 5.8837 | lr 3.00e-04 | grad 0.91 | 32.6k tok/s | cert -7.55→-6.30 | ticks [6.641 6.153 5.925 5.913] | 119M tok | ETA 101.3h
Step  29120 | loss 5.9056 | lr 3.00e-04 | grad 0.78 | 32.9k tok/s | cert -7.07→-6.09 | ticks [6.513 6.035 5.766 5.747] | 119M tok | ETA 101.3h
Step  29130 | loss 5.9624 | lr 3.00e-04 | grad 0.77 | 32.8k tok/s | cert -6.85→-6.05 | ticks [6.501 5.900 5.587 5.569] | 119M tok | ETA 101.3h
Step  29140 | loss 5.8924 | lr 3.00e-04 | grad 0.98 | 32.8k tok/s | cert -7.79→-6.58 | ticks [6.912 6.428 6.128 6.113] | 119M tok | ETA 101.3h
Step  29150 | loss 5.9956 | lr 3.00e-04 | grad 1.34 | 32.9k tok/s | cert -6.57→-6.64 | ticks [7.189 6.464 6.047 6.046] | 119M tok | ETA 101.3h
Step  29160 | loss 5.8094 | lr 3.00e-04 | grad 0.71 | 32.5k tok/s | cert -6.94→-6.30 | ticks [6.756 6.059 5.878 5.868] | 119M tok | ETA 101.3h
Step  29170 | loss 5.9617 | lr 3.00e-04 | grad 0.88 | 32.8k tok/s | cert -7.83→-6.49 | ticks [6.671 6.060 5.848 5.820] | 119M tok | ETA 101.3h
Step  29180 | loss 5.7865 | lr 3.00e-04 | grad 0.68 | 32.7k tok/s | cert -7.10→-6.06 | ticks [6.494 5.882 5.582 5.560] | 120M tok | ETA 101.3h
Step  29190 | loss 5.9360 | lr 3.00e-04 | grad 1.23 | 32.4k tok/s | cert -7.78→-7.15 | ticks [6.795 6.556 6.347 6.342] | 120M tok | ETA 101.3h
Step  29200 | loss 5.8629 | lr 3.00e-04 | grad 0.79 | 32.9k tok/s | cert -7.79→-5.90 | ticks [6.348 5.786 5.494 5.467] | 120M tok | ETA 101.3h
Step  29210 | loss 5.9177 | lr 3.00e-04 | grad 1.16 | 32.9k tok/s | cert -8.29→-7.03 | ticks [6.821 6.410 6.274 6.253] | 120M tok | ETA 101.3h
Step  29220 | loss 5.9304 | lr 3.00e-04 | grad 1.43 | 32.6k tok/s | cert -7.96→-6.62 | ticks [6.435 6.244 5.933 5.916] | 120M tok | ETA 101.3h
Step  29230 | loss 5.8682 | lr 3.00e-04 | grad 0.77 | 32.5k tok/s | cert -7.50→-6.32 | ticks [6.760 6.427 6.102 6.080] | 120M tok | ETA 101.3h
Step  29240 | loss 5.9899 | lr 3.00e-04 | grad 0.72 | 32.7k tok/s | cert -6.55→-6.05 | ticks [6.731 5.875 5.659 5.639] | 120M tok | ETA 101.3h
Step  29250 | loss 5.9011 | lr 3.00e-04 | grad 0.78 | 32.8k tok/s | cert -6.57→-6.24 | ticks [6.702 6.153 5.800 5.781] | 120M tok | ETA 101.3h
Step  29260 | loss 5.8737 | lr 3.00e-04 | grad 1.00 | 32.5k tok/s | cert -6.63→-6.27 | ticks [6.996 6.387 6.027 6.005] | 120M tok | ETA 101.3h
Step  29270 | loss 5.8882 | lr 3.00e-04 | grad 0.83 | 32.8k tok/s | cert -7.21→-6.71 | ticks [7.160 6.638 6.376 6.358] | 120M tok | ETA 101.3h
Step  29280 | loss 6.0231 | lr 3.00e-04 | grad 0.64 | 33.0k tok/s | cert -7.31→-6.26 | ticks [6.578 6.062 5.855 5.841] | 120M tok | ETA 101.3h
Step  29290 | loss 5.8122 | lr 3.00e-04 | grad 0.81 | 33.0k tok/s | cert -7.29→-6.33 | ticks [6.541 6.163 5.806 5.776] | 120M tok | ETA 101.3h
Step  29300 | loss 5.9406 | lr 3.00e-04 | grad 0.76 | 32.8k tok/s | cert -6.49→-6.12 | ticks [6.736 5.821 5.719 5.710] | 120M tok | ETA 101.3h
Step  29310 | loss 5.8013 | lr 3.00e-04 | grad 0.84 | 32.5k tok/s | cert -7.30→-6.32 | ticks [6.784 6.146 5.887 5.874] | 120M tok | ETA 101.3h
Step  29320 | loss 5.8288 | lr 3.00e-04 | grad 0.91 | 33.0k tok/s | cert -7.23→-6.20 | ticks [6.682 6.285 5.986 5.967] | 120M tok | ETA 101.3h
Step  29330 | loss 5.7935 | lr 3.00e-04 | grad 1.08 | 32.9k tok/s | cert -5.63→-5.79 | ticks [6.426 5.255 5.106 5.094] | 120M tok | ETA 101.3h
Step  29340 | loss 6.0251 | lr 3.00e-04 | grad 0.79 | 33.1k tok/s | cert -7.67→-6.23 | ticks [6.558 6.029 5.905 5.878] | 120M tok | ETA 101.3h
Step  29350 | loss 5.9325 | lr 3.00e-04 | grad 0.73 | 32.6k tok/s | cert -7.42→-6.07 | ticks [6.583 6.100 5.743 5.720] | 120M tok | ETA 101.3h
Step  29360 | loss 5.8252 | lr 3.00e-04 | grad 1.27 | 32.7k tok/s | cert -3.12→-5.70 | ticks [7.666 5.791 5.673 5.664] | 120M tok | ETA 101.3h
Step  29370 | loss 5.7908 | lr 3.00e-04 | grad 0.84 | 32.8k tok/s | cert -4.23→-6.02 | ticks [7.186 5.714 5.606 5.586] | 120M tok | ETA 101.3h
Step  29380 | loss 5.6293 | lr 3.00e-04 | grad 0.77 | 32.7k tok/s | cert -6.77→-5.34 | ticks [5.965 5.149 5.042 5.027] | 120M tok | ETA 101.3h
Step  29390 | loss 5.4504 | lr 3.00e-04 | grad 0.66 | 33.0k tok/s | cert -7.23→-5.52 | ticks [5.816 5.112 4.988 4.968] | 120M tok | ETA 101.3h
Step  29400 | loss 5.6032 | lr 3.00e-04 | grad 0.74 | 32.7k tok/s | cert -6.37→-5.32 | ticks [5.964 5.171 5.007 4.993] | 120M tok | ETA 101.3h
Step  29410 | loss 5.5490 | lr 3.00e-04 | grad 0.72 | 32.4k tok/s | cert -6.47→-6.20 | ticks [6.762 5.995 5.745 5.722] | 120M tok | ETA 101.3h
Step  29420 | loss 5.9344 | lr 3.00e-04 | grad 0.72 | 33.1k tok/s | cert -7.37→-6.37 | ticks [6.752 6.321 6.150 6.130] | 121M tok | ETA 101.3h
Step  29430 | loss 6.1053 | lr 3.00e-04 | grad 0.80 | 32.8k tok/s | cert -7.88→-6.34 | ticks [6.518 6.119 5.986 5.979] | 121M tok | ETA 101.3h
Step  29440 | loss 5.9165 | lr 3.00e-04 | grad 0.92 | 32.9k tok/s | cert -7.45→-6.52 | ticks [6.907 6.297 5.987 5.977] | 121M tok | ETA 101.3h
Step  29450 | loss 5.8901 | lr 3.00e-04 | grad 1.19 | 32.9k tok/s | cert -6.42→-6.17 | ticks [6.756 5.878 5.746 5.729] | 121M tok | ETA 101.3h
Step  29460 | loss 5.8260 | lr 3.00e-04 | grad 0.87 | 33.0k tok/s | cert -7.77→-6.23 | ticks [6.552 6.218 5.826 5.805] | 121M tok | ETA 101.3h
Step  29470 | loss 5.8196 | lr 3.00e-04 | grad 0.78 | 32.9k tok/s | cert -7.94→-6.38 | ticks [7.115 6.203 5.910 5.889] | 121M tok | ETA 101.3h
Step  29480 | loss 6.0770 | lr 3.00e-04 | grad 0.82 | 32.4k tok/s | cert -7.48→-6.57 | ticks [7.243 6.532 6.322 6.312] | 121M tok | ETA 101.3h
Step  29490 | loss 5.8569 | lr 3.00e-04 | grad 0.68 | 32.9k tok/s | cert -7.61→-6.25 | ticks [6.713 6.270 5.945 5.932] | 121M tok | ETA 101.3h
Step  29500 | loss 5.9511 | lr 3.00e-04 | grad 0.69 | 32.8k tok/s | cert -7.26→-6.20 | ticks [6.689 6.160 5.738 5.721] | 121M tok | ETA 101.3h
Step  29510 | loss 5.9102 | lr 3.00e-04 | grad 0.80 | 32.8k tok/s | cert -7.17→-6.27 | ticks [6.847 6.301 6.103 6.092] | 121M tok | ETA 101.3h
Step  29520 | loss 5.9168 | lr 3.00e-04 | grad 1.03 | 32.6k tok/s | cert -8.07→-6.90 | ticks [7.041 6.892 6.332 6.309] | 121M tok | ETA 101.3h
Step  29530 | loss 6.0556 | lr 3.00e-04 | grad 1.27 | 32.9k tok/s | cert -6.66→-6.56 | ticks [7.066 6.296 5.959 5.942] | 121M tok | ETA 101.3h
Step  29540 | loss 5.9650 | lr 3.00e-04 | grad 0.71 | 32.7k tok/s | cert -7.08→-6.42 | ticks [6.750 6.365 5.949 5.929] | 121M tok | ETA 101.3h
Step  29550 | loss 5.8248 | lr 3.00e-04 | grad 1.12 | 32.6k tok/s | cert -7.17→-6.49 | ticks [6.681 6.124 5.859 5.847] | 121M tok | ETA 101.3h
Step  29560 | loss 5.9024 | lr 3.00e-04 | grad 1.06 | 32.7k tok/s | cert -7.62→-6.47 | ticks [6.559 6.343 5.766 5.741] | 121M tok | ETA 101.3h
Step  29570 | loss 5.8857 | lr 3.00e-04 | grad 0.69 | 32.4k tok/s | cert -7.48→-6.18 | ticks [6.541 5.879 5.594 5.567] | 121M tok | ETA 101.3h
Step  29580 | loss 5.8455 | lr 3.00e-04 | grad 0.93 | 32.7k tok/s | cert -7.46→-6.36 | ticks [7.029 6.275 5.998 5.966] | 121M tok | ETA 101.3h
Step  29590 | loss 5.9275 | lr 3.00e-04 | grad 1.09 | 32.7k tok/s | cert -6.76→-6.37 | ticks [6.612 6.227 5.976 5.966] | 121M tok | ETA 101.3h
Step  29600 | loss 5.9329 | lr 3.00e-04 | grad 0.76 | 32.9k tok/s | cert -7.26→-6.29 | ticks [6.584 6.180 5.822 5.804] | 121M tok | ETA 101.3h
Step  29610 | loss 5.9036 | lr 3.00e-04 | grad 0.86 | 32.4k tok/s | cert -6.89→-6.07 | ticks [6.570 5.956 5.723 5.713] | 121M tok | ETA 101.3h
Step  29620 | loss 6.0110 | lr 3.00e-04 | grad 1.07 | 33.0k tok/s | cert -7.78→-6.90 | ticks [6.710 6.871 6.263 6.235] | 121M tok | ETA 101.3h
Step  29630 | loss 6.1423 | lr 3.00e-04 | grad 1.24 | 32.5k tok/s | cert -8.46→-6.99 | ticks [6.881 6.607 6.320 6.300] | 121M tok | ETA 101.3h
Step  29640 | loss 5.9550 | lr 3.00e-04 | grad 0.86 | 32.7k tok/s | cert -5.74→-6.67 | ticks [7.384 6.467 6.142 6.122] | 121M tok | ETA 101.3h
Step  29650 | loss 6.0683 | lr 3.00e-04 | grad 0.97 | 33.0k tok/s | cert -6.92→-7.12 | ticks [7.135 6.848 6.184 6.158] | 121M tok | ETA 101.3h
Step  29660 | loss 6.0740 | lr 3.00e-04 | grad 0.82 | 33.1k tok/s | cert -5.91→-6.44 | ticks [6.807 6.025 5.887 5.876] | 121M tok | ETA 101.3h
Step  29670 | loss 5.8514 | lr 3.00e-04 | grad 1.05 | 32.9k tok/s | cert -8.06→-6.37 | ticks [6.359 5.857 5.687 5.669] | 122M tok | ETA 101.3h
Step  29680 | loss 5.9361 | lr 3.00e-04 | grad 0.87 | 33.2k tok/s | cert -7.93→-6.29 | ticks [6.557 6.427 5.983 5.967] | 122M tok | ETA 101.3h
Step  29690 | loss 5.8731 | lr 3.00e-04 | grad 1.04 | 32.5k tok/s | cert -7.83→-6.59 | ticks [6.881 6.519 6.348 6.325] | 122M tok | ETA 101.3h
Step  29700 | loss 6.0721 | lr 3.00e-04 | grad 0.83 | 32.2k tok/s | cert -7.80→-6.66 | ticks [6.683 6.532 6.044 6.028] | 122M tok | ETA 101.3h
Step  29710 | loss 5.9565 | lr 3.00e-04 | grad 0.77 | 32.8k tok/s | cert -6.69→-6.22 | ticks [6.901 6.318 5.879 5.855] | 122M tok | ETA 101.3h
Step  29720 | loss 5.8882 | lr 3.00e-04 | grad 0.73 | 32.7k tok/s | cert -7.61→-6.27 | ticks [6.503 6.125 5.845 5.827] | 122M tok | ETA 101.2h
Step  29730 | loss 6.0187 | lr 3.00e-04 | grad 0.86 | 32.8k tok/s | cert -7.29→-6.44 | ticks [6.666 6.218 6.019 6.006] | 122M tok | ETA 101.2h
Step  29740 | loss 5.9192 | lr 3.00e-04 | grad 0.75 | 32.6k tok/s | cert -7.49→-6.11 | ticks [6.498 5.936 5.704 5.694] | 122M tok | ETA 101.2h
Step  29750 | loss 5.9018 | lr 3.00e-04 | grad 1.03 | 32.2k tok/s | cert -7.87→-6.54 | ticks [6.545 6.487 5.886 5.868] | 122M tok | ETA 101.2h
Step  29760 | loss 5.9254 | lr 3.00e-04 | grad 1.07 | 32.7k tok/s | cert -8.00→-6.94 | ticks [6.746 6.744 6.167 6.137] | 122M tok | ETA 101.2h
Step  29770 | loss 5.8749 | lr 3.00e-04 | grad 0.78 | 33.0k tok/s | cert -7.46→-6.58 | ticks [6.784 6.324 6.025 6.012] | 122M tok | ETA 101.2h
Step  29780 | loss 5.8696 | lr 3.00e-04 | grad 1.05 | 33.0k tok/s | cert -7.43→-6.43 | ticks [6.836 6.627 6.285 6.250] | 122M tok | ETA 101.2h
Step  29790 | loss 5.7661 | lr 3.00e-04 | grad 0.71 | 33.1k tok/s | cert -7.62→-6.29 | ticks [6.555 6.111 5.856 5.838] | 122M tok | ETA 101.2h
Step  29800 | loss 5.8489 | lr 3.00e-04 | grad 1.01 | 32.8k tok/s | cert -7.90→-6.34 | ticks [6.676 6.131 5.959 5.948] | 122M tok | ETA 101.2h
Step  29810 | loss 6.0309 | lr 3.00e-04 | grad 1.18 | 32.4k tok/s | cert -7.40→-6.50 | ticks [6.716 6.181 5.940 5.931] | 122M tok | ETA 101.2h
Step  29820 | loss 6.1674 | lr 3.00e-04 | grad 0.70 | 32.5k tok/s | cert -7.39→-6.48 | ticks [6.740 6.403 5.983 5.961] | 122M tok | ETA 101.2h
Step  29830 | loss 5.8354 | lr 3.00e-04 | grad 1.02 | 32.7k tok/s | cert -7.42→-6.66 | ticks [6.832 6.603 6.127 6.114] | 122M tok | ETA 101.2h
Step  29840 | loss 5.9574 | lr 3.00e-04 | grad 0.90 | 32.9k tok/s | cert -4.80→-6.50 | ticks [7.578 6.708 6.193 6.172] | 122M tok | ETA 101.2h
Step  29850 | loss 5.9162 | lr 3.00e-04 | grad 0.89 | 33.2k tok/s | cert -6.50→-6.22 | ticks [6.716 6.024 5.853 5.841] | 122M tok | ETA 101.2h
Step  29860 | loss 5.8668 | lr 3.00e-04 | grad 0.77 | 32.9k tok/s | cert -6.51→-6.27 | ticks [6.724 6.192 5.645 5.630] | 122M tok | ETA 101.2h
Step  29870 | loss 5.7523 | lr 3.00e-04 | grad 1.13 | 32.4k tok/s | cert -6.70→-6.13 | ticks [6.655 5.895 5.598 5.581] | 122M tok | ETA 101.2h
Step  29880 | loss 5.8800 | lr 3.00e-04 | grad 0.78 | 32.2k tok/s | cert -6.91→-6.39 | ticks [6.777 6.194 5.811 5.792] | 122M tok | ETA 101.2h
Step  29890 | loss 5.9645 | lr 3.00e-04 | grad 1.46 | 32.9k tok/s | cert -4.38→-7.43 | ticks [8.551 7.403 6.769 6.746] | 122M tok | ETA 101.2h
Step  29900 | loss 5.9982 | lr 3.00e-04 | grad 1.26 | 32.8k tok/s | cert -7.14→-6.46 | ticks [7.218 6.664 6.348 6.335] | 122M tok | ETA 101.2h
Step  29910 | loss 5.9566 | lr 3.00e-04 | grad 1.08 | 32.6k tok/s | cert -7.53→-6.58 | ticks [6.749 6.090 6.006 5.990] | 123M tok | ETA 101.2h
Step  29920 | loss 5.9892 | lr 3.00e-04 | grad 0.76 | 33.0k tok/s | cert -7.58→-6.50 | ticks [7.062 6.536 6.055 6.038] | 123M tok | ETA 101.2h
Step  29930 | loss 5.9691 | lr 3.00e-04 | grad 1.13 | 32.7k tok/s | cert -7.97→-6.70 | ticks [6.667 6.430 6.054 6.038] | 123M tok | ETA 101.2h
Step  29940 | loss 5.7639 | lr 3.00e-04 | grad 0.75 | 32.9k tok/s | cert -7.57→-6.26 | ticks [6.607 6.078 5.629 5.612] | 123M tok | ETA 101.2h
Step  29950 | loss 5.9317 | lr 3.00e-04 | grad 0.86 | 32.8k tok/s | cert -7.62→-6.42 | ticks [6.749 6.312 6.177 6.168] | 123M tok | ETA 101.2h
Step  29960 | loss 5.9566 | lr 3.00e-04 | grad 0.78 | 33.0k tok/s | cert -6.91→-6.06 | ticks [6.758 6.137 5.817 5.795] | 123M tok | ETA 101.2h
Step  29970 | loss 5.9082 | lr 3.00e-04 | grad 0.96 | 33.1k tok/s | cert -7.80→-6.41 | ticks [6.782 6.693 6.075 6.051] | 123M tok | ETA 101.2h
Step  29980 | loss 5.9845 | lr 3.00e-04 | grad 0.68 | 32.8k tok/s | cert -7.69→-6.19 | ticks [6.516 6.121 5.742 5.731] | 123M tok | ETA 101.2h
Step  29990 | loss 5.8945 | lr 3.00e-04 | grad 0.82 | 33.1k tok/s | cert -7.44→-6.37 | ticks [6.670 5.909 5.698 5.670] | 123M tok | ETA 101.2h
Step  30000 | loss 5.8344 | lr 3.00e-04 | grad 0.77 | 32.8k tok/s | cert -7.15→-6.25 | ticks [6.534 6.210 5.838 5.818] | 123M tok | ETA 101.2h
'[Errno 9] Bad file descriptor' thrown while requesting GET https://huggingface.co/datasets/HuggingFaceFW/fineweb-edu/resolve/87f09149ef4734204d70ed1d046ddc9ca3f2b8f9/sample/10BT/000_00000.parquet

  >>> Eval loss: 6.5268 (best: 6.5820)
  >>> Saved best checkpoint at step 30000
  >>> Sample: 'The most important thing to understand about science is' → ' very few years are often are very different are a lot in their lives in terms in many other in the real world can now.
Most others in those that are also one in that we are more that in and even in which in in'

Step  30010 | loss 6.0129 | lr 3.00e-04 | grad 1.09 | 32.6k tok/s | cert -7.00→-6.49 | ticks [6.880 6.520 5.886 5.868] | 123M tok | ETA 101.6h
Step  30020 | loss 6.0305 | lr 3.00e-04 | grad 0.72 | 33.0k tok/s | cert -7.13→-6.33 | ticks [6.831 6.197 6.010 5.992] | 123M tok | ETA 101.6h
Step  30030 | loss 5.9838 | lr 3.00e-04 | grad 0.77 | 33.0k tok/s | cert -6.65→-6.65 | ticks [7.111 6.315 6.209 6.194] | 123M tok | ETA 101.6h
Step  30040 | loss 5.8754 | lr 3.00e-04 | grad 0.79 | 32.9k tok/s | cert -7.84→-6.29 | ticks [6.771 6.330 6.016 6.000] | 123M tok | ETA 101.6h
Step  30050 | loss 5.9493 | lr 3.00e-04 | grad 0.95 | 33.1k tok/s | cert -6.95→-5.91 | ticks [6.595 6.005 5.757 5.745] | 123M tok | ETA 101.6h
Step  30060 | loss 6.0136 | lr 3.00e-04 | grad 0.90 | 32.8k tok/s | cert -7.26→-6.02 | ticks [6.521 6.227 5.832 5.818] | 123M tok | ETA 101.6h
Step  30070 | loss 6.0674 | lr 3.00e-04 | grad 1.17 | 32.8k tok/s | cert -8.18→-6.59 | ticks [6.502 6.473 5.650 5.619] | 123M tok | ETA 101.6h
Step  30080 | loss 5.8632 | lr 3.00e-04 | grad 0.85 | 32.9k tok/s | cert -7.25→-5.99 | ticks [6.560 6.004 5.743 5.730] | 123M tok | ETA 101.6h
Step  30090 | loss 5.9817 | lr 3.00e-04 | grad 1.48 | 32.7k tok/s | cert -7.82→-6.65 | ticks [7.321 6.812 6.592 6.577] | 123M tok | ETA 101.6h
Step  30100 | loss 6.0059 | lr 3.00e-04 | grad 0.91 | 32.9k tok/s | cert -6.33→-6.67 | ticks [7.383 6.633 6.147 6.124] | 123M tok | ETA 101.6h
Step  30110 | loss 5.9910 | lr 3.00e-04 | grad 0.70 | 32.9k tok/s | cert -7.28→-6.24 | ticks [6.614 6.217 5.786 5.767] | 123M tok | ETA 101.6h
Step  30120 | loss 5.9167 | lr 3.00e-04 | grad 1.28 | 32.7k tok/s | cert -6.58→-5.98 | ticks [7.156 6.216 6.037 6.024] | 123M tok | ETA 101.6h
Step  30130 | loss 6.2034 | lr 3.00e-04 | grad 0.99 | 32.6k tok/s | cert -7.18→-6.57 | ticks [6.690 6.234 6.047 6.035] | 123M tok | ETA 101.6h
Step  30140 | loss 5.9224 | lr 3.00e-04 | grad 0.70 | 32.9k tok/s | cert -7.92→-6.38 | ticks [6.650 6.179 5.867 5.850] | 123M tok | ETA 101.6h
Step  30150 | loss 5.9929 | lr 3.00e-04 | grad 0.88 | 33.0k tok/s | cert -7.65→-6.38 | ticks [6.696 6.305 5.957 5.945] | 123M tok | ETA 101.6h
Step  30160 | loss 5.8556 | lr 3.00e-04 | grad 0.68 | 32.9k tok/s | cert -7.43→-6.17 | ticks [6.680 6.028 5.745 5.729] | 124M tok | ETA 101.6h
Step  30170 | loss 5.9700 | lr 3.00e-04 | grad 0.70 | 32.5k tok/s | cert -7.17→-6.28 | ticks [6.745 6.234 6.005 5.986] | 124M tok | ETA 101.6h
Step  30180 | loss 6.1472 | lr 3.00e-04 | grad 0.89 | 32.7k tok/s | cert -6.73→-6.60 | ticks [7.042 6.345 6.192 6.173] | 124M tok | ETA 101.6h
Step  30190 | loss 5.8424 | lr 3.00e-04 | grad 0.72 | 32.9k tok/s | cert -6.67→-6.28 | ticks [6.809 6.330 5.950 5.919] | 124M tok | ETA 101.6h
Step  30200 | loss 5.9881 | lr 3.00e-04 | grad 0.73 | 32.5k tok/s | cert -6.35→-6.63 | ticks [7.322 6.430 6.216 6.200] | 124M tok | ETA 101.6h
Step  30210 | loss 5.8844 | lr 3.00e-04 | grad 0.70 | 32.8k tok/s | cert -7.89→-6.39 | ticks [6.702 6.341 6.094 6.070] | 124M tok | ETA 101.6h
Step  30220 | loss 6.0569 | lr 3.00e-04 | grad 1.41 | 32.8k tok/s | cert -5.33→-6.85 | ticks [7.802 7.141 6.414 6.396] | 124M tok | ETA 101.6h
Step  30230 | loss 5.9249 | lr 3.00e-04 | grad 0.82 | 33.0k tok/s | cert -6.54→-6.08 | ticks [6.531 5.920 5.732 5.717] | 124M tok | ETA 101.6h
Step  30240 | loss 5.9031 | lr 3.00e-04 | grad 0.87 | 33.0k tok/s | cert -6.20→-6.40 | ticks [7.249 6.696 6.040 6.021] | 124M tok | ETA 101.6h
Step  30250 | loss 5.9446 | lr 3.00e-04 | grad 0.81 | 32.7k tok/s | cert -6.69→-6.30 | ticks [6.771 6.113 5.747 5.731] | 124M tok | ETA 101.6h
Step  30260 | loss 5.8191 | lr 3.00e-04 | grad 0.66 | 32.6k tok/s | cert -7.91→-6.22 | ticks [6.779 6.248 5.873 5.861] | 124M tok | ETA 101.6h
Step  30270 | loss 5.9899 | lr 3.00e-04 | grad 1.59 | 32.6k tok/s | cert -7.42→-6.63 | ticks [6.598 6.596 5.930 5.905] | 124M tok | ETA 101.6h
Step  30280 | loss 5.9336 | lr 3.00e-04 | grad 0.84 | 32.9k tok/s | cert -6.86→-5.93 | ticks [6.439 5.890 5.647 5.625] | 124M tok | ETA 101.6h
Step  30290 | loss 5.8838 | lr 3.00e-04 | grad 0.70 | 32.9k tok/s | cert -7.12→-6.27 | ticks [6.633 6.153 5.869 5.841] | 124M tok | ETA 101.6h
Step  30300 | loss 5.9743 | lr 3.00e-04 | grad 1.27 | 32.2k tok/s | cert -7.71→-6.73 | ticks [6.754 6.256 6.111 6.101] | 124M tok | ETA 101.6h
Step  30310 | loss 5.9979 | lr 3.00e-04 | grad 0.77 | 32.8k tok/s | cert -7.66→-6.39 | ticks [6.544 6.324 5.786 5.771] | 124M tok | ETA 101.6h
Step  30320 | loss 5.8151 | lr 3.00e-04 | grad 0.68 | 32.7k tok/s | cert -7.30→-6.18 | ticks [6.652 6.141 5.726 5.705] | 124M tok | ETA 101.6h
Step  30330 | loss 5.8937 | lr 3.00e-04 | grad 0.93 | 32.4k tok/s | cert -7.11→-6.59 | ticks [6.719 6.536 5.941 5.920] | 124M tok | ETA 101.6h
Step  30340 | loss 5.9936 | lr 3.00e-04 | grad 0.91 | 33.1k tok/s | cert -7.14→-6.08 | ticks [6.815 6.210 5.784 5.760] | 124M tok | ETA 101.6h
Step  30350 | loss 6.0352 | lr 3.00e-04 | grad 0.94 | 32.6k tok/s | cert -7.95→-6.48 | ticks [6.749 6.359 5.940 5.918] | 124M tok | ETA 101.6h
Step  30360 | loss 5.9541 | lr 3.00e-04 | grad 1.09 | 33.1k tok/s | cert -7.07→-7.16 | ticks [7.729 7.339 6.626 6.609] | 124M tok | ETA 101.6h
Step  30370 | loss 5.9576 | lr 3.00e-04 | grad 0.68 | 32.7k tok/s | cert -7.64→-6.39 | ticks [6.736 6.255 6.005 5.981] | 124M tok | ETA 101.6h
Step  30380 | loss 6.0247 | lr 3.00e-04 | grad 0.91 | 32.9k tok/s | cert -7.85→-6.74 | ticks [6.858 6.596 6.107 6.087] | 124M tok | ETA 101.6h
Step  30390 | loss 5.9635 | lr 3.00e-04 | grad 0.79 | 32.6k tok/s | cert -7.19→-6.34 | ticks [7.029 6.245 6.042 6.019] | 124M tok | ETA 101.6h
Step  30400 | loss 5.9946 | lr 3.00e-04 | grad 0.87 | 32.4k tok/s | cert -7.89→-6.52 | ticks [6.698 6.122 5.900 5.882] | 125M tok | ETA 101.6h
Step  30410 | loss 5.8932 | lr 3.00e-04 | grad 1.23 | 32.7k tok/s | cert -7.60→-6.47 | ticks [6.538 6.141 5.830 5.816] | 125M tok | ETA 101.6h
Step  30420 | loss 5.9698 | lr 3.00e-04 | grad 0.80 | 32.6k tok/s | cert -7.22→-6.23 | ticks [6.600 6.200 5.625 5.601] | 125M tok | ETA 101.6h
Step  30430 | loss 5.8874 | lr 3.00e-04 | grad 0.77 | 32.6k tok/s | cert -7.75→-6.24 | ticks [6.888 5.961 5.776 5.759] | 125M tok | ETA 101.6h
Step  30440 | loss 5.8071 | lr 3.00e-04 | grad 1.30 | 32.6k tok/s | cert -7.87→-6.49 | ticks [6.563 6.489 5.913 5.889] | 125M tok | ETA 101.6h
Step  30450 | loss 5.9381 | lr 3.00e-04 | grad 0.71 | 32.9k tok/s | cert -6.60→-6.18 | ticks [6.603 6.152 5.717 5.693] | 125M tok | ETA 101.6h
Step  30460 | loss 5.9038 | lr 3.00e-04 | grad 1.30 | 32.8k tok/s | cert -7.47→-6.52 | ticks [6.667 6.530 6.080 6.061] | 125M tok | ETA 101.6h
Step  30470 | loss 6.0381 | lr 3.00e-04 | grad 1.51 | 33.0k tok/s | cert -7.32→-7.11 | ticks [7.480 7.064 6.536 6.517] | 125M tok | ETA 101.6h
Step  30480 | loss 6.0145 | lr 3.00e-04 | grad 0.80 | 32.7k tok/s | cert -7.18→-6.63 | ticks [7.012 6.665 6.233 6.215] | 125M tok | ETA 101.5h
Step  30490 | loss 6.0726 | lr 3.00e-04 | grad 1.44 | 32.6k tok/s | cert -7.97→-6.98 | ticks [6.874 6.599 6.467 6.451] | 125M tok | ETA 101.5h
Step  30500 | loss 5.8373 | lr 3.00e-04 | grad 0.83 | 33.0k tok/s | cert -7.26→-6.26 | ticks [7.001 6.102 5.888 5.869] | 125M tok | ETA 101.5h
Step  30510 | loss 5.9522 | lr 3.00e-04 | grad 0.83 | 32.7k tok/s | cert -7.97→-6.57 | ticks [6.936 6.475 6.316 6.298] | 125M tok | ETA 101.5h
Step  30520 | loss 5.8042 | lr 3.00e-04 | grad 0.79 | 32.3k tok/s | cert -6.88→-6.26 | ticks [6.592 6.024 5.844 5.828] | 125M tok | ETA 101.5h
Step  30530 | loss 5.8438 | lr 3.00e-04 | grad 0.74 | 32.7k tok/s | cert -7.17→-6.34 | ticks [6.539 6.101 5.695 5.676] | 125M tok | ETA 101.5h
Step  30540 | loss 6.0522 | lr 3.00e-04 | grad 0.80 | 32.8k tok/s | cert -7.53→-6.46 | ticks [6.779 6.479 6.096 6.076] | 125M tok | ETA 101.5h
Step  30550 | loss 5.8006 | lr 3.00e-04 | grad 1.14 | 32.9k tok/s | cert -7.19→-5.97 | ticks [6.421 6.056 5.877 5.859] | 125M tok | ETA 101.5h
Step  30560 | loss 5.9695 | lr 3.00e-04 | grad 1.09 | 32.5k tok/s | cert -7.32→-6.37 | ticks [6.682 6.270 5.956 5.934] | 125M tok | ETA 101.5h
Step  30570 | loss 5.9305 | lr 3.00e-04 | grad 0.82 | 32.3k tok/s | cert -7.15→-6.16 | ticks [6.689 6.245 5.986 5.973] | 125M tok | ETA 101.5h
Step  30580 | loss 5.9064 | lr 3.00e-04 | grad 0.91 | 32.6k tok/s | cert -7.49→-6.11 | ticks [6.559 6.241 5.810 5.790] | 125M tok | ETA 101.5h
Step  30590 | loss 5.8717 | lr 3.00e-04 | grad 0.87 | 32.2k tok/s | cert -8.09→-6.29 | ticks [6.625 6.032 5.904 5.891] | 125M tok | ETA 101.5h
Step  30600 | loss 5.9842 | lr 3.00e-04 | grad 0.78 | 32.9k tok/s | cert -7.82→-6.38 | ticks [6.909 6.348 6.121 6.100] | 125M tok | ETA 101.5h
Step  30610 | loss 5.8047 | lr 3.00e-04 | grad 0.70 | 32.8k tok/s | cert -7.54→-6.06 | ticks [6.556 6.098 5.756 5.736] | 125M tok | ETA 101.5h
Step  30620 | loss 5.9057 | lr 3.00e-04 | grad 1.06 | 32.7k tok/s | cert -6.64→-6.50 | ticks [7.285 6.312 6.136 6.123] | 125M tok | ETA 101.5h
Step  30630 | loss 5.8606 | lr 3.00e-04 | grad 0.79 | 32.9k tok/s | cert -6.77→-6.51 | ticks [7.111 6.487 5.990 5.956] | 125M tok | ETA 101.5h
Step  30640 | loss 6.0459 | lr 3.00e-04 | grad 0.98 | 32.9k tok/s | cert -8.23→-6.89 | ticks [7.075 6.780 6.370 6.350] | 126M tok | ETA 101.5h
Step  30650 | loss 5.8777 | lr 3.00e-04 | grad 0.78 | 32.8k tok/s | cert -7.57→-5.83 | ticks [6.497 5.531 5.358 5.343] | 126M tok | ETA 101.5h
Step  30660 | loss 5.7022 | lr 3.00e-04 | grad 1.16 | 32.4k tok/s | cert -6.98→-5.58 | ticks [6.376 5.743 5.581 5.563] | 126M tok | ETA 101.5h
Step  30670 | loss 5.8091 | lr 3.00e-04 | grad 1.16 | 32.9k tok/s | cert -6.84→-6.03 | ticks [6.922 6.027 5.931 5.912] | 126M tok | ETA 101.5h
Step  30680 | loss 5.8333 | lr 3.00e-04 | grad 0.79 | 32.8k tok/s | cert -7.63→-6.52 | ticks [6.980 6.249 6.135 6.114] | 126M tok | ETA 101.5h
Step  30690 | loss 5.9905 | lr 3.00e-04 | grad 1.13 | 32.7k tok/s | cert -6.87→-6.57 | ticks [6.937 6.564 6.249 6.230] | 126M tok | ETA 101.5h
Step  30700 | loss 6.0397 | lr 3.00e-04 | grad 0.78 | 32.8k tok/s | cert -7.70→-6.19 | ticks [6.485 6.071 5.750 5.736] | 126M tok | ETA 101.5h
Step  30710 | loss 6.0699 | lr 3.00e-04 | grad 0.77 | 32.9k tok/s | cert -7.61→-6.17 | ticks [6.702 6.230 5.966 5.948] | 126M tok | ETA 101.5h
Step  30720 | loss 5.9221 | lr 3.00e-04 | grad 0.73 | 32.6k tok/s | cert -6.11→-6.39 | ticks [7.184 6.234 5.968 5.948] | 126M tok | ETA 101.5h
Step  30730 | loss 5.9540 | lr 3.00e-04 | grad 1.41 | 32.6k tok/s | cert -7.64→-6.43 | ticks [6.556 6.070 5.663 5.646] | 126M tok | ETA 101.5h
Step  30740 | loss 5.8908 | lr 3.00e-04 | grad 0.90 | 32.8k tok/s | cert -7.99→-6.49 | ticks [6.706 6.557 5.970 5.948] | 126M tok | ETA 101.5h
Step  30750 | loss 5.8893 | lr 3.00e-04 | grad 0.77 | 32.8k tok/s | cert -8.09→-6.02 | ticks [6.517 5.952 5.644 5.621] | 126M tok | ETA 101.5h
Step  30760 | loss 5.7601 | lr 3.00e-04 | grad 1.11 | 32.9k tok/s | cert -7.82→-6.18 | ticks [6.812 6.392 5.909 5.888] | 126M tok | ETA 101.5h
Step  30770 | loss 5.9372 | lr 3.00e-04 | grad 1.20 | 32.6k tok/s | cert -7.51→-6.39 | ticks [6.635 6.604 5.884 5.850] | 126M tok | ETA 101.5h
Step  30780 | loss 5.9548 | lr 3.00e-04 | grad 0.98 | 32.9k tok/s | cert -6.58→-6.04 | ticks [6.695 6.112 5.762 5.733] | 126M tok | ETA 101.5h
Step  30790 | loss 5.8711 | lr 3.00e-04 | grad 0.76 | 33.0k tok/s | cert -7.57→-6.23 | ticks [6.547 5.977 5.673 5.648] | 126M tok | ETA 101.5h
Step  30800 | loss 5.9465 | lr 3.00e-04 | grad 1.17 | 32.9k tok/s | cert -7.02→-6.37 | ticks [6.724 5.894 5.625 5.607] | 126M tok | ETA 101.5h
Step  30810 | loss 5.8484 | lr 3.00e-04 | grad 0.94 | 32.4k tok/s | cert -7.61→-6.32 | ticks [6.567 6.127 5.730 5.715] | 126M tok | ETA 101.5h
Step  30820 | loss 5.8974 | lr 3.00e-04 | grad 0.77 | 32.8k tok/s | cert -7.59→-6.35 | ticks [6.497 6.165 5.821 5.793] | 126M tok | ETA 101.5h
Step  30830 | loss 5.8276 | lr 3.00e-04 | grad 0.76 | 32.7k tok/s | cert -7.23→-6.12 | ticks [6.592 6.090 5.861 5.845] | 126M tok | ETA 101.5h
Step  30840 | loss 5.8964 | lr 3.00e-04 | grad 0.82 | 32.9k tok/s | cert -7.81→-6.31 | ticks [6.696 6.258 5.845 5.829] | 126M tok | ETA 101.5h
Step  30850 | loss 5.8905 | lr 3.00e-04 | grad 0.94 | 32.9k tok/s | cert -7.94→-6.22 | ticks [6.884 6.161 5.933 5.922] | 126M tok | ETA 101.5h
Step  30860 | loss 5.8005 | lr 3.00e-04 | grad 0.71 | 32.5k tok/s | cert -8.07→-6.20 | ticks [6.742 6.213 5.688 5.659] | 126M tok | ETA 101.5h
Step  30870 | loss 5.8064 | lr 3.00e-04 | grad 0.82 | 33.0k tok/s | cert -7.90→-6.39 | ticks [6.597 6.402 5.946 5.924] | 126M tok | ETA 101.5h
Step  30880 | loss 5.8901 | lr 3.00e-04 | grad 1.42 | 32.7k tok/s | cert -8.33→-6.53 | ticks [6.834 6.008 5.898 5.863] | 126M tok | ETA 101.5h
Step  30890 | loss 5.8628 | lr 3.00e-04 | grad 0.76 | 32.6k tok/s | cert -7.38→-6.20 | ticks [6.686 6.259 5.862 5.842] | 127M tok | ETA 101.5h
Step  30900 | loss 5.8164 | lr 3.00e-04 | grad 0.96 | 32.9k tok/s | cert -7.07→-6.45 | ticks [6.814 6.378 5.943 5.931] | 127M tok | ETA 101.5h
Step  30910 | loss 5.8691 | lr 3.00e-04 | grad 0.89 | 32.7k tok/s | cert -7.98→-6.35 | ticks [6.576 6.186 5.753 5.726] | 127M tok | ETA 101.5h
Step  30920 | loss 5.8780 | lr 3.00e-04 | grad 0.87 | 32.6k tok/s | cert -7.34→-6.46 | ticks [6.787 6.220 5.886 5.865] | 127M tok | ETA 101.5h
Step  30930 | loss 5.9020 | lr 3.00e-04 | grad 0.75 | 32.6k tok/s | cert -7.70→-6.47 | ticks [6.943 6.163 5.977 5.963] | 127M tok | ETA 101.5h
Step  30940 | loss 5.7835 | lr 3.00e-04 | grad 1.13 | 32.3k tok/s | cert -7.09→-6.55 | ticks [6.862 6.342 5.888 5.880] | 127M tok | ETA 101.5h
Step  30950 | loss 5.7678 | lr 3.00e-04 | grad 0.89 | 32.8k tok/s | cert -6.64→-6.30 | ticks [6.996 6.101 5.820 5.794] | 127M tok | ETA 101.5h
Step  30960 | loss 5.8704 | lr 3.00e-04 | grad 0.91 | 32.7k tok/s | cert -7.71→-6.08 | ticks [6.685 5.969 5.837 5.824] | 127M tok | ETA 101.5h
Step  30970 | loss 5.9126 | lr 3.00e-04 | grad 1.05 | 32.7k tok/s | cert -8.03→-6.50 | ticks [6.548 6.135 5.982 5.967] | 127M tok | ETA 101.5h
Step  30980 | loss 5.8845 | lr 3.00e-04 | grad 1.31 | 32.4k tok/s | cert -7.11→-6.03 | ticks [6.570 6.117 5.785 5.767] | 127M tok | ETA 101.5h
Step  30990 | loss 5.8436 | lr 3.00e-04 | grad 0.70 | 32.7k tok/s | cert -6.93→-6.16 | ticks [6.798 5.849 5.630 5.616] | 127M tok | ETA 101.5h
Step  31000 | loss 5.9035 | lr 3.00e-04 | grad 0.90 | 32.7k tok/s | cert -7.15→-6.16 | ticks [6.687 6.115 5.802 5.773] | 127M tok | ETA 101.5h
Step  31010 | loss 5.9279 | lr 3.00e-04 | grad 0.74 | 32.7k tok/s | cert -7.78→-6.30 | ticks [6.841 6.157 5.897 5.883] | 127M tok | ETA 101.5h
Step  31020 | loss 5.7982 | lr 3.00e-04 | grad 0.95 | 32.9k tok/s | cert -7.30→-5.97 | ticks [6.603 6.009 5.714 5.694] | 127M tok | ETA 101.5h
Step  31030 | loss 5.9634 | lr 3.00e-04 | grad 1.25 | 32.8k tok/s | cert -7.21→-5.97 | ticks [6.348 6.276 5.875 5.862] | 127M tok | ETA 101.5h
Step  31040 | loss 5.8542 | lr 3.00e-04 | grad 0.98 | 33.1k tok/s | cert -7.76→-6.41 | ticks [6.761 6.310 5.863 5.841] | 127M tok | ETA 101.5h
Step  31050 | loss 5.8586 | lr 3.00e-04 | grad 1.02 | 32.7k tok/s | cert -7.42→-6.30 | ticks [6.847 6.055 5.745 5.732] | 127M tok | ETA 101.5h
Step  31060 | loss 5.9409 | lr 3.00e-04 | grad 0.89 | 32.9k tok/s | cert -8.27→-6.35 | ticks [6.838 6.343 6.050 6.039] | 127M tok | ETA 101.5h
Step  31070 | loss 5.8005 | lr 3.00e-04 | grad 1.23 | 32.5k tok/s | cert -6.78→-6.15 | ticks [7.017 6.290 5.946 5.923] | 127M tok | ETA 101.5h
Step  31080 | loss 5.9024 | lr 3.00e-04 | grad 1.06 | 32.9k tok/s | cert -8.10→-6.78 | ticks [6.990 6.509 6.305 6.284] | 127M tok | ETA 101.5h
Step  31090 | loss 5.9773 | lr 3.00e-04 | grad 0.79 | 32.7k tok/s | cert -6.02→-6.35 | ticks [7.085 6.624 6.057 6.034] | 127M tok | ETA 101.5h
Step  31100 | loss 5.9165 | lr 3.00e-04 | grad 1.36 | 32.7k tok/s | cert -6.68→-6.12 | ticks [7.077 5.838 5.700 5.691] | 127M tok | ETA 101.5h
Step  31110 | loss 5.9085 | lr 3.00e-04 | grad 1.55 | 32.4k tok/s | cert -6.64→-6.91 | ticks [7.692 7.387 6.481 6.475] | 127M tok | ETA 101.5h
Step  31120 | loss 5.8799 | lr 3.00e-04 | grad 0.93 | 32.8k tok/s | cert -8.13→-6.31 | ticks [6.711 6.285 6.094 6.081] | 127M tok | ETA 101.5h
Step  31130 | loss 5.8024 | lr 3.00e-04 | grad 0.94 | 32.7k tok/s | cert -6.88→-6.30 | ticks [6.984 6.334 6.065 6.050] | 128M tok | ETA 101.5h
Step  31140 | loss 5.7893 | lr 3.00e-04 | grad 0.95 | 32.8k tok/s | cert -8.02→-6.68 | ticks [6.915 6.505 6.158 6.143] | 128M tok | ETA 101.5h
Step  31150 | loss 5.9360 | lr 3.00e-04 | grad 1.26 | 32.7k tok/s | cert -7.78→-6.64 | ticks [6.699 6.417 5.985 5.968] | 128M tok | ETA 101.5h
Step  31160 | loss 5.8164 | lr 3.00e-04 | grad 1.12 | 32.9k tok/s | cert -7.34→-6.17 | ticks [6.872 6.211 5.941 5.917] | 128M tok | ETA 101.5h
Step  31170 | loss 5.8445 | lr 3.00e-04 | grad 0.96 | 32.8k tok/s | cert -7.33→-5.33 | ticks [6.794 5.425 5.159 5.124] | 128M tok | ETA 101.5h
Step  31180 | loss 5.8836 | lr 3.00e-04 | grad 0.77 | 32.7k tok/s | cert -7.53→-6.22 | ticks [6.649 6.292 5.727 5.705] | 128M tok | ETA 101.5h
Step  31190 | loss 5.7588 | lr 3.00e-04 | grad 0.81 | 32.9k tok/s | cert -6.55→-6.46 | ticks [6.922 6.221 5.842 5.822] | 128M tok | ETA 101.5h
Step  31200 | loss 5.8445 | lr 3.00e-04 | grad 0.99 | 32.7k tok/s | cert -8.13→-6.44 | ticks [6.395 5.902 5.789 5.775] | 128M tok | ETA 101.5h
Step  31210 | loss 6.4285 | lr 3.00e-04 | grad 1.13 | 32.8k tok/s | cert -6.62→-7.16 | ticks [8.168 8.085 7.067 7.061] | 128M tok | ETA 101.5h
Step  31220 | loss 6.1147 | lr 3.00e-04 | grad 0.70 | 32.6k tok/s | cert -7.09→-6.25 | ticks [6.574 6.225 5.792 5.771] | 128M tok | ETA 101.5h
Step  31230 | loss 6.0137 | lr 3.00e-04 | grad 0.70 | 32.8k tok/s | cert -7.29→-6.05 | ticks [6.666 6.036 5.805 5.796] | 128M tok | ETA 101.4h
Step  31240 | loss 5.8025 | lr 3.00e-04 | grad 0.81 | 32.8k tok/s | cert -7.49→-6.15 | ticks [6.456 6.033 5.617 5.596] | 128M tok | ETA 101.4h
Step  31250 | loss 5.8136 | lr 3.00e-04 | grad 0.75 | 32.9k tok/s | cert -6.64→-5.98 | ticks [6.933 5.996 5.667 5.652] | 128M tok | ETA 101.4h
Step  31260 | loss 5.8482 | lr 3.00e-04 | grad 0.76 | 32.9k tok/s | cert -6.03→-6.31 | ticks [7.333 6.120 5.855 5.841] | 128M tok | ETA 101.4h
Step  31270 | loss 5.8765 | lr 3.00e-04 | grad 0.74 | 32.4k tok/s | cert -6.99→-6.15 | ticks [6.647 6.013 5.707 5.693] | 128M tok | ETA 101.4h
Step  31280 | loss 5.9082 | lr 3.00e-04 | grad 0.73 | 32.7k tok/s | cert -7.83→-6.23 | ticks [6.591 6.105 5.938 5.920] | 128M tok | ETA 101.4h
Step  31290 | loss 5.9049 | lr 3.00e-04 | grad 1.20 | 32.6k tok/s | cert -5.52→-6.19 | ticks [7.063 5.979 5.837 5.821] | 128M tok | ETA 101.4h
Step  31300 | loss 5.8212 | lr 3.00e-04 | grad 0.71 | 32.8k tok/s | cert -7.15→-6.04 | ticks [6.527 5.941 5.549 5.526] | 128M tok | ETA 101.4h
Step  31310 | loss 5.8779 | lr 3.00e-04 | grad 0.85 | 32.8k tok/s | cert -7.17→-6.33 | ticks [6.738 6.159 5.859 5.840] | 128M tok | ETA 101.4h
Step  31320 | loss 5.8283 | lr 3.00e-04 | grad 0.74 | 32.8k tok/s | cert -6.62→-6.14 | ticks [7.045 5.997 5.782 5.765] | 128M tok | ETA 101.4h
Step  31330 | loss 6.0357 | lr 3.00e-04 | grad 0.83 | 33.0k tok/s | cert -7.41→-6.52 | ticks [6.801 6.285 6.097 6.075] | 128M tok | ETA 101.4h
Step  31340 | loss 5.9995 | lr 3.00e-04 | grad 0.80 | 32.4k tok/s | cert -7.73→-6.15 | ticks [6.435 6.186 5.815 5.797] | 128M tok | ETA 101.4h
Step  31350 | loss 5.8864 | lr 3.00e-04 | grad 1.06 | 32.7k tok/s | cert -7.60→-6.31 | ticks [6.365 6.269 5.868 5.849] | 128M tok | ETA 101.4h
Step  31360 | loss 5.8795 | lr 3.00e-04 | grad 1.18 | 32.8k tok/s | cert -6.12→-7.03 | ticks [7.121 6.803 6.334 6.309] | 128M tok | ETA 101.4h
Step  31370 | loss 5.9510 | lr 3.00e-04 | grad 0.83 | 32.7k tok/s | cert -7.23→-6.37 | ticks [6.553 6.177 5.953 5.934] | 128M tok | ETA 101.4h
Step  31380 | loss 5.9671 | lr 3.00e-04 | grad 0.89 | 32.7k tok/s | cert -6.75→-6.00 | ticks [6.754 6.096 5.794 5.773] | 129M tok | ETA 101.4h
Step  31390 | loss 5.9833 | lr 3.00e-04 | grad 0.86 | 32.7k tok/s | cert -6.65→-6.08 | ticks [6.608 5.953 5.740 5.723] | 129M tok | ETA 101.4h
Step  31400 | loss 5.9610 | lr 3.00e-04 | grad 1.16 | 32.8k tok/s | cert -7.05→-5.92 | ticks [6.563 6.239 5.827 5.800] | 129M tok | ETA 101.4h
Step  31410 | loss 5.9425 | lr 3.00e-04 | grad 0.91 | 32.8k tok/s | cert -7.21→-6.33 | ticks [6.487 5.943 5.646 5.629] | 129M tok | ETA 101.4h
Step  31420 | loss 5.7996 | lr 3.00e-04 | grad 0.93 | 32.6k tok/s | cert -8.10→-6.26 | ticks [7.803 6.115 5.916 5.871] | 129M tok | ETA 101.4h
Step  31430 | loss 5.7640 | lr 3.00e-04 | grad 0.96 | 32.5k tok/s | cert -6.02→-5.82 | ticks [6.745 5.500 5.363 5.340] | 129M tok | ETA 101.4h
Step  31440 | loss 5.9828 | lr 3.00e-04 | grad 0.65 | 32.4k tok/s | cert -6.96→-6.26 | ticks [6.854 6.395 5.970 5.949] | 129M tok | ETA 101.4h
Step  31450 | loss 5.9434 | lr 3.00e-04 | grad 0.71 | 33.0k tok/s | cert -6.97→-6.39 | ticks [6.748 6.365 5.994 5.974] | 129M tok | ETA 101.4h
Step  31460 | loss 5.9169 | lr 3.00e-04 | grad 0.70 | 33.0k tok/s | cert -7.11→-6.06 | ticks [6.532 5.873 5.703 5.688] | 129M tok | ETA 101.4h
Step  31470 | loss 5.8833 | lr 3.00e-04 | grad 0.90 | 32.8k tok/s | cert -5.94→-6.21 | ticks [6.951 6.227 6.030 6.007] | 129M tok | ETA 101.4h
Step  31480 | loss 6.0171 | lr 3.00e-04 | grad 1.79 | 32.7k tok/s | cert -7.34→-7.08 | ticks [6.788 6.633 6.116 6.094] | 129M tok | ETA 101.4h
Step  31490 | loss 5.8520 | lr 3.00e-04 | grad 1.14 | 32.9k tok/s | cert -7.28→-6.28 | ticks [6.619 5.861 5.617 5.596] | 129M tok | ETA 101.4h
Step  31500 | loss 6.0388 | lr 3.00e-04 | grad 0.74 | 32.5k tok/s | cert -7.36→-6.19 | ticks [6.567 6.023 5.815 5.789] | 129M tok | ETA 101.4h
Step  31510 | loss 5.9150 | lr 3.00e-04 | grad 0.85 | 32.6k tok/s | cert -7.78→-6.28 | ticks [6.494 6.255 5.815 5.791] | 129M tok | ETA 101.4h
Step  31520 | loss 6.0260 | lr 3.00e-04 | grad 0.86 | 32.9k tok/s | cert -6.91→-6.82 | ticks [6.911 6.376 6.123 6.101] | 129M tok | ETA 101.4h
Step  31530 | loss 5.8890 | lr 3.00e-04 | grad 1.19 | 32.8k tok/s | cert -7.19→-6.09 | ticks [6.399 5.863 5.582 5.564] | 129M tok | ETA 101.4h
Step  31540 | loss 5.7732 | lr 3.00e-04 | grad 0.66 | 32.8k tok/s | cert -6.96→-6.18 | ticks [6.606 5.943 5.732 5.716] | 129M tok | ETA 101.4h
Step  31550 | loss 5.8328 | lr 3.00e-04 | grad 0.90 | 32.8k tok/s | cert -6.67→-6.43 | ticks [6.934 6.231 6.014 5.995] | 129M tok | ETA 101.4h
Step  31560 | loss 5.8973 | lr 3.00e-04 | grad 1.12 | 32.6k tok/s | cert -7.58→-6.75 | ticks [7.263 6.707 6.302 6.286] | 129M tok | ETA 101.4h
Step  31570 | loss 5.7232 | lr 3.00e-04 | grad 0.90 | 32.9k tok/s | cert -7.22→-6.12 | ticks [6.638 6.248 5.894 5.868] | 129M tok | ETA 101.4h
Step  31580 | loss 5.9841 | lr 3.00e-04 | grad 0.78 | 33.0k tok/s | cert -7.66→-6.25 | ticks [6.647 6.155 5.792 5.766] | 129M tok | ETA 101.4h
Step  31590 | loss 5.9939 | lr 3.00e-04 | grad 0.73 | 32.9k tok/s | cert -7.78→-6.50 | ticks [7.040 6.338 6.060 6.042] | 129M tok | ETA 101.4h
Step  31600 | loss 5.8206 | lr 3.00e-04 | grad 0.77 | 33.0k tok/s | cert -7.41→-6.33 | ticks [7.025 6.262 5.969 5.951] | 129M tok | ETA 101.4h
Step  31610 | loss 5.8800 | lr 3.00e-04 | grad 0.73 | 32.6k tok/s | cert -7.60→-6.11 | ticks [6.695 6.009 5.668 5.640] | 129M tok | ETA 101.4h
Step  31620 | loss 6.0657 | lr 3.00e-04 | grad 0.81 | 32.8k tok/s | cert -7.90→-6.17 | ticks [6.568 6.281 5.832 5.808] | 130M tok | ETA 101.4h
Step  31630 | loss 5.9849 | lr 3.00e-04 | grad 0.88 | 32.9k tok/s | cert -6.64→-6.21 | ticks [7.086 6.234 6.092 6.077] | 130M tok | ETA 101.4h
Step  31640 | loss 5.8467 | lr 3.00e-04 | grad 0.81 | 32.9k tok/s | cert -7.17→-6.32 | ticks [6.513 6.061 5.706 5.670] | 130M tok | ETA 101.4h
Step  31650 | loss 5.8094 | lr 3.00e-04 | grad 0.89 | 32.9k tok/s | cert -7.31→-6.57 | ticks [6.948 6.556 6.045 6.021] | 130M tok | ETA 101.4h
Step  31660 | loss 5.8230 | lr 3.00e-04 | grad 0.82 | 32.7k tok/s | cert -6.49→-6.02 | ticks [6.693 5.997 5.663 5.639] | 130M tok | ETA 101.4h
Step  31670 | loss 5.8359 | lr 3.00e-04 | grad 0.76 | 32.3k tok/s | cert -7.00→-6.25 | ticks [6.551 6.007 5.750 5.730] | 130M tok | ETA 101.4h
Step  31680 | loss 5.8183 | lr 3.00e-04 | grad 1.00 | 32.9k tok/s | cert -7.34→-6.06 | ticks [6.335 5.869 5.631 5.615] | 130M tok | ETA 101.4h
Step  31690 | loss 5.8084 | lr 3.00e-04 | grad 1.42 | 32.8k tok/s | cert -7.02→-6.67 | ticks [6.579 6.223 5.995 5.981] | 130M tok | ETA 101.4h
Step  31700 | loss 5.8988 | lr 3.00e-04 | grad 0.70 | 32.7k tok/s | cert -7.10→-5.78 | ticks [6.250 5.607 5.396 5.377] | 130M tok | ETA 101.4h
Step  31710 | loss 6.1338 | lr 3.00e-04 | grad 0.92 | 32.7k tok/s | cert -7.52→-6.69 | ticks [7.008 6.539 6.182 6.166] | 130M tok | ETA 101.4h
Step  31720 | loss 5.8257 | lr 3.00e-04 | grad 0.73 | 32.8k tok/s | cert -8.07→-6.33 | ticks [6.589 6.136 5.864 5.839] | 130M tok | ETA 101.4h
Step  31730 | loss 5.6949 | lr 3.00e-04 | grad 0.71 | 32.7k tok/s | cert -6.88→-6.00 | ticks [6.686 6.118 5.807 5.790] | 130M tok | ETA 101.4h
Step  31740 | loss 5.7989 | lr 3.00e-04 | grad 1.09 | 32.8k tok/s | cert -7.99→-6.18 | ticks [6.568 5.918 5.791 5.773] | 130M tok | ETA 101.4h
Step  31750 | loss 5.8507 | lr 3.00e-04 | grad 0.95 | 32.6k tok/s | cert -6.62→-6.14 | ticks [6.647 6.257 5.763 5.734] | 130M tok | ETA 101.4h
Step  31760 | loss 5.6866 | lr 3.00e-04 | grad 1.30 | 32.8k tok/s | cert -6.58→-5.59 | ticks [6.586 5.639 5.496 5.469] | 130M tok | ETA 101.4h
Step  31770 | loss 5.8332 | lr 3.00e-04 | grad 0.83 | 32.5k tok/s | cert -7.76→-6.12 | ticks [6.806 6.088 5.889 5.870] | 130M tok | ETA 101.4h
Step  31780 | loss 5.8528 | lr 3.00e-04 | grad 0.79 | 32.7k tok/s | cert -8.09→-6.64 | ticks [7.027 6.537 6.243 6.226] | 130M tok | ETA 101.4h
Step  31790 | loss 5.9001 | lr 3.00e-04 | grad 0.80 | 32.8k tok/s | cert -7.57→-6.46 | ticks [6.805 6.313 5.972 5.956] | 130M tok | ETA 101.4h
Step  31800 | loss 5.7502 | lr 3.00e-04 | grad 0.78 | 32.6k tok/s | cert -7.46→-6.19 | ticks [6.481 6.219 5.722 5.703] | 130M tok | ETA 101.4h
Step  31810 | loss 5.8446 | lr 3.00e-04 | grad 0.72 | 32.4k tok/s | cert -6.93→-6.30 | ticks [6.678 6.334 5.894 5.879] | 130M tok | ETA 101.4h
Step  31820 | loss 5.6573 | lr 3.00e-04 | grad 0.91 | 32.8k tok/s | cert -7.50→-6.39 | ticks [6.384 6.144 5.790 5.769] | 130M tok | ETA 101.4h
Step  31830 | loss 5.8849 | lr 3.00e-04 | grad 0.81 | 32.5k tok/s | cert -7.03→-6.31 | ticks [6.808 6.074 5.767 5.744] | 130M tok | ETA 101.4h
Step  31840 | loss 5.8518 | lr 3.00e-04 | grad 1.07 | 32.8k tok/s | cert -5.71→-6.72 | ticks [7.143 6.701 5.832 5.800] | 130M tok | ETA 101.4h
Step  31850 | loss 5.7086 | lr 3.00e-04 | grad 0.84 | 33.0k tok/s | cert -7.53→-6.43 | ticks [6.633 6.175 5.922 5.905] | 130M tok | ETA 101.4h
Step  31860 | loss 5.7828 | lr 3.00e-04 | grad 1.39 | 32.7k tok/s | cert -7.92→-6.40 | ticks [6.476 6.062 5.709 5.692] | 131M tok | ETA 101.4h
Step  31870 | loss 5.9862 | lr 3.00e-04 | grad 0.94 | 32.8k tok/s | cert -6.36→-6.41 | ticks [7.078 6.403 5.982 5.964] | 131M tok | ETA 101.4h
Step  31880 | loss 5.8051 | lr 3.00e-04 | grad 0.89 | 32.4k tok/s | cert -7.58→-6.73 | ticks [7.050 6.677 6.281 6.248] | 131M tok | ETA 101.4h
Step  31890 | loss 5.7904 | lr 3.00e-04 | grad 1.32 | 32.8k tok/s | cert -6.84→-6.56 | ticks [6.944 6.736 6.041 6.015] | 131M tok | ETA 101.4h
Step  31900 | loss 5.8679 | lr 3.00e-04 | grad 0.82 | 32.7k tok/s | cert -7.71→-6.42 | ticks [6.684 6.156 5.839 5.816] | 131M tok | ETA 101.4h
Step  31910 | loss 5.8169 | lr 3.00e-04 | grad 0.85 | 33.0k tok/s | cert -7.01→-6.42 | ticks [6.570 6.315 5.839 5.814] | 131M tok | ETA 101.4h
Step  31920 | loss 5.9935 | lr 3.00e-04 | grad 11.00 | 32.8k tok/s | cert -8.09→-8.06 | ticks [6.829 6.627 6.559 6.557] | 131M tok | ETA 101.4h
Step  31930 | loss 6.0740 | lr 3.00e-04 | grad 1.51 | 32.7k tok/s | cert -7.69→-6.73 | ticks [7.113 6.607 6.472 6.452] | 131M tok | ETA 101.4h
Step  31940 | loss 5.9719 | lr 3.00e-04 | grad 0.87 | 32.7k tok/s | cert -8.07→-6.99 | ticks [7.173 6.629 6.496 6.481] | 131M tok | ETA 101.4h
Step  31950 | loss 5.8592 | lr 3.00e-04 | grad 1.30 | 32.6k tok/s | cert -6.66→-6.75 | ticks [7.282 6.840 6.465 6.439] | 131M tok | ETA 101.4h
Step  31960 | loss 5.7526 | lr 3.00e-04 | grad 0.87 | 32.9k tok/s | cert -7.34→-6.03 | ticks [6.549 6.408 5.929 5.908] | 131M tok | ETA 101.4h
Step  31970 | loss 5.8786 | lr 3.00e-04 | grad 0.79 | 33.0k tok/s | cert -7.42→-5.86 | ticks [6.258 5.809 5.396 5.376] | 131M tok | ETA 101.4h
Step  31980 | loss 5.7489 | lr 3.00e-04 | grad 1.21 | 32.6k tok/s | cert -8.00→-6.26 | ticks [6.814 6.329 6.074 6.059] | 131M tok | ETA 101.4h
Step  31990 | loss 5.8179 | lr 3.00e-04 | grad 0.83 | 32.7k tok/s | cert -8.11→-6.16 | ticks [7.021 6.105 5.848 5.832] | 131M tok | ETA 101.4h
Step  32000 | loss 5.7842 | lr 3.00e-04 | grad 1.15 | 32.8k tok/s | cert -6.18→-5.93 | ticks [6.699 5.788 5.605 5.597] | 131M tok | ETA 101.4h
Step  32010 | loss 5.9578 | lr 3.00e-04 | grad 0.96 | 32.7k tok/s | cert -7.66→-6.23 | ticks [6.444 6.043 5.735 5.719] | 131M tok | ETA 101.4h
Step  32020 | loss 5.9223 | lr 3.00e-04 | grad 1.02 | 32.6k tok/s | cert -7.24→-6.91 | ticks [7.286 6.745 6.309 6.283] | 131M tok | ETA 101.3h
Step  32030 | loss 5.7675 | lr 3.00e-04 | grad 0.87 | 32.8k tok/s | cert -7.66→-6.16 | ticks [6.436 6.046 5.551 5.526] | 131M tok | ETA 101.3h
Step  32040 | loss 5.7487 | lr 3.00e-04 | grad 1.02 | 32.7k tok/s | cert -6.29→-6.35 | ticks [6.891 6.061 5.630 5.608] | 131M tok | ETA 101.3h
Step  32050 | loss 6.1628 | lr 3.00e-04 | grad 0.67 | 32.9k tok/s | cert -7.35→-6.69 | ticks [7.333 6.740 6.372 6.360] | 131M tok | ETA 101.3h
Step  32060 | loss 5.7762 | lr 3.00e-04 | grad 1.22 | 32.7k tok/s | cert -6.83→-6.33 | ticks [7.077 6.073 5.836 5.804] | 131M tok | ETA 101.3h
Step  32070 | loss 5.9227 | lr 3.00e-04 | grad 1.39 | 32.9k tok/s | cert -3.04→-6.87 | ticks [8.589 6.821 6.168 6.149] | 131M tok | ETA 101.3h
Step  32080 | loss 6.0389 | lr 3.00e-04 | grad 0.71 | 33.0k tok/s | cert -7.70→-5.90 | ticks [6.368 5.731 5.306 5.278] | 131M tok | ETA 101.3h
Step  32090 | loss 5.9212 | lr 3.00e-04 | grad 0.89 | 32.8k tok/s | cert -8.32→-6.39 | ticks [6.667 5.986 5.797 5.783] | 131M tok | ETA 101.3h
Step  32100 | loss 5.9920 | lr 3.00e-04 | grad 1.20 | 32.9k tok/s | cert -7.65→-6.71 | ticks [7.087 6.959 6.110 6.083] | 131M tok | ETA 101.3h
Step  32110 | loss 5.9813 | lr 3.00e-04 | grad 1.74 | 32.9k tok/s | cert -8.24→-6.85 | ticks [6.852 6.365 5.977 5.960] | 132M tok | ETA 101.3h
Step  32120 | loss 5.8669 | lr 3.00e-04 | grad 1.00 | 32.5k tok/s | cert -6.28→-6.33 | ticks [7.123 6.354 5.993 5.977] | 132M tok | ETA 101.3h
Step  32130 | loss 5.8834 | lr 3.00e-04 | grad 0.79 | 33.0k tok/s | cert -8.35→-6.47 | ticks [6.817 6.454 6.043 6.020] | 132M tok | ETA 101.3h
Step  32140 | loss 5.9009 | lr 3.00e-04 | grad 0.94 | 32.7k tok/s | cert -7.52→-6.29 | ticks [6.491 6.036 5.713 5.681] | 132M tok | ETA 101.3h
Step  32150 | loss 5.9246 | lr 3.00e-04 | grad 0.71 | 32.8k tok/s | cert -7.53→-6.48 | ticks [6.828 6.392 6.107 6.089] | 132M tok | ETA 101.3h
Step  32160 | loss 5.8279 | lr 3.00e-04 | grad 0.70 | 32.2k tok/s | cert -6.84→-6.51 | ticks [7.339 6.325 6.064 6.045] | 132M tok | ETA 101.3h
Step  32170 | loss 5.8807 | lr 3.00e-04 | grad 1.09 | 32.9k tok/s | cert -7.55→-6.59 | ticks [6.683 6.125 5.779 5.753] | 132M tok | ETA 101.3h
Step  32180 | loss 5.8542 | lr 3.00e-04 | grad 1.00 | 33.0k tok/s | cert -7.98→-6.55 | ticks [6.814 6.623 6.009 5.978] | 132M tok | ETA 101.3h
Step  32190 | loss 5.7840 | lr 3.00e-04 | grad 0.70 | 32.6k tok/s | cert -6.44→-6.11 | ticks [6.962 5.964 5.730 5.713] | 132M tok | ETA 101.3h
Step  32200 | loss 6.0955 | lr 3.00e-04 | grad 1.65 | 32.6k tok/s | cert -7.20→-6.99 | ticks [7.220 6.912 6.258 6.218] | 132M tok | ETA 101.3h
Step  32210 | loss 6.0026 | lr 3.00e-04 | grad 0.82 | 32.6k tok/s | cert -7.59→-6.61 | ticks [7.370 6.843 6.447 6.433] | 132M tok | ETA 101.3h
Step  32220 | loss 5.9299 | lr 3.00e-04 | grad 1.52 | 32.5k tok/s | cert -7.36→-5.96 | ticks [6.580 6.075 5.791 5.773] | 132M tok | ETA 101.3h
Step  32230 | loss 5.9560 | lr 3.00e-04 | grad 1.06 | 32.9k tok/s | cert -7.89→-6.70 | ticks [6.856 6.995 6.290 6.259] | 132M tok | ETA 101.3h
Step  32240 | loss 5.9338 | lr 3.00e-04 | grad 0.81 | 32.6k tok/s | cert -7.90→-5.96 | ticks [6.937 6.080 5.729 5.716] | 132M tok | ETA 101.3h
Step  32250 | loss 5.8790 | lr 3.00e-04 | grad 0.80 | 32.6k tok/s | cert -7.40→-6.30 | ticks [6.649 6.161 5.764 5.745] | 132M tok | ETA 101.3h
Step  32260 | loss 5.8047 | lr 3.00e-04 | grad 0.67 | 32.7k tok/s | cert -7.97→-6.25 | ticks [6.617 6.274 5.878 5.861] | 132M tok | ETA 101.3h
Step  32270 | loss 5.8581 | lr 3.00e-04 | grad 0.87 | 32.8k tok/s | cert -8.26→-6.32 | ticks [6.882 6.459 6.039 6.020] | 132M tok | ETA 101.3h
Step  32280 | loss 5.8326 | lr 3.00e-04 | grad 0.74 | 32.9k tok/s | cert -8.19→-6.22 | ticks [6.502 6.242 5.705 5.686] | 132M tok | ETA 101.3h
Step  32290 | loss 5.7563 | lr 3.00e-04 | grad 0.89 | 32.7k tok/s | cert -8.12→-5.74 | ticks [6.287 5.742 5.448 5.419] | 132M tok | ETA 101.3h
Step  32300 | loss 5.8321 | lr 3.00e-04 | grad 0.71 | 33.2k tok/s | cert -7.52→-6.12 | ticks [6.612 6.025 5.607 5.587] | 132M tok | ETA 101.3h
Step  32310 | loss 5.8633 | lr 3.00e-04 | grad 0.77 | 32.7k tok/s | cert -7.33→-6.61 | ticks [6.950 6.484 6.069 6.047] | 132M tok | ETA 101.3h
Step  32320 | loss 5.7738 | lr 3.00e-04 | grad 0.82 | 32.7k tok/s | cert -7.76→-6.35 | ticks [6.563 6.371 5.819 5.793] | 132M tok | ETA 101.3h
Step  32330 | loss 5.9551 | lr 3.00e-04 | grad 0.79 | 32.8k tok/s | cert -8.30→-6.46 | ticks [6.792 6.316 5.958 5.942] | 132M tok | ETA 101.3h
Step  32340 | loss 5.9281 | lr 3.00e-04 | grad 0.79 | 32.8k tok/s | cert -7.61→-5.73 | ticks [6.587 5.519 5.392 5.367] | 132M tok | ETA 101.3h
Step  32350 | loss 5.9564 | lr 3.00e-04 | grad 1.12 | 32.8k tok/s | cert -7.13→-6.52 | ticks [7.157 6.370 6.279 6.266] | 133M tok | ETA 101.3h
Step  32360 | loss 5.7632 | lr 3.00e-04 | grad 0.71 | 32.6k tok/s | cert -6.96→-6.37 | ticks [6.841 6.332 5.819 5.799] | 133M tok | ETA 101.3h
Step  32370 | loss 6.0779 | lr 3.00e-04 | grad 0.83 | 32.7k tok/s | cert -6.43→-6.09 | ticks [6.836 6.123 5.882 5.865] | 133M tok | ETA 101.3h
Step  32380 | loss 6.0568 | lr 3.00e-04 | grad 0.82 | 32.4k tok/s | cert -6.93→-6.28 | ticks [6.639 6.236 5.893 5.878] | 133M tok | ETA 101.3h
Step  32390 | loss 6.0062 | lr 3.00e-04 | grad 0.84 | 32.9k tok/s | cert -7.81→-6.88 | ticks [7.121 6.819 6.446 6.433] | 133M tok | ETA 101.3h
Step  32400 | loss 5.9136 | lr 3.00e-04 | grad 0.76 | 32.5k tok/s | cert -7.00→-6.15 | ticks [6.603 5.963 5.770 5.755] | 133M tok | ETA 101.3h
Step  32410 | loss 5.7720 | lr 3.00e-04 | grad 0.80 | 32.9k tok/s | cert -7.47→-6.15 | ticks [6.794 6.081 5.858 5.842] | 133M tok | ETA 101.3h
Step  32420 | loss 5.7679 | lr 3.00e-04 | grad 0.87 | 32.8k tok/s | cert -6.39→-6.19 | ticks [7.135 6.142 5.874 5.853] | 133M tok | ETA 101.3h
Step  32430 | loss 5.8345 | lr 3.00e-04 | grad 0.78 | 32.6k tok/s | cert -7.66→-6.18 | ticks [6.491 6.007 5.774 5.755] | 133M tok | ETA 101.3h
Step  32440 | loss 5.7230 | lr 3.00e-04 | grad 0.86 | 32.9k tok/s | cert -7.80→-6.43 | ticks [6.645 6.348 6.034 6.016] | 133M tok | ETA 101.3h
Step  32450 | loss 5.9480 | lr 3.00e-04 | grad 0.88 | 32.7k tok/s | cert -5.25→-6.39 | ticks [7.401 6.080 5.953 5.933] | 133M tok | ETA 101.3h
Step  32460 | loss 5.8352 | lr 3.00e-04 | grad 0.81 | 32.7k tok/s | cert -7.25→-6.59 | ticks [6.683 6.547 6.009 5.982] | 133M tok | ETA 101.3h
Step  32470 | loss 5.8653 | lr 3.00e-04 | grad 1.12 | 32.6k tok/s | cert -7.93→-6.22 | ticks [6.833 6.420 6.154 6.137] | 133M tok | ETA 101.3h
Step  32480 | loss 5.7047 | lr 3.00e-04 | grad 0.87 | 32.7k tok/s | cert -6.59→-5.82 | ticks [6.258 5.489 5.348 5.333] | 133M tok | ETA 101.3h
Step  32490 | loss 5.7029 | lr 3.00e-04 | grad 0.93 | 32.7k tok/s | cert -6.24→-5.79 | ticks [6.580 5.603 5.494 5.479] | 133M tok | ETA 101.3h
Step  32500 | loss 5.8369 | lr 3.00e-04 | grad 1.06 | 32.8k tok/s | cert -6.69→-6.64 | ticks [7.417 6.465 6.400 6.380] | 133M tok | ETA 101.3h
Step  32510 | loss 6.0139 | lr 3.00e-04 | grad 0.77 | 32.8k tok/s | cert -7.79→-5.76 | ticks [6.759 5.607 5.401 5.374] | 133M tok | ETA 101.3h
Step  32520 | loss 6.0230 | lr 3.00e-04 | grad 0.92 | 32.9k tok/s | cert -7.81→-6.20 | ticks [6.691 5.837 5.562 5.538] | 133M tok | ETA 101.3h
Step  32530 | loss 5.9545 | lr 3.00e-04 | grad 0.85 | 33.1k tok/s | cert -8.03→-6.56 | ticks [7.061 6.414 6.204 6.187] | 133M tok | ETA 101.3h
Step  32540 | loss 5.9140 | lr 3.00e-04 | grad 0.78 | 32.9k tok/s | cert -7.21→-6.52 | ticks [7.113 6.314 6.108 6.095] | 133M tok | ETA 101.3h
Step  32550 | loss 5.8515 | lr 3.00e-04 | grad 0.90 | 32.8k tok/s | cert -6.85→-6.15 | ticks [7.266 6.265 5.863 5.840] | 133M tok | ETA 101.3h
Step  32560 | loss 5.8650 | lr 3.00e-04 | grad 0.89 | 32.6k tok/s | cert -7.80→-6.45 | ticks [7.084 6.509 6.146 6.133] | 133M tok | ETA 101.3h
Step  32570 | loss 5.9514 | lr 3.00e-04 | grad 0.72 | 32.7k tok/s | cert -6.37→-5.98 | ticks [6.733 6.223 5.670 5.651] | 133M tok | ETA 101.3h
Step  32580 | loss 5.7725 | lr 3.00e-04 | grad 0.71 | 32.8k tok/s | cert -7.75→-6.36 | ticks [6.691 6.331 6.033 6.021] | 133M tok | ETA 101.3h
Step  32590 | loss 5.9647 | lr 3.00e-04 | grad 0.80 | 32.9k tok/s | cert -7.08→-6.22 | ticks [6.713 6.165 5.933 5.917] | 133M tok | ETA 101.3h
Step  32600 | loss 5.9883 | lr 3.00e-04 | grad 0.73 | 32.8k tok/s | cert -7.09→-5.96 | ticks [6.452 5.875 5.662 5.644] | 134M tok | ETA 101.3h
Step  32610 | loss 5.7667 | lr 3.00e-04 | grad 0.70 | 32.8k tok/s | cert -6.06→-6.19 | ticks [6.975 6.046 5.817 5.802] | 134M tok | ETA 101.3h
Step  32620 | loss 5.8424 | lr 3.00e-04 | grad 0.75 | 32.7k tok/s | cert -7.04→-6.08 | ticks [6.486 6.088 5.715 5.694] | 134M tok | ETA 101.3h
Step  32630 | loss 6.0031 | lr 3.00e-04 | grad 1.00 | 32.5k tok/s | cert -7.58→-6.64 | ticks [7.036 6.484 6.110 6.087] | 134M tok | ETA 101.3h
Step  32640 | loss 5.8466 | lr 3.00e-04 | grad 0.69 | 33.1k tok/s | cert -7.47→-6.05 | ticks [6.770 6.090 5.680 5.657] | 134M tok | ETA 101.3h
Step  32650 | loss 5.8709 | lr 3.00e-04 | grad 0.80 | 32.9k tok/s | cert -7.28→-6.11 | ticks [6.469 6.209 5.708 5.687] | 134M tok | ETA 101.3h
Step  32660 | loss 5.8381 | lr 3.00e-04 | grad 0.84 | 32.9k tok/s | cert -7.08→-6.54 | ticks [7.244 6.678 6.325 6.309] | 134M tok | ETA 101.3h
Step  32670 | loss 5.8328 | lr 3.00e-04 | grad 0.88 | 32.8k tok/s | cert -6.82→-5.81 | ticks [6.462 5.829 5.492 5.477] | 134M tok | ETA 101.3h
Step  32680 | loss 5.7642 | lr 3.00e-04 | grad 1.05 | 32.7k tok/s | cert -7.72→-6.69 | ticks [6.738 6.207 6.086 6.070] | 134M tok | ETA 101.3h
Step  32690 | loss 5.8590 | lr 3.00e-04 | grad 1.20 | 32.8k tok/s | cert -7.59→-6.65 | ticks [6.590 6.454 6.056 6.033] | 134M tok | ETA 101.3h
Step  32700 | loss 5.7861 | lr 3.00e-04 | grad 1.25 | 32.9k tok/s | cert -7.28→-6.29 | ticks [6.324 6.032 5.451 5.434] | 134M tok | ETA 101.3h
Step  32710 | loss 5.7455 | lr 3.00e-04 | grad 0.95 | 32.8k tok/s | cert -7.24→-6.13 | ticks [6.647 5.850 5.656 5.647] | 134M tok | ETA 101.3h
Step  32720 | loss 5.9244 | lr 3.00e-04 | grad 1.12 | 32.8k tok/s | cert -7.23→-6.34 | ticks [6.987 6.376 6.149 6.124] | 134M tok | ETA 101.3h
Step  32730 | loss 5.8541 | lr 3.00e-04 | grad 0.71 | 32.8k tok/s | cert -7.60→-6.41 | ticks [7.266 6.457 6.100 6.080] | 134M tok | ETA 101.3h
Step  32740 | loss 6.1660 | lr 3.00e-04 | grad 1.15 | 32.5k tok/s | cert -7.81→-6.10 | ticks [6.323 6.149 5.668 5.644] | 134M tok | ETA 101.3h
Step  32750 | loss 5.9185 | lr 3.00e-04 | grad 0.73 | 32.9k tok/s | cert -7.46→-6.39 | ticks [6.768 6.456 5.988 5.968] | 134M tok | ETA 101.3h
Step  32760 | loss 5.8095 | lr 3.00e-04 | grad 0.69 | 33.0k tok/s | cert -7.36→-6.35 | ticks [6.867 6.357 5.857 5.834] | 134M tok | ETA 101.3h
Step  32770 | loss 5.8467 | lr 3.00e-04 | grad 0.73 | 32.7k tok/s | cert -6.82→-5.94 | ticks [6.754 5.858 5.449 5.431] | 134M tok | ETA 101.3h
Step  32780 | loss 5.7544 | lr 3.00e-04 | grad 0.82 | 32.9k tok/s | cert -7.46→-6.16 | ticks [6.539 6.038 5.717 5.692] | 134M tok | ETA 101.3h
Step  32790 | loss 5.8475 | lr 3.00e-04 | grad 0.95 | 32.8k tok/s | cert -7.91→-6.44 | ticks [6.589 6.247 5.783 5.761] | 134M tok | ETA 101.3h
Step  32800 | loss 5.9224 | lr 3.00e-04 | grad 1.00 | 32.7k tok/s | cert -6.28→-6.38 | ticks [6.667 6.617 6.077 6.061] | 134M tok | ETA 101.3h
Step  32810 | loss 5.8598 | lr 3.00e-04 | grad 1.26 | 32.7k tok/s | cert -5.23→-6.02 | ticks [7.082 5.985 5.548 5.528] | 134M tok | ETA 101.2h
Step  32820 | loss 5.8385 | lr 3.00e-04 | grad 0.86 | 32.8k tok/s | cert -8.02→-6.32 | ticks [6.756 6.013 5.761 5.746] | 134M tok | ETA 101.2h
Step  32830 | loss 5.6859 | lr 3.00e-04 | grad 0.94 | 32.9k tok/s | cert -7.37→-6.08 | ticks [6.525 6.120 5.742 5.719] | 134M tok | ETA 101.2h
Step  32840 | loss 5.8359 | lr 3.00e-04 | grad 0.81 | 32.8k tok/s | cert -7.34→-5.98 | ticks [6.697 6.188 5.745 5.723] | 135M tok | ETA 101.2h
Step  32850 | loss 5.9180 | lr 3.00e-04 | grad 1.16 | 32.7k tok/s | cert -7.58→-5.89 | ticks [6.414 5.961 5.786 5.765] | 135M tok | ETA 101.2h
Step  32860 | loss 5.7384 | lr 3.00e-04 | grad 0.97 | 32.6k tok/s | cert -7.24→-5.85 | ticks [6.497 6.083 5.637 5.611] | 135M tok | ETA 101.2h
Step  32870 | loss 5.9511 | lr 3.00e-04 | grad 0.81 | 32.6k tok/s | cert -7.93→-6.32 | ticks [6.772 6.260 5.993 5.977] | 135M tok | ETA 101.2h
Step  32880 | loss 5.6209 | lr 3.00e-04 | grad 0.86 | 33.0k tok/s | cert -6.63→-6.43 | ticks [7.202 6.012 5.762 5.743] | 135M tok | ETA 101.2h
Step  32890 | loss 5.9560 | lr 3.00e-04 | grad 0.87 | 32.6k tok/s | cert -7.88→-6.41 | ticks [6.850 6.098 5.828 5.808] | 135M tok | ETA 101.2h
Step  32900 | loss 5.8465 | lr 3.00e-04 | grad 0.96 | 32.6k tok/s | cert -7.16→-6.42 | ticks [6.755 6.239 5.926 5.900] | 135M tok | ETA 101.2h
Step  32910 | loss 5.7694 | lr 3.00e-04 | grad 0.77 | 32.5k tok/s | cert -8.19→-6.24 | ticks [6.487 6.207 5.732 5.718] | 135M tok | ETA 101.2h
Step  32920 | loss 5.7802 | lr 3.00e-04 | grad 0.95 | 32.7k tok/s | cert -7.11→-6.05 | ticks [6.859 5.936 5.783 5.761] | 135M tok | ETA 101.2h
Step  32930 | loss 5.8197 | lr 3.00e-04 | grad 0.78 | 32.9k tok/s | cert -7.59→-6.44 | ticks [6.901 6.225 6.034 6.014] | 135M tok | ETA 101.2h
Step  32940 | loss 5.9557 | lr 3.00e-04 | grad 0.95 | 32.5k tok/s | cert -7.60→-6.14 | ticks [6.556 6.079 5.731 5.704] | 135M tok | ETA 101.2h
Step  32950 | loss 5.8553 | lr 3.00e-04 | grad 1.31 | 32.6k tok/s | cert -6.63→-6.29 | ticks [7.036 6.549 6.058 6.033] | 135M tok | ETA 101.2h
Step  32960 | loss 5.9814 | lr 3.00e-04 | grad 2.09 | 32.6k tok/s | cert -7.23→-6.23 | ticks [7.146 6.525 6.439 6.435] | 135M tok | ETA 101.2h
Step  32970 | loss 5.9209 | lr 3.00e-04 | grad 0.73 | 32.2k tok/s | cert -7.44→-6.13 | ticks [6.691 5.975 5.842 5.828] | 135M tok | ETA 101.2h
Step  32980 | loss 5.8662 | lr 3.00e-04 | grad 0.75 | 33.0k tok/s | cert -7.98→-6.65 | ticks [7.031 6.558 6.093 6.072] | 135M tok | ETA 101.2h
Step  32990 | loss 5.8835 | lr 3.00e-04 | grad 0.98 | 32.9k tok/s | cert -7.42→-6.41 | ticks [6.853 6.186 6.013 5.992] | 135M tok | ETA 101.2h
Step  33000 | loss 6.0112 | lr 3.00e-04 | grad 1.46 | 32.9k tok/s | cert -8.09→-6.38 | ticks [6.866 6.452 6.175 6.155] | 135M tok | ETA 101.2h
Step  33010 | loss 6.0753 | lr 3.00e-04 | grad 0.99 | 32.7k tok/s | cert -8.12→-6.87 | ticks [7.181 6.615 6.318 6.302] | 135M tok | ETA 101.2h
Step  33020 | loss 5.8635 | lr 3.00e-04 | grad 0.71 | 32.4k tok/s | cert -7.33→-5.86 | ticks [7.067 5.895 5.580 5.561] | 135M tok | ETA 101.2h
Step  33030 | loss 5.8931 | lr 3.00e-04 | grad 0.80 | 32.6k tok/s | cert -7.09→-6.22 | ticks [6.610 6.188 5.659 5.629] | 135M tok | ETA 101.2h
Step  33040 | loss 5.8192 | lr 3.00e-04 | grad 0.75 | 32.3k tok/s | cert -7.50→-6.18 | ticks [6.723 6.140 5.581 5.556] | 135M tok | ETA 101.2h
Step  33050 | loss 6.0681 | lr 3.00e-04 | grad 0.82 | 32.5k tok/s | cert -7.26→-6.21 | ticks [6.818 6.195 5.751 5.739] | 135M tok | ETA 101.2h
Step  33060 | loss 5.9064 | lr 3.00e-04 | grad 0.69 | 32.5k tok/s | cert -8.00→-6.54 | ticks [6.836 6.333 6.143 6.126] | 135M tok | ETA 101.2h
Step  33070 | loss 6.0278 | lr 3.00e-04 | grad 0.96 | 32.6k tok/s | cert -6.75→-6.47 | ticks [6.897 6.552 6.015 5.986] | 135M tok | ETA 101.2h
Step  33080 | loss 6.0902 | lr 3.00e-04 | grad 0.82 | 32.8k tok/s | cert -5.72→-6.35 | ticks [7.343 6.172 5.934 5.918] | 135M tok | ETA 101.2h
Step  33090 | loss 5.9240 | lr 3.00e-04 | grad 0.70 | 32.9k tok/s | cert -7.14→-6.29 | ticks [6.825 6.257 5.898 5.877] | 136M tok | ETA 101.2h
Step  33100 | loss 5.9221 | lr 3.00e-04 | grad 0.89 | 32.7k tok/s | cert -7.42→-6.00 | ticks [6.444 6.010 5.705 5.691] | 136M tok | ETA 101.2h
Step  33110 | loss 5.9673 | lr 3.00e-04 | grad 1.05 | 32.8k tok/s | cert -7.38→-6.71 | ticks [7.163 6.854 6.464 6.441] | 136M tok | ETA 101.2h
Step  33120 | loss 6.0153 | lr 3.00e-04 | grad 0.77 | 32.5k tok/s | cert -7.55→-6.31 | ticks [7.113 6.157 5.840 5.817] | 136M tok | ETA 101.2h
Step  33130 | loss 5.7930 | lr 3.00e-04 | grad 0.74 | 32.7k tok/s | cert -7.23→-6.22 | ticks [6.852 6.273 5.887 5.865] | 136M tok | ETA 101.2h
Step  33140 | loss 5.8259 | lr 3.00e-04 | grad 1.36 | 32.5k tok/s | cert -7.31→-6.61 | ticks [6.917 6.600 6.050 6.025] | 136M tok | ETA 101.2h
Step  33150 | loss 5.8725 | lr 3.00e-04 | grad 0.97 | 32.9k tok/s | cert -7.87→-6.60 | ticks [7.213 6.760 6.311 6.292] | 136M tok | ETA 101.2h
Step  33160 | loss 5.9463 | lr 3.00e-04 | grad 0.84 | 32.7k tok/s | cert -7.01→-5.97 | ticks [6.728 5.923 5.546 5.524] | 136M tok | ETA 101.2h
Step  33170 | loss 5.8007 | lr 3.00e-04 | grad 0.70 | 32.6k tok/s | cert -6.85→-6.06 | ticks [6.467 5.990 5.681 5.660] | 136M tok | ETA 101.2h
Step  33180 | loss 5.9363 | lr 3.00e-04 | grad 0.91 | 32.8k tok/s | cert -7.60→-6.29 | ticks [6.867 6.168 6.047 6.029] | 136M tok | ETA 101.2h
Step  33190 | loss 6.2107 | lr 3.00e-04 | grad 1.33 | 32.7k tok/s | cert -8.58→-7.00 | ticks [6.910 6.715 6.364 6.349] | 136M tok | ETA 101.2h
Step  33200 | loss 6.0132 | lr 3.00e-04 | grad 0.75 | 32.6k tok/s | cert -6.76→-6.28 | ticks [6.874 6.164 5.895 5.878] | 136M tok | ETA 101.2h
Step  33210 | loss 6.0557 | lr 3.00e-04 | grad 0.82 | 32.3k tok/s | cert -7.86→-6.30 | ticks [7.021 6.168 6.058 6.046] | 136M tok | ETA 101.2h
Step  33220 | loss 5.9180 | lr 3.00e-04 | grad 0.99 | 32.7k tok/s | cert -6.73→-6.31 | ticks [6.863 6.179 5.574 5.549] | 136M tok | ETA 101.2h
Step  33230 | loss 5.9276 | lr 3.00e-04 | grad 0.72 | 32.9k tok/s | cert -7.22→-6.22 | ticks [6.681 6.356 5.845 5.827] | 136M tok | ETA 101.2h
Step  33240 | loss 5.7806 | lr 3.00e-04 | grad 1.45 | 32.7k tok/s | cert -7.52→-5.69 | ticks [6.936 5.983 5.688 5.658] | 136M tok | ETA 101.2h
Step  33250 | loss 5.7424 | lr 3.00e-04 | grad 1.12 | 32.5k tok/s | cert -6.58→-6.17 | ticks [6.704 5.962 5.837 5.818] | 136M tok | ETA 101.2h
Step  33260 | loss 5.7806 | lr 3.00e-04 | grad 1.54 | 32.7k tok/s | cert -7.95→-6.84 | ticks [6.843 6.824 6.226 6.183] | 136M tok | ETA 101.2h
Step  33270 | loss 6.0168 | lr 3.00e-04 | grad 0.80 | 32.8k tok/s | cert -7.79→-6.23 | ticks [6.321 6.004 5.620 5.599] | 136M tok | ETA 101.2h
Step  33280 | loss 5.7607 | lr 3.00e-04 | grad 0.74 | 32.4k tok/s | cert -7.38→-5.86 | ticks [6.235 5.629 5.436 5.411] | 136M tok | ETA 101.2h
Step  33290 | loss 5.9173 | lr 3.00e-04 | grad 0.89 | 32.8k tok/s | cert -7.36→-6.14 | ticks [6.939 6.414 6.003 5.985] | 136M tok | ETA 101.2h
Step  33300 | loss 5.8194 | lr 3.00e-04 | grad 0.75 | 32.8k tok/s | cert -7.59→-6.30 | ticks [6.475 6.323 5.688 5.656] | 136M tok | ETA 101.2h
Step  33310 | loss 5.9408 | lr 3.00e-04 | grad 1.19 | 32.6k tok/s | cert -6.71→-6.57 | ticks [7.090 6.610 6.205 6.188] | 136M tok | ETA 101.2h
Step  33320 | loss 5.8468 | lr 3.00e-04 | grad 0.95 | 32.6k tok/s | cert -7.57→-6.14 | ticks [6.442 6.155 5.760 5.741] | 136M tok | ETA 101.2h
Step  33330 | loss 5.9237 | lr 3.00e-04 | grad 0.96 | 33.0k tok/s | cert -7.72→-6.35 | ticks [6.576 6.088 5.770 5.751] | 137M tok | ETA 101.2h
Step  33340 | loss 5.8732 | lr 3.00e-04 | grad 0.75 | 32.9k tok/s | cert -8.00→-6.34 | ticks [6.781 6.299 6.117 6.096] | 137M tok | ETA 101.2h
Step  33350 | loss 5.9501 | lr 3.00e-04 | grad 0.70 | 32.5k tok/s | cert -6.46→-5.90 | ticks [6.654 5.789 5.536 5.512] | 137M tok | ETA 101.2h
Step  33360 | loss 5.9695 | lr 3.00e-04 | grad 0.75 | 32.8k tok/s | cert -8.17→-6.38 | ticks [6.606 6.390 5.920 5.905] | 137M tok | ETA 101.2h
Step  33370 | loss 5.9171 | lr 3.00e-04 | grad 0.87 | 32.6k tok/s | cert -7.35→-6.36 | ticks [6.781 6.165 5.931 5.908] | 137M tok | ETA 101.2h
Step  33380 | loss 5.9560 | lr 3.00e-04 | grad 0.79 | 32.6k tok/s | cert -7.64→-6.24 | ticks [6.386 6.207 5.663 5.638] | 137M tok | ETA 101.2h
Step  33390 | loss 5.8312 | lr 3.00e-04 | grad 0.82 | 32.9k tok/s | cert -8.30→-6.61 | ticks [6.883 6.458 6.069 6.042] | 137M tok | ETA 101.2h
Step  33400 | loss 5.9480 | lr 3.00e-04 | grad 1.34 | 33.0k tok/s | cert -5.90→-6.61 | ticks [6.935 5.903 5.775 5.756] | 137M tok | ETA 101.2h
Step  33410 | loss 5.8450 | lr 3.00e-04 | grad 0.81 | 32.6k tok/s | cert -7.64→-6.36 | ticks [6.482 6.353 5.809 5.789] | 137M tok | ETA 101.2h
Step  33420 | loss 5.7990 | lr 3.00e-04 | grad 0.69 | 32.7k tok/s | cert -7.35→-6.19 | ticks [6.889 5.988 5.843 5.830] | 137M tok | ETA 101.2h
Step  33430 | loss 5.9199 | lr 3.00e-04 | grad 1.13 | 32.7k tok/s | cert -7.77→-6.44 | ticks [7.023 6.197 6.050 6.023] | 137M tok | ETA 101.2h
Step  33440 | loss 5.9720 | lr 3.00e-04 | grad 0.79 | 32.9k tok/s | cert -7.46→-6.36 | ticks [6.989 6.360 6.109 6.089] | 137M tok | ETA 101.2h
Step  33450 | loss 5.9098 | lr 3.00e-04 | grad 1.09 | 32.5k tok/s | cert -7.87→-6.96 | ticks [7.011 6.876 6.449 6.424] | 137M tok | ETA 101.2h
Step  33460 | loss 5.9207 | lr 3.00e-04 | grad 0.86 | 32.8k tok/s | cert -8.17→-6.40 | ticks [6.651 6.160 5.822 5.803] | 137M tok | ETA 101.2h
Step  33470 | loss 5.8315 | lr 3.00e-04 | grad 0.80 | 32.9k tok/s | cert -8.03→-6.19 | ticks [6.642 6.159 5.772 5.747] | 137M tok | ETA 101.2h
Step  33480 | loss 5.9223 | lr 3.00e-04 | grad 0.91 | 32.9k tok/s | cert -8.03→-6.01 | ticks [6.826 6.179 5.897 5.882] | 137M tok | ETA 101.2h
Step  33490 | loss 5.9348 | lr 3.00e-04 | grad 1.98 | 32.8k tok/s | cert -7.68→-6.65 | ticks [7.198 6.753 6.446 6.424] | 137M tok | ETA 101.2h
Step  33500 | loss 5.9471 | lr 3.00e-04 | grad 1.52 | 32.6k tok/s | cert -7.50→-6.69 | ticks [6.921 6.184 6.034 6.016] | 137M tok | ETA 101.2h
Step  33510 | loss 5.9426 | lr 3.00e-04 | grad 1.23 | 33.0k tok/s | cert -7.25→-6.35 | ticks [6.888 6.225 5.781 5.762] | 137M tok | ETA 101.2h
Step  33520 | loss 5.9441 | lr 3.00e-04 | grad 0.69 | 32.7k tok/s | cert -8.23→-6.14 | ticks [6.441 6.257 5.884 5.863] | 137M tok | ETA 101.2h
Step  33530 | loss 5.7703 | lr 3.00e-04 | grad 0.67 | 32.7k tok/s | cert -8.19→-6.44 | ticks [7.108 6.357 6.069 6.044] | 137M tok | ETA 101.2h
Step  33540 | loss 5.8134 | lr 3.00e-04 | grad 0.78 | 32.7k tok/s | cert -7.70→-6.44 | ticks [7.092 6.418 6.030 6.013] | 137M tok | ETA 101.2h
Step  33550 | loss 5.8828 | lr 3.00e-04 | grad 0.86 | 32.2k tok/s | cert -6.45→-6.21 | ticks [7.232 6.226 5.827 5.807] | 137M tok | ETA 101.2h
Step  33560 | loss 5.7166 | lr 3.00e-04 | grad 0.90 | 32.6k tok/s | cert -7.92→-6.00 | ticks [7.139 6.113 5.812 5.804] | 137M tok | ETA 101.2h
Step  33570 | loss 5.8105 | lr 3.00e-04 | grad 0.75 | 32.7k tok/s | cert -8.03→-5.93 | ticks [6.731 6.195 5.602 5.579] | 138M tok | ETA 101.2h
Step  33580 | loss 5.7166 | lr 3.00e-04 | grad 0.91 | 32.7k tok/s | cert -7.76→-6.18 | ticks [6.452 6.133 5.621 5.593] | 138M tok | ETA 101.2h
Step  33590 | loss 5.8192 | lr 3.00e-04 | grad 0.99 | 32.7k tok/s | cert -8.10→-6.53 | ticks [7.019 6.113 5.770 5.741] | 138M tok | ETA 101.2h
Step  33600 | loss 5.8057 | lr 3.00e-04 | grad 1.41 | 32.7k tok/s | cert -8.15→-6.67 | ticks [6.564 6.391 5.790 5.770] | 138M tok | ETA 101.2h
Step  33610 | loss 5.8632 | lr 3.00e-04 | grad 0.87 | 32.6k tok/s | cert -7.66→-6.17 | ticks [6.732 5.967 5.574 5.555] | 138M tok | ETA 101.2h
Step  33620 | loss 5.8825 | lr 3.00e-04 | grad 0.82 | 32.7k tok/s | cert -8.13→-6.69 | ticks [7.002 6.839 6.053 6.023] | 138M tok | ETA 101.2h
Step  33630 | loss 5.8391 | lr 3.00e-04 | grad 0.92 | 32.8k tok/s | cert -7.50→-6.19 | ticks [7.143 6.508 5.887 5.852] | 138M tok | ETA 101.2h
Step  33640 | loss 5.8694 | lr 3.00e-04 | grad 0.72 | 32.6k tok/s | cert -6.83→-6.13 | ticks [6.730 6.070 5.690 5.673] | 138M tok | ETA 101.2h
Step  33650 | loss 5.6955 | lr 3.00e-04 | grad 0.87 | 32.6k tok/s | cert -7.90→-6.20 | ticks [6.720 6.292 5.890 5.869] | 138M tok | ETA 101.2h
Step  33660 | loss 5.8211 | lr 3.00e-04 | grad 0.91 | 32.8k tok/s | cert -7.96→-6.12 | ticks [6.686 5.988 5.693 5.674] | 138M tok | ETA 101.1h
Step  33670 | loss 5.7997 | lr 3.00e-04 | grad 0.97 | 32.7k tok/s | cert -7.76→-6.15 | ticks [6.840 6.118 5.880 5.859] | 138M tok | ETA 101.1h
Step  33680 | loss 5.8513 | lr 3.00e-04 | grad 0.70 | 32.7k tok/s | cert -7.83→-5.95 | ticks [6.831 6.005 5.630 5.605] | 138M tok | ETA 101.1h
Step  33690 | loss 5.8311 | lr 3.00e-04 | grad 0.82 | 33.0k tok/s | cert -8.52→-6.27 | ticks [6.803 6.237 6.036 6.014] | 138M tok | ETA 101.1h
Step  33700 | loss 6.0133 | lr 3.00e-04 | grad 0.99 | 32.6k tok/s | cert -8.45→-6.72 | ticks [7.066 6.786 6.433 6.413] | 138M tok | ETA 101.1h
Step  33710 | loss 5.8496 | lr 3.00e-04 | grad 0.83 | 32.6k tok/s | cert -6.61→-6.40 | ticks [6.988 6.363 5.822 5.798] | 138M tok | ETA 101.1h
Step  33720 | loss 5.8626 | lr 3.00e-04 | grad 1.02 | 32.4k tok/s | cert -7.46→-6.50 | ticks [6.961 6.481 5.911 5.880] | 138M tok | ETA 101.1h
Step  33730 | loss 5.8400 | lr 3.00e-04 | grad 1.09 | 32.5k tok/s | cert -6.89→-6.46 | ticks [6.922 6.058 5.885 5.870] | 138M tok | ETA 101.1h
Step  33740 | loss 5.8154 | lr 3.00e-04 | grad 0.86 | 32.6k tok/s | cert -7.61→-6.14 | ticks [6.476 5.920 5.598 5.573] | 138M tok | ETA 101.1h
Step  33750 | loss 5.9220 | lr 3.00e-04 | grad 0.95 | 32.6k tok/s | cert -8.27→-6.47 | ticks [7.053 6.438 6.043 6.016] | 138M tok | ETA 101.1h
Step  33760 | loss 5.8713 | lr 3.00e-04 | grad 1.01 | 32.6k tok/s | cert -5.24→-5.90 | ticks [7.595 6.003 5.696 5.679] | 138M tok | ETA 101.1h
Step  33770 | loss 5.8031 | lr 3.00e-04 | grad 0.85 | 32.8k tok/s | cert -7.87→-6.33 | ticks [6.622 6.425 5.931 5.914] | 138M tok | ETA 101.1h
Step  33780 | loss 5.9950 | lr 3.00e-04 | grad 0.90 | 32.5k tok/s | cert -7.22→-6.54 | ticks [7.200 6.522 6.219 6.199] | 138M tok | ETA 101.1h
Step  33790 | loss 5.6887 | lr 3.00e-04 | grad 0.91 | 32.6k tok/s | cert -8.30→-6.17 | ticks [6.814 6.340 5.665 5.635] | 138M tok | ETA 101.1h
Step  33800 | loss 5.7805 | lr 3.00e-04 | grad 0.80 | 32.5k tok/s | cert -7.85→-6.12 | ticks [6.398 6.149 5.613 5.591] | 138M tok | ETA 101.1h
Step  33810 | loss 5.7743 | lr 3.00e-04 | grad 0.81 | 32.8k tok/s | cert -8.15→-6.15 | ticks [6.563 6.097 5.542 5.521] | 138M tok | ETA 101.1h
Step  33820 | loss 5.7985 | lr 3.00e-04 | grad 1.07 | 32.3k tok/s | cert -7.85→-6.50 | ticks [6.927 6.118 5.926 5.907] | 139M tok | ETA 101.1h
Step  33830 | loss 5.8039 | lr 3.00e-04 | grad 0.96 | 32.5k tok/s | cert -7.61→-6.16 | ticks [6.383 5.855 5.640 5.621] | 139M tok | ETA 101.1h
Step  33840 | loss 5.7276 | lr 3.00e-04 | grad 0.90 | 32.6k tok/s | cert -8.01→-6.34 | ticks [6.794 6.243 5.740 5.715] | 139M tok | ETA 101.1h
Step  33850 | loss 5.9465 | lr 3.00e-04 | grad 0.73 | 32.9k tok/s | cert -7.07→-5.99 | ticks [6.861 6.022 5.605 5.575] | 139M tok | ETA 101.1h
Step  33860 | loss 5.8782 | lr 3.00e-04 | grad 1.10 | 32.5k tok/s | cert -7.46→-6.44 | ticks [7.067 6.359 5.690 5.652] | 139M tok | ETA 101.1h
Step  33870 | loss 5.7463 | lr 3.00e-04 | grad 0.79 | 32.7k tok/s | cert -7.03→-6.00 | ticks [6.893 5.741 5.451 5.433] | 139M tok | ETA 101.1h
Step  33880 | loss 5.8984 | lr 3.00e-04 | grad 0.84 | 32.6k tok/s | cert -8.05→-6.28 | ticks [6.755 6.350 5.815 5.792] | 139M tok | ETA 101.1h
Step  33890 | loss 5.8067 | lr 3.00e-04 | grad 0.82 | 32.6k tok/s | cert -7.70→-6.13 | ticks [6.777 6.167 5.728 5.706] | 139M tok | ETA 101.1h
Step  33900 | loss 5.6766 | lr 3.00e-04 | grad 0.88 | 32.6k tok/s | cert -8.06→-6.60 | ticks [6.904 6.686 6.238 6.210] | 139M tok | ETA 101.1h
Step  33910 | loss 5.8823 | lr 3.00e-04 | grad 1.06 | 32.9k tok/s | cert -8.16→-6.32 | ticks [6.696 6.199 5.962 5.941] | 139M tok | ETA 101.1h
Step  33920 | loss 5.8278 | lr 3.00e-04 | grad 0.71 | 32.4k tok/s | cert -6.96→-5.98 | ticks [6.412 6.232 5.696 5.671] | 139M tok | ETA 101.1h
Step  33930 | loss 5.7367 | lr 3.00e-04 | grad 1.05 | 32.9k tok/s | cert -6.57→-6.20 | ticks [7.137 6.359 6.064 6.047] | 139M tok | ETA 101.1h
Step  33940 | loss 5.7855 | lr 3.00e-04 | grad 0.87 | 32.9k tok/s | cert -8.04→-6.16 | ticks [6.593 6.175 5.876 5.857] | 139M tok | ETA 101.1h
Step  33950 | loss 5.9085 | lr 3.00e-04 | grad 1.01 | 32.9k tok/s | cert -8.47→-6.62 | ticks [7.310 6.169 6.070 6.055] | 139M tok | ETA 101.1h
Step  33960 | loss 5.8007 | lr 3.00e-04 | grad 0.93 | 32.5k tok/s | cert -7.33→-6.26 | ticks [6.351 6.267 5.459 5.429] | 139M tok | ETA 101.1h
Step  33970 | loss 5.8485 | lr 3.00e-04 | grad 0.89 | 32.5k tok/s | cert -7.36→-6.07 | ticks [6.512 6.251 5.465 5.433] | 139M tok | ETA 101.1h
Step  33980 | loss 5.7872 | lr 3.00e-04 | grad 0.92 | 32.4k tok/s | cert -7.76→-6.42 | ticks [7.251 6.027 5.924 5.905] | 139M tok | ETA 101.1h
Step  33990 | loss 5.8202 | lr 3.00e-04 | grad 0.73 | 32.6k tok/s | cert -8.19→-6.08 | ticks [6.641 6.159 5.615 5.585] | 139M tok | ETA 101.1h
Step  34000 | loss 5.8356 | lr 3.00e-04 | grad 1.66 | 32.6k tok/s | cert -7.73→-6.69 | ticks [6.846 6.388 5.983 5.962] | 139M tok | ETA 101.1h
Step  34010 | loss 5.6883 | lr 3.00e-04 | grad 0.77 | 32.8k tok/s | cert -7.83→-6.17 | ticks [6.781 5.842 5.606 5.585] | 139M tok | ETA 101.1h
Step  34020 | loss 5.8064 | lr 3.00e-04 | grad 0.90 | 32.9k tok/s | cert -6.99→-6.63 | ticks [7.336 6.628 6.255 6.236] | 139M tok | ETA 101.1h
Step  34030 | loss 5.8877 | lr 3.00e-04 | grad 1.05 | 32.7k tok/s | cert -8.75→-6.36 | ticks [6.671 6.402 5.791 5.775] | 139M tok | ETA 101.1h
Step  34040 | loss 5.7775 | lr 3.00e-04 | grad 0.82 | 32.9k tok/s | cert -7.67→-6.15 | ticks [6.312 6.285 5.668 5.648] | 139M tok | ETA 101.1h
Step  34050 | loss 5.7780 | lr 3.00e-04 | grad 0.85 | 32.8k tok/s | cert -8.16→-5.95 | ticks [6.795 5.705 5.412 5.382] | 139M tok | ETA 101.1h
Step  34060 | loss 5.5236 | lr 3.00e-04 | grad 0.67 | 32.3k tok/s | cert -8.02→-6.01 | ticks [6.611 5.982 5.549 5.521] | 140M tok | ETA 101.1h
Step  34070 | loss 5.8004 | lr 3.00e-04 | grad 0.83 | 32.2k tok/s | cert -7.92→-6.24 | ticks [6.803 6.572 5.996 5.971] | 140M tok | ETA 101.1h
Step  34080 | loss 5.9588 | lr 3.00e-04 | grad 0.72 | 32.8k tok/s | cert -7.55→-6.13 | ticks [6.635 6.151 5.767 5.754] | 140M tok | ETA 101.1h
Step  34090 | loss 5.6497 | lr 3.00e-04 | grad 1.14 | 32.7k tok/s | cert -7.58→-6.44 | ticks [7.006 6.258 5.913 5.893] | 140M tok | ETA 101.1h
Step  34100 | loss 5.7746 | lr 3.00e-04 | grad 0.83 | 32.8k tok/s | cert -7.56→-6.40 | ticks [7.022 6.369 6.094 6.081] | 140M tok | ETA 101.1h
Step  34110 | loss 5.7612 | lr 3.00e-04 | grad 0.88 | 32.8k tok/s | cert -8.01→-6.25 | ticks [6.477 6.064 5.564 5.539] | 140M tok | ETA 101.1h
Step  34120 | loss 5.8848 | lr 3.00e-04 | grad 1.01 | 32.6k tok/s | cert -8.53→-6.61 | ticks [7.251 6.561 6.370 6.349] | 140M tok | ETA 101.1h
Step  34130 | loss 5.7989 | lr 3.00e-04 | grad 0.88 | 32.5k tok/s | cert -7.48→-6.32 | ticks [6.766 6.593 6.113 6.085] | 140M tok | ETA 101.1h
Step  34140 | loss 5.8435 | lr 3.00e-04 | grad 0.73 | 32.9k tok/s | cert -7.69→-6.14 | ticks [6.403 6.323 5.450 5.421] | 140M tok | ETA 101.1h
Step  34150 | loss 5.9091 | lr 3.00e-04 | grad 0.84 | 33.0k tok/s | cert -7.94→-6.29 | ticks [6.700 6.221 5.856 5.827] | 140M tok | ETA 101.1h
Step  34160 | loss 5.8533 | lr 3.00e-04 | grad 0.79 | 32.4k tok/s | cert -8.07→-6.43 | ticks [6.577 6.234 5.749 5.722] | 140M tok | ETA 101.1h
Step  34170 | loss 5.7414 | lr 3.00e-04 | grad 0.82 | 32.6k tok/s | cert -7.92→-6.27 | ticks [6.634 6.265 5.968 5.942] | 140M tok | ETA 101.1h
Step  34180 | loss 5.8686 | lr 3.00e-04 | grad 0.96 | 32.4k tok/s | cert -7.97→-6.16 | ticks [6.938 6.003 5.635 5.603] | 140M tok | ETA 101.1h
Step  34190 | loss 5.9313 | lr 3.00e-04 | grad 0.89 | 32.9k tok/s | cert -6.85→-6.31 | ticks [6.972 6.162 5.653 5.624] | 140M tok | ETA 101.1h
Step  34200 | loss 5.6810 | lr 3.00e-04 | grad 0.98 | 32.5k tok/s | cert -6.98→-5.95 | ticks [6.307 5.630 5.344 5.322] | 140M tok | ETA 101.1h
Step  34210 | loss 5.6164 | lr 3.00e-04 | grad 0.91 | 32.8k tok/s | cert -6.91→-5.74 | ticks [6.212 5.590 5.300 5.281] | 140M tok | ETA 101.1h
Step  34220 | loss 5.5633 | lr 3.00e-04 | grad 0.88 | 32.8k tok/s | cert -7.19→-5.65 | ticks [6.418 5.723 5.391 5.377] | 140M tok | ETA 101.1h
Step  34230 | loss 5.8373 | lr 3.00e-04 | grad 1.14 | 32.3k tok/s | cert -7.96→-6.00 | ticks [6.897 5.892 5.604 5.572] | 140M tok | ETA 101.1h
Step  34240 | loss 5.6422 | lr 3.00e-04 | grad 0.81 | 32.7k tok/s | cert -6.89→-5.85 | ticks [6.360 5.643 5.326 5.300] | 140M tok | ETA 101.1h
Step  34250 | loss 5.7892 | lr 3.00e-04 | grad 0.86 | 32.5k tok/s | cert -7.73→-5.80 | ticks [6.287 6.037 5.555 5.534] | 140M tok | ETA 101.1h
Step  34260 | loss 5.7258 | lr 3.00e-04 | grad 0.79 | 32.9k tok/s | cert -8.08→-6.28 | ticks [6.690 6.394 5.754 5.734] | 140M tok | ETA 101.1h
Step  34270 | loss 5.8368 | lr 3.00e-04 | grad 0.66 | 32.7k tok/s | cert -7.75→-6.26 | ticks [7.430 6.293 6.039 6.019] | 140M tok | ETA 101.1h
Step  34280 | loss 5.8908 | lr 3.00e-04 | grad 0.70 | 32.6k tok/s | cert -6.16→-6.17 | ticks [7.229 6.078 5.733 5.714] | 140M tok | ETA 101.1h
Step  34290 | loss 5.9165 | lr 3.00e-04 | grad 1.24 | 32.6k tok/s | cert -8.88→-7.00 | ticks [7.556 6.873 6.615 6.597] | 140M tok | ETA 101.1h
Step  34300 | loss 5.7950 | lr 3.00e-04 | grad 0.77 | 32.7k tok/s | cert -7.23→-5.93 | ticks [6.935 5.896 5.630 5.603] | 140M tok | ETA 101.1h
Step  34310 | loss 5.8272 | lr 3.00e-04 | grad 1.16 | 32.7k tok/s | cert -7.97→-6.84 | ticks [7.247 6.533 6.330 6.304] | 141M tok | ETA 101.1h
Step  34320 | loss 5.9070 | lr 3.00e-04 | grad 0.79 | 32.9k tok/s | cert -6.97→-6.27 | ticks [6.726 6.142 5.754 5.725] | 141M tok | ETA 101.1h
Step  34330 | loss 5.7384 | lr 3.00e-04 | grad 1.04 | 32.5k tok/s | cert -6.37→-6.09 | ticks [6.830 5.821 5.651 5.615] | 141M tok | ETA 101.1h
Step  34340 | loss 5.8022 | lr 3.00e-04 | grad 0.92 | 32.6k tok/s | cert -6.43→-6.30 | ticks [7.342 6.244 5.925 5.899] | 141M tok | ETA 101.1h
Step  34350 | loss 5.9270 | lr 3.00e-04 | grad 0.96 | 32.7k tok/s | cert -7.83→-6.46 | ticks [6.943 6.194 5.936 5.916] | 141M tok | ETA 101.1h
Step  34360 | loss 5.7471 | lr 3.00e-04 | grad 0.99 | 32.7k tok/s | cert -6.29→-6.32 | ticks [6.679 6.124 5.571 5.547] | 141M tok | ETA 101.1h
Step  34370 | loss 5.8599 | lr 3.00e-04 | grad 0.84 | 32.7k tok/s | cert -7.22→-5.81 | ticks [6.413 5.884 5.684 5.666] | 141M tok | ETA 101.1h
Step  34380 | loss 5.7221 | lr 3.00e-04 | grad 1.02 | 32.8k tok/s | cert -6.08→-6.39 | ticks [6.831 6.226 5.891 5.861] | 141M tok | ETA 101.1h
Step  34390 | loss 5.6880 | lr 3.00e-04 | grad 0.75 | 32.8k tok/s | cert -7.10→-5.93 | ticks [6.536 5.818 5.597 5.575] | 141M tok | ETA 101.1h
Step  34400 | loss 5.9319 | lr 3.00e-04 | grad 0.87 | 32.8k tok/s | cert -8.15→-6.45 | ticks [6.852 6.150 6.023 5.996] | 141M tok | ETA 101.1h
Step  34410 | loss 5.7427 | lr 3.00e-04 | grad 1.00 | 32.6k tok/s | cert -8.07→-6.22 | ticks [6.289 5.862 5.406 5.384] | 141M tok | ETA 101.1h
Step  34420 | loss 5.7968 | lr 3.00e-04 | grad 1.18 | 32.6k tok/s | cert -6.89→-5.95 | ticks [6.568 6.156 5.782 5.761] | 141M tok | ETA 101.1h
Step  34430 | loss 5.7792 | lr 3.00e-04 | grad 0.71 | 32.7k tok/s | cert -7.20→-6.09 | ticks [6.775 6.045 5.812 5.795] | 141M tok | ETA 101.1h
Step  34440 | loss 5.9434 | lr 3.00e-04 | grad 0.81 | 32.4k tok/s | cert -6.77→-6.31 | ticks [7.348 6.179 5.877 5.849] | 141M tok | ETA 101.1h
Step  34450 | loss 5.8141 | lr 3.00e-04 | grad 1.00 | 33.1k tok/s | cert -7.33→-5.86 | ticks [6.587 5.816 5.626 5.605] | 141M tok | ETA 101.1h
Step  34460 | loss 5.7939 | lr 3.00e-04 | grad 1.16 | 33.0k tok/s | cert -8.24→-6.46 | ticks [6.994 6.390 6.073 6.051] | 141M tok | ETA 101.1h
Step  34470 | loss 5.8973 | lr 3.00e-04 | grad 0.90 | 32.7k tok/s | cert -8.75→-6.07 | ticks [6.798 6.173 5.745 5.711] | 141M tok | ETA 101.1h
Step  34480 | loss 5.9154 | lr 3.00e-04 | grad 1.14 | 33.2k tok/s | cert -8.49→-6.81 | ticks [7.141 6.752 6.406 6.385] | 141M tok | ETA 101.1h
Step  34490 | loss 5.9406 | lr 3.00e-04 | grad 0.86 | 32.7k tok/s | cert -8.70→-6.53 | ticks [6.811 6.565 5.959 5.933] | 141M tok | ETA 101.1h
Step  34500 | loss 5.8238 | lr 3.00e-04 | grad 1.02 | 32.8k tok/s | cert -6.15→-5.95 | ticks [7.027 5.926 5.522 5.489] | 141M tok | ETA 101.1h
Step  34510 | loss 6.0067 | lr 3.00e-04 | grad 0.96 | 32.6k tok/s | cert -7.91→-6.31 | ticks [6.614 6.110 5.636 5.613] | 141M tok | ETA 101.1h
Step  34520 | loss 5.8046 | lr 3.00e-04 | grad 0.77 | 32.8k tok/s | cert -7.54→-6.28 | ticks [6.749 6.207 5.909 5.892] | 141M tok | ETA 101.0h
Step  34530 | loss 5.7944 | lr 3.00e-04 | grad 0.86 | 32.7k tok/s | cert -7.42→-6.69 | ticks [7.194 6.539 6.266 6.239] | 141M tok | ETA 101.0h
Step  34540 | loss 5.8261 | lr 3.00e-04 | grad 0.93 | 32.7k tok/s | cert -6.51→-6.19 | ticks [7.276 6.444 6.028 6.013] | 141M tok | ETA 101.0h
Step  34550 | loss 5.9477 | lr 3.00e-04 | grad 0.87 | 32.7k tok/s | cert -6.23→-6.19 | ticks [6.792 5.994 5.632 5.603] | 142M tok | ETA 101.0h
Step  34560 | loss 5.7024 | lr 3.00e-04 | grad 1.00 | 32.8k tok/s | cert -7.69→-5.97 | ticks [6.855 5.941 5.771 5.748] | 142M tok | ETA 101.0h
Step  34570 | loss 5.8000 | lr 3.00e-04 | grad 2.48 | 32.4k tok/s | cert -7.54→-6.82 | ticks [6.424 5.870 5.658 5.639] | 142M tok | ETA 101.0h
Step  34580 | loss 5.7650 | lr 3.00e-04 | grad 0.90 | 32.5k tok/s | cert -7.80→-6.39 | ticks [6.666 6.467 5.987 5.973] | 142M tok | ETA 101.0h
Step  34590 | loss 5.8440 | lr 3.00e-04 | grad 1.12 | 32.4k tok/s | cert -8.85→-6.46 | ticks [6.747 6.773 5.994 5.976] | 142M tok | ETA 101.0h
Step  34600 | loss 5.8162 | lr 3.00e-04 | grad 0.70 | 32.7k tok/s | cert -8.24→-6.00 | ticks [6.695 5.941 5.647 5.630] | 142M tok | ETA 101.0h
Step  34610 | loss 5.8542 | lr 3.00e-04 | grad 3.73 | 32.7k tok/s | cert -8.80→-7.14 | ticks [6.983 6.111 6.019 6.027] | 142M tok | ETA 101.0h
Step  34620 | loss 5.7785 | lr 3.00e-04 | grad 1.07 | 32.8k tok/s | cert -6.39→-6.13 | ticks [7.268 6.228 5.828 5.806] | 142M tok | ETA 101.0h
Step  34630 | loss 5.7181 | lr 3.00e-04 | grad 0.68 | 32.8k tok/s | cert -7.93→-6.10 | ticks [6.674 6.142 5.775 5.760] | 142M tok | ETA 101.0h
Step  34640 | loss 5.8437 | lr 3.00e-04 | grad 1.48 | 32.2k tok/s | cert -7.37→-6.68 | ticks [7.443 6.523 6.286 6.257] | 142M tok | ETA 101.0h
Step  34650 | loss 5.8121 | lr 3.00e-04 | grad 0.85 | 32.4k tok/s | cert -6.29→-5.98 | ticks [6.903 5.750 5.505 5.474] | 142M tok | ETA 101.0h
Step  34660 | loss 6.0263 | lr 3.00e-04 | grad 0.99 | 32.7k tok/s | cert -3.72→-6.34 | ticks [7.969 6.493 5.815 5.790] | 142M tok | ETA 101.0h
Step  34670 | loss 5.8483 | lr 3.00e-04 | grad 0.88 | 32.7k tok/s | cert -8.01→-6.54 | ticks [6.639 6.358 5.906 5.880] | 142M tok | ETA 101.0h
Step  34680 | loss 5.8398 | lr 3.00e-04 | grad 0.72 | 33.0k tok/s | cert -7.83→-6.09 | ticks [6.775 6.085 5.806 5.788] | 142M tok | ETA 101.0h
Step  34690 | loss 5.7983 | lr 3.00e-04 | grad 0.79 | 32.8k tok/s | cert -7.84→-5.99 | ticks [6.692 6.108 5.574 5.548] | 142M tok | ETA 101.0h
Step  34700 | loss 5.8625 | lr 3.00e-04 | grad 0.77 | 32.9k tok/s | cert -8.13→-6.47 | ticks [6.901 6.290 5.982 5.965] | 142M tok | ETA 101.0h
Step  34710 | loss 5.8021 | lr 3.00e-04 | grad 0.77 | 32.2k tok/s | cert -8.01→-6.28 | ticks [6.776 6.223 5.805 5.780] | 142M tok | ETA 101.0h
Step  34720 | loss 5.7989 | lr 3.00e-04 | grad 2.14 | 32.9k tok/s | cert -8.36→-6.53 | ticks [6.677 6.035 5.739 5.727] | 142M tok | ETA 101.0h
Step  34730 | loss 5.8735 | lr 3.00e-04 | grad 0.94 | 33.0k tok/s | cert -6.80→-6.59 | ticks [6.899 6.372 5.972 5.945] | 142M tok | ETA 101.0h
Step  34740 | loss 5.8336 | lr 3.00e-04 | grad 0.78 | 32.7k tok/s | cert -7.66→-6.31 | ticks [6.833 6.295 5.897 5.875] | 142M tok | ETA 101.0h
Step  34750 | loss 5.8870 | lr 3.00e-04 | grad 0.99 | 32.7k tok/s | cert -8.44→-6.19 | ticks [6.701 6.060 5.798 5.774] | 142M tok | ETA 101.0h
Step  34760 | loss 5.7455 | lr 3.00e-04 | grad 0.69 | 32.6k tok/s | cert -6.75→-6.20 | ticks [6.933 6.111 5.683 5.660] | 142M tok | ETA 101.0h
Step  34770 | loss 5.7575 | lr 3.00e-04 | grad 1.36 | 32.5k tok/s | cert -7.63→-6.67 | ticks [7.142 6.455 6.105 6.087] | 142M tok | ETA 101.0h
Step  34780 | loss 5.5548 | lr 3.00e-04 | grad 0.75 | 32.5k tok/s | cert -7.22→-6.04 | ticks [7.086 5.952 5.697 5.674] | 142M tok | ETA 101.0h
Step  34790 | loss 5.7963 | lr 3.00e-04 | grad 0.77 | 32.3k tok/s | cert -8.24→-6.23 | ticks [6.925 6.163 5.783 5.764] | 143M tok | ETA 101.0h
Step  34800 | loss 5.7047 | lr 3.00e-04 | grad 0.95 | 32.8k tok/s | cert -6.73→-6.05 | ticks [6.906 6.009 5.828 5.807] | 143M tok | ETA 101.0h
Step  34810 | loss 5.8385 | lr 3.00e-04 | grad 0.80 | 32.5k tok/s | cert -7.85→-6.24 | ticks [6.723 6.177 5.852 5.833] | 143M tok | ETA 101.0h
Step  34820 | loss 5.6965 | lr 3.00e-04 | grad 0.76 | 32.8k tok/s | cert -7.31→-6.25 | ticks [7.190 6.119 5.873 5.858] | 143M tok | ETA 101.0h
Step  34830 | loss 5.9560 | lr 3.00e-04 | grad 1.22 | 32.7k tok/s | cert -8.77→-6.23 | ticks [6.893 6.450 5.918 5.895] | 143M tok | ETA 101.0h
Step  34840 | loss 5.7826 | lr 3.00e-04 | grad 0.91 | 32.5k tok/s | cert -7.60→-5.92 | ticks [6.545 5.802 5.485 5.467] | 143M tok | ETA 101.0h
Step  34850 | loss 5.7108 | lr 3.00e-04 | grad 0.80 | 32.7k tok/s | cert -7.11→-6.12 | ticks [6.654 6.166 5.545 5.523] | 143M tok | ETA 101.0h
Step  34860 | loss 5.7976 | lr 3.00e-04 | grad 0.87 | 32.8k tok/s | cert -6.76→-6.30 | ticks [7.127 6.423 5.715 5.685] | 143M tok | ETA 101.0h
Step  34870 | loss 5.7622 | lr 3.00e-04 | grad 0.79 | 32.5k tok/s | cert -7.15→-6.10 | ticks [6.633 6.135 5.674 5.656] | 143M tok | ETA 101.0h
Step  34880 | loss 5.9249 | lr 3.00e-04 | grad 0.94 | 32.4k tok/s | cert -6.71→-6.14 | ticks [7.118 6.109 5.644 5.626] | 143M tok | ETA 101.0h
Step  34890 | loss 5.8620 | lr 3.00e-04 | grad 0.87 | 32.8k tok/s | cert -8.18→-6.18 | ticks [6.948 6.161 5.591 5.567] | 143M tok | ETA 101.0h
Step  34900 | loss 5.8441 | lr 3.00e-04 | grad 0.87 | 32.4k tok/s | cert -8.19→-6.32 | ticks [6.945 6.117 5.828 5.809] | 143M tok | ETA 101.0h
Step  34910 | loss 5.7164 | lr 3.00e-04 | grad 0.84 | 32.4k tok/s | cert -7.67→-6.32 | ticks [6.707 6.106 5.918 5.901] | 143M tok | ETA 101.0h
Step  34920 | loss 5.8106 | lr 3.00e-04 | grad 1.09 | 32.5k tok/s | cert -6.73→-6.60 | ticks [7.090 6.616 6.000 5.960] | 143M tok | ETA 101.0h
Step  34930 | loss 5.8503 | lr 3.00e-04 | grad 0.96 | 32.7k tok/s | cert -8.10→-6.38 | ticks [6.861 6.117 5.923 5.902] | 143M tok | ETA 101.0h
Step  34940 | loss 5.7816 | lr 3.00e-04 | grad 1.06 | 32.9k tok/s | cert -7.78→-5.80 | ticks [6.682 5.500 5.208 5.184] | 143M tok | ETA 101.0h
Step  34950 | loss 5.7050 | lr 3.00e-04 | grad 0.95 | 32.6k tok/s | cert -7.78→-6.32 | ticks [7.030 6.106 5.853 5.825] | 143M tok | ETA 101.0h
Step  34960 | loss 5.8418 | lr 3.00e-04 | grad 0.70 | 32.7k tok/s | cert -8.60→-6.15 | ticks [7.071 6.094 5.723 5.702] | 143M tok | ETA 101.0h
Step  34970 | loss 5.6700 | lr 3.00e-04 | grad 0.66 | 32.6k tok/s | cert -7.69→-5.95 | ticks [6.958 5.893 5.680 5.659] | 143M tok | ETA 101.0h
Step  34980 | loss 5.7770 | lr 3.00e-04 | grad 0.89 | 32.4k tok/s | cert -8.21→-6.17 | ticks [6.807 5.973 5.755 5.739] | 143M tok | ETA 101.0h
Step  34990 | loss 5.8764 | lr 3.00e-04 | grad 1.34 | 32.5k tok/s | cert -6.98→-6.51 | ticks [7.092 6.409 5.969 5.948] | 143M tok | ETA 101.0h
Step  35000 | loss 5.8810 | lr 3.00e-04 | grad 0.89 | 33.1k tok/s | cert -8.13→-6.45 | ticks [6.702 6.294 5.881 5.850] | 143M tok | ETA 101.0h
'[Errno 9] Bad file descriptor' thrown while requesting GET https://huggingface.co/datasets/HuggingFaceFW/fineweb-edu/resolve/87f09149ef4734204d70ed1d046ddc9ca3f2b8f9/sample/10BT/000_00000.parquet

  >>> Eval loss: 6.5959 (best: 6.5268)
  >>> Sample: 'The most important thing to understand about science is' → ' what way of a problem? How about what time a lot of mind? The difference? We don? This is what? How? What? What happened? How? What? What? What really know? Which is one of life?'

Step  35010 | loss 5.8858 | lr 3.00e-04 | grad 1.21 | 32.5k tok/s | cert -7.55→-6.66 | ticks [7.341 6.254 6.137 6.118] | 143M tok | ETA 101.3h
Step  35020 | loss 5.7288 | lr 3.00e-04 | grad 1.09 | 33.0k tok/s | cert -7.75→-6.36 | ticks [6.824 5.979 5.750 5.731] | 143M tok | ETA 101.3h
Step  35030 | loss 5.7845 | lr 3.00e-04 | grad 0.84 | 32.5k tok/s | cert -7.94→-6.28 | ticks [6.653 6.030 5.727 5.710] | 143M tok | ETA 101.3h
Step  35040 | loss 5.8038 | lr 3.00e-04 | grad 1.05 | 32.6k tok/s | cert -7.43→-5.80 | ticks [6.915 5.900 5.606 5.584] | 144M tok | ETA 101.3h
Step  35050 | loss 5.8062 | lr 3.00e-04 | grad 0.82 | 32.3k tok/s | cert -8.01→-6.49 | ticks [7.253 6.237 5.998 5.975] | 144M tok | ETA 101.3h
Step  35060 | loss 5.6843 | lr 3.00e-04 | grad 1.09 | 32.9k tok/s | cert -7.62→-6.02 | ticks [6.824 5.981 5.795 5.773] | 144M tok | ETA 101.3h
Step  35070 | loss 5.6772 | lr 3.00e-04 | grad 1.38 | 33.0k tok/s | cert -7.35→-6.39 | ticks [6.540 5.835 5.536 5.499] | 144M tok | ETA 101.3h
Step  35080 | loss 5.8593 | lr 3.00e-04 | grad 0.81 | 32.7k tok/s | cert -8.29→-6.25 | ticks [6.933 6.173 5.865 5.843] | 144M tok | ETA 101.3h
Step  35090 | loss 5.6493 | lr 3.00e-04 | grad 0.95 | 32.9k tok/s | cert -8.02→-6.31 | ticks [6.428 5.943 5.610 5.596] | 144M tok | ETA 101.3h
Step  35100 | loss 5.7656 | lr 3.00e-04 | grad 0.77 | 32.6k tok/s | cert -7.71→-6.27 | ticks [6.668 6.026 5.834 5.822] | 144M tok | ETA 101.3h
Step  35110 | loss 5.7243 | lr 3.00e-04 | grad 0.77 | 32.4k tok/s | cert -7.35→-5.87 | ticks [6.638 5.942 5.630 5.614] | 144M tok | ETA 101.3h
Step  35120 | loss 5.7765 | lr 3.00e-04 | grad 0.82 | 32.6k tok/s | cert -7.52→-6.18 | ticks [6.672 5.945 5.646 5.626] | 144M tok | ETA 101.3h
Step  35130 | loss 5.8079 | lr 3.00e-04 | grad 1.10 | 32.7k tok/s | cert -8.64→-6.78 | ticks [6.992 6.297 6.158 6.133] | 144M tok | ETA 101.3h
Step  35140 | loss 5.7255 | lr 3.00e-04 | grad 1.34 | 32.6k tok/s | cert -8.31→-6.80 | ticks [6.722 6.417 6.203 6.186] | 144M tok | ETA 101.3h
Step  35150 | loss 5.8200 | lr 3.00e-04 | grad 1.14 | 32.7k tok/s | cert -7.69→-5.85 | ticks [6.583 5.921 5.542 5.519] | 144M tok | ETA 101.3h
Step  35160 | loss 5.8984 | lr 3.00e-04 | grad 1.02 | 32.8k tok/s | cert -7.11→-6.04 | ticks [6.787 6.195 5.923 5.903] | 144M tok | ETA 101.3h
Step  35170 | loss 5.8280 | lr 3.00e-04 | grad 0.89 | 32.9k tok/s | cert -7.11→-6.44 | ticks [6.692 6.213 5.744 5.727] | 144M tok | ETA 101.3h
Step  35180 | loss 5.8136 | lr 3.00e-04 | grad 1.24 | 32.7k tok/s | cert -8.12→-6.39 | ticks [6.436 6.143 5.735 5.715] | 144M tok | ETA 101.3h
Step  35190 | loss 5.8149 | lr 3.00e-04 | grad 0.73 | 33.0k tok/s | cert -6.60→-6.21 | ticks [6.775 6.207 5.725 5.700] | 144M tok | ETA 101.3h
Step  35200 | loss 5.7217 | lr 3.00e-04 | grad 1.00 | 32.8k tok/s | cert -6.73→-6.55 | ticks [7.272 6.601 6.052 6.034] | 144M tok | ETA 101.3h
Step  35210 | loss 5.7208 | lr 3.00e-04 | grad 0.96 | 32.7k tok/s | cert -7.98→-6.39 | ticks [6.542 6.236 5.712 5.672] | 144M tok | ETA 101.3h
Step  35220 | loss 5.8584 | lr 3.00e-04 | grad 1.32 | 32.6k tok/s | cert -8.21→-6.47 | ticks [6.635 5.935 5.825 5.812] | 144M tok | ETA 101.3h
Step  35230 | loss 5.8941 | lr 3.00e-04 | grad 0.73 | 32.5k tok/s | cert -8.01→-6.58 | ticks [6.810 6.539 6.035 6.014] | 144M tok | ETA 101.3h
Step  35240 | loss 5.6801 | lr 3.00e-04 | grad 1.64 | 32.7k tok/s | cert -8.14→-6.29 | ticks [6.342 5.973 5.473 5.447] | 144M tok | ETA 101.3h
Step  35250 | loss 5.8076 | lr 3.00e-04 | grad 0.69 | 32.3k tok/s | cert -8.07→-6.36 | ticks [6.626 6.197 5.878 5.857] | 144M tok | ETA 101.3h
Step  35260 | loss 5.5650 | lr 3.00e-04 | grad 1.16 | 32.7k tok/s | cert -6.59→-6.68 | ticks [7.151 6.546 5.981 5.958] | 144M tok | ETA 101.3h
Step  35270 | loss 5.8363 | lr 3.00e-04 | grad 0.81 | 32.5k tok/s | cert -6.71→-6.25 | ticks [6.811 6.312 5.766 5.745] | 144M tok | ETA 101.3h
Step  35280 | loss 5.7693 | lr 3.00e-04 | grad 0.75 | 32.9k tok/s | cert -6.82→-6.02 | ticks [6.973 6.060 5.744 5.718] | 145M tok | ETA 101.3h
Step  35290 | loss 5.7639 | lr 3.00e-04 | grad 0.77 | 32.8k tok/s | cert -6.61→-6.16 | ticks [6.954 6.205 5.783 5.764] | 145M tok | ETA 101.3h
Step  35300 | loss 5.8687 | lr 3.00e-04 | grad 0.93 | 33.0k tok/s | cert -7.36→-6.20 | ticks [6.430 6.282 5.524 5.498] | 145M tok | ETA 101.3h
Step  35310 | loss 5.7146 | lr 3.00e-04 | grad 0.69 | 32.9k tok/s | cert -7.41→-6.28 | ticks [6.763 6.066 5.834 5.815] | 145M tok | ETA 101.3h
Step  35320 | loss 5.7624 | lr 3.00e-04 | grad 0.91 | 32.9k tok/s | cert -7.11→-6.45 | ticks [6.967 6.252 5.988 5.964] | 145M tok | ETA 101.3h
Step  35330 | loss 5.7006 | lr 3.00e-04 | grad 0.83 | 33.0k tok/s | cert -7.21→-6.08 | ticks [6.430 6.135 5.768 5.749] | 145M tok | ETA 101.3h
Step  35340 | loss 5.7741 | lr 3.00e-04 | grad 1.18 | 32.6k tok/s | cert -8.65→-6.61 | ticks [6.824 6.238 6.101 6.086] | 145M tok | ETA 101.3h
Step  35350 | loss 5.8651 | lr 3.00e-04 | grad 0.80 | 32.6k tok/s | cert -7.93→-6.39 | ticks [6.818 6.306 5.951 5.933] | 145M tok | ETA 101.3h
Step  35360 | loss 5.7714 | lr 3.00e-04 | grad 1.27 | 32.5k tok/s | cert -7.50→-6.04 | ticks [6.688 6.139 5.929 5.912] | 145M tok | ETA 101.3h
Step  35370 | loss 5.7899 | lr 3.00e-04 | grad 0.67 | 33.0k tok/s | cert -7.65→-6.01 | ticks [6.619 5.894 5.508 5.485] | 145M tok | ETA 101.3h
Step  35380 | loss 5.7389 | lr 3.00e-04 | grad 0.68 | 32.8k tok/s | cert -7.56→-6.17 | ticks [6.447 6.348 5.733 5.710] | 145M tok | ETA 101.3h
Step  35390 | loss 5.7870 | lr 3.00e-04 | grad 0.76 | 32.6k tok/s | cert -6.58→-6.11 | ticks [6.629 6.041 5.684 5.657] | 145M tok | ETA 101.3h
Step  35400 | loss 5.8688 | lr 3.00e-04 | grad 0.66 | 32.8k tok/s | cert -7.66→-6.24 | ticks [6.754 6.199 5.894 5.878] | 145M tok | ETA 101.3h
Step  35410 | loss 5.9043 | lr 3.00e-04 | grad 0.77 | 32.5k tok/s | cert -7.88→-6.79 | ticks [6.939 6.876 6.346 6.309] | 145M tok | ETA 101.3h
Step  35420 | loss 5.8797 | lr 3.00e-04 | grad 0.72 | 32.9k tok/s | cert -7.23→-5.96 | ticks [6.683 6.128 5.747 5.730] | 145M tok | ETA 101.3h
Step  35430 | loss 5.8843 | lr 3.00e-04 | grad 0.73 | 32.9k tok/s | cert -7.44→-6.24 | ticks [6.683 6.119 5.818 5.794] | 145M tok | ETA 101.3h
Step  35440 | loss 5.8173 | lr 3.00e-04 | grad 0.93 | 32.9k tok/s | cert -6.54→-6.33 | ticks [6.857 6.246 5.842 5.813] | 145M tok | ETA 101.3h
Step  35450 | loss 6.0090 | lr 3.00e-04 | grad 1.06 | 32.8k tok/s | cert -8.28→-6.57 | ticks [6.929 6.272 6.108 6.087] | 145M tok | ETA 101.3h
Step  35460 | loss 6.2773 | lr 3.00e-04 | grad 2.25 | 32.8k tok/s | cert -7.70→-8.11 | ticks [7.296 6.744 6.593 6.565] | 145M tok | ETA 101.3h
Step  35470 | loss 5.8494 | lr 3.00e-04 | grad 0.81 | 32.5k tok/s | cert -7.13→-6.14 | ticks [6.598 6.125 5.717 5.690] | 145M tok | ETA 101.3h
Step  35480 | loss 5.8101 | lr 3.00e-04 | grad 1.54 | 32.9k tok/s | cert -8.33→-6.95 | ticks [6.779 6.408 6.137 6.100] | 145M tok | ETA 101.2h
Step  35490 | loss 5.6860 | lr 3.00e-04 | grad 0.81 | 32.9k tok/s | cert -7.50→-6.34 | ticks [6.982 6.302 5.889 5.864] | 145M tok | ETA 101.2h
Step  35500 | loss 5.7331 | lr 3.00e-04 | grad 1.00 | 32.6k tok/s | cert -6.83→-5.93 | ticks [6.703 5.703 5.562 5.544] | 145M tok | ETA 101.2h
Step  35510 | loss 5.8788 | lr 3.00e-04 | grad 0.84 | 32.8k tok/s | cert -7.49→-6.50 | ticks [6.901 6.081 5.821 5.805] | 145M tok | ETA 101.2h
Step  35520 | loss 5.6782 | lr 3.00e-04 | grad 1.04 | 32.6k tok/s | cert -8.15→-6.26 | ticks [6.401 6.485 5.743 5.701] | 145M tok | ETA 101.2h
Step  35530 | loss 5.9417 | lr 3.00e-04 | grad 0.72 | 32.7k tok/s | cert -7.61→-6.34 | ticks [7.002 6.268 6.013 5.996] | 146M tok | ETA 101.2h
Step  35540 | loss 6.0308 | lr 3.00e-04 | grad 0.82 | 32.9k tok/s | cert -7.12→-6.30 | ticks [6.907 6.204 5.915 5.899] | 146M tok | ETA 101.2h
Step  35550 | loss 6.0412 | lr 3.00e-04 | grad 1.91 | 32.9k tok/s | cert -8.08→-6.66 | ticks [7.002 6.359 6.222 6.205] | 146M tok | ETA 101.2h
Step  35560 | loss 6.0176 | lr 3.00e-04 | grad 0.97 | 32.8k tok/s | cert -7.73→-6.20 | ticks [7.057 6.111 5.802 5.785] | 146M tok | ETA 101.2h
Step  35570 | loss 6.0407 | lr 3.00e-04 | grad 0.74 | 32.9k tok/s | cert -6.97→-6.39 | ticks [6.984 6.293 5.928 5.907] | 146M tok | ETA 101.2h
Step  35580 | loss 5.9029 | lr 3.00e-04 | grad 0.84 | 32.7k tok/s | cert -6.73→-6.26 | ticks [6.822 6.324 5.966 5.950] | 146M tok | ETA 101.2h
Step  35590 | loss 5.9163 | lr 3.00e-04 | grad 1.00 | 32.6k tok/s | cert -7.17→-6.42 | ticks [6.993 6.892 6.096 6.072] | 146M tok | ETA 101.2h
Step  35600 | loss 6.1458 | lr 3.00e-04 | grad 1.10 | 33.0k tok/s | cert -5.37→-6.51 | ticks [7.848 6.652 6.514 6.502] | 146M tok | ETA 101.2h
Step  35610 | loss 5.9636 | lr 3.00e-04 | grad 0.83 | 32.7k tok/s | cert -8.17→-6.48 | ticks [6.933 6.270 5.982 5.957] | 146M tok | ETA 101.2h
Step  35620 | loss 5.8306 | lr 3.00e-04 | grad 1.09 | 32.7k tok/s | cert -7.44→-5.98 | ticks [6.408 5.850 5.371 5.335] | 146M tok | ETA 101.2h
Step  35630 | loss 5.8451 | lr 3.00e-04 | grad 1.09 | 32.8k tok/s | cert -7.88→-6.44 | ticks [6.440 6.123 5.710 5.688] | 146M tok | ETA 101.2h
Step  35640 | loss 5.7723 | lr 3.00e-04 | grad 0.88 | 32.8k tok/s | cert -7.90→-6.38 | ticks [6.750 6.080 5.911 5.897] | 146M tok | ETA 101.2h
Step  35650 | loss 5.9903 | lr 3.00e-04 | grad 0.86 | 32.6k tok/s | cert -7.53→-6.00 | ticks [6.387 6.086 5.701 5.684] | 146M tok | ETA 101.2h
Step  35660 | loss 5.7619 | lr 3.00e-04 | grad 0.80 | 32.7k tok/s | cert -7.81→-6.65 | ticks [6.772 6.632 5.942 5.921] | 146M tok | ETA 101.2h
Step  35670 | loss 5.7293 | lr 3.00e-04 | grad 1.23 | 32.6k tok/s | cert -7.34→-6.13 | ticks [6.560 5.651 5.468 5.441] | 146M tok | ETA 101.2h
Step  35680 | loss 5.8121 | lr 3.00e-04 | grad 0.73 | 32.6k tok/s | cert -6.81→-6.10 | ticks [6.780 6.261 5.716 5.693] | 146M tok | ETA 101.2h
Step  35690 | loss 5.7586 | lr 3.00e-04 | grad 0.82 | 32.4k tok/s | cert -7.47→-6.19 | ticks [6.805 6.327 5.878 5.857] | 146M tok | ETA 101.2h
Step  35700 | loss 5.8925 | lr 3.00e-04 | grad 0.93 | 32.7k tok/s | cert -7.85→-6.16 | ticks [6.654 6.022 5.792 5.767] | 146M tok | ETA 101.2h
Step  35710 | loss 5.9501 | lr 3.00e-04 | grad 1.45 | 32.7k tok/s | cert -2.72→-7.18 | ticks [9.059 7.124 6.645 6.628] | 146M tok | ETA 101.2h
Step  35720 | loss 5.7396 | lr 3.00e-04 | grad 0.98 | 32.9k tok/s | cert -8.10→-6.63 | ticks [6.714 6.316 6.088 6.068] | 146M tok | ETA 101.2h
Step  35730 | loss 5.7682 | lr 3.00e-04 | grad 0.76 | 32.6k tok/s | cert -7.67→-5.96 | ticks [6.235 5.978 5.517 5.492] | 146M tok | ETA 101.2h
Step  35740 | loss 5.7404 | lr 3.00e-04 | grad 0.78 | 32.7k tok/s | cert -7.50→-5.91 | ticks [6.356 5.892 5.539 5.517] | 146M tok | ETA 101.2h
Step  35750 | loss 5.7595 | lr 3.00e-04 | grad 0.75 | 32.8k tok/s | cert -6.90→-6.03 | ticks [6.878 6.037 5.553 5.522] | 146M tok | ETA 101.2h
Step  35760 | loss 5.8386 | lr 3.00e-04 | grad 1.06 | 32.2k tok/s | cert -8.36→-6.86 | ticks [6.945 6.580 6.291 6.267] | 146M tok | ETA 101.2h
Step  35770 | loss 5.9165 | lr 3.00e-04 | grad 0.68 | 33.0k tok/s | cert -7.62→-6.29 | ticks [6.889 6.457 6.084 6.066] | 147M tok | ETA 101.2h
Step  35780 | loss 5.8215 | lr 3.00e-04 | grad 0.73 | 32.5k tok/s | cert -8.39→-6.48 | ticks [6.859 6.544 6.016 5.992] | 147M tok | ETA 101.2h
Step  35790 | loss 5.8139 | lr 3.00e-04 | grad 1.22 | 32.5k tok/s | cert -8.29→-7.25 | ticks [6.929 6.554 6.439 6.424] | 147M tok | ETA 101.2h
Step  35800 | loss 5.6825 | lr 3.00e-04 | grad 0.90 | 32.5k tok/s | cert -6.93→-5.77 | ticks [6.688 5.727 5.438 5.423] | 147M tok | ETA 101.2h
Step  35810 | loss 5.7748 | lr 3.00e-04 | grad 0.80 | 32.4k tok/s | cert -8.02→-6.46 | ticks [6.629 6.269 5.908 5.891] | 147M tok | ETA 101.2h
Step  35820 | loss 5.7041 | lr 3.00e-04 | grad 0.90 | 32.6k tok/s | cert -8.58→-6.38 | ticks [6.693 6.184 5.679 5.657] | 147M tok | ETA 101.2h
Step  35830 | loss 5.7244 | lr 3.00e-04 | grad 0.67 | 32.7k tok/s | cert -8.06→-6.07 | ticks [6.635 6.119 5.672 5.644] | 147M tok | ETA 101.2h
Step  35840 | loss 5.8784 | lr 3.00e-04 | grad 0.79 | 32.8k tok/s | cert -8.56→-6.26 | ticks [6.671 6.366 5.837 5.817] | 147M tok | ETA 101.2h
Step  35850 | loss 5.8480 | lr 3.00e-04 | grad 0.77 | 32.6k tok/s | cert -7.98→-6.01 | ticks [6.587 5.969 5.662 5.639] | 147M tok | ETA 101.2h
Step  35860 | loss 5.7451 | lr 3.00e-04 | grad 0.84 | 32.8k tok/s | cert -7.69→-6.60 | ticks [6.903 6.642 6.051 6.025] | 147M tok | ETA 101.2h
Step  35870 | loss 5.7805 | lr 3.00e-04 | grad 1.05 | 32.6k tok/s | cert -7.40→-6.93 | ticks [7.191 6.695 6.323 6.296] | 147M tok | ETA 101.2h
Step  35880 | loss 5.7898 | lr 3.00e-04 | grad 0.84 | 32.7k tok/s | cert -7.60→-6.46 | ticks [6.432 6.449 5.820 5.790] | 147M tok | ETA 101.2h
Step  35890 | loss 5.7916 | lr 3.00e-04 | grad 1.14 | 32.7k tok/s | cert -7.71→-6.49 | ticks [6.920 6.439 5.952 5.930] | 147M tok | ETA 101.2h
Step  35900 | loss 5.6562 | lr 3.00e-04 | grad 0.74 | 32.7k tok/s | cert -8.32→-6.34 | ticks [6.566 6.196 5.733 5.705] | 147M tok | ETA 101.2h
Step  35910 | loss 5.7138 | lr 3.00e-04 | grad 0.76 | 32.7k tok/s | cert -6.73→-6.20 | ticks [6.961 6.024 5.869 5.856] | 147M tok | ETA 101.2h
Step  35920 | loss 5.9503 | lr 3.00e-04 | grad 0.96 | 32.9k tok/s | cert -6.84→-5.97 | ticks [6.955 6.054 5.735 5.714] | 147M tok | ETA 101.2h
Step  35930 | loss 5.8976 | lr 3.00e-04 | grad 0.93 | 32.8k tok/s | cert -7.89→-6.22 | ticks [6.413 6.209 5.748 5.721] | 147M tok | ETA 101.2h
Step  35940 | loss 5.7440 | lr 3.00e-04 | grad 0.90 | 33.0k tok/s | cert -7.83→-6.18 | ticks [6.543 6.023 5.640 5.618] | 147M tok | ETA 101.2h
Step  35950 | loss 5.8249 | lr 3.00e-04 | grad 1.23 | 32.7k tok/s | cert -6.84→-6.80 | ticks [7.543 6.984 6.349 6.330] | 147M tok | ETA 101.2h
Step  35960 | loss 5.8041 | lr 3.00e-04 | grad 0.99 | 32.9k tok/s | cert -7.10→-6.63 | ticks [6.988 6.538 5.925 5.904] | 147M tok | ETA 101.2h
Step  35970 | loss 5.9028 | lr 3.00e-04 | grad 0.71 | 32.9k tok/s | cert -7.47→-6.00 | ticks [6.543 5.938 5.637 5.612] | 147M tok | ETA 101.2h
Step  35980 | loss 5.7407 | lr 3.00e-04 | grad 0.68 | 32.7k tok/s | cert -7.95→-6.40 | ticks [6.646 6.442 5.994 5.973] | 147M tok | ETA 101.2h
Step  35990 | loss 5.7057 | lr 3.00e-04 | grad 0.79 | 32.8k tok/s | cert -7.08→-6.03 | ticks [6.353 5.993 5.550 5.527] | 147M tok | ETA 101.2h
Step  36000 | loss 5.8295 | lr 3.00e-04 | grad 1.15 | 32.5k tok/s | cert -8.38→-6.69 | ticks [6.820 6.286 6.106 6.087] | 147M tok | ETA 101.2h
Step  36010 | loss 5.9785 | lr 3.00e-04 | grad 1.15 | 32.9k tok/s | cert -7.02→-6.71 | ticks [7.258 6.373 6.170 6.153] | 148M tok | ETA 101.2h
Step  36020 | loss 5.7049 | lr 3.00e-04 | grad 0.85 | 32.6k tok/s | cert -8.07→-6.21 | ticks [6.898 6.266 5.947 5.924] | 148M tok | ETA 101.2h
Step  36030 | loss 5.8358 | lr 3.00e-04 | grad 0.94 | 32.4k tok/s | cert -7.57→-5.94 | ticks [6.425 5.960 5.683 5.658] | 148M tok | ETA 101.2h
Step  36040 | loss 6.0652 | lr 3.00e-04 | grad 1.14 | 32.4k tok/s | cert -8.01→-6.96 | ticks [7.174 6.678 6.468 6.453] | 148M tok | ETA 101.2h
Step  36050 | loss 5.7728 | lr 3.00e-04 | grad 0.78 | 32.5k tok/s | cert -7.24→-6.07 | ticks [6.556 5.992 5.710 5.691] | 148M tok | ETA 101.2h
Step  36060 | loss 5.7406 | lr 3.00e-04 | grad 1.04 | 33.1k tok/s | cert -7.58→-6.16 | ticks [6.675 5.833 5.403 5.376] | 148M tok | ETA 101.2h
Step  36070 | loss 5.8044 | lr 3.00e-04 | grad 0.88 | 32.8k tok/s | cert -7.13→-6.36 | ticks [6.601 6.331 5.846 5.831] | 148M tok | ETA 101.2h
Step  36080 | loss 5.7248 | lr 3.00e-04 | grad 1.16 | 32.8k tok/s | cert -7.67→-5.95 | ticks [6.438 6.172 5.866 5.840] | 148M tok | ETA 101.2h
Step  36090 | loss 5.8112 | lr 3.00e-04 | grad 0.70 | 32.8k tok/s | cert -7.40→-6.19 | ticks [7.049 6.148 5.998 5.985] | 148M tok | ETA 101.2h
Step  36100 | loss 5.8017 | lr 3.00e-04 | grad 0.86 | 32.6k tok/s | cert -5.76→-6.03 | ticks [7.237 5.812 5.493 5.475] | 148M tok | ETA 101.2h
Step  36110 | loss 5.6973 | lr 3.00e-04 | grad 0.85 | 32.7k tok/s | cert -7.75→-6.09 | ticks [6.318 6.066 5.706 5.689] | 148M tok | ETA 101.2h
Step  36120 | loss 5.8054 | lr 3.00e-04 | grad 1.19 | 33.0k tok/s | cert -6.53→-5.75 | ticks [6.814 6.119 5.654 5.632] | 148M tok | ETA 101.2h
Step  36130 | loss 5.7992 | lr 3.00e-04 | grad 1.20 | 33.0k tok/s | cert -6.98→-6.36 | ticks [6.962 6.465 6.026 6.002] | 148M tok | ETA 101.2h
Step  36140 | loss 5.7920 | lr 3.00e-04 | grad 1.48 | 33.0k tok/s | cert -8.24→-6.20 | ticks [5.971 5.686 5.451 5.427] | 148M tok | ETA 101.2h
Step  36150 | loss 5.7674 | lr 3.00e-04 | grad 0.68 | 32.8k tok/s | cert -7.35→-6.24 | ticks [6.837 5.993 5.672 5.651] | 148M tok | ETA 101.2h
Step  36160 | loss 5.7486 | lr 3.00e-04 | grad 0.73 | 32.7k tok/s | cert -8.13→-6.36 | ticks [6.837 6.383 6.079 6.056] | 148M tok | ETA 101.2h
Step  36170 | loss 5.8757 | lr 3.00e-04 | grad 0.71 | 32.8k tok/s | cert -5.95→-6.20 | ticks [6.983 5.997 5.670 5.642] | 148M tok | ETA 101.2h
Step  36180 | loss 5.8448 | lr 3.00e-04 | grad 0.70 | 32.4k tok/s | cert -7.27→-6.14 | ticks [6.467 5.915 5.715 5.695] | 148M tok | ETA 101.2h
Step  36190 | loss 5.9573 | lr 3.00e-04 | grad 0.70 | 32.7k tok/s | cert -7.27→-6.49 | ticks [6.917 6.527 6.144 6.126] | 148M tok | ETA 101.2h
Step  36200 | loss 5.7478 | lr 3.00e-04 | grad 0.69 | 32.2k tok/s | cert -7.31→-5.99 | ticks [6.317 6.024 5.518 5.497] | 148M tok | ETA 101.2h
Step  36210 | loss 5.7853 | lr 3.00e-04 | grad 0.76 | 32.6k tok/s | cert -7.78→-6.46 | ticks [6.874 6.250 6.071 6.059] | 148M tok | ETA 101.2h
Step  36220 | loss 5.8372 | lr 3.00e-04 | grad 0.85 | 32.5k tok/s | cert -7.87→-6.70 | ticks [6.962 6.427 6.143 6.128] | 148M tok | ETA 101.2h
Step  36230 | loss 5.7530 | lr 3.00e-04 | grad 0.84 | 32.9k tok/s | cert -7.56→-6.47 | ticks [6.643 6.529 5.882 5.856] | 148M tok | ETA 101.2h
Step  36240 | loss 5.7571 | lr 3.00e-04 | grad 0.78 | 32.7k tok/s | cert -7.95→-6.48 | ticks [6.507 6.542 5.868 5.842] | 148M tok | ETA 101.2h
Step  36250 | loss 5.8171 | lr 3.00e-04 | grad 0.90 | 32.9k tok/s | cert -8.18→-6.58 | ticks [6.983 6.429 6.247 6.233] | 148M tok | ETA 101.2h
Step  36260 | loss 5.8127 | lr 3.00e-04 | grad 0.76 | 32.5k tok/s | cert -7.05→-6.28 | ticks [6.806 6.333 5.806 5.779] | 149M tok | ETA 101.2h
Step  36270 | loss 5.8208 | lr 3.00e-04 | grad 0.71 | 32.5k tok/s | cert -7.67→-6.21 | ticks [6.693 6.149 5.748 5.729] | 149M tok | ETA 101.2h
Step  36280 | loss 5.8090 | lr 3.00e-04 | grad 0.88 | 32.8k tok/s | cert -7.98→-5.88 | ticks [6.296 5.758 5.360 5.338] | 149M tok | ETA 101.2h
Step  36290 | loss 5.8513 | lr 3.00e-04 | grad 1.89 | 32.7k tok/s | cert -7.62→-6.50 | ticks [7.101 6.628 6.488 6.463] | 149M tok | ETA 101.2h
Step  36300 | loss 5.6484 | lr 3.00e-04 | grad 1.02 | 33.0k tok/s | cert -7.33→-6.11 | ticks [6.816 6.216 5.813 5.791] | 149M tok | ETA 101.2h
Step  36310 | loss 5.7710 | lr 3.00e-04 | grad 0.90 | 33.0k tok/s | cert -6.15→-6.38 | ticks [6.953 6.484 5.757 5.724] | 149M tok | ETA 101.2h
Step  36320 | loss 5.7134 | lr 3.00e-04 | grad 1.30 | 32.8k tok/s | cert -8.81→-6.89 | ticks [6.862 6.475 6.249 6.227] | 149M tok | ETA 101.1h
Step  36330 | loss 5.8989 | lr 3.00e-04 | grad 1.23 | 32.7k tok/s | cert -7.84→-6.20 | ticks [6.566 5.907 5.595 5.577] | 149M tok | ETA 101.1h
Step  36340 | loss 5.7734 | lr 3.00e-04 | grad 0.84 | 32.7k tok/s | cert -7.81→-6.09 | ticks [7.007 6.056 5.776 5.751] | 149M tok | ETA 101.1h
Step  36350 | loss 5.8176 | lr 3.00e-04 | grad 1.36 | 32.7k tok/s | cert -7.81→-6.38 | ticks [6.867 6.097 5.807 5.784] | 149M tok | ETA 101.1h
Step  36360 | loss 5.6808 | lr 3.00e-04 | grad 1.41 | 32.7k tok/s | cert -7.85→-6.20 | ticks [6.816 6.287 6.104 6.079] | 149M tok | ETA 101.1h
Step  36370 | loss 5.8890 | lr 3.00e-04 | grad 1.09 | 32.4k tok/s | cert -8.83→-6.30 | ticks [7.131 6.047 5.849 5.827] | 149M tok | ETA 101.1h
Step  36380 | loss 5.8592 | lr 3.00e-04 | grad 0.71 | 32.9k tok/s | cert -8.10→-6.18 | ticks [6.907 6.368 5.979 5.962] | 149M tok | ETA 101.1h
Step  36390 | loss 5.7825 | lr 3.00e-04 | grad 0.72 | 32.9k tok/s | cert -7.26→-6.34 | ticks [6.905 6.175 5.719 5.696] | 149M tok | ETA 101.1h
Step  36400 | loss 5.6593 | lr 3.00e-04 | grad 0.78 | 32.7k tok/s | cert -7.89→-6.06 | ticks [6.776 6.187 5.725 5.708] | 149M tok | ETA 101.1h
Step  36410 | loss 5.6730 | lr 3.00e-04 | grad 0.89 | 32.8k tok/s | cert -7.67→-5.85 | ticks [6.768 6.039 5.763 5.736] | 149M tok | ETA 101.1h
Step  36420 | loss 5.9313 | lr 3.00e-04 | grad 0.74 | 32.9k tok/s | cert -7.70→-6.09 | ticks [6.690 6.153 5.620 5.598] | 149M tok | ETA 101.1h
Step  36430 | loss 5.8989 | lr 3.00e-04 | grad 0.84 | 33.0k tok/s | cert -7.77→-6.49 | ticks [7.477 6.313 6.018 5.997] | 149M tok | ETA 101.1h
Step  36440 | loss 5.7257 | lr 3.00e-04 | grad 1.00 | 32.6k tok/s | cert -7.34→-5.86 | ticks [6.470 5.910 5.564 5.549] | 149M tok | ETA 101.1h
Step  36450 | loss 5.7288 | lr 3.00e-04 | grad 0.74 | 33.1k tok/s | cert -7.33→-6.31 | ticks [6.730 6.284 5.754 5.736] | 149M tok | ETA 101.1h
Step  36460 | loss 5.7869 | lr 3.00e-04 | grad 0.85 | 32.8k tok/s | cert -6.78→-5.91 | ticks [6.361 5.858 5.435 5.409] | 149M tok | ETA 101.1h
Step  36470 | loss 5.7235 | lr 3.00e-04 | grad 0.93 | 33.0k tok/s | cert -7.50→-5.92 | ticks [6.246 5.984 5.486 5.450] | 149M tok | ETA 101.1h
Step  36480 | loss 5.7215 | lr 3.00e-04 | grad 1.04 | 32.9k tok/s | cert -5.69→-6.31 | ticks [7.293 6.015 5.789 5.762] | 149M tok | ETA 101.1h
Step  36490 | loss 6.0109 | lr 3.00e-04 | grad 1.22 | 33.0k tok/s | cert -7.88→-6.95 | ticks [7.432 6.669 6.487 6.461] | 149M tok | ETA 101.1h
Step  36500 | loss 5.8215 | lr 3.00e-04 | grad 0.80 | 33.1k tok/s | cert -7.75→-6.17 | ticks [6.482 6.061 5.700 5.681] | 150M tok | ETA 101.1h
Step  36510 | loss 5.7174 | lr 3.00e-04 | grad 0.82 | 32.6k tok/s | cert -7.98→-6.39 | ticks [7.079 6.306 6.104 6.084] | 150M tok | ETA 101.1h
Step  36520 | loss 5.7340 | lr 3.00e-04 | grad 1.27 | 33.0k tok/s | cert -7.71→-5.98 | ticks [6.816 6.221 5.990 5.973] | 150M tok | ETA 101.1h
Step  36530 | loss 5.8894 | lr 3.00e-04 | grad 0.75 | 32.5k tok/s | cert -7.21→-6.01 | ticks [6.468 6.055 5.635 5.615] | 150M tok | ETA 101.1h
Step  36540 | loss 5.8335 | lr 3.00e-04 | grad 0.73 | 32.4k tok/s | cert -7.99→-6.18 | ticks [6.504 6.081 5.786 5.760] | 150M tok | ETA 101.1h
Step  36550 | loss 5.8242 | lr 3.00e-04 | grad 0.74 | 32.7k tok/s | cert -6.56→-5.76 | ticks [6.319 5.782 5.357 5.335] | 150M tok | ETA 101.1h
Step  36560 | loss 5.8304 | lr 3.00e-04 | grad 1.23 | 32.5k tok/s | cert -6.93→-5.64 | ticks [6.555 5.776 5.548 5.533] | 150M tok | ETA 101.1h
Step  36570 | loss 5.6152 | lr 3.00e-04 | grad 0.76 | 32.6k tok/s | cert -7.07→-5.94 | ticks [6.510 5.917 5.586 5.565] | 150M tok | ETA 101.1h
Step  36580 | loss 5.7013 | lr 3.00e-04 | grad 0.80 | 32.8k tok/s | cert -7.18→-6.06 | ticks [6.738 5.960 5.698 5.679] | 150M tok | ETA 101.1h
Step  36590 | loss 5.7720 | lr 3.00e-04 | grad 0.70 | 32.7k tok/s | cert -8.04→-6.33 | ticks [6.570 6.154 5.860 5.846] | 150M tok | ETA 101.1h
Step  36600 | loss 5.7461 | lr 3.00e-04 | grad 0.95 | 32.8k tok/s | cert -6.87→-6.23 | ticks [7.269 6.117 5.819 5.802] | 150M tok | ETA 101.1h
Step  36610 | loss 5.8483 | lr 3.00e-04 | grad 1.04 | 32.5k tok/s | cert -8.85→-6.54 | ticks [6.685 6.269 5.785 5.767] | 150M tok | ETA 101.1h
Step  36620 | loss 5.7981 | lr 3.00e-04 | grad 0.75 | 32.7k tok/s | cert -8.82→-6.32 | ticks [6.883 6.555 6.140 6.110] | 150M tok | ETA 101.1h
Step  36630 | loss 5.7319 | lr 3.00e-04 | grad 0.94 | 32.6k tok/s | cert -8.58→-6.04 | ticks [6.762 5.965 5.820 5.804] | 150M tok | ETA 101.1h
Step  36640 | loss 5.8809 | lr 3.00e-04 | grad 0.79 | 32.6k tok/s | cert -7.76→-6.08 | ticks [6.721 6.090 5.882 5.860] | 150M tok | ETA 101.1h
Step  36650 | loss 5.7647 | lr 3.00e-04 | grad 1.09 | 32.7k tok/s | cert -8.08→-5.92 | ticks [6.781 5.977 5.764 5.749] | 150M tok | ETA 101.1h
Step  36660 | loss 5.7306 | lr 3.00e-04 | grad 0.76 | 32.4k tok/s | cert -7.64→-6.47 | ticks [6.938 6.358 6.000 5.972] | 150M tok | ETA 101.1h
Step  36670 | loss 5.8473 | lr 3.00e-04 | grad 0.99 | 32.7k tok/s | cert -8.69→-6.22 | ticks [6.588 6.109 5.513 5.500] | 150M tok | ETA 101.1h
Step  36680 | loss 5.8765 | lr 3.00e-04 | grad 0.78 | 32.5k tok/s | cert -8.19→-6.53 | ticks [6.806 6.298 6.070 6.054] | 150M tok | ETA 101.1h
Step  36690 | loss 5.7428 | lr 3.00e-04 | grad 1.16 | 32.8k tok/s | cert -7.73→-6.18 | ticks [6.796 5.732 5.513 5.491] | 150M tok | ETA 101.1h
Step  36700 | loss 5.8389 | lr 3.00e-04 | grad 1.09 | 32.4k tok/s | cert -7.74→-6.08 | ticks [6.413 6.258 5.809 5.775] | 150M tok | ETA 101.1h
Step  36710 | loss 5.7787 | lr 3.00e-04 | grad 0.79 | 32.4k tok/s | cert -7.46→-6.12 | ticks [6.643 6.057 5.709 5.687] | 150M tok | ETA 101.1h
Step  36720 | loss 5.7497 | lr 3.00e-04 | grad 0.97 | 32.7k tok/s | cert -4.75→-6.77 | ticks [7.646 6.231 6.031 6.016] | 150M tok | ETA 101.1h
Step  36730 | loss 5.9042 | lr 3.00e-04 | grad 0.83 | 32.6k tok/s | cert -8.19→-6.67 | ticks [7.212 6.555 6.193 6.172] | 150M tok | ETA 101.1h
Step  36740 | loss 5.8958 | lr 3.00e-04 | grad 0.89 | 32.5k tok/s | cert -7.75→-6.23 | ticks [6.701 6.510 6.097 6.073] | 150M tok | ETA 101.1h
Step  36750 | loss 5.9359 | lr 3.00e-04 | grad 0.98 | 32.6k tok/s | cert -6.81→-6.52 | ticks [7.162 6.272 6.083 6.066] | 151M tok | ETA 101.1h
Step  36760 | loss 5.9990 | lr 3.00e-04 | grad 1.10 | 32.6k tok/s | cert -7.92→-6.91 | ticks [7.272 6.274 6.080 6.051] | 151M tok | ETA 101.1h
Step  36770 | loss 5.7518 | lr 3.00e-04 | grad 0.96 | 32.7k tok/s | cert -6.47→-6.26 | ticks [6.690 5.978 5.661 5.651] | 151M tok | ETA 101.1h
Step  36780 | loss 5.9656 | lr 3.00e-04 | grad 1.26 | 32.5k tok/s | cert -7.58→-6.46 | ticks [6.685 6.107 5.879 5.865] | 151M tok | ETA 101.1h
Step  36790 | loss 5.9020 | lr 3.00e-04 | grad 1.00 | 32.6k tok/s | cert -6.46→-6.37 | ticks [6.876 6.172 5.590 5.551] | 151M tok | ETA 101.1h
Step  36800 | loss 5.7030 | lr 3.00e-04 | grad 0.73 | 32.6k tok/s | cert -7.72→-6.02 | ticks [6.590 5.998 5.678 5.656] | 151M tok | ETA 101.1h
Step  36810 | loss 5.8613 | lr 3.00e-04 | grad 1.14 | 32.4k tok/s | cert -9.33→-6.55 | ticks [7.256 6.314 5.923 5.906] | 151M tok | ETA 101.1h
Step  36820 | loss 6.0013 | lr 3.00e-04 | grad 0.83 | 32.7k tok/s | cert -7.80→-6.14 | ticks [7.337 6.211 5.932 5.907] | 151M tok | ETA 101.1h
Step  36830 | loss 5.8922 | lr 3.00e-04 | grad 0.93 | 32.8k tok/s | cert -8.32→-6.62 | ticks [6.887 6.596 6.280 6.244] | 151M tok | ETA 101.1h
Step  36840 | loss 5.8556 | lr 3.00e-04 | grad 0.75 | 32.6k tok/s | cert -8.44→-6.35 | ticks [6.722 6.481 6.005 5.979] | 151M tok | ETA 101.1h
Step  36850 | loss 5.9392 | lr 3.00e-04 | grad 0.77 | 32.8k tok/s | cert -8.27→-6.48 | ticks [6.786 6.543 6.113 6.093] | 151M tok | ETA 101.1h
Step  36860 | loss 5.9960 | lr 3.00e-04 | grad 0.85 | 32.8k tok/s | cert -8.82→-6.43 | ticks [6.741 6.165 5.977 5.953] | 151M tok | ETA 101.1h
Step  36870 | loss 5.8474 | lr 3.00e-04 | grad 1.27 | 32.7k tok/s | cert -7.88→-6.77 | ticks [7.186 6.590 6.075 6.057] | 151M tok | ETA 101.1h
Step  36880 | loss 5.9319 | lr 3.00e-04 | grad 1.07 | 32.5k tok/s | cert -6.76→-7.06 | ticks [7.819 7.063 6.585 6.559] | 151M tok | ETA 101.1h
Step  36890 | loss 5.7534 | lr 3.00e-04 | grad 0.89 | 32.8k tok/s | cert -7.62→-6.21 | ticks [6.728 6.090 5.785 5.752] | 151M tok | ETA 101.1h
Step  36900 | loss 5.7273 | lr 3.00e-04 | grad 0.90 | 33.0k tok/s | cert -6.98→-6.29 | ticks [6.722 6.066 5.940 5.924] | 151M tok | ETA 101.1h
Step  36910 | loss 5.9273 | lr 3.00e-04 | grad 0.79 | 33.0k tok/s | cert -8.36→-6.40 | ticks [7.024 6.309 6.094 6.077] | 151M tok | ETA 101.1h
Step  36920 | loss 5.8291 | lr 3.00e-04 | grad 0.70 | 32.6k tok/s | cert -7.41→-6.09 | ticks [6.642 6.144 5.891 5.874] | 151M tok | ETA 101.1h
Step  36930 | loss 5.7524 | lr 3.00e-04 | grad 0.85 | 32.7k tok/s | cert -7.86→-6.50 | ticks [6.962 6.570 6.106 6.079] | 151M tok | ETA 101.1h
Step  36940 | loss 6.0838 | lr 3.00e-04 | grad 4.41 | 32.7k tok/s | cert -8.77→-7.49 | ticks [7.204 6.750 6.407 6.390] | 151M tok | ETA 101.1h
Step  36950 | loss 6.0236 | lr 3.00e-04 | grad 1.23 | 32.6k tok/s | cert -5.32→-6.42 | ticks [7.629 6.291 5.911 5.888] | 151M tok | ETA 101.1h
Step  36960 | loss 5.7645 | lr 3.00e-04 | grad 0.81 | 32.6k tok/s | cert -7.80→-6.52 | ticks [6.990 6.887 6.141 6.114] | 151M tok | ETA 101.1h
Step  36970 | loss 5.9796 | lr 3.00e-04 | grad 1.20 | 32.9k tok/s | cert -7.39→-6.47 | ticks [6.966 6.468 6.189 6.170] | 151M tok | ETA 101.1h
Step  36980 | loss 5.9284 | lr 3.00e-04 | grad 0.77 | 32.7k tok/s | cert -8.39→-6.64 | ticks [6.974 6.545 6.193 6.178] | 151M tok | ETA 101.1h
Step  36990 | loss 5.8993 | lr 3.00e-04 | grad 1.20 | 32.8k tok/s | cert -6.89→-7.31 | ticks [7.688 6.953 6.545 6.526] | 152M tok | ETA 101.1h
Step  37000 | loss 6.0131 | lr 3.00e-04 | grad 2.67 | 32.8k tok/s | cert -8.71→-7.16 | ticks [6.544 6.279 5.940 5.925] | 152M tok | ETA 101.1h
Step  37010 | loss 5.8276 | lr 3.00e-04 | grad 0.85 | 32.7k tok/s | cert -7.53→-6.12 | ticks [6.761 6.355 5.848 5.819] | 152M tok | ETA 101.1h
Step  37020 | loss 5.8694 | lr 3.00e-04 | grad 0.80 | 32.2k tok/s | cert -7.34→-6.57 | ticks [7.111 6.681 6.121 6.096] | 152M tok | ETA 101.1h
Step  37030 | loss 5.8835 | lr 3.00e-04 | grad 1.47 | 32.9k tok/s | cert -7.07→-6.43 | ticks [7.180 6.484 6.350 6.328] | 152M tok | ETA 101.1h
Step  37040 | loss 6.0105 | lr 3.00e-04 | grad 0.79 | 32.9k tok/s | cert -8.13→-6.32 | ticks [7.028 6.440 6.052 6.028] | 152M tok | ETA 101.1h
Step  37050 | loss 5.9362 | lr 3.00e-04 | grad 1.49 | 32.9k tok/s | cert -2.47→-6.47 | ticks [9.343 6.991 6.729 6.713] | 152M tok | ETA 101.1h
Step  37060 | loss 6.1597 | lr 3.00e-04 | grad 2.14 | 32.8k tok/s | cert -8.87→-6.95 | ticks [6.915 6.673 6.437 6.414] | 152M tok | ETA 101.1h
Step  37070 | loss 5.9564 | lr 3.00e-04 | grad 1.45 | 32.9k tok/s | cert -6.94→-6.66 | ticks [7.316 6.298 6.138 6.105] | 152M tok | ETA 101.1h
Step  37080 | loss 5.8238 | lr 3.00e-04 | grad 1.10 | 33.1k tok/s | cert -5.56→-5.96 | ticks [7.029 6.009 5.702 5.679] | 152M tok | ETA 101.1h
Step  37090 | loss 6.0179 | lr 3.00e-04 | grad 1.30 | 32.8k tok/s | cert -5.78→-6.87 | ticks [7.580 6.828 6.313 6.299] | 152M tok | ETA 101.1h
Step  37100 | loss 5.9971 | lr 3.00e-04 | grad 0.98 | 33.1k tok/s | cert -7.47→-6.09 | ticks [6.806 6.271 5.945 5.921] | 152M tok | ETA 101.1h
Step  37110 | loss 5.8573 | lr 3.00e-04 | grad 1.02 | 32.8k tok/s | cert -7.67→-6.57 | ticks [6.659 6.608 6.190 6.165] | 152M tok | ETA 101.1h
Step  37120 | loss 6.2097 | lr 3.00e-04 | grad 1.27 | 32.7k tok/s | cert -6.24→-6.87 | ticks [7.339 6.787 6.400 6.376] | 152M tok | ETA 101.1h
Step  37130 | loss 5.8878 | lr 3.00e-04 | grad 0.96 | 32.4k tok/s | cert -7.23→-6.58 | ticks [7.128 6.452 6.315 6.292] | 152M tok | ETA 101.1h
Step  37140 | loss 5.8616 | lr 3.00e-04 | grad 0.92 | 32.7k tok/s | cert -6.18→-6.32 | ticks [7.321 6.231 6.029 6.013] | 152M tok | ETA 101.1h
Step  37150 | loss 5.8460 | lr 3.00e-04 | grad 1.02 | 32.8k tok/s | cert -6.62→-6.75 | ticks [7.311 6.655 6.237 6.218] | 152M tok | ETA 101.1h
Step  37160 | loss 6.1122 | lr 3.00e-04 | grad 0.99 | 32.4k tok/s | cert -7.18→-6.58 | ticks [7.150 6.404 5.909 5.881] | 152M tok | ETA 101.1h
Step  37170 | loss 5.9049 | lr 3.00e-04 | grad 0.76 | 32.9k tok/s | cert -7.18→-5.98 | ticks [6.704 6.111 5.611 5.592] | 152M tok | ETA 101.1h
Step  37180 | loss 5.9535 | lr 3.00e-04 | grad 0.79 | 32.8k tok/s | cert -6.63→-6.35 | ticks [7.243 6.535 6.049 6.027] | 152M tok | ETA 101.1h
Step  37190 | loss 6.0083 | lr 3.00e-04 | grad 0.96 | 32.7k tok/s | cert -7.63→-6.14 | ticks [6.746 6.283 5.954 5.933] | 152M tok | ETA 101.1h
Step  37200 | loss 5.8745 | lr 3.00e-04 | grad 0.74 | 32.5k tok/s | cert -7.64→-6.33 | ticks [6.698 6.214 5.875 5.848] | 152M tok | ETA 101.0h
Step  37210 | loss 5.9043 | lr 3.00e-04 | grad 0.89 | 32.8k tok/s | cert -8.07→-6.38 | ticks [6.614 5.971 5.710 5.689] | 152M tok | ETA 101.0h
Step  37220 | loss 5.8490 | lr 3.00e-04 | grad 1.35 | 33.2k tok/s | cert -6.69→-6.29 | ticks [6.543 5.847 5.482 5.463] | 152M tok | ETA 101.0h
Step  37230 | loss 5.8673 | lr 3.00e-04 | grad 0.85 | 33.0k tok/s | cert -7.73→-6.36 | ticks [6.668 6.434 5.865 5.835] | 152M tok | ETA 101.0h
Step  37240 | loss 6.0586 | lr 3.00e-04 | grad 0.91 | 33.1k tok/s | cert -6.93→-6.92 | ticks [7.497 6.860 6.602 6.582] | 153M tok | ETA 101.0h
Step  37250 | loss 5.8228 | lr 3.00e-04 | grad 1.38 | 32.8k tok/s | cert -7.75→-6.61 | ticks [6.759 6.410 5.987 5.965] | 153M tok | ETA 101.0h
Step  37260 | loss 5.8619 | lr 3.00e-04 | grad 1.07 | 32.7k tok/s | cert -7.42→-6.36 | ticks [6.635 6.526 5.920 5.909] | 153M tok | ETA 101.0h
Step  37270 | loss 5.8598 | lr 3.00e-04 | grad 1.45 | 33.0k tok/s | cert -6.55→-6.54 | ticks [6.709 5.850 5.748 5.719] | 153M tok | ETA 101.0h
Step  37280 | loss 5.8222 | lr 3.00e-04 | grad 0.82 | 32.8k tok/s | cert -6.89→-6.49 | ticks [7.217 6.503 6.155 6.136] | 153M tok | ETA 101.0h
Step  37290 | loss 5.9209 | lr 3.00e-04 | grad 0.69 | 32.8k tok/s | cert -6.94→-6.33 | ticks [6.924 6.481 5.900 5.876] | 153M tok | ETA 101.0h
Step  37300 | loss 5.8355 | lr 3.00e-04 | grad 0.74 | 33.0k tok/s | cert -8.13→-6.28 | ticks [6.858 6.673 5.970 5.947] | 153M tok | ETA 101.0h
Step  37310 | loss 5.8116 | lr 3.00e-04 | grad 0.80 | 32.7k tok/s | cert -7.13→-6.46 | ticks [6.797 6.061 5.861 5.846] | 153M tok | ETA 101.0h
Step  37320 | loss 5.8594 | lr 3.00e-04 | grad 0.71 | 32.7k tok/s | cert -6.85→-6.27 | ticks [7.094 6.365 5.806 5.789] | 153M tok | ETA 101.0h
Step  37330 | loss 5.8422 | lr 3.00e-04 | grad 0.81 | 33.0k tok/s | cert -6.91→-6.47 | ticks [7.311 6.330 6.126 6.117] | 153M tok | ETA 101.0h
Step  37340 | loss 5.8465 | lr 3.00e-04 | grad 0.64 | 32.8k tok/s | cert -7.74→-6.19 | ticks [6.828 6.075 5.848 5.832] | 153M tok | ETA 101.0h
Step  37350 | loss 5.8920 | lr 3.00e-04 | grad 0.83 | 32.8k tok/s | cert -7.75→-6.15 | ticks [6.566 6.302 5.812 5.786] | 153M tok | ETA 101.0h
Step  37360 | loss 5.9369 | lr 3.00e-04 | grad 0.76 | 32.7k tok/s | cert -8.00→-6.52 | ticks [7.080 6.464 6.070 6.053] | 153M tok | ETA 101.0h
Step  37370 | loss 5.9183 | lr 3.00e-04 | grad 0.93 | 32.7k tok/s | cert -7.69→-6.57 | ticks [7.183 6.615 6.298 6.272] | 153M tok | ETA 101.0h
Step  37380 | loss 5.7896 | lr 3.00e-04 | grad 1.57 | 32.8k tok/s | cert -7.07→-5.98 | ticks [6.693 6.087 5.779 5.762] | 153M tok | ETA 101.0h
Step  37390 | loss 5.8080 | lr 3.00e-04 | grad 0.85 | 32.9k tok/s | cert -8.13→-6.58 | ticks [6.825 6.515 6.007 5.987] | 153M tok | ETA 101.0h
Step  37400 | loss 5.8816 | lr 3.00e-04 | grad 1.78 | 33.0k tok/s | cert -7.21→-6.95 | ticks [7.836 6.969 6.848 6.834] | 153M tok | ETA 101.0h
Step  37410 | loss 5.9129 | lr 3.00e-04 | grad 1.05 | 32.8k tok/s | cert -8.46→-6.76 | ticks [7.041 6.420 6.073 6.044] | 153M tok | ETA 101.0h
Step  37420 | loss 5.9607 | lr 3.00e-04 | grad 1.38 | 32.8k tok/s | cert -7.34→-6.30 | ticks [7.092 6.314 6.176 6.154] | 153M tok | ETA 101.0h
Step  37430 | loss 5.8651 | lr 3.00e-04 | grad 0.73 | 32.4k tok/s | cert -6.96→-5.94 | ticks [6.863 6.240 5.717 5.698] | 153M tok | ETA 101.0h
Step  37440 | loss 5.9636 | lr 3.00e-04 | grad 0.95 | 32.8k tok/s | cert -8.33→-6.30 | ticks [6.666 6.284 5.928 5.903] | 153M tok | ETA 101.0h
Step  37450 | loss 5.7766 | lr 3.00e-04 | grad 1.03 | 32.8k tok/s | cert -7.49→-6.27 | ticks [6.870 6.216 5.810 5.787] | 153M tok | ETA 101.0h
Step  37460 | loss 5.8757 | lr 3.00e-04 | grad 0.82 | 32.7k tok/s | cert -7.21→-6.04 | ticks [6.663 5.849 5.675 5.656] | 153M tok | ETA 101.0h
Step  37470 | loss 5.7801 | lr 3.00e-04 | grad 0.93 | 32.7k tok/s | cert -7.72→-6.12 | ticks [6.461 5.949 5.772 5.743] | 153M tok | ETA 101.0h
Step  37480 | loss 5.9315 | lr 3.00e-04 | grad 1.36 | 32.7k tok/s | cert -8.51→-7.37 | ticks [7.463 7.185 6.818 6.797] | 154M tok | ETA 101.0h
Step  37490 | loss 5.8291 | lr 3.00e-04 | grad 0.75 | 32.6k tok/s | cert -6.96→-6.08 | ticks [6.762 6.184 5.869 5.850] | 154M tok | ETA 101.0h
Step  37500 | loss 5.7587 | lr 3.00e-04 | grad 1.23 | 32.5k tok/s | cert -7.56→-6.26 | ticks [6.593 5.792 5.635 5.601] | 154M tok | ETA 101.0h
Step  37510 | loss 5.9361 | lr 3.00e-04 | grad 0.80 | 32.3k tok/s | cert -7.97→-6.35 | ticks [6.588 6.395 5.899 5.867] | 154M tok | ETA 101.0h
Step  37520 | loss 5.8573 | lr 3.00e-04 | grad 1.14 | 32.4k tok/s | cert -7.96→-7.01 | ticks [7.079 6.782 6.221 6.200] | 154M tok | ETA 101.0h
Step  37530 | loss 5.8160 | lr 3.00e-04 | grad 0.68 | 32.5k tok/s | cert -7.48→-6.31 | ticks [6.986 6.344 5.996 5.978] | 154M tok | ETA 101.0h
Step  37540 | loss 5.9677 | lr 3.00e-04 | grad 0.70 | 32.5k tok/s | cert -6.88→-6.20 | ticks [6.548 6.204 5.601 5.583] | 154M tok | ETA 101.0h
Step  37550 | loss 5.8733 | lr 3.00e-04 | grad 0.79 | 32.7k tok/s | cert -6.48→-6.14 | ticks [7.032 6.225 5.764 5.744] | 154M tok | ETA 101.0h
Step  37560 | loss 5.8063 | lr 3.00e-04 | grad 0.80 | 32.7k tok/s | cert -6.41→-5.89 | ticks [6.802 6.004 5.604 5.581] | 154M tok | ETA 101.0h
Step  37570 | loss 5.8782 | lr 3.00e-04 | grad 0.96 | 32.8k tok/s | cert -6.78→-6.12 | ticks [6.627 6.363 5.673 5.639] | 154M tok | ETA 101.0h
Step  37580 | loss 5.8482 | lr 3.00e-04 | grad 0.80 | 32.8k tok/s | cert -8.50→-6.12 | ticks [7.174 6.177 5.754 5.725] | 154M tok | ETA 101.0h
Step  37590 | loss 5.9223 | lr 3.00e-04 | grad 1.13 | 32.8k tok/s | cert -8.49→-6.67 | ticks [6.983 6.576 6.268 6.240] | 154M tok | ETA 101.0h
Step  37600 | loss 5.9955 | lr 3.00e-04 | grad 0.81 | 32.3k tok/s | cert -7.59→-6.16 | ticks [6.774 6.196 5.801 5.778] | 154M tok | ETA 101.0h
Step  37610 | loss 5.8639 | lr 3.00e-04 | grad 0.77 | 32.9k tok/s | cert -7.76→-6.20 | ticks [6.954 6.280 5.952 5.929] | 154M tok | ETA 101.0h
Step  37620 | loss 5.9348 | lr 3.00e-04 | grad 1.33 | 32.8k tok/s | cert -7.36→-6.13 | ticks [6.754 6.201 6.038 6.009] | 154M tok | ETA 101.0h
Step  37630 | loss 5.7909 | lr 3.00e-04 | grad 0.74 | 32.6k tok/s | cert -7.82→-6.11 | ticks [6.576 6.214 5.687 5.663] | 154M tok | ETA 101.0h
Step  37640 | loss 5.8989 | lr 3.00e-04 | grad 0.91 | 32.6k tok/s | cert -8.14→-6.34 | ticks [6.909 6.155 5.927 5.907] | 154M tok | ETA 101.0h
Step  37650 | loss 5.8579 | lr 3.00e-04 | grad 1.23 | 32.8k tok/s | cert -8.47→-6.66 | ticks [6.726 6.273 5.915 5.870] | 154M tok | ETA 101.0h
Step  37660 | loss 5.8468 | lr 3.00e-04 | grad 0.73 | 32.8k tok/s | cert -8.23→-6.12 | ticks [6.428 6.236 5.775 5.750] | 154M tok | ETA 101.0h
Step  37670 | loss 6.1059 | lr 3.00e-04 | grad 0.74 | 33.0k tok/s | cert -7.49→-6.03 | ticks [6.726 5.865 5.626 5.608] | 154M tok | ETA 101.0h
Step  37680 | loss 5.8408 | lr 3.00e-04 | grad 1.15 | 32.8k tok/s | cert -7.34→-6.10 | ticks [7.277 6.422 6.247 6.231] | 154M tok | ETA 101.0h
Step  37690 | loss 5.7960 | lr 3.00e-04 | grad 0.94 | 32.5k tok/s | cert -8.09→-5.96 | ticks [6.840 6.126 5.803 5.770] | 154M tok | ETA 101.0h
Step  37700 | loss 5.8028 | lr 3.00e-04 | grad 0.83 | 32.6k tok/s | cert -7.54→-6.20 | ticks [6.879 6.220 5.785 5.763] | 154M tok | ETA 101.0h
Step  37710 | loss 5.9062 | lr 3.00e-04 | grad 1.22 | 32.6k tok/s | cert -8.48→-6.24 | ticks [7.198 6.564 6.010 5.980] | 154M tok | ETA 101.0h
Step  37720 | loss 5.7589 | lr 3.00e-04 | grad 1.12 | 32.8k tok/s | cert -7.21→-6.17 | ticks [6.823 6.053 5.730 5.715] | 155M tok | ETA 101.0h
Step  37730 | loss 5.8306 | lr 3.00e-04 | grad 0.86 | 32.8k tok/s | cert -8.39→-6.08 | ticks [6.760 6.092 5.800 5.782] | 155M tok | ETA 101.0h
Step  37740 | loss 5.9126 | lr 3.00e-04 | grad 1.41 | 32.7k tok/s | cert -8.53→-6.63 | ticks [6.823 6.297 5.882 5.856] | 155M tok | ETA 101.0h
Step  37750 | loss 5.9046 | lr 3.00e-04 | grad 0.84 | 32.7k tok/s | cert -7.43→-6.19 | ticks [6.761 6.305 5.878 5.851] | 155M tok | ETA 101.0h
Step  37760 | loss 5.9353 | lr 3.00e-04 | grad 1.02 | 32.9k tok/s | cert -7.87→-6.82 | ticks [7.361 6.681 6.255 6.236] | 155M tok | ETA 101.0h
Step  37770 | loss 5.8910 | lr 3.00e-04 | grad 1.11 | 32.6k tok/s | cert -7.45→-6.51 | ticks [7.273 6.412 6.094 6.072] | 155M tok | ETA 101.0h
Step  37780 | loss 6.0585 | lr 3.00e-04 | grad 1.00 | 32.9k tok/s | cert -7.93→-6.36 | ticks [7.046 6.278 6.155 6.135] | 155M tok | ETA 101.0h
Step  37790 | loss 6.0555 | lr 3.00e-04 | grad 0.71 | 32.7k tok/s | cert -8.20→-6.15 | ticks [6.742 6.225 5.803 5.777] | 155M tok | ETA 101.0h
Step  37800 | loss 5.8631 | lr 3.00e-04 | grad 1.46 | 32.5k tok/s | cert -6.54→-6.36 | ticks [6.960 6.044 5.820 5.794] | 155M tok | ETA 101.0h
Step  37810 | loss 5.8854 | lr 3.00e-04 | grad 1.00 | 33.0k tok/s | cert -7.48→-6.21 | ticks [6.917 6.274 6.049 6.035] | 155M tok | ETA 101.0h
Step  37820 | loss 6.0420 | lr 3.00e-04 | grad 0.96 | 32.3k tok/s | cert -7.03→-5.99 | ticks [7.216 6.064 5.819 5.800] | 155M tok | ETA 101.0h
Step  37830 | loss 5.9589 | lr 3.00e-04 | grad 0.87 | 32.8k tok/s | cert -7.65→-6.56 | ticks [6.881 6.537 6.087 6.068] | 155M tok | ETA 101.0h
Step  37840 | loss 5.8651 | lr 3.00e-04 | grad 0.90 | 32.1k tok/s | cert -6.98→-6.32 | ticks [7.225 6.443 6.195 6.176] | 155M tok | ETA 101.0h
Step  37850 | loss 5.7912 | lr 3.00e-04 | grad 0.84 | 32.8k tok/s | cert -7.29→-6.07 | ticks [6.506 6.018 5.685 5.662] | 155M tok | ETA 101.0h
Step  37860 | loss 5.7841 | lr 3.00e-04 | grad 1.10 | 32.6k tok/s | cert -6.26→-6.30 | ticks [7.359 6.087 5.831 5.809] | 155M tok | ETA 101.0h
Step  37870 | loss 5.9698 | lr 3.00e-04 | grad 1.16 | 32.7k tok/s | cert -8.67→-6.59 | ticks [6.785 6.223 5.948 5.922] | 155M tok | ETA 101.0h
Step  37880 | loss 5.8334 | lr 3.00e-04 | grad 0.80 | 32.9k tok/s | cert -7.07→-6.08 | ticks [6.969 6.060 5.838 5.823] | 155M tok | ETA 101.0h
Step  37890 | loss 5.9810 | lr 3.00e-04 | grad 0.96 | 32.6k tok/s | cert -7.99→-6.49 | ticks [6.892 6.323 5.993 5.968] | 155M tok | ETA 101.0h
Step  37900 | loss 5.9191 | lr 3.00e-04 | grad 1.16 | 32.5k tok/s | cert -7.29→-6.41 | ticks [7.330 6.556 6.312 6.296] | 155M tok | ETA 101.0h
Step  37910 | loss 5.7650 | lr 3.00e-04 | grad 0.85 | 32.7k tok/s | cert -7.99→-6.46 | ticks [6.739 6.249 6.050 6.032] | 155M tok | ETA 101.0h
Step  37920 | loss 5.8573 | lr 3.00e-04 | grad 0.81 | 32.8k tok/s | cert -8.83→-6.49 | ticks [6.898 6.236 5.928 5.900] | 155M tok | ETA 101.0h
Step  37930 | loss 5.7500 | lr 3.00e-04 | grad 0.73 | 32.6k tok/s | cert -7.57→-6.23 | ticks [6.816 6.369 5.932 5.902] | 155M tok | ETA 101.0h
Step  37940 | loss 5.9035 | lr 3.00e-04 | grad 0.81 | 32.6k tok/s | cert -8.22→-6.34 | ticks [6.687 6.740 6.032 6.003] | 155M tok | ETA 101.0h
Step  37950 | loss 6.0025 | lr 3.00e-04 | grad 0.95 | 32.7k tok/s | cert -8.43→-6.69 | ticks [6.982 6.529 6.099 6.081] | 155M tok | ETA 101.0h
Step  37960 | loss 5.9801 | lr 3.00e-04 | grad 0.87 | 32.6k tok/s | cert -7.89→-6.36 | ticks [6.651 6.267 5.777 5.763] | 155M tok | ETA 101.0h
Step  37970 | loss 5.7887 | lr 3.00e-04 | grad 0.90 | 32.4k tok/s | cert -7.93→-6.53 | ticks [6.909 6.190 5.900 5.882] | 156M tok | ETA 101.0h
Step  37980 | loss 5.8192 | lr 3.00e-04 | grad 0.81 | 32.8k tok/s | cert -7.48→-6.30 | ticks [6.941 6.334 5.753 5.722] | 156M tok | ETA 101.0h
Step  37990 | loss 5.8049 | lr 3.00e-04 | grad 0.74 | 32.6k tok/s | cert -8.16→-6.41 | ticks [6.912 6.474 6.086 6.065] | 156M tok | ETA 101.0h
Step  38000 | loss 5.8462 | lr 3.00e-04 | grad 0.79 | 33.0k tok/s | cert -7.22→-6.22 | ticks [6.881 6.270 5.900 5.883] | 156M tok | ETA 101.0h
Step  38010 | loss 5.8257 | lr 3.00e-04 | grad 0.98 | 32.8k tok/s | cert -8.20→-6.27 | ticks [7.055 6.469 6.124 6.099] | 156M tok | ETA 101.0h
Step  38020 | loss 5.8523 | lr 3.00e-04 | grad 0.89 | 32.7k tok/s | cert -7.30→-6.02 | ticks [6.654 6.062 5.722 5.701] | 156M tok | ETA 101.0h
Step  38030 | loss 5.7552 | lr 3.00e-04 | grad 0.83 | 32.8k tok/s | cert -8.59→-6.21 | ticks [6.895 6.615 6.057 6.031] | 156M tok | ETA 101.0h
Step  38040 | loss 5.8678 | lr 3.00e-04 | grad 0.92 | 32.7k tok/s | cert -7.53→-6.55 | ticks [6.864 6.794 6.002 5.978] | 156M tok | ETA 101.0h
Step  38050 | loss 6.0545 | lr 3.00e-04 | grad 1.30 | 32.9k tok/s | cert -7.49→-6.63 | ticks [7.258 6.734 6.622 6.606] | 156M tok | ETA 101.0h
Step  38060 | loss 5.9565 | lr 3.00e-04 | grad 0.78 | 32.9k tok/s | cert -7.07→-6.41 | ticks [7.264 6.414 6.111 6.081] | 156M tok | ETA 101.0h
Step  38070 | loss 5.9310 | lr 3.00e-04 | grad 0.80 | 32.8k tok/s | cert -8.21→-6.47 | ticks [6.733 6.748 5.932 5.894] | 156M tok | ETA 101.0h
Step  38080 | loss 5.9035 | lr 3.00e-04 | grad 1.00 | 32.6k tok/s | cert -7.69→-6.60 | ticks [7.097 6.514 6.223 6.209] | 156M tok | ETA 101.0h
Step  38090 | loss 5.7502 | lr 3.00e-04 | grad 1.26 | 33.0k tok/s | cert -8.87→-6.59 | ticks [7.192 6.714 6.324 6.308] | 156M tok | ETA 101.0h
Step  38100 | loss 5.7445 | lr 3.00e-04 | grad 0.67 | 32.6k tok/s | cert -8.00→-6.29 | ticks [6.851 6.162 5.868 5.838] | 156M tok | ETA 101.0h
Step  38110 | loss 5.9086 | lr 3.00e-04 | grad 0.96 | 32.7k tok/s | cert -7.54→-5.93 | ticks [6.760 5.935 5.625 5.604] | 156M tok | ETA 100.9h
Step  38120 | loss 6.0422 | lr 3.00e-04 | grad 0.98 | 32.8k tok/s | cert -6.41→-5.94 | ticks [7.082 6.034 5.700 5.675] | 156M tok | ETA 100.9h
Step  38130 | loss 5.9230 | lr 3.00e-04 | grad 0.99 | 32.8k tok/s | cert -7.90→-6.48 | ticks [6.820 6.493 6.196 6.176] | 156M tok | ETA 100.9h
Step  38140 | loss 6.0167 | lr 3.00e-04 | grad 1.11 | 32.7k tok/s | cert -8.28→-6.95 | ticks [7.154 7.045 6.270 6.254] | 156M tok | ETA 100.9h
Step  38150 | loss 5.9685 | lr 3.00e-04 | grad 0.97 | 32.6k tok/s | cert -7.81→-6.55 | ticks [6.813 6.297 5.789 5.758] | 156M tok | ETA 101.0h
Step  38160 | loss 5.8773 | lr 3.00e-04 | grad 0.76 | 32.6k tok/s | cert -7.74→-6.47 | ticks [6.836 6.429 6.266 6.256] | 156M tok | ETA 100.9h
Step  38170 | loss 5.8913 | lr 3.00e-04 | grad 1.20 | 33.0k tok/s | cert -7.33→-6.39 | ticks [6.967 6.557 6.165 6.139] | 156M tok | ETA 100.9h
Step  38180 | loss 6.0467 | lr 3.00e-04 | grad 1.57 | 32.8k tok/s | cert -6.62→-5.91 | ticks [7.123 6.325 6.028 6.015] | 156M tok | ETA 100.9h
Step  38190 | loss 5.7091 | lr 3.00e-04 | grad 0.79 | 32.9k tok/s | cert -7.99→-6.52 | ticks [6.762 6.915 6.026 6.002] | 156M tok | ETA 100.9h
Step  38200 | loss 5.8865 | lr 3.00e-04 | grad 0.94 | 32.7k tok/s | cert -7.52→-6.59 | ticks [7.371 6.330 6.169 6.155] | 156M tok | ETA 100.9h
Step  38210 | loss 5.8498 | lr 3.00e-04 | grad 0.94 | 32.7k tok/s | cert -6.46→-6.48 | ticks [7.520 6.478 6.160 6.139] | 157M tok | ETA 100.9h
Step  38220 | loss 5.9516 | lr 3.00e-04 | grad 0.96 | 32.9k tok/s | cert -8.42→-6.47 | ticks [6.880 6.332 6.027 6.000] | 157M tok | ETA 100.9h
Step  38230 | loss 5.9511 | lr 3.00e-04 | grad 0.81 | 32.4k tok/s | cert -8.67→-6.50 | ticks [7.182 6.510 6.128 6.111] | 157M tok | ETA 100.9h
Step  38240 | loss 5.9102 | lr 3.00e-04 | grad 0.99 | 32.5k tok/s | cert -7.70→-6.44 | ticks [6.774 6.348 6.034 6.013] | 157M tok | ETA 100.9h
Step  38250 | loss 5.9756 | lr 3.00e-04 | grad 0.74 | 32.5k tok/s | cert -8.53→-6.60 | ticks [7.068 6.482 6.286 6.268] | 157M tok | ETA 100.9h
Step  38260 | loss 5.9182 | lr 3.00e-04 | grad 0.98 | 32.4k tok/s | cert -7.96→-6.29 | ticks [6.559 6.440 5.889 5.872] | 157M tok | ETA 100.9h
Step  38270 | loss 5.9284 | lr 3.00e-04 | grad 0.79 | 32.8k tok/s | cert -7.68→-6.67 | ticks [7.018 6.455 6.144 6.119] | 157M tok | ETA 100.9h
Step  38280 | loss 6.0637 | lr 3.00e-04 | grad 1.10 | 32.6k tok/s | cert -6.92→-6.80 | ticks [7.310 6.365 6.198 6.181] | 157M tok | ETA 100.9h
Step  38290 | loss 5.9202 | lr 3.00e-04 | grad 0.73 | 32.8k tok/s | cert -7.78→-6.34 | ticks [6.960 6.483 5.961 5.940] | 157M tok | ETA 100.9h
Step  38300 | loss 5.8669 | lr 3.00e-04 | grad 1.05 | 32.9k tok/s | cert -6.78→-6.39 | ticks [7.085 6.596 6.009 5.981] | 157M tok | ETA 100.9h
Step  38310 | loss 5.8331 | lr 3.00e-04 | grad 1.12 | 33.0k tok/s | cert -5.89→-6.28 | ticks [6.845 6.053 5.630 5.598] | 157M tok | ETA 100.9h
Step  38320 | loss 5.9211 | lr 3.00e-04 | grad 0.73 | 32.9k tok/s | cert -7.52→-6.40 | ticks [6.958 6.551 6.035 6.013] | 157M tok | ETA 100.9h
Step  38330 | loss 6.0459 | lr 3.00e-04 | grad 0.72 | 32.7k tok/s | cert -7.29→-6.10 | ticks [6.753 6.067 5.803 5.787] | 157M tok | ETA 100.9h
Step  38340 | loss 5.9836 | lr 3.00e-04 | grad 0.83 | 32.9k tok/s | cert -8.44→-6.30 | ticks [6.508 6.204 5.741 5.719] | 157M tok | ETA 100.9h
Step  38350 | loss 5.9437 | lr 3.00e-04 | grad 0.83 | 33.0k tok/s | cert -8.22→-6.45 | ticks [7.159 6.472 6.150 6.124] | 157M tok | ETA 100.9h
Step  38360 | loss 5.8315 | lr 3.00e-04 | grad 1.04 | 32.4k tok/s | cert -8.30→-6.10 | ticks [6.783 6.018 5.541 5.512] | 157M tok | ETA 100.9h
Step  38370 | loss 5.8781 | lr 3.00e-04 | grad 1.23 | 33.0k tok/s | cert -3.86→-6.09 | ticks [7.901 6.061 5.802 5.771] | 157M tok | ETA 100.9h
Step  38380 | loss 6.0442 | lr 3.00e-04 | grad 0.80 | 32.5k tok/s | cert -8.38→-6.25 | ticks [6.984 6.514 6.043 6.022] | 157M tok | ETA 100.9h
Step  38390 | loss 5.9802 | lr 3.00e-04 | grad 1.29 | 33.0k tok/s | cert -7.28→-6.46 | ticks [7.023 6.145 5.986 5.967] | 157M tok | ETA 100.9h
Step  38400 | loss 5.9536 | lr 3.00e-04 | grad 0.80 | 32.9k tok/s | cert -6.80→-6.10 | ticks [6.979 6.130 5.754 5.739] | 157M tok | ETA 100.9h
Step  38410 | loss 5.9304 | lr 3.00e-04 | grad 0.85 | 32.6k tok/s | cert -7.77→-6.42 | ticks [7.022 6.336 5.797 5.780] | 157M tok | ETA 100.9h
Step  38420 | loss 5.9142 | lr 3.00e-04 | grad 1.07 | 32.7k tok/s | cert -8.59→-6.53 | ticks [6.851 6.066 5.675 5.656] | 157M tok | ETA 100.9h
Step  38430 | loss 5.9906 | lr 3.00e-04 | grad 0.73 | 32.7k tok/s | cert -7.24→-6.51 | ticks [7.399 6.456 6.140 6.119] | 157M tok | ETA 100.9h
Step  38440 | loss 5.9330 | lr 3.00e-04 | grad 0.82 | 32.8k tok/s | cert -8.01→-6.59 | ticks [7.109 6.422 6.149 6.129] | 157M tok | ETA 100.9h
Step  38450 | loss 5.9554 | lr 3.00e-04 | grad 0.79 | 32.7k tok/s | cert -8.17→-6.26 | ticks [6.593 6.327 5.744 5.719] | 157M tok | ETA 100.9h
Step  38460 | loss 5.7964 | lr 3.00e-04 | grad 1.74 | 33.0k tok/s | cert -7.29→-6.94 | ticks [6.906 6.467 6.037 6.016] | 158M tok | ETA 100.9h
Step  38470 | loss 5.7818 | lr 3.00e-04 | grad 1.06 | 32.9k tok/s | cert -7.66→-6.13 | ticks [6.904 6.297 6.086 6.069] | 158M tok | ETA 100.9h
Step  38480 | loss 6.0381 | lr 3.00e-04 | grad 0.94 | 32.7k tok/s | cert -6.49→-6.38 | ticks [7.348 6.417 6.187 6.173] | 158M tok | ETA 100.9h
Step  38490 | loss 5.7833 | lr 3.00e-04 | grad 0.76 | 32.5k tok/s | cert -8.04→-6.18 | ticks [6.671 6.171 5.792 5.776] | 158M tok | ETA 100.9h
Step  38500 | loss 5.9989 | lr 3.00e-04 | grad 0.75 | 32.9k tok/s | cert -7.78→-6.54 | ticks [7.078 6.384 6.195 6.172] | 158M tok | ETA 100.9h
Step  38510 | loss 6.0809 | lr 3.00e-04 | grad 0.84 | 32.6k tok/s | cert -7.85→-6.22 | ticks [6.837 6.090 5.800 5.777] | 158M tok | ETA 100.9h
Step  38520 | loss 5.9181 | lr 3.00e-04 | grad 1.01 | 32.8k tok/s | cert -6.82→-6.46 | ticks [7.223 6.650 6.067 6.051] | 158M tok | ETA 100.9h
Step  38530 | loss 5.8298 | lr 3.00e-04 | grad 0.96 | 32.8k tok/s | cert -7.62→-6.46 | ticks [6.880 6.250 5.886 5.868] | 158M tok | ETA 100.9h
Step  38540 | loss 5.8639 | lr 3.00e-04 | grad 1.14 | 33.0k tok/s | cert -8.36→-6.76 | ticks [6.603 6.521 6.036 6.016] | 158M tok | ETA 100.9h
Step  38550 | loss 5.9771 | lr 3.00e-04 | grad 1.02 | 32.7k tok/s | cert -7.27→-6.04 | ticks [6.712 6.063 5.822 5.807] | 158M tok | ETA 100.9h
Step  38560 | loss 5.8314 | lr 3.00e-04 | grad 0.87 | 32.7k tok/s | cert -8.07→-6.30 | ticks [6.747 6.095 5.918 5.896] | 158M tok | ETA 100.9h
Step  38570 | loss 5.9411 | lr 3.00e-04 | grad 0.95 | 32.4k tok/s | cert -5.44→-6.17 | ticks [6.953 6.183 5.682 5.662] | 158M tok | ETA 100.9h
Step  38580 | loss 5.8393 | lr 3.00e-04 | grad 0.72 | 32.8k tok/s | cert -7.96→-6.47 | ticks [6.665 6.621 5.919 5.887] | 158M tok | ETA 100.9h
Step  38590 | loss 5.9682 | lr 3.00e-04 | grad 0.86 | 32.6k tok/s | cert -8.58→-6.63 | ticks [6.910 6.633 6.262 6.245] | 158M tok | ETA 100.9h
Step  38600 | loss 5.7771 | lr 3.00e-04 | grad 1.06 | 32.8k tok/s | cert -7.59→-6.30 | ticks [6.835 6.041 5.647 5.633] | 158M tok | ETA 100.9h
Step  38610 | loss 5.9469 | lr 3.00e-04 | grad 0.82 | 32.9k tok/s | cert -7.25→-6.50 | ticks [6.985 6.337 6.037 6.020] | 158M tok | ETA 100.9h
Step  38620 | loss 5.7684 | lr 3.00e-04 | grad 0.77 | 32.7k tok/s | cert -7.68→-6.41 | ticks [6.458 6.595 5.795 5.767] | 158M tok | ETA 100.9h
Step  38630 | loss 5.9274 | lr 3.00e-04 | grad 1.27 | 32.5k tok/s | cert -8.48→-6.71 | ticks [7.087 6.280 6.073 6.056] | 158M tok | ETA 100.9h
Step  38640 | loss 5.8220 | lr 3.00e-04 | grad 0.99 | 32.4k tok/s | cert -6.66→-6.10 | ticks [6.906 5.998 5.751 5.724] | 158M tok | ETA 100.9h
Step  38650 | loss 5.8179 | lr 3.00e-04 | grad 0.78 | 32.6k tok/s | cert -7.10→-5.94 | ticks [6.534 5.762 5.388 5.365] | 158M tok | ETA 100.9h
Step  38660 | loss 5.8874 | lr 3.00e-04 | grad 2.20 | 32.4k tok/s | cert -8.27→-6.65 | ticks [7.120 6.461 6.359 6.350] | 158M tok | ETA 100.9h
Step  38670 | loss 5.9620 | lr 3.00e-04 | grad 0.79 | 32.6k tok/s | cert -7.69→-6.66 | ticks [7.101 6.315 6.077 6.057] | 158M tok | ETA 100.9h
Step  38680 | loss 5.7656 | lr 3.00e-04 | grad 0.73 | 32.9k tok/s | cert -7.31→-6.17 | ticks [6.538 6.216 5.775 5.758] | 158M tok | ETA 100.9h
Step  38690 | loss 5.9663 | lr 3.00e-04 | grad 0.97 | 32.5k tok/s | cert -6.59→-6.69 | ticks [7.165 6.453 6.209 6.184] | 158M tok | ETA 100.9h
Step  38700 | loss 6.2667 | lr 3.00e-04 | grad 0.90 | 32.7k tok/s | cert -6.89→-6.08 | ticks [6.807 6.303 5.804 5.785] | 159M tok | ETA 100.9h
Step  38710 | loss 5.9534 | lr 3.00e-04 | grad 1.42 | 33.1k tok/s | cert -7.68→-6.04 | ticks [6.509 6.342 5.814 5.788] | 159M tok | ETA 100.9h
Step  38720 | loss 5.9886 | lr 3.00e-04 | grad 1.06 | 33.2k tok/s | cert -8.48→-6.75 | ticks [7.079 6.570 6.403 6.375] | 159M tok | ETA 100.9h
Step  38730 | loss 5.8866 | lr 3.00e-04 | grad 0.74 | 32.9k tok/s | cert -6.50→-6.07 | ticks [6.755 5.897 5.710 5.692] | 159M tok | ETA 100.9h
Step  38740 | loss 5.5167 | lr 3.00e-04 | grad 0.97 | 32.9k tok/s | cert -6.17→-5.36 | ticks [6.625 5.357 5.231 5.220] | 159M tok | ETA 100.9h
Step  38750 | loss 5.7637 | lr 3.00e-04 | grad 0.80 | 32.5k tok/s | cert -5.85→-6.00 | ticks [6.875 5.861 5.604 5.585] | 159M tok | ETA 100.9h
Step  38760 | loss 5.8685 | lr 3.00e-04 | grad 0.90 | 32.7k tok/s | cert -7.73→-6.64 | ticks [7.250 6.521 6.130 6.110] | 159M tok | ETA 100.9h
Step  38770 | loss 6.0065 | lr 3.00e-04 | grad 1.12 | 32.8k tok/s | cert -7.87→-6.55 | ticks [6.733 7.217 6.023 6.002] | 159M tok | ETA 100.9h
Step  38780 | loss 5.8734 | lr 3.00e-04 | grad 0.93 | 33.0k tok/s | cert -8.37→-6.65 | ticks [6.616 6.171 5.827 5.805] | 159M tok | ETA 100.9h
Step  38790 | loss 5.8548 | lr 3.00e-04 | grad 0.84 | 32.3k tok/s | cert -6.71→-6.36 | ticks [7.438 6.231 5.955 5.940] | 159M tok | ETA 100.9h
Step  38800 | loss 5.9270 | lr 3.00e-04 | grad 0.74 | 32.8k tok/s | cert -8.08→-6.46 | ticks [6.782 6.429 5.993 5.975] | 159M tok | ETA 100.9h
Step  38810 | loss 5.8491 | lr 3.00e-04 | grad 0.74 | 32.8k tok/s | cert -8.64→-6.36 | ticks [6.869 6.322 5.852 5.825] | 159M tok | ETA 100.9h
Step  38820 | loss 5.8759 | lr 3.00e-04 | grad 0.83 | 32.5k tok/s | cert -7.78→-6.32 | ticks [7.181 6.142 6.013 5.995] | 159M tok | ETA 100.9h
Step  38830 | loss 6.2697 | lr 3.00e-04 | grad 0.73 | 33.0k tok/s | cert -8.03→-6.52 | ticks [6.880 6.501 6.077 6.058] | 159M tok | ETA 100.9h
Step  38840 | loss 5.8054 | lr 3.00e-04 | grad 0.84 | 32.8k tok/s | cert -7.23→-6.46 | ticks [6.975 6.156 5.946 5.926] | 159M tok | ETA 100.9h
Step  38850 | loss 6.0842 | lr 3.00e-04 | grad 0.77 | 32.9k tok/s | cert -7.77→-6.44 | ticks [6.946 6.752 6.064 6.043] | 159M tok | ETA 100.9h
Step  38860 | loss 5.9495 | lr 3.00e-04 | grad 0.79 | 32.9k tok/s | cert -8.06→-6.60 | ticks [6.969 6.607 6.161 6.146] | 159M tok | ETA 100.9h
Step  38870 | loss 5.7984 | lr 3.00e-04 | grad 0.68 | 32.9k tok/s | cert -7.87→-6.08 | ticks [6.480 6.129 5.756 5.736] | 159M tok | ETA 100.9h
Step  38880 | loss 5.8356 | lr 3.00e-04 | grad 1.01 | 32.6k tok/s | cert -8.04→-6.31 | ticks [6.906 6.392 6.116 6.093] | 159M tok | ETA 100.9h
Step  38890 | loss 5.9037 | lr 3.00e-04 | grad 1.26 | 32.3k tok/s | cert -6.75→-6.49 | ticks [6.955 6.567 6.089 6.066] | 159M tok | ETA 100.9h
Step  38900 | loss 5.8526 | lr 3.00e-04 | grad 1.09 | 32.8k tok/s | cert -7.91→-6.68 | ticks [7.405 6.605 6.322 6.306] | 159M tok | ETA 100.9h
Step  38910 | loss 6.0037 | lr 3.00e-04 | grad 0.94 | 32.5k tok/s | cert -8.14→-6.73 | ticks [6.899 6.620 6.014 5.992] | 159M tok | ETA 100.9h
Step  38920 | loss 5.7889 | lr 3.00e-04 | grad 0.75 | 33.0k tok/s | cert -7.75→-5.95 | ticks [6.316 5.798 5.406 5.372] | 159M tok | ETA 100.9h
Step  38930 | loss 5.9271 | lr 3.00e-04 | grad 0.82 | 32.6k tok/s | cert -8.31→-6.21 | ticks [6.655 6.282 5.821 5.800] | 159M tok | ETA 100.9h
Step  38940 | loss 6.0041 | lr 3.00e-04 | grad 1.03 | 32.3k tok/s | cert -8.25→-6.38 | ticks [6.866 6.362 5.984 5.968] | 160M tok | ETA 100.9h
Step  38950 | loss 5.8352 | lr 3.00e-04 | grad 1.06 | 33.0k tok/s | cert -8.07→-6.56 | ticks [7.007 6.363 6.011 5.993] | 160M tok | ETA 100.9h
Step  38960 | loss 5.8028 | lr 3.00e-04 | grad 0.77 | 32.9k tok/s | cert -6.64→-6.04 | ticks [6.885 5.997 5.637 5.626] | 160M tok | ETA 100.9h
Step  38970 | loss 6.0454 | lr 3.00e-04 | grad 0.73 | 32.9k tok/s | cert -8.71→-6.43 | ticks [6.935 6.392 6.111 6.080] | 160M tok | ETA 100.9h
Step  38980 | loss 5.9088 | lr 3.00e-04 | grad 1.34 | 32.9k tok/s | cert -7.20→-6.35 | ticks [7.158 6.612 6.102 6.086] | 160M tok | ETA 100.9h
Step  38990 | loss 5.9795 | lr 3.00e-04 | grad 0.77 | 33.0k tok/s | cert -7.91→-6.28 | ticks [6.653 6.237 5.985 5.968] | 160M tok | ETA 100.9h
Step  39000 | loss 5.7799 | lr 3.00e-04 | grad 0.76 | 32.7k tok/s | cert -8.25→-6.19 | ticks [6.615 6.001 5.788 5.771] | 160M tok | ETA 100.9h
Step  39010 | loss 5.9584 | lr 3.00e-04 | grad 0.97 | 32.6k tok/s | cert -8.02→-6.26 | ticks [6.895 6.402 5.791 5.758] | 160M tok | ETA 100.9h
Step  39020 | loss 5.9927 | lr 3.00e-04 | grad 0.70 | 32.8k tok/s | cert -8.68→-6.34 | ticks [6.795 6.249 5.762 5.741] | 160M tok | ETA 100.9h
Step  39030 | loss 5.7219 | lr 3.00e-04 | grad 0.79 | 32.6k tok/s | cert -7.51→-6.13 | ticks [6.715 6.328 5.708 5.682] | 160M tok | ETA 100.9h
Step  39040 | loss 5.8637 | lr 3.00e-04 | grad 1.36 | 32.7k tok/s | cert -7.66→-6.27 | ticks [6.574 5.952 5.596 5.569] | 160M tok | ETA 100.9h
Step  39050 | loss 5.9670 | lr 3.00e-04 | grad 0.95 | 32.9k tok/s | cert -8.14→-6.62 | ticks [6.972 6.337 6.120 6.103] | 160M tok | ETA 100.9h
Step  39060 | loss 6.0947 | lr 3.00e-04 | grad 1.32 | 32.7k tok/s | cert -7.74→-7.09 | ticks [7.266 6.605 6.396 6.365] | 160M tok | ETA 100.9h
Step  39070 | loss 5.9792 | lr 3.00e-04 | grad 1.07 | 32.8k tok/s | cert -7.47→-6.67 | ticks [6.963 6.251 6.004 5.990] | 160M tok | ETA 100.9h
Step  39080 | loss 5.8781 | lr 3.00e-04 | grad 1.05 | 32.7k tok/s | cert -8.22→-6.49 | ticks [6.588 6.360 5.786 5.760] | 160M tok | ETA 100.9h
Step  39090 | loss 5.8572 | lr 3.00e-04 | grad 0.72 | 32.7k tok/s | cert -7.77→-6.16 | ticks [6.886 6.496 5.914 5.888] | 160M tok | ETA 100.9h
Step  39100 | loss 5.7374 | lr 3.00e-04 | grad 0.70 | 32.7k tok/s | cert -7.27→-6.02 | ticks [6.820 5.905 5.590 5.563] | 160M tok | ETA 100.9h
Step  39110 | loss 5.8051 | lr 3.00e-04 | grad 0.97 | 32.9k tok/s | cert -8.27→-6.25 | ticks [6.648 5.886 5.696 5.681] | 160M tok | ETA 100.9h
Step  39120 | loss 5.7943 | lr 3.00e-04 | grad 0.87 | 32.7k tok/s | cert -6.14→-6.54 | ticks [7.470 6.123 5.865 5.840] | 160M tok | ETA 100.9h
Step  39130 | loss 6.0152 | lr 3.00e-04 | grad 1.11 | 32.4k tok/s | cert -8.36→-6.72 | ticks [6.936 6.635 6.012 5.994] | 160M tok | ETA 100.9h
Step  39140 | loss 5.9123 | lr 3.00e-04 | grad 1.00 | 32.8k tok/s | cert -7.14→-5.97 | ticks [7.022 5.869 5.669 5.648] | 160M tok | ETA 100.8h
Step  39150 | loss 5.9334 | lr 3.00e-04 | grad 0.98 | 32.7k tok/s | cert -7.86→-5.98 | ticks [6.884 6.235 5.874 5.850] | 160M tok | ETA 100.8h
Step  39160 | loss 5.8732 | lr 3.00e-04 | grad 0.93 | 32.2k tok/s | cert -7.22→-6.01 | ticks [6.753 6.160 5.771 5.746] | 160M tok | ETA 100.8h
Step  39170 | loss 5.8599 | lr 3.00e-04 | grad 1.42 | 32.5k tok/s | cert -6.59→-6.05 | ticks [7.438 6.477 6.048 6.021] | 160M tok | ETA 100.8h
Step  39180 | loss 5.8146 | lr 3.00e-04 | grad 0.90 | 33.0k tok/s | cert -6.98→-6.40 | ticks [7.028 6.097 5.812 5.792] | 160M tok | ETA 100.8h
Step  39190 | loss 5.9983 | lr 3.00e-04 | grad 1.07 | 32.6k tok/s | cert -7.80→-6.39 | ticks [6.955 6.184 5.872 5.852] | 161M tok | ETA 100.8h
Step  39200 | loss 6.3377 | lr 3.00e-04 | grad 0.94 | 32.6k tok/s | cert -7.69→-6.40 | ticks [6.795 6.431 5.990 5.964] | 161M tok | ETA 100.8h
Step  39210 | loss 5.7720 | lr 3.00e-04 | grad 0.73 | 32.8k tok/s | cert -7.65→-6.00 | ticks [6.500 5.832 5.471 5.445] | 161M tok | ETA 100.8h
Step  39220 | loss 5.8931 | lr 3.00e-04 | grad 0.75 | 32.9k tok/s | cert -7.97→-6.35 | ticks [6.789 6.505 5.859 5.841] | 161M tok | ETA 100.8h
Step  39230 | loss 5.8869 | lr 3.00e-04 | grad 0.69 | 32.7k tok/s | cert -7.61→-6.18 | ticks [6.585 6.291 5.804 5.783] | 161M tok | ETA 100.8h
Step  39240 | loss 5.8145 | lr 3.00e-04 | grad 0.78 | 32.6k tok/s | cert -8.75→-6.45 | ticks [6.904 6.208 5.956 5.935] | 161M tok | ETA 100.8h
Step  39250 | loss 5.8927 | lr 3.00e-04 | grad 1.08 | 32.7k tok/s | cert -6.40→-6.07 | ticks [6.927 5.948 5.646 5.618] | 161M tok | ETA 100.8h
Step  39260 | loss 5.8638 | lr 3.00e-04 | grad 1.05 | 32.9k tok/s | cert -7.09→-5.94 | ticks [6.490 5.915 5.698 5.674] | 161M tok | ETA 100.8h
Step  39270 | loss 5.9050 | lr 3.00e-04 | grad 0.70 | 33.0k tok/s | cert -7.39→-6.11 | ticks [6.744 6.098 5.725 5.698] | 161M tok | ETA 100.8h
Step  39280 | loss 5.9697 | lr 3.00e-04 | grad 0.75 | 32.3k tok/s | cert -7.62→-6.65 | ticks [7.028 6.309 6.082 6.063] | 161M tok | ETA 100.8h
Step  39290 | loss 5.8575 | lr 3.00e-04 | grad 0.73 | 32.6k tok/s | cert -7.87→-6.14 | ticks [6.855 6.294 5.916 5.895] | 161M tok | ETA 100.8h
Step  39300 | loss 5.7926 | lr 3.00e-04 | grad 0.71 | 32.8k tok/s | cert -7.32→-6.19 | ticks [6.853 6.226 5.916 5.894] | 161M tok | ETA 100.8h
Step  39310 | loss 5.9423 | lr 3.00e-04 | grad 0.80 | 32.7k tok/s | cert -7.82→-6.39 | ticks [7.080 6.222 5.970 5.949] | 161M tok | ETA 100.8h
Step  39320 | loss 5.8580 | lr 3.00e-04 | grad 0.85 | 32.8k tok/s | cert -6.79→-6.31 | ticks [7.191 6.412 5.948 5.923] | 161M tok | ETA 100.8h
Step  39330 | loss 5.9273 | lr 3.00e-04 | grad 1.73 | 33.0k tok/s | cert -5.85→-6.95 | ticks [7.523 6.619 6.217 6.186] | 161M tok | ETA 100.8h
Step  39340 | loss 5.8599 | lr 3.00e-04 | grad 0.93 | 32.8k tok/s | cert -8.32→-6.64 | ticks [6.648 6.271 5.947 5.934] | 161M tok | ETA 100.8h
Step  39350 | loss 5.9331 | lr 3.00e-04 | grad 0.84 | 32.2k tok/s | cert -7.33→-6.26 | ticks [6.758 6.171 5.766 5.735] | 161M tok | ETA 100.8h
Step  39360 | loss 5.7743 | lr 3.00e-04 | grad 0.82 | 32.8k tok/s | cert -7.79→-5.90 | ticks [6.699 5.988 5.578 5.559] | 161M tok | ETA 100.8h
Step  39370 | loss 5.9158 | lr 3.00e-04 | grad 0.83 | 32.9k tok/s | cert -7.55→-6.61 | ticks [6.889 6.747 6.074 6.039] | 161M tok | ETA 100.8h
Step  39380 | loss 5.7962 | lr 3.00e-04 | grad 0.68 | 32.8k tok/s | cert -7.73→-6.25 | ticks [6.737 6.441 5.850 5.832] | 161M tok | ETA 100.8h
Step  39390 | loss 6.0015 | lr 3.00e-04 | grad 0.65 | 32.7k tok/s | cert -6.85→-6.26 | ticks [7.013 6.232 5.979 5.957] | 161M tok | ETA 100.8h
Step  39400 | loss 5.9870 | lr 3.00e-04 | grad 0.68 | 32.5k tok/s | cert -7.07→-6.31 | ticks [7.145 6.301 5.991 5.972] | 161M tok | ETA 100.8h
Step  39410 | loss 5.9630 | lr 3.00e-04 | grad 0.71 | 33.0k tok/s | cert -8.20→-6.48 | ticks [6.765 6.524 5.828 5.798] | 161M tok | ETA 100.8h
Step  39420 | loss 6.1292 | lr 3.00e-04 | grad 0.86 | 32.6k tok/s | cert -6.56→-6.24 | ticks [7.268 6.395 5.932 5.909] | 161M tok | ETA 100.8h
Step  39430 | loss 5.9520 | lr 3.00e-04 | grad 1.77 | 32.9k tok/s | cert -9.12→-7.08 | ticks [7.304 6.956 6.519 6.486] | 162M tok | ETA 100.8h
Step  39440 | loss 6.0376 | lr 3.00e-04 | grad 1.30 | 32.9k tok/s | cert -8.20→-6.11 | ticks [6.680 6.388 5.761 5.728] | 162M tok | ETA 100.8h
Step  39450 | loss 5.9237 | lr 3.00e-04 | grad 1.16 | 32.5k tok/s | cert -7.95→-6.20 | ticks [6.908 6.571 5.980 5.955] | 162M tok | ETA 100.8h
Step  39460 | loss 5.9521 | lr 3.00e-04 | grad 0.99 | 32.5k tok/s | cert -7.35→-6.02 | ticks [6.578 6.247 5.556 5.527] | 162M tok | ETA 100.8h
Step  39470 | loss 5.9487 | lr 3.00e-04 | grad 1.31 | 32.6k tok/s | cert -8.19→-6.54 | ticks [6.820 6.367 5.899 5.879] | 162M tok | ETA 100.8h
Step  39480 | loss 5.9329 | lr 3.00e-04 | grad 0.83 | 32.7k tok/s | cert -7.99→-6.31 | ticks [6.784 6.465 5.953 5.922] | 162M tok | ETA 100.8h
Step  39490 | loss 5.9760 | lr 3.00e-04 | grad 0.77 | 33.0k tok/s | cert -8.09→-6.49 | ticks [7.060 6.631 6.195 6.168] | 162M tok | ETA 100.8h
Step  39500 | loss 5.8529 | lr 3.00e-04 | grad 0.75 | 32.6k tok/s | cert -8.18→-6.43 | ticks [6.872 6.390 6.093 6.075] | 162M tok | ETA 100.8h
Step  39510 | loss 5.8791 | lr 3.00e-04 | grad 1.34 | 33.0k tok/s | cert -7.26→-6.46 | ticks [7.171 6.206 6.041 6.011] | 162M tok | ETA 100.8h
Step  39520 | loss 5.8988 | lr 3.00e-04 | grad 1.00 | 32.7k tok/s | cert -8.33→-6.10 | ticks [6.948 6.143 5.941 5.914] | 162M tok | ETA 100.8h
Step  39530 | loss 5.8698 | lr 3.00e-04 | grad 0.84 | 33.0k tok/s | cert -7.54→-6.25 | ticks [6.445 6.157 5.857 5.830] | 162M tok | ETA 100.8h
Step  39540 | loss 5.8660 | lr 3.00e-04 | grad 0.82 | 32.8k tok/s | cert -6.91→-5.99 | ticks [6.878 5.993 5.661 5.630] | 162M tok | ETA 100.8h
Step  39550 | loss 5.8029 | lr 3.00e-04 | grad 1.09 | 32.5k tok/s | cert -7.52→-6.46 | ticks [6.926 6.282 5.876 5.852] | 162M tok | ETA 100.8h
Step  39560 | loss 5.8648 | lr 3.00e-04 | grad 1.02 | 32.9k tok/s | cert -6.71→-6.30 | ticks [6.999 6.122 5.645 5.614] | 162M tok | ETA 100.8h
Step  39570 | loss 5.9688 | lr 3.00e-04 | grad 1.23 | 32.4k tok/s | cert -7.55→-6.57 | ticks [6.993 6.385 6.043 6.020] | 162M tok | ETA 100.8h
Step  39580 | loss 5.8143 | lr 3.00e-04 | grad 0.75 | 32.8k tok/s | cert -4.32→-6.30 | ticks [7.928 6.272 6.017 6.004] | 162M tok | ETA 100.8h
Step  39590 | loss 5.9218 | lr 3.00e-04 | grad 0.74 | 32.8k tok/s | cert -8.13→-6.07 | ticks [6.808 6.065 5.798 5.776] | 162M tok | ETA 100.8h
Step  39600 | loss 5.8664 | lr 3.00e-04 | grad 0.77 | 32.8k tok/s | cert -7.18→-6.28 | ticks [6.949 6.174 5.694 5.671] | 162M tok | ETA 100.8h
Step  39610 | loss 5.9740 | lr 3.00e-04 | grad 1.16 | 32.7k tok/s | cert -7.75→-6.15 | ticks [6.765 6.360 6.007 5.955] | 162M tok | ETA 100.8h
Step  39620 | loss 5.9213 | lr 3.00e-04 | grad 0.76 | 32.9k tok/s | cert -7.23→-6.48 | ticks [7.050 6.326 6.078 6.058] | 162M tok | ETA 100.8h
Step  39630 | loss 5.8021 | lr 3.00e-04 | grad 0.80 | 32.9k tok/s | cert -7.07→-6.36 | ticks [7.174 6.432 5.943 5.917] | 162M tok | ETA 100.8h
Step  39640 | loss 6.0328 | lr 3.00e-04 | grad 0.86 | 32.7k tok/s | cert -8.34→-6.00 | ticks [6.529 6.241 5.692 5.666] | 162M tok | ETA 100.8h
Step  39650 | loss 5.9192 | lr 3.00e-04 | grad 0.82 | 33.1k tok/s | cert -8.40→-6.44 | ticks [6.947 6.358 6.057 6.038] | 162M tok | ETA 100.8h
Step  39660 | loss 5.8671 | lr 3.00e-04 | grad 0.76 | 32.8k tok/s | cert -7.79→-6.36 | ticks [6.855 6.381 5.960 5.939] | 162M tok | ETA 100.8h
Step  39670 | loss 5.8495 | lr 3.00e-04 | grad 0.75 | 32.7k tok/s | cert -7.85→-6.37 | ticks [6.966 6.348 6.003 5.982] | 162M tok | ETA 100.8h
Step  39680 | loss 5.8550 | lr 3.00e-04 | grad 0.72 | 32.6k tok/s | cert -8.39→-6.21 | ticks [6.610 6.217 5.717 5.688] | 163M tok | ETA 100.8h
Step  39690 | loss 5.8273 | lr 3.00e-04 | grad 0.72 | 32.6k tok/s | cert -8.25→-6.33 | ticks [6.901 6.250 5.884 5.857] | 163M tok | ETA 100.8h
Step  39700 | loss 5.8094 | lr 3.00e-04 | grad 0.73 | 32.6k tok/s | cert -8.16→-6.11 | ticks [6.826 6.271 5.906 5.885] | 163M tok | ETA 100.8h
Step  39710 | loss 5.9491 | lr 3.00e-04 | grad 0.98 | 32.9k tok/s | cert -8.34→-6.56 | ticks [7.051 6.627 6.118 6.096] | 163M tok | ETA 100.8h
Step  39720 | loss 5.9006 | lr 3.00e-04 | grad 1.09 | 32.7k tok/s | cert -8.54→-6.87 | ticks [7.529 7.099 6.459 6.426] | 163M tok | ETA 100.8h
Step  39730 | loss 5.8766 | lr 3.00e-04 | grad 0.77 | 32.5k tok/s | cert -7.38→-5.85 | ticks [6.735 6.008 5.536 5.510] | 163M tok | ETA 100.8h
Step  39740 | loss 5.8454 | lr 3.00e-04 | grad 0.85 | 32.6k tok/s | cert -7.22→-6.10 | ticks [6.763 6.247 5.687 5.655] | 163M tok | ETA 100.8h
Step  39750 | loss 5.8343 | lr 3.00e-04 | grad 0.88 | 32.7k tok/s | cert -8.72→-6.42 | ticks [6.952 6.436 6.069 6.048] | 163M tok | ETA 100.8h
Step  39760 | loss 5.9501 | lr 3.00e-04 | grad 0.97 | 33.0k tok/s | cert -4.63→-6.75 | ticks [8.207 6.647 6.261 6.234] | 163M tok | ETA 100.8h
Step  39770 | loss 5.8341 | lr 3.00e-04 | grad 0.73 | 33.1k tok/s | cert -8.12→-6.15 | ticks [6.638 6.356 5.768 5.745] | 163M tok | ETA 100.8h
Step  39780 | loss 5.8652 | lr 3.00e-04 | grad 1.07 | 32.7k tok/s | cert -6.95→-6.40 | ticks [7.145 6.173 5.929 5.901] | 163M tok | ETA 100.8h
Step  39790 | loss 6.0086 | lr 3.00e-04 | grad 0.72 | 32.7k tok/s | cert -7.94→-6.32 | ticks [6.829 6.523 5.804 5.786] | 163M tok | ETA 100.8h
Step  39800 | loss 5.7731 | lr 3.00e-04 | grad 0.98 | 33.0k tok/s | cert -7.90→-5.99 | ticks [6.705 6.363 5.781 5.750] | 163M tok | ETA 100.8h
Step  39810 | loss 5.9502 | lr 3.00e-04 | grad 0.82 | 32.6k tok/s | cert -8.18→-6.00 | ticks [6.574 6.233 5.740 5.717] | 163M tok | ETA 100.8h
Step  39820 | loss 5.8985 | lr 3.00e-04 | grad 0.97 | 33.2k tok/s | cert -7.69→-6.11 | ticks [6.942 6.187 5.950 5.929] | 163M tok | ETA 100.8h
Step  39830 | loss 5.8081 | lr 3.00e-04 | grad 0.77 | 32.9k tok/s | cert -7.82→-6.09 | ticks [6.681 6.244 5.815 5.799] | 163M tok | ETA 100.8h
Step  39840 | loss 5.7135 | lr 3.00e-04 | grad 0.73 | 32.8k tok/s | cert -7.36→-6.19 | ticks [6.947 6.212 5.984 5.954] | 163M tok | ETA 100.8h
Step  39850 | loss 5.8435 | lr 3.00e-04 | grad 0.80 | 32.8k tok/s | cert -8.37→-6.58 | ticks [6.644 7.044 5.988 5.970] | 163M tok | ETA 100.8h
Step  39860 | loss 6.0074 | lr 3.00e-04 | grad 0.82 | 32.9k tok/s | cert -8.38→-7.01 | ticks [7.061 6.902 6.339 6.317] | 163M tok | ETA 100.8h
Step  39870 | loss 5.8490 | lr 3.00e-04 | grad 0.88 | 32.6k tok/s | cert -6.80→-6.29 | ticks [7.211 6.199 5.831 5.806] | 163M tok | ETA 100.8h
Step  39880 | loss 5.7253 | lr 3.00e-04 | grad 1.64 | 32.8k tok/s | cert -6.91→-5.85 | ticks [6.790 5.907 5.806 5.795] | 163M tok | ETA 100.8h
Step  39890 | loss 5.9275 | lr 3.00e-04 | grad 2.42 | 33.0k tok/s | cert -8.11→-7.05 | ticks [7.198 6.941 6.592 6.565] | 163M tok | ETA 100.8h
Step  39900 | loss 6.0389 | lr 3.00e-04 | grad 2.11 | 32.9k tok/s | cert -7.53→-6.60 | ticks [7.308 6.677 6.088 6.043] | 163M tok | ETA 100.8h
Step  39910 | loss 5.8859 | lr 3.00e-04 | grad 0.66 | 32.4k tok/s | cert -7.60→-6.24 | ticks [6.643 6.260 5.808 5.784] | 163M tok | ETA 100.8h
Step  39920 | loss 5.7293 | lr 3.00e-04 | grad 0.75 | 32.6k tok/s | cert -8.02→-5.98 | ticks [6.420 6.141 5.639 5.613] | 164M tok | ETA 100.8h
Step  39930 | loss 5.7669 | lr 3.00e-04 | grad 0.79 | 32.8k tok/s | cert -7.46→-6.20 | ticks [6.649 6.249 5.691 5.668] | 164M tok | ETA 100.8h
Step  39940 | loss 5.8461 | lr 3.00e-04 | grad 0.85 | 32.6k tok/s | cert -7.74→-6.31 | ticks [6.557 5.999 5.779 5.747] | 164M tok | ETA 100.8h
Step  39950 | loss 5.9807 | lr 3.00e-04 | grad 1.20 | 32.8k tok/s | cert -8.71→-6.26 | ticks [7.219 6.146 5.948 5.922] | 164M tok | ETA 100.8h
Step  39960 | loss 5.7391 | lr 3.00e-04 | grad 0.77 | 33.1k tok/s | cert -8.21→-6.13 | ticks [6.420 6.234 5.634 5.608] | 164M tok | ETA 100.8h
Step  39970 | loss 5.8116 | lr 3.00e-04 | grad 0.84 | 32.8k tok/s | cert -7.88→-6.71 | ticks [7.050 6.383 6.258 6.242] | 164M tok | ETA 100.8h
Step  39980 | loss 5.8305 | lr 3.00e-04 | grad 0.81 | 32.5k tok/s | cert -7.27→-6.08 | ticks [6.697 6.226 5.619 5.601] | 164M tok | ETA 100.8h
Step  39990 | loss 5.8749 | lr 3.00e-04 | grad 0.71 | 32.5k tok/s | cert -6.92→-6.29 | ticks [7.092 6.489 5.880 5.852] | 164M tok | ETA 100.8h
Step  40000 | loss 5.8685 | lr 3.00e-04 | grad 0.82 | 32.8k tok/s | cert -7.77→-6.60 | ticks [6.995 6.548 6.146 6.121] | 164M tok | ETA 100.8h

  >>> Eval loss: 6.4988 (best: 6.5268)
  >>> Saved best checkpoint at step 40000
  >>> Sample: 'The most important thing to understand about science is' → ' able to the idea is the point is something that is that is how the only one thing, or a way that know why the things that the first, and the same way that is that that there really make the idea that all the one'

Step  40010 | loss 5.8732 | lr 3.00e-04 | grad 0.76 | 32.5k tok/s | cert -7.87→-6.30 | ticks [6.594 6.331 5.829 5.806] | 164M tok | ETA 101.1h
Step  40020 | loss 5.9155 | lr 3.00e-04 | grad 1.10 | 32.9k tok/s | cert -8.29→-6.55 | ticks [6.755 6.602 6.013 5.989] | 164M tok | ETA 101.1h
Step  40030 | loss 6.1246 | lr 3.00e-04 | grad 0.71 | 32.4k tok/s | cert -8.50→-6.43 | ticks [6.868 6.349 6.013 5.992] | 164M tok | ETA 101.1h
Step  40040 | loss 5.7659 | lr 3.00e-04 | grad 0.76 | 32.7k tok/s | cert -7.48→-5.92 | ticks [7.347 5.998 5.696 5.665] | 164M tok | ETA 101.1h
Step  40050 | loss 5.8688 | lr 3.00e-04 | grad 0.74 | 33.0k tok/s | cert -7.38→-6.05 | ticks [6.938 6.203 5.754 5.735] | 164M tok | ETA 101.1h
Step  40060 | loss 5.6753 | lr 3.00e-04 | grad 0.71 | 32.6k tok/s | cert -6.66→-5.83 | ticks [6.695 5.774 5.383 5.353] | 164M tok | ETA 101.1h
Step  40070 | loss 5.7727 | lr 3.00e-04 | grad 0.79 | 32.9k tok/s | cert -6.85→-6.21 | ticks [7.265 6.221 5.915 5.896] | 164M tok | ETA 101.1h
Step  40080 | loss 5.8386 | lr 3.00e-04 | grad 0.84 | 33.0k tok/s | cert -8.00→-6.19 | ticks [7.196 6.363 6.121 6.092] | 164M tok | ETA 101.1h
Step  40090 | loss 5.9041 | lr 3.00e-04 | grad 0.72 | 32.9k tok/s | cert -8.37→-6.19 | ticks [6.594 6.501 5.783 5.758] | 164M tok | ETA 101.1h
Step  40100 | loss 5.8840 | lr 3.00e-04 | grad 0.98 | 32.8k tok/s | cert -7.64→-6.47 | ticks [6.800 7.055 5.873 5.837] | 164M tok | ETA 101.1h
Step  40110 | loss 5.8875 | lr 3.00e-04 | grad 0.91 | 32.9k tok/s | cert -8.19→-6.34 | ticks [6.644 6.234 5.802 5.786] | 164M tok | ETA 101.1h
Step  40120 | loss 5.8614 | lr 3.00e-04 | grad 1.23 | 32.7k tok/s | cert -7.14→-6.10 | ticks [6.647 5.853 5.708 5.676] | 164M tok | ETA 101.1h
Step  40130 | loss 5.8415 | lr 3.00e-04 | grad 0.86 | 33.1k tok/s | cert -7.49→-6.02 | ticks [6.691 5.867 5.664 5.649] | 164M tok | ETA 101.1h
Step  40140 | loss 5.9071 | lr 3.00e-04 | grad 1.01 | 32.7k tok/s | cert -8.44→-6.40 | ticks [6.298 6.503 5.507 5.475] | 164M tok | ETA 101.0h
Step  40150 | loss 5.9814 | lr 3.00e-04 | grad 1.62 | 32.8k tok/s | cert -7.17→-7.01 | ticks [7.325 6.379 6.145 6.105] | 164M tok | ETA 101.0h
Step  40160 | loss 5.8860 | lr 3.00e-04 | grad 0.90 | 32.4k tok/s | cert -7.02→-6.71 | ticks [6.954 6.305 6.065 6.053] | 164M tok | ETA 101.0h
Step  40170 | loss 5.7714 | lr 3.00e-04 | grad 1.15 | 33.0k tok/s | cert -7.42→-6.00 | ticks [6.757 6.132 5.890 5.873] | 165M tok | ETA 101.0h
Step  40180 | loss 5.7509 | lr 3.00e-04 | grad 0.91 | 32.8k tok/s | cert -6.04→-6.58 | ticks [7.195 6.263 6.049 6.032] | 165M tok | ETA 101.0h
Step  40190 | loss 5.8349 | lr 3.00e-04 | grad 0.72 | 32.9k tok/s | cert -7.16→-6.23 | ticks [6.731 6.365 5.798 5.779] | 165M tok | ETA 101.0h
Step  40200 | loss 5.7836 | lr 3.00e-04 | grad 0.77 | 32.9k tok/s | cert -7.76→-6.37 | ticks [7.090 6.238 5.911 5.895] | 165M tok | ETA 101.0h
Step  40210 | loss 5.8770 | lr 3.00e-04 | grad 1.49 | 32.7k tok/s | cert -7.31→-6.42 | ticks [7.232 6.483 6.370 6.347] | 165M tok | ETA 101.0h
Step  40220 | loss 5.9717 | lr 3.00e-04 | grad 0.71 | 32.7k tok/s | cert -7.58→-6.15 | ticks [6.666 6.086 5.768 5.751] | 165M tok | ETA 101.0h
Step  40230 | loss 5.8763 | lr 3.00e-04 | grad 0.69 | 32.9k tok/s | cert -7.05→-6.17 | ticks [6.899 6.214 5.856 5.828] | 165M tok | ETA 101.0h
Step  40240 | loss 5.8263 | lr 3.00e-04 | grad 0.75 | 32.8k tok/s | cert -7.40→-6.00 | ticks [6.463 5.905 5.624 5.599] | 165M tok | ETA 101.0h
Step  40250 | loss 6.0445 | lr 3.00e-04 | grad 0.73 | 32.7k tok/s | cert -6.89→-6.25 | ticks [7.137 6.374 5.809 5.785] | 165M tok | ETA 101.0h
Step  40260 | loss 5.9211 | lr 3.00e-04 | grad 0.85 | 32.9k tok/s | cert -7.60→-6.42 | ticks [6.817 6.327 6.074 6.047] | 165M tok | ETA 101.0h
Step  40270 | loss 5.7678 | lr 3.00e-04 | grad 0.92 | 32.9k tok/s | cert -7.59→-6.02 | ticks [6.423 5.892 5.432 5.407] | 165M tok | ETA 101.0h
Step  40280 | loss 5.9609 | lr 3.00e-04 | grad 0.80 | 33.1k tok/s | cert -7.24→-6.22 | ticks [6.869 6.097 5.962 5.946] | 165M tok | ETA 101.0h
Step  40290 | loss 5.7443 | lr 3.00e-04 | grad 1.48 | 33.1k tok/s | cert -7.84→-5.91 | ticks [6.655 6.109 5.807 5.776] | 165M tok | ETA 101.0h
Step  40300 | loss 5.8621 | lr 3.00e-04 | grad 1.05 | 32.7k tok/s | cert -7.67→-6.85 | ticks [6.831 6.539 6.086 6.066] | 165M tok | ETA 101.0h
Step  40310 | loss 5.8609 | lr 3.00e-04 | grad 1.20 | 33.0k tok/s | cert -7.50→-6.10 | ticks [6.698 5.802 5.603 5.581] | 165M tok | ETA 101.0h
Step  40320 | loss 5.8157 | lr 3.00e-04 | grad 2.27 | 32.9k tok/s | cert -8.22→-6.86 | ticks [7.035 6.399 5.948 5.893] | 165M tok | ETA 101.0h
Step  40330 | loss 5.8336 | lr 3.00e-04 | grad 1.09 | 32.5k tok/s | cert -7.71→-5.92 | ticks [6.814 6.179 5.686 5.663] | 165M tok | ETA 101.0h
Step  40340 | loss 5.9105 | lr 3.00e-04 | grad 1.10 | 33.3k tok/s | cert -7.98→-6.00 | ticks [6.398 6.249 5.747 5.719] | 165M tok | ETA 101.0h
Step  40350 | loss 5.8736 | lr 3.00e-04 | grad 0.97 | 32.9k tok/s | cert -7.56→-6.47 | ticks [6.781 6.502 5.895 5.876] | 165M tok | ETA 101.0h
Step  40360 | loss 5.9219 | lr 3.00e-04 | grad 0.94 | 32.8k tok/s | cert -8.06→-6.44 | ticks [6.890 6.270 5.886 5.862] | 165M tok | ETA 101.0h
Step  40370 | loss 5.8769 | lr 3.00e-04 | grad 1.19 | 32.9k tok/s | cert -7.80→-6.67 | ticks [6.870 6.547 6.020 6.004] | 165M tok | ETA 101.0h
Step  40380 | loss 5.9263 | lr 3.00e-04 | grad 0.96 | 32.9k tok/s | cert -7.98→-6.22 | ticks [6.737 6.097 5.910 5.895] | 165M tok | ETA 101.0h
Step  40390 | loss 5.7328 | lr 3.00e-04 | grad 0.98 | 32.9k tok/s | cert -8.26→-6.20 | ticks [6.721 6.493 5.906 5.880] | 165M tok | ETA 101.0h
Step  40400 | loss 5.8813 | lr 3.00e-04 | grad 0.79 | 32.9k tok/s | cert -8.15→-6.44 | ticks [6.968 6.613 6.001 5.978] | 165M tok | ETA 101.0h
Step  40410 | loss 6.0413 | lr 3.00e-04 | grad 0.83 | 33.0k tok/s | cert -7.49→-6.25 | ticks [6.902 6.381 5.815 5.789] | 166M tok | ETA 101.0h
Step  40420 | loss 5.8950 | lr 3.00e-04 | grad 1.05 | 32.8k tok/s | cert -8.23→-6.35 | ticks [6.720 6.100 5.925 5.901] | 166M tok | ETA 101.0h
Step  40430 | loss 5.7962 | lr 3.00e-04 | grad 0.82 | 33.1k tok/s | cert -7.73→-5.74 | ticks [6.819 6.034 5.511 5.489] | 166M tok | ETA 101.0h
Step  40440 | loss 5.9104 | lr 3.00e-04 | grad 0.71 | 33.1k tok/s | cert -8.34→-6.40 | ticks [6.955 6.342 6.015 5.990] | 166M tok | ETA 101.0h
Step  40450 | loss 5.8923 | lr 3.00e-04 | grad 0.81 | 33.0k tok/s | cert -8.31→-6.38 | ticks [6.661 6.241 5.803 5.779] | 166M tok | ETA 101.0h
Step  40460 | loss 5.9774 | lr 3.00e-04 | grad 0.83 | 32.8k tok/s | cert -8.44→-6.04 | ticks [6.929 6.036 5.803 5.771] | 166M tok | ETA 101.0h
Step  40470 | loss 5.9076 | lr 3.00e-04 | grad 1.32 | 33.2k tok/s | cert -8.13→-5.96 | ticks [6.788 6.240 5.982 5.951] | 166M tok | ETA 101.0h
Step  40480 | loss 5.7503 | lr 3.00e-04 | grad 0.71 | 31.9k tok/s | cert -8.55→-5.93 | ticks [6.472 5.815 5.447 5.428] | 166M tok | ETA 101.0h
Step  40490 | loss 5.9274 | lr 3.00e-04 | grad 0.77 | 32.5k tok/s | cert -8.23→-6.24 | ticks [6.966 6.253 5.806 5.788] | 166M tok | ETA 101.0h
Step  40500 | loss 5.8383 | lr 3.00e-04 | grad 0.81 | 32.9k tok/s | cert -8.61→-6.33 | ticks [6.687 6.147 5.717 5.703] | 166M tok | ETA 101.0h
Step  40510 | loss 5.8477 | lr 3.00e-04 | grad 0.93 | 32.6k tok/s | cert -8.06→-6.28 | ticks [6.825 6.341 5.706 5.688] | 166M tok | ETA 101.0h
Step  40520 | loss 5.9627 | lr 3.00e-04 | grad 1.02 | 32.7k tok/s | cert -8.31→-6.16 | ticks [6.794 6.489 5.936 5.915] | 166M tok | ETA 101.0h
Step  40530 | loss 5.9514 | lr 3.00e-04 | grad 1.05 | 32.9k tok/s | cert -7.48→-6.43 | ticks [7.061 6.615 6.133 6.105] | 166M tok | ETA 101.0h
Step  40540 | loss 5.7945 | lr 3.00e-04 | grad 1.04 | 32.7k tok/s | cert -7.53→-6.08 | ticks [6.878 6.103 5.878 5.856] | 166M tok | ETA 101.0h
Step  40550 | loss 5.8601 | lr 3.00e-04 | grad 0.77 | 32.9k tok/s | cert -6.90→-6.22 | ticks [6.963 6.124 5.852 5.816] | 166M tok | ETA 101.0h
Step  40560 | loss 5.9603 | lr 3.00e-04 | grad 1.45 | 32.5k tok/s | cert -5.95→-6.89 | ticks [7.947 6.793 6.272 6.255] | 166M tok | ETA 101.0h
Step  40570 | loss 6.0086 | lr 3.00e-04 | grad 1.20 | 32.9k tok/s | cert -7.67→-6.15 | ticks [6.949 6.537 6.077 6.050] | 166M tok | ETA 101.0h
Step  40580 | loss 5.8283 | lr 3.00e-04 | grad 0.90 | 32.9k tok/s | cert -7.50→-6.24 | ticks [6.537 6.074 5.659 5.632] | 166M tok | ETA 101.0h
Step  40590 | loss 5.8734 | lr 3.00e-04 | grad 0.88 | 32.8k tok/s | cert -7.67→-6.40 | ticks [6.935 6.213 5.957 5.933] | 166M tok | ETA 101.0h
Step  40600 | loss 5.9975 | lr 3.00e-04 | grad 1.15 | 32.9k tok/s | cert -7.98→-6.37 | ticks [6.723 6.201 5.950 5.929] | 166M tok | ETA 101.0h
Step  40610 | loss 5.9858 | lr 3.00e-04 | grad 0.69 | 32.9k tok/s | cert -7.84→-6.48 | ticks [6.902 6.307 6.040 6.016] | 166M tok | ETA 101.0h
Step  40620 | loss 6.0470 | lr 3.00e-04 | grad 0.84 | 32.4k tok/s | cert -8.36→-6.76 | ticks [6.906 6.819 6.211 6.188] | 166M tok | ETA 101.0h
Step  40630 | loss 5.9710 | lr 3.00e-04 | grad 0.91 | 33.0k tok/s | cert -7.48→-7.12 | ticks [7.302 6.528 6.388 6.347] | 166M tok | ETA 101.0h
Step  40640 | loss 5.9773 | lr 3.00e-04 | grad 1.52 | 32.7k tok/s | cert -7.10→-6.19 | ticks [6.979 6.332 6.021 5.996] | 166M tok | ETA 101.0h
Step  40650 | loss 5.9438 | lr 3.00e-04 | grad 0.95 | 32.5k tok/s | cert -7.93→-6.25 | ticks [7.216 6.347 6.014 5.989] | 167M tok | ETA 101.0h
Step  40660 | loss 5.7985 | lr 3.00e-04 | grad 0.93 | 32.8k tok/s | cert -7.44→-6.05 | ticks [6.512 5.958 5.621 5.595] | 167M tok | ETA 101.0h
Step  40670 | loss 5.9882 | lr 3.00e-04 | grad 0.96 | 32.6k tok/s | cert -7.49→-6.86 | ticks [7.247 6.611 6.281 6.256] | 167M tok | ETA 101.0h
Step  40680 | loss 5.8575 | lr 3.00e-04 | grad 0.95 | 33.1k tok/s | cert -7.45→-6.44 | ticks [6.785 6.090 5.896 5.879] | 167M tok | ETA 101.0h
Step  40690 | loss 5.7313 | lr 3.00e-04 | grad 0.94 | 32.7k tok/s | cert -6.61→-5.96 | ticks [7.216 5.909 5.720 5.694] | 167M tok | ETA 101.0h
Step  40700 | loss 5.7500 | lr 3.00e-04 | grad 1.17 | 32.8k tok/s | cert -5.61→-6.43 | ticks [7.673 6.085 5.836 5.813] | 167M tok | ETA 101.0h
Step  40710 | loss 5.9001 | lr 3.00e-04 | grad 1.02 | 32.6k tok/s | cert -8.16→-6.46 | ticks [7.029 6.603 6.094 6.076] | 167M tok | ETA 101.0h
Step  40720 | loss 5.8796 | lr 3.00e-04 | grad 1.03 | 32.4k tok/s | cert -8.27→-6.61 | ticks [6.839 6.330 6.144 6.126] | 167M tok | ETA 101.0h
Step  40730 | loss 5.9123 | lr 3.00e-04 | grad 1.27 | 32.9k tok/s | cert -8.92→-6.89 | ticks [7.221 6.515 6.155 6.128] | 167M tok | ETA 101.0h
Step  40740 | loss 5.7793 | lr 3.00e-04 | grad 0.81 | 32.8k tok/s | cert -8.58→-6.28 | ticks [6.927 6.124 5.954 5.937] | 167M tok | ETA 101.0h
Step  40750 | loss 5.8945 | lr 3.00e-04 | grad 0.73 | 32.6k tok/s | cert -7.51→-6.41 | ticks [7.382 6.697 5.977 5.944] | 167M tok | ETA 101.0h
Step  40760 | loss 5.7753 | lr 3.00e-04 | grad 1.47 | 32.9k tok/s | cert -8.06→-6.45 | ticks [6.734 6.410 5.660 5.626] | 167M tok | ETA 101.0h
Step  40770 | loss 5.9149 | lr 3.00e-04 | grad 0.82 | 32.8k tok/s | cert -8.21→-6.17 | ticks [6.850 6.185 5.687 5.661] | 167M tok | ETA 101.0h
Step  40780 | loss 5.8763 | lr 3.00e-04 | grad 0.89 | 33.0k tok/s | cert -7.94→-6.24 | ticks [6.645 6.120 5.614 5.588] | 167M tok | ETA 101.0h
Step  40790 | loss 5.7741 | lr 3.00e-04 | grad 0.74 | 32.3k tok/s | cert -8.29→-6.25 | ticks [6.945 6.559 5.960 5.934] | 167M tok | ETA 101.0h
Step  40800 | loss 5.8375 | lr 3.00e-04 | grad 0.72 | 33.0k tok/s | cert -8.11→-6.19 | ticks [6.801 6.312 5.725 5.701] | 167M tok | ETA 101.0h
Step  40810 | loss 5.8053 | lr 3.00e-04 | grad 1.38 | 33.0k tok/s | cert -8.32→-6.87 | ticks [6.995 6.867 6.165 6.143] | 167M tok | ETA 101.0h
Step  40820 | loss 5.9623 | lr 3.00e-04 | grad 0.82 | 32.9k tok/s | cert -8.80→-6.31 | ticks [7.026 6.243 5.907 5.882] | 167M tok | ETA 101.0h
Step  40830 | loss 5.8547 | lr 3.00e-04 | grad 0.74 | 33.0k tok/s | cert -7.69→-6.38 | ticks [7.473 6.560 6.086 6.056] | 167M tok | ETA 101.0h
Step  40840 | loss 5.7552 | lr 3.00e-04 | grad 1.62 | 33.1k tok/s | cert -8.39→-6.84 | ticks [6.810 6.578 6.061 6.035] | 167M tok | ETA 101.0h
Step  40850 | loss 5.8797 | lr 3.00e-04 | grad 0.78 | 33.0k tok/s | cert -7.78→-6.49 | ticks [6.935 6.437 6.023 6.002] | 167M tok | ETA 101.0h
Step  40860 | loss 5.7973 | lr 3.00e-04 | grad 0.67 | 32.4k tok/s | cert -7.91→-6.25 | ticks [6.849 6.102 5.771 5.751] | 167M tok | ETA 101.0h
Step  40870 | loss 5.7924 | lr 3.00e-04 | grad 0.82 | 32.8k tok/s | cert -8.67→-6.00 | ticks [6.712 6.021 5.579 5.560] | 167M tok | ETA 101.0h
Step  40880 | loss 5.7806 | lr 3.00e-04 | grad 1.04 | 32.8k tok/s | cert -7.51→-6.23 | ticks [7.124 6.364 5.936 5.912] | 167M tok | ETA 101.0h
Step  40890 | loss 5.8886 | lr 3.00e-04 | grad 1.14 | 32.5k tok/s | cert -8.22→-6.13 | ticks [6.596 6.272 5.866 5.843] | 167M tok | ETA 101.0h
Step  40900 | loss 5.7659 | lr 3.00e-04 | grad 0.86 | 32.2k tok/s | cert -5.07→-6.13 | ticks [7.233 6.067 5.701 5.673] | 168M tok | ETA 101.0h
Step  40910 | loss 5.8675 | lr 3.00e-04 | grad 1.01 | 32.9k tok/s | cert -7.91→-6.66 | ticks [6.765 6.371 5.939 5.920] | 168M tok | ETA 101.0h
Step  40920 | loss 5.8226 | lr 3.00e-04 | grad 0.70 | 32.7k tok/s | cert -8.07→-6.09 | ticks [6.449 6.095 5.541 5.514] | 168M tok | ETA 101.0h
Step  40930 | loss 5.7752 | lr 3.00e-04 | grad 0.95 | 32.9k tok/s | cert -8.40→-6.54 | ticks [6.684 6.048 5.896 5.878] | 168M tok | ETA 101.0h
Step  40940 | loss 5.9178 | lr 3.00e-04 | grad 0.99 | 32.8k tok/s | cert -8.22→-6.72 | ticks [7.177 6.437 5.985 5.962] | 168M tok | ETA 101.0h
Step  40950 | loss 5.9478 | lr 3.00e-04 | grad 1.10 | 33.1k tok/s | cert -7.53→-6.71 | ticks [7.005 6.490 6.058 6.029] | 168M tok | ETA 101.0h
Step  40960 | loss 5.8395 | lr 3.00e-04 | grad 0.68 | 32.6k tok/s | cert -7.37→-6.01 | ticks [6.992 6.092 5.700 5.683] | 168M tok | ETA 101.0h
Step  40970 | loss 5.8869 | lr 3.00e-04 | grad 0.75 | 32.9k tok/s | cert -7.73→-6.35 | ticks [6.974 6.297 6.106 6.093] | 168M tok | ETA 101.0h
Step  40980 | loss 5.8039 | lr 3.00e-04 | grad 1.22 | 32.5k tok/s | cert -8.05→-7.04 | ticks [7.103 6.866 6.302 6.276] | 168M tok | ETA 101.0h
Step  40990 | loss 5.9321 | lr 3.00e-04 | grad 0.76 | 32.5k tok/s | cert -8.34→-6.40 | ticks [6.968 6.499 6.057 6.038] | 168M tok | ETA 101.0h
Step  41000 | loss 5.8606 | lr 3.00e-04 | grad 0.96 | 32.3k tok/s | cert -8.15→-6.21 | ticks [7.157 6.597 5.939 5.923] | 168M tok | ETA 101.0h
Step  41010 | loss 5.8997 | lr 3.00e-04 | grad 0.70 | 32.9k tok/s | cert -8.52→-6.10 | ticks [6.939 6.165 5.613 5.586] | 168M tok | ETA 101.0h
Step  41020 | loss 5.9492 | lr 3.00e-04 | grad 0.83 | 32.9k tok/s | cert -8.62→-6.54 | ticks [7.278 6.716 6.099 6.070] | 168M tok | ETA 101.0h
Step  41030 | loss 5.7882 | lr 3.00e-04 | grad 0.95 | 33.1k tok/s | cert -7.95→-6.32 | ticks [6.787 6.270 5.731 5.710] | 168M tok | ETA 101.0h
Step  41040 | loss 5.8124 | lr 3.00e-04 | grad 0.99 | 33.0k tok/s | cert -8.50→-6.59 | ticks [6.882 6.761 6.016 5.996] | 168M tok | ETA 101.0h
Step  41050 | loss 6.1773 | lr 3.00e-04 | grad 0.74 | 32.5k tok/s | cert -6.97→-6.06 | ticks [6.837 6.355 5.711 5.683] | 168M tok | ETA 101.0h
Step  41060 | loss 6.4087 | lr 3.00e-04 | grad 1.04 | 32.4k tok/s | cert -7.97→-6.88 | ticks [7.228 6.923 6.340 6.315] | 168M tok | ETA 101.0h
Step  41070 | loss 5.7845 | lr 3.00e-04 | grad 0.82 | 32.7k tok/s | cert -7.90→-6.28 | ticks [7.229 6.549 5.972 5.948] | 168M tok | ETA 101.0h
Step  41080 | loss 5.7763 | lr 3.00e-04 | grad 0.94 | 32.7k tok/s | cert -8.15→-5.97 | ticks [6.561 6.231 5.710 5.693] | 168M tok | ETA 101.0h
Step  41090 | loss 5.7722 | lr 3.00e-04 | grad 1.23 | 33.0k tok/s | cert -8.19→-6.60 | ticks [7.346 6.345 6.060 6.044] | 168M tok | ETA 101.0h
Step  41100 | loss 5.8504 | lr 3.00e-04 | grad 0.95 | 32.8k tok/s | cert -8.32→-6.13 | ticks [6.725 6.196 5.861 5.840] | 168M tok | ETA 101.0h
Step  41110 | loss 5.7237 | lr 3.00e-04 | grad 0.73 | 32.7k tok/s | cert -8.01→-6.49 | ticks [6.985 6.348 6.025 6.004] | 168M tok | ETA 101.0h
Step  41120 | loss 5.9367 | lr 3.00e-04 | grad 0.77 | 32.6k tok/s | cert -6.30→-6.35 | ticks [7.434 6.287 5.953 5.929] | 168M tok | ETA 101.0h
Step  41130 | loss 5.9092 | lr 3.00e-04 | grad 0.90 | 32.7k tok/s | cert -8.32→-6.49 | ticks [7.146 6.553 6.065 6.041] | 168M tok | ETA 101.0h
Step  41140 | loss 5.8133 | lr 3.00e-04 | grad 0.95 | 32.8k tok/s | cert -7.02→-6.39 | ticks [7.500 6.463 5.859 5.825] | 169M tok | ETA 101.0h
Step  41150 | loss 5.9605 | lr 3.00e-04 | grad 0.91 | 32.7k tok/s | cert -6.94→-6.39 | ticks [7.055 6.237 5.850 5.821] | 169M tok | ETA 101.0h
Step  41160 | loss 6.0276 | lr 3.00e-04 | grad 2.03 | 32.8k tok/s | cert -8.52→-7.20 | ticks [7.849 7.815 7.267 7.239] | 169M tok | ETA 101.0h
Step  41170 | loss 5.8978 | lr 3.00e-04 | grad 1.07 | 32.6k tok/s | cert -7.63→-6.39 | ticks [6.833 6.233 5.962 5.935] | 169M tok | ETA 101.0h
Step  41180 | loss 5.8097 | lr 3.00e-04 | grad 2.12 | 33.0k tok/s | cert -8.53→-7.46 | ticks [7.344 7.230 6.409 6.380] | 169M tok | ETA 100.9h
Step  41190 | loss 5.8909 | lr 3.00e-04 | grad 0.88 | 33.0k tok/s | cert -7.52→-6.67 | ticks [6.942 6.575 5.933 5.913] | 169M tok | ETA 100.9h
Step  41200 | loss 5.8867 | lr 3.00e-04 | grad 0.93 | 32.8k tok/s | cert -7.43→-6.37 | ticks [6.854 6.289 5.678 5.649] | 169M tok | ETA 100.9h
Step  41210 | loss 5.7705 | lr 3.00e-04 | grad 0.86 | 32.9k tok/s | cert -5.80→-6.08 | ticks [7.181 6.149 5.683 5.649] | 169M tok | ETA 100.9h
Step  41220 | loss 5.8641 | lr 3.00e-04 | grad 1.32 | 33.0k tok/s | cert -7.60→-6.58 | ticks [6.762 6.247 5.713 5.683] | 169M tok | ETA 100.9h
Step  41230 | loss 5.7620 | lr 3.00e-04 | grad 0.91 | 32.7k tok/s | cert -8.37→-6.08 | ticks [6.868 6.045 5.731 5.703] | 169M tok | ETA 100.9h
Step  41240 | loss 5.9175 | lr 3.00e-04 | grad 0.82 | 33.1k tok/s | cert -8.22→-6.66 | ticks [7.448 6.640 6.436 6.417] | 169M tok | ETA 100.9h
Step  41250 | loss 5.8203 | lr 3.00e-04 | grad 0.80 | 32.6k tok/s | cert -9.20→-6.55 | ticks [7.103 6.486 6.184 6.166] | 169M tok | ETA 100.9h
Step  41260 | loss 5.7749 | lr 3.00e-04 | grad 0.86 | 32.7k tok/s | cert -8.41→-6.41 | ticks [6.996 6.145 5.833 5.810] | 169M tok | ETA 100.9h
Step  41270 | loss 5.7841 | lr 3.00e-04 | grad 1.20 | 32.8k tok/s | cert -8.07→-6.52 | ticks [7.022 6.399 6.216 6.200] | 169M tok | ETA 100.9h
Step  41280 | loss 5.7882 | lr 3.00e-04 | grad 1.33 | 32.7k tok/s | cert -4.61→-6.49 | ticks [8.025 6.435 6.081 6.059] | 169M tok | ETA 100.9h
Step  41290 | loss 5.8985 | lr 3.00e-04 | grad 0.79 | 32.8k tok/s | cert -7.14→-6.00 | ticks [6.775 6.005 5.818 5.799] | 169M tok | ETA 100.9h
Step  41300 | loss 5.9029 | lr 3.00e-04 | grad 0.87 | 32.7k tok/s | cert -7.94→-6.30 | ticks [7.007 6.521 6.059 6.036] | 169M tok | ETA 100.9h
Step  41310 | loss 5.7938 | lr 3.00e-04 | grad 1.05 | 32.7k tok/s | cert -7.78→-6.37 | ticks [6.989 6.066 5.926 5.908] | 169M tok | ETA 100.9h
Step  41320 | loss 5.9139 | lr 3.00e-04 | grad 0.74 | 32.9k tok/s | cert -7.58→-6.35 | ticks [6.648 6.397 5.780 5.759] | 169M tok | ETA 100.9h
Step  41330 | loss 5.9972 | lr 3.00e-04 | grad 1.37 | 32.8k tok/s | cert -7.71→-5.79 | ticks [6.811 5.956 5.785 5.758] | 169M tok | ETA 100.9h
Step  41340 | loss 6.0031 | lr 3.00e-04 | grad 0.90 | 32.8k tok/s | cert -8.19→-6.49 | ticks [7.022 6.635 6.143 6.118] | 169M tok | ETA 100.9h
Step  41350 | loss 5.8856 | lr 3.00e-04 | grad 0.78 | 32.8k tok/s | cert -8.63→-6.26 | ticks [7.017 6.214 5.903 5.883] | 169M tok | ETA 100.9h
Step  41360 | loss 5.7751 | lr 3.00e-04 | grad 1.01 | 33.0k tok/s | cert -8.40→-6.24 | ticks [6.657 6.242 5.608 5.590] | 169M tok | ETA 100.9h
Step  41370 | loss 6.0485 | lr 3.00e-04 | grad 0.87 | 32.9k tok/s | cert -6.21→-6.42 | ticks [7.394 6.731 5.929 5.907] | 169M tok | ETA 100.9h
Step  41380 | loss 5.8028 | lr 3.00e-04 | grad 0.93 | 33.0k tok/s | cert -6.49→-6.15 | ticks [7.342 6.129 5.780 5.746] | 169M tok | ETA 100.9h
Step  41390 | loss 5.6624 | lr 3.00e-04 | grad 0.93 | 32.8k tok/s | cert -8.16→-6.27 | ticks [6.586 6.247 5.533 5.516] | 170M tok | ETA 100.9h
Step  41400 | loss 5.8638 | lr 3.00e-04 | grad 0.74 | 32.9k tok/s | cert -7.72→-6.31 | ticks [7.096 6.280 5.834 5.818] | 170M tok | ETA 100.9h
Step  41410 | loss 5.7901 | lr 3.00e-04 | grad 0.77 | 32.7k tok/s | cert -8.53→-6.28 | ticks [7.018 6.036 5.739 5.718] | 170M tok | ETA 100.9h
Step  41420 | loss 5.7332 | lr 3.00e-04 | grad 0.78 | 32.5k tok/s | cert -7.47→-6.09 | ticks [6.761 6.009 5.664 5.639] | 170M tok | ETA 100.9h
Step  41430 | loss 5.7829 | lr 3.00e-04 | grad 0.89 | 32.7k tok/s | cert -7.75→-6.51 | ticks [7.185 6.356 6.122 6.090] | 170M tok | ETA 100.9h
Step  41440 | loss 5.8788 | lr 3.00e-04 | grad 1.22 | 32.7k tok/s | cert -8.75→-6.16 | ticks [7.174 6.254 5.968 5.944] | 170M tok | ETA 100.9h
Step  41450 | loss 5.7886 | lr 3.00e-04 | grad 0.93 | 32.6k tok/s | cert -8.33→-6.37 | ticks [7.649 6.099 5.909 5.892] | 170M tok | ETA 100.9h
Step  41460 | loss 5.8708 | lr 3.00e-04 | grad 0.79 | 32.8k tok/s | cert -8.06→-6.52 | ticks [7.316 6.445 6.194 6.172] | 170M tok | ETA 100.9h
Step  41470 | loss 5.8536 | lr 3.00e-04 | grad 0.95 | 32.7k tok/s | cert -7.87→-6.32 | ticks [6.949 6.380 6.016 5.994] | 170M tok | ETA 100.9h
Step  41480 | loss 5.9468 | lr 3.00e-04 | grad 0.94 | 32.8k tok/s | cert -7.94→-6.45 | ticks [6.961 6.231 6.039 6.017] | 170M tok | ETA 100.9h
Step  41490 | loss 5.7656 | lr 3.00e-04 | grad 0.90 | 32.7k tok/s | cert -3.63→-5.68 | ticks [7.332 5.385 5.170 5.148] | 170M tok | ETA 100.9h
Step  41500 | loss 5.7369 | lr 3.00e-04 | grad 0.89 | 32.7k tok/s | cert -8.33→-6.00 | ticks [6.692 6.116 5.666 5.633] | 170M tok | ETA 100.9h
Step  41510 | loss 5.8370 | lr 3.00e-04 | grad 1.20 | 32.8k tok/s | cert -8.61→-6.01 | ticks [6.710 5.929 5.773 5.753] | 170M tok | ETA 100.9h
Step  41520 | loss 5.7454 | lr 3.00e-04 | grad 0.84 | 32.9k tok/s | cert -7.39→-6.22 | ticks [6.807 6.194 5.968 5.950] | 170M tok | ETA 100.9h
Step  41530 | loss 5.8649 | lr 3.00e-04 | grad 0.74 | 32.6k tok/s | cert -8.05→-6.07 | ticks [6.751 6.416 5.790 5.760] | 170M tok | ETA 100.9h
Step  41540 | loss 5.8282 | lr 3.00e-04 | grad 0.76 | 32.9k tok/s | cert -8.09→-6.29 | ticks [7.169 6.352 5.961 5.936] | 170M tok | ETA 100.9h
Step  41550 | loss 5.8834 | lr 3.00e-04 | grad 0.74 | 32.8k tok/s | cert -7.60→-6.26 | ticks [7.050 6.335 5.936 5.914] | 170M tok | ETA 100.9h
Step  41560 | loss 5.8470 | lr 3.00e-04 | grad 0.87 | 32.6k tok/s | cert -8.12→-6.36 | ticks [7.152 6.299 5.924 5.891] | 170M tok | ETA 100.9h
Step  41570 | loss 5.8477 | lr 3.00e-04 | grad 0.86 | 32.8k tok/s | cert -7.39→-6.37 | ticks [7.171 6.378 5.788 5.755] | 170M tok | ETA 100.9h
Step  41580 | loss 5.8334 | lr 3.00e-04 | grad 1.05 | 32.6k tok/s | cert -8.03→-6.41 | ticks [6.805 6.492 5.967 5.945] | 170M tok | ETA 100.9h
Step  41590 | loss 5.9051 | lr 3.00e-04 | grad 0.70 | 32.8k tok/s | cert -7.49→-6.16 | ticks [6.960 6.497 5.752 5.720] | 170M tok | ETA 100.9h
Step  41600 | loss 5.8022 | lr 3.00e-04 | grad 0.71 | 32.8k tok/s | cert -8.79→-5.96 | ticks [6.697 5.902 5.587 5.563] | 170M tok | ETA 100.9h
Step  41610 | loss 5.8944 | lr 3.00e-04 | grad 0.69 | 32.7k tok/s | cert -7.45→-6.17 | ticks [7.219 6.290 5.849 5.820] | 170M tok | ETA 100.9h
Step  41620 | loss 5.7063 | lr 3.00e-04 | grad 0.71 | 32.8k tok/s | cert -7.12→-5.99 | ticks [6.616 6.373 5.576 5.548] | 170M tok | ETA 100.9h
Step  41630 | loss 5.8056 | lr 3.00e-04 | grad 1.20 | 32.7k tok/s | cert -7.74→-5.95 | ticks [6.643 6.277 5.806 5.782] | 171M tok | ETA 100.9h
Step  41640 | loss 5.8509 | lr 3.00e-04 | grad 1.17 | 32.7k tok/s | cert -6.90→-6.35 | ticks [6.836 6.626 5.821 5.794] | 171M tok | ETA 100.9h
Step  41650 | loss 5.7824 | lr 3.00e-04 | grad 0.75 | 32.9k tok/s | cert -8.12→-6.18 | ticks [6.501 6.260 5.652 5.619] | 171M tok | ETA 100.9h
Step  41660 | loss 5.7182 | lr 3.00e-04 | grad 0.73 | 32.8k tok/s | cert -8.13→-5.94 | ticks [6.519 6.224 5.512 5.482] | 171M tok | ETA 100.9h
Step  41670 | loss 5.7195 | lr 3.00e-04 | grad 0.87 | 32.7k tok/s | cert -6.51→-6.10 | ticks [7.140 6.130 5.680 5.652] | 171M tok | ETA 100.9h
Step  41680 | loss 5.8553 | lr 3.00e-04 | grad 0.77 | 32.7k tok/s | cert -8.25→-6.41 | ticks [6.587 6.179 5.810 5.789] | 171M tok | ETA 100.9h
Step  41690 | loss 5.9038 | lr 3.00e-04 | grad 0.82 | 32.6k tok/s | cert -5.90→-5.92 | ticks [6.998 5.970 5.605 5.583] | 171M tok | ETA 100.9h
Step  41700 | loss 5.7965 | lr 3.00e-04 | grad 0.86 | 32.8k tok/s | cert -7.70→-6.39 | ticks [7.260 6.587 6.142 6.123] | 171M tok | ETA 100.9h
Step  41710 | loss 5.8762 | lr 3.00e-04 | grad 0.74 | 32.8k tok/s | cert -7.56→-6.12 | ticks [6.880 6.374 5.894 5.865] | 171M tok | ETA 100.9h
Step  41720 | loss 5.8945 | lr 3.00e-04 | grad 0.84 | 32.9k tok/s | cert -7.16→-6.53 | ticks [7.042 6.490 5.882 5.857] | 171M tok | ETA 100.9h
Step  41730 | loss 6.0229 | lr 3.00e-04 | grad 0.74 | 32.9k tok/s | cert -8.21→-6.35 | ticks [7.087 6.175 5.993 5.965] | 171M tok | ETA 100.9h
Step  41740 | loss 5.8702 | lr 3.00e-04 | grad 0.89 | 32.5k tok/s | cert -7.67→-6.38 | ticks [7.291 6.479 6.109 6.087] | 171M tok | ETA 100.9h
Step  41750 | loss 5.9418 | lr 3.00e-04 | grad 1.00 | 32.7k tok/s | cert -7.48→-6.21 | ticks [7.246 6.425 6.051 6.025] | 171M tok | ETA 100.9h
Step  41760 | loss 5.8424 | lr 3.00e-04 | grad 0.75 | 33.0k tok/s | cert -8.25→-6.33 | ticks [7.035 6.219 5.720 5.691] | 171M tok | ETA 100.9h
Step  41770 | loss 5.8460 | lr 3.00e-04 | grad 0.97 | 32.5k tok/s | cert -7.82→-6.09 | ticks [7.381 6.443 6.079 6.061] | 171M tok | ETA 100.9h
Step  41780 | loss 5.8481 | lr 3.00e-04 | grad 1.48 | 32.8k tok/s | cert -8.61→-6.28 | ticks [6.960 5.904 5.581 5.544] | 171M tok | ETA 100.9h
Step  41790 | loss 5.8239 | lr 3.00e-04 | grad 0.95 | 32.8k tok/s | cert -6.63→-6.15 | ticks [7.000 6.476 5.915 5.890] | 171M tok | ETA 100.9h
Step  41800 | loss 5.7306 | lr 3.00e-04 | grad 0.83 | 32.8k tok/s | cert -7.36→-5.98 | ticks [6.695 5.830 5.460 5.437] | 171M tok | ETA 100.9h
Step  41810 | loss 5.7837 | lr 3.00e-04 | grad 0.85 | 32.5k tok/s | cert -6.85→-6.15 | ticks [7.126 6.299 5.997 5.979] | 171M tok | ETA 100.9h
Step  41820 | loss 5.7906 | lr 3.00e-04 | grad 1.47 | 32.7k tok/s | cert -7.50→-6.50 | ticks [6.716 6.123 5.732 5.714] | 171M tok | ETA 100.9h
Step  41830 | loss 6.0079 | lr 3.00e-04 | grad 0.98 | 32.6k tok/s | cert -6.99→-6.30 | ticks [6.962 6.134 5.766 5.748] | 171M tok | ETA 100.9h
Step  41840 | loss 5.9256 | lr 3.00e-04 | grad 0.96 | 32.8k tok/s | cert -7.69→-6.19 | ticks [6.841 6.543 5.872 5.847] | 171M tok | ETA 100.9h
Step  41850 | loss 5.8248 | lr 3.00e-04 | grad 0.70 | 32.5k tok/s | cert -7.85→-6.25 | ticks [6.957 6.503 5.854 5.829] | 171M tok | ETA 100.9h
Step  41860 | loss 5.8578 | lr 3.00e-04 | grad 0.82 | 33.1k tok/s | cert -7.33→-6.54 | ticks [7.208 6.755 6.039 6.019] | 171M tok | ETA 100.9h
Step  41870 | loss 5.8870 | lr 3.00e-04 | grad 0.76 | 32.4k tok/s | cert -8.43→-6.42 | ticks [7.077 6.144 5.977 5.962] | 172M tok | ETA 100.9h
Step  41880 | loss 6.0077 | lr 3.00e-04 | grad 1.31 | 32.5k tok/s | cert -8.22→-6.13 | ticks [6.830 6.092 5.926 5.902] | 172M tok | ETA 100.9h
Step  41890 | loss 5.8590 | lr 3.00e-04 | grad 1.03 | 32.7k tok/s | cert -7.77→-6.34 | ticks [7.039 6.440 6.106 6.085] | 172M tok | ETA 100.9h
Step  41900 | loss 5.8098 | lr 3.00e-04 | grad 0.88 | 32.9k tok/s | cert -6.78→-6.09 | ticks [7.015 6.312 5.812 5.782] | 172M tok | ETA 100.9h
Step  41910 | loss 5.9171 | lr 3.00e-04 | grad 1.17 | 32.5k tok/s | cert -8.80→-6.24 | ticks [6.845 6.696 6.172 6.151] | 172M tok | ETA 100.9h
Step  41920 | loss 5.8190 | lr 3.00e-04 | grad 0.72 | 32.8k tok/s | cert -7.80→-6.24 | ticks [6.876 6.163 5.834 5.807] | 172M tok | ETA 100.9h
Step  41930 | loss 5.9044 | lr 3.00e-04 | grad 0.80 | 33.0k tok/s | cert -8.37→-6.47 | ticks [7.001 6.501 6.087 6.064] | 172M tok | ETA 100.9h
Step  41940 | loss 5.8350 | lr 3.00e-04 | grad 1.01 | 32.8k tok/s | cert -7.97→-6.13 | ticks [6.859 6.098 5.715 5.688] | 172M tok | ETA 100.9h
Step  41950 | loss 6.0188 | lr 3.00e-04 | grad 1.09 | 33.0k tok/s | cert -8.42→-6.19 | ticks [6.934 6.285 6.051 6.032] | 172M tok | ETA 100.9h
Step  41960 | loss 5.9348 | lr 3.00e-04 | grad 0.85 | 32.8k tok/s | cert -8.47→-6.59 | ticks [6.952 6.578 6.043 6.028] | 172M tok | ETA 100.9h
Step  41970 | loss 5.9450 | lr 3.00e-04 | grad 0.77 | 33.0k tok/s | cert -8.66→-6.54 | ticks [7.362 6.382 6.182 6.164] | 172M tok | ETA 100.9h
Step  41980 | loss 5.9236 | lr 3.00e-04 | grad 0.94 | 32.5k tok/s | cert -8.70→-6.50 | ticks [6.768 6.554 5.974 5.936] | 172M tok | ETA 100.9h
Step  41990 | loss 5.8528 | lr 3.00e-04 | grad 1.02 | 33.1k tok/s | cert -7.41→-6.05 | ticks [6.509 6.079 5.788 5.761] | 172M tok | ETA 100.9h
Step  42000 | loss 5.8845 | lr 3.00e-04 | grad 0.83 | 32.7k tok/s | cert -8.08→-6.30 | ticks [6.769 6.238 5.805 5.780] | 172M tok | ETA 100.9h
Step  42010 | loss 5.8934 | lr 3.00e-04 | grad 0.71 | 32.8k tok/s | cert -8.31→-6.22 | ticks [6.747 6.195 5.864 5.842] | 172M tok | ETA 100.9h
Step  42020 | loss 5.7657 | lr 3.00e-04 | grad 1.09 | 32.8k tok/s | cert -7.90→-5.91 | ticks [6.730 6.042 5.711 5.690] | 172M tok | ETA 100.9h
Step  42030 | loss 5.6826 | lr 3.00e-04 | grad 1.03 | 33.1k tok/s | cert -7.89→-6.43 | ticks [6.881 6.459 5.823 5.787] | 172M tok | ETA 100.9h
Step  42040 | loss 5.7719 | lr 3.00e-04 | grad 1.30 | 32.7k tok/s | cert -8.78→-6.67 | ticks [6.936 6.776 5.997 5.967] | 172M tok | ETA 100.9h
Step  42050 | loss 5.9165 | lr 3.00e-04 | grad 0.76 | 32.8k tok/s | cert -8.21→-6.42 | ticks [6.545 6.292 5.778 5.751] | 172M tok | ETA 100.9h
Step  42060 | loss 5.6749 | lr 3.00e-04 | grad 1.37 | 32.7k tok/s | cert -7.41→-5.78 | ticks [6.401 5.938 5.628 5.612] | 172M tok | ETA 100.9h
Step  42070 | loss 5.8368 | lr 3.00e-04 | grad 1.05 | 32.9k tok/s | cert -8.44→-6.71 | ticks [6.853 6.892 6.096 6.064] | 172M tok | ETA 100.9h
Step  42080 | loss 5.9496 | lr 3.00e-04 | grad 0.91 | 32.7k tok/s | cert -7.41→-6.49 | ticks [6.863 6.342 6.055 6.034] | 172M tok | ETA 100.9h
Step  42090 | loss 5.8781 | lr 3.00e-04 | grad 0.72 | 32.6k tok/s | cert -6.98→-6.06 | ticks [6.722 6.035 5.661 5.641] | 172M tok | ETA 100.9h
Step  42100 | loss 5.7911 | lr 3.00e-04 | grad 0.81 | 32.8k tok/s | cert -7.50→-6.27 | ticks [6.704 6.275 5.971 5.951] | 172M tok | ETA 100.9h
Step  42110 | loss 5.9898 | lr 3.00e-04 | grad 0.76 | 32.8k tok/s | cert -6.23→-6.35 | ticks [7.146 6.385 5.925 5.904] | 172M tok | ETA 100.9h
Step  42120 | loss 5.8997 | lr 3.00e-04 | grad 0.78 | 32.5k tok/s | cert -6.89→-6.35 | ticks [6.976 6.234 5.862 5.839] | 173M tok | ETA 100.9h
Step  42130 | loss 5.8512 | lr 3.00e-04 | grad 1.01 | 32.7k tok/s | cert -8.21→-6.46 | ticks [6.629 6.384 5.839 5.811] | 173M tok | ETA 100.8h
Step  42140 | loss 5.8517 | lr 3.00e-04 | grad 1.01 | 32.6k tok/s | cert -6.38→-6.75 | ticks [7.323 6.925 6.372 6.340] | 173M tok | ETA 100.8h
Step  42150 | loss 6.1519 | lr 3.00e-04 | grad 0.73 | 32.4k tok/s | cert -5.90→-6.38 | ticks [7.729 6.374 6.024 5.999] | 173M tok | ETA 100.8h
Step  42160 | loss 6.0130 | lr 3.00e-04 | grad 0.74 | 32.7k tok/s | cert -8.02→-6.39 | ticks [6.865 6.220 5.918 5.896] | 173M tok | ETA 100.8h
Step  42170 | loss 5.7879 | lr 3.00e-04 | grad 0.68 | 32.8k tok/s | cert -7.29→-6.48 | ticks [7.321 6.282 6.128 6.108] | 173M tok | ETA 100.8h
Step  42180 | loss 5.8332 | lr 3.00e-04 | grad 1.05 | 32.9k tok/s | cert -7.71→-6.43 | ticks [6.597 6.252 5.676 5.648] | 173M tok | ETA 100.8h
Step  42190 | loss 5.8653 | lr 3.00e-04 | grad 0.66 | 33.0k tok/s | cert -7.41→-6.19 | ticks [6.482 6.295 5.653 5.626] | 173M tok | ETA 100.8h
Step  42200 | loss 5.8972 | lr 3.00e-04 | grad 0.78 | 32.7k tok/s | cert -7.30→-6.18 | ticks [6.846 6.536 5.803 5.776] | 173M tok | ETA 100.8h
Step  42210 | loss 6.0726 | lr 3.00e-04 | grad 1.23 | 32.9k tok/s | cert -7.84→-6.23 | ticks [6.604 6.025 5.671 5.646] | 173M tok | ETA 100.8h
Step  42220 | loss 5.8749 | lr 3.00e-04 | grad 0.78 | 32.9k tok/s | cert -8.18→-6.09 | ticks [6.698 6.299 5.775 5.749] | 173M tok | ETA 100.8h
Step  42230 | loss 5.8619 | lr 3.00e-04 | grad 1.12 | 32.2k tok/s | cert -6.82→-6.34 | ticks [7.387 6.275 6.041 6.030] | 173M tok | ETA 100.8h
Step  42240 | loss 5.9037 | lr 3.00e-04 | grad 0.98 | 32.7k tok/s | cert -7.81→-6.10 | ticks [6.584 6.085 5.909 5.886] | 173M tok | ETA 100.8h
Step  42250 | loss 5.9067 | lr 3.00e-04 | grad 1.06 | 32.5k tok/s | cert -7.57→-5.98 | ticks [6.643 6.008 5.685 5.667] | 173M tok | ETA 100.8h
Step  42260 | loss 5.7969 | lr 3.00e-04 | grad 0.95 | 32.7k tok/s | cert -7.26→-6.57 | ticks [7.184 6.841 6.251 6.228] | 173M tok | ETA 100.8h
Step  42270 | loss 5.7950 | lr 3.00e-04 | grad 0.70 | 32.4k tok/s | cert -7.93→-6.32 | ticks [6.988 6.212 5.920 5.901] | 173M tok | ETA 100.8h
Step  42280 | loss 6.1186 | lr 3.00e-04 | grad 1.48 | 32.5k tok/s | cert -7.68→-6.57 | ticks [7.313 6.764 6.590 6.584] | 173M tok | ETA 100.8h
Step  42290 | loss 6.2342 | lr 3.00e-04 | grad 1.04 | 32.8k tok/s | cert -8.20→-6.99 | ticks [7.252 6.701 6.532 6.521] | 173M tok | ETA 100.8h
Step  42300 | loss 5.8579 | lr 3.00e-04 | grad 0.75 | 32.9k tok/s | cert -8.21→-6.23 | ticks [6.601 6.403 5.742 5.717] | 173M tok | ETA 100.8h
Step  42310 | loss 5.8815 | lr 3.00e-04 | grad 0.71 | 32.9k tok/s | cert -7.35→-6.27 | ticks [7.043 6.290 5.948 5.935] | 173M tok | ETA 100.8h
Step  42320 | loss 5.9808 | lr 3.00e-04 | grad 0.82 | 32.6k tok/s | cert -7.84→-6.24 | ticks [6.617 6.044 5.610 5.588] | 173M tok | ETA 100.8h
Step  42330 | loss 5.8649 | lr 3.00e-04 | grad 0.91 | 33.1k tok/s | cert -7.77→-6.57 | ticks [7.006 6.577 6.024 5.998] | 173M tok | ETA 100.8h
Step  42340 | loss 5.8373 | lr 3.00e-04 | grad 1.09 | 32.7k tok/s | cert -7.55→-6.45 | ticks [6.828 6.434 5.879 5.856] | 173M tok | ETA 100.8h
Step  42350 | loss 6.0596 | lr 3.00e-04 | grad 0.88 | 33.0k tok/s | cert -8.53→-6.65 | ticks [7.222 6.489 6.161 6.134] | 173M tok | ETA 100.8h
Step  42360 | loss 6.0205 | lr 3.00e-04 | grad 0.89 | 33.0k tok/s | cert -6.90→-6.05 | ticks [7.305 6.225 5.860 5.838] | 174M tok | ETA 100.8h
Step  42370 | loss 5.7614 | lr 3.00e-04 | grad 0.78 | 33.1k tok/s | cert -7.68→-6.60 | ticks [7.332 6.457 6.189 6.160] | 174M tok | ETA 100.8h
Step  42380 | loss 5.7971 | lr 3.00e-04 | grad 1.08 | 32.9k tok/s | cert -9.04→-6.21 | ticks [7.012 6.087 5.719 5.699] | 174M tok | ETA 100.8h
Step  42390 | loss 5.8964 | lr 3.00e-04 | grad 0.88 | 32.4k tok/s | cert -8.26→-6.59 | ticks [6.906 6.640 5.962 5.932] | 174M tok | ETA 100.8h
Step  42400 | loss 5.8116 | lr 3.00e-04 | grad 0.84 | 32.7k tok/s | cert -7.53→-6.15 | ticks [7.032 6.176 5.804 5.778] | 174M tok | ETA 100.8h
Step  42410 | loss 5.8740 | lr 3.00e-04 | grad 0.71 | 32.6k tok/s | cert -7.47→-6.19 | ticks [6.867 6.171 5.800 5.775] | 174M tok | ETA 100.8h
Step  42420 | loss 5.8760 | lr 3.00e-04 | grad 0.85 | 32.6k tok/s | cert -8.21→-6.14 | ticks [6.962 6.256 5.904 5.877] | 174M tok | ETA 100.8h
Step  42430 | loss 5.9801 | lr 3.00e-04 | grad 1.73 | 32.4k tok/s | cert -8.54→-7.08 | ticks [7.703 7.505 7.064 7.061] | 174M tok | ETA 100.8h
Step  42440 | loss 5.9230 | lr 3.00e-04 | grad 1.45 | 32.9k tok/s | cert -5.60→-6.02 | ticks [7.468 6.114 5.839 5.821] | 174M tok | ETA 100.8h
Step  42450 | loss 5.8532 | lr 3.00e-04 | grad 0.72 | 32.6k tok/s | cert -7.95→-6.00 | ticks [6.503 5.985 5.591 5.555] | 174M tok | ETA 100.8h
Step  42460 | loss 5.8258 | lr 3.00e-04 | grad 1.06 | 32.6k tok/s | cert -7.48→-6.46 | ticks [7.350 6.338 6.008 5.974] | 174M tok | ETA 100.8h
Step  42470 | loss 5.9902 | lr 3.00e-04 | grad 0.84 | 32.9k tok/s | cert -8.02→-6.10 | ticks [6.839 6.575 5.773 5.736] | 174M tok | ETA 100.8h
Step  42480 | loss 5.8145 | lr 3.00e-04 | grad 0.88 | 32.8k tok/s | cert -8.08→-6.40 | ticks [7.379 6.366 5.945 5.926] | 174M tok | ETA 100.8h
Step  42490 | loss 5.9972 | lr 3.00e-04 | grad 1.25 | 32.6k tok/s | cert -7.60→-6.25 | ticks [7.024 6.533 6.145 6.115] | 174M tok | ETA 100.8h
Step  42500 | loss 5.9058 | lr 3.00e-04 | grad 0.72 | 32.6k tok/s | cert -7.74→-6.57 | ticks [7.095 6.548 6.256 6.235] | 174M tok | ETA 100.8h
Step  42510 | loss 5.8483 | lr 3.00e-04 | grad 0.77 | 32.9k tok/s | cert -7.98→-5.84 | ticks [6.744 6.212 5.681 5.661] | 174M tok | ETA 100.8h
Step  42520 | loss 5.7346 | lr 3.00e-04 | grad 0.71 | 32.6k tok/s | cert -7.10→-5.77 | ticks [6.920 5.766 5.509 5.487] | 174M tok | ETA 100.8h
Step  42530 | loss 5.7733 | lr 3.00e-04 | grad 0.82 | 32.6k tok/s | cert -6.95→-6.40 | ticks [7.372 6.260 5.929 5.915] | 174M tok | ETA 100.8h
Step  42540 | loss 5.8653 | lr 3.00e-04 | grad 0.77 | 32.7k tok/s | cert -7.68→-6.25 | ticks [6.855 6.143 5.746 5.719] | 174M tok | ETA 100.8h
Step  42550 | loss 5.7934 | lr 3.00e-04 | grad 1.12 | 32.9k tok/s | cert -8.40→-5.97 | ticks [6.925 6.085 5.849 5.826] | 174M tok | ETA 100.8h
Step  42560 | loss 5.8673 | lr 3.00e-04 | grad 0.83 | 32.8k tok/s | cert -7.12→-6.12 | ticks [7.204 6.301 5.928 5.907] | 174M tok | ETA 100.8h
Step  42570 | loss 5.8242 | lr 3.00e-04 | grad 0.90 | 32.6k tok/s | cert -8.43→-6.80 | ticks [7.290 6.608 6.346 6.328] | 174M tok | ETA 100.8h
Step  42580 | loss 5.9898 | lr 3.00e-04 | grad 1.30 | 32.8k tok/s | cert -9.73→-7.13 | ticks [7.543 6.796 6.542 6.489] | 174M tok | ETA 100.8h
Step  42590 | loss 5.7712 | lr 3.00e-04 | grad 0.96 | 32.4k tok/s | cert -7.43→-6.09 | ticks [7.528 6.406 5.963 5.939] | 174M tok | ETA 100.8h
Step  42600 | loss 5.7644 | lr 3.00e-04 | grad 0.88 | 32.9k tok/s | cert -7.22→-6.34 | ticks [6.806 6.551 5.786 5.750] | 174M tok | ETA 100.8h
Step  42610 | loss 5.9551 | lr 3.00e-04 | grad 0.84 | 32.7k tok/s | cert -8.67→-6.26 | ticks [7.059 6.461 6.032 6.003] | 175M tok | ETA 100.8h
Step  42620 | loss 6.0431 | lr 3.00e-04 | grad 0.91 | 32.6k tok/s | cert -9.04→-6.15 | ticks [7.031 6.177 5.855 5.833] | 175M tok | ETA 100.8h
Step  42630 | loss 5.8623 | lr 3.00e-04 | grad 0.72 | 32.6k tok/s | cert -7.74→-6.05 | ticks [6.399 6.049 5.556 5.530] | 175M tok | ETA 100.8h
Step  42640 | loss 5.7634 | lr 3.00e-04 | grad 0.71 | 32.2k tok/s | cert -7.56→-6.09 | ticks [6.860 6.562 5.733 5.701] | 175M tok | ETA 100.8h
Step  42650 | loss 5.8449 | lr 3.00e-04 | grad 1.97 | 32.7k tok/s | cert -5.51→-6.56 | ticks [7.573 6.189 5.747 5.735] | 175M tok | ETA 100.8h
Step  42660 | loss 5.8542 | lr 3.00e-04 | grad 0.73 | 32.3k tok/s | cert -7.82→-6.09 | ticks [6.289 5.996 5.475 5.450] | 175M tok | ETA 100.8h
Step  42670 | loss 5.8096 | lr 3.00e-04 | grad 0.84 | 32.6k tok/s | cert -7.67→-5.71 | ticks [6.881 5.735 5.477 5.453] | 175M tok | ETA 100.8h
Step  42680 | loss 5.7696 | lr 3.00e-04 | grad 0.73 | 32.9k tok/s | cert -8.55→-6.12 | ticks [6.771 6.110 5.794 5.777] | 175M tok | ETA 100.8h
Step  42690 | loss 5.8264 | lr 3.00e-04 | grad 0.73 | 32.5k tok/s | cert -6.56→-6.36 | ticks [7.398 6.592 5.943 5.927] | 175M tok | ETA 100.8h
Step  42700 | loss 5.8439 | lr 3.00e-04 | grad 1.02 | 33.0k tok/s | cert -6.71→-6.35 | ticks [7.223 6.036 5.829 5.804] | 175M tok | ETA 100.8h
Step  42710 | loss 5.7832 | lr 3.00e-04 | grad 0.79 | 32.9k tok/s | cert -6.78→-5.97 | ticks [6.749 5.831 5.600 5.582] | 175M tok | ETA 100.8h
Step  42720 | loss 5.8762 | lr 3.00e-04 | grad 0.93 | 32.8k tok/s | cert -8.28→-6.33 | ticks [6.897 6.205 5.840 5.818] | 175M tok | ETA 100.8h
Step  42730 | loss 5.7906 | lr 3.00e-04 | grad 0.74 | 32.8k tok/s | cert -8.37→-6.06 | ticks [6.658 6.253 5.719 5.692] | 175M tok | ETA 100.8h
Step  42740 | loss 5.8197 | lr 3.00e-04 | grad 1.39 | 32.7k tok/s | cert -7.47→-6.34 | ticks [6.931 6.421 5.603 5.581] | 175M tok | ETA 100.8h
Step  42750 | loss 5.9746 | lr 3.00e-04 | grad 0.77 | 32.7k tok/s | cert -7.66→-6.27 | ticks [7.141 6.240 5.936 5.917] | 175M tok | ETA 100.8h
Step  42760 | loss 5.8460 | lr 3.00e-04 | grad 1.04 | 32.8k tok/s | cert -7.24→-5.78 | ticks [6.929 6.006 5.564 5.531] | 175M tok | ETA 100.8h
Step  42770 | loss 5.7825 | lr 3.00e-04 | grad 0.70 | 32.7k tok/s | cert -8.02→-5.90 | ticks [6.588 6.210 5.526 5.497] | 175M tok | ETA 100.8h
Step  42780 | loss 5.8137 | lr 3.00e-04 | grad 0.89 | 32.7k tok/s | cert -8.53→-6.34 | ticks [7.113 6.514 6.075 6.055] | 175M tok | ETA 100.8h
Step  42790 | loss 5.9363 | lr 3.00e-04 | grad 0.77 | 32.6k tok/s | cert -7.67→-6.48 | ticks [7.185 6.398 6.137 6.116] | 175M tok | ETA 100.8h
Step  42800 | loss 5.8109 | lr 3.00e-04 | grad 0.87 | 32.7k tok/s | cert -8.21→-6.30 | ticks [6.886 6.097 5.861 5.840] | 175M tok | ETA 100.8h
Step  42810 | loss 5.7505 | lr 3.00e-04 | grad 0.80 | 32.8k tok/s | cert -8.35→-6.18 | ticks [6.530 6.233 5.765 5.737] | 175M tok | ETA 100.8h
Step  42820 | loss 5.6590 | lr 3.00e-04 | grad 0.93 | 32.8k tok/s | cert -8.45→-6.06 | ticks [7.174 6.155 5.743 5.721] | 175M tok | ETA 100.8h
Step  42830 | loss 5.7323 | lr 3.00e-04 | grad 0.95 | 32.7k tok/s | cert -8.06→-6.54 | ticks [7.103 6.601 5.916 5.880] | 175M tok | ETA 100.8h
Step  42840 | loss 5.8253 | lr 3.00e-04 | grad 0.83 | 32.7k tok/s | cert -8.45→-6.32 | ticks [6.898 6.088 5.814 5.787] | 175M tok | ETA 100.8h
Step  42850 | loss 5.7148 | lr 3.00e-04 | grad 0.98 | 32.9k tok/s | cert -8.31→-6.53 | ticks [6.783 6.467 5.978 5.954] | 176M tok | ETA 100.8h
Step  42860 | loss 5.8456 | lr 3.00e-04 | grad 0.79 | 33.0k tok/s | cert -8.30→-6.20 | ticks [6.737 6.292 5.854 5.829] | 176M tok | ETA 100.8h
Step  42870 | loss 5.7406 | lr 3.00e-04 | grad 1.05 | 32.9k tok/s | cert -8.04→-6.24 | ticks [7.109 6.268 5.701 5.675] | 176M tok | ETA 100.8h
Step  42880 | loss 5.9213 | lr 3.00e-04 | grad 1.24 | 32.9k tok/s | cert -6.96→-6.74 | ticks [7.036 6.592 6.107 6.085] | 176M tok | ETA 100.8h
Step  42890 | loss 5.8904 | lr 3.00e-04 | grad 0.88 | 32.7k tok/s | cert -7.19→-6.01 | ticks [7.061 6.115 5.749 5.727] | 176M tok | ETA 100.8h
Step  42900 | loss 5.8390 | lr 3.00e-04 | grad 0.84 | 32.9k tok/s | cert -8.62→-6.16 | ticks [6.915 6.459 5.856 5.823] | 176M tok | ETA 100.8h
Step  42910 | loss 5.8209 | lr 3.00e-04 | grad 0.86 | 32.7k tok/s | cert -9.06→-6.28 | ticks [7.154 6.554 6.029 6.007] | 176M tok | ETA 100.8h
Step  42920 | loss 5.8057 | lr 3.00e-04 | grad 0.78 | 32.8k tok/s | cert -8.92→-6.39 | ticks [6.589 6.239 5.723 5.697] | 176M tok | ETA 100.8h
Step  42930 | loss 5.8448 | lr 3.00e-04 | grad 1.15 | 32.6k tok/s | cert -7.61→-6.68 | ticks [7.089 6.371 5.908 5.890] | 176M tok | ETA 100.8h
Step  42940 | loss 5.9270 | lr 3.00e-04 | grad 1.44 | 32.9k tok/s | cert -7.66→-6.88 | ticks [7.067 6.307 6.109 6.089] | 176M tok | ETA 100.8h
Step  42950 | loss 5.7653 | lr 3.00e-04 | grad 0.78 | 32.5k tok/s | cert -6.79→-6.38 | ticks [7.192 6.560 5.840 5.813] | 176M tok | ETA 100.8h
Step  42960 | loss 5.7067 | lr 3.00e-04 | grad 0.73 | 32.4k tok/s | cert -7.20→-5.90 | ticks [6.922 6.248 5.488 5.460] | 176M tok | ETA 100.8h
Step  42970 | loss 5.8010 | lr 3.00e-04 | grad 1.05 | 32.9k tok/s | cert -8.43→-6.27 | ticks [6.909 6.341 6.179 6.157] | 176M tok | ETA 100.8h
Step  42980 | loss 5.8337 | lr 3.00e-04 | grad 0.94 | 33.0k tok/s | cert -8.44→-5.98 | ticks [6.850 5.776 5.549 5.527] | 176M tok | ETA 100.8h
Step  42990 | loss 5.7857 | lr 3.00e-04 | grad 0.93 | 32.8k tok/s | cert -7.28→-5.88 | ticks [6.540 5.571 5.333 5.300] | 176M tok | ETA 100.8h
Step  43000 | loss 5.7860 | lr 3.00e-04 | grad 1.03 | 32.6k tok/s | cert -8.16→-6.63 | ticks [7.172 6.392 6.022 6.004] | 176M tok | ETA 100.8h
Step  43010 | loss 5.8614 | lr 3.00e-04 | grad 1.02 | 32.6k tok/s | cert -7.44→-6.37 | ticks [6.399 6.775 5.903 5.871] | 176M tok | ETA 100.8h
Step  43020 | loss 5.7036 | lr 3.00e-04 | grad 0.79 | 32.8k tok/s | cert -7.86→-6.38 | ticks [6.689 6.397 5.822 5.792] | 176M tok | ETA 100.8h
Step  43030 | loss 5.8901 | lr 3.00e-04 | grad 0.80 | 32.4k tok/s | cert -7.64→-6.37 | ticks [6.922 6.433 6.033 6.020] | 176M tok | ETA 100.8h
Step  43040 | loss 5.8751 | lr 3.00e-04 | grad 1.06 | 32.5k tok/s | cert -8.13→-6.78 | ticks [6.668 6.972 6.091 6.059] | 176M tok | ETA 100.8h
Step  43050 | loss 5.7871 | lr 3.00e-04 | grad 0.80 | 33.0k tok/s | cert -8.25→-6.41 | ticks [6.753 6.434 5.757 5.733] | 176M tok | ETA 100.8h
Step  43060 | loss 5.9075 | lr 3.00e-04 | grad 0.78 | 32.3k tok/s | cert -7.72→-6.32 | ticks [6.971 6.495 6.022 5.999] | 176M tok | ETA 100.8h
Step  43070 | loss 5.8372 | lr 3.00e-04 | grad 0.82 | 32.9k tok/s | cert -7.01→-6.16 | ticks [6.878 6.114 5.585 5.554] | 176M tok | ETA 100.8h
Step  43080 | loss 5.7655 | lr 3.00e-04 | grad 0.90 | 32.7k tok/s | cert -7.56→-6.18 | ticks [6.694 6.009 5.669 5.647] | 176M tok | ETA 100.8h
Step  43090 | loss 5.8318 | lr 3.00e-04 | grad 0.71 | 32.5k tok/s | cert -8.50→-6.38 | ticks [7.096 6.382 6.112 6.091] | 177M tok | ETA 100.8h
Step  43100 | loss 5.7808 | lr 3.00e-04 | grad 0.82 | 32.4k tok/s | cert -8.47→-6.28 | ticks [6.903 6.263 5.966 5.945] | 177M tok | ETA 100.7h
Step  43110 | loss 5.7869 | lr 3.00e-04 | grad 0.86 | 32.8k tok/s | cert -7.51→-6.34 | ticks [7.184 6.398 6.091 6.065] | 177M tok | ETA 100.7h
Step  43120 | loss 5.7724 | lr 3.00e-04 | grad 0.85 | 32.9k tok/s | cert -8.16→-6.21 | ticks [6.853 6.247 5.986 5.969] | 177M tok | ETA 100.7h
Step  43130 | loss 5.7545 | lr 3.00e-04 | grad 0.70 | 32.8k tok/s | cert -7.26→-5.94 | ticks [6.964 5.930 5.663 5.636] | 177M tok | ETA 100.7h
Step  43140 | loss 5.7958 | lr 3.00e-04 | grad 0.77 | 32.7k tok/s | cert -7.61→-6.07 | ticks [6.881 6.039 5.702 5.678] | 177M tok | ETA 100.7h
Step  43150 | loss 5.7887 | lr 3.00e-04 | grad 0.92 | 32.6k tok/s | cert -8.49→-5.93 | ticks [6.938 5.976 5.644 5.614] | 177M tok | ETA 100.7h
Step  43160 | loss 5.8038 | lr 3.00e-04 | grad 0.79 | 32.4k tok/s | cert -8.05→-6.26 | ticks [6.794 6.178 5.739 5.712] | 177M tok | ETA 100.7h
Step  43170 | loss 5.7663 | lr 3.00e-04 | grad 1.06 | 32.5k tok/s | cert -8.09→-6.62 | ticks [7.415 6.522 5.920 5.902] | 177M tok | ETA 100.7h
Step  43180 | loss 5.7261 | lr 3.00e-04 | grad 1.05 | 32.6k tok/s | cert -8.81→-6.48 | ticks [6.905 6.224 5.844 5.814] | 177M tok | ETA 100.7h
Step  43190 | loss 5.9144 | lr 3.00e-04 | grad 1.05 | 32.8k tok/s | cert -8.32→-6.36 | ticks [7.122 6.184 5.901 5.873] | 177M tok | ETA 100.7h
Step  43200 | loss 5.7832 | lr 3.00e-04 | grad 1.20 | 32.8k tok/s | cert -5.92→-5.94 | ticks [6.906 5.622 5.431 5.391] | 177M tok | ETA 100.7h
Step  43210 | loss 5.9124 | lr 3.00e-04 | grad 0.84 | 32.5k tok/s | cert -8.28→-6.56 | ticks [6.925 6.527 6.031 6.005] | 177M tok | ETA 100.7h
Step  43220 | loss 5.7678 | lr 3.00e-04 | grad 0.93 | 32.7k tok/s | cert -7.76→-5.98 | ticks [6.552 5.681 5.362 5.321] | 177M tok | ETA 100.7h
Step  43230 | loss 5.8871 | lr 3.00e-04 | grad 1.23 | 32.7k tok/s | cert -8.60→-6.68 | ticks [7.017 6.454 5.922 5.891] | 177M tok | ETA 100.7h
Step  43240 | loss 6.1492 | lr 3.00e-04 | grad 1.27 | 32.7k tok/s | cert -7.68→-6.46 | ticks [7.159 6.031 5.830 5.805] | 177M tok | ETA 100.7h
Step  43250 | loss 5.8267 | lr 3.00e-04 | grad 0.74 | 32.8k tok/s | cert -7.63→-6.10 | ticks [6.823 6.252 5.677 5.652] | 177M tok | ETA 100.7h
Step  43260 | loss 5.9625 | lr 3.00e-04 | grad 1.22 | 32.9k tok/s | cert -7.63→-6.09 | ticks [7.244 6.341 5.900 5.875] | 177M tok | ETA 100.7h
Step  43270 | loss 5.8326 | lr 3.00e-04 | grad 1.04 | 32.5k tok/s | cert -7.64→-5.94 | ticks [6.700 6.117 5.751 5.726] | 177M tok | ETA 100.7h
Step  43280 | loss 5.8609 | lr 3.00e-04 | grad 1.46 | 33.1k tok/s | cert -8.65→-6.35 | ticks [6.984 6.851 6.368 6.349] | 177M tok | ETA 100.7h
Step  43290 | loss 5.8601 | lr 3.00e-04 | grad 1.10 | 32.6k tok/s | cert -7.02→-6.29 | ticks [6.956 6.388 5.854 5.825] | 177M tok | ETA 100.7h
Step  43300 | loss 5.9423 | lr 3.00e-04 | grad 0.79 | 33.0k tok/s | cert -8.01→-6.37 | ticks [6.765 6.672 6.086 6.056] | 177M tok | ETA 100.7h
Step  43310 | loss 6.0961 | lr 3.00e-04 | grad 1.30 | 32.4k tok/s | cert -8.06→-6.99 | ticks [7.364 7.024 6.561 6.525] | 177M tok | ETA 100.7h
Step  43320 | loss 6.2100 | lr 3.00e-04 | grad 0.86 | 32.7k tok/s | cert -8.08→-6.10 | ticks [6.726 6.169 5.839 5.823] | 177M tok | ETA 100.7h
Step  43330 | loss 5.6856 | lr 3.00e-04 | grad 0.68 | 33.0k tok/s | cert -6.12→-5.83 | ticks [6.979 5.941 5.532 5.499] | 177M tok | ETA 100.7h
Step  43340 | loss 5.7876 | lr 3.00e-04 | grad 0.75 | 32.3k tok/s | cert -7.14→-6.21 | ticks [6.828 6.404 5.875 5.850] | 178M tok | ETA 100.7h
Step  43350 | loss 5.8024 | lr 3.00e-04 | grad 0.82 | 32.9k tok/s | cert -7.88→-6.10 | ticks [6.958 5.998 5.716 5.698] | 178M tok | ETA 100.7h
Step  43360 | loss 5.8321 | lr 3.00e-04 | grad 1.03 | 32.5k tok/s | cert -7.38→-6.42 | ticks [6.958 6.327 6.129 6.106] | 178M tok | ETA 100.7h
Step  43370 | loss 5.8174 | lr 3.00e-04 | grad 1.09 | 32.6k tok/s | cert -7.24→-6.12 | ticks [6.866 6.431 5.840 5.802] | 178M tok | ETA 100.7h
Step  43380 | loss 5.8234 | lr 3.00e-04 | grad 0.90 | 32.7k tok/s | cert -7.83→-6.25 | ticks [6.615 6.428 5.870 5.830] | 178M tok | ETA 100.7h
Step  43390 | loss 5.8528 | lr 3.00e-04 | grad 0.83 | 32.9k tok/s | cert -7.05→-5.80 | ticks [6.398 5.895 5.514 5.489] | 178M tok | ETA 100.7h
Step  43400 | loss 5.7633 | lr 3.00e-04 | grad 0.85 | 32.8k tok/s | cert -7.66→-6.25 | ticks [6.686 6.352 5.968 5.941] | 178M tok | ETA 100.7h
Step  43410 | loss 5.8612 | lr 3.00e-04 | grad 0.81 | 32.7k tok/s | cert -8.06→-6.31 | ticks [6.831 6.386 5.671 5.631] | 178M tok | ETA 100.7h
Step  43420 | loss 5.7025 | lr 3.00e-04 | grad 0.89 | 32.4k tok/s | cert -5.70→-5.60 | ticks [6.967 5.423 5.173 5.146] | 178M tok | ETA 100.7h
Step  43430 | loss 5.7296 | lr 3.00e-04 | grad 0.84 | 32.6k tok/s | cert -8.05→-6.21 | ticks [6.774 6.470 5.826 5.805] | 178M tok | ETA 100.7h
Step  43440 | loss 5.8680 | lr 3.00e-04 | grad 0.79 | 32.3k tok/s | cert -7.63→-6.27 | ticks [6.639 6.354 5.709 5.682] | 178M tok | ETA 100.7h
Step  43450 | loss 5.9678 | lr 3.00e-04 | grad 0.93 | 32.4k tok/s | cert -7.25→-6.50 | ticks [7.317 6.665 6.370 6.352] | 178M tok | ETA 100.7h
Step  43460 | loss 5.8031 | lr 3.00e-04 | grad 0.84 | 32.9k tok/s | cert -7.82→-6.61 | ticks [6.934 7.105 6.015 5.972] | 178M tok | ETA 100.7h
Step  43470 | loss 5.9094 | lr 3.00e-04 | grad 0.84 | 32.6k tok/s | cert -5.81→-6.17 | ticks [6.989 6.143 5.838 5.814] | 178M tok | ETA 100.7h
Step  43480 | loss 5.8375 | lr 3.00e-04 | grad 0.84 | 32.8k tok/s | cert -7.55→-6.14 | ticks [7.210 6.261 5.919 5.896] | 178M tok | ETA 100.7h
Step  43490 | loss 5.8063 | lr 3.00e-04 | grad 1.11 | 32.8k tok/s | cert -7.98→-6.15 | ticks [6.674 6.463 5.921 5.896] | 178M tok | ETA 100.7h
Step  43500 | loss 5.7176 | lr 3.00e-04 | grad 0.82 | 32.7k tok/s | cert -7.36→-6.33 | ticks [6.780 6.271 5.862 5.840] | 178M tok | ETA 100.7h
Step  43510 | loss 5.8562 | lr 3.00e-04 | grad 0.91 | 32.4k tok/s | cert -7.27→-6.52 | ticks [7.253 6.565 6.260 6.242] | 178M tok | ETA 100.7h
Step  43520 | loss 5.8016 | lr 3.00e-04 | grad 0.94 | 32.7k tok/s | cert -7.44→-6.09 | ticks [6.746 6.183 5.752 5.713] | 178M tok | ETA 100.7h
Step  43530 | loss 5.7307 | lr 3.00e-04 | grad 0.82 | 32.8k tok/s | cert -6.17→-5.99 | ticks [7.297 6.037 5.662 5.633] | 178M tok | ETA 100.7h
Step  43540 | loss 5.8621 | lr 3.00e-04 | grad 0.71 | 32.6k tok/s | cert -7.63→-6.17 | ticks [6.596 6.294 5.717 5.687] | 178M tok | ETA 100.7h
Step  43550 | loss 5.7593 | lr 3.00e-04 | grad 0.93 | 32.6k tok/s | cert -8.00→-5.99 | ticks [6.439 5.880 5.467 5.451] | 178M tok | ETA 100.7h
Step  43560 | loss 5.7501 | lr 3.00e-04 | grad 0.84 | 32.7k tok/s | cert -7.73→-6.23 | ticks [6.448 6.321 5.688 5.666] | 178M tok | ETA 100.7h
Step  43570 | loss 5.6195 | lr 3.00e-04 | grad 0.94 | 32.9k tok/s | cert -7.65→-6.28 | ticks [6.637 6.187 5.693 5.665] | 178M tok | ETA 100.7h
Step  43580 | loss 5.9124 | lr 3.00e-04 | grad 0.80 | 32.6k tok/s | cert -6.83→-6.12 | ticks [6.749 6.087 5.673 5.643] | 179M tok | ETA 100.7h
Step  43590 | loss 5.6737 | lr 3.00e-04 | grad 0.76 | 32.9k tok/s | cert -7.99→-6.07 | ticks [6.641 6.175 5.695 5.666] | 179M tok | ETA 100.7h
Step  43600 | loss 5.9178 | lr 3.00e-04 | grad 1.04 | 32.9k tok/s | cert -8.67→-6.69 | ticks [6.967 6.291 6.093 6.057] | 179M tok | ETA 100.7h
Step  43610 | loss 5.9025 | lr 3.00e-04 | grad 0.83 | 32.6k tok/s | cert -7.77→-6.18 | ticks [7.088 6.117 5.948 5.928] | 179M tok | ETA 100.7h
Step  43620 | loss 5.7597 | lr 3.00e-04 | grad 1.01 | 32.7k tok/s | cert -8.18→-6.65 | ticks [7.007 6.842 6.234 6.211] | 179M tok | ETA 100.7h
Step  43630 | loss 5.6767 | lr 3.00e-04 | grad 0.70 | 32.8k tok/s | cert -7.20→-6.14 | ticks [6.635 6.254 5.759 5.738] | 179M tok | ETA 100.7h
Step  43640 | loss 5.8288 | lr 3.00e-04 | grad 0.82 | 32.8k tok/s | cert -7.15→-6.24 | ticks [7.084 6.416 6.076 6.050] | 179M tok | ETA 100.7h
Step  43650 | loss 5.8811 | lr 3.00e-04 | grad 0.95 | 32.8k tok/s | cert -8.76→-6.32 | ticks [6.790 6.396 5.947 5.920] | 179M tok | ETA 100.7h
Step  43660 | loss 5.9998 | lr 3.00e-04 | grad 0.75 | 32.9k tok/s | cert -8.09→-6.11 | ticks [6.627 6.213 5.696 5.666] | 179M tok | ETA 100.7h
Step  43670 | loss 5.8133 | lr 3.00e-04 | grad 0.86 | 33.0k tok/s | cert -5.28→-5.95 | ticks [7.322 5.947 5.720 5.701] | 179M tok | ETA 100.7h
Step  43680 | loss 5.7667 | lr 3.00e-04 | grad 0.71 | 33.0k tok/s | cert -8.57→-6.11 | ticks [7.064 5.943 5.745 5.718] | 179M tok | ETA 100.7h
Step  43690 | loss 5.7643 | lr 3.00e-04 | grad 0.77 | 32.5k tok/s | cert -8.04→-6.22 | ticks [6.815 6.541 5.860 5.832] | 179M tok | ETA 100.7h
Step  43700 | loss 5.7812 | lr 3.00e-04 | grad 1.07 | 33.0k tok/s | cert -6.61→-6.29 | ticks [6.923 6.332 5.614 5.586] | 179M tok | ETA 100.7h
Step  43710 | loss 5.6197 | lr 3.00e-04 | grad 1.16 | 32.6k tok/s | cert -7.89→-6.17 | ticks [6.906 5.924 5.550 5.510] | 179M tok | ETA 100.7h
Step  43720 | loss 5.7436 | lr 3.00e-04 | grad 0.82 | 32.7k tok/s | cert -7.58→-6.31 | ticks [7.006 6.434 5.937 5.916] | 179M tok | ETA 100.7h
Step  43730 | loss 5.6249 | lr 3.00e-04 | grad 0.92 | 32.8k tok/s | cert -6.04→-5.92 | ticks [7.191 6.383 5.701 5.673] | 179M tok | ETA 100.7h
Step  43740 | loss 5.7620 | lr 3.00e-04 | grad 0.74 | 32.4k tok/s | cert -7.71→-6.03 | ticks [6.524 6.639 5.656 5.625] | 179M tok | ETA 100.7h
Step  43750 | loss 5.8502 | lr 3.00e-04 | grad 0.79 | 32.9k tok/s | cert -8.26→-6.53 | ticks [6.879 6.447 6.048 6.013] | 179M tok | ETA 100.7h
Step  43760 | loss 5.9737 | lr 3.00e-04 | grad 1.09 | 32.8k tok/s | cert -7.86→-6.69 | ticks [7.249 6.440 6.335 6.309] | 179M tok | ETA 100.7h
Step  43770 | loss 5.6581 | lr 3.00e-04 | grad 0.79 | 32.7k tok/s | cert -7.62→-6.08 | ticks [6.781 6.320 5.786 5.766] | 179M tok | ETA 100.7h
Step  43780 | loss 5.7522 | lr 3.00e-04 | grad 1.17 | 32.7k tok/s | cert -6.44→-6.57 | ticks [7.394 6.586 6.142 6.106] | 179M tok | ETA 100.7h
Step  43790 | loss 5.6119 | lr 3.00e-04 | grad 0.71 | 32.6k tok/s | cert -8.38→-6.03 | ticks [6.679 6.168 5.709 5.689] | 179M tok | ETA 100.7h
Step  43800 | loss 5.7419 | lr 3.00e-04 | grad 0.93 | 32.9k tok/s | cert -8.60→-6.55 | ticks [7.007 6.799 6.253 6.232] | 179M tok | ETA 100.7h
Step  43810 | loss 6.0221 | lr 3.00e-04 | grad 1.20 | 32.9k tok/s | cert -8.71→-6.25 | ticks [6.960 6.330 6.162 6.136] | 179M tok | ETA 100.7h
Step  43820 | loss 5.8286 | lr 3.00e-04 | grad 0.95 | 32.8k tok/s | cert -7.26→-6.10 | ticks [7.189 6.189 5.838 5.802] | 179M tok | ETA 100.7h
Step  43830 | loss 6.1897 | lr 3.00e-04 | grad 1.16 | 32.9k tok/s | cert -8.82→-7.34 | ticks [7.302 7.468 6.803 6.773] | 180M tok | ETA 100.7h
Step  43840 | loss 6.0524 | lr 3.00e-04 | grad 1.04 | 32.5k tok/s | cert -8.55→-6.40 | ticks [6.688 6.515 5.839 5.821] | 180M tok | ETA 100.7h
Step  43850 | loss 5.8059 | lr 3.00e-04 | grad 0.91 | 32.6k tok/s | cert -7.33→-6.37 | ticks [6.905 6.508 5.753 5.723] | 180M tok | ETA 100.7h
Step  43860 | loss 5.8153 | lr 3.00e-04 | grad 0.82 | 32.9k tok/s | cert -8.26→-6.51 | ticks [7.004 6.389 5.996 5.976] | 180M tok | ETA 100.7h
Step  43870 | loss 5.7285 | lr 3.00e-04 | grad 1.01 | 32.8k tok/s | cert -7.78→-6.26 | ticks [6.855 6.306 5.795 5.777] | 180M tok | ETA 100.7h
Step  43880 | loss 5.7896 | lr 3.00e-04 | grad 0.90 | 32.9k tok/s | cert -7.35→-6.10 | ticks [6.788 6.510 5.862 5.829] | 180M tok | ETA 100.7h
Step  43890 | loss 5.8058 | lr 3.00e-04 | grad 0.98 | 32.7k tok/s | cert -8.08→-6.15 | ticks [6.577 6.258 5.742 5.716] | 180M tok | ETA 100.7h
Step  43900 | loss 5.8840 | lr 3.00e-04 | grad 1.48 | 32.4k tok/s | cert -7.82→-6.37 | ticks [6.405 6.348 5.483 5.465] | 180M tok | ETA 100.7h
Step  43910 | loss 6.0184 | lr 3.00e-04 | grad 1.29 | 32.7k tok/s | cert -6.46→-6.81 | ticks [7.650 6.683 6.578 6.550] | 180M tok | ETA 100.7h
Step  43920 | loss 5.8566 | lr 3.00e-04 | grad 0.79 | 32.7k tok/s | cert -7.51→-6.22 | ticks [6.743 6.263 5.752 5.733] | 180M tok | ETA 100.7h
Step  43930 | loss 5.9231 | lr 3.00e-04 | grad 0.72 | 32.8k tok/s | cert -8.85→-6.73 | ticks [7.131 6.779 6.354 6.325] | 180M tok | ETA 100.7h
Step  43940 | loss 5.8192 | lr 3.00e-04 | grad 0.73 | 32.9k tok/s | cert -7.20→-6.00 | ticks [6.582 5.926 5.665 5.628] | 180M tok | ETA 100.7h
Step  43950 | loss 5.7610 | lr 3.00e-04 | grad 1.27 | 33.0k tok/s | cert -6.91→-6.45 | ticks [6.966 6.273 5.782 5.755] | 180M tok | ETA 100.7h
Step  43960 | loss 5.7644 | lr 3.00e-04 | grad 0.89 | 33.1k tok/s | cert -7.24→-6.45 | ticks [6.789 6.296 5.945 5.925] | 180M tok | ETA 100.7h
Step  43970 | loss 5.7678 | lr 3.00e-04 | grad 0.76 | 32.6k tok/s | cert -7.73→-6.14 | ticks [6.348 6.195 5.623 5.598] | 180M tok | ETA 100.7h
Step  43980 | loss 5.7768 | lr 3.00e-04 | grad 0.76 | 32.7k tok/s | cert -7.22→-6.15 | ticks [6.488 6.014 5.603 5.579] | 180M tok | ETA 100.7h
Step  43990 | loss 5.9321 | lr 3.00e-04 | grad 0.76 | 32.4k tok/s | cert -8.54→-6.30 | ticks [6.878 6.235 6.012 5.997] | 180M tok | ETA 100.7h
Step  44000 | loss 5.5739 | lr 3.00e-04 | grad 0.85 | 32.7k tok/s | cert -7.08→-6.65 | ticks [7.254 6.702 6.365 6.342] | 180M tok | ETA 100.7h
Step  44010 | loss 5.8497 | lr 3.00e-04 | grad 1.04 | 32.7k tok/s | cert -8.40→-6.78 | ticks [7.083 6.980 6.426 6.391] | 180M tok | ETA 100.7h
Step  44020 | loss 5.9806 | lr 3.00e-04 | grad 0.87 | 32.8k tok/s | cert -6.91→-6.16 | ticks [6.743 6.166 5.830 5.808] | 180M tok | ETA 100.7h
Step  44030 | loss 5.8931 | lr 3.00e-04 | grad 0.71 | 32.5k tok/s | cert -8.39→-6.29 | ticks [6.859 6.481 5.942 5.922] | 180M tok | ETA 100.7h
Step  44040 | loss 5.6879 | lr 3.00e-04 | grad 0.74 | 32.7k tok/s | cert -7.80→-5.95 | ticks [6.390 6.055 5.400 5.379] | 180M tok | ETA 100.7h
Step  44050 | loss 5.9394 | lr 3.00e-04 | grad 1.09 | 32.5k tok/s | cert -8.93→-7.21 | ticks [7.334 7.235 6.816 6.792] | 180M tok | ETA 100.7h
Step  44060 | loss 5.9573 | lr 3.00e-04 | grad 0.89 | 32.7k tok/s | cert -7.93→-6.22 | ticks [6.758 6.470 5.802 5.772] | 180M tok | ETA 100.7h
Step  44070 | loss 5.7370 | lr 3.00e-04 | grad 0.84 | 33.1k tok/s | cert -7.41→-6.11 | ticks [6.530 5.988 5.531 5.500] | 181M tok | ETA 100.7h
Step  44080 | loss 5.7701 | lr 3.00e-04 | grad 1.13 | 32.7k tok/s | cert -8.22→-6.76 | ticks [6.949 6.640 6.150 6.121] | 181M tok | ETA 100.7h
Step  44090 | loss 5.8901 | lr 3.00e-04 | grad 1.09 | 32.5k tok/s | cert -4.12→-6.45 | ticks [8.027 6.097 5.926 5.896] | 181M tok | ETA 100.7h
Step  44100 | loss 5.7214 | lr 3.00e-04 | grad 0.77 | 32.6k tok/s | cert -8.42→-6.16 | ticks [6.558 6.161 5.732 5.706] | 181M tok | ETA 100.6h
Step  44110 | loss 5.8611 | lr 3.00e-04 | grad 1.34 | 32.8k tok/s | cert -6.50→-6.61 | ticks [7.244 6.407 6.178 6.162] | 181M tok | ETA 100.6h
Step  44120 | loss 5.7379 | lr 3.00e-04 | grad 0.72 | 32.4k tok/s | cert -7.61→-6.13 | ticks [6.704 6.091 5.727 5.702] | 181M tok | ETA 100.6h
Step  44130 | loss 5.7287 | lr 3.00e-04 | grad 0.77 | 32.6k tok/s | cert -7.26→-6.26 | ticks [7.077 6.096 5.783 5.759] | 181M tok | ETA 100.6h
Step  44140 | loss 5.9269 | lr 3.00e-04 | grad 0.94 | 32.9k tok/s | cert -7.21→-6.44 | ticks [7.024 6.456 5.858 5.832] | 181M tok | ETA 100.6h
Step  44150 | loss 5.7992 | lr 3.00e-04 | grad 0.98 | 32.7k tok/s | cert -8.45→-6.51 | ticks [7.177 6.421 6.182 6.161] | 181M tok | ETA 100.6h
Step  44160 | loss 5.8233 | lr 3.00e-04 | grad 0.66 | 32.5k tok/s | cert -8.13→-6.12 | ticks [6.524 6.263 5.605 5.578] | 181M tok | ETA 100.6h
Step  44170 | loss 5.8834 | lr 3.00e-04 | grad 1.43 | 32.9k tok/s | cert -8.57→-7.09 | ticks [6.861 6.455 6.118 6.097] | 181M tok | ETA 100.6h
Step  44180 | loss 5.7512 | lr 3.00e-04 | grad 0.86 | 32.7k tok/s | cert -8.65→-6.52 | ticks [6.659 6.508 5.970 5.945] | 181M tok | ETA 100.6h
Step  44190 | loss 5.7294 | lr 3.00e-04 | grad 1.18 | 32.2k tok/s | cert -6.79→-6.21 | ticks [6.977 6.176 5.794 5.773] | 181M tok | ETA 100.6h
Step  44200 | loss 5.9248 | lr 3.00e-04 | grad 1.16 | 32.9k tok/s | cert -6.49→-5.81 | ticks [6.866 6.178 5.802 5.762] | 181M tok | ETA 100.6h
Step  44210 | loss 5.8121 | lr 3.00e-04 | grad 0.94 | 33.0k tok/s | cert -6.11→-6.20 | ticks [6.962 6.008 5.689 5.660] | 181M tok | ETA 100.6h
Step  44220 | loss 5.7365 | lr 3.00e-04 | grad 0.77 | 32.7k tok/s | cert -7.72→-6.34 | ticks [7.249 6.342 6.111 6.084] | 181M tok | ETA 100.6h
Step  44230 | loss 5.8025 | lr 3.00e-04 | grad 0.84 | 32.7k tok/s | cert -7.36→-5.84 | ticks [6.562 5.741 5.609 5.578] | 181M tok | ETA 100.6h
Step  44240 | loss 5.8664 | lr 3.00e-04 | grad 0.92 | 32.6k tok/s | cert -6.09→-6.37 | ticks [7.138 6.797 5.960 5.939] | 181M tok | ETA 100.6h
Step  44250 | loss 5.8472 | lr 3.00e-04 | grad 0.96 | 32.4k tok/s | cert -7.86→-6.05 | ticks [6.938 6.238 5.885 5.864] | 181M tok | ETA 100.6h
Step  44260 | loss 5.7348 | lr 3.00e-04 | grad 0.71 | 32.6k tok/s | cert -8.18→-6.29 | ticks [6.615 6.268 5.845 5.822] | 181M tok | ETA 100.6h
Step  44270 | loss 5.7737 | lr 3.00e-04 | grad 0.85 | 32.3k tok/s | cert -7.39→-6.07 | ticks [6.661 5.892 5.637 5.614] | 181M tok | ETA 100.6h
Step  44280 | loss 5.8059 | lr 3.00e-04 | grad 0.91 | 32.8k tok/s | cert -7.15→-5.99 | ticks [6.745 6.085 5.764 5.743] | 181M tok | ETA 100.6h
Step  44290 | loss 5.6456 | lr 3.00e-04 | grad 0.94 | 32.6k tok/s | cert -7.60→-6.40 | ticks [6.964 6.568 6.002 5.984] | 181M tok | ETA 100.6h
Step  44300 | loss 5.7380 | lr 3.00e-04 | grad 0.78 | 32.9k tok/s | cert -7.23→-6.28 | ticks [6.801 6.420 5.960 5.942] | 181M tok | ETA 100.6h
Step  44310 | loss 5.6759 | lr 3.00e-04 | grad 0.64 | 33.1k tok/s | cert -8.09→-5.96 | ticks [6.444 6.136 5.526 5.506] | 181M tok | ETA 100.6h
Step  44320 | loss 5.7328 | lr 3.00e-04 | grad 0.80 | 32.9k tok/s | cert -7.63→-6.13 | ticks [6.648 6.353 5.788 5.765] | 182M tok | ETA 100.6h
Step  44330 | loss 5.9052 | lr 3.00e-04 | grad 0.94 | 32.9k tok/s | cert -7.23→-6.31 | ticks [6.990 6.274 5.812 5.789] | 182M tok | ETA 100.6h
Step  44340 | loss 5.7237 | lr 3.00e-04 | grad 0.73 | 32.7k tok/s | cert -7.53→-6.10 | ticks [6.774 6.256 5.734 5.701] | 182M tok | ETA 100.6h
Step  44350 | loss 5.8585 | lr 3.00e-04 | grad 1.08 | 32.8k tok/s | cert -8.53→-6.51 | ticks [6.935 6.532 5.954 5.921] | 182M tok | ETA 100.6h
Step  44360 | loss 5.7895 | lr 3.00e-04 | grad 1.11 | 32.7k tok/s | cert -5.13→-6.48 | ticks [7.557 6.068 5.962 5.945] | 182M tok | ETA 100.6h
Step  44370 | loss 5.8612 | lr 3.00e-04 | grad 0.87 | 32.8k tok/s | cert -8.53→-6.07 | ticks [6.935 5.849 5.561 5.532] | 182M tok | ETA 100.6h
Step  44380 | loss 5.8277 | lr 3.00e-04 | grad 0.87 | 32.5k tok/s | cert -8.11→-6.14 | ticks [6.631 6.039 5.813 5.796] | 182M tok | ETA 100.6h
Step  44390 | loss 5.8779 | lr 3.00e-04 | grad 0.79 | 32.7k tok/s | cert -7.50→-6.01 | ticks [6.946 6.043 5.704 5.684] | 182M tok | ETA 100.6h
Step  44400 | loss 5.6816 | lr 3.00e-04 | grad 1.55 | 32.8k tok/s | cert -7.87→-6.52 | ticks [6.638 6.202 5.796 5.787] | 182M tok | ETA 100.6h
Step  44410 | loss 5.7923 | lr 3.00e-04 | grad 1.20 | 32.8k tok/s | cert -8.26→-6.54 | ticks [6.979 6.598 6.007 5.986] | 182M tok | ETA 100.6h
Step  44420 | loss 5.7266 | lr 3.00e-04 | grad 0.92 | 32.5k tok/s | cert -6.53→-6.05 | ticks [6.962 5.934 5.531 5.510] | 182M tok | ETA 100.6h
Step  44430 | loss 5.7991 | lr 3.00e-04 | grad 1.11 | 32.9k tok/s | cert -7.75→-6.48 | ticks [6.803 6.389 5.888 5.876] | 182M tok | ETA 100.6h
Step  44440 | loss 5.8356 | lr 3.00e-04 | grad 0.83 | 32.8k tok/s | cert -7.93→-6.43 | ticks [6.776 6.501 5.949 5.921] | 182M tok | ETA 100.6h
Step  44450 | loss 5.7135 | lr 3.00e-04 | grad 0.80 | 32.8k tok/s | cert -6.36→-6.30 | ticks [7.411 6.350 5.976 5.954] | 182M tok | ETA 100.6h
Step  44460 | loss 5.7619 | lr 3.00e-04 | grad 0.70 | 32.8k tok/s | cert -8.13→-6.28 | ticks [6.431 6.496 5.721 5.688] | 182M tok | ETA 100.6h
Step  44470 | loss 5.7921 | lr 3.00e-04 | grad 0.98 | 32.6k tok/s | cert -7.75→-6.54 | ticks [6.905 6.653 6.158 6.130] | 182M tok | ETA 100.6h
Step  44480 | loss 5.7119 | lr 3.00e-04 | grad 1.06 | 32.7k tok/s | cert -6.55→-6.45 | ticks [7.010 6.308 5.748 5.722] | 182M tok | ETA 100.6h
Step  44490 | loss 5.8749 | lr 3.00e-04 | grad 0.74 | 32.5k tok/s | cert -7.28→-6.25 | ticks [6.846 6.235 5.779 5.754] | 182M tok | ETA 100.6h
Step  44500 | loss 5.6815 | lr 3.00e-04 | grad 1.10 | 32.8k tok/s | cert -7.72→-6.37 | ticks [6.562 6.377 5.833 5.804] | 182M tok | ETA 100.6h
Step  44510 | loss 5.6698 | lr 3.00e-04 | grad 0.70 | 32.4k tok/s | cert -7.09→-6.04 | ticks [6.656 6.378 5.607 5.583] | 182M tok | ETA 100.6h
Step  44520 | loss 5.7982 | lr 3.00e-04 | grad 0.73 | 32.5k tok/s | cert -6.40→-6.06 | ticks [6.605 6.041 5.463 5.435] | 182M tok | ETA 100.6h
Step  44530 | loss 5.8597 | lr 3.00e-04 | grad 0.99 | 32.6k tok/s | cert -7.03→-6.16 | ticks [6.783 6.528 5.878 5.853] | 182M tok | ETA 100.6h
Step  44540 | loss 5.8885 | lr 3.00e-04 | grad 1.12 | 32.8k tok/s | cert -6.70→-6.31 | ticks [6.830 6.275 5.765 5.740] | 182M tok | ETA 100.6h
Step  44550 | loss 5.8094 | lr 3.00e-04 | grad 1.09 | 32.8k tok/s | cert -7.98→-6.76 | ticks [7.115 6.767 6.152 6.128] | 182M tok | ETA 100.6h
Step  44560 | loss 5.7932 | lr 3.00e-04 | grad 1.14 | 32.8k tok/s | cert -7.85→-6.15 | ticks [6.921 6.443 5.892 5.863] | 183M tok | ETA 100.6h
Step  44570 | loss 5.8011 | lr 3.00e-04 | grad 0.77 | 32.5k tok/s | cert -6.59→-5.99 | ticks [6.949 6.105 5.761 5.735] | 183M tok | ETA 100.6h
Step  44580 | loss 5.6546 | lr 3.00e-04 | grad 0.95 | 32.8k tok/s | cert -8.41→-6.28 | ticks [6.802 6.249 5.886 5.865] | 183M tok | ETA 100.6h
Step  44590 | loss 5.8227 | lr 3.00e-04 | grad 0.89 | 33.0k tok/s | cert -6.06→-5.93 | ticks [7.036 6.024 5.511 5.483] | 183M tok | ETA 100.6h
Step  44600 | loss 5.8846 | lr 3.00e-04 | grad 1.05 | 32.6k tok/s | cert -8.77→-6.43 | ticks [7.134 6.658 6.093 6.070] | 183M tok | ETA 100.6h
Step  44610 | loss 5.7821 | lr 3.00e-04 | grad 0.77 | 32.8k tok/s | cert -7.26→-6.08 | ticks [6.673 6.171 5.722 5.699] | 183M tok | ETA 100.6h
Step  44620 | loss 5.7542 | lr 3.00e-04 | grad 0.96 | 32.7k tok/s | cert -7.40→-5.69 | ticks [6.388 5.907 5.519 5.496] | 183M tok | ETA 100.6h
Step  44630 | loss 5.7669 | lr 3.00e-04 | grad 0.71 | 33.0k tok/s | cert -7.31→-6.39 | ticks [7.182 6.356 6.096 6.066] | 183M tok | ETA 100.6h
Step  44640 | loss 5.8784 | lr 3.00e-04 | grad 0.75 | 32.6k tok/s | cert -7.93→-6.29 | ticks [6.972 6.432 6.189 6.172] | 183M tok | ETA 100.6h
Step  44650 | loss 5.8599 | lr 3.00e-04 | grad 1.23 | 32.7k tok/s | cert -6.54→-6.94 | ticks [7.365 6.719 6.142 6.119] | 183M tok | ETA 100.6h
Step  44660 | loss 5.6623 | lr 3.00e-04 | grad 0.80 | 32.6k tok/s | cert -8.77→-6.30 | ticks [6.684 6.226 5.688 5.652] | 183M tok | ETA 100.6h
Step  44670 | loss 5.7758 | lr 3.00e-04 | grad 0.84 | 32.5k tok/s | cert -7.23→-5.85 | ticks [6.762 6.086 5.684 5.641] | 183M tok | ETA 100.6h
Step  44680 | loss 5.7444 | lr 3.00e-04 | grad 0.76 | 32.8k tok/s | cert -8.75→-6.51 | ticks [6.826 6.649 6.128 6.105] | 183M tok | ETA 100.6h
Step  44690 | loss 5.7517 | lr 3.00e-04 | grad 0.70 | 32.9k tok/s | cert -7.66→-6.42 | ticks [6.784 6.285 5.889 5.868] | 183M tok | ETA 100.6h
Step  44700 | loss 5.8211 | lr 3.00e-04 | grad 0.81 | 32.6k tok/s | cert -8.11→-6.21 | ticks [6.751 6.385 5.849 5.831] | 183M tok | ETA 100.6h
Step  44710 | loss 5.8665 | lr 3.00e-04 | grad 0.94 | 32.8k tok/s | cert -8.57→-6.75 | ticks [6.865 6.661 6.139 6.121] | 183M tok | ETA 100.6h
Step  44720 | loss 5.9512 | lr 3.00e-04 | grad 1.70 | 32.9k tok/s | cert -8.26→-6.83 | ticks [7.093 6.747 6.061 6.046] | 183M tok | ETA 100.6h
Step  44730 | loss 5.7868 | lr 3.00e-04 | grad 3.12 | 32.3k tok/s | cert -7.45→-6.71 | ticks [6.350 6.262 5.555 5.525] | 183M tok | ETA 100.6h
Step  44740 | loss 5.7597 | lr 3.00e-04 | grad 0.97 | 32.5k tok/s | cert -8.16→-5.72 | ticks [6.555 6.252 5.673 5.651] | 183M tok | ETA 100.6h
Step  44750 | loss 5.8079 | lr 3.00e-04 | grad 0.88 | 32.7k tok/s | cert -7.66→-6.05 | ticks [6.747 6.083 5.660 5.633] | 183M tok | ETA 100.6h
Step  44760 | loss 5.7008 | lr 3.00e-04 | grad 1.11 | 32.6k tok/s | cert -7.85→-6.05 | ticks [6.568 6.032 5.893 5.875] | 183M tok | ETA 100.6h
Step  44770 | loss 5.7491 | lr 3.00e-04 | grad 1.32 | 32.7k tok/s | cert -7.69→-6.38 | ticks [6.792 6.044 5.708 5.683] | 183M tok | ETA 100.6h
Step  44780 | loss 5.6189 | lr 3.00e-04 | grad 0.85 | 32.9k tok/s | cert -7.39→-5.96 | ticks [6.563 6.028 5.586 5.561] | 183M tok | ETA 100.6h
Step  44790 | loss 5.8580 | lr 3.00e-04 | grad 1.12 | 32.7k tok/s | cert -8.64→-6.03 | ticks [7.102 6.280 6.021 5.993] | 183M tok | ETA 100.6h
Step  44800 | loss 5.7594 | lr 3.00e-04 | grad 1.21 | 32.8k tok/s | cert -6.76→-6.25 | ticks [6.844 5.981 5.757 5.726] | 184M tok | ETA 100.6h
Step  44810 | loss 5.9383 | lr 3.00e-04 | grad 1.73 | 32.7k tok/s | cert -7.30→-6.53 | ticks [7.124 6.707 5.885 5.855] | 184M tok | ETA 100.6h
Step  44820 | loss 5.7815 | lr 3.00e-04 | grad 1.08 | 32.6k tok/s | cert -7.98→-6.33 | ticks [6.896 6.288 6.076 6.057] | 184M tok | ETA 100.6h
Step  44830 | loss 5.8438 | lr 3.00e-04 | grad 1.09 | 32.8k tok/s | cert -7.37→-6.17 | ticks [7.171 6.574 5.903 5.870] | 184M tok | ETA 100.6h
Step  44840 | loss 5.8175 | lr 3.00e-04 | grad 0.69 | 32.3k tok/s | cert -8.26→-6.08 | ticks [7.116 6.158 5.739 5.703] | 184M tok | ETA 100.6h
Step  44850 | loss 5.9662 | lr 3.00e-04 | grad 1.10 | 32.0k tok/s | cert -8.44→-6.39 | ticks [6.927 6.507 6.034 6.012] | 184M tok | ETA 100.6h
Step  44860 | loss 5.8225 | lr 3.00e-04 | grad 0.88 | 32.5k tok/s | cert -7.70→-6.24 | ticks [6.741 6.211 5.729 5.697] | 184M tok | ETA 100.6h
Step  44870 | loss 5.8140 | lr 3.00e-04 | grad 0.82 | 32.6k tok/s | cert -7.83→-6.13 | ticks [6.820 6.296 5.733 5.718] | 184M tok | ETA 100.6h
Step  44880 | loss 5.7603 | lr 3.00e-04 | grad 0.83 | 32.4k tok/s | cert -7.92→-6.27 | ticks [6.878 6.089 5.897 5.870] | 184M tok | ETA 100.6h
Step  44890 | loss 5.8148 | lr 3.00e-04 | grad 0.91 | 32.7k tok/s | cert -9.13→-6.64 | ticks [7.115 6.802 5.925 5.899] | 184M tok | ETA 100.6h
Step  44900 | loss 5.8764 | lr 3.00e-04 | grad 0.97 | 32.5k tok/s | cert -8.31→-6.23 | ticks [7.052 5.959 5.813 5.782] | 184M tok | ETA 100.6h
Step  44910 | loss 5.7616 | lr 3.00e-04 | grad 0.92 | 32.6k tok/s | cert -7.89→-6.21 | ticks [6.875 6.065 5.613 5.578] | 184M tok | ETA 100.6h
Step  44920 | loss 5.8638 | lr 3.00e-04 | grad 0.84 | 32.8k tok/s | cert -8.78→-6.32 | ticks [6.907 6.524 5.796 5.759] | 184M tok | ETA 100.6h
Step  44930 | loss 5.6636 | lr 3.00e-04 | grad 1.29 | 32.9k tok/s | cert -7.34→-6.30 | ticks [6.717 6.284 5.702 5.674] | 184M tok | ETA 100.6h
Step  44940 | loss 5.7253 | lr 3.00e-04 | grad 1.02 | 32.3k tok/s | cert -7.50→-6.01 | ticks [6.790 6.281 5.861 5.824] | 184M tok | ETA 100.6h
Step  44950 | loss 5.8324 | lr 3.00e-04 | grad 0.87 | 32.7k tok/s | cert -8.07→-6.23 | ticks [6.995 6.182 5.858 5.836] | 184M tok | ETA 100.6h
Step  44960 | loss 5.7989 | lr 3.00e-04 | grad 0.76 | 32.7k tok/s | cert -8.20→-6.10 | ticks [7.027 6.360 5.700 5.675] | 184M tok | ETA 100.6h
Step  44970 | loss 5.9139 | lr 3.00e-04 | grad 0.75 | 32.8k tok/s | cert -6.32→-5.66 | ticks [7.379 5.744 5.466 5.436] | 184M tok | ETA 100.6h
Step  44980 | loss 5.5924 | lr 3.00e-04 | grad 0.83 | 32.8k tok/s | cert -7.15→-5.84 | ticks [6.948 6.020 5.458 5.424] | 184M tok | ETA 100.6h
Step  44990 | loss 5.7271 | lr 3.00e-04 | grad 0.80 | 32.7k tok/s | cert -6.85→-6.00 | ticks [6.744 6.220 5.538 5.514] | 184M tok | ETA 100.6h
Step  45000 | loss 5.7896 | lr 3.00e-04 | grad 0.79 | 32.9k tok/s | cert -7.36→-6.23 | ticks [6.957 6.120 5.832 5.805] | 184M tok | ETA 100.6h
'[Errno 9] Bad file descriptor' thrown while requesting GET https://huggingface.co/datasets/HuggingFaceFW/fineweb-edu/resolve/87f09149ef4734204d70ed1d046ddc9ca3f2b8f9/sample/10BT/000_00000.parquet

  >>> Eval loss: 6.5494 (best: 6.4988)
  >>> Sample: 'The most important thing to understand about science is' → ' a science?What? Is there? Here? What we????? How? What? What did? How? what??? And? What? We understand what? What? How? How?? How? What'

Step  45010 | loss 5.9024 | lr 3.00e-04 | grad 1.22 | 32.6k tok/s | cert -8.45→-6.58 | ticks [6.901 6.490 6.010 5.987] | 184M tok | ETA 100.8h
Step  45020 | loss 5.8095 | lr 3.00e-04 | grad 0.79 | 32.7k tok/s | cert -7.98→-5.91 | ticks [6.657 5.898 5.510 5.488] | 184M tok | ETA 100.8h
Step  45030 | loss 5.7557 | lr 3.00e-04 | grad 0.83 | 32.7k tok/s | cert -7.91→-5.98 | ticks [6.892 6.268 5.702 5.668] | 184M tok | ETA 100.8h
Step  45040 | loss 5.6975 | lr 3.00e-04 | grad 0.67 | 33.1k tok/s | cert -8.26→-6.17 | ticks [6.623 6.201 5.767 5.744] | 184M tok | ETA 100.8h
Step  45050 | loss 5.8731 | lr 3.00e-04 | grad 1.21 | 32.4k tok/s | cert -8.88→-6.74 | ticks [7.352 6.650 6.394 6.360] | 185M tok | ETA 100.8h
Step  45060 | loss 5.8387 | lr 3.00e-04 | grad 0.89 | 32.8k tok/s | cert -7.94→-6.30 | ticks [6.461 6.385 5.785 5.758] | 185M tok | ETA 100.8h
Step  45070 | loss 5.8515 | lr 3.00e-04 | grad 0.96 | 32.6k tok/s | cert -7.03→-6.02 | ticks [6.806 5.949 5.736 5.711] | 185M tok | ETA 100.8h
Step  45080 | loss 5.6973 | lr 3.00e-04 | grad 0.81 | 32.8k tok/s | cert -7.43→-6.28 | ticks [6.892 6.256 5.836 5.805] | 185M tok | ETA 100.8h
Step  45090 | loss 5.7555 | lr 3.00e-04 | grad 0.68 | 32.4k tok/s | cert -7.91→-6.00 | ticks [6.445 6.104 5.519 5.496] | 185M tok | ETA 100.8h
Step  45100 | loss 5.8284 | lr 3.00e-04 | grad 0.68 | 32.9k tok/s | cert -8.12→-6.08 | ticks [6.637 6.023 5.698 5.679] | 185M tok | ETA 100.8h
Step  45110 | loss 5.8170 | lr 3.00e-04 | grad 0.74 | 33.0k tok/s | cert -7.04→-6.21 | ticks [6.808 6.304 5.698 5.663] | 185M tok | ETA 100.8h
Step  45120 | loss 5.6751 | lr 3.00e-04 | grad 0.99 | 32.6k tok/s | cert -7.78→-6.22 | ticks [6.966 6.034 5.614 5.581] | 185M tok | ETA 100.8h
Step  45130 | loss 5.7240 | lr 3.00e-04 | grad 0.88 | 32.8k tok/s | cert -8.17→-6.34 | ticks [6.569 6.166 5.701 5.674] | 185M tok | ETA 100.8h
Step  45140 | loss 5.8980 | lr 3.00e-04 | grad 1.03 | 32.9k tok/s | cert -8.01→-6.08 | ticks [6.640 6.164 5.732 5.700] | 185M tok | ETA 100.8h
Step  45150 | loss 5.9708 | lr 3.00e-04 | grad 0.69 | 32.9k tok/s | cert -7.93→-5.98 | ticks [6.602 6.044 5.573 5.552] | 185M tok | ETA 100.8h
Step  45160 | loss 5.8487 | lr 3.00e-04 | grad 0.80 | 32.5k tok/s | cert -8.10→-6.21 | ticks [6.737 6.192 5.967 5.946] | 185M tok | ETA 100.8h
Step  45170 | loss 5.5692 | lr 3.00e-04 | grad 0.90 | 32.9k tok/s | cert -8.36→-6.54 | ticks [7.001 6.217 5.974 5.940] | 185M tok | ETA 100.8h
Step  45180 | loss 5.7322 | lr 3.00e-04 | grad 0.77 | 32.7k tok/s | cert -8.04→-6.11 | ticks [6.720 6.499 5.863 5.827] | 185M tok | ETA 100.8h
Step  45190 | loss 5.7172 | lr 3.00e-04 | grad 0.91 | 32.7k tok/s | cert -6.96→-6.04 | ticks [7.189 6.101 5.631 5.610] | 185M tok | ETA 100.8h
Step  45200 | loss 5.7988 | lr 3.00e-04 | grad 0.81 | 32.3k tok/s | cert -7.60→-6.16 | ticks [6.686 6.193 5.626 5.603] | 185M tok | ETA 100.8h
Step  45210 | loss 5.7564 | lr 3.00e-04 | grad 0.79 | 32.8k tok/s | cert -7.66→-6.33 | ticks [6.756 6.247 5.887 5.859] | 185M tok | ETA 100.8h
Step  45220 | loss 5.7411 | lr 3.00e-04 | grad 0.89 | 33.0k tok/s | cert -6.79→-6.20 | ticks [7.193 6.374 5.660 5.636] | 185M tok | ETA 100.8h
Step  45230 | loss 5.9016 | lr 3.00e-04 | grad 1.08 | 32.7k tok/s | cert -7.29→-6.28 | ticks [6.929 6.081 5.809 5.787] | 185M tok | ETA 100.8h
Step  45240 | loss 5.8240 | lr 3.00e-04 | grad 1.08 | 32.9k tok/s | cert -7.23→-6.19 | ticks [6.857 6.404 5.712 5.681] | 185M tok | ETA 100.8h
Step  45250 | loss 5.6997 | lr 3.00e-04 | grad 0.84 | 32.8k tok/s | cert -7.83→-6.36 | ticks [6.533 6.710 5.808 5.788] | 185M tok | ETA 100.8h
Step  45260 | loss 5.7535 | lr 3.00e-04 | grad 0.70 | 32.8k tok/s | cert -7.42→-6.10 | ticks [6.458 6.311 5.590 5.566] | 185M tok | ETA 100.8h
Step  45270 | loss 5.7748 | lr 3.00e-04 | grad 0.73 | 32.6k tok/s | cert -8.02→-6.11 | ticks [6.620 6.098 5.560 5.533] | 185M tok | ETA 100.8h
Step  45280 | loss 5.7107 | lr 3.00e-04 | grad 1.55 | 32.6k tok/s | cert -8.73→-6.57 | ticks [6.660 6.200 5.835 5.812] | 185M tok | ETA 100.8h
Step  45290 | loss 5.7369 | lr 3.00e-04 | grad 0.85 | 32.7k tok/s | cert -6.66→-5.97 | ticks [6.958 5.826 5.560 5.535] | 186M tok | ETA 100.8h
Step  45300 | loss 5.8126 | lr 3.00e-04 | grad 1.14 | 32.7k tok/s | cert -7.89→-5.99 | ticks [6.396 6.136 5.585 5.557] | 186M tok | ETA 100.8h
Step  45310 | loss 6.2010 | lr 3.00e-04 | grad 2.31 | 32.3k tok/s | cert -6.80→-7.38 | ticks [7.822 6.859 6.626 6.627] | 186M tok | ETA 100.8h
Step  45320 | loss 5.7653 | lr 3.00e-04 | grad 0.81 | 32.7k tok/s | cert -8.34→-6.41 | ticks [6.954 6.315 5.949 5.925] | 186M tok | ETA 100.8h
Step  45330 | loss 5.9234 | lr 3.00e-04 | grad 0.89 | 32.6k tok/s | cert -6.80→-6.18 | ticks [6.957 6.185 5.601 5.563] | 186M tok | ETA 100.8h
Step  45340 | loss 5.7078 | lr 3.00e-04 | grad 0.95 | 32.8k tok/s | cert -7.72→-6.28 | ticks [6.551 6.212 5.724 5.682] | 186M tok | ETA 100.8h
Step  45350 | loss 5.9644 | lr 3.00e-04 | grad 1.22 | 32.7k tok/s | cert -7.99→-6.36 | ticks [6.898 7.032 6.117 6.091] | 186M tok | ETA 100.8h
Step  45360 | loss 5.8529 | lr 3.00e-04 | grad 1.13 | 32.6k tok/s | cert -8.56→-6.23 | ticks [6.936 6.457 5.858 5.829] | 186M tok | ETA 100.8h
Step  45370 | loss 5.7036 | lr 3.00e-04 | grad 1.16 | 33.0k tok/s | cert -6.62→-6.08 | ticks [6.782 6.542 5.762 5.731] | 186M tok | ETA 100.8h
Step  45380 | loss 5.7361 | lr 3.00e-04 | grad 1.05 | 32.8k tok/s | cert -7.98→-5.74 | ticks [6.440 6.115 5.548 5.526] | 186M tok | ETA 100.8h
Step  45390 | loss 5.7829 | lr 3.00e-04 | grad 1.02 | 33.0k tok/s | cert -7.88→-6.02 | ticks [6.669 5.914 5.595 5.584] | 186M tok | ETA 100.8h
Step  45400 | loss 5.7530 | lr 3.00e-04 | grad 0.94 | 32.8k tok/s | cert -6.59→-6.07 | ticks [6.772 5.842 5.486 5.467] | 186M tok | ETA 100.8h
Step  45410 | loss 5.6784 | lr 3.00e-04 | grad 0.71 | 32.9k tok/s | cert -7.31→-6.14 | ticks [6.657 6.010 5.654 5.629] | 186M tok | ETA 100.8h
Step  45420 | loss 5.6267 | lr 3.00e-04 | grad 0.66 | 32.6k tok/s | cert -8.23→-5.92 | ticks [6.807 5.874 5.522 5.499] | 186M tok | ETA 100.8h
Step  45430 | loss 5.9510 | lr 3.00e-04 | grad 1.30 | 32.8k tok/s | cert -8.43→-6.96 | ticks [7.080 6.447 6.189 6.165] | 186M tok | ETA 100.8h
Step  45440 | loss 6.0316 | lr 3.00e-04 | grad 0.87 | 32.4k tok/s | cert -5.02→-6.48 | ticks [7.695 6.603 5.877 5.850] | 186M tok | ETA 100.8h
Step  45450 | loss 5.8166 | lr 3.00e-04 | grad 0.75 | 32.7k tok/s | cert -7.59→-6.21 | ticks [6.874 6.284 5.892 5.870] | 186M tok | ETA 100.8h
Step  45460 | loss 5.8524 | lr 3.00e-04 | grad 0.72 | 32.5k tok/s | cert -7.00→-5.93 | ticks [6.875 6.007 5.638 5.614] | 186M tok | ETA 100.8h
Step  45470 | loss 5.6684 | lr 3.00e-04 | grad 0.94 | 32.7k tok/s | cert -7.48→-6.20 | ticks [6.433 6.318 5.578 5.544] | 186M tok | ETA 100.8h
Step  45480 | loss 5.6592 | lr 3.00e-04 | grad 1.00 | 33.0k tok/s | cert -8.22→-6.28 | ticks [6.592 6.233 5.704 5.671] | 186M tok | ETA 100.8h
Step  45490 | loss 5.7393 | lr 3.00e-04 | grad 0.79 | 32.7k tok/s | cert -8.11→-6.43 | ticks [6.910 6.315 5.885 5.865] | 186M tok | ETA 100.8h
Step  45500 | loss 5.8828 | lr 3.00e-04 | grad 0.91 | 32.5k tok/s | cert -6.72→-6.23 | ticks [7.132 6.777 5.856 5.838] | 186M tok | ETA 100.8h
Step  45510 | loss 5.7840 | lr 3.00e-04 | grad 0.92 | 32.7k tok/s | cert -7.40→-6.07 | ticks [6.431 6.107 5.415 5.385] | 186M tok | ETA 100.8h
Step  45520 | loss 5.7457 | lr 3.00e-04 | grad 0.70 | 32.8k tok/s | cert -8.23→-6.01 | ticks [6.541 6.305 5.767 5.748] | 186M tok | ETA 100.8h
Step  45530 | loss 5.8867 | lr 3.00e-04 | grad 1.01 | 32.9k tok/s | cert -8.74→-6.39 | ticks [6.554 6.979 5.679 5.653] | 186M tok | ETA 100.8h
Step  45540 | loss 6.0446 | lr 3.00e-04 | grad 0.77 | 32.6k tok/s | cert -8.38→-6.16 | ticks [6.821 6.001 5.745 5.711] | 187M tok | ETA 100.8h
Step  45550 | loss 5.7648 | lr 3.00e-04 | grad 0.73 | 32.7k tok/s | cert -7.62→-6.11 | ticks [6.669 5.904 5.678 5.660] | 187M tok | ETA 100.8h
Step  45560 | loss 5.7923 | lr 3.00e-04 | grad 0.97 | 32.5k tok/s | cert -8.06→-6.28 | ticks [6.914 6.332 5.905 5.885] | 187M tok | ETA 100.8h
Step  45570 | loss 5.9639 | lr 3.00e-04 | grad 1.09 | 32.7k tok/s | cert -7.63→-6.70 | ticks [7.300 6.837 6.124 6.097] | 187M tok | ETA 100.8h
Step  45580 | loss 5.7854 | lr 3.00e-04 | grad 0.93 | 32.9k tok/s | cert -7.04→-6.31 | ticks [6.688 6.589 5.792 5.767] | 187M tok | ETA 100.8h
Step  45590 | loss 5.8363 | lr 3.00e-04 | grad 2.05 | 32.4k tok/s | cert -8.87→-6.97 | ticks [6.902 6.519 6.037 6.019] | 187M tok | ETA 100.8h
Step  45600 | loss 5.7869 | lr 3.00e-04 | grad 1.60 | 32.8k tok/s | cert -7.77→-6.29 | ticks [6.564 6.365 5.708 5.676] | 187M tok | ETA 100.8h
Step  45610 | loss 5.7547 | lr 3.00e-04 | grad 0.76 | 32.8k tok/s | cert -8.24→-6.39 | ticks [6.838 6.507 5.894 5.870] | 187M tok | ETA 100.8h
Step  45620 | loss 5.9774 | lr 3.00e-04 | grad 1.34 | 32.6k tok/s | cert -7.35→-6.21 | ticks [7.285 6.561 6.141 6.113] | 187M tok | ETA 100.8h
Step  45630 | loss 5.8778 | lr 3.00e-04 | grad 1.12 | 32.6k tok/s | cert -7.89→-6.51 | ticks [6.707 6.520 5.972 5.950] | 187M tok | ETA 100.8h
Step  45640 | loss 5.8062 | lr 3.00e-04 | grad 1.21 | 32.8k tok/s | cert -7.33→-5.66 | ticks [6.517 5.985 5.607 5.583] | 187M tok | ETA 100.8h
Step  45650 | loss 5.7778 | lr 3.00e-04 | grad 0.74 | 32.8k tok/s | cert -8.02→-6.21 | ticks [6.871 6.269 5.882 5.860] | 187M tok | ETA 100.8h
Step  45660 | loss 5.7681 | lr 3.00e-04 | grad 1.34 | 32.6k tok/s | cert -7.60→-5.96 | ticks [6.602 6.156 5.806 5.774] | 187M tok | ETA 100.8h
Step  45670 | loss 5.8042 | lr 3.00e-04 | grad 0.86 | 32.8k tok/s | cert -8.61→-5.96 | ticks [6.550 6.087 5.648 5.624] | 187M tok | ETA 100.8h
Step  45680 | loss 5.7547 | lr 3.00e-04 | grad 1.14 | 32.7k tok/s | cert -4.92→-6.83 | ticks [8.058 6.978 6.006 5.971] | 187M tok | ETA 100.8h
Step  45690 | loss 5.8118 | lr 3.00e-04 | grad 0.86 | 32.7k tok/s | cert -7.82→-6.56 | ticks [6.721 6.291 5.849 5.819] | 187M tok | ETA 100.8h
Step  45700 | loss 5.8005 | lr 3.00e-04 | grad 0.90 | 32.5k tok/s | cert -7.94→-6.17 | ticks [6.488 6.162 5.690 5.658] | 187M tok | ETA 100.8h
Step  45710 | loss 5.8564 | lr 3.00e-04 | grad 1.28 | 32.4k tok/s | cert -7.17→-6.20 | ticks [6.512 6.217 5.545 5.513] | 187M tok | ETA 100.8h
Step  45720 | loss 5.7292 | lr 3.00e-04 | grad 1.12 | 32.8k tok/s | cert -7.88→-6.42 | ticks [6.981 6.290 6.005 5.987] | 187M tok | ETA 100.8h
Step  45730 | loss 5.9666 | lr 3.00e-04 | grad 0.84 | 32.9k tok/s | cert -7.75→-5.95 | ticks [6.440 5.983 5.471 5.442] | 187M tok | ETA 100.8h
Step  45740 | loss 6.0986 | lr 3.00e-04 | grad 0.77 | 32.8k tok/s | cert -7.34→-6.09 | ticks [6.860 6.154 5.678 5.651] | 187M tok | ETA 100.8h
Step  45750 | loss 5.7783 | lr 3.00e-04 | grad 0.79 | 32.9k tok/s | cert -7.74→-6.23 | ticks [6.957 6.533 6.051 6.033] | 187M tok | ETA 100.8h
Step  45760 | loss 5.8219 | lr 3.00e-04 | grad 0.99 | 32.9k tok/s | cert -7.09→-6.19 | ticks [6.671 6.273 5.548 5.514] | 187M tok | ETA 100.8h
Step  45770 | loss 5.7627 | lr 3.00e-04 | grad 0.84 | 32.5k tok/s | cert -7.46→-5.87 | ticks [6.652 6.003 5.666 5.649] | 187M tok | ETA 100.8h
Step  45780 | loss 5.7384 | lr 3.00e-04 | grad 0.79 | 32.9k tok/s | cert -7.09→-6.06 | ticks [6.692 6.411 5.677 5.651] | 188M tok | ETA 100.8h
Step  45790 | loss 5.7792 | lr 3.00e-04 | grad 0.87 | 32.9k tok/s | cert -7.90→-6.26 | ticks [6.687 6.599 5.795 5.765] | 188M tok | ETA 100.8h
Step  45800 | loss 5.6822 | lr 3.00e-04 | grad 0.80 | 32.8k tok/s | cert -7.41→-5.92 | ticks [6.213 5.751 5.342 5.305] | 188M tok | ETA 100.8h
Step  45810 | loss 5.7877 | lr 3.00e-04 | grad 0.94 | 32.4k tok/s | cert -7.89→-6.31 | ticks [6.484 6.570 5.748 5.731] | 188M tok | ETA 100.8h
Step  45820 | loss 5.8833 | lr 3.00e-04 | grad 1.04 | 32.3k tok/s | cert -7.40→-5.99 | ticks [6.621 6.451 5.776 5.743] | 188M tok | ETA 100.8h
Step  45830 | loss 5.6248 | lr 3.00e-04 | grad 0.89 | 32.5k tok/s | cert -6.87→-5.94 | ticks [6.414 5.628 5.269 5.242] | 188M tok | ETA 100.8h
Step  45840 | loss 5.7722 | lr 3.00e-04 | grad 1.10 | 32.8k tok/s | cert -7.28→-6.29 | ticks [6.306 6.184 5.537 5.509] | 188M tok | ETA 100.7h
Step  45850 | loss 5.7014 | lr 3.00e-04 | grad 0.84 | 32.9k tok/s | cert -7.74→-6.15 | ticks [6.632 6.165 5.751 5.727] | 188M tok | ETA 100.7h
Step  45860 | loss 5.6608 | lr 3.00e-04 | grad 0.78 | 32.4k tok/s | cert -7.33→-5.96 | ticks [6.293 5.944 5.461 5.440] | 188M tok | ETA 100.7h
Step  45870 | loss 5.6260 | lr 3.00e-04 | grad 0.79 | 32.4k tok/s | cert -7.71→-6.19 | ticks [6.570 6.343 5.875 5.854] | 188M tok | ETA 100.7h
Step  45880 | loss 5.7299 | lr 3.00e-04 | grad 0.70 | 32.8k tok/s | cert -7.91→-6.19 | ticks [6.567 6.207 5.723 5.692] | 188M tok | ETA 100.7h
Step  45890 | loss 5.7343 | lr 3.00e-04 | grad 0.90 | 32.5k tok/s | cert -6.71→-6.16 | ticks [6.704 6.049 5.798 5.770] | 188M tok | ETA 100.7h
Step  45900 | loss 5.8003 | lr 3.00e-04 | grad 0.83 | 32.4k tok/s | cert -7.47→-6.17 | ticks [6.756 6.177 5.885 5.857] | 188M tok | ETA 100.7h
Step  45910 | loss 5.6956 | lr 3.00e-04 | grad 0.78 | 32.5k tok/s | cert -5.60→-5.88 | ticks [7.503 5.888 5.667 5.645] | 188M tok | ETA 100.7h
Step  45920 | loss 5.6684 | lr 3.00e-04 | grad 0.86 | 32.9k tok/s | cert -8.24→-5.89 | ticks [6.433 5.932 5.442 5.413] | 188M tok | ETA 100.7h
Step  45930 | loss 5.8100 | lr 3.00e-04 | grad 1.39 | 32.9k tok/s | cert -7.67→-6.88 | ticks [7.485 6.876 6.331 6.305] | 188M tok | ETA 100.7h
Step  45940 | loss 5.7931 | lr 3.00e-04 | grad 1.48 | 32.5k tok/s | cert -6.18→-5.81 | ticks [7.195 6.231 5.760 5.733] | 188M tok | ETA 100.7h
Step  45950 | loss 5.7348 | lr 3.00e-04 | grad 0.99 | 32.8k tok/s | cert -7.48→-5.91 | ticks [6.594 6.085 5.656 5.631] | 188M tok | ETA 100.7h
Step  45960 | loss 5.5634 | lr 3.00e-04 | grad 0.70 | 32.3k tok/s | cert -7.75→-5.91 | ticks [6.420 6.074 5.384 5.355] | 188M tok | ETA 100.7h
Step  45970 | loss 5.6996 | lr 3.00e-04 | grad 0.78 | 32.8k tok/s | cert -6.34→-5.97 | ticks [6.723 6.129 5.459 5.422] | 188M tok | ETA 100.7h
Step  45980 | loss 5.5824 | lr 3.00e-04 | grad 0.76 | 32.6k tok/s | cert -6.35→-5.71 | ticks [6.409 5.509 5.287 5.262] | 188M tok | ETA 100.7h
Step  45990 | loss 5.7876 | lr 3.00e-04 | grad 0.93 | 32.4k tok/s | cert -7.96→-5.99 | ticks [6.312 6.630 5.674 5.650] | 188M tok | ETA 100.7h
Step  46000 | loss 5.6890 | lr 3.00e-04 | grad 1.58 | 32.8k tok/s | cert -6.80→-5.85 | ticks [6.769 6.260 5.848 5.827] | 188M tok | ETA 100.7h
Step  46010 | loss 5.8216 | lr 3.00e-04 | grad 0.91 | 32.6k tok/s | cert -7.66→-5.96 | ticks [6.455 5.886 5.596 5.566] | 188M tok | ETA 100.7h
Step  46020 | loss 5.8286 | lr 3.00e-04 | grad 1.09 | 33.0k tok/s | cert -8.28→-6.57 | ticks [6.915 7.410 6.289 6.258] | 189M tok | ETA 100.7h
Step  46030 | loss 5.8352 | lr 3.00e-04 | grad 0.69 | 32.9k tok/s | cert -8.77→-6.22 | ticks [6.786 6.126 5.727 5.704] | 189M tok | ETA 100.7h
Step  46040 | loss 5.6674 | lr 3.00e-04 | grad 0.66 | 32.6k tok/s | cert -7.47→-5.94 | ticks [6.447 6.205 5.591 5.567] | 189M tok | ETA 100.7h
Step  46050 | loss 5.6838 | lr 3.00e-04 | grad 1.26 | 32.7k tok/s | cert -8.37→-6.16 | ticks [6.889 6.474 5.995 5.963] | 189M tok | ETA 100.7h
Step  46060 | loss 5.6608 | lr 3.00e-04 | grad 0.76 | 32.4k tok/s | cert -8.80→-6.72 | ticks [6.924 6.862 5.999 5.971] | 189M tok | ETA 100.7h
Step  46070 | loss 5.7740 | lr 3.00e-04 | grad 1.19 | 32.4k tok/s | cert -8.14→-6.43 | ticks [7.627 6.669 6.233 6.202] | 189M tok | ETA 100.7h
Step  46080 | loss 5.6914 | lr 3.00e-04 | grad 1.08 | 32.9k tok/s | cert -8.24→-6.25 | ticks [7.131 6.459 6.002 5.967] | 189M tok | ETA 100.7h
Step  46090 | loss 5.8399 | lr 3.00e-04 | grad 0.86 | 32.7k tok/s | cert -8.64→-6.31 | ticks [7.538 6.630 5.906 5.869] | 189M tok | ETA 100.7h
Step  46100 | loss 5.9317 | lr 3.00e-04 | grad 0.77 | 32.3k tok/s | cert -7.07→-6.36 | ticks [7.278 6.454 6.164 6.126] | 189M tok | ETA 100.7h
Step  46110 | loss 5.7662 | lr 3.00e-04 | grad 1.22 | 32.6k tok/s | cert -7.95→-6.31 | ticks [6.670 6.263 5.775 5.746] | 189M tok | ETA 100.7h
Step  46120 | loss 5.7764 | lr 3.00e-04 | grad 1.65 | 32.7k tok/s | cert -7.08→-6.60 | ticks [7.068 6.216 5.941 5.922] | 189M tok | ETA 100.7h
Step  46130 | loss 5.8027 | lr 3.00e-04 | grad 0.82 | 32.9k tok/s | cert -8.33→-6.22 | ticks [6.664 6.606 5.856 5.825] | 189M tok | ETA 100.7h
Step  46140 | loss 5.6398 | lr 3.00e-04 | grad 1.08 | 32.8k tok/s | cert -7.01→-5.90 | ticks [6.618 6.190 5.720 5.701] | 189M tok | ETA 100.7h
Step  46150 | loss 5.7125 | lr 3.00e-04 | grad 0.80 | 32.7k tok/s | cert -6.47→-6.01 | ticks [6.865 6.272 5.766 5.729] | 189M tok | ETA 100.7h
Step  46160 | loss 5.7516 | lr 3.00e-04 | grad 1.41 | 32.3k tok/s | cert -8.61→-6.13 | ticks [6.662 6.213 5.948 5.925] | 189M tok | ETA 100.7h
Step  46170 | loss 5.8169 | lr 3.00e-04 | grad 0.77 | 32.7k tok/s | cert -8.08→-6.29 | ticks [6.798 6.435 5.819 5.790] | 189M tok | ETA 100.7h
Step  46180 | loss 5.6861 | lr 3.00e-04 | grad 1.06 | 32.4k tok/s | cert -7.42→-6.40 | ticks [6.740 6.137 5.720 5.694] | 189M tok | ETA 100.7h
Step  46190 | loss 5.5854 | lr 3.00e-04 | grad 0.98 | 32.6k tok/s | cert -6.74→-5.91 | ticks [6.836 6.151 5.581 5.560] | 189M tok | ETA 100.7h
Step  46200 | loss 5.8627 | lr 3.00e-04 | grad 0.86 | 32.5k tok/s | cert -8.20→-5.75 | ticks [6.223 5.984 5.343 5.305] | 189M tok | ETA 100.7h
Step  46210 | loss 5.7400 | lr 3.00e-04 | grad 0.89 | 32.9k tok/s | cert -8.08→-6.36 | ticks [6.850 7.017 6.054 6.034] | 189M tok | ETA 100.7h
Step  46220 | loss 5.7684 | lr 3.00e-04 | grad 0.97 | 32.6k tok/s | cert -7.96→-6.27 | ticks [6.650 6.412 5.871 5.841] | 189M tok | ETA 100.7h
Step  46230 | loss 5.6940 | lr 3.00e-04 | grad 0.98 | 32.6k tok/s | cert -8.04→-6.06 | ticks [6.927 6.167 5.808 5.783] | 189M tok | ETA 100.7h
Step  46240 | loss 5.7500 | lr 3.00e-04 | grad 1.16 | 32.6k tok/s | cert -6.63→-5.84 | ticks [6.439 6.421 5.563 5.528] | 189M tok | ETA 100.7h
Step  46250 | loss 5.7640 | lr 3.00e-04 | grad 0.89 | 33.0k tok/s | cert -7.66→-6.25 | ticks [6.232 6.287 5.440 5.403] | 189M tok | ETA 100.7h
Step  46260 | loss 5.7761 | lr 3.00e-04 | grad 0.78 | 32.8k tok/s | cert -7.78→-5.97 | ticks [6.567 6.000 5.528 5.504] | 189M tok | ETA 100.7h
Step  46270 | loss 5.7741 | lr 3.00e-04 | grad 0.82 | 32.6k tok/s | cert -8.54→-6.17 | ticks [6.827 6.510 5.834 5.808] | 190M tok | ETA 100.7h
Step  46280 | loss 5.6595 | lr 3.00e-04 | grad 0.98 | 32.8k tok/s | cert -5.91→-6.18 | ticks [6.970 6.256 5.551 5.503] | 190M tok | ETA 100.7h
Step  46290 | loss 5.7844 | lr 3.00e-04 | grad 1.07 | 32.7k tok/s | cert -8.15→-6.41 | ticks [6.876 6.490 6.131 6.107] | 190M tok | ETA 100.7h
Step  46300 | loss 5.7427 | lr 3.00e-04 | grad 0.62 | 32.5k tok/s | cert -6.24→-5.72 | ticks [6.655 5.782 5.326 5.296] | 190M tok | ETA 100.7h
Step  46310 | loss 5.7258 | lr 3.00e-04 | grad 1.17 | 32.6k tok/s | cert -6.92→-5.85 | ticks [6.623 6.059 5.649 5.616] | 190M tok | ETA 100.7h
Step  46320 | loss 5.7705 | lr 3.00e-04 | grad 0.77 | 32.8k tok/s | cert -7.46→-5.84 | ticks [6.574 5.986 5.540 5.519] | 190M tok | ETA 100.7h
Step  46330 | loss 5.7517 | lr 3.00e-04 | grad 0.93 | 33.0k tok/s | cert -7.91→-6.52 | ticks [7.212 6.608 6.231 6.210] | 190M tok | ETA 100.7h
Step  46340 | loss 5.8009 | lr 3.00e-04 | grad 0.90 | 32.7k tok/s | cert -8.31→-5.97 | ticks [6.825 6.207 5.691 5.663] | 190M tok | ETA 100.7h
Step  46350 | loss 5.7268 | lr 3.00e-04 | grad 0.86 | 32.7k tok/s | cert -7.90→-6.09 | ticks [6.605 6.359 5.690 5.671] | 190M tok | ETA 100.7h
Step  46360 | loss 5.9707 | lr 3.00e-04 | grad 0.86 | 32.8k tok/s | cert -8.96→-6.44 | ticks [6.812 6.209 5.846 5.822] | 190M tok | ETA 100.7h
Step  46370 | loss 5.7884 | lr 3.00e-04 | grad 0.69 | 32.9k tok/s | cert -7.14→-6.05 | ticks [6.917 6.001 5.739 5.719] | 190M tok | ETA 100.7h
Step  46380 | loss 5.7118 | lr 3.00e-04 | grad 0.78 | 32.9k tok/s | cert -7.66→-6.14 | ticks [6.537 6.047 5.704 5.682] | 190M tok | ETA 100.7h
Step  46390 | loss 5.8204 | lr 3.00e-04 | grad 0.88 | 32.6k tok/s | cert -7.12→-6.63 | ticks [7.108 6.431 5.950 5.922] | 190M tok | ETA 100.7h
Step  46400 | loss 5.9632 | lr 3.00e-04 | grad 0.71 | 32.9k tok/s | cert -7.77→-6.04 | ticks [6.728 6.353 5.743 5.712] | 190M tok | ETA 100.7h
Step  46410 | loss 5.6876 | lr 3.00e-04 | grad 1.18 | 32.9k tok/s | cert -7.22→-5.91 | ticks [6.919 6.062 5.726 5.708] | 190M tok | ETA 100.7h
Step  46420 | loss 5.7984 | lr 3.00e-04 | grad 1.19 | 32.8k tok/s | cert -8.05→-6.64 | ticks [6.915 6.220 5.882 5.860] | 190M tok | ETA 100.7h
Step  46430 | loss 5.8557 | lr 3.00e-04 | grad 0.80 | 32.4k tok/s | cert -8.26→-6.40 | ticks [6.842 6.401 5.857 5.826] | 190M tok | ETA 100.7h
Step  46440 | loss 5.8043 | lr 3.00e-04 | grad 0.85 | 32.5k tok/s | cert -7.52→-6.21 | ticks [6.948 6.402 5.883 5.855] | 190M tok | ETA 100.7h
Step  46450 | loss 6.0523 | lr 3.00e-04 | grad 0.98 | 32.7k tok/s | cert -8.47→-6.50 | ticks [6.764 6.678 5.950 5.924] | 190M tok | ETA 100.7h
Step  46460 | loss 5.6566 | lr 3.00e-04 | grad 0.97 | 32.4k tok/s | cert -7.92→-6.60 | ticks [7.195 6.514 6.052 6.015] | 190M tok | ETA 100.7h
Step  46470 | loss 5.7508 | lr 3.00e-04 | grad 1.20 | 32.5k tok/s | cert -8.07→-6.49 | ticks [6.795 6.246 5.720 5.692] | 190M tok | ETA 100.7h
Step  46480 | loss 5.7806 | lr 3.00e-04 | grad 1.41 | 32.8k tok/s | cert -8.42→-7.00 | ticks [7.168 7.012 6.330 6.296] | 190M tok | ETA 100.7h
Step  46490 | loss 5.7164 | lr 3.00e-04 | grad 0.87 | 33.1k tok/s | cert -8.05→-6.10 | ticks [6.513 6.127 5.647 5.616] | 190M tok | ETA 100.7h
Step  46500 | loss 5.9097 | lr 3.00e-04 | grad 0.73 | 32.7k tok/s | cert -8.56→-6.14 | ticks [6.860 6.293 5.920 5.898] | 190M tok | ETA 100.7h
Step  46510 | loss 5.8090 | lr 3.00e-04 | grad 0.90 | 32.6k tok/s | cert -8.28→-6.48 | ticks [6.707 7.004 5.889 5.858] | 191M tok | ETA 100.7h
Step  46520 | loss 5.9239 | lr 3.00e-04 | grad 0.85 | 32.5k tok/s | cert -7.84→-5.97 | ticks [6.658 5.936 5.501 5.475] | 191M tok | ETA 100.7h
Step  46530 | loss 5.8257 | lr 3.00e-04 | grad 0.75 | 32.9k tok/s | cert -7.96→-6.22 | ticks [6.688 6.220 5.798 5.776] | 191M tok | ETA 100.7h
Step  46540 | loss 5.7775 | lr 3.00e-04 | grad 0.93 | 32.6k tok/s | cert -7.62→-6.08 | ticks [6.836 6.184 5.832 5.808] | 191M tok | ETA 100.7h
Step  46550 | loss 5.8403 | lr 3.00e-04 | grad 0.80 | 32.6k tok/s | cert -8.07→-5.92 | ticks [6.724 5.885 5.611 5.585] | 191M tok | ETA 100.7h
Step  46560 | loss 5.6972 | lr 3.00e-04 | grad 1.08 | 32.7k tok/s | cert -7.49→-5.63 | ticks [6.464 5.919 5.565 5.542] | 191M tok | ETA 100.7h
Step  46570 | loss 5.7659 | lr 3.00e-04 | grad 0.77 | 32.7k tok/s | cert -8.24→-6.21 | ticks [6.801 6.308 5.864 5.834] | 191M tok | ETA 100.7h
Step  46580 | loss 5.8770 | lr 3.00e-04 | grad 0.75 | 32.5k tok/s | cert -8.03→-6.25 | ticks [6.562 6.279 5.827 5.801] | 191M tok | ETA 100.7h
Step  46590 | loss 5.7817 | lr 3.00e-04 | grad 0.93 | 32.6k tok/s | cert -7.49→-5.94 | ticks [6.556 6.072 5.497 5.461] | 191M tok | ETA 100.7h
Step  46600 | loss 5.7908 | lr 3.00e-04 | grad 1.20 | 32.8k tok/s | cert -7.15→-5.86 | ticks [6.579 6.306 5.489 5.454] | 191M tok | ETA 100.7h
Step  46610 | loss 5.8018 | lr 3.00e-04 | grad 0.86 | 32.6k tok/s | cert -6.38→-5.85 | ticks [6.594 6.085 5.321 5.284] | 191M tok | ETA 100.7h
Step  46620 | loss 5.6015 | lr 3.00e-04 | grad 0.81 | 32.7k tok/s | cert -7.23→-6.13 | ticks [6.310 6.302 5.603 5.575] | 191M tok | ETA 100.7h
Step  46630 | loss 5.6000 | lr 3.00e-04 | grad 1.02 | 32.4k tok/s | cert -7.26→-6.03 | ticks [6.696 6.157 5.772 5.750] | 191M tok | ETA 100.7h
Step  46640 | loss 5.5629 | lr 3.00e-04 | grad 0.90 | 33.0k tok/s | cert -7.18→-5.91 | ticks [6.576 5.935 5.506 5.479] | 191M tok | ETA 100.7h
Step  46650 | loss 5.5604 | lr 3.00e-04 | grad 0.80 | 32.8k tok/s | cert -7.40→-6.47 | ticks [6.928 6.504 5.994 5.966] | 191M tok | ETA 100.7h
Step  46660 | loss 5.5888 | lr 3.00e-04 | grad 0.80 | 32.9k tok/s | cert -6.55→-6.12 | ticks [6.811 6.316 5.573 5.550] | 191M tok | ETA 100.7h
Step  46670 | loss 5.8008 | lr 3.00e-04 | grad 0.70 | 32.9k tok/s | cert -8.34→-5.99 | ticks [6.586 6.131 5.583 5.560] | 191M tok | ETA 100.7h
Step  46680 | loss 5.7993 | lr 3.00e-04 | grad 0.96 | 32.6k tok/s | cert -8.79→-6.46 | ticks [6.892 6.696 6.046 6.018] | 191M tok | ETA 100.7h
Step  46690 | loss 5.8973 | lr 3.00e-04 | grad 0.97 | 32.4k tok/s | cert -7.88→-6.23 | ticks [6.636 6.089 5.712 5.680] | 191M tok | ETA 100.7h
Step  46700 | loss 5.9535 | lr 3.00e-04 | grad 1.34 | 32.7k tok/s | cert -8.84→-7.21 | ticks [7.267 7.038 6.526 6.511] | 191M tok | ETA 100.7h
Step  46710 | loss 5.9235 | lr 3.00e-04 | grad 0.85 | 32.7k tok/s | cert -8.28→-6.25 | ticks [6.773 6.147 5.841 5.814] | 191M tok | ETA 100.7h
Step  46720 | loss 5.8263 | lr 3.00e-04 | grad 0.79 | 32.7k tok/s | cert -8.29→-6.25 | ticks [6.571 6.267 5.746 5.728] | 191M tok | ETA 100.7h
Step  46730 | loss 5.8979 | lr 3.00e-04 | grad 0.84 | 33.0k tok/s | cert -6.58→-6.52 | ticks [7.610 6.580 5.958 5.932] | 191M tok | ETA 100.7h
Step  46740 | loss 5.7763 | lr 3.00e-04 | grad 1.84 | 33.1k tok/s | cert -8.04→-6.85 | ticks [7.149 6.289 6.059 6.028] | 191M tok | ETA 100.7h
Step  46750 | loss 5.6603 | lr 3.00e-04 | grad 0.74 | 32.9k tok/s | cert -7.34→-6.16 | ticks [7.024 6.159 5.662 5.623] | 191M tok | ETA 100.7h
Step  46760 | loss 5.7083 | lr 3.00e-04 | grad 1.15 | 32.6k tok/s | cert -8.25→-6.13 | ticks [6.946 6.451 5.989 5.969] | 192M tok | ETA 100.7h
Step  46770 | loss 5.7501 | lr 3.00e-04 | grad 1.31 | 32.7k tok/s | cert -8.35→-6.60 | ticks [7.027 6.203 5.837 5.817] | 192M tok | ETA 100.7h
Step  46780 | loss 5.9114 | lr 3.00e-04 | grad 0.85 | 32.5k tok/s | cert -8.32→-6.60 | ticks [7.146 6.577 6.180 6.153] | 192M tok | ETA 100.7h
Step  46790 | loss 5.9261 | lr 3.00e-04 | grad 0.82 | 32.8k tok/s | cert -7.99→-5.94 | ticks [6.941 6.029 5.580 5.546] | 192M tok | ETA 100.7h
Step  46800 | loss 5.7346 | lr 3.00e-04 | grad 0.84 | 32.7k tok/s | cert -8.38→-6.24 | ticks [7.181 6.576 5.815 5.790] | 192M tok | ETA 100.7h
Step  46810 | loss 5.6974 | lr 3.00e-04 | grad 0.69 | 32.7k tok/s | cert -8.61→-6.31 | ticks [6.968 6.404 5.953 5.922] | 192M tok | ETA 100.7h
Step  46820 | loss 5.7237 | lr 3.00e-04 | grad 2.02 | 32.7k tok/s | cert -7.72→-6.62 | ticks [6.885 6.405 5.715 5.696] | 192M tok | ETA 100.7h
Step  46830 | loss 6.0054 | lr 3.00e-04 | grad 0.81 | 32.8k tok/s | cert -8.33→-6.36 | ticks [6.866 6.217 5.761 5.732] | 192M tok | ETA 100.7h
Step  46840 | loss 5.7294 | lr 3.00e-04 | grad 0.82 | 32.8k tok/s | cert -7.89→-5.91 | ticks [6.682 5.830 5.493 5.468] | 192M tok | ETA 100.7h
Step  46850 | loss 5.8146 | lr 3.00e-04 | grad 1.11 | 32.5k tok/s | cert -6.89→-5.79 | ticks [6.774 6.397 5.476 5.454] | 192M tok | ETA 100.7h
Step  46860 | loss 5.9443 | lr 3.00e-04 | grad 0.75 | 32.7k tok/s | cert -7.72→-6.36 | ticks [7.256 6.662 5.989 5.965] | 192M tok | ETA 100.6h
Step  46870 | loss 5.6932 | lr 3.00e-04 | grad 1.08 | 32.5k tok/s | cert -8.06→-6.04 | ticks [6.746 6.450 5.783 5.757] | 192M tok | ETA 100.6h
Step  46880 | loss 5.7820 | lr 3.00e-04 | grad 1.04 | 32.4k tok/s | cert -7.37→-6.09 | ticks [6.638 6.005 5.554 5.530] | 192M tok | ETA 100.6h
Step  46890 | loss 5.7325 | lr 3.00e-04 | grad 0.82 | 32.5k tok/s | cert -7.81→-5.94 | ticks [6.426 5.794 5.408 5.384] | 192M tok | ETA 100.6h
Step  46900 | loss 5.9935 | lr 3.00e-04 | grad 1.02 | 32.9k tok/s | cert -7.93→-7.72 | ticks [8.351 7.719 7.545 7.525] | 192M tok | ETA 100.6h
Step  46910 | loss 5.8714 | lr 3.00e-04 | grad 0.75 | 32.8k tok/s | cert -7.85→-6.07 | ticks [6.815 6.052 5.550 5.516] | 192M tok | ETA 100.6h
Step  46920 | loss 5.7951 | lr 3.00e-04 | grad 0.83 | 32.6k tok/s | cert -8.50→-6.23 | ticks [6.751 6.423 5.907 5.879] | 192M tok | ETA 100.6h
Step  46930 | loss 5.8283 | lr 3.00e-04 | grad 0.86 | 32.9k tok/s | cert -8.12→-6.35 | ticks [6.591 6.933 5.828 5.801] | 192M tok | ETA 100.6h
Step  46940 | loss 5.7750 | lr 3.00e-04 | grad 1.35 | 32.5k tok/s | cert -7.51→-6.04 | ticks [6.901 6.594 5.932 5.902] | 192M tok | ETA 100.6h
Step  46950 | loss 5.8539 | lr 3.00e-04 | grad 1.27 | 32.8k tok/s | cert -6.86→-5.49 | ticks [6.545 6.218 5.409 5.374] | 192M tok | ETA 100.6h
Step  46960 | loss 5.8033 | lr 3.00e-04 | grad 0.96 | 32.3k tok/s | cert -8.03→-6.07 | ticks [6.763 6.348 5.856 5.828] | 192M tok | ETA 100.6h
Step  46970 | loss 5.8853 | lr 3.00e-04 | grad 1.10 | 33.1k tok/s | cert -8.92→-6.29 | ticks [6.989 6.505 5.954 5.920] | 192M tok | ETA 100.6h
Step  46980 | loss 5.7511 | lr 3.00e-04 | grad 1.06 | 32.9k tok/s | cert -7.92→-6.17 | ticks [6.919 6.636 5.957 5.925] | 192M tok | ETA 100.6h
Step  46990 | loss 5.9387 | lr 3.00e-04 | grad 0.79 | 32.9k tok/s | cert -8.53→-6.35 | ticks [6.874 6.181 5.716 5.679] | 192M tok | ETA 100.6h
Step  47000 | loss 5.8474 | lr 3.00e-04 | grad 1.52 | 32.7k tok/s | cert -8.33→-6.31 | ticks [7.147 6.444 6.292 6.251] | 193M tok | ETA 100.6h
Step  47010 | loss 5.7627 | lr 3.00e-04 | grad 0.90 | 33.0k tok/s | cert -8.93→-6.23 | ticks [6.890 6.289 5.724 5.697] | 193M tok | ETA 100.6h
Step  47020 | loss 5.6347 | lr 3.00e-04 | grad 0.73 | 32.7k tok/s | cert -7.77→-6.02 | ticks [6.729 6.108 5.742 5.712] | 193M tok | ETA 100.6h
Step  47030 | loss 5.8425 | lr 3.00e-04 | grad 0.73 | 32.7k tok/s | cert -8.94→-6.73 | ticks [7.036 7.133 6.278 6.251] | 193M tok | ETA 100.6h
Step  47040 | loss 5.7674 | lr 3.00e-04 | grad 0.79 | 33.1k tok/s | cert -7.01→-6.15 | ticks [6.762 6.267 5.580 5.553] | 193M tok | ETA 100.6h
Step  47050 | loss 5.7232 | lr 3.00e-04 | grad 0.77 | 32.7k tok/s | cert -7.70→-5.97 | ticks [6.136 6.274 5.257 5.227] | 193M tok | ETA 100.6h
Step  47060 | loss 5.8217 | lr 3.00e-04 | grad 0.75 | 33.1k tok/s | cert -7.49→-5.96 | ticks [6.754 6.249 5.535 5.505] | 193M tok | ETA 100.6h
Step  47070 | loss 5.8663 | lr 3.00e-04 | grad 2.16 | 32.7k tok/s | cert -8.48→-6.59 | ticks [6.758 6.223 5.920 5.911] | 193M tok | ETA 100.6h
Step  47080 | loss 5.7167 | lr 3.00e-04 | grad 0.84 | 32.7k tok/s | cert -8.64→-6.39 | ticks [6.827 6.351 5.973 5.951] | 193M tok | ETA 100.6h
Step  47090 | loss 5.7815 | lr 3.00e-04 | grad 0.78 | 32.9k tok/s | cert -7.48→-6.63 | ticks [6.995 6.652 6.176 6.146] | 193M tok | ETA 100.6h
Step  47100 | loss 5.9142 | lr 3.00e-04 | grad 0.86 | 32.9k tok/s | cert -7.91→-6.63 | ticks [7.402 6.806 6.275 6.251] | 193M tok | ETA 100.6h
Step  47110 | loss 5.6538 | lr 3.00e-04 | grad 0.75 | 32.8k tok/s | cert -9.12→-6.46 | ticks [7.040 6.596 5.941 5.914] | 193M tok | ETA 100.6h
Step  47120 | loss 5.7933 | lr 3.00e-04 | grad 1.40 | 32.8k tok/s | cert -7.44→-5.55 | ticks [6.287 5.862 5.316 5.267] | 193M tok | ETA 100.6h
Step  47130 | loss 5.6977 | lr 3.00e-04 | grad 1.77 | 32.9k tok/s | cert -7.66→-6.71 | ticks [6.550 6.911 5.610 5.587] | 193M tok | ETA 100.6h
Step  47140 | loss 5.7971 | lr 3.00e-04 | grad 0.79 | 32.1k tok/s | cert -8.33→-5.72 | ticks [6.236 5.488 5.090 5.057] | 193M tok | ETA 100.6h
Step  47150 | loss 5.7661 | lr 3.00e-04 | grad 1.28 | 32.7k tok/s | cert -7.94→-6.37 | ticks [6.829 6.033 5.551 5.527] | 193M tok | ETA 100.6h
Step  47160 | loss 5.6954 | lr 3.00e-04 | grad 1.20 | 32.6k tok/s | cert -8.24→-6.34 | ticks [7.061 6.089 5.732 5.712] | 193M tok | ETA 100.6h
Step  47170 | loss 5.8888 | lr 3.00e-04 | grad 0.93 | 32.7k tok/s | cert -7.90→-6.46 | ticks [6.941 6.646 6.011 5.991] | 193M tok | ETA 100.6h
Step  47180 | loss 5.6871 | lr 3.00e-04 | grad 0.77 | 32.8k tok/s | cert -7.71→-6.14 | ticks [7.154 6.030 5.834 5.817] | 193M tok | ETA 100.6h
Step  47190 | loss 5.9308 | lr 3.00e-04 | grad 0.75 | 32.9k tok/s | cert -8.03→-6.25 | ticks [6.933 6.323 5.840 5.823] | 193M tok | ETA 100.6h
Step  47200 | loss 5.8227 | lr 3.00e-04 | grad 1.00 | 32.9k tok/s | cert -8.05→-6.18 | ticks [6.766 6.170 5.656 5.624] | 193M tok | ETA 100.6h
Step  47210 | loss 5.9804 | lr 3.00e-04 | grad 1.09 | 32.7k tok/s | cert -7.43→-6.64 | ticks [7.183 6.953 5.841 5.812] | 193M tok | ETA 100.6h
Step  47220 | loss 5.7833 | lr 3.00e-04 | grad 0.76 | 32.4k tok/s | cert -8.63→-6.29 | ticks [6.790 6.569 5.801 5.766] | 193M tok | ETA 100.6h
Step  47230 | loss 5.7486 | lr 3.00e-04 | grad 0.95 | 32.6k tok/s | cert -8.28→-6.08 | ticks [6.458 6.267 5.546 5.515] | 193M tok | ETA 100.6h
Step  47240 | loss 5.8326 | lr 3.00e-04 | grad 0.82 | 32.7k tok/s | cert -8.35→-6.51 | ticks [7.070 6.410 6.185 6.163] | 193M tok | ETA 100.6h
Step  47250 | loss 5.8906 | lr 3.00e-04 | grad 0.89 | 32.7k tok/s | cert -7.79→-6.27 | ticks [6.807 5.971 5.582 5.561] | 194M tok | ETA 100.6h
Step  47260 | loss 5.8950 | lr 3.00e-04 | grad 0.99 | 32.7k tok/s | cert -8.86→-6.29 | ticks [7.039 6.438 6.097 6.060] | 194M tok | ETA 100.6h
Step  47270 | loss 5.7403 | lr 3.00e-04 | grad 0.78 | 33.0k tok/s | cert -8.53→-5.94 | ticks [6.674 6.426 5.615 5.575] | 194M tok | ETA 100.6h
Step  47280 | loss 5.8386 | lr 3.00e-04 | grad 1.00 | 33.0k tok/s | cert -6.84→-6.38 | ticks [6.810 6.521 5.676 5.644] | 194M tok | ETA 100.6h
Step  47290 | loss 5.6961 | lr 3.00e-04 | grad 0.72 | 32.5k tok/s | cert -7.66→-6.33 | ticks [7.098 6.429 5.889 5.859] | 194M tok | ETA 100.6h
Step  47300 | loss 5.8575 | lr 3.00e-04 | grad 0.86 | 32.7k tok/s | cert -8.76→-6.11 | ticks [6.766 6.356 5.770 5.744] | 194M tok | ETA 100.6h
Step  47310 | loss 5.7638 | lr 3.00e-04 | grad 0.82 | 32.8k tok/s | cert -7.54→-6.23 | ticks [6.908 6.626 5.933 5.906] | 194M tok | ETA 100.6h
Step  47320 | loss 5.8469 | lr 3.00e-04 | grad 0.68 | 32.5k tok/s | cert -7.40→-6.26 | ticks [7.024 6.619 5.787 5.758] | 194M tok | ETA 100.6h
Step  47330 | loss 5.8235 | lr 3.00e-04 | grad 1.82 | 32.8k tok/s | cert -8.09→-6.40 | ticks [6.869 6.593 6.138 6.113] | 194M tok | ETA 100.6h
Step  47340 | loss 5.7559 | lr 3.00e-04 | grad 1.23 | 32.7k tok/s | cert -8.68→-6.62 | ticks [6.983 6.824 6.038 6.015] | 194M tok | ETA 100.6h
Step  47350 | loss 5.7150 | lr 3.00e-04 | grad 0.77 | 32.8k tok/s | cert -8.53→-6.25 | ticks [6.716 6.542 5.650 5.621] | 194M tok | ETA 100.6h
Step  47360 | loss 5.9067 | lr 3.00e-04 | grad 1.04 | 32.0k tok/s | cert -8.24→-6.26 | ticks [6.738 6.303 5.904 5.872] | 194M tok | ETA 100.6h
Step  47370 | loss 5.9131 | lr 3.00e-04 | grad 0.90 | 32.9k tok/s | cert -8.31→-6.21 | ticks [6.713 6.830 5.868 5.846] | 194M tok | ETA 100.6h
Step  47380 | loss 5.7196 | lr 3.00e-04 | grad 0.86 | 32.6k tok/s | cert -8.38→-6.00 | ticks [6.501 5.976 5.356 5.337] | 194M tok | ETA 100.6h
Step  47390 | loss 5.8113 | lr 3.00e-04 | grad 1.00 | 32.5k tok/s | cert -8.43→-6.00 | ticks [6.486 5.998 5.349 5.323] | 194M tok | ETA 100.6h
Step  47400 | loss 5.7409 | lr 3.00e-04 | grad 0.70 | 32.7k tok/s | cert -8.00→-6.05 | ticks [6.650 6.306 5.643 5.618] | 194M tok | ETA 100.6h
Step  47410 | loss 5.8101 | lr 3.00e-04 | grad 0.74 | 32.9k tok/s | cert -8.09→-6.09 | ticks [6.674 6.182 5.751 5.732] | 194M tok | ETA 100.6h
Step  47420 | loss 5.8171 | lr 3.00e-04 | grad 1.01 | 32.9k tok/s | cert -6.48→-6.39 | ticks [7.416 6.410 5.859 5.831] | 194M tok | ETA 100.6h
Step  47430 | loss 5.7700 | lr 3.00e-04 | grad 0.80 | 32.7k tok/s | cert -7.88→-6.18 | ticks [6.727 6.043 5.656 5.627] | 194M tok | ETA 100.6h
Step  47440 | loss 5.7311 | lr 3.00e-04 | grad 0.95 | 32.8k tok/s | cert -7.97→-6.06 | ticks [6.498 6.104 5.298 5.256] | 194M tok | ETA 100.6h
Step  47450 | loss 5.8409 | lr 3.00e-04 | grad 0.91 | 32.8k tok/s | cert -7.50→-6.25 | ticks [6.701 5.978 5.620 5.595] | 194M tok | ETA 100.6h
Step  47460 | loss 5.8536 | lr 3.00e-04 | grad 0.95 | 32.5k tok/s | cert -8.53→-6.06 | ticks [6.805 6.138 5.894 5.860] | 194M tok | ETA 100.6h
Step  47470 | loss 5.8788 | lr 3.00e-04 | grad 0.77 | 32.8k tok/s | cert -7.83→-6.12 | ticks [7.022 6.223 5.787 5.750] | 194M tok | ETA 100.6h
Step  47480 | loss 5.9919 | lr 3.00e-04 | grad 0.75 | 32.8k tok/s | cert -8.42→-6.17 | ticks [6.743 6.374 5.584 5.543] | 194M tok | ETA 100.6h
Step  47490 | loss 5.7113 | lr 3.00e-04 | grad 0.90 | 32.5k tok/s | cert -8.82→-5.79 | ticks [6.527 5.622 5.208 5.188] | 195M tok | ETA 100.6h
Step  47500 | loss 5.7942 | lr 3.00e-04 | grad 0.91 | 32.6k tok/s | cert -7.34→-5.94 | ticks [6.782 5.920 5.623 5.590] | 195M tok | ETA 100.6h
Step  47510 | loss 5.8735 | lr 3.00e-04 | grad 1.09 | 32.7k tok/s | cert -8.45→-6.06 | ticks [7.255 6.175 5.854 5.821] | 195M tok | ETA 100.6h
Step  47520 | loss 5.8217 | lr 3.00e-04 | grad 0.96 | 32.7k tok/s | cert -8.56→-6.06 | ticks [6.896 6.281 5.786 5.754] | 195M tok | ETA 100.6h
Step  47530 | loss 5.8408 | lr 3.00e-04 | grad 0.78 | 32.4k tok/s | cert -8.58→-6.39 | ticks [6.969 6.656 5.981 5.952] | 195M tok | ETA 100.6h
Step  47540 | loss 5.7562 | lr 3.00e-04 | grad 1.07 | 32.7k tok/s | cert -8.76→-6.49 | ticks [7.172 6.673 6.322 6.299] | 195M tok | ETA 100.6h
Step  47550 | loss 5.8814 | lr 3.00e-04 | grad 0.80 | 32.3k tok/s | cert -7.97→-6.20 | ticks [6.678 6.284 5.606 5.573] | 195M tok | ETA 100.6h
Step  47560 | loss 5.6551 | lr 3.00e-04 | grad 0.78 | 32.8k tok/s | cert -6.38→-5.83 | ticks [6.713 5.835 5.452 5.428] | 195M tok | ETA 100.6h
Step  47570 | loss 5.8489 | lr 3.00e-04 | grad 0.74 | 32.6k tok/s | cert -7.31→-5.92 | ticks [6.669 6.065 5.513 5.488] | 195M tok | ETA 100.6h
Step  47580 | loss 5.9847 | lr 3.00e-04 | grad 0.80 | 32.7k tok/s | cert -7.04→-6.35 | ticks [7.577 6.341 6.061 6.040] | 195M tok | ETA 100.6h
Step  47590 | loss 5.6925 | lr 3.00e-04 | grad 0.73 | 32.8k tok/s | cert -8.34→-6.12 | ticks [6.795 6.158 5.657 5.616] | 195M tok | ETA 100.6h
Step  47600 | loss 5.9470 | lr 3.00e-04 | grad 1.21 | 32.7k tok/s | cert -8.84→-6.51 | ticks [7.537 6.437 5.844 5.829] | 195M tok | ETA 100.6h
Step  47610 | loss 5.6661 | lr 3.00e-04 | grad 0.80 | 32.8k tok/s | cert -8.90→-6.03 | ticks [7.266 6.320 5.644 5.622] | 195M tok | ETA 100.6h
Step  47620 | loss 5.8217 | lr 3.00e-04 | grad 0.79 | 32.8k tok/s | cert -8.57→-6.15 | ticks [6.856 5.973 5.601 5.568] | 195M tok | ETA 100.6h
Step  47630 | loss 5.7696 | lr 3.00e-04 | grad 0.89 | 32.6k tok/s | cert -8.77→-6.13 | ticks [6.808 6.423 5.858 5.826] | 195M tok | ETA 100.6h
Step  47640 | loss 5.8769 | lr 3.00e-04 | grad 1.12 | 32.8k tok/s | cert -8.38→-6.37 | ticks [7.035 6.826 5.922 5.897] | 195M tok | ETA 100.6h
Step  47650 | loss 5.8034 | lr 3.00e-04 | grad 1.12 | 32.7k tok/s | cert -7.64→-6.22 | ticks [6.975 6.264 5.973 5.942] | 195M tok | ETA 100.6h
Step  47660 | loss 5.7598 | lr 3.00e-04 | grad 1.07 | 32.6k tok/s | cert -8.60→-6.32 | ticks [6.800 6.230 5.782 5.754] | 195M tok | ETA 100.6h
Step  47670 | loss 5.8826 | lr 3.00e-04 | grad 0.75 | 32.7k tok/s | cert -8.47→-6.06 | ticks [6.685 6.176 5.630 5.606] | 195M tok | ETA 100.6h
Step  47680 | loss 5.9953 | lr 3.00e-04 | grad 1.36 | 32.5k tok/s | cert -8.84→-6.65 | ticks [7.066 6.449 6.142 6.124] | 195M tok | ETA 100.6h
Step  47690 | loss 5.9941 | lr 3.00e-04 | grad 0.88 | 32.6k tok/s | cert -8.31→-6.10 | ticks [6.495 6.315 5.611 5.571] | 195M tok | ETA 100.6h
Step  47700 | loss 5.7227 | lr 3.00e-04 | grad 0.86 | 32.6k tok/s | cert -7.68→-6.14 | ticks [6.793 6.286 5.798 5.759] | 195M tok | ETA 100.6h
Step  47710 | loss 5.9394 | lr 3.00e-04 | grad 0.92 | 32.5k tok/s | cert -6.49→-5.83 | ticks [7.276 6.409 5.711 5.689] | 195M tok | ETA 100.6h
Step  47720 | loss 5.7283 | lr 3.00e-04 | grad 0.71 | 32.7k tok/s | cert -7.93→-5.99 | ticks [6.527 6.111 5.656 5.623] | 195M tok | ETA 100.6h
Step  47730 | loss 5.9228 | lr 3.00e-04 | grad 1.15 | 32.4k tok/s | cert -8.58→-6.64 | ticks [6.941 6.424 5.895 5.867] | 196M tok | ETA 100.6h
Step  47740 | loss 5.7840 | lr 3.00e-04 | grad 0.75 | 32.5k tok/s | cert -8.16→-6.22 | ticks [7.077 6.383 5.887 5.861] | 196M tok | ETA 100.6h
Step  47750 | loss 5.8077 | lr 3.00e-04 | grad 0.79 | 32.8k tok/s | cert -8.37→-6.34 | ticks [7.077 6.672 6.165 6.145] | 196M tok | ETA 100.6h
Step  47760 | loss 5.7066 | lr 3.00e-04 | grad 1.55 | 32.7k tok/s | cert -6.97→-5.60 | ticks [6.893 6.049 5.508 5.475] | 196M tok | ETA 100.6h
Step  47770 | loss 5.7671 | lr 3.00e-04 | grad 0.78 | 32.8k tok/s | cert -6.56→-6.04 | ticks [6.928 6.076 5.601 5.566] | 196M tok | ETA 100.6h
Step  47780 | loss 5.8317 | lr 3.00e-04 | grad 1.13 | 32.8k tok/s | cert -8.66→-6.35 | ticks [6.632 6.682 5.913 5.878] | 196M tok | ETA 100.6h
Step  47790 | loss 5.8557 | lr 3.00e-04 | grad 0.90 | 32.9k tok/s | cert -7.23→-6.06 | ticks [6.681 5.932 5.806 5.772] | 196M tok | ETA 100.6h
Step  47800 | loss 5.8981 | lr 3.00e-04 | grad 0.86 | 32.8k tok/s | cert -8.64→-6.31 | ticks [6.680 6.312 5.924 5.891] | 196M tok | ETA 100.6h
Step  47810 | loss 5.9349 | lr 3.00e-04 | grad 0.75 | 32.9k tok/s | cert -8.27→-6.09 | ticks [6.609 6.037 5.731 5.708] | 196M tok | ETA 100.6h
Step  47820 | loss 5.7577 | lr 3.00e-04 | grad 0.96 | 33.0k tok/s | cert -7.77→-5.55 | ticks [7.077 5.907 5.435 5.407] | 196M tok | ETA 100.6h
Step  47830 | loss 5.8697 | lr 3.00e-04 | grad 0.94 | 32.7k tok/s | cert -8.45→-6.24 | ticks [6.830 6.326 5.822 5.799] | 196M tok | ETA 100.6h
Step  47840 | loss 5.8380 | lr 3.00e-04 | grad 0.85 | 32.7k tok/s | cert -8.20→-6.33 | ticks [7.244 6.738 6.028 6.001] | 196M tok | ETA 100.6h
Step  47850 | loss 5.7216 | lr 3.00e-04 | grad 0.75 | 32.7k tok/s | cert -8.43→-6.07 | ticks [6.481 6.336 5.593 5.562] | 196M tok | ETA 100.6h
Step  47860 | loss 5.7336 | lr 3.00e-04 | grad 0.71 | 32.9k tok/s | cert -7.30→-6.13 | ticks [6.763 6.229 5.787 5.768] | 196M tok | ETA 100.6h
Step  47870 | loss 5.7321 | lr 3.00e-04 | grad 1.01 | 32.8k tok/s | cert -7.73→-6.36 | ticks [6.680 6.353 5.881 5.863] | 196M tok | ETA 100.6h
Step  47880 | loss 5.7299 | lr 3.00e-04 | grad 1.38 | 32.7k tok/s | cert -8.23→-6.82 | ticks [6.847 6.596 6.075 6.043] | 196M tok | ETA 100.6h
Step  47890 | loss 5.9856 | lr 3.00e-04 | grad 0.90 | 32.9k tok/s | cert -6.69→-6.43 | ticks [7.334 6.367 5.860 5.835] | 196M tok | ETA 100.6h
Step  47900 | loss 5.8061 | lr 3.00e-04 | grad 0.82 | 32.6k tok/s | cert -7.78→-6.28 | ticks [7.069 6.424 6.054 6.032] | 196M tok | ETA 100.6h
Step  47910 | loss 5.9475 | lr 3.00e-04 | grad 0.86 | 33.1k tok/s | cert -7.73→-6.40 | ticks [7.104 6.761 6.036 6.013] | 196M tok | ETA 100.6h
Step  47920 | loss 5.8288 | lr 3.00e-04 | grad 0.78 | 32.6k tok/s | cert -8.09→-6.41 | ticks [6.984 6.874 6.071 6.039] | 196M tok | ETA 100.6h
Step  47930 | loss 5.7577 | lr 3.00e-04 | grad 0.74 | 32.6k tok/s | cert -8.47→-6.26 | ticks [6.904 7.085 5.871 5.845] | 196M tok | ETA 100.6h
Step  47940 | loss 5.8279 | lr 3.00e-04 | grad 0.73 | 32.9k tok/s | cert -8.58→-6.16 | ticks [6.945 6.429 5.898 5.876] | 196M tok | ETA 100.6h
Step  47950 | loss 5.7528 | lr 3.00e-04 | grad 1.57 | 32.7k tok/s | cert -6.73→-6.38 | ticks [7.183 6.303 5.656 5.616] | 196M tok | ETA 100.6h
Step  47960 | loss 5.5856 | lr 3.00e-04 | grad 0.87 | 32.8k tok/s | cert -8.23→-6.32 | ticks [6.885 6.249 5.777 5.753] | 196M tok | ETA 100.5h
Step  47970 | loss 5.9373 | lr 3.00e-04 | grad 0.83 | 32.9k tok/s | cert -7.83→-6.28 | ticks [6.903 6.327 5.812 5.783] | 196M tok | ETA 100.5h
Step  47980 | loss 5.9156 | lr 3.00e-04 | grad 1.18 | 32.8k tok/s | cert -8.79→-6.49 | ticks [7.003 6.350 5.885 5.849] | 197M tok | ETA 100.5h
Step  47990 | loss 5.7086 | lr 3.00e-04 | grad 0.74 | 32.7k tok/s | cert -7.55→-6.02 | ticks [6.502 6.533 5.587 5.552] | 197M tok | ETA 100.5h
Step  48000 | loss 5.8394 | lr 3.00e-04 | grad 0.94 | 32.7k tok/s | cert -7.28→-5.83 | ticks [6.448 6.250 5.480 5.449] | 197M tok | ETA 100.5h
Step  48010 | loss 5.7401 | lr 3.00e-04 | grad 0.72 | 32.6k tok/s | cert -7.80→-5.98 | ticks [6.604 6.052 5.553 5.526] | 197M tok | ETA 100.5h
Step  48020 | loss 5.6700 | lr 3.00e-04 | grad 0.93 | 32.8k tok/s | cert -8.65→-5.97 | ticks [6.714 5.912 5.412 5.386] | 197M tok | ETA 100.5h
Step  48030 | loss 5.8625 | lr 3.00e-04 | grad 1.09 | 32.8k tok/s | cert -9.18→-6.73 | ticks [7.360 6.589 6.004 5.968] | 197M tok | ETA 100.5h
Step  48040 | loss 5.7477 | lr 3.00e-04 | grad 0.89 | 32.5k tok/s | cert -8.81→-6.26 | ticks [6.620 6.422 5.618 5.595] | 197M tok | ETA 100.5h
Step  48050 | loss 5.6394 | lr 3.00e-04 | grad 0.92 | 32.5k tok/s | cert -7.21→-5.68 | ticks [6.630 5.544 5.296 5.266] | 197M tok | ETA 100.5h
Step  48060 | loss 5.7661 | lr 3.00e-04 | grad 1.00 | 32.6k tok/s | cert -7.55→-6.00 | ticks [7.023 6.235 5.721 5.700] | 197M tok | ETA 100.5h
Step  48070 | loss 5.8166 | lr 3.00e-04 | grad 1.14 | 32.4k tok/s | cert -7.12→-5.65 | ticks [6.853 6.048 5.562 5.531] | 197M tok | ETA 100.5h
Step  48080 | loss 5.7861 | lr 3.00e-04 | grad 1.06 | 32.8k tok/s | cert -8.37→-6.71 | ticks [7.114 6.962 6.023 6.000] | 197M tok | ETA 100.5h
Step  48090 | loss 5.7326 | lr 3.00e-04 | grad 1.23 | 33.2k tok/s | cert -8.82→-6.67 | ticks [6.962 6.616 5.986 5.967] | 197M tok | ETA 100.5h
Step  48100 | loss 5.8233 | lr 3.00e-04 | grad 1.21 | 32.6k tok/s | cert -7.96→-6.34 | ticks [6.600 6.295 5.713 5.698] | 197M tok | ETA 100.5h
Step  48110 | loss 5.8510 | lr 3.00e-04 | grad 0.74 | 32.7k tok/s | cert -8.43→-6.30 | ticks [6.720 6.548 5.874 5.836] | 197M tok | ETA 100.5h
Step  48120 | loss 5.8007 | lr 3.00e-04 | grad 0.89 | 32.9k tok/s | cert -7.77→-6.00 | ticks [6.597 6.408 5.587 5.566] | 197M tok | ETA 100.5h
Step  48130 | loss 5.8561 | lr 3.00e-04 | grad 1.14 | 32.4k tok/s | cert -7.80→-6.32 | ticks [7.177 6.131 5.691 5.665] | 197M tok | ETA 100.5h
Step  48140 | loss 5.9234 | lr 3.00e-04 | grad 0.86 | 32.6k tok/s | cert -7.37→-6.18 | ticks [7.084 6.402 5.896 5.875] | 197M tok | ETA 100.5h
Step  48150 | loss 5.9862 | lr 3.00e-04 | grad 0.73 | 32.5k tok/s | cert -8.26→-6.55 | ticks [6.995 6.667 6.040 6.016] | 197M tok | ETA 100.5h
Step  48160 | loss 5.7811 | lr 3.00e-04 | grad 0.96 | 32.8k tok/s | cert -7.69→-6.18 | ticks [6.980 6.397 5.951 5.930] | 197M tok | ETA 100.5h
Step  48170 | loss 5.7215 | lr 3.00e-04 | grad 1.02 | 32.4k tok/s | cert -6.85→-6.02 | ticks [6.961 6.250 5.613 5.577] | 197M tok | ETA 100.5h
Step  48180 | loss 5.9276 | lr 3.00e-04 | grad 1.30 | 32.5k tok/s | cert -8.17→-6.05 | ticks [7.320 6.168 5.880 5.855] | 197M tok | ETA 100.5h
Step  48190 | loss 5.9565 | lr 3.00e-04 | grad 1.84 | 32.5k tok/s | cert -7.71→-6.48 | ticks [7.033 6.651 6.243 6.230] | 197M tok | ETA 100.5h
Step  48200 | loss 5.8078 | lr 3.00e-04 | grad 0.83 | 32.5k tok/s | cert -7.73→-6.07 | ticks [6.452 6.377 5.617 5.590] | 197M tok | ETA 100.5h
Step  48210 | loss 5.8682 | lr 3.00e-04 | grad 1.18 | 32.6k tok/s | cert -7.56→-5.84 | ticks [6.707 5.752 5.495 5.449] | 197M tok | ETA 100.5h
Step  48220 | loss 6.0691 | lr 3.00e-04 | grad 0.80 | 32.8k tok/s | cert -7.65→-6.42 | ticks [7.014 6.408 6.088 6.066] | 198M tok | ETA 100.5h
Step  48230 | loss 5.8888 | lr 3.00e-04 | grad 0.82 | 33.0k tok/s | cert -7.64→-5.94 | ticks [6.639 6.114 5.595 5.581] | 198M tok | ETA 100.5h
Step  48240 | loss 5.7400 | lr 3.00e-04 | grad 0.73 | 32.4k tok/s | cert -8.49→-6.25 | ticks [6.735 6.452 5.823 5.799] | 198M tok | ETA 100.5h
Step  48250 | loss 5.8039 | lr 3.00e-04 | grad 0.86 | 32.9k tok/s | cert -7.80→-6.11 | ticks [6.943 6.199 5.784 5.755] | 198M tok | ETA 100.5h
Step  48260 | loss 5.8163 | lr 3.00e-04 | grad 0.69 | 32.9k tok/s | cert -8.75→-6.25 | ticks [6.722 6.371 5.791 5.767] | 198M tok | ETA 100.5h
Step  48270 | loss 5.7630 | lr 3.00e-04 | grad 0.70 | 32.8k tok/s | cert -8.65→-6.18 | ticks [7.065 6.318 5.862 5.835] | 198M tok | ETA 100.5h
Step  48280 | loss 5.7456 | lr 3.00e-04 | grad 0.80 | 32.7k tok/s | cert -8.30→-6.51 | ticks [7.036 6.584 6.060 6.033] | 198M tok | ETA 100.5h
Step  48290 | loss 5.8034 | lr 3.00e-04 | grad 0.79 | 32.9k tok/s | cert -8.75→-6.07 | ticks [6.863 6.681 5.760 5.732] | 198M tok | ETA 100.5h
Step  48300 | loss 5.7953 | lr 3.00e-04 | grad 0.91 | 32.7k tok/s | cert -8.79→-5.79 | ticks [6.508 6.171 5.601 5.579] | 198M tok | ETA 100.5h
Step  48310 | loss 5.6694 | lr 3.00e-04 | grad 0.83 | 32.8k tok/s | cert -7.14→-6.05 | ticks [6.816 6.432 5.652 5.621] | 198M tok | ETA 100.5h
Step  48320 | loss 5.6995 | lr 3.00e-04 | grad 0.76 | 32.7k tok/s | cert -8.00→-5.93 | ticks [6.490 5.996 5.294 5.252] | 198M tok | ETA 100.5h
Step  48330 | loss 5.7450 | lr 3.00e-04 | grad 0.84 | 32.5k tok/s | cert -6.87→-6.14 | ticks [6.818 6.464 5.740 5.702] | 198M tok | ETA 100.5h
Step  48340 | loss 5.9929 | lr 3.00e-04 | grad 0.81 | 32.5k tok/s | cert -8.13→-6.15 | ticks [6.828 6.299 5.605 5.576] | 198M tok | ETA 100.5h
Step  48350 | loss 5.8479 | lr 3.00e-04 | grad 0.89 | 32.5k tok/s | cert -6.34→-6.05 | ticks [7.084 6.032 5.733 5.708] | 198M tok | ETA 100.5h
Step  48360 | loss 5.8238 | lr 3.00e-04 | grad 0.86 | 32.4k tok/s | cert -8.32→-6.26 | ticks [6.602 6.235 5.704 5.681] | 198M tok | ETA 100.5h
Step  48370 | loss 5.8735 | lr 3.00e-04 | grad 0.82 | 32.6k tok/s | cert -7.61→-6.25 | ticks [6.610 6.156 5.736 5.717] | 198M tok | ETA 100.5h
Step  48380 | loss 5.7914 | lr 3.00e-04 | grad 1.52 | 32.7k tok/s | cert -5.40→-6.69 | ticks [7.745 6.656 5.986 5.951] | 198M tok | ETA 100.5h
Step  48390 | loss 5.8159 | lr 3.00e-04 | grad 1.29 | 33.0k tok/s | cert -8.37→-6.13 | ticks [6.398 6.063 5.396 5.372] | 198M tok | ETA 100.5h
Step  48400 | loss 5.8368 | lr 3.00e-04 | grad 0.76 | 33.0k tok/s | cert -8.32→-6.05 | ticks [6.595 6.185 5.601 5.571] | 198M tok | ETA 100.5h
Step  48410 | loss 5.7992 | lr 3.00e-04 | grad 1.55 | 32.8k tok/s | cert -8.24→-6.40 | ticks [6.314 6.151 5.498 5.460] | 198M tok | ETA 100.5h
Step  48420 | loss 5.8464 | lr 3.00e-04 | grad 1.36 | 32.6k tok/s | cert -8.60→-6.10 | ticks [6.855 6.300 5.940 5.910] | 198M tok | ETA 100.5h
Step  48430 | loss 5.8699 | lr 3.00e-04 | grad 1.11 | 33.1k tok/s | cert -7.81→-6.81 | ticks [6.943 6.559 6.109 6.071] | 198M tok | ETA 100.5h
Step  48440 | loss 5.9142 | lr 3.00e-04 | grad 0.76 | 32.7k tok/s | cert -7.30→-6.34 | ticks [7.080 6.441 5.966 5.946] | 198M tok | ETA 100.5h
Step  48450 | loss 5.8949 | lr 3.00e-04 | grad 0.85 | 32.6k tok/s | cert -7.67→-6.41 | ticks [7.009 6.287 5.863 5.831] | 198M tok | ETA 100.5h
Step  48460 | loss 5.8388 | lr 3.00e-04 | grad 1.12 | 32.9k tok/s | cert -8.06→-6.56 | ticks [6.872 6.474 6.064 6.030] | 198M tok | ETA 100.5h
Step  48470 | loss 5.8074 | lr 3.00e-04 | grad 0.77 | 32.5k tok/s | cert -7.43→-6.40 | ticks [7.141 6.666 5.965 5.935] | 199M tok | ETA 100.5h
Step  48480 | loss 5.9575 | lr 3.00e-04 | grad 1.00 | 32.9k tok/s | cert -7.95→-6.58 | ticks [7.168 6.767 6.023 6.002] | 199M tok | ETA 100.5h
Step  48490 | loss 5.7692 | lr 3.00e-04 | grad 1.24 | 33.1k tok/s | cert -7.98→-7.09 | ticks [7.418 6.683 6.525 6.499] | 199M tok | ETA 100.5h
Step  48500 | loss 5.9573 | lr 3.00e-04 | grad 0.71 | 32.9k tok/s | cert -8.47→-6.52 | ticks [6.939 6.461 6.201 6.175] | 199M tok | ETA 100.5h
Step  48510 | loss 5.7523 | lr 3.00e-04 | grad 0.79 | 32.9k tok/s | cert -8.48→-6.17 | ticks [6.696 6.874 5.824 5.799] | 199M tok | ETA 100.5h
Step  48520 | loss 5.6875 | lr 3.00e-04 | grad 0.86 | 32.8k tok/s | cert -7.50→-5.96 | ticks [6.773 6.671 5.547 5.508] | 199M tok | ETA 100.5h
Step  48530 | loss 5.9654 | lr 3.00e-04 | grad 1.08 | 32.1k tok/s | cert -8.07→-6.38 | ticks [7.284 6.454 6.286 6.260] | 199M tok | ETA 100.5h
Step  48540 | loss 5.8656 | lr 3.00e-04 | grad 0.80 | 32.5k tok/s | cert -8.31→-6.34 | ticks [7.327 6.347 6.032 6.005] | 199M tok | ETA 100.5h
Step  48550 | loss 5.7169 | lr 3.00e-04 | grad 1.09 | 32.8k tok/s | cert -8.62→-6.32 | ticks [6.991 6.385 5.992 5.966] | 199M tok | ETA 100.5h
Step  48560 | loss 5.9110 | lr 3.00e-04 | grad 0.80 | 32.7k tok/s | cert -7.50→-6.11 | ticks [6.672 6.457 5.696 5.668] | 199M tok | ETA 100.5h
Step  48570 | loss 5.9175 | lr 3.00e-04 | grad 1.37 | 32.9k tok/s | cert -7.52→-6.86 | ticks [7.280 6.783 6.368 6.335] | 199M tok | ETA 100.5h
Step  48580 | loss 5.9129 | lr 3.00e-04 | grad 0.69 | 32.6k tok/s | cert -8.14→-6.08 | ticks [6.751 6.171 5.739 5.713] | 199M tok | ETA 100.5h
Step  48590 | loss 5.9908 | lr 3.00e-04 | grad 0.73 | 32.9k tok/s | cert -8.07→-6.31 | ticks [6.892 6.467 5.928 5.897] | 199M tok | ETA 100.5h
Step  48600 | loss 5.9331 | lr 3.00e-04 | grad 0.98 | 32.9k tok/s | cert -5.73→-6.18 | ticks [7.524 5.954 5.536 5.485] | 199M tok | ETA 100.5h
Step  48610 | loss 5.8611 | lr 3.00e-04 | grad 0.72 | 32.9k tok/s | cert -8.27→-6.19 | ticks [6.588 6.273 5.614 5.589] | 199M tok | ETA 100.5h
Step  48620 | loss 6.0074 | lr 3.00e-04 | grad 0.75 | 32.7k tok/s | cert -8.02→-6.17 | ticks [6.858 6.636 5.950 5.922] | 199M tok | ETA 100.5h
Step  48630 | loss 5.8754 | lr 3.00e-04 | grad 0.70 | 33.0k tok/s | cert -8.02→-6.09 | ticks [6.610 6.178 5.588 5.565] | 199M tok | ETA 100.5h
Step  48640 | loss 5.8885 | lr 3.00e-04 | grad 0.82 | 33.0k tok/s | cert -8.63→-6.34 | ticks [6.772 6.609 5.997 5.972] | 199M tok | ETA 100.5h
Step  48650 | loss 5.9812 | lr 3.00e-04 | grad 0.93 | 32.8k tok/s | cert -6.22→-6.27 | ticks [7.570 6.598 5.951 5.925] | 199M tok | ETA 100.5h
Step  48660 | loss 5.7552 | lr 3.00e-04 | grad 0.87 | 32.9k tok/s | cert -8.52→-6.32 | ticks [6.883 6.353 5.767 5.739] | 199M tok | ETA 100.5h
Step  48670 | loss 5.9651 | lr 3.00e-04 | grad 1.10 | 33.0k tok/s | cert -8.53→-6.63 | ticks [6.828 6.768 6.030 6.009] | 199M tok | ETA 100.5h
Step  48680 | loss 5.8230 | lr 3.00e-04 | grad 2.03 | 32.5k tok/s | cert -8.61→-6.45 | ticks [7.001 6.066 5.659 5.635] | 199M tok | ETA 100.5h
Step  48690 | loss 5.9261 | lr 3.00e-04 | grad 1.15 | 32.8k tok/s | cert -7.57→-6.39 | ticks [7.406 6.760 6.048 6.011] | 199M tok | ETA 100.5h
Step  48700 | loss 6.1044 | lr 3.00e-04 | grad 0.76 | 32.8k tok/s | cert -8.61→-6.45 | ticks [7.021 6.453 6.079 6.054] | 199M tok | ETA 100.5h
Step  48710 | loss 5.9097 | lr 3.00e-04 | grad 0.70 | 32.7k tok/s | cert -7.85→-6.22 | ticks [7.036 6.292 5.933 5.913] | 200M tok | ETA 100.5h
Step  48720 | loss 6.0212 | lr 3.00e-04 | grad 0.73 | 32.9k tok/s | cert -6.92→-6.56 | ticks [7.249 6.817 5.944 5.912] | 200M tok | ETA 100.5h
Step  48730 | loss 5.7950 | lr 3.00e-04 | grad 0.92 | 32.9k tok/s | cert -7.99→-6.43 | ticks [6.711 6.403 5.778 5.756] | 200M tok | ETA 100.5h
Step  48740 | loss 5.8454 | lr 3.00e-04 | grad 1.15 | 32.5k tok/s | cert -8.01→-6.52 | ticks [7.121 6.716 5.973 5.943] | 200M tok | ETA 100.5h
Step  48750 | loss 6.0182 | lr 3.00e-04 | grad 0.84 | 32.4k tok/s | cert -7.44→-6.47 | ticks [7.182 6.355 5.949 5.928] | 200M tok | ETA 100.5h
Step  48760 | loss 5.8336 | lr 3.00e-04 | grad 1.04 | 32.7k tok/s | cert -7.39→-6.38 | ticks [7.452 6.858 6.153 6.130] | 200M tok | ETA 100.5h
Step  48770 | loss 6.0887 | lr 3.00e-04 | grad 0.93 | 33.0k tok/s | cert -7.87→-6.67 | ticks [7.303 6.773 6.266 6.251] | 200M tok | ETA 100.5h
Step  48780 | loss 5.8034 | lr 3.00e-04 | grad 1.10 | 32.7k tok/s | cert -7.54→-6.45 | ticks [6.792 6.606 5.874 5.852] | 200M tok | ETA 100.5h
Step  48790 | loss 5.9199 | lr 3.00e-04 | grad 0.83 | 32.7k tok/s | cert -6.49→-6.31 | ticks [7.346 6.695 6.014 5.990] | 200M tok | ETA 100.5h
Step  48800 | loss 5.9726 | lr 3.00e-04 | grad 1.12 | 32.8k tok/s | cert -7.78→-6.95 | ticks [7.312 6.963 6.676 6.648] | 200M tok | ETA 100.5h
Step  48810 | loss 5.9750 | lr 3.00e-04 | grad 0.75 | 33.0k tok/s | cert -8.33→-6.40 | ticks [6.967 6.461 5.870 5.844] | 200M tok | ETA 100.5h
Step  48820 | loss 5.8835 | lr 3.00e-04 | grad 0.91 | 32.6k tok/s | cert -7.85→-6.19 | ticks [6.813 6.197 5.946 5.920] | 200M tok | ETA 100.5h
Step  48830 | loss 6.0595 | lr 3.00e-04 | grad 0.91 | 33.0k tok/s | cert -6.89→-6.15 | ticks [6.906 6.238 5.819 5.797] | 200M tok | ETA 100.5h
Step  48840 | loss 5.9313 | lr 3.00e-04 | grad 0.94 | 32.5k tok/s | cert -7.79→-6.00 | ticks [6.688 6.704 5.785 5.753] | 200M tok | ETA 100.5h
Step  48850 | loss 5.8564 | lr 3.00e-04 | grad 0.76 | 32.7k tok/s | cert -8.23→-6.63 | ticks [6.872 6.571 6.076 6.046] | 200M tok | ETA 100.5h
Step  48860 | loss 5.8411 | lr 3.00e-04 | grad 0.88 | 32.9k tok/s | cert -8.46→-6.76 | ticks [6.970 6.700 6.106 6.081] | 200M tok | ETA 100.5h
Step  48870 | loss 5.9209 | lr 3.00e-04 | grad 0.82 | 32.7k tok/s | cert -7.77→-6.47 | ticks [6.978 6.473 5.891 5.873] | 200M tok | ETA 100.5h
Step  48880 | loss 5.8653 | lr 3.00e-04 | grad 0.97 | 32.7k tok/s | cert -7.39→-6.24 | ticks [6.869 6.386 5.853 5.818] | 200M tok | ETA 100.5h
Step  48890 | loss 5.7940 | lr 3.00e-04 | grad 0.85 | 32.3k tok/s | cert -7.18→-5.95 | ticks [6.540 6.386 5.589 5.546] | 200M tok | ETA 100.5h
Step  48900 | loss 5.9170 | lr 3.00e-04 | grad 0.82 | 32.7k tok/s | cert -7.92→-6.14 | ticks [6.552 6.342 5.643 5.607] | 200M tok | ETA 100.5h
Step  48910 | loss 5.9799 | lr 3.00e-04 | grad 0.82 | 32.9k tok/s | cert -7.37→-6.51 | ticks [7.235 6.628 6.052 6.033] | 200M tok | ETA 100.5h
Step  48920 | loss 5.8158 | lr 3.00e-04 | grad 1.05 | 32.7k tok/s | cert -8.59→-6.66 | ticks [6.948 6.544 6.126 6.096] | 200M tok | ETA 100.5h
Step  48930 | loss 5.8927 | lr 3.00e-04 | grad 1.73 | 33.0k tok/s | cert -8.00→-6.28 | ticks [6.598 6.464 5.643 5.629] | 200M tok | ETA 100.5h
Step  48940 | loss 5.9482 | lr 3.00e-04 | grad 0.97 | 32.9k tok/s | cert -8.29→-6.33 | ticks [6.797 6.380 5.853 5.841] | 200M tok | ETA 100.5h
Step  48950 | loss 5.8261 | lr 3.00e-04 | grad 0.75 | 32.6k tok/s | cert -8.05→-6.24 | ticks [6.770 6.050 5.730 5.713] | 201M tok | ETA 100.5h
Step  48960 | loss 5.9453 | lr 3.00e-04 | grad 1.39 | 32.6k tok/s | cert -8.04→-7.42 | ticks [7.702 7.625 6.930 6.904] | 201M tok | ETA 100.5h
Step  48970 | loss 6.0006 | lr 3.00e-04 | grad 0.85 | 32.5k tok/s | cert -7.13→-6.25 | ticks [7.389 6.444 6.034 6.000] | 201M tok | ETA 100.5h
Step  48980 | loss 6.0084 | lr 3.00e-04 | grad 0.98 | 32.5k tok/s | cert -7.66→-6.73 | ticks [7.181 6.753 6.180 6.159] | 201M tok | ETA 100.5h
Step  48990 | loss 5.7611 | lr 3.00e-04 | grad 0.76 | 32.7k tok/s | cert -7.62→-6.30 | ticks [6.763 6.269 5.810 5.776] | 201M tok | ETA 100.5h
Step  49000 | loss 5.7825 | lr 3.00e-04 | grad 0.73 | 32.9k tok/s | cert -8.01→-6.48 | ticks [7.198 6.598 6.157 6.122] | 201M tok | ETA 100.5h
Step  49010 | loss 6.0425 | lr 3.00e-04 | grad 0.73 | 32.6k tok/s | cert -7.95→-6.22 | ticks [6.843 6.576 5.799 5.770] | 201M tok | ETA 100.4h
Step  49020 | loss 5.8847 | lr 3.00e-04 | grad 0.84 | 33.0k tok/s | cert -6.85→-6.27 | ticks [7.169 6.059 5.902 5.878] | 201M tok | ETA 100.4h
Step  49030 | loss 5.8446 | lr 3.00e-04 | grad 0.80 | 32.8k tok/s | cert -8.07→-6.45 | ticks [6.919 6.744 5.970 5.946] | 201M tok | ETA 100.4h
Step  49040 | loss 5.9930 | lr 3.00e-04 | grad 1.27 | 32.9k tok/s | cert -7.44→-6.69 | ticks [7.206 6.943 6.192 6.147] | 201M tok | ETA 100.4h
Step  49050 | loss 5.8784 | lr 3.00e-04 | grad 1.08 | 32.6k tok/s | cert -5.89→-6.52 | ticks [7.268 6.424 5.828 5.798] | 201M tok | ETA 100.4h
Step  49060 | loss 5.9320 | lr 3.00e-04 | grad 1.02 | 32.8k tok/s | cert -8.18→-6.42 | ticks [7.257 6.471 5.806 5.781] | 201M tok | ETA 100.4h
Step  49070 | loss 6.0806 | lr 3.00e-04 | grad 0.88 | 32.9k tok/s | cert -8.97→-6.24 | ticks [6.932 6.399 5.999 5.982] | 201M tok | ETA 100.4h
Step  49080 | loss 6.2204 | lr 3.00e-04 | grad 1.36 | 32.6k tok/s | cert -7.45→-6.59 | ticks [7.260 6.791 6.455 6.428] | 201M tok | ETA 100.4h
Step  49090 | loss 5.9625 | lr 3.00e-04 | grad 0.91 | 32.7k tok/s | cert -7.51→-6.19 | ticks [6.997 6.051 5.835 5.809] | 201M tok | ETA 100.4h
Step  49100 | loss 5.9733 | lr 3.00e-04 | grad 1.10 | 32.8k tok/s | cert -6.99→-6.28 | ticks [7.412 6.540 6.076 6.049] | 201M tok | ETA 100.4h
Step  49110 | loss 5.8003 | lr 3.00e-04 | grad 0.77 | 32.8k tok/s | cert -7.95→-6.15 | ticks [6.515 6.305 5.628 5.602] | 201M tok | ETA 100.4h
Step  49120 | loss 5.9834 | lr 3.00e-04 | grad 0.84 | 32.4k tok/s | cert -8.03→-6.36 | ticks [6.976 6.638 6.028 6.007] | 201M tok | ETA 100.4h
Step  49130 | loss 5.7993 | lr 3.00e-04 | grad 1.15 | 32.7k tok/s | cert -7.66→-6.14 | ticks [6.752 6.024 5.708 5.680] | 201M tok | ETA 100.4h
Step  49140 | loss 5.8280 | lr 3.00e-04 | grad 1.97 | 32.9k tok/s | cert -8.61→-6.63 | ticks [6.864 6.111 5.867 5.849] | 201M tok | ETA 100.4h
Step  49150 | loss 5.8813 | lr 3.00e-04 | grad 1.06 | 32.7k tok/s | cert -8.36→-6.55 | ticks [6.816 6.640 5.955 5.911] | 201M tok | ETA 100.4h
Step  49160 | loss 5.7638 | lr 3.00e-04 | grad 0.75 | 32.6k tok/s | cert -8.27→-6.34 | ticks [7.074 6.389 5.888 5.861] | 201M tok | ETA 100.4h
Step  49170 | loss 5.7375 | lr 3.00e-04 | grad 0.72 | 33.1k tok/s | cert -7.86→-6.30 | ticks [6.888 6.154 5.804 5.779] | 201M tok | ETA 100.4h
Step  49180 | loss 6.0287 | lr 3.00e-04 | grad 1.66 | 32.8k tok/s | cert -9.15→-6.76 | ticks [7.209 7.143 6.509 6.482] | 201M tok | ETA 100.4h
Step  49190 | loss 5.9092 | lr 3.00e-04 | grad 0.72 | 32.7k tok/s | cert -7.65→-6.24 | ticks [6.755 6.131 5.887 5.863] | 201M tok | ETA 100.4h
Step  49200 | loss 5.8591 | lr 3.00e-04 | grad 0.74 | 32.8k tok/s | cert -8.26→-6.47 | ticks [6.776 6.504 5.972 5.944] | 202M tok | ETA 100.4h
Step  49210 | loss 5.7701 | lr 3.00e-04 | grad 0.94 | 32.8k tok/s | cert -7.56→-6.29 | ticks [6.831 6.119 5.890 5.876] | 202M tok | ETA 100.4h
Step  49220 | loss 5.8496 | lr 3.00e-04 | grad 0.92 | 32.6k tok/s | cert -8.06→-6.29 | ticks [6.673 6.334 5.757 5.724] | 202M tok | ETA 100.4h
Step  49230 | loss 5.7359 | lr 3.00e-04 | grad 0.96 | 32.5k tok/s | cert -8.03→-6.69 | ticks [6.838 6.319 5.962 5.942] | 202M tok | ETA 100.4h
Step  49240 | loss 5.8796 | lr 3.00e-04 | grad 0.78 | 32.9k tok/s | cert -7.66→-6.13 | ticks [6.762 6.089 5.921 5.897] | 202M tok | ETA 100.4h
Step  49250 | loss 6.0103 | lr 3.00e-04 | grad 0.83 | 32.7k tok/s | cert -8.44→-6.37 | ticks [6.914 6.579 6.109 6.080] | 202M tok | ETA 100.4h
Step  49260 | loss 5.9686 | lr 3.00e-04 | grad 0.73 | 32.9k tok/s | cert -8.38→-6.46 | ticks [6.910 6.323 6.040 6.020] | 202M tok | ETA 100.4h
Step  49270 | loss 5.7888 | lr 3.00e-04 | grad 1.20 | 33.1k tok/s | cert -7.48→-6.05 | ticks [6.851 6.393 5.959 5.940] | 202M tok | ETA 100.4h
Step  49280 | loss 5.7862 | lr 3.00e-04 | grad 0.84 | 32.7k tok/s | cert -7.62→-6.34 | ticks [6.622 6.288 5.804 5.782] | 202M tok | ETA 100.4h
Step  49290 | loss 5.8568 | lr 3.00e-04 | grad 1.07 | 32.8k tok/s | cert -8.41→-6.80 | ticks [7.124 6.674 6.292 6.269] | 202M tok | ETA 100.4h
Step  49300 | loss 5.9924 | lr 3.00e-04 | grad 0.91 | 32.7k tok/s | cert -7.75→-6.49 | ticks [6.917 6.409 6.050 6.025] | 202M tok | ETA 100.4h
Step  49310 | loss 6.0196 | lr 3.00e-04 | grad 1.23 | 32.6k tok/s | cert -8.36→-6.75 | ticks [7.069 6.442 6.268 6.238] | 202M tok | ETA 100.4h
Step  49320 | loss 5.9796 | lr 3.00e-04 | grad 0.84 | 32.5k tok/s | cert -8.20→-6.31 | ticks [6.736 6.437 5.974 5.955] | 202M tok | ETA 100.4h
Step  49330 | loss 5.8481 | lr 3.00e-04 | grad 0.87 | 32.7k tok/s | cert -7.99→-6.41 | ticks [7.050 6.440 6.104 6.073] | 202M tok | ETA 100.4h
Step  49340 | loss 5.9934 | lr 3.00e-04 | grad 0.99 | 32.6k tok/s | cert -6.71→-6.52 | ticks [7.303 6.512 6.099 6.080] | 202M tok | ETA 100.4h
Step  49350 | loss 5.6474 | lr 3.00e-04 | grad 0.94 | 33.1k tok/s | cert -7.48→-6.44 | ticks [7.245 6.198 5.888 5.862] | 202M tok | ETA 100.4h
Step  49360 | loss 5.8861 | lr 3.00e-04 | grad 1.12 | 32.8k tok/s | cert -8.69→-6.12 | ticks [6.711 6.660 5.975 5.955] | 202M tok | ETA 100.4h
Step  49370 | loss 5.9013 | lr 3.00e-04 | grad 1.19 | 32.7k tok/s | cert -8.78→-6.59 | ticks [7.092 6.703 6.291 6.266] | 202M tok | ETA 100.4h
Step  49380 | loss 5.9666 | lr 3.00e-04 | grad 1.01 | 32.7k tok/s | cert -8.34→-6.16 | ticks [6.957 6.498 6.044 6.015] | 202M tok | ETA 100.4h
Step  49390 | loss 5.8249 | lr 3.00e-04 | grad 1.02 | 32.9k tok/s | cert -8.33→-6.11 | ticks [6.911 6.360 5.881 5.851] | 202M tok | ETA 100.4h
Step  49400 | loss 5.9184 | lr 3.00e-04 | grad 0.69 | 32.6k tok/s | cert -8.24→-6.07 | ticks [6.669 6.134 5.606 5.572] | 202M tok | ETA 100.4h
Step  49410 | loss 5.7517 | lr 3.00e-04 | grad 0.80 | 32.7k tok/s | cert -6.65→-6.20 | ticks [7.197 6.074 5.721 5.698] | 202M tok | ETA 100.4h
Step  49420 | loss 5.9445 | lr 3.00e-04 | grad 0.77 | 32.9k tok/s | cert -7.34→-6.09 | ticks [6.793 6.180 5.754 5.727] | 202M tok | ETA 100.4h
Step  49430 | loss 5.6938 | lr 3.00e-04 | grad 0.71 | 32.7k tok/s | cert -7.35→-6.24 | ticks [6.934 6.296 5.792 5.763] | 202M tok | ETA 100.4h
Step  49440 | loss 5.9292 | lr 3.00e-04 | grad 1.27 | 32.7k tok/s | cert -7.63→-6.22 | ticks [6.830 6.186 5.615 5.581] | 203M tok | ETA 100.4h
Step  49450 | loss 5.7674 | lr 3.00e-04 | grad 1.03 | 32.8k tok/s | cert -8.18→-6.33 | ticks [6.778 6.314 5.871 5.838] | 203M tok | ETA 100.4h
Step  49460 | loss 6.0330 | lr 3.00e-04 | grad 1.32 | 32.9k tok/s | cert -7.80→-6.65 | ticks [7.337 6.688 6.327 6.306] | 203M tok | ETA 100.4h
Step  49470 | loss 5.9133 | lr 3.00e-04 | grad 1.31 | 32.1k tok/s | cert -7.95→-6.14 | ticks [6.717 6.196 5.994 5.980] | 203M tok | ETA 100.4h
Step  49480 | loss 5.8477 | lr 3.00e-04 | grad 0.70 | 32.9k tok/s | cert -8.33→-6.39 | ticks [6.748 6.325 5.926 5.894] | 203M tok | ETA 100.4h
Step  49490 | loss 5.8968 | lr 3.00e-04 | grad 1.03 | 32.3k tok/s | cert -5.02→-6.73 | ticks [8.406 6.726 6.387 6.366] | 203M tok | ETA 100.4h
Step  49500 | loss 5.9748 | lr 3.00e-04 | grad 0.93 | 32.5k tok/s | cert -6.53→-6.22 | ticks [7.067 6.231 5.897 5.862] | 203M tok | ETA 100.4h
Step  49510 | loss 5.8623 | lr 3.00e-04 | grad 0.89 | 32.5k tok/s | cert -5.99→-6.11 | ticks [7.409 6.022 5.781 5.748] | 203M tok | ETA 100.4h
Step  49520 | loss 5.9519 | lr 3.00e-04 | grad 1.67 | 32.7k tok/s | cert -8.76→-6.75 | ticks [7.099 6.301 5.959 5.934] | 203M tok | ETA 100.4h
Step  49530 | loss 5.8677 | lr 3.00e-04 | grad 1.15 | 32.7k tok/s | cert -8.32→-5.94 | ticks [6.309 5.751 5.286 5.256] | 203M tok | ETA 100.4h
Step  49540 | loss 5.7990 | lr 3.00e-04 | grad 0.79 | 32.9k tok/s | cert -7.27→-6.26 | ticks [6.996 6.110 5.668 5.635] | 203M tok | ETA 100.4h
Step  49550 | loss 5.8905 | lr 3.00e-04 | grad 0.96 | 32.7k tok/s | cert -7.14→-6.15 | ticks [7.027 6.300 5.862 5.831] | 203M tok | ETA 100.4h
Step  49560 | loss 5.9008 | lr 3.00e-04 | grad 0.75 | 32.6k tok/s | cert -7.25→-6.65 | ticks [7.373 6.506 6.352 6.327] | 203M tok | ETA 100.4h
Step  49570 | loss 6.0393 | lr 3.00e-04 | grad 0.85 | 32.8k tok/s | cert -7.83→-6.40 | ticks [6.991 6.467 5.812 5.793] | 203M tok | ETA 100.4h
Step  49580 | loss 6.1170 | lr 3.00e-04 | grad 0.78 | 32.9k tok/s | cert -7.49→-6.33 | ticks [7.028 6.357 6.126 6.095] | 203M tok | ETA 100.4h
Step  49590 | loss 5.9386 | lr 3.00e-04 | grad 0.72 | 32.9k tok/s | cert -8.34→-6.11 | ticks [6.659 6.247 5.745 5.730] | 203M tok | ETA 100.4h
Step  49600 | loss 5.8175 | lr 3.00e-04 | grad 0.93 | 32.6k tok/s | cert -8.26→-6.42 | ticks [6.967 6.685 6.037 6.009] | 203M tok | ETA 100.4h
Step  49610 | loss 5.8842 | lr 3.00e-04 | grad 0.79 | 32.7k tok/s | cert -6.78→-5.93 | ticks [6.759 6.056 5.485 5.458] | 203M tok | ETA 100.4h
Step  49620 | loss 5.8215 | lr 3.00e-04 | grad 0.73 | 32.8k tok/s | cert -7.91→-6.34 | ticks [6.964 6.560 5.812 5.783] | 203M tok | ETA 100.4h
Step  49630 | loss 5.8746 | lr 3.00e-04 | grad 1.34 | 32.9k tok/s | cert -8.96→-6.56 | ticks [6.674 6.879 5.814 5.786] | 203M tok | ETA 100.4h
Step  49640 | loss 5.7379 | lr 3.00e-04 | grad 0.72 | 32.7k tok/s | cert -8.46→-6.30 | ticks [6.972 6.410 5.865 5.848] | 203M tok | ETA 100.4h
Step  49650 | loss 5.9150 | lr 3.00e-04 | grad 0.68 | 32.8k tok/s | cert -8.19→-6.47 | ticks [6.954 6.400 6.149 6.128] | 203M tok | ETA 100.4h
Step  49660 | loss 6.0210 | lr 3.00e-04 | grad 0.94 | 32.5k tok/s | cert -7.55→-6.39 | ticks [6.875 6.195 5.874 5.839] | 203M tok | ETA 100.4h
Step  49670 | loss 5.9726 | lr 3.00e-04 | grad 0.70 | 32.7k tok/s | cert -8.23→-6.29 | ticks [6.748 6.344 5.861 5.839] | 203M tok | ETA 100.4h
Step  49680 | loss 5.9737 | lr 3.00e-04 | grad 0.84 | 32.7k tok/s | cert -8.25→-6.43 | ticks [6.862 6.571 6.022 5.994] | 203M tok | ETA 100.4h
Step  49690 | loss 5.9451 | lr 3.00e-04 | grad 0.99 | 32.9k tok/s | cert -5.73→-6.59 | ticks [7.651 6.813 6.145 6.118] | 204M tok | ETA 100.4h
Step  49700 | loss 5.8051 | lr 3.00e-04 | grad 0.75 | 32.5k tok/s | cert -6.08→-6.04 | ticks [7.032 6.120 5.711 5.676] | 204M tok | ETA 100.4h
Step  49710 | loss 5.8479 | lr 3.00e-04 | grad 1.03 | 33.0k tok/s | cert -8.26→-6.18 | ticks [6.552 5.954 5.582 5.561] | 204M tok | ETA 100.4h
Step  49720 | loss 5.8962 | lr 3.00e-04 | grad 0.82 | 32.7k tok/s | cert -7.83→-6.63 | ticks [7.080 6.489 6.180 6.153] | 204M tok | ETA 100.4h
Step  49730 | loss 5.8701 | lr 3.00e-04 | grad 0.96 | 32.7k tok/s | cert -6.05→-5.99 | ticks [7.311 6.130 5.789 5.758] | 204M tok | ETA 100.4h
Step  49740 | loss 5.9820 | lr 3.00e-04 | grad 0.93 | 32.6k tok/s | cert -8.45→-5.99 | ticks [6.775 6.354 5.671 5.643] | 204M tok | ETA 100.4h
Step  49750 | loss 5.8764 | lr 3.00e-04 | grad 1.05 | 33.0k tok/s | cert -8.06→-6.05 | ticks [6.804 6.420 5.956 5.923] | 204M tok | ETA 100.4h
Step  49760 | loss 5.8168 | lr 3.00e-04 | grad 0.84 | 32.7k tok/s | cert -7.55→-6.05 | ticks [7.016 6.286 5.837 5.814] | 204M tok | ETA 100.4h
Step  49770 | loss 5.8032 | lr 3.00e-04 | grad 1.16 | 32.5k tok/s | cert -5.55→-5.91 | ticks [7.430 6.049 5.737 5.709] | 204M tok | ETA 100.4h
Step  49780 | loss 5.8635 | lr 3.00e-04 | grad 0.94 | 32.6k tok/s | cert -7.64→-6.54 | ticks [7.186 6.654 6.013 5.994] | 204M tok | ETA 100.4h
Step  49790 | loss 5.8919 | lr 3.00e-04 | grad 0.73 | 32.4k tok/s | cert -7.67→-6.43 | ticks [7.115 6.887 6.112 6.092] | 204M tok | ETA 100.4h
Step  49800 | loss 5.9832 | lr 3.00e-04 | grad 0.98 | 32.8k tok/s | cert -6.68→-6.40 | ticks [7.367 6.348 5.988 5.972] | 204M tok | ETA 100.4h
Step  49810 | loss 5.8776 | lr 3.00e-04 | grad 1.02 | 32.6k tok/s | cert -8.01→-5.96 | ticks [6.897 6.546 5.785 5.751] | 204M tok | ETA 100.4h
Step  49820 | loss 5.6325 | lr 3.00e-04 | grad 0.70 | 32.8k tok/s | cert -8.05→-5.84 | ticks [6.755 6.271 5.521 5.497] | 204M tok | ETA 100.4h
Step  49830 | loss 6.0821 | lr 3.00e-04 | grad 1.01 | 32.5k tok/s | cert -8.50→-6.22 | ticks [6.678 6.272 5.778 5.751] | 204M tok | ETA 100.4h
Step  49840 | loss 5.8541 | lr 3.00e-04 | grad 1.02 | 32.9k tok/s | cert -6.25→-5.96 | ticks [7.003 6.097 5.792 5.767] | 204M tok | ETA 100.4h
Step  49850 | loss 6.0302 | lr 3.00e-04 | grad 1.12 | 32.8k tok/s | cert -8.51→-6.74 | ticks [7.293 6.496 6.204 6.169] | 204M tok | ETA 100.4h
Step  49860 | loss 6.1231 | lr 3.00e-04 | grad 0.78 | 32.6k tok/s | cert -8.64→-6.14 | ticks [6.716 6.286 5.775 5.741] | 204M tok | ETA 100.4h
Step  49870 | loss 5.8526 | lr 3.00e-04 | grad 0.88 | 32.8k tok/s | cert -8.04→-6.07 | ticks [6.760 6.511 5.729 5.704] | 204M tok | ETA 100.4h
Step  49880 | loss 5.7671 | lr 3.00e-04 | grad 0.74 | 32.5k tok/s | cert -8.83→-6.34 | ticks [6.854 6.646 5.959 5.933] | 204M tok | ETA 100.4h
Step  49890 | loss 6.0015 | lr 3.00e-04 | grad 1.39 | 32.2k tok/s | cert -7.42→-6.19 | ticks [7.213 6.502 6.028 6.006] | 204M tok | ETA 100.4h
Step  49900 | loss 5.7459 | lr 3.00e-04 | grad 1.20 | 32.8k tok/s | cert -6.05→-5.64 | ticks [6.901 5.621 5.397 5.374] | 204M tok | ETA 100.4h
Step  49910 | loss 5.7793 | lr 3.00e-04 | grad 0.79 | 32.4k tok/s | cert -8.71→-6.39 | ticks [6.640 6.501 5.782 5.757] | 204M tok | ETA 100.4h
Step  49920 | loss 5.8693 | lr 3.00e-04 | grad 0.97 | 32.8k tok/s | cert -8.04→-6.38 | ticks [6.699 6.904 5.878 5.850] | 204M tok | ETA 100.4h
Step  49930 | loss 5.9172 | lr 3.00e-04 | grad 0.81 | 32.8k tok/s | cert -7.31→-6.43 | ticks [7.242 6.610 6.008 5.989] | 205M tok | ETA 100.4h
Step  49940 | loss 5.9296 | lr 3.00e-04 | grad 0.77 | 32.4k tok/s | cert -6.94→-6.42 | ticks [7.046 6.619 5.981 5.958] | 205M tok | ETA 100.4h
Step  49950 | loss 5.7593 | lr 3.00e-04 | grad 0.89 | 32.6k tok/s | cert -7.58→-5.48 | ticks [5.922 5.151 4.818 4.781] | 205M tok | ETA 100.4h
Step  49960 | loss 5.7031 | lr 3.00e-04 | grad 1.20 | 32.7k tok/s | cert -7.55→-6.66 | ticks [7.401 6.698 5.998 5.975] | 205M tok | ETA 100.4h
Step  49970 | loss 5.7797 | lr 3.00e-04 | grad 0.88 | 32.9k tok/s | cert -7.67→-6.17 | ticks [6.857 6.301 5.639 5.618] | 205M tok | ETA 100.4h
Step  49980 | loss 5.8088 | lr 3.00e-04 | grad 0.69 | 32.6k tok/s | cert -8.12→-6.26 | ticks [6.759 6.183 5.775 5.747] | 205M tok | ETA 100.4h
Step  49990 | loss 5.8510 | lr 3.00e-04 | grad 0.75 | 32.5k tok/s | cert -8.45→-6.54 | ticks [7.079 6.515 6.166 6.136] | 205M tok | ETA 100.4h
Step  50000 | loss 5.8970 | lr 3.00e-04 | grad 0.93 | 32.8k tok/s | cert -7.33→-6.20 | ticks [6.755 6.336 5.817 5.777] | 205M tok | ETA 100.4h
'[Errno 9] Bad file descriptor' thrown while requesting GET https://huggingface.co/datasets/HuggingFaceFW/fineweb-edu/resolve/87f09149ef4734204d70ed1d046ddc9ca3f2b8f9/sample/10BT/000_00000.parquet

  >>> Eval loss: 6.5186 (best: 6.4988)
  >>> Sample: 'The most important thing to understand about science is' → ' done. Now is why?? What do something???? What do??? Is What are?? What? What? What?? What?????? What we do? How? What? What?'

Step  50010 | loss 5.8669 | lr 3.00e-04 | grad 1.02 | 32.4k tok/s | cert -8.25→-6.20 | ticks [6.856 6.689 6.133 6.092] | 205M tok | ETA 100.6h
Step  50020 | loss 5.9560 | lr 3.00e-04 | grad 0.83 | 32.7k tok/s | cert -8.22→-6.33 | ticks [6.703 6.307 5.941 5.909] | 205M tok | ETA 100.6h
Step  50030 | loss 5.8166 | lr 3.00e-04 | grad 0.81 | 32.8k tok/s | cert -7.33→-6.52 | ticks [7.108 6.430 5.995 5.969] | 205M tok | ETA 100.6h
Step  50040 | loss 5.8219 | lr 3.00e-04 | grad 1.08 | 32.7k tok/s | cert -8.65→-6.67 | ticks [6.834 6.603 6.100 6.070] | 205M tok | ETA 100.6h
Step  50050 | loss 5.8267 | lr 3.00e-04 | grad 0.75 | 32.7k tok/s | cert -7.95→-6.05 | ticks [6.754 6.270 5.731 5.703] | 205M tok | ETA 100.6h
Step  50060 | loss 5.7426 | lr 3.00e-04 | grad 1.00 | 32.7k tok/s | cert -8.11→-6.51 | ticks [7.128 6.558 5.961 5.941] | 205M tok | ETA 100.6h
Step  50070 | loss 5.8817 | lr 3.00e-04 | grad 1.17 | 32.8k tok/s | cert -8.50→-6.57 | ticks [7.161 6.368 5.985 5.965] | 205M tok | ETA 100.6h
Step  50080 | loss 6.0138 | lr 3.00e-04 | grad 0.77 | 32.8k tok/s | cert -8.04→-6.21 | ticks [6.809 6.446 5.666 5.634] | 205M tok | ETA 100.6h
Step  50090 | loss 5.8453 | lr 3.00e-04 | grad 1.08 | 32.7k tok/s | cert -8.78→-6.53 | ticks [7.102 6.657 6.311 6.294] | 205M tok | ETA 100.6h
Step  50100 | loss 5.8204 | lr 3.00e-04 | grad 0.68 | 32.8k tok/s | cert -7.45→-6.26 | ticks [6.750 6.303 5.854 5.828] | 205M tok | ETA 100.6h
Step  50110 | loss 5.9149 | lr 3.00e-04 | grad 0.82 | 32.3k tok/s | cert -8.62→-6.46 | ticks [6.709 6.452 5.966 5.947] | 205M tok | ETA 100.6h
Step  50120 | loss 5.9101 | lr 3.00e-04 | grad 0.81 | 32.7k tok/s | cert -7.87→-6.20 | ticks [6.929 6.153 5.649 5.618] | 205M tok | ETA 100.6h
Step  50130 | loss 5.8322 | lr 3.00e-04 | grad 0.81 | 32.5k tok/s | cert -8.86→-6.51 | ticks [7.209 6.318 6.079 6.057] | 205M tok | ETA 100.6h
Step  50140 | loss 5.8608 | lr 3.00e-04 | grad 0.80 | 32.5k tok/s | cert -7.11→-5.99 | ticks [6.551 6.052 5.572 5.544] | 205M tok | ETA 100.6h
Step  50150 | loss 5.9539 | lr 3.00e-04 | grad 1.08 | 32.6k tok/s | cert -6.75→-6.39 | ticks [6.875 6.126 5.721 5.686] | 205M tok | ETA 100.6h
Step  50160 | loss 6.0615 | lr 3.00e-04 | grad 1.01 | 32.6k tok/s | cert -8.60→-6.37 | ticks [6.788 6.103 5.763 5.744] | 205M tok | ETA 100.6h
Step  50170 | loss 5.9119 | lr 3.00e-04 | grad 1.55 | 32.5k tok/s | cert -9.15→-7.11 | ticks [7.247 6.683 6.394 6.366] | 206M tok | ETA 100.6h
Step  50180 | loss 5.8778 | lr 3.00e-04 | grad 0.88 | 32.2k tok/s | cert -7.16→-6.40 | ticks [7.525 6.378 5.907 5.876] | 206M tok | ETA 100.6h
Step  50190 | loss 5.7893 | lr 3.00e-04 | grad 0.95 | 32.9k tok/s | cert -8.34→-6.55 | ticks [6.882 6.766 5.907 5.885] | 206M tok | ETA 100.6h
Step  50200 | loss 5.8810 | lr 3.00e-04 | grad 0.74 | 32.9k tok/s | cert -6.57→-5.94 | ticks [6.731 5.981 5.549 5.519] | 206M tok | ETA 100.6h
Step  50210 | loss 5.9129 | lr 3.00e-04 | grad 1.26 | 32.9k tok/s | cert -6.24→-6.34 | ticks [7.606 6.477 6.184 6.160] | 206M tok | ETA 100.6h
Step  50220 | loss 5.8532 | lr 3.00e-04 | grad 0.78 | 32.5k tok/s | cert -7.70→-6.36 | ticks [7.186 6.416 5.871 5.848] | 206M tok | ETA 100.6h
Step  50230 | loss 5.8487 | lr 3.00e-04 | grad 1.03 | 32.7k tok/s | cert -6.32→-6.20 | ticks [7.320 6.596 6.002 5.973] | 206M tok | ETA 100.6h
Step  50240 | loss 5.8309 | lr 3.00e-04 | grad 1.56 | 32.4k tok/s | cert -8.09→-6.25 | ticks [7.062 6.137 5.912 5.893] | 206M tok | ETA 100.6h
Step  50250 | loss 5.9384 | lr 3.00e-04 | grad 0.80 | 32.7k tok/s | cert -8.32→-6.45 | ticks [7.210 6.727 5.999 5.969] | 206M tok | ETA 100.6h
Step  50260 | loss 6.2357 | lr 3.00e-04 | grad 1.09 | 32.9k tok/s | cert -7.70→-6.80 | ticks [7.539 6.771 6.581 6.540] | 206M tok | ETA 100.6h
Step  50270 | loss 6.1475 | lr 3.00e-04 | grad 0.89 | 32.9k tok/s | cert -5.69→-6.50 | ticks [7.739 6.393 6.068 6.036] | 206M tok | ETA 100.6h
Step  50280 | loss 5.9917 | lr 3.00e-04 | grad 0.83 | 32.8k tok/s | cert -8.43→-6.57 | ticks [7.106 6.609 6.176 6.141] | 206M tok | ETA 100.6h
Step  50290 | loss 5.7112 | lr 3.00e-04 | grad 1.37 | 32.6k tok/s | cert -8.69→-6.49 | ticks [6.916 5.920 5.680 5.666] | 206M tok | ETA 100.6h
Step  50300 | loss 5.8206 | lr 3.00e-04 | grad 1.66 | 32.7k tok/s | cert -4.21→-6.02 | ticks [7.991 6.084 5.956 5.916] | 206M tok | ETA 100.6h
Step  50310 | loss 5.8833 | lr 3.00e-04 | grad 0.77 | 32.8k tok/s | cert -7.93→-6.60 | ticks [7.244 6.655 6.096 6.072] | 206M tok | ETA 100.6h
Step  50320 | loss 5.8827 | lr 3.00e-04 | grad 1.01 | 32.7k tok/s | cert -8.31→-6.14 | ticks [6.641 6.229 5.731 5.707] | 206M tok | ETA 100.6h
Step  50330 | loss 5.7243 | lr 3.00e-04 | grad 0.84 | 32.8k tok/s | cert -7.72→-6.18 | ticks [6.561 6.221 5.690 5.648] | 206M tok | ETA 100.6h
Step  50340 | loss 5.7265 | lr 3.00e-04 | grad 0.78 | 32.6k tok/s | cert -8.08→-6.11 | ticks [6.620 6.240 5.718 5.689] | 206M tok | ETA 100.6h
Step  50350 | loss 5.8153 | lr 3.00e-04 | grad 0.83 | 32.7k tok/s | cert -8.94→-6.23 | ticks [7.072 6.541 5.790 5.755] | 206M tok | ETA 100.6h
Step  50360 | loss 5.8391 | lr 3.00e-04 | grad 0.93 | 32.7k tok/s | cert -8.35→-6.67 | ticks [7.072 6.810 6.148 6.125] | 206M tok | ETA 100.6h
Step  50370 | loss 5.7783 | lr 3.00e-04 | grad 0.88 | 32.7k tok/s | cert -6.45→-6.39 | ticks [7.320 6.924 5.771 5.742] | 206M tok | ETA 100.6h
Step  50380 | loss 5.7987 | lr 3.00e-04 | grad 0.83 | 32.9k tok/s | cert -7.20→-6.08 | ticks [6.928 6.226 5.886 5.858] | 206M tok | ETA 100.6h
Step  50390 | loss 5.9402 | lr 3.00e-04 | grad 0.89 | 33.0k tok/s | cert -8.60→-6.52 | ticks [7.012 6.574 6.023 5.990] | 206M tok | ETA 100.6h
Step  50400 | loss 5.9351 | lr 3.00e-04 | grad 0.77 | 32.7k tok/s | cert -7.82→-6.33 | ticks [7.159 6.451 6.160 6.134] | 206M tok | ETA 100.6h
Step  50410 | loss 5.7870 | lr 3.00e-04 | grad 0.78 | 32.8k tok/s | cert -8.36→-6.27 | ticks [6.571 6.373 5.760 5.721] | 206M tok | ETA 100.6h
Step  50420 | loss 5.9038 | lr 3.00e-04 | grad 0.84 | 32.8k tok/s | cert -8.23→-6.37 | ticks [6.930 6.203 5.938 5.919] | 207M tok | ETA 100.6h
Step  50430 | loss 5.7284 | lr 3.00e-04 | grad 0.91 | 32.6k tok/s | cert -6.05→-6.29 | ticks [7.541 6.435 5.804 5.773] | 207M tok | ETA 100.6h
Step  50440 | loss 6.0206 | lr 3.00e-04 | grad 0.84 | 33.0k tok/s | cert -8.21→-6.19 | ticks [6.746 6.189 5.790 5.761] | 207M tok | ETA 100.6h
Step  50450 | loss 5.7785 | lr 3.00e-04 | grad 0.75 | 32.7k tok/s | cert -7.76→-6.16 | ticks [6.769 6.123 5.783 5.757] | 207M tok | ETA 100.6h
Step  50460 | loss 5.8373 | lr 3.00e-04 | grad 0.83 | 32.3k tok/s | cert -8.22→-6.58 | ticks [6.988 6.791 6.214 6.182] | 207M tok | ETA 100.6h
Step  50470 | loss 5.9424 | lr 3.00e-04 | grad 1.16 | 32.8k tok/s | cert -7.80→-6.23 | ticks [6.914 6.225 5.964 5.935] | 207M tok | ETA 100.6h
Step  50480 | loss 5.9382 | lr 3.00e-04 | grad 0.77 | 32.6k tok/s | cert -7.86→-6.33 | ticks [6.903 6.468 5.861 5.837] | 207M tok | ETA 100.6h
Step  50490 | loss 5.8660 | lr 3.00e-04 | grad 0.80 | 32.6k tok/s | cert -7.13→-6.21 | ticks [6.906 6.566 5.874 5.847] | 207M tok | ETA 100.6h
Step  50500 | loss 5.8609 | lr 3.00e-04 | grad 1.11 | 32.5k tok/s | cert -8.30→-6.16 | ticks [6.570 6.331 5.824 5.794] | 207M tok | ETA 100.6h
Step  50510 | loss 5.9021 | lr 3.00e-04 | grad 1.18 | 32.3k tok/s | cert -7.73→-5.88 | ticks [7.095 5.881 5.714 5.688] | 207M tok | ETA 100.6h
Step  50520 | loss 6.1561 | lr 3.00e-04 | grad 0.80 | 32.3k tok/s | cert -7.87→-6.32 | ticks [7.247 6.227 5.875 5.855] | 207M tok | ETA 100.6h
Step  50530 | loss 5.8593 | lr 3.00e-04 | grad 0.78 | 32.9k tok/s | cert -8.29→-6.20 | ticks [7.063 6.372 5.848 5.822] | 207M tok | ETA 100.6h
Step  50540 | loss 5.8096 | lr 3.00e-04 | grad 0.75 | 32.9k tok/s | cert -7.92→-6.16 | ticks [6.696 6.400 5.728 5.698] | 207M tok | ETA 100.6h
Step  50550 | loss 5.8586 | lr 3.00e-04 | grad 0.82 | 32.8k tok/s | cert -8.60→-6.66 | ticks [6.911 6.548 6.098 6.078] | 207M tok | ETA 100.6h
Step  50560 | loss 5.8818 | lr 3.00e-04 | grad 0.78 | 32.7k tok/s | cert -6.19→-5.88 | ticks [7.287 6.502 5.726 5.700] | 207M tok | ETA 100.6h
Step  50570 | loss 5.8714 | lr 3.00e-04 | grad 0.75 | 32.8k tok/s | cert -8.15→-6.28 | ticks [6.674 6.393 5.775 5.745] | 207M tok | ETA 100.6h
Step  50580 | loss 5.9731 | lr 3.00e-04 | grad 1.20 | 32.6k tok/s | cert -8.16→-6.64 | ticks [7.017 6.753 6.029 6.010] | 207M tok | ETA 100.6h
Step  50590 | loss 5.8477 | lr 3.00e-04 | grad 0.80 | 32.4k tok/s | cert -9.04→-6.68 | ticks [6.957 6.898 6.156 6.129] | 207M tok | ETA 100.6h
Step  50600 | loss 5.9179 | lr 3.00e-04 | grad 1.04 | 32.9k tok/s | cert -8.62→-6.59 | ticks [7.250 6.524 6.317 6.292] | 207M tok | ETA 100.6h
Step  50610 | loss 5.7970 | lr 3.00e-04 | grad 0.97 | 32.7k tok/s | cert -8.44→-6.11 | ticks [6.888 6.403 5.870 5.843] | 207M tok | ETA 100.5h
Step  50620 | loss 5.7099 | lr 3.00e-04 | grad 0.70 | 32.5k tok/s | cert -7.59→-6.07 | ticks [6.778 6.330 5.637 5.606] | 207M tok | ETA 100.5h
Step  50630 | loss 5.9244 | lr 3.00e-04 | grad 0.73 | 32.8k tok/s | cert -8.09→-6.42 | ticks [6.791 6.549 6.058 6.033] | 207M tok | ETA 100.5h
Step  50640 | loss 5.9029 | lr 3.00e-04 | grad 0.73 | 32.8k tok/s | cert -8.65→-6.40 | ticks [6.829 6.808 5.926 5.899] | 207M tok | ETA 100.5h
Step  50650 | loss 5.9377 | lr 3.00e-04 | grad 0.74 | 32.8k tok/s | cert -7.05→-5.95 | ticks [7.329 6.270 5.558 5.536] | 207M tok | ETA 100.5h
Step  50660 | loss 5.7055 | lr 3.00e-04 | grad 1.10 | 32.5k tok/s | cert -6.50→-6.13 | ticks [7.226 6.589 5.861 5.827] | 208M tok | ETA 100.5h
Step  50670 | loss 5.7784 | lr 3.00e-04 | grad 0.82 | 32.8k tok/s | cert -8.29→-6.41 | ticks [6.876 6.541 5.845 5.818] | 208M tok | ETA 100.5h
Step  50680 | loss 5.8430 | lr 3.00e-04 | grad 1.06 | 32.7k tok/s | cert -6.09→-6.12 | ticks [7.107 6.486 5.879 5.855] | 208M tok | ETA 100.5h
Step  50690 | loss 5.9284 | lr 3.00e-04 | grad 0.83 | 32.6k tok/s | cert -7.20→-6.27 | ticks [7.251 6.233 5.990 5.962] | 208M tok | ETA 100.5h
Step  50700 | loss 5.8602 | lr 3.00e-04 | grad 0.79 | 32.7k tok/s | cert -8.51→-6.48 | ticks [7.186 6.488 6.085 6.058] | 208M tok | ETA 100.5h
Step  50710 | loss 5.9782 | lr 3.00e-04 | grad 0.97 | 32.7k tok/s | cert -7.88→-6.52 | ticks [7.187 7.013 5.990 5.953] | 208M tok | ETA 100.5h
Step  50720 | loss 5.9712 | lr 3.00e-04 | grad 0.82 | 33.0k tok/s | cert -8.82→-6.49 | ticks [7.084 6.668 6.023 5.997] | 208M tok | ETA 100.5h
Step  50730 | loss 5.9030 | lr 3.00e-04 | grad 0.75 | 32.9k tok/s | cert -8.31→-6.44 | ticks [6.988 6.431 6.035 6.012] | 208M tok | ETA 100.5h
Step  50740 | loss 5.7018 | lr 3.00e-04 | grad 0.79 | 32.9k tok/s | cert -5.01→-6.01 | ticks [7.406 6.196 5.775 5.745] | 208M tok | ETA 100.5h
Step  50750 | loss 5.8308 | lr 3.00e-04 | grad 0.77 | 33.0k tok/s | cert -7.66→-6.17 | ticks [6.921 6.166 5.927 5.907] | 208M tok | ETA 100.5h
Step  50760 | loss 5.9994 | lr 3.00e-04 | grad 0.98 | 32.7k tok/s | cert -9.51→-6.56 | ticks [7.223 6.474 6.269 6.238] | 208M tok | ETA 100.5h
Step  50770 | loss 5.8573 | lr 3.00e-04 | grad 0.75 | 32.9k tok/s | cert -8.79→-6.35 | ticks [6.991 6.215 5.873 5.848] | 208M tok | ETA 100.5h
Step  50780 | loss 5.9215 | lr 3.00e-04 | grad 1.26 | 33.1k tok/s | cert -9.25→-6.84 | ticks [7.077 6.881 6.124 6.085] | 208M tok | ETA 100.5h
Step  50790 | loss 5.9492 | lr 3.00e-04 | grad 1.15 | 32.9k tok/s | cert -8.62→-6.25 | ticks [6.750 6.567 5.972 5.951] | 208M tok | ETA 100.5h
Step  50800 | loss 5.8664 | lr 3.00e-04 | grad 1.41 | 33.0k tok/s | cert -5.66→-6.39 | ticks [7.345 6.009 5.560 5.522] | 208M tok | ETA 100.5h
Step  50810 | loss 5.8938 | lr 3.00e-04 | grad 1.72 | 32.8k tok/s | cert -8.26→-6.81 | ticks [6.885 6.551 6.029 6.004] | 208M tok | ETA 100.5h
Step  50820 | loss 5.9602 | lr 3.00e-04 | grad 0.71 | 32.8k tok/s | cert -7.63→-6.25 | ticks [6.606 6.348 5.744 5.712] | 208M tok | ETA 100.5h
Step  50830 | loss 5.7550 | lr 3.00e-04 | grad 0.88 | 32.7k tok/s | cert -8.29→-6.39 | ticks [6.902 6.452 5.994 5.980] | 208M tok | ETA 100.5h
Step  50840 | loss 5.6812 | lr 3.00e-04 | grad 0.92 | 32.8k tok/s | cert -8.36→-6.35 | ticks [6.850 6.239 5.986 5.962] | 208M tok | ETA 100.5h
Step  50850 | loss 5.8743 | lr 3.00e-04 | grad 0.91 | 32.7k tok/s | cert -8.65→-6.35 | ticks [6.801 6.531 6.052 6.023] | 208M tok | ETA 100.5h
Step  50860 | loss 5.8885 | lr 3.00e-04 | grad 1.24 | 32.5k tok/s | cert -7.92→-6.48 | ticks [7.114 6.908 6.245 6.222] | 208M tok | ETA 100.5h
Step  50870 | loss 5.9017 | lr 3.00e-04 | grad 0.86 | 32.5k tok/s | cert -8.09→-6.34 | ticks [6.817 6.358 5.991 5.961] | 208M tok | ETA 100.5h
Step  50880 | loss 5.9348 | lr 3.00e-04 | grad 1.07 | 32.6k tok/s | cert -7.97→-6.53 | ticks [7.430 6.595 6.407 6.384] | 208M tok | ETA 100.5h
Step  50890 | loss 5.8804 | lr 3.00e-04 | grad 1.22 | 32.7k tok/s | cert -8.25→-6.70 | ticks [6.948 6.637 6.038 6.002] | 208M tok | ETA 100.5h
Step  50900 | loss 5.8294 | lr 3.00e-04 | grad 0.73 | 32.7k tok/s | cert -7.12→-5.98 | ticks [6.674 5.980 5.534 5.509] | 208M tok | ETA 100.5h
Step  50910 | loss 5.9138 | lr 3.00e-04 | grad 1.01 | 32.9k tok/s | cert -7.03→-6.57 | ticks [7.123 6.438 6.242 6.222] | 209M tok | ETA 100.5h
Step  50920 | loss 5.8093 | lr 3.00e-04 | grad 0.72 | 32.3k tok/s | cert -7.52→-6.22 | ticks [6.489 6.441 5.666 5.634] | 209M tok | ETA 100.5h
Step  50930 | loss 5.7028 | lr 3.00e-04 | grad 0.88 | 32.5k tok/s | cert -6.58→-6.15 | ticks [6.751 6.235 5.658 5.631] | 209M tok | ETA 100.5h
Step  50940 | loss 6.0126 | lr 3.00e-04 | grad 1.21 | 32.6k tok/s | cert -7.12→-6.18 | ticks [6.997 6.288 6.099 6.077] | 209M tok | ETA 100.5h
Step  50950 | loss 5.9949 | lr 3.00e-04 | grad 1.09 | 32.5k tok/s | cert -7.87→-6.61 | ticks [6.904 6.342 6.001 5.981] | 209M tok | ETA 100.5h
Step  50960 | loss 5.8448 | lr 3.00e-04 | grad 0.84 | 32.9k tok/s | cert -8.97→-5.91 | ticks [7.153 5.735 5.434 5.414] | 209M tok | ETA 100.5h
Step  50970 | loss 5.9184 | lr 3.00e-04 | grad 0.98 | 32.7k tok/s | cert -8.24→-6.32 | ticks [6.751 6.566 5.781 5.757] | 209M tok | ETA 100.5h
Step  50980 | loss 5.8103 | lr 3.00e-04 | grad 0.99 | 33.0k tok/s | cert -7.18→-6.08 | ticks [6.939 6.598 5.916 5.888] | 209M tok | ETA 100.5h
Step  50990 | loss 5.8586 | lr 3.00e-04 | grad 0.79 | 33.0k tok/s | cert -8.90→-6.45 | ticks [7.066 6.366 6.036 6.009] | 209M tok | ETA 100.5h
Step  51000 | loss 5.7981 | lr 3.00e-04 | grad 0.74 | 32.8k tok/s | cert -7.98→-6.17 | ticks [6.735 6.475 5.696 5.670] | 209M tok | ETA 100.5h
Step  51010 | loss 5.7726 | lr 3.00e-04 | grad 2.03 | 32.8k tok/s | cert -8.58→-6.64 | ticks [6.827 6.197 5.914 5.894] | 209M tok | ETA 100.5h
Step  51020 | loss 5.8120 | lr 3.00e-04 | grad 1.09 | 33.1k tok/s | cert -9.33→-6.67 | ticks [7.775 6.697 6.085 6.065] | 209M tok | ETA 100.5h
Step  51030 | loss 5.7565 | lr 3.00e-04 | grad 0.90 | 32.5k tok/s | cert -8.01→-6.34 | ticks [6.713 6.467 5.846 5.814] | 209M tok | ETA 100.5h
Step  51040 | loss 5.8258 | lr 3.00e-04 | grad 0.83 | 32.7k tok/s | cert -8.04→-6.16 | ticks [6.795 6.287 5.764 5.722] | 209M tok | ETA 100.5h
Step  51050 | loss 5.9224 | lr 3.00e-04 | grad 0.88 | 32.9k tok/s | cert -7.51→-6.64 | ticks [6.997 6.901 6.076 6.037] | 209M tok | ETA 100.5h
Step  51060 | loss 5.8641 | lr 3.00e-04 | grad 0.72 | 32.8k tok/s | cert -7.36→-5.92 | ticks [6.475 5.862 5.477 5.445] | 209M tok | ETA 100.5h
Step  51070 | loss 5.8347 | lr 3.00e-04 | grad 0.75 | 32.9k tok/s | cert -7.79→-6.23 | ticks [6.695 6.302 5.789 5.755] | 209M tok | ETA 100.5h
Step  51080 | loss 5.7632 | lr 3.00e-04 | grad 0.94 | 32.7k tok/s | cert -8.25→-6.30 | ticks [6.751 6.148 5.671 5.638] | 209M tok | ETA 100.5h
Step  51090 | loss 5.8637 | lr 3.00e-04 | grad 0.78 | 32.3k tok/s | cert -8.04→-6.30 | ticks [6.697 6.279 5.611 5.582] | 209M tok | ETA 100.5h
Step  51100 | loss 5.9167 | lr 3.00e-04 | grad 1.05 | 32.3k tok/s | cert -9.25→-6.56 | ticks [6.963 6.618 5.934 5.915] | 209M tok | ETA 100.5h
Step  51110 | loss 5.8783 | lr 3.00e-04 | grad 2.56 | 32.8k tok/s | cert -8.04→-6.62 | ticks [6.909 6.162 5.719 5.697] | 209M tok | ETA 100.5h
Step  51120 | loss 5.8871 | lr 3.00e-04 | grad 0.95 | 32.9k tok/s | cert -6.37→-6.56 | ticks [7.675 6.290 6.076 6.051] | 209M tok | ETA 100.5h
Step  51130 | loss 5.7974 | lr 3.00e-04 | grad 1.22 | 33.1k tok/s | cert -8.30→-6.07 | ticks [6.934 5.813 5.436 5.410] | 209M tok | ETA 100.5h
Step  51140 | loss 5.8390 | lr 3.00e-04 | grad 0.87 | 32.8k tok/s | cert -8.70→-6.50 | ticks [6.961 6.345 6.002 5.978] | 209M tok | ETA 100.5h
Step  51150 | loss 5.9496 | lr 3.00e-04 | grad 1.03 | 32.8k tok/s | cert -7.75→-6.72 | ticks [7.133 6.953 5.966 5.936] | 210M tok | ETA 100.5h
Step  51160 | loss 6.2216 | lr 3.00e-04 | grad 0.99 | 32.8k tok/s | cert -7.71→-6.15 | ticks [7.360 6.587 5.958 5.934] | 210M tok | ETA 100.5h
Step  51170 | loss 5.9682 | lr 3.00e-04 | grad 0.97 | 32.6k tok/s | cert -7.89→-6.56 | ticks [7.069 6.350 6.048 6.026] | 210M tok | ETA 100.5h
Step  51180 | loss 5.9159 | lr 3.00e-04 | grad 0.74 | 32.5k tok/s | cert -8.12→-6.21 | ticks [6.861 6.376 5.867 5.836] | 210M tok | ETA 100.5h
Step  51190 | loss 5.8633 | lr 3.00e-04 | grad 0.78 | 32.6k tok/s | cert -8.24→-6.38 | ticks [7.266 6.402 5.854 5.825] | 210M tok | ETA 100.5h
Step  51200 | loss 5.9971 | lr 3.00e-04 | grad 0.91 | 32.7k tok/s | cert -8.36→-6.25 | ticks [6.946 6.298 5.762 5.728] | 210M tok | ETA 100.5h
Step  51210 | loss 5.9309 | lr 3.00e-04 | grad 1.08 | 32.8k tok/s | cert -8.50→-6.40 | ticks [7.001 6.274 5.948 5.920] | 210M tok | ETA 100.5h
Step  51220 | loss 5.9329 | lr 3.00e-04 | grad 0.73 | 32.6k tok/s | cert -9.00→-6.49 | ticks [6.962 6.468 6.056 6.035] | 210M tok | ETA 100.5h
Step  51230 | loss 5.9463 | lr 3.00e-04 | grad 0.77 | 32.5k tok/s | cert -7.58→-6.45 | ticks [7.261 6.470 5.960 5.940] | 210M tok | ETA 100.5h
Step  51240 | loss 5.7898 | lr 3.00e-04 | grad 0.85 | 32.7k tok/s | cert -8.03→-6.54 | ticks [7.169 6.485 6.126 6.104] | 210M tok | ETA 100.5h
Step  51250 | loss 5.9599 | lr 3.00e-04 | grad 1.15 | 32.9k tok/s | cert -8.68→-6.11 | ticks [6.865 6.542 5.924 5.901] | 210M tok | ETA 100.5h
Step  51260 | loss 5.7494 | lr 3.00e-04 | grad 0.98 | 32.9k tok/s | cert -8.05→-6.32 | ticks [6.839 6.341 5.874 5.851] | 210M tok | ETA 100.5h
Step  51270 | loss 5.8267 | lr 3.00e-04 | grad 0.79 | 32.4k tok/s | cert -7.73→-6.34 | ticks [6.740 6.849 5.721 5.694] | 210M tok | ETA 100.5h
Step  51280 | loss 5.9006 | lr 3.00e-04 | grad 0.75 | 32.9k tok/s | cert -7.88→-6.61 | ticks [7.089 6.592 6.173 6.141] | 210M tok | ETA 100.5h
Step  51290 | loss 5.8958 | lr 3.00e-04 | grad 1.08 | 32.8k tok/s | cert -8.49→-6.92 | ticks [7.328 6.620 6.329 6.310] | 210M tok | ETA 100.5h
Step  51300 | loss 5.6971 | lr 3.00e-04 | grad 0.84 | 32.7k tok/s | cert -8.29→-6.22 | ticks [6.917 6.140 5.719 5.696] | 210M tok | ETA 100.5h
Step  51310 | loss 5.9330 | lr 3.00e-04 | grad 0.79 | 32.8k tok/s | cert -8.38→-6.33 | ticks [6.874 6.249 5.819 5.790] | 210M tok | ETA 100.5h
Step  51320 | loss 5.8341 | lr 3.00e-04 | grad 0.73 | 33.0k tok/s | cert -8.29→-6.49 | ticks [7.022 6.734 6.025 6.002] | 210M tok | ETA 100.5h
Step  51330 | loss 5.8401 | lr 3.00e-04 | grad 1.26 | 32.6k tok/s | cert -8.75→-6.65 | ticks [7.134 6.396 5.927 5.893] | 210M tok | ETA 100.5h
Step  51340 | loss 5.8593 | lr 3.00e-04 | grad 1.00 | 32.6k tok/s | cert -6.41→-6.39 | ticks [6.940 6.693 5.777 5.754] | 210M tok | ETA 100.5h
Step  51350 | loss 5.6873 | lr 3.00e-04 | grad 0.83 | 32.2k tok/s | cert -8.09→-6.81 | ticks [7.226 6.797 6.278 6.242] | 210M tok | ETA 100.5h
Step  51360 | loss 5.9637 | lr 3.00e-04 | grad 0.73 | 33.1k tok/s | cert -7.51→-6.27 | ticks [6.741 6.601 5.949 5.916] | 210M tok | ETA 100.5h
Step  51370 | loss 5.8205 | lr 3.00e-04 | grad 1.07 | 32.6k tok/s | cert -8.08→-6.67 | ticks [7.098 6.631 6.135 6.109] | 210M tok | ETA 100.5h
Step  51380 | loss 5.6859 | lr 3.00e-04 | grad 1.21 | 32.7k tok/s | cert -7.83→-6.63 | ticks [7.058 6.350 6.087 6.063] | 210M tok | ETA 100.5h
Step  51390 | loss 5.8688 | lr 3.00e-04 | grad 1.25 | 32.9k tok/s | cert -8.56→-6.50 | ticks [6.899 6.643 5.994 5.968] | 210M tok | ETA 100.5h
Step  51400 | loss 5.8944 | lr 3.00e-04 | grad 0.77 | 32.9k tok/s | cert -8.13→-6.41 | ticks [6.762 6.422 5.949 5.921] | 211M tok | ETA 100.5h
Step  51410 | loss 5.8568 | lr 3.00e-04 | grad 1.26 | 32.8k tok/s | cert -8.01→-6.44 | ticks [6.466 6.113 5.661 5.646] | 211M tok | ETA 100.5h
Step  51420 | loss 5.6613 | lr 3.00e-04 | grad 0.89 | 32.9k tok/s | cert -6.69→-6.31 | ticks [6.971 6.598 5.747 5.725] | 211M tok | ETA 100.5h
Step  51430 | loss 5.7897 | lr 3.00e-04 | grad 0.75 | 32.8k tok/s | cert -8.17→-6.29 | ticks [6.610 6.436 5.880 5.854] | 211M tok | ETA 100.5h
Step  51440 | loss 5.7849 | lr 3.00e-04 | grad 0.84 | 32.6k tok/s | cert -7.09→-6.33 | ticks [7.018 6.502 5.799 5.760] | 211M tok | ETA 100.5h
Step  51450 | loss 5.8800 | lr 3.00e-04 | grad 0.75 | 32.9k tok/s | cert -7.98→-6.37 | ticks [6.879 6.733 5.919 5.891] | 211M tok | ETA 100.5h
Step  51460 | loss 6.0880 | lr 3.00e-04 | grad 0.88 | 32.7k tok/s | cert -8.77→-6.46 | ticks [6.754 6.683 5.962 5.931] | 211M tok | ETA 100.5h
Step  51470 | loss 5.8507 | lr 3.00e-04 | grad 0.89 | 33.0k tok/s | cert -6.93→-5.96 | ticks [6.811 6.104 5.597 5.564] | 211M tok | ETA 100.5h
Step  51480 | loss 5.8681 | lr 3.00e-04 | grad 1.16 | 32.7k tok/s | cert -8.72→-6.12 | ticks [6.784 6.240 5.944 5.920] | 211M tok | ETA 100.5h
Step  51490 | loss 5.7499 | lr 3.00e-04 | grad 0.78 | 32.8k tok/s | cert -8.31→-5.97 | ticks [6.729 6.014 5.608 5.586] | 211M tok | ETA 100.5h
Step  51500 | loss 5.8846 | lr 3.00e-04 | grad 1.06 | 32.5k tok/s | cert -8.60→-6.47 | ticks [6.892 6.692 5.969 5.932] | 211M tok | ETA 100.5h
Step  51510 | loss 5.8616 | lr 3.00e-04 | grad 0.70 | 32.6k tok/s | cert -8.12→-5.89 | ticks [6.312 5.770 5.337 5.304] | 211M tok | ETA 100.5h
Step  51520 | loss 5.7060 | lr 3.00e-04 | grad 0.71 | 33.0k tok/s | cert -6.06→-5.99 | ticks [7.076 6.000 5.639 5.605] | 211M tok | ETA 100.5h
Step  51530 | loss 5.9477 | lr 3.00e-04 | grad 0.86 | 32.9k tok/s | cert -8.59→-6.68 | ticks [6.958 6.661 6.035 6.010] | 211M tok | ETA 100.5h
Step  51540 | loss 6.0526 | lr 3.00e-04 | grad 1.08 | 32.6k tok/s | cert -8.66→-6.59 | ticks [7.325 6.636 6.376 6.353] | 211M tok | ETA 100.5h
Step  51550 | loss 5.8587 | lr 3.00e-04 | grad 0.98 | 32.9k tok/s | cert -8.24→-6.54 | ticks [6.838 6.402 5.951 5.930] | 211M tok | ETA 100.5h
Step  51560 | loss 5.8422 | lr 3.00e-04 | grad 0.72 | 32.7k tok/s | cert -8.09→-6.25 | ticks [6.733 6.239 5.711 5.684] | 211M tok | ETA 100.5h
Step  51570 | loss 5.7545 | lr 3.00e-04 | grad 0.78 | 32.6k tok/s | cert -7.44→-6.49 | ticks [6.936 6.408 5.996 5.969] | 211M tok | ETA 100.5h
Step  51580 | loss 5.7380 | lr 3.00e-04 | grad 1.06 | 32.9k tok/s | cert -8.01→-6.43 | ticks [6.372 6.515 5.666 5.639] | 211M tok | ETA 100.5h
Step  51590 | loss 5.6923 | lr 3.00e-04 | grad 1.09 | 32.8k tok/s | cert -8.10→-6.41 | ticks [6.832 6.406 5.908 5.881] | 211M tok | ETA 100.5h
Step  51600 | loss 5.7472 | lr 3.00e-04 | grad 1.15 | 33.0k tok/s | cert -8.38→-5.67 | ticks [6.341 6.055 5.511 5.480] | 211M tok | ETA 100.5h
Step  51610 | loss 5.8040 | lr 3.00e-04 | grad 0.88 | 32.8k tok/s | cert -6.49→-6.38 | ticks [7.311 6.359 5.988 5.952] | 211M tok | ETA 100.5h
Step  51620 | loss 5.7905 | lr 3.00e-04 | grad 1.96 | 32.9k tok/s | cert -7.93→-7.05 | ticks [7.228 7.853 6.262 6.246] | 211M tok | ETA 100.5h
Step  51630 | loss 5.8403 | lr 3.00e-04 | grad 0.88 | 32.9k tok/s | cert -7.11→-6.31 | ticks [7.260 6.415 5.881 5.861] | 211M tok | ETA 100.5h
Step  51640 | loss 5.9256 | lr 3.00e-04 | grad 1.27 | 33.0k tok/s | cert -8.19→-6.59 | ticks [7.049 6.518 6.046 6.023] | 212M tok | ETA 100.5h
Step  51650 | loss 5.8468 | lr 3.00e-04 | grad 1.26 | 32.7k tok/s | cert -6.55→-7.04 | ticks [7.292 6.748 6.008 5.981] | 212M tok | ETA 100.5h
Step  51660 | loss 5.8146 | lr 3.00e-04 | grad 0.81 | 32.7k tok/s | cert -7.65→-6.19 | ticks [6.813 6.444 5.671 5.643] | 212M tok | ETA 100.5h
Step  51670 | loss 5.7743 | lr 3.00e-04 | grad 0.75 | 32.4k tok/s | cert -7.78→-6.13 | ticks [6.837 5.959 5.700 5.669] | 212M tok | ETA 100.5h
Step  51680 | loss 5.8491 | lr 3.00e-04 | grad 0.96 | 32.7k tok/s | cert -8.29→-6.29 | ticks [6.703 6.147 5.822 5.791] | 212M tok | ETA 100.4h
Step  51690 | loss 5.8611 | lr 3.00e-04 | grad 0.87 | 32.6k tok/s | cert -7.42→-6.34 | ticks [6.864 6.107 5.904 5.881] | 212M tok | ETA 100.4h
Step  51700 | loss 5.7509 | lr 3.00e-04 | grad 0.74 | 32.7k tok/s | cert -7.90→-6.23 | ticks [6.651 6.244 5.638 5.610] | 212M tok | ETA 100.4h
Step  51710 | loss 5.8608 | lr 3.00e-04 | grad 0.83 | 32.9k tok/s | cert -7.90→-6.35 | ticks [6.874 6.353 5.942 5.908] | 212M tok | ETA 100.4h
Step  51720 | loss 5.8902 | lr 3.00e-04 | grad 0.71 | 32.7k tok/s | cert -6.87→-6.34 | ticks [7.117 6.663 5.975 5.950] | 212M tok | ETA 100.4h
Step  51730 | loss 5.9709 | lr 3.00e-04 | grad 1.86 | 32.9k tok/s | cert -8.53→-6.69 | ticks [6.710 6.531 5.870 5.845] | 212M tok | ETA 100.4h
Step  51740 | loss 5.9674 | lr 3.00e-04 | grad 1.16 | 32.9k tok/s | cert -7.18→-6.45 | ticks [7.104 6.179 5.859 5.829] | 212M tok | ETA 100.4h
Step  51750 | loss 5.8896 | lr 3.00e-04 | grad 0.81 | 32.7k tok/s | cert -7.79→-6.17 | ticks [7.093 6.498 5.902 5.876] | 212M tok | ETA 100.4h
Step  51760 | loss 5.8137 | lr 3.00e-04 | grad 0.94 | 32.6k tok/s | cert -7.74→-6.27 | ticks [7.031 6.341 5.899 5.872] | 212M tok | ETA 100.4h
Step  51770 | loss 5.7281 | lr 3.00e-04 | grad 0.80 | 33.0k tok/s | cert -7.96→-6.31 | ticks [6.910 6.243 5.874 5.849] | 212M tok | ETA 100.4h
Step  51780 | loss 5.7765 | lr 3.00e-04 | grad 0.77 | 32.6k tok/s | cert -8.14→-6.27 | ticks [6.855 6.495 5.969 5.939] | 212M tok | ETA 100.4h
Step  51790 | loss 5.8895 | lr 3.00e-04 | grad 0.73 | 33.2k tok/s | cert -8.17→-6.32 | ticks [6.595 6.332 5.868 5.841] | 212M tok | ETA 100.4h
Step  51800 | loss 5.8147 | lr 3.00e-04 | grad 0.73 | 32.7k tok/s | cert -7.53→-6.20 | ticks [6.799 6.419 5.882 5.854] | 212M tok | ETA 100.4h
Step  51810 | loss 5.8992 | lr 3.00e-04 | grad 0.96 | 32.8k tok/s | cert -7.65→-6.00 | ticks [6.827 6.157 5.859 5.831] | 212M tok | ETA 100.4h
Step  51820 | loss 5.7699 | lr 3.00e-04 | grad 0.74 | 33.1k tok/s | cert -7.71→-6.33 | ticks [6.929 6.297 5.867 5.838] | 212M tok | ETA 100.4h
Step  51830 | loss 5.8588 | lr 3.00e-04 | grad 0.84 | 32.9k tok/s | cert -8.03→-6.18 | ticks [6.647 6.575 5.940 5.917] | 212M tok | ETA 100.4h
Step  51840 | loss 5.8307 | lr 3.00e-04 | grad 0.98 | 33.2k tok/s | cert -8.34→-6.15 | ticks [6.766 6.352 5.869 5.841] | 212M tok | ETA 100.4h
Step  51850 | loss 5.8239 | lr 3.00e-04 | grad 0.79 | 32.8k tok/s | cert -7.51→-5.97 | ticks [6.676 6.052 5.635 5.604] | 212M tok | ETA 100.4h
Step  51860 | loss 5.8621 | lr 3.00e-04 | grad 0.71 | 32.8k tok/s | cert -6.71→-6.16 | ticks [7.118 6.129 5.647 5.616] | 212M tok | ETA 100.4h
Step  51870 | loss 5.9115 | lr 3.00e-04 | grad 1.85 | 32.8k tok/s | cert -7.73→-6.86 | ticks [6.977 6.553 6.017 5.996] | 212M tok | ETA 100.4h
Step  51880 | loss 5.7948 | lr 3.00e-04 | grad 1.54 | 32.8k tok/s | cert -7.22→-6.31 | ticks [6.441 6.635 5.523 5.499] | 213M tok | ETA 100.4h
Step  51890 | loss 5.8712 | lr 3.00e-04 | grad 0.79 | 32.8k tok/s | cert -8.64→-6.14 | ticks [6.486 6.056 5.597 5.575] | 213M tok | ETA 100.4h
Step  51900 | loss 5.8907 | lr 3.00e-04 | grad 1.59 | 33.1k tok/s | cert -8.69→-6.98 | ticks [7.241 6.838 6.280 6.267] | 213M tok | ETA 100.4h
Step  51910 | loss 5.9334 | lr 3.00e-04 | grad 1.30 | 32.8k tok/s | cert -5.85→-6.65 | ticks [7.660 6.458 5.974 5.957] | 213M tok | ETA 100.4h
Step  51920 | loss 5.7941 | lr 3.00e-04 | grad 1.47 | 32.8k tok/s | cert -8.05→-6.63 | ticks [6.915 6.402 5.891 5.869] | 213M tok | ETA 100.4h
Step  51930 | loss 6.0503 | lr 3.00e-04 | grad 0.89 | 32.8k tok/s | cert -8.50→-6.51 | ticks [6.904 6.763 6.113 6.087] | 213M tok | ETA 100.4h
Step  51940 | loss 5.8479 | lr 3.00e-04 | grad 1.92 | 32.8k tok/s | cert -9.17→-7.38 | ticks [7.208 7.436 6.386 6.362] | 213M tok | ETA 100.4h
Step  51950 | loss 5.9378 | lr 3.00e-04 | grad 0.90 | 32.4k tok/s | cert -8.38→-6.60 | ticks [6.942 6.729 6.184 6.152] | 213M tok | ETA 100.4h
Step  51960 | loss 5.9365 | lr 3.00e-04 | grad 0.79 | 32.7k tok/s | cert -8.43→-6.33 | ticks [6.842 6.419 5.787 5.750] | 213M tok | ETA 100.4h
Step  51970 | loss 5.8685 | lr 3.00e-04 | grad 0.73 | 32.8k tok/s | cert -7.90→-6.07 | ticks [6.612 6.374 5.692 5.668] | 213M tok | ETA 100.4h
Step  51980 | loss 5.7232 | lr 3.00e-04 | grad 1.48 | 32.8k tok/s | cert -8.01→-6.70 | ticks [7.033 6.602 5.995 5.968] | 213M tok | ETA 100.4h
Step  51990 | loss 5.9322 | lr 3.00e-04 | grad 1.68 | 33.0k tok/s | cert -4.01→-7.25 | ticks [8.647 7.244 6.439 6.393] | 213M tok | ETA 100.4h
Step  52000 | loss 5.9525 | lr 3.00e-04 | grad 1.34 | 33.0k tok/s | cert -7.93→-6.20 | ticks [7.069 6.531 6.107 6.063] | 213M tok | ETA 100.4h
Step  52010 | loss 5.9514 | lr 3.00e-04 | grad 0.95 | 32.9k tok/s | cert -8.11→-5.91 | ticks [7.041 6.571 5.832 5.802] | 213M tok | ETA 100.4h
Step  52020 | loss 5.8118 | lr 3.00e-04 | grad 1.07 | 32.6k tok/s | cert -8.43→-6.40 | ticks [6.740 6.133 5.800 5.780] | 213M tok | ETA 100.4h
Step  52030 | loss 5.6724 | lr 3.00e-04 | grad 0.75 | 33.2k tok/s | cert -8.32→-6.43 | ticks [6.890 6.570 6.064 6.046] | 213M tok | ETA 100.4h
Step  52040 | loss 5.9725 | lr 3.00e-04 | grad 1.10 | 32.9k tok/s | cert -8.35→-6.67 | ticks [6.794 6.357 6.034 6.008] | 213M tok | ETA 100.4h
Step  52050 | loss 5.7149 | lr 3.00e-04 | grad 0.84 | 32.9k tok/s | cert -8.46→-6.55 | ticks [6.738 6.715 6.003 5.974] | 213M tok | ETA 100.4h
Step  52060 | loss 5.8316 | lr 3.00e-04 | grad 0.85 | 32.6k tok/s | cert -7.32→-5.90 | ticks [6.754 6.236 5.751 5.715] | 213M tok | ETA 100.4h
Step  52070 | loss 5.7756 | lr 3.00e-04 | grad 0.87 | 32.6k tok/s | cert -8.51→-6.31 | ticks [7.051 6.399 5.787 5.752] | 213M tok | ETA 100.4h
Step  52080 | loss 5.6743 | lr 3.00e-04 | grad 0.89 | 32.7k tok/s | cert -7.45→-6.05 | ticks [6.962 6.222 5.805 5.766] | 213M tok | ETA 100.4h
Step  52090 | loss 5.8438 | lr 3.00e-04 | grad 1.03 | 32.8k tok/s | cert -8.31→-6.58 | ticks [7.002 6.570 6.118 6.096] | 213M tok | ETA 100.4h
Step  52100 | loss 5.7414 | lr 3.00e-04 | grad 1.15 | 32.9k tok/s | cert -7.16→-6.26 | ticks [6.976 6.424 6.040 6.002] | 213M tok | ETA 100.4h
Step  52110 | loss 5.7582 | lr 3.00e-04 | grad 1.08 | 32.4k tok/s | cert -7.11→-6.19 | ticks [6.975 6.215 5.984 5.932] | 213M tok | ETA 100.4h
Step  52120 | loss 5.8230 | lr 3.00e-04 | grad 0.83 | 32.9k tok/s | cert -7.28→-6.30 | ticks [6.774 6.313 5.816 5.784] | 213M tok | ETA 100.4h
Step  52130 | loss 5.8439 | lr 3.00e-04 | grad 1.10 | 32.9k tok/s | cert -8.90→-6.91 | ticks [6.911 7.151 6.225 6.204] | 214M tok | ETA 100.4h
Step  52140 | loss 5.9930 | lr 3.00e-04 | grad 0.92 | 33.1k tok/s | cert -7.99→-6.05 | ticks [6.519 6.326 5.841 5.816] | 214M tok | ETA 100.4h
Step  52150 | loss 5.8632 | lr 3.00e-04 | grad 0.73 | 32.4k tok/s | cert -7.05→-6.35 | ticks [7.254 6.505 6.045 6.013] | 214M tok | ETA 100.4h
Step  52160 | loss 5.9915 | lr 3.00e-04 | grad 0.96 | 33.0k tok/s | cert -7.38→-6.00 | ticks [7.017 6.228 5.802 5.779] | 214M tok | ETA 100.4h
Step  52170 | loss 5.8559 | lr 3.00e-04 | grad 0.79 | 32.3k tok/s | cert -7.95→-6.41 | ticks [6.975 6.725 5.982 5.964] | 214M tok | ETA 100.4h
Step  52180 | loss 5.9613 | lr 3.00e-04 | grad 1.04 | 32.9k tok/s | cert -7.16→-6.46 | ticks [6.769 6.370 5.650 5.618] | 214M tok | ETA 100.4h
Step  52190 | loss 5.8237 | lr 3.00e-04 | grad 0.88 | 32.7k tok/s | cert -8.50→-6.31 | ticks [6.934 6.456 5.978 5.953] | 214M tok | ETA 100.4h
Step  52200 | loss 5.9489 | lr 3.00e-04 | grad 0.86 | 32.8k tok/s | cert -8.62→-6.14 | ticks [6.954 6.248 5.846 5.822] | 214M tok | ETA 100.4h
Step  52210 | loss 6.2977 | lr 3.00e-04 | grad 1.07 | 32.7k tok/s | cert -8.34→-6.32 | ticks [6.787 6.315 5.798 5.751] | 214M tok | ETA 100.4h
Step  52220 | loss 5.8450 | lr 3.00e-04 | grad 1.30 | 32.8k tok/s | cert -7.91→-6.67 | ticks [7.014 6.481 6.022 5.990] | 214M tok | ETA 100.4h
Step  52230 | loss 5.9231 | lr 3.00e-04 | grad 1.72 | 32.9k tok/s | cert -8.35→-6.85 | ticks [7.230 7.170 6.457 6.417] | 214M tok | ETA 100.4h
Step  52240 | loss 5.8095 | lr 3.00e-04 | grad 1.39 | 32.5k tok/s | cert -7.99→-5.86 | ticks [6.616 6.038 5.867 5.841] | 214M tok | ETA 100.4h
Step  52250 | loss 5.9125 | lr 3.00e-04 | grad 1.05 | 32.7k tok/s | cert -8.02→-6.17 | ticks [6.763 6.425 5.993 5.973] | 214M tok | ETA 100.4h
Step  52260 | loss 5.8750 | lr 3.00e-04 | grad 0.85 | 32.4k tok/s | cert -8.39→-6.27 | ticks [7.018 6.334 6.082 6.054] | 214M tok | ETA 100.4h
Step  52270 | loss 5.9500 | lr 3.00e-04 | grad 0.86 | 32.6k tok/s | cert -7.69→-6.25 | ticks [7.020 6.179 5.932 5.904] | 214M tok | ETA 100.4h
Step  52280 | loss 5.8231 | lr 3.00e-04 | grad 1.52 | 32.9k tok/s | cert -8.11→-6.54 | ticks [6.975 6.883 6.065 6.024] | 214M tok | ETA 100.4h
Step  52290 | loss 5.8273 | lr 3.00e-04 | grad 1.08 | 32.5k tok/s | cert -7.56→-6.08 | ticks [6.903 6.773 5.877 5.837] | 214M tok | ETA 100.4h
Step  52300 | loss 5.9517 | lr 3.00e-04 | grad 0.82 | 32.8k tok/s | cert -7.92→-5.85 | ticks [6.802 6.106 5.695 5.667] | 214M tok | ETA 100.4h
Step  52310 | loss 5.7365 | lr 3.00e-04 | grad 0.78 | 32.8k tok/s | cert -7.51→-5.98 | ticks [6.641 6.202 5.593 5.563] | 214M tok | ETA 100.4h
Step  52320 | loss 5.9725 | lr 3.00e-04 | grad 0.81 | 32.7k tok/s | cert -8.36→-5.98 | ticks [6.543 6.217 5.647 5.620] | 214M tok | ETA 100.4h
Step  52330 | loss 5.7707 | lr 3.00e-04 | grad 1.27 | 32.4k tok/s | cert -8.08→-6.29 | ticks [6.617 6.719 5.728 5.712] | 214M tok | ETA 100.4h
Step  52340 | loss 5.7540 | lr 3.00e-04 | grad 0.85 | 32.8k tok/s | cert -7.80→-5.94 | ticks [6.464 6.625 5.395 5.360] | 214M tok | ETA 100.4h
Step  52350 | loss 5.8120 | lr 3.00e-04 | grad 0.74 | 32.7k tok/s | cert -7.60→-5.89 | ticks [6.655 5.831 5.630 5.610] | 214M tok | ETA 100.4h
Step  52360 | loss 5.9316 | lr 3.00e-04 | grad 1.59 | 32.4k tok/s | cert -7.24→-6.38 | ticks [6.770 6.396 6.103 6.078] | 214M tok | ETA 100.4h
Step  52370 | loss 5.8685 | lr 3.00e-04 | grad 0.76 | 32.7k tok/s | cert -8.01→-6.32 | ticks [6.930 6.606 5.983 5.960] | 215M tok | ETA 100.4h
Step  52380 | loss 6.0023 | lr 3.00e-04 | grad 0.98 | 33.0k tok/s | cert -7.78→-6.35 | ticks [6.722 6.495 5.786 5.760] | 215M tok | ETA 100.4h
Step  52390 | loss 5.7127 | lr 3.00e-04 | grad 1.12 | 32.8k tok/s | cert -7.92→-5.90 | ticks [6.330 6.098 5.353 5.329] | 215M tok | ETA 100.4h
Step  52400 | loss 5.7552 | lr 3.00e-04 | grad 0.75 | 32.6k tok/s | cert -6.88→-6.09 | ticks [7.037 6.048 5.765 5.747] | 215M tok | ETA 100.4h
Step  52410 | loss 5.8257 | lr 3.00e-04 | grad 0.80 | 32.7k tok/s | cert -8.76→-6.41 | ticks [6.808 7.004 5.868 5.840] | 215M tok | ETA 100.4h
Step  52420 | loss 5.8736 | lr 3.00e-04 | grad 0.82 | 32.7k tok/s | cert -6.58→-6.46 | ticks [7.250 6.493 5.864 5.831] | 215M tok | ETA 100.4h
Step  52430 | loss 5.8252 | lr 3.00e-04 | grad 0.76 | 32.8k tok/s | cert -6.84→-6.26 | ticks [7.130 7.022 5.849 5.830] | 215M tok | ETA 100.4h
Step  52440 | loss 5.8667 | lr 3.00e-04 | grad 0.84 | 32.9k tok/s | cert -8.19→-6.08 | ticks [6.693 6.076 5.775 5.742] | 215M tok | ETA 100.4h
Step  52450 | loss 5.8952 | lr 3.00e-04 | grad 0.92 | 32.6k tok/s | cert -7.67→-6.19 | ticks [6.788 6.059 5.830 5.802] | 215M tok | ETA 100.4h
Step  52460 | loss 5.7231 | lr 3.00e-04 | grad 1.00 | 32.5k tok/s | cert -6.86→-6.04 | ticks [6.935 6.107 5.851 5.825] | 215M tok | ETA 100.4h
Step  52470 | loss 5.6663 | lr 3.00e-04 | grad 0.81 | 32.8k tok/s | cert -7.69→-6.18 | ticks [6.658 6.458 5.624 5.589] | 215M tok | ETA 100.4h
Step  52480 | loss 5.7655 | lr 3.00e-04 | grad 1.14 | 32.7k tok/s | cert -5.30→-6.02 | ticks [7.509 5.902 5.336 5.307] | 215M tok | ETA 100.4h
Step  52490 | loss 5.5439 | lr 3.00e-04 | grad 0.82 | 33.0k tok/s | cert -8.26→-6.31 | ticks [6.784 6.484 5.825 5.796] | 215M tok | ETA 100.4h
Step  52500 | loss 5.8434 | lr 3.00e-04 | grad 0.89 | 32.8k tok/s | cert -8.35→-6.30 | ticks [6.589 6.085 5.711 5.688] | 215M tok | ETA 100.4h
Step  52510 | loss 5.9881 | lr 3.00e-04 | grad 0.74 | 32.7k tok/s | cert -8.11→-5.97 | ticks [6.810 6.030 5.620 5.583] | 215M tok | ETA 100.4h
Step  52520 | loss 6.0507 | lr 3.00e-04 | grad 0.84 | 32.8k tok/s | cert -7.92→-6.21 | ticks [6.934 6.036 5.744 5.716] | 215M tok | ETA 100.4h
Step  52530 | loss 5.8509 | lr 3.00e-04 | grad 0.97 | 32.7k tok/s | cert -7.08→-6.15 | ticks [6.817 6.450 5.645 5.624] | 215M tok | ETA 100.4h
Step  52540 | loss 5.8275 | lr 3.00e-04 | grad 0.72 | 32.6k tok/s | cert -7.66→-6.12 | ticks [6.995 6.409 5.766 5.738] | 215M tok | ETA 100.4h
Step  52550 | loss 5.8807 | lr 3.00e-04 | grad 0.86 | 32.8k tok/s | cert -8.72→-6.25 | ticks [6.975 6.455 5.966 5.939] | 215M tok | ETA 100.4h
Step  52560 | loss 5.7449 | lr 3.00e-04 | grad 0.83 | 33.1k tok/s | cert -7.01→-6.30 | ticks [7.067 6.378 6.020 5.984] | 215M tok | ETA 100.4h
Step  52570 | loss 5.9216 | lr 3.00e-04 | grad 1.96 | 32.8k tok/s | cert -7.19→-6.86 | ticks [7.033 7.345 5.862 5.836] | 215M tok | ETA 100.4h
Step  52580 | loss 5.9044 | lr 3.00e-04 | grad 1.09 | 32.5k tok/s | cert -7.52→-6.18 | ticks [6.797 6.148 5.907 5.875] | 215M tok | ETA 100.4h
Step  52590 | loss 5.7953 | lr 3.00e-04 | grad 0.72 | 32.7k tok/s | cert -7.70→-6.31 | ticks [6.736 6.295 5.911 5.880] | 215M tok | ETA 100.4h
Step  52600 | loss 5.8348 | lr 3.00e-04 | grad 0.84 | 32.9k tok/s | cert -8.36→-6.26 | ticks [6.930 6.276 5.972 5.949] | 215M tok | ETA 100.4h
Step  52610 | loss 5.7944 | lr 3.00e-04 | grad 0.88 | 32.6k tok/s | cert -6.78→-6.26 | ticks [7.292 6.307 5.848 5.815] | 215M tok | ETA 100.4h
Step  52620 | loss 5.8401 | lr 3.00e-04 | grad 0.71 | 32.8k tok/s | cert -8.11→-6.26 | ticks [6.908 6.216 5.869 5.840] | 216M tok | ETA 100.4h
Step  52630 | loss 5.8106 | lr 3.00e-04 | grad 0.81 | 32.5k tok/s | cert -8.55→-6.18 | ticks [6.764 6.193 5.655 5.623] | 216M tok | ETA 100.4h
Step  52640 | loss 5.7949 | lr 3.00e-04 | grad 0.75 | 32.5k tok/s | cert -7.07→-5.97 | ticks [6.757 5.924 5.563 5.536] | 216M tok | ETA 100.4h
Step  52650 | loss 5.7573 | lr 3.00e-04 | grad 0.80 | 33.0k tok/s | cert -8.30→-6.15 | ticks [6.964 6.151 5.643 5.616] | 216M tok | ETA 100.4h
Step  52660 | loss 5.7847 | lr 3.00e-04 | grad 0.96 | 32.8k tok/s | cert -7.43→-5.97 | ticks [7.028 6.135 5.766 5.744] | 216M tok | ETA 100.4h
Step  52670 | loss 5.7942 | lr 3.00e-04 | grad 0.82 | 32.4k tok/s | cert -7.99→-6.51 | ticks [6.984 6.472 6.164 6.140] | 216M tok | ETA 100.4h
Step  52680 | loss 5.8725 | lr 3.00e-04 | grad 1.52 | 32.6k tok/s | cert -6.42→-6.24 | ticks [7.011 6.318 5.915 5.884] | 216M tok | ETA 100.4h
Step  52690 | loss 5.7938 | lr 3.00e-04 | grad 0.96 | 32.9k tok/s | cert -6.69→-6.25 | ticks [7.030 6.062 5.853 5.820] | 216M tok | ETA 100.4h
Step  52700 | loss 5.7414 | lr 3.00e-04 | grad 1.10 | 32.6k tok/s | cert -3.26→-6.55 | ticks [8.308 6.187 5.975 5.956] | 216M tok | ETA 100.4h
Step  52710 | loss 5.7915 | lr 3.00e-04 | grad 0.75 | 32.9k tok/s | cert -7.00→-6.41 | ticks [7.150 6.464 6.104 6.083] | 216M tok | ETA 100.4h
Step  52720 | loss 5.7834 | lr 3.00e-04 | grad 1.01 | 33.1k tok/s | cert -7.40→-6.00 | ticks [6.657 6.444 5.801 5.772] | 216M tok | ETA 100.4h
Step  52730 | loss 5.8182 | lr 3.00e-04 | grad 1.31 | 32.9k tok/s | cert -8.65→-6.43 | ticks [6.875 6.103 5.815 5.789] | 216M tok | ETA 100.4h
Step  52740 | loss 6.2473 | lr 3.00e-04 | grad 1.08 | 32.9k tok/s | cert -7.70→-5.99 | ticks [6.804 6.328 5.776 5.749] | 216M tok | ETA 100.4h
Step  52750 | loss 5.7310 | lr 3.00e-04 | grad 1.06 | 32.7k tok/s | cert -8.32→-5.64 | ticks [6.308 6.250 5.459 5.428] | 216M tok | ETA 100.4h
Step  52760 | loss 5.7709 | lr 3.00e-04 | grad 1.08 | 32.8k tok/s | cert -8.87→-6.23 | ticks [7.056 6.355 6.013 5.989] | 216M tok | ETA 100.3h
Step  52770 | loss 5.9097 | lr 3.00e-04 | grad 0.80 | 32.6k tok/s | cert -8.37→-6.27 | ticks [6.774 6.213 5.834 5.815] | 216M tok | ETA 100.3h
Step  52780 | loss 5.9060 | lr 3.00e-04 | grad 1.22 | 33.0k tok/s | cert -8.26→-6.57 | ticks [6.963 6.963 6.073 6.047] | 216M tok | ETA 100.3h
Step  52790 | loss 5.7811 | lr 3.00e-04 | grad 1.27 | 32.6k tok/s | cert -6.74→-6.46 | ticks [7.364 6.847 6.011 5.986] | 216M tok | ETA 100.3h
Step  52800 | loss 5.7816 | lr 3.00e-04 | grad 1.00 | 32.5k tok/s | cert -8.31→-6.27 | ticks [6.645 6.278 5.692 5.658] | 216M tok | ETA 100.3h
Step  52810 | loss 5.7855 | lr 3.00e-04 | grad 0.72 | 32.8k tok/s | cert -8.31→-6.33 | ticks [6.831 6.524 5.940 5.912] | 216M tok | ETA 100.3h
Step  52820 | loss 5.8251 | lr 3.00e-04 | grad 0.74 | 32.9k tok/s | cert -7.96→-5.98 | ticks [6.749 6.148 5.725 5.692] | 216M tok | ETA 100.3h
Step  52830 | loss 5.9305 | lr 3.00e-04 | grad 1.18 | 32.9k tok/s | cert -7.33→-6.00 | ticks [6.792 6.050 5.898 5.866] | 216M tok | ETA 100.3h
Step  52840 | loss 5.9506 | lr 3.00e-04 | grad 1.48 | 32.4k tok/s | cert -9.12→-7.08 | ticks [7.581 6.903 6.631 6.612] | 216M tok | ETA 100.3h
Step  52850 | loss 5.9264 | lr 3.00e-04 | grad 1.06 | 32.5k tok/s | cert -6.02→-6.80 | ticks [7.355 6.967 6.013 5.969] | 216M tok | ETA 100.3h
Step  52860 | loss 5.7549 | lr 3.00e-04 | grad 0.80 | 32.8k tok/s | cert -8.39→-6.43 | ticks [6.754 6.543 5.851 5.833] | 217M tok | ETA 100.3h
Step  52870 | loss 5.6957 | lr 3.00e-04 | grad 1.15 | 32.9k tok/s | cert -7.33→-6.43 | ticks [6.942 7.079 5.800 5.780] | 217M tok | ETA 100.3h
Step  52880 | loss 5.7761 | lr 3.00e-04 | grad 0.96 | 33.1k tok/s | cert -8.56→-6.06 | ticks [6.782 6.419 5.719 5.698] | 217M tok | ETA 100.3h
Step  52890 | loss 5.9880 | lr 3.00e-04 | grad 1.26 | 33.1k tok/s | cert -8.50→-7.20 | ticks [7.627 7.079 6.798 6.771] | 217M tok | ETA 100.3h
Step  52900 | loss 5.8348 | lr 3.00e-04 | grad 0.95 | 32.8k tok/s | cert -9.38→-6.71 | ticks [6.907 6.880 5.975 5.945] | 217M tok | ETA 100.3h
Step  52910 | loss 5.8398 | lr 3.00e-04 | grad 0.89 | 32.8k tok/s | cert -7.72→-6.64 | ticks [7.366 6.873 6.158 6.132] | 217M tok | ETA 100.3h
Step  52920 | loss 5.7994 | lr 3.00e-04 | grad 0.86 | 32.9k tok/s | cert -8.02→-6.18 | ticks [6.947 6.511 5.947 5.912] | 217M tok | ETA 100.3h
Step  52930 | loss 5.7122 | lr 3.00e-04 | grad 0.93 | 33.0k tok/s | cert -8.76→-6.46 | ticks [7.085 6.711 6.119 6.093] | 217M tok | ETA 100.3h
Step  52940 | loss 6.1282 | lr 3.00e-04 | grad 0.79 | 32.7k tok/s | cert -8.19→-6.74 | ticks [7.225 6.897 6.118 6.091] | 217M tok | ETA 100.3h
Step  52950 | loss 6.2644 | lr 3.00e-04 | grad 0.91 | 32.8k tok/s | cert -8.52→-6.31 | ticks [6.903 6.436 5.827 5.801] | 217M tok | ETA 100.3h
Step  52960 | loss 5.9948 | lr 3.00e-04 | grad 0.87 | 32.7k tok/s | cert -8.49→-6.20 | ticks [7.041 6.419 5.912 5.883] | 217M tok | ETA 100.3h
Step  52970 | loss 5.9293 | lr 3.00e-04 | grad 0.96 | 32.8k tok/s | cert -7.74→-6.09 | ticks [6.997 6.408 5.953 5.927] | 217M tok | ETA 100.3h
Step  52980 | loss 5.8155 | lr 3.00e-04 | grad 1.16 | 33.0k tok/s | cert -7.94→-6.84 | ticks [6.920 6.619 6.136 6.110] | 217M tok | ETA 100.3h
Step  52990 | loss 5.7571 | lr 3.00e-04 | grad 0.73 | 32.5k tok/s | cert -8.20→-6.35 | ticks [6.838 6.577 5.760 5.722] | 217M tok | ETA 100.3h
Step  53000 | loss 5.8810 | lr 3.00e-04 | grad 1.08 | 32.8k tok/s | cert -8.33→-6.07 | ticks [6.919 6.677 5.790 5.770] | 217M tok | ETA 100.3h
Step  53010 | loss 5.7626 | lr 3.00e-04 | grad 0.91 | 32.4k tok/s | cert -7.53→-5.97 | ticks [6.656 6.052 5.662 5.630] | 217M tok | ETA 100.3h
Step  53020 | loss 5.8788 | lr 3.00e-04 | grad 1.33 | 33.0k tok/s | cert -6.28→-6.36 | ticks [7.525 6.193 6.065 6.035] | 217M tok | ETA 100.3h
Step  53030 | loss 5.8639 | lr 3.00e-04 | grad 0.72 | 32.5k tok/s | cert -7.66→-6.12 | ticks [6.955 6.213 5.732 5.702] | 217M tok | ETA 100.3h
Step  53040 | loss 5.8592 | lr 3.00e-04 | grad 1.23 | 32.8k tok/s | cert -7.31→-6.30 | ticks [6.985 6.174 5.786 5.763] | 217M tok | ETA 100.3h
Step  53050 | loss 5.8567 | lr 3.00e-04 | grad 1.02 | 32.9k tok/s | cert -7.45→-6.52 | ticks [7.108 6.383 5.966 5.945] | 217M tok | ETA 100.3h
Step  53060 | loss 5.7954 | lr 3.00e-04 | grad 1.25 | 32.9k tok/s | cert -8.62→-6.76 | ticks [7.342 7.007 6.634 6.610] | 217M tok | ETA 100.3h
Step  53070 | loss 6.0196 | lr 3.00e-04 | grad 0.96 | 32.8k tok/s | cert -7.87→-6.22 | ticks [6.726 5.993 5.776 5.743] | 217M tok | ETA 100.3h
Step  53080 | loss 5.8151 | lr 3.00e-04 | grad 0.85 | 32.4k tok/s | cert -7.61→-6.35 | ticks [6.864 6.637 5.914 5.891] | 217M tok | ETA 100.3h
Step  53090 | loss 5.9342 | lr 3.00e-04 | grad 1.03 | 32.7k tok/s | cert -8.67→-6.63 | ticks [6.994 6.796 5.976 5.957] | 217M tok | ETA 100.3h
Step  53100 | loss 5.6783 | lr 3.00e-04 | grad 0.80 | 33.0k tok/s | cert -7.78→-6.26 | ticks [7.113 6.381 5.882 5.852] | 218M tok | ETA 100.3h
Step  53110 | loss 5.7234 | lr 3.00e-04 | grad 1.16 | 33.0k tok/s | cert -8.39→-6.38 | ticks [7.217 6.967 5.926 5.904] | 218M tok | ETA 100.3h
Step  53120 | loss 5.9803 | lr 3.00e-04 | grad 1.06 | 32.7k tok/s | cert -8.14→-6.76 | ticks [7.318 6.685 6.356 6.337] | 218M tok | ETA 100.3h
Step  53130 | loss 6.0311 | lr 3.00e-04 | grad 0.79 | 33.0k tok/s | cert -7.31→-6.27 | ticks [7.111 6.648 5.815 5.790] | 218M tok | ETA 100.3h
Step  53140 | loss 5.9290 | lr 3.00e-04 | grad 1.09 | 32.9k tok/s | cert -8.68→-6.64 | ticks [6.836 6.760 6.181 6.149] | 218M tok | ETA 100.3h
Step  53150 | loss 5.8543 | lr 3.00e-04 | grad 0.99 | 33.1k tok/s | cert -7.86→-5.92 | ticks [6.767 6.064 5.810 5.789] | 218M tok | ETA 100.3h
Step  53160 | loss 5.8470 | lr 3.00e-04 | grad 0.85 | 32.9k tok/s | cert -7.68→-6.17 | ticks [7.089 6.295 5.685 5.656] | 218M tok | ETA 100.3h
Step  53170 | loss 5.7594 | lr 3.00e-04 | grad 0.82 | 32.7k tok/s | cert -7.82→-6.41 | ticks [6.799 6.609 5.893 5.871] | 218M tok | ETA 100.3h
Step  53180 | loss 5.8115 | lr 3.00e-04 | grad 0.82 | 32.7k tok/s | cert -8.09→-6.46 | ticks [6.813 6.473 5.891 5.874] | 218M tok | ETA 100.3h
Step  53190 | loss 5.7985 | lr 3.00e-04 | grad 0.80 | 32.8k tok/s | cert -8.09→-6.49 | ticks [6.854 6.548 5.985 5.959] | 218M tok | ETA 100.3h
Step  53200 | loss 5.7906 | lr 3.00e-04 | grad 0.95 | 32.9k tok/s | cert -8.07→-6.28 | ticks [6.599 6.555 5.602 5.583] | 218M tok | ETA 100.3h
Step  53210 | loss 5.8458 | lr 3.00e-04 | grad 0.80 | 32.6k tok/s | cert -7.43→-6.15 | ticks [7.010 6.200 5.648 5.625] | 218M tok | ETA 100.3h
Step  53220 | loss 5.8874 | lr 3.00e-04 | grad 0.82 | 32.8k tok/s | cert -8.77→-6.56 | ticks [6.986 6.775 6.130 6.095] | 218M tok | ETA 100.3h
Step  53230 | loss 5.8706 | lr 3.00e-04 | grad 0.99 | 32.6k tok/s | cert -8.29→-6.42 | ticks [6.829 6.796 6.032 5.997] | 218M tok | ETA 100.3h
Step  53240 | loss 5.6997 | lr 3.00e-04 | grad 1.08 | 32.6k tok/s | cert -8.20→-6.38 | ticks [6.855 6.038 5.908 5.886] | 218M tok | ETA 100.3h
Step  53250 | loss 5.9277 | lr 3.00e-04 | grad 0.86 | 32.8k tok/s | cert -6.42→-6.30 | ticks [7.426 6.761 5.934 5.914] | 218M tok | ETA 100.3h
Step  53260 | loss 5.8858 | lr 3.00e-04 | grad 0.83 | 32.8k tok/s | cert -8.68→-6.38 | ticks [7.068 6.464 6.043 6.016] | 218M tok | ETA 100.3h
Step  53270 | loss 5.8055 | lr 3.00e-04 | grad 0.75 | 33.0k tok/s | cert -8.27→-6.29 | ticks [6.857 6.640 5.959 5.932] | 218M tok | ETA 100.3h
Step  53280 | loss 5.6743 | lr 3.00e-04 | grad 1.03 | 32.6k tok/s | cert -8.31→-6.46 | ticks [6.835 6.653 5.787 5.765] | 218M tok | ETA 100.3h
Step  53290 | loss 5.8597 | lr 3.00e-04 | grad 1.71 | 32.4k tok/s | cert -8.34→-6.77 | ticks [6.948 6.805 5.958 5.939] | 218M tok | ETA 100.3h
Step  53300 | loss 5.7786 | lr 3.00e-04 | grad 0.82 | 33.0k tok/s | cert -7.58→-6.36 | ticks [6.751 6.570 5.745 5.725] | 218M tok | ETA 100.3h
Step  53310 | loss 5.7526 | lr 3.00e-04 | grad 0.88 | 32.7k tok/s | cert -8.84→-6.39 | ticks [6.831 5.984 5.784 5.756] | 218M tok | ETA 100.3h
Step  53320 | loss 5.7004 | lr 3.00e-04 | grad 0.75 | 32.8k tok/s | cert -7.12→-6.14 | ticks [7.241 6.236 5.753 5.709] | 218M tok | ETA 100.3h
Step  53330 | loss 5.7989 | lr 3.00e-04 | grad 1.21 | 32.9k tok/s | cert -7.85→-5.88 | ticks [6.766 6.229 5.680 5.649] | 218M tok | ETA 100.3h
Step  53340 | loss 6.0414 | lr 3.00e-04 | grad 1.03 | 32.9k tok/s | cert -7.36→-5.81 | ticks [6.986 5.904 5.632 5.606] | 218M tok | ETA 100.3h
Step  53350 | loss 5.8626 | lr 3.00e-04 | grad 1.77 | 32.9k tok/s | cert -8.98→-6.41 | ticks [7.204 6.586 6.388 6.361] | 219M tok | ETA 100.3h
Step  53360 | loss 6.1211 | lr 3.00e-04 | grad 1.23 | 32.9k tok/s | cert -9.32→-6.84 | ticks [7.261 6.720 6.258 6.230] | 219M tok | ETA 100.3h
Step  53370 | loss 5.9728 | lr 3.00e-04 | grad 1.25 | 32.8k tok/s | cert -8.56→-6.68 | ticks [7.121 6.820 6.237 6.212] | 219M tok | ETA 100.3h
Step  53380 | loss 5.7864 | lr 3.00e-04 | grad 1.47 | 32.5k tok/s | cert -7.86→-6.80 | ticks [7.077 6.707 6.414 6.381] | 219M tok | ETA 100.3h
Step  53390 | loss 5.9689 | lr 3.00e-04 | grad 0.75 | 32.9k tok/s | cert -8.10→-5.95 | ticks [6.570 6.022 5.639 5.608] | 219M tok | ETA 100.3h
Step  53400 | loss 5.8193 | lr 3.00e-04 | grad 0.73 | 32.3k tok/s | cert -7.68→-6.26 | ticks [7.122 6.530 5.742 5.710] | 219M tok | ETA 100.3h
Step  53410 | loss 5.8583 | lr 3.00e-04 | grad 1.02 | 32.9k tok/s | cert -7.50→-6.47 | ticks [6.838 6.097 5.673 5.635] | 219M tok | ETA 100.3h
Step  53420 | loss 5.8371 | lr 3.00e-04 | grad 0.90 | 32.9k tok/s | cert -6.48→-6.01 | ticks [6.894 6.210 5.710 5.685] | 219M tok | ETA 100.3h
Step  53430 | loss 5.7188 | lr 3.00e-04 | grad 1.39 | 32.8k tok/s | cert -7.57→-6.53 | ticks [7.259 6.233 5.965 5.949] | 219M tok | ETA 100.3h
Step  53440 | loss 5.9309 | lr 3.00e-04 | grad 0.78 | 32.8k tok/s | cert -7.70→-6.15 | ticks [6.812 6.622 5.814 5.774] | 219M tok | ETA 100.3h
Step  53450 | loss 5.8251 | lr 3.00e-04 | grad 0.66 | 32.7k tok/s | cert -6.55→-6.10 | ticks [6.933 6.156 5.757 5.737] | 219M tok | ETA 100.3h
Step  53460 | loss 5.9679 | lr 3.00e-04 | grad 1.36 | 32.7k tok/s | cert -7.25→-7.10 | ticks [7.642 7.349 6.510 6.490] | 219M tok | ETA 100.3h
Step  53470 | loss 6.2465 | lr 3.00e-04 | grad 1.32 | 32.8k tok/s | cert -6.48→-7.20 | ticks [8.006 7.834 6.625 6.593] | 219M tok | ETA 100.3h
Step  53480 | loss 6.2134 | lr 3.00e-04 | grad 1.47 | 32.6k tok/s | cert -7.33→-7.32 | ticks [7.606 7.458 6.646 6.625] | 219M tok | ETA 100.3h
Step  53490 | loss 6.1899 | lr 3.00e-04 | grad 0.85 | 32.7k tok/s | cert -5.15→-7.15 | ticks [8.153 7.584 6.523 6.495] | 219M tok | ETA 100.3h
Step  53500 | loss 6.0388 | lr 3.00e-04 | grad 0.75 | 32.9k tok/s | cert -5.28→-6.97 | ticks [7.951 7.138 6.297 6.264] | 219M tok | ETA 100.3h
Step  53510 | loss 6.0216 | lr 3.00e-04 | grad 0.89 | 32.8k tok/s | cert -6.52→-7.15 | ticks [8.041 7.602 6.741 6.704] | 219M tok | ETA 100.3h
Step  53520 | loss 6.1227 | lr 3.00e-04 | grad 1.16 | 32.7k tok/s | cert -6.37→-7.33 | ticks [8.053 7.688 6.622 6.596] | 219M tok | ETA 100.3h
Step  53530 | loss 6.1447 | lr 3.00e-04 | grad 0.95 | 33.0k tok/s | cert -6.50→-7.22 | ticks [7.694 7.424 6.411 6.377] | 219M tok | ETA 100.3h
Step  53540 | loss 5.9765 | lr 3.00e-04 | grad 0.82 | 33.0k tok/s | cert -8.72→-6.31 | ticks [7.176 7.073 5.948 5.913] | 219M tok | ETA 100.3h
Step  53550 | loss 5.8136 | lr 3.00e-04 | grad 0.75 | 32.7k tok/s | cert -8.22→-6.13 | ticks [6.566 6.454 5.695 5.654] | 219M tok | ETA 100.3h
Step  53560 | loss 5.8218 | lr 3.00e-04 | grad 0.80 | 32.8k tok/s | cert -7.93→-6.07 | ticks [6.792 6.086 5.739 5.713] | 219M tok | ETA 100.3h
Step  53570 | loss 5.7333 | lr 3.00e-04 | grad 0.99 | 32.9k tok/s | cert -8.81→-6.27 | ticks [6.576 6.594 5.588 5.557] | 219M tok | ETA 100.3h
Step  53580 | loss 5.8653 | lr 3.00e-04 | grad 1.05 | 32.9k tok/s | cert -8.46→-6.48 | ticks [6.788 6.306 5.951 5.925] | 219M tok | ETA 100.3h
Step  53590 | loss 5.7757 | lr 3.00e-04 | grad 1.12 | 33.0k tok/s | cert -8.24→-6.12 | ticks [6.874 6.501 5.880 5.846] | 220M tok | ETA 100.3h
Step  53600 | loss 5.9280 | lr 3.00e-04 | grad 0.67 | 32.6k tok/s | cert -8.10→-6.21 | ticks [6.828 6.553 5.840 5.803] | 220M tok | ETA 100.3h
Step  53610 | loss 5.9075 | lr 3.00e-04 | grad 0.91 | 32.6k tok/s | cert -9.19→-6.68 | ticks [7.113 6.389 6.264 6.239] | 220M tok | ETA 100.3h
Step  53620 | loss 5.8805 | lr 3.00e-04 | grad 0.85 | 32.4k tok/s | cert -8.35→-6.35 | ticks [6.941 6.558 5.981 5.951] | 220M tok | ETA 100.3h
Step  53630 | loss 5.7684 | lr 3.00e-04 | grad 0.98 | 32.8k tok/s | cert -8.21→-6.40 | ticks [6.935 6.386 6.100 6.081] | 220M tok | ETA 100.3h
Step  53640 | loss 5.7639 | lr 3.00e-04 | grad 0.74 | 32.6k tok/s | cert -6.92→-6.37 | ticks [7.010 6.602 5.868 5.834] | 220M tok | ETA 100.3h
Step  53650 | loss 6.1135 | lr 3.00e-04 | grad 2.92 | 32.7k tok/s | cert -8.99→-8.43 | ticks [7.624 7.248 7.070 7.062] | 220M tok | ETA 100.3h
Step  53660 | loss 6.3048 | lr 3.00e-04 | grad 3.11 | 33.1k tok/s | cert -9.08→-8.78 | ticks [7.468 6.975 6.839 6.823] | 220M tok | ETA 100.3h
Step  53670 | loss 6.1254 | lr 3.00e-04 | grad 2.58 | 33.0k tok/s | cert -8.68→-8.03 | ticks [7.183 6.692 6.568 6.551] | 220M tok | ETA 100.3h
Step  53680 | loss 5.8180 | lr 3.00e-04 | grad 0.73 | 33.0k tok/s | cert -8.44→-6.38 | ticks [6.889 6.452 6.026 5.996] | 220M tok | ETA 100.3h
Step  53690 | loss 5.6223 | lr 3.00e-04 | grad 1.64 | 33.1k tok/s | cert -8.77→-6.61 | ticks [7.265 6.268 5.806 5.786] | 220M tok | ETA 100.3h
Step  53700 | loss 5.8461 | lr 3.00e-04 | grad 0.80 | 33.0k tok/s | cert -8.89→-6.28 | ticks [6.891 6.909 5.801 5.768] | 220M tok | ETA 100.3h
Step  53710 | loss 5.8362 | lr 3.00e-04 | grad 0.86 | 32.8k tok/s | cert -6.71→-6.61 | ticks [7.312 7.128 6.188 6.164] | 220M tok | ETA 100.3h
Step  53720 | loss 5.7913 | lr 3.00e-04 | grad 0.77 | 32.9k tok/s | cert -6.94→-6.11 | ticks [7.032 6.588 5.747 5.718] | 220M tok | ETA 100.3h
Step  53730 | loss 5.6787 | lr 3.00e-04 | grad 0.99 | 33.2k tok/s | cert -8.54→-6.50 | ticks [6.972 6.330 6.044 6.021] | 220M tok | ETA 100.3h
Step  53740 | loss 5.7626 | lr 3.00e-04 | grad 1.12 | 32.6k tok/s | cert -8.04→-6.05 | ticks [6.680 6.642 5.795 5.762] | 220M tok | ETA 100.3h
Step  53750 | loss 5.8360 | lr 3.00e-04 | grad 1.95 | 32.9k tok/s | cert -6.39→-6.08 | ticks [7.548 6.429 6.104 6.082] | 220M tok | ETA 100.3h
Step  53760 | loss 5.8975 | lr 3.00e-04 | grad 0.87 | 32.8k tok/s | cert -7.29→-6.36 | ticks [7.028 6.499 5.974 5.942] | 220M tok | ETA 100.3h
Step  53770 | loss 5.8340 | lr 3.00e-04 | grad 0.84 | 32.6k tok/s | cert -7.32→-6.53 | ticks [7.179 6.515 6.079 6.050] | 220M tok | ETA 100.3h
Step  53780 | loss 5.8033 | lr 3.00e-04 | grad 0.88 | 32.5k tok/s | cert -7.31→-6.23 | ticks [6.898 6.242 5.745 5.717] | 220M tok | ETA 100.3h
Step  53790 | loss 5.8037 | lr 3.00e-04 | grad 0.84 | 32.6k tok/s | cert -8.15→-5.97 | ticks [6.585 6.989 5.809 5.784] | 220M tok | ETA 100.3h
Step  53800 | loss 5.8715 | lr 3.00e-04 | grad 0.70 | 32.7k tok/s | cert -7.70→-6.11 | ticks [6.892 6.427 5.677 5.646] | 220M tok | ETA 100.3h
Step  53810 | loss 5.6576 | lr 3.00e-04 | grad 1.13 | 32.6k tok/s | cert -8.86→-6.34 | ticks [6.809 6.294 5.668 5.639] | 220M tok | ETA 100.3h
Step  53820 | loss 6.0209 | lr 3.00e-04 | grad 0.82 | 32.6k tok/s | cert -7.45→-6.17 | ticks [6.849 6.322 5.702 5.674] | 220M tok | ETA 100.3h
Step  53830 | loss 5.7489 | lr 3.00e-04 | grad 0.75 | 32.5k tok/s | cert -6.83→-6.09 | ticks [7.210 6.181 5.718 5.698] | 220M tok | ETA 100.3h
Step  53840 | loss 5.7690 | lr 3.00e-04 | grad 1.05 | 32.6k tok/s | cert -8.23→-6.56 | ticks [6.983 6.476 5.980 5.952] | 221M tok | ETA 100.3h
Step  53850 | loss 5.7739 | lr 3.00e-04 | grad 0.74 | 32.9k tok/s | cert -7.50→-6.13 | ticks [7.074 6.197 5.846 5.824] | 221M tok | ETA 100.3h
Step  53860 | loss 5.8230 | lr 3.00e-04 | grad 0.88 | 32.7k tok/s | cert -8.51→-6.71 | ticks [7.243 6.786 6.141 6.103] | 221M tok | ETA 100.3h
Step  53870 | loss 5.8880 | lr 3.00e-04 | grad 0.79 | 32.9k tok/s | cert -8.55→-6.63 | ticks [6.967 7.123 6.136 6.106] | 221M tok | ETA 100.3h
Step  53880 | loss 5.9022 | lr 3.00e-04 | grad 1.76 | 32.8k tok/s | cert -7.95→-6.55 | ticks [6.897 6.655 5.836 5.814] | 221M tok | ETA 100.3h
Step  53890 | loss 5.8503 | lr 3.00e-04 | grad 0.81 | 32.5k tok/s | cert -8.46→-6.34 | ticks [6.950 6.724 6.088 6.058] | 221M tok | ETA 100.2h
Step  53900 | loss 5.9144 | lr 3.00e-04 | grad 0.79 | 32.9k tok/s | cert -7.82→-5.94 | ticks [6.443 6.461 5.519 5.482] | 221M tok | ETA 100.2h
Step  53910 | loss 5.7950 | lr 3.00e-04 | grad 1.71 | 32.5k tok/s | cert -8.64→-6.57 | ticks [7.189 6.605 5.879 5.849] | 221M tok | ETA 100.2h
Step  53920 | loss 5.7668 | lr 3.00e-04 | grad 1.31 | 32.8k tok/s | cert -8.43→-6.51 | ticks [7.097 6.754 5.796 5.760] | 221M tok | ETA 100.2h
Step  53930 | loss 5.7273 | lr 3.00e-04 | grad 1.42 | 32.8k tok/s | cert -8.05→-6.47 | ticks [7.273 6.787 5.659 5.638] | 221M tok | ETA 100.2h
Step  53940 | loss 5.8820 | lr 3.00e-04 | grad 1.52 | 32.8k tok/s | cert -9.16→-6.77 | ticks [7.202 6.639 6.001 5.974] | 221M tok | ETA 100.2h
Step  53950 | loss 5.8684 | lr 3.00e-04 | grad 0.90 | 32.7k tok/s | cert -7.77→-6.18 | ticks [7.009 6.085 5.786 5.741] | 221M tok | ETA 100.2h
Step  53960 | loss 5.8208 | lr 3.00e-04 | grad 0.80 | 32.5k tok/s | cert -8.35→-6.23 | ticks [7.099 6.198 5.818 5.786] | 221M tok | ETA 100.2h
Step  53970 | loss 5.8299 | lr 3.00e-04 | grad 0.96 | 32.8k tok/s | cert -9.37→-6.89 | ticks [7.136 7.225 6.081 6.055] | 221M tok | ETA 100.2h
Step  53980 | loss 5.8535 | lr 3.00e-04 | grad 0.99 | 32.7k tok/s | cert -9.12→-6.49 | ticks [6.954 6.697 5.833 5.803] | 221M tok | ETA 100.2h
Step  53990 | loss 5.8532 | lr 3.00e-04 | grad 0.81 | 32.3k tok/s | cert -8.76→-6.36 | ticks [7.390 6.364 5.998 5.968] | 221M tok | ETA 100.2h
Step  54000 | loss 5.7416 | lr 3.00e-04 | grad 1.22 | 32.8k tok/s | cert -8.90→-6.09 | ticks [7.465 6.248 5.942 5.917] | 221M tok | ETA 100.2h
Step  54010 | loss 5.8643 | lr 3.00e-04 | grad 2.20 | 32.8k tok/s | cert -8.80→-6.58 | ticks [6.970 6.272 5.850 5.827] | 221M tok | ETA 100.2h
Step  54020 | loss 6.0676 | lr 3.00e-04 | grad 0.75 | 32.8k tok/s | cert -7.92→-6.36 | ticks [7.367 6.401 5.947 5.924] | 221M tok | ETA 100.2h
Step  54030 | loss 6.1608 | lr 3.00e-04 | grad 0.80 | 32.9k tok/s | cert -8.20→-6.59 | ticks [7.167 6.460 6.090 6.059] | 221M tok | ETA 100.2h
Step  54040 | loss 5.8492 | lr 3.00e-04 | grad 1.15 | 32.7k tok/s | cert -8.15→-6.90 | ticks [7.419 6.699 6.324 6.301] | 221M tok | ETA 100.2h
Step  54050 | loss 5.8100 | lr 3.00e-04 | grad 0.82 | 32.7k tok/s | cert -7.88→-6.30 | ticks [6.843 6.360 5.847 5.818] | 221M tok | ETA 100.2h
Step  54060 | loss 5.9290 | lr 3.00e-04 | grad 0.92 | 32.6k tok/s | cert -8.12→-6.56 | ticks [6.999 6.335 6.109 6.070] | 221M tok | ETA 100.2h
Step  54070 | loss 5.9346 | lr 3.00e-04 | grad 1.35 | 32.9k tok/s | cert -8.07→-5.98 | ticks [7.232 6.204 5.910 5.876] | 221M tok | ETA 100.2h
Step  54080 | loss 5.7448 | lr 3.00e-04 | grad 1.49 | 33.0k tok/s | cert -8.23→-6.80 | ticks [6.741 6.630 5.853 5.815] | 222M tok | ETA 100.2h
Step  54090 | loss 5.8071 | lr 3.00e-04 | grad 0.77 | 33.1k tok/s | cert -8.00→-6.26 | ticks [6.947 6.505 5.828 5.801] | 222M tok | ETA 100.2h
Step  54100 | loss 5.8119 | lr 3.00e-04 | grad 1.30 | 32.9k tok/s | cert -8.94→-6.17 | ticks [7.085 6.394 6.060 6.026] | 222M tok | ETA 100.2h
Step  54110 | loss 5.9075 | lr 3.00e-04 | grad 0.75 | 32.9k tok/s | cert -8.11→-6.57 | ticks [6.953 6.470 6.146 6.126] | 222M tok | ETA 100.2h
Step  54120 | loss 5.8758 | lr 3.00e-04 | grad 0.88 | 32.8k tok/s | cert -8.68→-6.71 | ticks [7.002 6.860 6.233 6.203] | 222M tok | ETA 100.2h
Step  54130 | loss 5.7695 | lr 3.00e-04 | grad 0.71 | 32.7k tok/s | cert -7.04→-6.04 | ticks [6.732 6.363 5.526 5.496] | 222M tok | ETA 100.2h
Step  54140 | loss 5.7992 | lr 3.00e-04 | grad 1.16 | 33.0k tok/s | cert -7.64→-6.08 | ticks [6.831 6.089 5.868 5.844] | 222M tok | ETA 100.2h
Step  54150 | loss 5.9550 | lr 3.00e-04 | grad 0.80 | 32.8k tok/s | cert -8.12→-6.20 | ticks [6.715 6.336 5.992 5.957] | 222M tok | ETA 100.2h
Step  54160 | loss 5.7606 | lr 3.00e-04 | grad 0.71 | 32.6k tok/s | cert -7.93→-6.19 | ticks [6.851 6.552 5.714 5.689] | 222M tok | ETA 100.2h
Step  54170 | loss 5.8838 | lr 3.00e-04 | grad 1.01 | 33.0k tok/s | cert -9.13→-6.18 | ticks [6.604 6.599 5.700 5.673] | 222M tok | ETA 100.2h
Step  54180 | loss 5.8012 | lr 3.00e-04 | grad 1.00 | 32.5k tok/s | cert -7.53→-6.20 | ticks [7.062 6.652 5.993 5.962] | 222M tok | ETA 100.2h
Step  54190 | loss 5.7331 | lr 3.00e-04 | grad 0.82 | 32.8k tok/s | cert -7.72→-6.12 | ticks [6.452 6.377 5.536 5.499] | 222M tok | ETA 100.2h
Step  54200 | loss 5.7822 | lr 3.00e-04 | grad 0.70 | 32.8k tok/s | cert -7.98→-6.32 | ticks [7.071 6.631 5.978 5.949] | 222M tok | ETA 100.2h
Step  54210 | loss 5.8299 | lr 3.00e-04 | grad 0.80 | 32.9k tok/s | cert -8.77→-6.29 | ticks [6.791 6.473 5.849 5.814] | 222M tok | ETA 100.2h
Step  54220 | loss 5.9347 | lr 3.00e-04 | grad 0.98 | 32.8k tok/s | cert -7.67→-6.33 | ticks [6.672 6.581 5.666 5.642] | 222M tok | ETA 100.2h
Step  54230 | loss 5.8686 | lr 3.00e-04 | grad 0.71 | 32.9k tok/s | cert -6.97→-6.14 | ticks [7.028 6.571 5.907 5.880] | 222M tok | ETA 100.2h
Step  54240 | loss 5.9292 | lr 3.00e-04 | grad 0.96 | 32.3k tok/s | cert -8.38→-6.75 | ticks [6.857 6.595 6.157 6.129] | 222M tok | ETA 100.2h
Step  54250 | loss 5.9326 | lr 3.00e-04 | grad 0.77 | 32.7k tok/s | cert -8.06→-6.38 | ticks [6.838 6.761 5.837 5.811] | 222M tok | ETA 100.2h
Step  54260 | loss 5.8399 | lr 3.00e-04 | grad 1.18 | 32.8k tok/s | cert -7.48→-6.48 | ticks [6.658 6.916 5.602 5.571] | 222M tok | ETA 100.2h
Step  54270 | loss 5.6957 | lr 3.00e-04 | grad 0.91 | 33.0k tok/s | cert -5.37→-5.84 | ticks [7.564 5.841 5.572 5.545] | 222M tok | ETA 100.2h
Step  54280 | loss 5.6699 | lr 3.00e-04 | grad 0.75 | 32.9k tok/s | cert -7.08→-6.32 | ticks [7.230 6.598 5.911 5.876] | 222M tok | ETA 100.2h
Step  54290 | loss 5.9485 | lr 3.00e-04 | grad 2.86 | 33.0k tok/s | cert -8.68→-7.26 | ticks [6.957 6.572 6.139 6.098] | 222M tok | ETA 100.2h
Step  54300 | loss 5.7030 | lr 3.00e-04 | grad 1.08 | 32.5k tok/s | cert -8.62→-6.91 | ticks [6.682 6.119 5.854 5.828] | 222M tok | ETA 100.2h
Step  54310 | loss 5.9593 | lr 3.00e-04 | grad 1.25 | 32.9k tok/s | cert -8.01→-6.52 | ticks [6.796 6.461 5.869 5.840] | 222M tok | ETA 100.2h
Step  54320 | loss 6.0245 | lr 3.00e-04 | grad 0.94 | 32.9k tok/s | cert -9.04→-6.78 | ticks [7.081 7.504 6.353 6.331] | 222M tok | ETA 100.2h
Step  54330 | loss 5.8842 | lr 3.00e-04 | grad 0.98 | 33.0k tok/s | cert -8.98→-6.25 | ticks [6.780 6.418 5.746 5.728] | 223M tok | ETA 100.2h
Step  54340 | loss 5.8481 | lr 3.00e-04 | grad 0.70 | 32.9k tok/s | cert -7.57→-6.05 | ticks [6.944 6.378 5.631 5.584] | 223M tok | ETA 100.2h
Step  54350 | loss 5.9082 | lr 3.00e-04 | grad 1.04 | 32.7k tok/s | cert -9.12→-6.53 | ticks [7.363 6.908 6.334 6.307] | 223M tok | ETA 100.2h
Step  54360 | loss 5.8287 | lr 3.00e-04 | grad 0.83 | 33.0k tok/s | cert -7.72→-6.19 | ticks [6.835 6.911 5.841 5.800] | 223M tok | ETA 100.2h
Step  54370 | loss 5.7967 | lr 3.00e-04 | grad 1.23 | 32.8k tok/s | cert -4.62→-6.80 | ticks [8.203 7.333 6.208 6.177] | 223M tok | ETA 100.2h
Step  54380 | loss 5.7459 | lr 3.00e-04 | grad 0.80 | 32.7k tok/s | cert -8.27→-6.51 | ticks [7.148 6.557 6.114 6.097] | 223M tok | ETA 100.2h
Step  54390 | loss 5.7423 | lr 3.00e-04 | grad 0.84 | 32.7k tok/s | cert -7.93→-6.20 | ticks [6.770 6.820 5.690 5.667] | 223M tok | ETA 100.2h
Step  54400 | loss 5.7330 | lr 3.00e-04 | grad 0.96 | 32.9k tok/s | cert -8.21→-6.50 | ticks [7.036 6.393 6.045 6.018] | 223M tok | ETA 100.2h
Step  54410 | loss 5.7630 | lr 3.00e-04 | grad 0.73 | 32.9k tok/s | cert -7.65→-6.14 | ticks [6.794 6.232 5.677 5.647] | 223M tok | ETA 100.2h
Step  54420 | loss 5.8894 | lr 3.00e-04 | grad 0.96 | 32.5k tok/s | cert -8.07→-6.39 | ticks [6.889 6.427 6.083 6.046] | 223M tok | ETA 100.2h
Step  54430 | loss 5.7575 | lr 3.00e-04 | grad 0.86 | 32.7k tok/s | cert -6.93→-5.91 | ticks [6.835 6.329 5.528 5.493] | 223M tok | ETA 100.2h
Step  54440 | loss 5.8055 | lr 3.00e-04 | grad 1.20 | 32.7k tok/s | cert -8.36→-6.21 | ticks [6.409 6.019 5.549 5.519] | 223M tok | ETA 100.2h
Step  54450 | loss 5.7659 | lr 3.00e-04 | grad 0.67 | 32.8k tok/s | cert -7.51→-6.11 | ticks [6.850 6.011 5.746 5.716] | 223M tok | ETA 100.2h
Step  54460 | loss 5.7533 | lr 3.00e-04 | grad 0.80 | 32.7k tok/s | cert -8.41→-6.23 | ticks [6.931 5.976 5.791 5.766] | 223M tok | ETA 100.2h
Step  54470 | loss 5.7090 | lr 3.00e-04 | grad 0.86 | 32.8k tok/s | cert -8.33→-6.07 | ticks [6.665 6.433 5.522 5.494] | 223M tok | ETA 100.2h
Step  54480 | loss 5.9474 | lr 3.00e-04 | grad 0.86 | 32.3k tok/s | cert -8.87→-6.53 | ticks [6.880 6.852 5.878 5.855] | 223M tok | ETA 100.2h
Step  54490 | loss 6.0001 | lr 3.00e-04 | grad 1.46 | 33.0k tok/s | cert -8.72→-7.51 | ticks [6.860 6.706 6.389 6.362] | 223M tok | ETA 100.2h
Step  54500 | loss 5.9741 | lr 3.00e-04 | grad 0.94 | 32.6k tok/s | cert -7.52→-6.80 | ticks [7.237 6.939 6.164 6.140] | 223M tok | ETA 100.2h
Step  54510 | loss 5.6860 | lr 3.00e-04 | grad 0.84 | 32.5k tok/s | cert -8.36→-6.14 | ticks [6.663 5.957 5.612 5.586] | 223M tok | ETA 100.2h
Step  54520 | loss 5.7503 | lr 3.00e-04 | grad 0.84 | 33.0k tok/s | cert -8.06→-6.15 | ticks [6.661 6.617 5.872 5.838] | 223M tok | ETA 100.2h
Step  54530 | loss 5.8641 | lr 3.00e-04 | grad 0.95 | 32.8k tok/s | cert -7.25→-6.35 | ticks [6.988 6.230 5.972 5.955] | 223M tok | ETA 100.2h
Step  54540 | loss 5.7471 | lr 3.00e-04 | grad 1.55 | 32.7k tok/s | cert -8.73→-6.67 | ticks [7.020 6.320 6.002 5.984] | 223M tok | ETA 100.2h
Step  54550 | loss 6.0005 | lr 3.00e-04 | grad 1.02 | 32.7k tok/s | cert -7.51→-6.35 | ticks [6.715 6.412 5.814 5.779] | 223M tok | ETA 100.2h
Step  54560 | loss 5.7206 | lr 3.00e-04 | grad 0.98 | 32.9k tok/s | cert -8.09→-6.35 | ticks [6.935 6.344 5.703 5.674] | 223M tok | ETA 100.2h
Step  54570 | loss 5.9155 | lr 3.00e-04 | grad 2.16 | 33.0k tok/s | cert -7.66→-7.33 | ticks [7.474 6.671 6.452 6.428] | 224M tok | ETA 100.2h
Step  54580 | loss 5.7892 | lr 3.00e-04 | grad 1.05 | 32.7k tok/s | cert -7.64→-6.41 | ticks [6.681 6.362 5.669 5.648] | 224M tok | ETA 100.2h
Step  54590 | loss 5.7344 | lr 3.00e-04 | grad 1.04 | 32.7k tok/s | cert -7.74→-6.42 | ticks [6.869 6.788 5.919 5.899] | 224M tok | ETA 100.2h
Step  54600 | loss 5.9116 | lr 3.00e-04 | grad 0.82 | 33.0k tok/s | cert -7.84→-6.27 | ticks [6.723 6.690 5.873 5.832] | 224M tok | ETA 100.2h
Step  54610 | loss 5.7522 | lr 3.00e-04 | grad 0.91 | 32.6k tok/s | cert -8.37→-5.85 | ticks [6.509 6.522 5.505 5.471] | 224M tok | ETA 100.2h
Step  54620 | loss 5.7882 | lr 3.00e-04 | grad 1.09 | 32.7k tok/s | cert -8.17→-6.29 | ticks [6.946 6.526 6.011 5.972] | 224M tok | ETA 100.2h
Step  54630 | loss 5.7123 | lr 3.00e-04 | grad 1.30 | 32.7k tok/s | cert -6.98→-6.06 | ticks [6.921 6.603 5.860 5.820] | 224M tok | ETA 100.2h
Step  54640 | loss 5.7822 | lr 3.00e-04 | grad 1.20 | 32.6k tok/s | cert -9.02→-6.78 | ticks [7.194 6.964 6.412 6.383] | 224M tok | ETA 100.2h
Step  54650 | loss 5.7179 | lr 3.00e-04 | grad 0.70 | 32.8k tok/s | cert -7.20→-5.98 | ticks [6.570 6.165 5.572 5.541] | 224M tok | ETA 100.2h
Step  54660 | loss 5.8295 | lr 3.00e-04 | grad 1.00 | 32.9k tok/s | cert -7.00→-6.17 | ticks [7.114 6.507 5.870 5.848] | 224M tok | ETA 100.2h
Step  54670 | loss 6.0216 | lr 3.00e-04 | grad 0.72 | 32.5k tok/s | cert -8.27→-6.14 | ticks [6.471 6.576 5.587 5.559] | 224M tok | ETA 100.2h
Step  54680 | loss 5.8459 | lr 3.00e-04 | grad 1.77 | 32.5k tok/s | cert -7.93→-6.77 | ticks [7.333 7.157 6.588 6.554] | 224M tok | ETA 100.2h
Step  54690 | loss 5.8249 | lr 3.00e-04 | grad 1.39 | 32.7k tok/s | cert -6.86→-5.85 | ticks [6.844 6.109 5.463 5.412] | 224M tok | ETA 100.2h
Step  54700 | loss 5.8530 | lr 3.00e-04 | grad 0.89 | 32.8k tok/s | cert -7.58→-6.35 | ticks [6.972 6.465 5.945 5.911] | 224M tok | ETA 100.2h
Step  54710 | loss 5.9508 | lr 3.00e-04 | grad 0.84 | 32.7k tok/s | cert -7.15→-6.13 | ticks [6.973 6.345 5.570 5.543] | 224M tok | ETA 100.2h
Step  54720 | loss 6.0111 | lr 3.00e-04 | grad 1.84 | 32.9k tok/s | cert -8.62→-7.04 | ticks [7.385 6.582 6.091 6.038] | 224M tok | ETA 100.2h
Step  54730 | loss 6.1215 | lr 3.00e-04 | grad 2.39 | 33.0k tok/s | cert -8.21→-6.96 | ticks [7.251 6.693 6.356 6.320] | 224M tok | ETA 100.2h
Step  54740 | loss 5.9281 | lr 3.00e-04 | grad 1.72 | 32.6k tok/s | cert -8.57→-6.24 | ticks [7.086 6.167 5.626 5.602] | 224M tok | ETA 100.2h
Step  54750 | loss 5.7219 | lr 3.00e-04 | grad 1.11 | 32.6k tok/s | cert -8.21→-6.34 | ticks [6.829 6.522 6.075 6.045] | 224M tok | ETA 100.2h
Step  54760 | loss 5.8297 | lr 3.00e-04 | grad 0.95 | 32.7k tok/s | cert -7.94→-6.51 | ticks [6.923 6.523 6.128 6.093] | 224M tok | ETA 100.2h
Step  54770 | loss 5.8891 | lr 3.00e-04 | grad 0.95 | 32.5k tok/s | cert -7.86→-6.14 | ticks [6.462 6.189 5.699 5.676] | 224M tok | ETA 100.2h
Step  54780 | loss 5.8718 | lr 3.00e-04 | grad 0.77 | 32.9k tok/s | cert -7.87→-6.37 | ticks [6.865 6.450 6.001 5.972] | 224M tok | ETA 100.2h
Step  54790 | loss 5.7160 | lr 3.00e-04 | grad 0.71 | 32.9k tok/s | cert -7.47→-6.18 | ticks [6.619 6.391 5.808 5.782] | 224M tok | ETA 100.2h
Step  54800 | loss 5.7545 | lr 3.00e-04 | grad 0.76 | 33.1k tok/s | cert -7.27→-6.18 | ticks [6.945 6.344 5.719 5.696] | 224M tok | ETA 100.2h
Step  54810 | loss 5.8051 | lr 3.00e-04 | grad 0.82 | 32.4k tok/s | cert -8.13→-6.28 | ticks [6.646 6.581 5.928 5.907] | 225M tok | ETA 100.2h
Step  54820 | loss 5.6472 | lr 3.00e-04 | grad 0.79 | 32.8k tok/s | cert -8.80→-6.59 | ticks [7.196 6.788 6.071 6.032] | 225M tok | ETA 100.2h
Step  54830 | loss 5.7129 | lr 3.00e-04 | grad 1.11 | 32.9k tok/s | cert -7.21→-6.31 | ticks [7.284 6.550 6.194 6.155] | 225M tok | ETA 100.2h
Step  54840 | loss 5.7825 | lr 3.00e-04 | grad 0.77 | 32.6k tok/s | cert -8.52→-6.13 | ticks [6.771 6.351 5.724 5.692] | 225M tok | ETA 100.2h
Step  54850 | loss 5.7535 | lr 3.00e-04 | grad 0.74 | 32.8k tok/s | cert -8.84→-6.42 | ticks [7.204 6.680 6.018 5.990] | 225M tok | ETA 100.2h
Step  54860 | loss 5.7881 | lr 3.00e-04 | grad 1.27 | 32.9k tok/s | cert -7.95→-6.60 | ticks [6.828 6.965 5.858 5.841] | 225M tok | ETA 100.2h
Step  54870 | loss 5.7259 | lr 3.00e-04 | grad 0.80 | 32.4k tok/s | cert -7.38→-6.13 | ticks [6.843 6.068 5.785 5.760] | 225M tok | ETA 100.2h
Step  54880 | loss 5.7795 | lr 3.00e-04 | grad 1.09 | 32.6k tok/s | cert -8.55→-6.28 | ticks [6.676 6.052 5.634 5.601] | 225M tok | ETA 100.2h
Step  54890 | loss 5.8229 | lr 3.00e-04 | grad 1.41 | 32.0k tok/s | cert -8.17→-6.06 | ticks [6.923 6.559 5.906 5.877] | 225M tok | ETA 100.2h
Step  54900 | loss 5.7445 | lr 3.00e-04 | grad 0.79 | 32.7k tok/s | cert -8.89→-6.52 | ticks [6.945 6.566 6.132 6.106] | 225M tok | ETA 100.2h
Step  54910 | loss 5.6767 | lr 3.00e-04 | grad 1.05 | 32.7k tok/s | cert -8.83→-7.14 | ticks [7.469 6.925 6.664 6.641] | 225M tok | ETA 100.2h
Step  54920 | loss 5.8171 | lr 3.00e-04 | grad 1.17 | 32.5k tok/s | cert -6.95→-6.18 | ticks [7.232 6.422 5.947 5.903] | 225M tok | ETA 100.2h
Step  54930 | loss 5.6348 | lr 3.00e-04 | grad 0.98 | 32.8k tok/s | cert -8.42→-5.74 | ticks [6.501 5.976 5.493 5.467] | 225M tok | ETA 100.2h
Step  54940 | loss 5.8395 | lr 3.00e-04 | grad 1.21 | 32.6k tok/s | cert -8.78→-6.04 | ticks [7.035 6.228 5.785 5.747] | 225M tok | ETA 100.2h
Step  54950 | loss 5.6653 | lr 3.00e-04 | grad 0.68 | 32.8k tok/s | cert -8.07→-6.01 | ticks [6.767 6.536 5.593 5.569] | 225M tok | ETA 100.2h
Step  54960 | loss 5.8825 | lr 3.00e-04 | grad 2.39 | 32.8k tok/s | cert -8.88→-7.08 | ticks [6.915 6.571 6.189 6.171] | 225M tok | ETA 100.2h
Step  54970 | loss 6.0619 | lr 3.00e-04 | grad 0.82 | 32.7k tok/s | cert -7.08→-6.68 | ticks [7.261 6.406 6.227 6.206] | 225M tok | ETA 100.2h
Step  54980 | loss 5.8341 | lr 3.00e-04 | grad 0.98 | 32.7k tok/s | cert -7.19→-6.29 | ticks [7.067 6.266 5.850 5.818] | 225M tok | ETA 100.2h
Step  54990 | loss 5.8204 | lr 3.00e-04 | grad 0.88 | 32.9k tok/s | cert -8.69→-6.54 | ticks [6.799 6.972 6.038 6.012] | 225M tok | ETA 100.2h
Step  55000 | loss 5.7756 | lr 3.00e-04 | grad 0.86 | 32.9k tok/s | cert -7.39→-6.24 | ticks [6.996 6.731 6.019 5.994] | 225M tok | ETA 100.2h
'[Errno 9] Bad file descriptor' thrown while requesting GET https://huggingface.co/datasets/HuggingFaceFW/fineweb-edu/resolve/87f09149ef4734204d70ed1d046ddc9ca3f2b8f9/sample/10BT/000_00000.parquet
Retrying in 1s [Retry 1/5].

  >>> Eval loss: 6.4972 (best: 6.4988)
  >>> Saved best checkpoint at step 55000
  >>> Sample: 'The most important thing to understand about science is' → ' important about the evidence of science of the science than one thing about the theory in one thing about the world about about the scientists who live and about the human beings.
It is very important?
S) is important as the idea about'

Step  55010 | loss 5.6036 | lr 3.00e-04 | grad 0.84 | 32.5k tok/s | cert -8.23→-6.27 | ticks [7.032 6.590 5.960 5.938] | 225M tok | ETA 100.4h
Step  55020 | loss 5.8746 | lr 3.00e-04 | grad 0.92 | 32.6k tok/s | cert -7.05→-6.24 | ticks [7.441 6.400 5.715 5.696] | 225M tok | ETA 100.4h
Step  55030 | loss 5.7537 | lr 3.00e-04 | grad 0.82 | 32.7k tok/s | cert -8.22→-6.02 | ticks [6.646 6.226 5.562 5.535] | 225M tok | ETA 100.4h
Step  55040 | loss 5.9344 | lr 3.00e-04 | grad 1.06 | 32.7k tok/s | cert -8.21→-6.59 | ticks [7.444 6.512 6.021 6.000] | 225M tok | ETA 100.4h
Step  55050 | loss 5.7744 | lr 3.00e-04 | grad 0.74 | 32.8k tok/s | cert -7.26→-6.19 | ticks [7.006 6.398 5.733 5.708] | 225M tok | ETA 100.4h
Step  55060 | loss 5.7279 | lr 3.00e-04 | grad 1.09 | 33.0k tok/s | cert -7.16→-6.29 | ticks [6.727 6.641 5.639 5.614] | 226M tok | ETA 100.4h
Step  55070 | loss 5.7638 | lr 3.00e-04 | grad 0.99 | 32.9k tok/s | cert -7.54→-6.62 | ticks [7.336 6.615 6.092 6.072] | 226M tok | ETA 100.4h
Step  55080 | loss 5.7345 | lr 3.00e-04 | grad 1.82 | 32.5k tok/s | cert -8.34→-5.98 | ticks [6.477 6.037 5.712 5.679] | 226M tok | ETA 100.4h
Step  55090 | loss 5.8275 | lr 3.00e-04 | grad 0.98 | 33.0k tok/s | cert -7.99→-6.45 | ticks [6.940 6.649 6.090 6.074] | 226M tok | ETA 100.4h
Step  55100 | loss 5.6540 | lr 3.00e-04 | grad 1.14 | 32.7k tok/s | cert -7.81→-5.98 | ticks [6.790 6.073 5.810 5.792] | 226M tok | ETA 100.4h
Step  55110 | loss 5.8887 | lr 3.00e-04 | grad 1.07 | 32.7k tok/s | cert -8.06→-5.94 | ticks [6.431 6.102 5.497 5.471] | 226M tok | ETA 100.4h
Step  55120 | loss 5.7600 | lr 3.00e-04 | grad 0.92 | 32.9k tok/s | cert -8.57→-6.43 | ticks [6.948 6.410 5.840 5.822] | 226M tok | ETA 100.4h
Step  55130 | loss 5.7833 | lr 3.00e-04 | grad 0.72 | 32.6k tok/s | cert -6.38→-6.23 | ticks [7.085 6.677 5.818 5.792] | 226M tok | ETA 100.4h
Step  55140 | loss 5.7502 | lr 3.00e-04 | grad 1.00 | 32.9k tok/s | cert -5.84→-6.30 | ticks [7.797 6.240 6.056 6.032] | 226M tok | ETA 100.4h
Step  55150 | loss 5.7005 | lr 3.00e-04 | grad 0.93 | 32.6k tok/s | cert -7.83→-6.16 | ticks [7.108 6.024 5.575 5.550] | 226M tok | ETA 100.4h
Step  55160 | loss 5.4964 | lr 3.00e-04 | grad 0.71 | 32.7k tok/s | cert -7.36→-5.74 | ticks [6.356 6.032 5.337 5.310] | 226M tok | ETA 100.4h
Step  55170 | loss 5.8052 | lr 3.00e-04 | grad 1.38 | 32.7k tok/s | cert -8.25→-6.88 | ticks [7.246 6.279 5.959 5.944] | 226M tok | ETA 100.4h
Step  55180 | loss 5.7098 | lr 3.00e-04 | grad 0.79 | 32.9k tok/s | cert -8.21→-6.17 | ticks [7.045 6.233 5.674 5.658] | 226M tok | ETA 100.4h
Step  55190 | loss 5.8830 | lr 3.00e-04 | grad 1.56 | 32.8k tok/s | cert -8.79→-6.34 | ticks [6.705 6.651 5.607 5.580] | 226M tok | ETA 100.4h
Step  55200 | loss 5.8141 | lr 3.00e-04 | grad 0.99 | 32.8k tok/s | cert -8.36→-6.42 | ticks [6.626 6.670 5.831 5.807] | 226M tok | ETA 100.4h
Step  55210 | loss 5.7161 | lr 3.00e-04 | grad 0.73 | 32.6k tok/s | cert -6.71→-6.12 | ticks [6.930 6.140 5.762 5.730] | 226M tok | ETA 100.4h
Step  55220 | loss 5.7344 | lr 3.00e-04 | grad 1.34 | 32.6k tok/s | cert -7.67→-5.87 | ticks [6.751 6.569 5.821 5.787] | 226M tok | ETA 100.3h
Step  55230 | loss 5.7999 | lr 3.00e-04 | grad 0.75 | 32.7k tok/s | cert -7.71→-5.94 | ticks [7.034 6.254 5.592 5.566] | 226M tok | ETA 100.3h
Step  55240 | loss 5.7504 | lr 3.00e-04 | grad 0.74 | 33.0k tok/s | cert -7.79→-6.25 | ticks [6.594 6.655 5.678 5.647] | 226M tok | ETA 100.3h
Step  55250 | loss 5.8494 | lr 3.00e-04 | grad 1.38 | 32.7k tok/s | cert -8.41→-6.12 | ticks [6.890 6.475 6.033 6.000] | 226M tok | ETA 100.3h
Step  55260 | loss 5.6208 | lr 3.00e-04 | grad 1.21 | 32.8k tok/s | cert -5.51→-6.53 | ticks [7.711 6.473 5.951 5.924] | 226M tok | ETA 100.3h
Step  55270 | loss 5.7101 | lr 3.00e-04 | grad 0.92 | 33.1k tok/s | cert -8.18→-6.31 | ticks [6.795 6.631 5.732 5.710] | 226M tok | ETA 100.3h
Step  55280 | loss 5.7660 | lr 3.00e-04 | grad 1.02 | 33.1k tok/s | cert -8.45→-6.44 | ticks [7.049 6.689 6.086 6.064] | 226M tok | ETA 100.3h
Step  55290 | loss 5.8833 | lr 3.00e-04 | grad 1.02 | 32.6k tok/s | cert -7.86→-5.99 | ticks [7.457 5.789 5.452 5.427] | 226M tok | ETA 100.3h
Step  55300 | loss 5.7910 | lr 3.00e-04 | grad 1.04 | 32.7k tok/s | cert -8.49→-6.27 | ticks [6.749 6.235 5.676 5.655] | 227M tok | ETA 100.3h
Step  55310 | loss 5.7353 | lr 3.00e-04 | grad 0.85 | 32.7k tok/s | cert -8.09→-6.07 | ticks [6.494 6.442 5.513 5.474] | 227M tok | ETA 100.3h
Step  55320 | loss 5.8959 | lr 3.00e-04 | grad 1.30 | 32.8k tok/s | cert -7.76→-6.34 | ticks [7.197 6.481 6.201 6.176] | 227M tok | ETA 100.3h
Step  55330 | loss 5.7345 | lr 3.00e-04 | grad 0.95 | 32.9k tok/s | cert -8.73→-6.37 | ticks [7.299 6.414 5.985 5.957] | 227M tok | ETA 100.3h
Step  55340 | loss 5.9489 | lr 3.00e-04 | grad 0.88 | 32.7k tok/s | cert -9.22→-6.52 | ticks [7.031 6.577 5.949 5.922] | 227M tok | ETA 100.3h
Step  55350 | loss 5.8384 | lr 3.00e-04 | grad 1.08 | 32.6k tok/s | cert -8.86→-6.29 | ticks [6.294 6.338 5.422 5.392] | 227M tok | ETA 100.3h
Step  55360 | loss 5.9173 | lr 3.00e-04 | grad 1.93 | 32.9k tok/s | cert -9.10→-6.60 | ticks [7.340 6.309 5.837 5.817] | 227M tok | ETA 100.3h
Step  55370 | loss 5.6682 | lr 3.00e-04 | grad 1.08 | 33.2k tok/s | cert -7.95→-6.04 | ticks [7.084 6.511 5.888 5.858] | 227M tok | ETA 100.3h
Step  55380 | loss 5.7234 | lr 3.00e-04 | grad 0.78 | 32.7k tok/s | cert -7.74→-6.15 | ticks [6.831 6.317 5.624 5.595] | 227M tok | ETA 100.3h
Step  55390 | loss 5.8262 | lr 3.00e-04 | grad 0.82 | 32.7k tok/s | cert -8.74→-6.43 | ticks [6.731 7.139 6.008 5.977] | 227M tok | ETA 100.3h
Step  55400 | loss 5.7256 | lr 3.00e-04 | grad 1.41 | 32.7k tok/s | cert -7.51→-6.44 | ticks [6.507 6.316 5.643 5.628] | 227M tok | ETA 100.3h
Step  55410 | loss 5.9268 | lr 3.00e-04 | grad 1.03 | 32.6k tok/s | cert -9.12→-6.61 | ticks [7.106 6.524 6.317 6.287] | 227M tok | ETA 100.3h
Step  55420 | loss 5.8357 | lr 3.00e-04 | grad 0.98 | 32.5k tok/s | cert -5.99→-5.73 | ticks [7.167 5.814 5.229 5.203] | 227M tok | ETA 100.3h
Step  55430 | loss 5.8418 | lr 3.00e-04 | grad 0.99 | 32.8k tok/s | cert -8.61→-6.25 | ticks [7.265 6.521 5.882 5.858] | 227M tok | ETA 100.3h
Step  55440 | loss 5.8565 | lr 3.00e-04 | grad 1.09 | 32.8k tok/s | cert -6.97→-6.28 | ticks [6.803 6.817 5.901 5.862] | 227M tok | ETA 100.3h
Step  55450 | loss 5.8731 | lr 3.00e-04 | grad 1.25 | 33.0k tok/s | cert -8.26→-6.27 | ticks [6.632 6.574 5.532 5.514] | 227M tok | ETA 100.3h
Step  55460 | loss 5.7925 | lr 3.00e-04 | grad 0.80 | 32.9k tok/s | cert -8.11→-6.30 | ticks [6.721 6.854 5.904 5.870] | 227M tok | ETA 100.3h
Step  55470 | loss 5.8110 | lr 3.00e-04 | grad 1.01 | 32.8k tok/s | cert -8.08→-6.00 | ticks [6.317 6.306 5.457 5.434] | 227M tok | ETA 100.3h
Step  55480 | loss 5.6899 | lr 3.00e-04 | grad 0.77 | 32.6k tok/s | cert -7.47→-6.13 | ticks [6.764 6.460 5.688 5.663] | 227M tok | ETA 100.3h
Step  55490 | loss 5.7897 | lr 3.00e-04 | grad 1.15 | 32.8k tok/s | cert -7.89→-6.06 | ticks [6.830 6.431 5.923 5.898] | 227M tok | ETA 100.3h
Step  55500 | loss 5.7190 | lr 3.00e-04 | grad 0.85 | 32.5k tok/s | cert -7.86→-6.00 | ticks [6.708 6.054 5.686 5.667] | 227M tok | ETA 100.3h
Step  55510 | loss 5.7535 | lr 3.00e-04 | grad 1.02 | 32.7k tok/s | cert -8.02→-6.05 | ticks [6.834 6.301 5.854 5.820] | 227M tok | ETA 100.3h
Step  55520 | loss 5.6343 | lr 3.00e-04 | grad 1.04 | 32.5k tok/s | cert -8.88→-6.68 | ticks [7.274 6.430 6.181 6.156] | 227M tok | ETA 100.3h
Step  55530 | loss 5.7827 | lr 3.00e-04 | grad 0.88 | 32.9k tok/s | cert -7.32→-5.86 | ticks [7.001 5.925 5.598 5.571] | 227M tok | ETA 100.3h
Step  55540 | loss 5.9122 | lr 3.00e-04 | grad 0.77 | 32.6k tok/s | cert -7.12→-6.11 | ticks [6.819 6.226 5.680 5.652] | 227M tok | ETA 100.3h
Step  55550 | loss 5.7305 | lr 3.00e-04 | grad 0.76 | 32.9k tok/s | cert -7.98→-6.16 | ticks [6.520 6.500 5.517 5.482] | 228M tok | ETA 100.3h
Step  55560 | loss 5.6896 | lr 3.00e-04 | grad 0.97 | 32.7k tok/s | cert -7.98→-6.20 | ticks [7.140 6.245 5.957 5.935] | 228M tok | ETA 100.3h
Step  55570 | loss 5.9135 | lr 3.00e-04 | grad 0.80 | 32.8k tok/s | cert -7.84→-6.12 | ticks [6.780 6.066 5.577 5.544] | 228M tok | ETA 100.3h
Step  55580 | loss 5.8956 | lr 3.00e-04 | grad 0.80 | 32.8k tok/s | cert -7.72→-6.11 | ticks [6.722 5.979 5.655 5.612] | 228M tok | ETA 100.3h
Step  55590 | loss 5.7400 | lr 3.00e-04 | grad 0.94 | 32.7k tok/s | cert -6.28→-6.30 | ticks [8.055 6.142 5.862 5.836] | 228M tok | ETA 100.3h
Step  55600 | loss 5.7463 | lr 3.00e-04 | grad 0.86 | 32.8k tok/s | cert -7.38→-6.29 | ticks [6.951 6.143 5.926 5.892] | 228M tok | ETA 100.3h
Step  55610 | loss 5.9337 | lr 3.00e-04 | grad 1.17 | 33.0k tok/s | cert -8.45→-6.00 | ticks [6.868 6.244 5.873 5.848] | 228M tok | ETA 100.3h
Step  55620 | loss 5.7187 | lr 3.00e-04 | grad 0.80 | 32.8k tok/s | cert -7.85→-6.12 | ticks [6.557 6.100 5.490 5.457] | 228M tok | ETA 100.3h
Step  55630 | loss 5.8009 | lr 3.00e-04 | grad 0.77 | 32.8k tok/s | cert -7.54→-6.03 | ticks [7.120 5.906 5.720 5.699] | 228M tok | ETA 100.3h
Step  55640 | loss 5.8384 | lr 3.00e-04 | grad 0.92 | 32.8k tok/s | cert -7.94→-6.14 | ticks [6.830 6.487 5.746 5.720] | 228M tok | ETA 100.3h
Step  55650 | loss 5.8334 | lr 3.00e-04 | grad 0.79 | 32.6k tok/s | cert -7.67→-6.26 | ticks [7.080 6.659 5.855 5.823] | 228M tok | ETA 100.3h
Step  55660 | loss 5.8810 | lr 3.00e-04 | grad 0.82 | 32.9k tok/s | cert -7.91→-6.16 | ticks [6.460 6.104 5.516 5.480] | 228M tok | ETA 100.3h
Step  55670 | loss 5.9104 | lr 3.00e-04 | grad 1.00 | 32.8k tok/s | cert -7.18→-6.16 | ticks [7.321 6.559 5.853 5.818] | 228M tok | ETA 100.3h
Step  55680 | loss 5.8533 | lr 3.00e-04 | grad 0.71 | 32.5k tok/s | cert -7.57→-5.96 | ticks [7.107 6.105 5.597 5.560] | 228M tok | ETA 100.3h
Step  55690 | loss 6.0001 | lr 3.00e-04 | grad 0.91 | 32.7k tok/s | cert -8.70→-6.38 | ticks [6.609 6.276 5.777 5.750] | 228M tok | ETA 100.3h
Step  55700 | loss 5.8057 | lr 3.00e-04 | grad 0.71 | 32.9k tok/s | cert -7.49→-6.31 | ticks [6.999 6.704 5.840 5.809] | 228M tok | ETA 100.3h
Step  55710 | loss 5.8550 | lr 3.00e-04 | grad 0.80 | 32.5k tok/s | cert -7.90→-6.38 | ticks [7.080 6.353 5.880 5.851] | 228M tok | ETA 100.3h
Step  55720 | loss 5.9094 | lr 3.00e-04 | grad 0.75 | 32.9k tok/s | cert -7.26→-6.23 | ticks [7.030 5.980 5.690 5.661] | 228M tok | ETA 100.3h
Step  55730 | loss 5.7557 | lr 3.00e-04 | grad 0.72 | 32.5k tok/s | cert -7.97→-6.12 | ticks [6.557 6.304 5.480 5.445] | 228M tok | ETA 100.3h
Step  55740 | loss 5.7359 | lr 3.00e-04 | grad 0.74 | 32.8k tok/s | cert -7.87→-5.92 | ticks [6.835 6.279 5.492 5.460] | 228M tok | ETA 100.3h
Step  55750 | loss 5.6935 | lr 3.00e-04 | grad 1.02 | 32.2k tok/s | cert -8.32→-6.59 | ticks [7.003 6.715 6.266 6.230] | 228M tok | ETA 100.3h
Step  55760 | loss 5.8539 | lr 3.00e-04 | grad 0.91 | 32.7k tok/s | cert -6.92→-6.31 | ticks [7.183 6.348 5.760 5.736] | 228M tok | ETA 100.3h
Step  55770 | loss 5.7800 | lr 3.00e-04 | grad 0.89 | 32.9k tok/s | cert -8.70→-6.01 | ticks [6.872 6.319 5.796 5.768] | 228M tok | ETA 100.3h
Step  55780 | loss 5.8467 | lr 3.00e-04 | grad 1.12 | 32.3k tok/s | cert -7.89→-6.13 | ticks [6.760 6.317 5.898 5.859] | 228M tok | ETA 100.3h
Step  55790 | loss 5.8679 | lr 3.00e-04 | grad 0.74 | 32.8k tok/s | cert -8.87→-6.46 | ticks [7.172 6.687 6.100 6.080] | 229M tok | ETA 100.3h
Step  55800 | loss 5.8169 | lr 3.00e-04 | grad 0.83 | 32.5k tok/s | cert -7.17→-6.05 | ticks [7.483 6.209 5.822 5.793] | 229M tok | ETA 100.3h
Step  55810 | loss 5.9260 | lr 3.00e-04 | grad 0.84 | 32.9k tok/s | cert -8.31→-6.50 | ticks [7.102 6.669 5.977 5.946] | 229M tok | ETA 100.3h
Step  55820 | loss 5.9024 | lr 3.00e-04 | grad 0.95 | 32.6k tok/s | cert -7.63→-6.31 | ticks [7.099 6.564 6.034 5.998] | 229M tok | ETA 100.3h
Step  55830 | loss 5.8843 | lr 3.00e-04 | grad 0.91 | 32.9k tok/s | cert -7.06→-6.19 | ticks [6.933 6.314 5.710 5.681] | 229M tok | ETA 100.3h
Step  55840 | loss 5.7929 | lr 3.00e-04 | grad 1.22 | 32.5k tok/s | cert -8.16→-6.17 | ticks [6.940 6.780 5.883 5.852] | 229M tok | ETA 100.3h
Step  55850 | loss 5.7805 | lr 3.00e-04 | grad 0.97 | 32.8k tok/s | cert -8.68→-5.75 | ticks [6.440 5.987 5.376 5.347] | 229M tok | ETA 100.3h
Step  55860 | loss 5.8442 | lr 3.00e-04 | grad 0.80 | 32.0k tok/s | cert -7.54→-6.69 | ticks [7.397 6.552 6.075 6.053] | 229M tok | ETA 100.3h
Step  55870 | loss 5.8750 | lr 3.00e-04 | grad 1.20 | 32.6k tok/s | cert -7.86→-6.66 | ticks [6.973 6.954 5.849 5.829] | 229M tok | ETA 100.3h
Step  55880 | loss 5.8740 | lr 3.00e-04 | grad 0.83 | 32.7k tok/s | cert -8.06→-6.57 | ticks [7.144 6.570 6.074 6.048] | 229M tok | ETA 100.3h
Step  55890 | loss 5.8618 | lr 3.00e-04 | grad 0.79 | 32.8k tok/s | cert -7.02→-6.11 | ticks [6.821 6.455 5.603 5.577] | 229M tok | ETA 100.3h
Step  55900 | loss 5.7693 | lr 3.00e-04 | grad 1.04 | 33.0k tok/s | cert -8.11→-6.05 | ticks [6.864 5.932 5.592 5.555] | 229M tok | ETA 100.3h
Step  55910 | loss 5.8270 | lr 3.00e-04 | grad 1.09 | 32.6k tok/s | cert -7.92→-6.19 | ticks [6.545 6.252 5.690 5.659] | 229M tok | ETA 100.3h
Step  55920 | loss 5.7466 | lr 3.00e-04 | grad 1.20 | 32.9k tok/s | cert -7.47→-6.15 | ticks [6.837 5.974 5.485 5.464] | 229M tok | ETA 100.3h
Step  55930 | loss 5.9393 | lr 3.00e-04 | grad 0.79 | 32.7k tok/s | cert -8.71→-6.42 | ticks [7.219 6.523 5.998 5.972] | 229M tok | ETA 100.3h
Step  55940 | loss 5.8118 | lr 3.00e-04 | grad 0.93 | 32.6k tok/s | cert -7.98→-6.18 | ticks [6.733 6.762 5.816 5.782] | 229M tok | ETA 100.3h
Step  55950 | loss 5.7559 | lr 3.00e-04 | grad 1.15 | 32.8k tok/s | cert -8.89→-6.80 | ticks [7.076 7.011 6.110 6.093] | 229M tok | ETA 100.3h
Step  55960 | loss 5.8084 | lr 3.00e-04 | grad 1.05 | 32.8k tok/s | cert -7.67→-6.51 | ticks [7.148 6.385 6.101 6.085] | 229M tok | ETA 100.3h
Step  55970 | loss 5.7530 | lr 3.00e-04 | grad 0.93 | 32.7k tok/s | cert -8.19→-6.28 | ticks [6.992 6.519 5.995 5.965] | 229M tok | ETA 100.3h
Step  55980 | loss 5.7105 | lr 3.00e-04 | grad 0.81 | 32.5k tok/s | cert -7.63→-6.21 | ticks [7.021 6.308 5.860 5.835] | 229M tok | ETA 100.3h
Step  55990 | loss 5.8627 | lr 3.00e-04 | grad 1.31 | 33.1k tok/s | cert -7.32→-6.69 | ticks [7.204 6.520 6.061 6.040] | 229M tok | ETA 100.3h
Step  56000 | loss 5.8175 | lr 3.00e-04 | grad 0.84 | 32.9k tok/s | cert -8.39→-6.08 | ticks [6.388 5.909 5.586 5.537] | 229M tok | ETA 100.3h
Step  56010 | loss 5.8881 | lr 3.00e-04 | grad 1.23 | 32.9k tok/s | cert -8.31→-6.64 | ticks [6.877 6.373 6.069 6.040] | 229M tok | ETA 100.3h
Step  56020 | loss 5.8787 | lr 3.00e-04 | grad 0.98 | 32.5k tok/s | cert -7.40→-6.85 | ticks [7.431 7.008 6.302 6.272] | 229M tok | ETA 100.3h
Step  56030 | loss 5.9493 | lr 3.00e-04 | grad 0.79 | 33.0k tok/s | cert -8.66→-6.48 | ticks [6.853 6.824 5.927 5.900] | 230M tok | ETA 100.3h
Step  56040 | loss 6.0470 | lr 3.00e-04 | grad 1.12 | 33.0k tok/s | cert -7.31→-5.93 | ticks [7.510 5.614 5.308 5.271] | 230M tok | ETA 100.3h
Step  56050 | loss 5.7117 | lr 3.00e-04 | grad 0.87 | 32.9k tok/s | cert -8.44→-6.24 | ticks [6.772 6.633 5.851 5.808] | 230M tok | ETA 100.3h
Step  56060 | loss 5.8029 | lr 3.00e-04 | grad 0.97 | 32.9k tok/s | cert -7.81→-6.12 | ticks [6.634 6.080 5.556 5.530] | 230M tok | ETA 100.3h
Step  56070 | loss 5.7958 | lr 3.00e-04 | grad 0.78 | 32.8k tok/s | cert -7.81→-6.05 | ticks [6.809 6.198 5.744 5.714] | 230M tok | ETA 100.3h
Step  56080 | loss 5.7810 | lr 3.00e-04 | grad 0.73 | 32.8k tok/s | cert -8.01→-6.04 | ticks [7.355 6.437 5.729 5.700] | 230M tok | ETA 100.3h
Step  56090 | loss 5.8451 | lr 3.00e-04 | grad 0.95 | 32.6k tok/s | cert -8.30→-6.80 | ticks [6.999 7.265 6.164 6.143] | 230M tok | ETA 100.3h
Step  56100 | loss 5.8508 | lr 3.00e-04 | grad 0.78 | 32.7k tok/s | cert -7.23→-5.98 | ticks [7.069 6.335 5.610 5.575] | 230M tok | ETA 100.3h
Step  56110 | loss 5.7040 | lr 3.00e-04 | grad 0.78 | 32.9k tok/s | cert -7.68→-6.20 | ticks [6.908 6.272 5.735 5.708] | 230M tok | ETA 100.3h
Step  56120 | loss 5.8759 | lr 3.00e-04 | grad 0.76 | 32.5k tok/s | cert -7.39→-6.18 | ticks [6.720 6.488 5.698 5.666] | 230M tok | ETA 100.3h
Step  56130 | loss 5.7986 | lr 3.00e-04 | grad 0.84 | 32.5k tok/s | cert -8.17→-6.30 | ticks [6.727 6.382 5.655 5.621] | 230M tok | ETA 100.3h
Step  56140 | loss 5.7491 | lr 3.00e-04 | grad 0.81 | 32.6k tok/s | cert -8.12→-6.19 | ticks [6.832 6.341 5.770 5.747] | 230M tok | ETA 100.3h
Step  56150 | loss 5.5774 | lr 3.00e-04 | grad 0.78 | 32.6k tok/s | cert -8.87→-6.37 | ticks [7.090 6.475 5.933 5.905] | 230M tok | ETA 100.3h
Step  56160 | loss 5.7984 | lr 3.00e-04 | grad 1.41 | 32.7k tok/s | cert -8.80→-6.13 | ticks [7.371 6.350 5.964 5.931] | 230M tok | ETA 100.3h
Step  56170 | loss 5.8565 | lr 3.00e-04 | grad 0.76 | 32.7k tok/s | cert -7.55→-5.80 | ticks [7.366 5.978 5.543 5.513] | 230M tok | ETA 100.3h
Step  56180 | loss 5.9694 | lr 3.00e-04 | grad 1.09 | 32.6k tok/s | cert -8.37→-6.38 | ticks [6.896 6.275 5.822 5.788] | 230M tok | ETA 100.3h
Step  56190 | loss 5.8621 | lr 3.00e-04 | grad 0.75 | 32.9k tok/s | cert -8.52→-6.43 | ticks [6.830 6.690 5.929 5.900] | 230M tok | ETA 100.3h
Step  56200 | loss 5.7804 | lr 3.00e-04 | grad 0.83 | 32.7k tok/s | cert -7.43→-6.09 | ticks [7.316 6.440 5.533 5.507] | 230M tok | ETA 100.3h
Step  56210 | loss 5.9195 | lr 3.00e-04 | grad 1.02 | 32.5k tok/s | cert -8.32→-6.12 | ticks [6.777 6.508 5.913 5.885] | 230M tok | ETA 100.3h
Step  56220 | loss 5.8816 | lr 3.00e-04 | grad 1.24 | 32.8k tok/s | cert -8.88→-6.53 | ticks [6.856 6.343 5.959 5.933] | 230M tok | ETA 100.3h
Step  56230 | loss 5.9264 | lr 3.00e-04 | grad 0.81 | 32.5k tok/s | cert -7.84→-6.24 | ticks [6.590 6.554 5.643 5.612] | 230M tok | ETA 100.3h
Step  56240 | loss 5.8166 | lr 3.00e-04 | grad 1.34 | 32.8k tok/s | cert -8.47→-6.01 | ticks [7.354 6.190 5.865 5.830] | 230M tok | ETA 100.3h
Step  56250 | loss 5.9260 | lr 3.00e-04 | grad 0.77 | 32.6k tok/s | cert -7.92→-6.17 | ticks [6.738 6.499 5.691 5.665] | 230M tok | ETA 100.3h
Step  56260 | loss 5.8485 | lr 3.00e-04 | grad 0.93 | 32.7k tok/s | cert -7.10→-6.19 | ticks [7.004 6.441 5.969 5.938] | 230M tok | ETA 100.3h
Step  56270 | loss 5.8850 | lr 3.00e-04 | grad 1.16 | 33.1k tok/s | cert -7.41→-6.07 | ticks [6.339 5.725 5.480 5.414] | 230M tok | ETA 100.3h
Step  56280 | loss 5.7753 | lr 3.00e-04 | grad 0.85 | 33.0k tok/s | cert -7.84→-6.26 | ticks [7.215 7.049 5.949 5.920] | 231M tok | ETA 100.3h
Step  56290 | loss 5.7710 | lr 3.00e-04 | grad 0.86 | 32.9k tok/s | cert -7.43→-6.06 | ticks [6.653 6.234 5.506 5.470] | 231M tok | ETA 100.3h
Step  56300 | loss 5.8147 | lr 3.00e-04 | grad 0.93 | 32.8k tok/s | cert -7.54→-6.00 | ticks [6.602 5.890 5.628 5.589] | 231M tok | ETA 100.3h
Step  56310 | loss 5.4545 | lr 3.00e-04 | grad 0.92 | 33.1k tok/s | cert -6.80→-5.97 | ticks [6.711 5.585 5.310 5.256] | 231M tok | ETA 100.3h
Step  56320 | loss 5.7492 | lr 3.00e-04 | grad 0.93 | 33.0k tok/s | cert -8.05→-5.82 | ticks [6.766 6.241 5.585 5.547] | 231M tok | ETA 100.3h
Step  56330 | loss 5.7974 | lr 3.00e-04 | grad 1.11 | 33.0k tok/s | cert -8.04→-5.89 | ticks [6.376 6.588 5.109 5.078] | 231M tok | ETA 100.3h
Step  56340 | loss 5.9411 | lr 3.00e-04 | grad 0.91 | 32.8k tok/s | cert -7.91→-6.41 | ticks [7.302 6.621 6.053 6.035] | 231M tok | ETA 100.3h
Step  56350 | loss 5.8974 | lr 3.00e-04 | grad 0.69 | 32.9k tok/s | cert -7.92→-6.33 | ticks [7.093 6.644 5.945 5.917] | 231M tok | ETA 100.3h
Step  56360 | loss 5.8903 | lr 3.00e-04 | grad 0.77 | 32.7k tok/s | cert -8.34→-6.30 | ticks [6.864 6.537 5.890 5.864] | 231M tok | ETA 100.3h
Step  56370 | loss 5.8550 | lr 3.00e-04 | grad 0.82 | 32.5k tok/s | cert -8.24→-6.14 | ticks [7.022 6.621 5.893 5.862] | 231M tok | ETA 100.3h
Step  56380 | loss 5.6443 | lr 3.00e-04 | grad 0.81 | 32.6k tok/s | cert -6.97→-6.45 | ticks [7.262 6.842 5.979 5.955] | 231M tok | ETA 100.2h
Step  56390 | loss 5.9110 | lr 3.00e-04 | grad 0.96 | 32.8k tok/s | cert -8.59→-6.51 | ticks [7.088 6.537 6.042 6.015] | 231M tok | ETA 100.2h
Step  56400 | loss 5.9465 | lr 3.00e-04 | grad 0.79 | 32.7k tok/s | cert -8.36→-6.36 | ticks [7.336 6.170 5.784 5.761] | 231M tok | ETA 100.2h
Step  56410 | loss 5.9487 | lr 3.00e-04 | grad 1.57 | 32.9k tok/s | cert -8.68→-6.80 | ticks [6.985 6.449 6.194 6.166] | 231M tok | ETA 100.2h
Step  56420 | loss 5.7784 | lr 3.00e-04 | grad 1.45 | 32.4k tok/s | cert -8.91→-6.67 | ticks [7.100 6.468 6.131 6.105] | 231M tok | ETA 100.2h
Step  56430 | loss 5.7655 | lr 3.00e-04 | grad 1.07 | 32.7k tok/s | cert -7.82→-6.15 | ticks [6.540 6.564 5.424 5.397] | 231M tok | ETA 100.2h
Step  56440 | loss 5.7724 | lr 3.00e-04 | grad 0.96 | 32.7k tok/s | cert -8.10→-6.14 | ticks [7.553 6.121 5.807 5.784] | 231M tok | ETA 100.2h
Step  56450 | loss 5.8243 | lr 3.00e-04 | grad 1.29 | 32.7k tok/s | cert -9.34→-6.62 | ticks [7.154 6.449 6.025 6.007] | 231M tok | ETA 100.2h
Step  56460 | loss 5.9633 | lr 3.00e-04 | grad 1.34 | 32.9k tok/s | cert -9.01→-6.51 | ticks [7.073 6.176 5.887 5.867] | 231M tok | ETA 100.2h
Step  56470 | loss 5.9995 | lr 3.00e-04 | grad 0.91 | 32.7k tok/s | cert -8.60→-6.53 | ticks [7.084 7.025 6.137 6.108] | 231M tok | ETA 100.2h
Step  56480 | loss 5.9217 | lr 3.00e-04 | grad 1.25 | 32.9k tok/s | cert -8.96→-6.88 | ticks [7.383 6.677 6.225 6.190] | 231M tok | ETA 100.2h
Step  56490 | loss 5.8350 | lr 3.00e-04 | grad 1.45 | 32.8k tok/s | cert -8.87→-6.15 | ticks [6.877 6.441 6.010 5.984] | 231M tok | ETA 100.2h
Step  56500 | loss 5.9323 | lr 3.00e-04 | grad 1.00 | 33.1k tok/s | cert -6.85→-6.72 | ticks [7.283 6.637 5.960 5.928] | 231M tok | ETA 100.2h
Step  56510 | loss 5.7337 | lr 3.00e-04 | grad 0.80 | 33.1k tok/s | cert -7.89→-6.18 | ticks [7.382 6.272 5.898 5.871] | 231M tok | ETA 100.2h
Step  56520 | loss 5.7335 | lr 3.00e-04 | grad 1.02 | 32.9k tok/s | cert -8.26→-6.59 | ticks [6.966 6.958 6.075 6.037] | 232M tok | ETA 100.2h
Step  56530 | loss 6.0485 | lr 3.00e-04 | grad 1.54 | 32.8k tok/s | cert -8.72→-7.05 | ticks [7.368 7.264 6.722 6.687] | 232M tok | ETA 100.2h
Step  56540 | loss 5.8886 | lr 3.00e-04 | grad 0.96 | 32.5k tok/s | cert -7.83→-6.06 | ticks [7.035 6.402 5.784 5.757] | 232M tok | ETA 100.2h
Step  56550 | loss 5.8003 | lr 3.00e-04 | grad 0.82 | 33.0k tok/s | cert -7.66→-6.47 | ticks [7.410 6.174 5.902 5.870] | 232M tok | ETA 100.2h
Step  56560 | loss 5.7127 | lr 3.00e-04 | grad 1.34 | 32.5k tok/s | cert -8.89→-6.62 | ticks [6.971 6.383 5.992 5.962] | 232M tok | ETA 100.2h
Step  56570 | loss 5.7955 | lr 3.00e-04 | grad 0.80 | 32.7k tok/s | cert -8.35→-6.29 | ticks [6.881 6.041 5.781 5.757] | 232M tok | ETA 100.2h
Step  56580 | loss 5.8957 | lr 3.00e-04 | grad 0.84 | 32.6k tok/s | cert -7.85→-6.30 | ticks [6.693 6.421 5.835 5.798] | 232M tok | ETA 100.2h
Step  56590 | loss 5.8823 | lr 3.00e-04 | grad 0.75 | 32.8k tok/s | cert -7.78→-6.37 | ticks [6.741 6.303 5.854 5.831] | 232M tok | ETA 100.2h
Step  56600 | loss 5.8343 | lr 3.00e-04 | grad 0.69 | 32.5k tok/s | cert -7.73→-6.22 | ticks [6.995 6.258 5.908 5.877] | 232M tok | ETA 100.2h
Step  56610 | loss 5.9257 | lr 3.00e-04 | grad 0.89 | 32.8k tok/s | cert -9.13→-6.30 | ticks [7.348 6.018 5.782 5.755] | 232M tok | ETA 100.2h
Step  56620 | loss 5.8700 | lr 3.00e-04 | grad 0.75 | 32.7k tok/s | cert -8.12→-6.23 | ticks [6.763 6.292 5.878 5.842] | 232M tok | ETA 100.2h
Step  56630 | loss 5.7735 | lr 3.00e-04 | grad 2.03 | 32.9k tok/s | cert -7.13→-6.54 | ticks [7.043 6.624 5.971 5.950] | 232M tok | ETA 100.2h
Step  56640 | loss 5.8625 | lr 3.00e-04 | grad 0.71 | 32.7k tok/s | cert -7.58→-6.27 | ticks [7.035 6.344 5.761 5.734] | 232M tok | ETA 100.2h
Step  56650 | loss 5.8665 | lr 3.00e-04 | grad 0.80 | 32.9k tok/s | cert -8.26→-6.19 | ticks [6.820 6.569 5.798 5.763] | 232M tok | ETA 100.2h
Step  56660 | loss 5.7980 | lr 3.00e-04 | grad 0.76 | 32.8k tok/s | cert -8.71→-6.20 | ticks [6.904 6.539 5.983 5.961] | 232M tok | ETA 100.2h
Step  56670 | loss 5.8584 | lr 3.00e-04 | grad 1.01 | 33.0k tok/s | cert -8.18→-6.69 | ticks [6.944 6.497 6.038 6.013] | 232M tok | ETA 100.2h
Step  56680 | loss 5.9220 | lr 3.00e-04 | grad 0.96 | 32.9k tok/s | cert -8.48→-6.29 | ticks [7.071 6.379 5.847 5.821] | 232M tok | ETA 100.2h
Step  56690 | loss 5.7497 | lr 3.00e-04 | grad 0.91 | 32.9k tok/s | cert -7.36→-6.43 | ticks [6.947 6.420 5.855 5.833] | 232M tok | ETA 100.2h
Step  56700 | loss 5.8103 | lr 3.00e-04 | grad 1.18 | 32.9k tok/s | cert -9.09→-6.52 | ticks [7.324 6.316 6.157 6.119] | 232M tok | ETA 100.2h
Step  56710 | loss 5.8536 | lr 3.00e-04 | grad 1.26 | 32.3k tok/s | cert -7.08→-6.69 | ticks [7.186 6.284 5.928 5.900] | 232M tok | ETA 100.2h
Step  56720 | loss 5.9422 | lr 3.00e-04 | grad 0.86 | 32.9k tok/s | cert -8.97→-6.33 | ticks [7.315 6.565 5.989 5.966] | 232M tok | ETA 100.2h
Step  56730 | loss 5.8986 | lr 3.00e-04 | grad 1.12 | 32.7k tok/s | cert -8.13→-6.53 | ticks [7.300 6.104 5.842 5.822] | 232M tok | ETA 100.2h
Step  56740 | loss 5.8720 | lr 3.00e-04 | grad 0.92 | 32.8k tok/s | cert -9.13→-6.28 | ticks [6.818 5.974 5.830 5.795] | 232M tok | ETA 100.2h
Step  56750 | loss 5.9874 | lr 3.00e-04 | grad 0.82 | 32.6k tok/s | cert -8.56→-6.37 | ticks [6.719 6.606 5.800 5.776] | 232M tok | ETA 100.2h
Step  56760 | loss 5.8960 | lr 3.00e-04 | grad 1.01 | 32.8k tok/s | cert -7.39→-6.24 | ticks [6.981 6.185 5.676 5.649] | 232M tok | ETA 100.2h
Step  56770 | loss 5.7753 | lr 3.00e-04 | grad 0.86 | 32.9k tok/s | cert -7.72→-6.34 | ticks [6.994 6.374 5.779 5.748] | 233M tok | ETA 100.2h
Step  56780 | loss 5.8882 | lr 3.00e-04 | grad 1.02 | 32.6k tok/s | cert -8.83→-6.41 | ticks [7.562 6.489 5.884 5.852] | 233M tok | ETA 100.2h
Step  56790 | loss 5.7038 | lr 3.00e-04 | grad 1.06 | 32.7k tok/s | cert -7.53→-5.71 | ticks [6.631 5.961 5.507 5.483] | 233M tok | ETA 100.2h
Step  56800 | loss 5.8001 | lr 3.00e-04 | grad 1.31 | 32.4k tok/s | cert -7.04→-5.98 | ticks [7.552 6.535 5.981 5.950] | 233M tok | ETA 100.2h
Step  56810 | loss 5.7576 | lr 3.00e-04 | grad 0.77 | 32.7k tok/s | cert -8.06→-6.24 | ticks [6.820 6.246 5.777 5.750] | 233M tok | ETA 100.2h
Step  56820 | loss 5.9191 | lr 3.00e-04 | grad 0.82 | 32.7k tok/s | cert -8.42→-6.60 | ticks [6.967 6.848 6.095 6.067] | 233M tok | ETA 100.2h
Step  56830 | loss 5.8328 | lr 3.00e-04 | grad 0.88 | 33.0k tok/s | cert -8.61→-6.63 | ticks [6.832 6.772 5.961 5.925] | 233M tok | ETA 100.2h
Step  56840 | loss 5.7299 | lr 3.00e-04 | grad 0.82 | 32.8k tok/s | cert -8.40→-6.50 | ticks [6.944 6.273 5.903 5.874] | 233M tok | ETA 100.2h
Step  56850 | loss 5.8111 | lr 3.00e-04 | grad 0.80 | 33.0k tok/s | cert -7.25→-6.18 | ticks [6.856 6.698 5.483 5.450] | 233M tok | ETA 100.2h
Step  56860 | loss 6.0281 | lr 3.00e-04 | grad 0.77 | 32.8k tok/s | cert -8.67→-6.45 | ticks [6.878 6.449 5.937 5.915] | 233M tok | ETA 100.2h
Step  56870 | loss 5.7330 | lr 3.00e-04 | grad 1.06 | 32.7k tok/s | cert -7.18→-5.84 | ticks [6.617 6.104 5.535 5.508] | 233M tok | ETA 100.2h
Step  56880 | loss 5.7593 | lr 3.00e-04 | grad 1.41 | 33.1k tok/s | cert -8.28→-6.11 | ticks [6.996 6.515 6.037 6.012] | 233M tok | ETA 100.2h
Step  56890 | loss 5.7987 | lr 3.00e-04 | grad 0.80 | 33.0k tok/s | cert -6.48→-5.93 | ticks [7.445 5.959 5.713 5.688] | 233M tok | ETA 100.2h
Step  56900 | loss 5.8460 | lr 3.00e-04 | grad 1.39 | 32.9k tok/s | cert -8.15→-6.32 | ticks [7.155 6.233 6.028 6.005] | 233M tok | ETA 100.2h
Step  56910 | loss 5.8614 | lr 3.00e-04 | grad 0.93 | 32.9k tok/s | cert -7.29→-6.06 | ticks [7.152 6.384 5.763 5.719] | 233M tok | ETA 100.2h
Step  56920 | loss 5.7214 | lr 3.00e-04 | grad 0.96 | 32.9k tok/s | cert -7.86→-6.28 | ticks [6.901 6.425 5.905 5.879] | 233M tok | ETA 100.2h
Step  56930 | loss 5.7516 | lr 3.00e-04 | grad 1.71 | 32.4k tok/s | cert -7.71→-6.80 | ticks [7.331 6.604 6.238 6.221] | 233M tok | ETA 100.2h
Step  56940 | loss 6.2155 | lr 3.00e-04 | grad 1.39 | 32.8k tok/s | cert -9.08→-6.97 | ticks [7.204 6.568 6.350 6.333] | 233M tok | ETA 100.2h
Step  56950 | loss 5.8665 | lr 3.00e-04 | grad 0.93 | 32.9k tok/s | cert -7.08→-6.19 | ticks [6.707 6.486 5.638 5.610] | 233M tok | ETA 100.2h
Step  56960 | loss 5.8458 | lr 3.00e-04 | grad 0.90 | 32.8k tok/s | cert -7.59→-6.28 | ticks [7.197 6.428 5.854 5.824] | 233M tok | ETA 100.2h
Step  56970 | loss 5.7581 | lr 3.00e-04 | grad 0.80 | 32.9k tok/s | cert -8.23→-6.04 | ticks [6.960 5.942 5.637 5.611] | 233M tok | ETA 100.2h
Step  56980 | loss 5.7937 | lr 3.00e-04 | grad 0.98 | 32.3k tok/s | cert -8.48→-6.34 | ticks [7.589 6.317 5.906 5.868] | 233M tok | ETA 100.2h
Step  56990 | loss 6.0145 | lr 3.00e-04 | grad 0.73 | 32.4k tok/s | cert -8.04→-5.97 | ticks [7.129 6.163 5.709 5.678] | 233M tok | ETA 100.2h
Step  57000 | loss 5.7686 | lr 3.00e-04 | grad 0.86 | 32.8k tok/s | cert -6.72→-6.28 | ticks [7.172 6.643 5.893 5.860] | 233M tok | ETA 100.2h
Step  57010 | loss 5.8219 | lr 3.00e-04 | grad 0.81 | 32.7k tok/s | cert -8.53→-6.20 | ticks [7.113 6.396 5.773 5.739] | 234M tok | ETA 100.2h
Step  57020 | loss 6.0274 | lr 3.00e-04 | grad 0.87 | 32.7k tok/s | cert -9.14→-6.54 | ticks [7.402 7.262 6.044 6.018] | 234M tok | ETA 100.2h
Step  57030 | loss 5.9322 | lr 3.00e-04 | grad 0.77 | 32.7k tok/s | cert -8.00→-6.17 | ticks [6.969 6.511 5.835 5.812] | 234M tok | ETA 100.2h
Step  57040 | loss 5.8592 | lr 3.00e-04 | grad 0.84 | 33.0k tok/s | cert -8.32→-6.36 | ticks [6.897 6.611 5.994 5.973] | 234M tok | ETA 100.2h
Step  57050 | loss 5.7257 | lr 3.00e-04 | grad 1.04 | 32.6k tok/s | cert -8.23→-6.29 | ticks [6.582 6.691 5.698 5.668] | 234M tok | ETA 100.2h
Step  57060 | loss 5.8914 | lr 3.00e-04 | grad 1.51 | 32.8k tok/s | cert -8.16→-6.80 | ticks [7.284 6.708 6.172 6.139] | 234M tok | ETA 100.2h
Step  57070 | loss 5.7768 | lr 3.00e-04 | grad 1.41 | 33.1k tok/s | cert -6.75→-6.61 | ticks [7.444 6.390 6.066 6.046] | 234M tok | ETA 100.2h
Step  57080 | loss 5.9493 | lr 3.00e-04 | grad 1.05 | 33.0k tok/s | cert -7.61→-6.57 | ticks [6.984 6.453 5.846 5.813] | 234M tok | ETA 100.2h
Step  57090 | loss 5.7773 | lr 3.00e-04 | grad 0.82 | 32.8k tok/s | cert -8.21→-6.15 | ticks [7.557 6.245 5.792 5.766] | 234M tok | ETA 100.2h
Step  57100 | loss 6.0610 | lr 3.00e-04 | grad 0.96 | 33.0k tok/s | cert -8.95→-6.73 | ticks [7.445 6.447 6.234 6.210] | 234M tok | ETA 100.2h
Step  57110 | loss 5.8240 | lr 3.00e-04 | grad 0.85 | 32.9k tok/s | cert -8.33→-6.25 | ticks [6.716 6.232 5.673 5.647] | 234M tok | ETA 100.2h
Step  57120 | loss 5.9987 | lr 3.00e-04 | grad 1.03 | 32.7k tok/s | cert -8.20→-6.41 | ticks [7.222 6.400 6.101 6.065] | 234M tok | ETA 100.2h
Step  57130 | loss 6.0543 | lr 3.00e-04 | grad 0.79 | 32.5k tok/s | cert -8.56→-6.24 | ticks [7.099 6.659 5.851 5.820] | 234M tok | ETA 100.2h
Step  57140 | loss 5.7915 | lr 3.00e-04 | grad 1.02 | 32.7k tok/s | cert -8.14→-6.05 | ticks [6.799 6.210 5.819 5.793] | 234M tok | ETA 100.2h
Step  57150 | loss 6.0268 | lr 3.00e-04 | grad 0.82 | 32.6k tok/s | cert -8.03→-6.34 | ticks [7.265 6.161 5.979 5.951] | 234M tok | ETA 100.2h
Step  57160 | loss 5.9296 | lr 3.00e-04 | grad 0.87 | 33.0k tok/s | cert -9.25→-6.41 | ticks [7.187 6.297 6.136 6.113] | 234M tok | ETA 100.2h
Step  57170 | loss 5.8355 | lr 3.00e-04 | grad 0.76 | 32.9k tok/s | cert -7.18→-6.25 | ticks [7.026 6.335 5.821 5.801] | 234M tok | ETA 100.2h
Step  57180 | loss 5.8668 | lr 3.00e-04 | grad 2.89 | 32.6k tok/s | cert -7.50→-6.93 | ticks [7.032 7.119 6.009 5.986] | 234M tok | ETA 100.2h
Step  57190 | loss 5.8583 | lr 3.00e-04 | grad 0.96 | 32.8k tok/s | cert -8.53→-6.62 | ticks [6.855 6.529 6.024 5.996] | 234M tok | ETA 100.2h
Step  57200 | loss 6.0034 | lr 3.00e-04 | grad 1.09 | 32.6k tok/s | cert -7.05→-5.77 | ticks [6.676 6.271 5.424 5.386] | 234M tok | ETA 100.2h
Step  57210 | loss 5.8732 | lr 3.00e-04 | grad 0.71 | 33.1k tok/s | cert -8.35→-6.24 | ticks [7.083 6.208 5.663 5.644] | 234M tok | ETA 100.2h
Step  57220 | loss 5.8696 | lr 3.00e-04 | grad 0.74 | 32.8k tok/s | cert -7.97→-5.99 | ticks [6.812 6.254 5.798 5.785] | 234M tok | ETA 100.2h
Step  57230 | loss 5.8706 | lr 3.00e-04 | grad 0.80 | 32.7k tok/s | cert -8.07→-6.31 | ticks [7.007 6.576 5.771 5.749] | 234M tok | ETA 100.2h
Step  57240 | loss 5.7523 | lr 3.00e-04 | grad 0.70 | 32.7k tok/s | cert -7.53→-6.07 | ticks [6.842 6.367 5.612 5.583] | 234M tok | ETA 100.2h
Step  57250 | loss 5.7327 | lr 3.00e-04 | grad 0.97 | 32.2k tok/s | cert -7.69→-6.32 | ticks [6.806 6.148 5.824 5.792] | 235M tok | ETA 100.2h
Step  57260 | loss 5.9681 | lr 3.00e-04 | grad 1.81 | 32.3k tok/s | cert -9.60→-7.19 | ticks [7.329 6.661 6.314 6.298] | 235M tok | ETA 100.2h
Step  57270 | loss 6.0557 | lr 3.00e-04 | grad 1.05 | 32.5k tok/s | cert -7.92→-6.48 | ticks [7.261 6.554 6.135 6.113] | 235M tok | ETA 100.2h
Step  57280 | loss 5.9676 | lr 3.00e-04 | grad 1.32 | 32.0k tok/s | cert -7.47→-7.13 | ticks [7.605 7.076 6.442 6.411] | 235M tok | ETA 100.2h
Step  57290 | loss 5.8092 | lr 3.00e-04 | grad 0.82 | 32.6k tok/s | cert -7.64→-6.24 | ticks [6.856 6.161 5.812 5.785] | 235M tok | ETA 100.2h
Step  57300 | loss 5.8908 | lr 3.00e-04 | grad 0.86 | 32.3k tok/s | cert -7.55→-6.34 | ticks [6.923 6.322 5.780 5.741] | 235M tok | ETA 100.2h
Step  57310 | loss 5.8196 | lr 3.00e-04 | grad 1.12 | 32.5k tok/s | cert -8.31→-6.19 | ticks [7.126 6.599 6.046 6.024] | 235M tok | ETA 100.2h
Step  57320 | loss 5.7970 | lr 3.00e-04 | grad 1.55 | 32.6k tok/s | cert -7.82→-6.57 | ticks [6.860 6.402 5.884 5.858] | 235M tok | ETA 100.2h
Step  57330 | loss 5.8708 | lr 3.00e-04 | grad 1.09 | 31.8k tok/s | cert -7.52→-6.64 | ticks [7.259 6.905 6.147 6.124] | 235M tok | ETA 100.2h
Step  57340 | loss 5.8960 | lr 3.00e-04 | grad 0.90 | 32.5k tok/s | cert -7.02→-6.29 | ticks [7.106 6.306 5.996 5.960] | 235M tok | ETA 100.2h
Step  57350 | loss 5.8654 | lr 3.00e-04 | grad 1.22 | 32.5k tok/s | cert -8.30→-6.61 | ticks [6.782 6.814 5.915 5.895] | 235M tok | ETA 100.2h
Step  57360 | loss 5.7826 | lr 3.00e-04 | grad 1.72 | 32.6k tok/s | cert -8.17→-6.22 | ticks [6.390 5.890 5.363 5.342] | 235M tok | ETA 100.2h
Step  57370 | loss 5.6596 | lr 3.00e-04 | grad 1.10 | 32.2k tok/s | cert -8.35→-6.29 | ticks [6.477 6.042 5.438 5.404] | 235M tok | ETA 100.2h
Step  57380 | loss 5.8322 | lr 3.00e-04 | grad 1.04 | 31.9k tok/s | cert -8.64→-6.37 | ticks [7.032 6.585 6.035 6.013] | 235M tok | ETA 100.2h
Step  57390 | loss 5.7375 | lr 3.00e-04 | grad 0.80 | 31.6k tok/s | cert -6.95→-6.43 | ticks [7.114 6.587 5.826 5.801] | 235M tok | ETA 100.2h
Step  57400 | loss 5.8869 | lr 3.00e-04 | grad 0.77 | 32.3k tok/s | cert -7.80→-6.32 | ticks [7.319 6.317 5.930 5.900] | 235M tok | ETA 100.2h
Step  57410 | loss 6.1768 | lr 3.00e-04 | grad 1.20 | 32.7k tok/s | cert -8.85→-6.40 | ticks [6.693 6.267 5.857 5.825] | 235M tok | ETA 100.2h
Step  57420 | loss 5.7384 | lr 3.00e-04 | grad 0.79 | 32.5k tok/s | cert -7.85→-5.89 | ticks [6.728 6.097 5.493 5.460] | 235M tok | ETA 100.2h
Step  57430 | loss 5.7772 | lr 3.00e-04 | grad 0.87 | 32.4k tok/s | cert -8.47→-6.28 | ticks [6.516 6.331 5.719 5.698] | 235M tok | ETA 100.2h
Step  57440 | loss 5.6442 | lr 3.00e-04 | grad 1.38 | 32.7k tok/s | cert -8.82→-6.64 | ticks [7.167 6.246 5.976 5.956] | 235M tok | ETA 100.2h
Step  57450 | loss 5.9304 | lr 3.00e-04 | grad 1.59 | 32.6k tok/s | cert -9.18→-6.60 | ticks [7.333 6.764 5.972 5.947] | 235M tok | ETA 100.2h
Step  57460 | loss 5.8247 | lr 3.00e-04 | grad 1.45 | 32.6k tok/s | cert -7.25→-6.38 | ticks [6.734 6.296 5.610 5.587] | 235M tok | ETA 100.2h
Step  57470 | loss 5.8505 | lr 3.00e-04 | grad 0.92 | 32.7k tok/s | cert -7.98→-5.81 | ticks [6.558 6.424 5.599 5.574] | 235M tok | ETA 100.2h
Step  57480 | loss 5.7467 | lr 3.00e-04 | grad 0.83 | 32.7k tok/s | cert -8.20→-6.11 | ticks [6.454 5.987 5.491 5.457] | 235M tok | ETA 100.2h
Step  57490 | loss 5.7069 | lr 3.00e-04 | grad 1.04 | 32.0k tok/s | cert -7.84→-5.96 | ticks [6.925 6.017 5.327 5.297] | 235M tok | ETA 100.2h
Step  57500 | loss 5.7733 | lr 3.00e-04 | grad 1.02 | 32.3k tok/s | cert -8.21→-5.98 | ticks [6.825 6.416 5.580 5.537] | 236M tok | ETA 100.2h
Step  57510 | loss 5.7413 | lr 3.00e-04 | grad 0.87 | 32.1k tok/s | cert -5.43→-5.64 | ticks [7.697 6.094 5.320 5.279] | 236M tok | ETA 100.2h
Step  57520 | loss 5.8269 | lr 3.00e-04 | grad 1.30 | 31.9k tok/s | cert -8.21→-6.30 | ticks [7.090 6.612 5.930 5.902] | 236M tok | ETA 100.2h
Step  57530 | loss 5.7700 | lr 3.00e-04 | grad 0.92 | 31.8k tok/s | cert -7.90→-6.07 | ticks [6.956 6.244 5.738 5.713] | 236M tok | ETA 100.2h
Step  57540 | loss 5.8080 | lr 3.00e-04 | grad 1.08 | 32.5k tok/s | cert -8.69→-6.70 | ticks [7.027 6.704 5.999 5.973] | 236M tok | ETA 100.2h
Step  57550 | loss 5.6889 | lr 3.00e-04 | grad 0.79 | 32.3k tok/s | cert -8.30→-5.95 | ticks [6.506 6.081 5.607 5.580] | 236M tok | ETA 100.2h
Step  57560 | loss 5.6962 | lr 3.00e-04 | grad 1.22 | 31.9k tok/s | cert -7.64→-5.68 | ticks [7.017 5.823 5.557 5.526] | 236M tok | ETA 100.1h
Step  57570 | loss 5.7300 | lr 3.00e-04 | grad 0.83 | 32.5k tok/s | cert -8.53→-5.95 | ticks [6.559 5.764 5.542 5.519] | 236M tok | ETA 100.1h
Step  57580 | loss 5.8460 | lr 3.00e-04 | grad 1.00 | 31.2k tok/s | cert -7.59→-6.45 | ticks [7.092 6.472 5.873 5.854] | 236M tok | ETA 100.1h
Step  57590 | loss 5.6854 | lr 3.00e-04 | grad 1.07 | 32.2k tok/s | cert -7.75→-6.43 | ticks [7.425 6.583 5.803 5.762] | 236M tok | ETA 100.1h
Step  57600 | loss 5.7693 | lr 3.00e-04 | grad 0.87 | 32.4k tok/s | cert -8.59→-6.39 | ticks [7.286 6.613 5.887 5.861] | 236M tok | ETA 100.1h
Step  57610 | loss 5.7908 | lr 3.00e-04 | grad 0.79 | 32.7k tok/s | cert -8.43→-6.10 | ticks [6.964 6.303 5.606 5.573] | 236M tok | ETA 100.1h
Step  57620 | loss 5.8965 | lr 3.00e-04 | grad 0.96 | 32.6k tok/s | cert -7.87→-6.13 | ticks [6.894 6.264 5.844 5.815] | 236M tok | ETA 100.1h
Step  57630 | loss 5.7259 | lr 3.00e-04 | grad 0.80 | 32.7k tok/s | cert -8.25→-6.34 | ticks [7.536 6.655 5.919 5.895] | 236M tok | ETA 100.1h
Step  57640 | loss 5.8971 | lr 3.00e-04 | grad 0.93 | 32.3k tok/s | cert -8.66→-6.14 | ticks [7.037 6.576 5.927 5.900] | 236M tok | ETA 100.1h
Step  57650 | loss 5.8280 | lr 3.00e-04 | grad 1.09 | 32.4k tok/s | cert -8.23→-6.38 | ticks [6.885 6.556 6.016 5.997] | 236M tok | ETA 100.1h
Step  57660 | loss 5.7747 | lr 3.00e-04 | grad 0.76 | 32.5k tok/s | cert -7.24→-5.89 | ticks [7.027 5.707 5.310 5.282] | 236M tok | ETA 100.1h
Step  57670 | loss 5.7540 | lr 3.00e-04 | grad 0.65 | 32.5k tok/s | cert -5.88→-5.89 | ticks [7.374 6.397 5.582 5.553] | 236M tok | ETA 100.1h
Step  57680 | loss 5.7862 | lr 3.00e-04 | grad 0.87 | 32.7k tok/s | cert -6.42→-6.17 | ticks [6.627 6.345 5.443 5.412] | 236M tok | ETA 100.1h
Step  57690 | loss 5.8146 | lr 3.00e-04 | grad 0.88 | 32.7k tok/s | cert -7.49→-5.88 | ticks [6.714 5.966 5.474 5.447] | 236M tok | ETA 100.1h
Step  57700 | loss 5.7468 | lr 3.00e-04 | grad 0.82 | 32.2k tok/s | cert -8.06→-6.12 | ticks [6.555 6.359 5.653 5.625] | 236M tok | ETA 100.1h
Step  57710 | loss 5.9173 | lr 3.00e-04 | grad 0.71 | 31.6k tok/s | cert -7.34→-6.07 | ticks [7.084 6.364 5.790 5.759] | 236M tok | ETA 100.1h
Step  57720 | loss 5.8421 | lr 3.00e-04 | grad 0.82 | 32.9k tok/s | cert -8.34→-6.16 | ticks [7.386 6.356 5.656 5.617] | 236M tok | ETA 100.1h
Step  57730 | loss 5.7629 | lr 3.00e-04 | grad 1.80 | 32.3k tok/s | cert -8.15→-5.90 | ticks [7.132 6.471 5.946 5.911] | 236M tok | ETA 100.1h
Step  57740 | loss 5.7093 | lr 3.00e-04 | grad 1.15 | 31.9k tok/s | cert -7.72→-5.94 | ticks [6.461 6.393 5.568 5.541] | 237M tok | ETA 100.1h
Step  57750 | loss 5.6923 | lr 3.00e-04 | grad 0.89 | 32.1k tok/s | cert -8.27→-6.28 | ticks [6.555 6.387 5.768 5.732] | 237M tok | ETA 100.1h
Step  57760 | loss 5.8120 | lr 3.00e-04 | grad 0.94 | 32.1k tok/s | cert -8.23→-6.37 | ticks [7.089 6.500 5.920 5.892] | 237M tok | ETA 100.1h
Step  57770 | loss 5.7902 | lr 3.00e-04 | grad 0.75 | 32.8k tok/s | cert -8.73→-5.92 | ticks [6.784 6.016 5.354 5.314] | 237M tok | ETA 100.1h
Step  57780 | loss 5.8006 | lr 3.00e-04 | grad 1.02 | 32.8k tok/s | cert -8.82→-6.58 | ticks [7.162 7.003 6.048 6.020] | 237M tok | ETA 100.1h
Step  57790 | loss 5.6850 | lr 3.00e-04 | grad 0.84 | 32.0k tok/s | cert -6.97→-6.13 | ticks [7.193 6.693 5.625 5.592] | 237M tok | ETA 100.1h
Step  57800 | loss 5.8402 | lr 3.00e-04 | grad 0.87 | 31.7k tok/s | cert -8.63→-6.34 | ticks [7.260 6.813 5.811 5.780] | 237M tok | ETA 100.1h
Step  57810 | loss 5.6936 | lr 3.00e-04 | grad 2.08 | 31.4k tok/s | cert -9.17→-6.43 | ticks [6.808 6.166 5.582 5.577] | 237M tok | ETA 100.1h
Step  57820 | loss 5.7868 | lr 3.00e-04 | grad 0.90 | 32.4k tok/s | cert -7.77→-6.29 | ticks [6.919 6.497 5.758 5.731] | 237M tok | ETA 100.1h
Step  57830 | loss 5.8215 | lr 3.00e-04 | grad 0.88 | 32.4k tok/s | cert -8.11→-6.16 | ticks [6.944 6.510 5.762 5.732] | 237M tok | ETA 100.1h
Step  57840 | loss 5.6785 | lr 3.00e-04 | grad 1.21 | 32.4k tok/s | cert -6.14→-6.23 | ticks [7.573 6.124 5.702 5.677] | 237M tok | ETA 100.1h
Step  57850 | loss 5.7474 | lr 3.00e-04 | grad 1.19 | 32.9k tok/s | cert -7.91→-5.73 | ticks [6.663 6.062 5.485 5.449] | 237M tok | ETA 100.1h
Step  57860 | loss 5.8708 | lr 3.00e-04 | grad 1.12 | 31.8k tok/s | cert -8.63→-6.51 | ticks [6.849 6.613 5.920 5.902] | 237M tok | ETA 100.1h
Step  57870 | loss 6.0306 | lr 3.00e-04 | grad 1.02 | 32.1k tok/s | cert -9.40→-6.83 | ticks [7.233 6.597 6.272 6.251] | 237M tok | ETA 100.1h
Step  57880 | loss 5.8065 | lr 3.00e-04 | grad 1.27 | 32.6k tok/s | cert -7.36→-5.97 | ticks [6.902 6.521 5.722 5.689] | 237M tok | ETA 100.1h
Step  57890 | loss 5.6938 | lr 3.00e-04 | grad 0.80 | 32.6k tok/s | cert -7.27→-5.86 | ticks [6.314 5.931 5.357 5.320] | 237M tok | ETA 100.1h
Step  57900 | loss 5.8744 | lr 3.00e-04 | grad 0.99 | 31.6k tok/s | cert -8.70→-6.29 | ticks [6.750 6.695 5.970 5.952] | 237M tok | ETA 100.1h
Step  57910 | loss 5.8533 | lr 3.00e-04 | grad 1.59 | 31.8k tok/s | cert -8.33→-6.40 | ticks [7.244 6.349 5.771 5.760] | 237M tok | ETA 100.1h
Step  57920 | loss 5.7371 | lr 3.00e-04 | grad 0.88 | 32.2k tok/s | cert -9.21→-6.43 | ticks [7.114 6.658 6.027 6.004] | 237M tok | ETA 100.1h
Step  57930 | loss 5.9260 | lr 3.00e-04 | grad 0.76 | 32.3k tok/s | cert -8.83→-6.15 | ticks [6.776 6.340 5.787 5.751] | 237M tok | ETA 100.1h
Step  57940 | loss 5.7497 | lr 3.00e-04 | grad 1.22 | 32.0k tok/s | cert -8.47→-5.96 | ticks [6.738 6.491 5.865 5.838] | 237M tok | ETA 100.1h
Step  57950 | loss 5.8079 | lr 3.00e-04 | grad 0.91 | 31.8k tok/s | cert -8.39→-6.45 | ticks [6.917 6.111 5.934 5.912] | 237M tok | ETA 100.1h
Step  57960 | loss 5.8128 | lr 3.00e-04 | grad 0.70 | 32.6k tok/s | cert -8.17→-5.81 | ticks [6.490 5.947 5.303 5.273] | 237M tok | ETA 100.1h
Step  57970 | loss 5.7058 | lr 3.00e-04 | grad 0.77 | 32.6k tok/s | cert -8.02→-6.07 | ticks [6.956 6.189 5.743 5.716] | 237M tok | ETA 100.1h
Step  57980 | loss 5.8015 | lr 3.00e-04 | grad 0.93 | 32.7k tok/s | cert -7.93→-6.23 | ticks [6.659 6.291 5.769 5.746] | 237M tok | ETA 100.1h
Step  57990 | loss 5.6517 | lr 3.00e-04 | grad 0.75 | 32.9k tok/s | cert -7.92→-6.10 | ticks [6.620 6.318 5.530 5.497] | 238M tok | ETA 100.1h
Step  58000 | loss 5.8505 | lr 3.00e-04 | grad 0.93 | 32.9k tok/s | cert -7.46→-6.32 | ticks [7.118 6.472 6.079 6.052] | 238M tok | ETA 100.1h
Step  58010 | loss 6.0445 | lr 3.00e-04 | grad 1.16 | 32.3k tok/s | cert -8.07→-6.36 | ticks [6.984 6.368 6.038 6.012] | 238M tok | ETA 100.1h
Step  58020 | loss 5.8452 | lr 3.00e-04 | grad 0.82 | 31.8k tok/s | cert -7.02→-6.24 | ticks [7.521 6.362 5.811 5.786] | 238M tok | ETA 100.1h
Step  58030 | loss 5.8821 | lr 3.00e-04 | grad 0.98 | 32.2k tok/s | cert -7.95→-5.84 | ticks [6.633 5.956 5.553 5.525] | 238M tok | ETA 100.1h
Step  58040 | loss 5.9155 | lr 3.00e-04 | grad 0.70 | 32.4k tok/s | cert -8.30→-6.15 | ticks [7.003 6.391 5.742 5.706] | 238M tok | ETA 100.1h
Step  58050 | loss 5.9224 | lr 3.00e-04 | grad 1.12 | 32.1k tok/s | cert -8.04→-5.90 | ticks [6.842 6.035 5.688 5.657] | 238M tok | ETA 100.1h
Step  58060 | loss 5.8805 | lr 3.00e-04 | grad 1.04 | 32.4k tok/s | cert -7.13→-6.64 | ticks [7.605 6.656 6.228 6.198] | 238M tok | ETA 100.1h
Step  58070 | loss 5.8140 | lr 3.00e-04 | grad 1.27 | 32.5k tok/s | cert -7.59→-6.78 | ticks [7.166 6.689 6.148 6.115] | 238M tok | ETA 100.1h
Step  58080 | loss 5.7764 | lr 3.00e-04 | grad 0.89 | 32.5k tok/s | cert -7.11→-6.34 | ticks [7.360 7.270 6.019 5.996] | 238M tok | ETA 100.1h
Step  58090 | loss 5.6843 | lr 3.00e-04 | grad 0.96 | 32.9k tok/s | cert -7.47→-6.02 | ticks [6.878 6.301 5.708 5.684] | 238M tok | ETA 100.1h
Step  58100 | loss 5.9706 | lr 3.00e-04 | grad 1.15 | 32.6k tok/s | cert -7.57→-5.97 | ticks [6.677 6.258 5.746 5.728] | 238M tok | ETA 100.1h
Step  58110 | loss 5.7874 | lr 3.00e-04 | grad 1.22 | 32.0k tok/s | cert -8.44→-6.02 | ticks [6.659 5.830 5.612 5.577] | 238M tok | ETA 100.1h
Step  58120 | loss 6.2080 | lr 3.00e-04 | grad 1.26 | 32.9k tok/s | cert -7.93→-5.91 | ticks [6.679 6.314 5.802 5.780] | 238M tok | ETA 100.1h
Step  58130 | loss 5.8986 | lr 3.00e-04 | grad 0.94 | 32.2k tok/s | cert -7.73→-6.24 | ticks [6.810 6.000 5.680 5.660] | 238M tok | ETA 100.1h
Step  58140 | loss 5.8931 | lr 3.00e-04 | grad 0.88 | 32.8k tok/s | cert -8.22→-6.76 | ticks [7.190 6.742 6.189 6.163] | 238M tok | ETA 100.1h
Step  58150 | loss 5.9012 | lr 3.00e-04 | grad 0.92 | 32.3k tok/s | cert -8.36→-6.19 | ticks [6.693 6.030 5.746 5.715] | 238M tok | ETA 100.1h
Step  58160 | loss 5.8161 | lr 3.00e-04 | grad 1.00 | 32.2k tok/s | cert -7.91→-6.43 | ticks [6.974 6.844 5.819 5.790] | 238M tok | ETA 100.1h
Step  58170 | loss 5.8280 | lr 3.00e-04 | grad 1.04 | 32.1k tok/s | cert -8.94→-6.60 | ticks [6.982 6.086 5.946 5.917] | 238M tok | ETA 100.1h
Step  58180 | loss 5.7505 | lr 3.00e-04 | grad 0.88 | 32.5k tok/s | cert -8.34→-6.12 | ticks [6.755 6.441 5.815 5.778] | 238M tok | ETA 100.1h
Step  58190 | loss 5.7985 | lr 3.00e-04 | grad 0.83 | 32.4k tok/s | cert -6.63→-5.92 | ticks [6.814 5.915 5.388 5.357] | 238M tok | ETA 100.1h
Step  58200 | loss 5.8246 | lr 3.00e-04 | grad 0.95 | 31.8k tok/s | cert -8.33→-6.32 | ticks [6.909 6.563 5.683 5.659] | 238M tok | ETA 100.1h
Step  58210 | loss 5.8105 | lr 3.00e-04 | grad 0.98 | 32.7k tok/s | cert -7.66→-6.06 | ticks [6.573 6.086 5.646 5.613] | 238M tok | ETA 100.1h
Step  58220 | loss 5.7345 | lr 3.00e-04 | grad 0.87 | 32.7k tok/s | cert -7.82→-5.76 | ticks [6.314 6.447 5.181 5.149] | 238M tok | ETA 100.1h
Step  58230 | loss 5.5874 | lr 3.00e-04 | grad 1.11 | 32.6k tok/s | cert -7.34→-5.87 | ticks [6.575 5.482 5.141 5.109] | 239M tok | ETA 100.1h
Step  58240 | loss 5.8006 | lr 3.00e-04 | grad 0.77 | 30.4k tok/s | cert -8.71→-6.35 | ticks [6.944 6.474 5.923 5.893] | 239M tok | ETA 100.1h
Step  58250 | loss 5.5708 | lr 3.00e-04 | grad 0.98 | 32.9k tok/s | cert -7.32→-6.44 | ticks [7.222 7.220 5.975 5.953] | 239M tok | ETA 100.1h
Step  58260 | loss 5.8619 | lr 3.00e-04 | grad 1.91 | 32.6k tok/s | cert -7.76→-7.14 | ticks [7.493 6.714 6.429 6.403] | 239M tok | ETA 100.1h
Step  58270 | loss 5.8775 | lr 3.00e-04 | grad 1.66 | 32.7k tok/s | cert -7.68→-6.50 | ticks [6.901 6.226 5.571 5.532] | 239M tok | ETA 100.1h
Step  58280 | loss 5.8322 | lr 3.00e-04 | grad 1.02 | 32.5k tok/s | cert -8.83→-6.22 | ticks [6.595 6.190 5.586 5.560] | 239M tok | ETA 100.1h
Step  58290 | loss 5.8196 | lr 3.00e-04 | grad 0.91 | 32.7k tok/s | cert -6.05→-5.80 | ticks [7.383 5.774 5.509 5.472] | 239M tok | ETA 100.1h
Step  58300 | loss 5.9003 | lr 3.00e-04 | grad 1.11 | 32.6k tok/s | cert -8.14→-6.15 | ticks [6.875 6.034 5.453 5.434] | 239M tok | ETA 100.1h
Step  58310 | loss 5.7654 | lr 3.00e-04 | grad 1.29 | 32.9k tok/s | cert -8.25→-6.28 | ticks [6.969 6.188 5.779 5.754] | 239M tok | ETA 100.1h
Step  58320 | loss 5.9137 | lr 3.00e-04 | grad 0.82 | 32.7k tok/s | cert -8.99→-6.41 | ticks [6.978 6.436 5.818 5.788] | 239M tok | ETA 100.1h
Step  58330 | loss 5.6381 | lr 3.00e-04 | grad 0.82 | 32.7k tok/s | cert -8.22→-6.12 | ticks [6.502 6.057 5.399 5.366] | 239M tok | ETA 100.1h
Step  58340 | loss 5.7170 | lr 3.00e-04 | grad 0.90 | 33.1k tok/s | cert -7.69→-6.32 | ticks [7.168 6.649 5.951 5.921] | 239M tok | ETA 100.1h
Step  58350 | loss 5.8223 | lr 3.00e-04 | grad 0.74 | 32.6k tok/s | cert -8.69→-5.53 | ticks [7.282 5.814 5.306 5.281] | 239M tok | ETA 100.1h
Step  58360 | loss 5.7504 | lr 3.00e-04 | grad 0.84 | 32.8k tok/s | cert -8.26→-5.87 | ticks [6.390 6.061 5.441 5.415] | 239M tok | ETA 100.1h
Step  58370 | loss 5.7540 | lr 3.00e-04 | grad 1.02 | 32.2k tok/s | cert -9.31→-6.71 | ticks [7.006 6.344 6.192 6.158] | 239M tok | ETA 100.1h
Step  58380 | loss 5.8564 | lr 3.00e-04 | grad 1.05 | 32.9k tok/s | cert -7.35→-6.19 | ticks [7.148 6.182 5.839 5.812] | 239M tok | ETA 100.1h
Step  58390 | loss 5.7104 | lr 3.00e-04 | grad 0.85 | 32.3k tok/s | cert -8.54→-5.94 | ticks [6.913 6.037 5.598 5.572] | 239M tok | ETA 100.1h
Step  58400 | loss 5.8108 | lr 3.00e-04 | grad 1.06 | 32.5k tok/s | cert -7.89→-6.21 | ticks [6.827 5.915 5.683 5.652] | 239M tok | ETA 100.1h
Step  58410 | loss 5.6481 | lr 3.00e-04 | grad 0.87 | 32.6k tok/s | cert -7.65→-6.13 | ticks [6.682 5.983 5.701 5.676] | 239M tok | ETA 100.1h
Step  58420 | loss 5.8126 | lr 3.00e-04 | grad 0.88 | 32.6k tok/s | cert -7.57→-6.03 | ticks [6.776 5.859 5.658 5.637] | 239M tok | ETA 100.1h
Step  58430 | loss 5.7280 | lr 3.00e-04 | grad 0.78 | 32.6k tok/s | cert -7.10→-5.85 | ticks [6.561 5.632 5.385 5.358] | 239M tok | ETA 100.1h
Step  58440 | loss 5.7624 | lr 3.00e-04 | grad 0.89 | 32.7k tok/s | cert -7.93→-6.30 | ticks [6.788 6.109 5.632 5.602] | 239M tok | ETA 100.1h
Step  58450 | loss 5.8329 | lr 3.00e-04 | grad 1.21 | 32.9k tok/s | cert -7.58→-6.28 | ticks [7.226 6.282 5.533 5.501] | 239M tok | ETA 100.1h
Step  58460 | loss 5.6640 | lr 3.00e-04 | grad 1.15 | 32.6k tok/s | cert -7.99→-5.98 | ticks [6.742 6.363 5.729 5.702] | 239M tok | ETA 100.1h
Step  58470 | loss 5.8034 | lr 3.00e-04 | grad 0.84 | 32.4k tok/s | cert -7.21→-5.92 | ticks [6.684 5.812 5.313 5.269] | 239M tok | ETA 100.1h
Step  58480 | loss 5.7989 | lr 3.00e-04 | grad 0.98 | 32.6k tok/s | cert -8.39→-6.25 | ticks [6.580 6.821 5.562 5.523] | 240M tok | ETA 100.1h
Step  58490 | loss 5.8506 | lr 3.00e-04 | grad 1.40 | 32.3k tok/s | cert -8.44→-6.42 | ticks [7.118 6.478 5.704 5.657] | 240M tok | ETA 100.1h
Step  58500 | loss 5.7834 | lr 3.00e-04 | grad 0.84 | 32.9k tok/s | cert -8.20→-5.96 | ticks [6.609 6.274 5.577 5.555] | 240M tok | ETA 100.1h
Step  58510 | loss 5.7476 | lr 3.00e-04 | grad 0.77 | 32.5k tok/s | cert -7.57→-6.05 | ticks [6.692 6.302 5.614 5.584] | 240M tok | ETA 100.1h
Step  58520 | loss 5.7032 | lr 3.00e-04 | grad 0.88 | 31.4k tok/s | cert -8.57→-5.99 | ticks [6.780 5.865 5.439 5.405] | 240M tok | ETA 100.1h
Step  58530 | loss 5.9411 | lr 3.00e-04 | grad 1.00 | 32.8k tok/s | cert -8.55→-6.49 | ticks [7.689 6.607 6.286 6.259] | 240M tok | ETA 100.1h
Step  58540 | loss 5.8871 | lr 3.00e-04 | grad 0.75 | 32.9k tok/s | cert -7.12→-6.15 | ticks [7.445 6.305 5.770 5.738] | 240M tok | ETA 100.1h
Step  58550 | loss 5.6246 | lr 3.00e-04 | grad 0.95 | 32.8k tok/s | cert -8.84→-5.43 | ticks [6.496 5.480 5.103 5.082] | 240M tok | ETA 100.1h
Step  58560 | loss 5.7947 | lr 3.00e-04 | grad 0.81 | 32.7k tok/s | cert -4.94→-6.21 | ticks [7.950 6.223 5.985 5.947] | 240M tok | ETA 100.1h
Step  58570 | loss 5.9450 | lr 3.00e-04 | grad 0.86 | 32.5k tok/s | cert -8.31→-5.96 | ticks [6.474 6.226 5.475 5.442] | 240M tok | ETA 100.1h
Step  58580 | loss 5.9459 | lr 3.00e-04 | grad 0.97 | 32.6k tok/s | cert -8.33→-6.08 | ticks [6.674 6.369 5.748 5.717] | 240M tok | ETA 100.1h
Step  58590 | loss 5.9110 | lr 3.00e-04 | grad 0.87 | 32.6k tok/s | cert -8.03→-6.14 | ticks [6.820 6.308 5.622 5.580] | 240M tok | ETA 100.1h
Step  58600 | loss 5.8844 | lr 3.00e-04 | grad 1.12 | 32.7k tok/s | cert -9.07→-6.75 | ticks [7.334 6.841 6.435 6.413] | 240M tok | ETA 100.1h
Step  58610 | loss 5.8703 | lr 3.00e-04 | grad 0.78 | 32.4k tok/s | cert -8.16→-5.86 | ticks [6.614 5.888 5.367 5.337] | 240M tok | ETA 100.1h
Step  58620 | loss 6.1611 | lr 3.00e-04 | grad 0.98 | 32.6k tok/s | cert -7.71→-6.54 | ticks [6.959 6.541 5.919 5.892] | 240M tok | ETA 100.1h
Step  58630 | loss 5.8918 | lr 3.00e-04 | grad 0.93 | 32.8k tok/s | cert -8.77→-6.44 | ticks [7.075 6.326 5.873 5.846] | 240M tok | ETA 100.1h
Step  58640 | loss 5.7846 | lr 3.00e-04 | grad 0.83 | 32.7k tok/s | cert -8.35→-6.17 | ticks [6.625 6.448 5.717 5.685] | 240M tok | ETA 100.1h
Step  58650 | loss 5.6629 | lr 3.00e-04 | grad 1.17 | 32.9k tok/s | cert -8.61→-6.31 | ticks [6.976 6.471 5.865 5.843] | 240M tok | ETA 100.1h
Step  58660 | loss 5.6478 | lr 3.00e-04 | grad 1.33 | 32.8k tok/s | cert -7.38→-6.33 | ticks [6.838 6.177 5.710 5.685] | 240M tok | ETA 100.1h
Step  58670 | loss 5.8447 | lr 3.00e-04 | grad 0.80 | 32.5k tok/s | cert -8.41→-6.31 | ticks [6.929 6.728 5.840 5.815] | 240M tok | ETA 100.1h
Step  58680 | loss 5.8878 | lr 3.00e-04 | grad 0.73 | 32.3k tok/s | cert -9.06→-6.48 | ticks [6.984 6.538 5.888 5.851] | 240M tok | ETA 100.1h
Step  58690 | loss 5.9193 | lr 3.00e-04 | grad 1.13 | 33.2k tok/s | cert -7.43→-6.65 | ticks [7.631 7.070 6.392 6.357] | 240M tok | ETA 100.1h
Step  58700 | loss 5.6755 | lr 3.00e-04 | grad 0.82 | 32.4k tok/s | cert -7.59→-5.80 | ticks [7.432 6.380 5.509 5.483] | 240M tok | ETA 100.1h
Step  58710 | loss 5.7072 | lr 3.00e-04 | grad 1.08 | 32.5k tok/s | cert -8.26→-6.09 | ticks [6.602 5.942 5.512 5.477] | 240M tok | ETA 100.1h
Step  58720 | loss 5.8056 | lr 3.00e-04 | grad 0.74 | 32.1k tok/s | cert -8.12→-6.19 | ticks [6.994 6.666 5.780 5.748] | 241M tok | ETA 100.1h
Step  58730 | loss 6.0126 | lr 3.00e-04 | grad 0.85 | 32.3k tok/s | cert -7.32→-5.66 | ticks [6.647 6.303 5.322 5.294] | 241M tok | ETA 100.1h
Step  58740 | loss 5.6902 | lr 3.00e-04 | grad 0.91 | 32.2k tok/s | cert -8.57→-5.99 | ticks [6.581 6.336 5.620 5.595] | 241M tok | ETA 100.1h
Step  58750 | loss 5.9048 | lr 3.00e-04 | grad 1.06 | 32.7k tok/s | cert -8.64→-6.86 | ticks [6.955 6.755 6.168 6.141] | 241M tok | ETA 100.1h
Step  58760 | loss 5.8527 | lr 3.00e-04 | grad 0.80 | 32.9k tok/s | cert -7.49→-6.81 | ticks [7.483 6.635 6.339 6.319] | 241M tok | ETA 100.1h
Step  58770 | loss 5.7954 | lr 3.00e-04 | grad 0.98 | 32.9k tok/s | cert -6.87→-6.89 | ticks [7.309 6.867 6.251 6.222] | 241M tok | ETA 100.1h
Step  58780 | loss 5.8300 | lr 3.00e-04 | grad 0.87 | 32.1k tok/s | cert -8.48→-6.34 | ticks [7.196 6.509 5.886 5.863] | 241M tok | ETA 100.1h
Step  58790 | loss 5.7644 | lr 3.00e-04 | grad 0.97 | 33.1k tok/s | cert -8.09→-6.13 | ticks [6.703 6.356 5.678 5.655] | 241M tok | ETA 100.1h
Step  58800 | loss 5.7500 | lr 3.00e-04 | grad 0.97 | 32.9k tok/s | cert -7.63→-6.24 | ticks [6.869 6.689 5.859 5.832] | 241M tok | ETA 100.1h
Step  58810 | loss 5.6609 | lr 3.00e-04 | grad 0.87 | 32.9k tok/s | cert -8.92→-6.35 | ticks [6.906 6.271 5.956 5.925] | 241M tok | ETA 100.1h
Step  58820 | loss 6.2546 | lr 3.00e-04 | grad 1.16 | 32.8k tok/s | cert -7.78→-6.81 | ticks [7.684 6.820 6.132 6.091] | 241M tok | ETA 100.1h
Step  58830 | loss 5.9294 | lr 3.00e-04 | grad 1.41 | 32.9k tok/s | cert -7.71→-5.85 | ticks [6.537 6.441 5.690 5.666] | 241M tok | ETA 100.1h
Step  58840 | loss 5.9263 | lr 3.00e-04 | grad 1.30 | 32.8k tok/s | cert -5.65→-5.78 | ticks [7.774 6.438 5.743 5.719] | 241M tok | ETA 100.1h
Step  58850 | loss 5.7101 | lr 3.00e-04 | grad 1.05 | 32.0k tok/s | cert -7.24→-5.93 | ticks [6.115 6.079 5.012 4.966] | 241M tok | ETA 100.1h
Step  58860 | loss 5.8845 | lr 3.00e-04 | grad 2.80 | 32.8k tok/s | cert -8.54→-6.91 | ticks [6.820 6.382 5.935 5.909] | 241M tok | ETA 100.1h
Step  58870 | loss 5.7534 | lr 3.00e-04 | grad 1.03 | 32.5k tok/s | cert -8.57→-6.87 | ticks [6.909 6.564 6.131 6.110] | 241M tok | ETA 100.1h
Step  58880 | loss 5.8885 | lr 3.00e-04 | grad 1.56 | 32.8k tok/s | cert -8.45→-6.60 | ticks [7.101 6.826 6.361 6.333] | 241M tok | ETA 100.1h
Step  58890 | loss 5.9685 | lr 3.00e-04 | grad 1.14 | 32.5k tok/s | cert -6.43→-5.87 | ticks [7.119 5.992 5.707 5.688] | 241M tok | ETA 100.1h
Step  58900 | loss 5.8826 | lr 3.00e-04 | grad 0.95 | 32.9k tok/s | cert -8.61→-6.60 | ticks [6.991 6.840 6.137 6.106] | 241M tok | ETA 100.1h
Step  58910 | loss 5.6272 | lr 3.00e-04 | grad 0.90 | 32.6k tok/s | cert -7.38→-6.01 | ticks [6.926 6.301 5.768 5.739] | 241M tok | ETA 100.1h
Step  58920 | loss 5.6665 | lr 3.00e-04 | grad 0.75 | 32.0k tok/s | cert -7.49→-5.96 | ticks [6.852 5.990 5.667 5.631] | 241M tok | ETA 100.1h
Step  58930 | loss 5.7560 | lr 3.00e-04 | grad 1.99 | 32.8k tok/s | cert -8.66→-6.58 | ticks [6.669 6.549 5.770 5.752] | 241M tok | ETA 100.0h
Step  58940 | loss 5.7179 | lr 3.00e-04 | grad 0.98 | 32.0k tok/s | cert -8.33→-6.06 | ticks [6.803 6.016 5.591 5.557] | 241M tok | ETA 100.0h
Step  58950 | loss 5.8405 | lr 3.00e-04 | grad 0.70 | 32.4k tok/s | cert -7.50→-6.29 | ticks [7.021 6.116 5.904 5.884] | 241M tok | ETA 100.0h
Step  58960 | loss 5.5793 | lr 3.00e-04 | grad 0.76 | 32.6k tok/s | cert -8.48→-5.57 | ticks [6.459 5.462 5.226 5.193] | 242M tok | ETA 100.0h
Step  58970 | loss 5.8180 | lr 3.00e-04 | grad 0.72 | 32.4k tok/s | cert -7.29→-6.01 | ticks [6.871 6.145 5.648 5.627] | 242M tok | ETA 100.0h
Step  58980 | loss 5.6552 | lr 3.00e-04 | grad 0.80 | 32.6k tok/s | cert -7.94→-6.27 | ticks [7.168 6.452 5.940 5.904] | 242M tok | ETA 100.0h
Step  58990 | loss 5.7869 | lr 3.00e-04 | grad 0.71 | 32.7k tok/s | cert -8.31→-6.22 | ticks [7.167 6.266 5.908 5.877] | 242M tok | ETA 100.0h
Step  59000 | loss 5.9420 | lr 3.00e-04 | grad 2.12 | 32.6k tok/s | cert -9.10→-6.84 | ticks [7.395 6.351 5.756 5.707] | 242M tok | ETA 100.0h
Step  59010 | loss 6.0246 | lr 3.00e-04 | grad 1.25 | 32.4k tok/s | cert -8.23→-6.83 | ticks [7.626 6.722 6.307 6.277] | 242M tok | ETA 100.0h
Step  59020 | loss 5.8370 | lr 3.00e-04 | grad 0.82 | 32.8k tok/s | cert -8.30→-6.11 | ticks [6.582 6.201 5.549 5.532] | 242M tok | ETA 100.0h
Step  59030 | loss 5.8003 | lr 3.00e-04 | grad 0.87 | 32.8k tok/s | cert -8.87→-6.32 | ticks [7.357 6.399 5.883 5.853] | 242M tok | ETA 100.0h
Step  59040 | loss 5.8220 | lr 3.00e-04 | grad 1.02 | 32.7k tok/s | cert -8.20→-6.23 | ticks [7.084 6.481 5.897 5.856] | 242M tok | ETA 100.0h
Step  59050 | loss 5.7635 | lr 3.00e-04 | grad 0.88 | 32.8k tok/s | cert -7.00→-6.38 | ticks [6.927 6.334 5.926 5.896] | 242M tok | ETA 100.0h
Step  59060 | loss 5.8451 | lr 3.00e-04 | grad 0.79 | 32.3k tok/s | cert -9.02→-6.45 | ticks [7.034 6.518 5.956 5.925] | 242M tok | ETA 100.0h
Step  59070 | loss 5.9100 | lr 3.00e-04 | grad 1.08 | 32.2k tok/s | cert -8.85→-6.25 | ticks [6.897 6.091 5.834 5.795] | 242M tok | ETA 100.0h
Step  59080 | loss 5.8611 | lr 3.00e-04 | grad 0.79 | 30.2k tok/s | cert -7.90→-6.42 | ticks [7.515 6.356 5.952 5.919] | 242M tok | ETA 100.0h
Step  59090 | loss 5.8731 | lr 3.00e-04 | grad 1.22 | 32.7k tok/s | cert -8.55→-6.79 | ticks [7.406 6.401 6.176 6.152] | 242M tok | ETA 100.0h
Step  59100 | loss 5.7154 | lr 3.00e-04 | grad 0.84 | 32.3k tok/s | cert -8.58→-6.04 | ticks [6.912 6.167 5.591 5.568] | 242M tok | ETA 100.0h
Step  59110 | loss 5.8291 | lr 3.00e-04 | grad 1.16 | 32.6k tok/s | cert -7.33→-6.19 | ticks [7.061 6.269 5.995 5.964] | 242M tok | ETA 100.0h
Step  59120 | loss 5.7648 | lr 3.00e-04 | grad 2.14 | 32.2k tok/s | cert -6.83→-6.78 | ticks [7.409 6.705 5.960 5.935] | 242M tok | ETA 100.0h
Step  59130 | loss 5.7040 | lr 3.00e-04 | grad 0.73 | 32.4k tok/s | cert -8.35→-6.35 | ticks [6.897 6.569 5.741 5.709] | 242M tok | ETA 100.0h
Step  59140 | loss 5.7556 | lr 3.00e-04 | grad 0.84 | 32.1k tok/s | cert -7.87→-6.02 | ticks [6.919 6.122 5.538 5.510] | 242M tok | ETA 100.0h
Step  59150 | loss 5.7672 | lr 3.00e-04 | grad 1.17 | 32.5k tok/s | cert -8.34→-6.21 | ticks [6.764 6.096 5.545 5.518] | 242M tok | ETA 100.0h
