Spawning 2 workers...
archlinux:1169786:1169786 [0] NCCL INFO ENV/Plugin: Could not find: libnccl-env.so
archlinux:1169786:1169786 [0] NCCL INFO Bootstrap: Using enp11s0:192.168.86.31<0>
archlinux:1169786:1169786 [0] NCCL INFO cudaDriverVersion 13020
archlinux:1169787:1169787 [1] NCCL INFO ENV/Plugin: Could not find: libnccl-env.so
archlinux:1169787:1169787 [1] NCCL INFO cudaDriverVersion 13020
archlinux:1169786:1169786 [0] NCCL INFO NCCL version 2.28.9+cuda13.0
archlinux:1169787:1169787 [1] NCCL INFO Bootstrap: Using enp11s0:192.168.86.31<0>
archlinux:1169787:1169787 [1] NCCL INFO NCCL version 2.28.9+cuda13.0
archlinux:1169786:1169786 [0] NCCL INFO Comm config Blocking set to 1
archlinux:1169787:1169787 [1] NCCL INFO Comm config Blocking set to 1
archlinux:1169786:1169786 [0] NCCL INFO NET/Plugin: Could not find: libnccl-net.so
archlinux:1169786:1169786 [0] NCCL INFO NET/IB : No device found.
archlinux:1169786:1169786 [0] NCCL INFO NET/IB : Using [RO]; OOB enp11s0:192.168.86.31<0>
archlinux:1169786:1169786 [0] NCCL INFO Failed to initialize NET plugin IB
archlinux:1169786:1169786 [0] NCCL INFO NET/Socket : Using [0]enp11s0:192.168.86.31<0> [1]tailscale0:100.117.13.102<0>
archlinux:1169786:1169786 [0] NCCL INFO Initialized NET plugin Socket
archlinux:1169786:1169786 [0] NCCL INFO Assigned NET plugin Socket to comm
archlinux:1169786:1169786 [0] NCCL INFO Using network Socket
archlinux:1169786:1169786 [0] NCCL INFO ncclCommInitRankConfig comm 0x55ae32d22cb0 rank 0 nranks 2 cudaDev 0 nvmlDev 0 busId 1000 commId 0xf38ebce0f501d59d - Init START
archlinux:1169787:1169787 [1] NCCL INFO NET/Plugin: Could not find: libnccl-net.so
archlinux:1169787:1169787 [1] NCCL INFO NET/IB : No device found.
archlinux:1169787:1169787 [1] NCCL INFO NET/IB : Using [RO]; OOB enp11s0:192.168.86.31<0>
archlinux:1169787:1169787 [1] NCCL INFO Failed to initialize NET plugin IB
archlinux:1169787:1169787 [1] NCCL INFO NET/Socket : Using [0]enp11s0:192.168.86.31<0> [1]tailscale0:100.117.13.102<0>
archlinux:1169787:1169787 [1] NCCL INFO Initialized NET plugin Socket
archlinux:1169787:1169787 [1] NCCL INFO Assigned NET plugin Socket to comm
archlinux:1169787:1169787 [1] NCCL INFO Using network Socket
archlinux:1169787:1169787 [1] NCCL INFO ncclCommInitRankConfig comm 0x5648ea588960 rank 1 nranks 2 cudaDev 1 nvmlDev 1 busId a000 commId 0xf38ebce0f501d59d - Init START
archlinux:1169787:1169787 [1] NCCL INFO RAS client listening socket at ::1<28028>
archlinux:1169786:1169786 [0] NCCL INFO RAS client listening socket at ::1<28028>
archlinux:1169787:1169787 [1] NCCL INFO Bootstrap timings total 0.000586 (create 0.000014, send 0.000080, recv 0.000086, ring 0.000011, delay 0.000000)
archlinux:1169786:1169786 [0] NCCL INFO Bootstrap timings total 0.081321 (create 0.000015, send 0.000085, recv 0.080809, ring 0.000011, delay 0.000000)
archlinux:1169787:1169787 [1] NCCL INFO P2P is disabled between connected GPUs 1 and 0. You can repress this message with NCCL_IGNORE_DISABLED_P2P=1.
archlinux:1169787:1169787 [1] NCCL INFO P2P is disabled between connected GPUs 1 and 0. You can repress this message with NCCL_IGNORE_DISABLED_P2P=1.
archlinux:1169787:1169787 [1] NCCL INFO P2P is disabled between connected GPUs 0 and 1. You can repress this message with NCCL_IGNORE_DISABLED_P2P=1.
archlinux:1169787:1169787 [1] NCCL INFO P2P is disabled between connected GPUs 0 and 1. You can repress this message with NCCL_IGNORE_DISABLED_P2P=1.
archlinux:1169787:1169787 [1] NCCL INFO P2P is disabled between connected GPUs 1 and 0. You can repress this message with NCCL_IGNORE_DISABLED_P2P=1.
archlinux:1169787:1169787 [1] NCCL INFO P2P is disabled between connected GPUs 1 and 0. You can repress this message with NCCL_IGNORE_DISABLED_P2P=1.
archlinux:1169787:1169787 [1] NCCL INFO P2P is disabled between connected GPUs 0 and 1. You can repress this message with NCCL_IGNORE_DISABLED_P2P=1.
archlinux:1169787:1169787 [1] NCCL INFO P2P is disabled between connected GPUs 0 and 1. You can repress this message with NCCL_IGNORE_DISABLED_P2P=1.
archlinux:1169786:1169786 [0] NCCL INFO P2P is disabled between connected GPUs 1 and 0. You can repress this message with NCCL_IGNORE_DISABLED_P2P=1.
archlinux:1169786:1169786 [0] NCCL INFO P2P is disabled between connected GPUs 1 and 0. You can repress this message with NCCL_IGNORE_DISABLED_P2P=1.
archlinux:1169787:1169787 [1] NCCL INFO ncclTopoGetCpuAffinity: Affinity for GPU 1 is empty, ignoring. (GPU affinity =  ; CPU affinity = 0-31).
archlinux:1169786:1169786 [0] NCCL INFO P2P is disabled between connected GPUs 0 and 1. You can repress this message with NCCL_IGNORE_DISABLED_P2P=1.
archlinux:1169786:1169786 [0] NCCL INFO P2P is disabled between connected GPUs 0 and 1. You can repress this message with NCCL_IGNORE_DISABLED_P2P=1.
archlinux:1169787:1169787 [1] NCCL INFO NVLS multicast support is not available on dev 1 (NVLS_NCHANNELS 0)
archlinux:1169786:1169786 [0] NCCL INFO P2P is disabled between connected GPUs 1 and 0. You can repress this message with NCCL_IGNORE_DISABLED_P2P=1.
archlinux:1169786:1169786 [0] NCCL INFO P2P is disabled between connected GPUs 1 and 0. You can repress this message with NCCL_IGNORE_DISABLED_P2P=1.
archlinux:1169786:1169786 [0] NCCL INFO P2P is disabled between connected GPUs 0 and 1. You can repress this message with NCCL_IGNORE_DISABLED_P2P=1.
archlinux:1169786:1169786 [0] NCCL INFO P2P is disabled between connected GPUs 0 and 1. You can repress this message with NCCL_IGNORE_DISABLED_P2P=1.
archlinux:1169786:1169786 [0] NCCL INFO ncclTopoGetCpuAffinity: Affinity for GPU 0 is empty, ignoring. (GPU affinity =  ; CPU affinity = 0-31).
archlinux:1169786:1169786 [0] NCCL INFO NVLS multicast support is not available on dev 0 (NVLS_NCHANNELS 0)
archlinux:1169787:1169787 [1] NCCL INFO comm 0x5648ea588960 rank 1 nRanks 2 nNodes 1 localRanks 2 localRank 1 MNNVL 0
archlinux:1169786:1169786 [0] NCCL INFO comm 0x55ae32d22cb0 rank 0 nRanks 2 nNodes 1 localRanks 2 localRank 0 MNNVL 0
archlinux:1169786:1169786 [0] NCCL INFO Channel 00/02 : 0 1
archlinux:1169787:1169787 [1] NCCL INFO Trees [0] -1/-1/-1->1->0 [1] -1/-1/-1->1->0
archlinux:1169786:1169786 [0] NCCL INFO Channel 01/02 : 0 1
archlinux:1169787:1169787 [1] NCCL INFO P2P Chunksize set to 131072
archlinux:1169786:1169786 [0] NCCL INFO Trees [0] 1/-1/-1->0->-1 [1] 1/-1/-1->0->-1
archlinux:1169786:1169786 [0] NCCL INFO P2P Chunksize set to 131072
archlinux:1169786:1169786 [0] NCCL INFO PROFILER/Plugin: Could not find: libnccl-profiler.so
archlinux:1169787:1169787 [1] NCCL INFO PROFILER/Plugin: Could not find: libnccl-profiler.so
archlinux:1169786:1169786 [0] NCCL INFO P2P is disabled between connected GPUs 0 and 1. You can repress this message with NCCL_IGNORE_DISABLED_P2P=1.
archlinux:1169787:1169787 [1] NCCL INFO P2P is disabled between connected GPUs 0 and 1. You can repress this message with NCCL_IGNORE_DISABLED_P2P=1.
archlinux:1169786:1169786 [0] NCCL INFO Check P2P Type isAllDirectP2p 0 directMode 0 isAllCudaP2p 0
archlinux:1169787:1169787 [1] NCCL INFO Check P2P Type isAllDirectP2p 0 directMode 0 isAllCudaP2p 0
archlinux:1169787:1169880 [0] NCCL INFO [Proxy Service] Device 1 CPU core 0
archlinux:1169786:1169881 [0] NCCL INFO [Proxy Service] Device 0 CPU core 14
archlinux:1169787:1169882 [0] NCCL INFO [Proxy Service UDS] Device 1 CPU core 23
archlinux:1169786:1169883 [0] NCCL INFO [Proxy Service UDS] Device 0 CPU core 5
archlinux:1169786:1169786 [0] NCCL INFO TUNER/Plugin: Could not find: libnccl-tuner.so
archlinux:1169787:1169787 [1] NCCL INFO TUNER/Plugin: Could not find: libnccl-tuner.so
archlinux:1169787:1169787 [1] NCCL INFO threadThresholds 8/8/64 | 16/8/64 | 512 | 512
archlinux:1169787:1169787 [1] NCCL INFO 2 coll channels, 2 collnet channels, 0 nvls channels, 2 p2p channels, 2 p2p channels per peer
archlinux:1169786:1169786 [0] NCCL INFO threadThresholds 8/8/64 | 16/8/64 | 512 | 512
archlinux:1169786:1169786 [0] NCCL INFO 2 coll channels, 2 collnet channels, 0 nvls channels, 2 p2p channels, 2 p2p channels per peer
archlinux:1169786:1169786 [0] NCCL INFO CC Off, workFifoBytes 1048576
archlinux:1169786:1169786 [0] NCCL INFO ncclCommInitRankConfig comm 0x55ae32d22cb0 rank 0 nranks 2 cudaDev 0 nvmlDev 0 busId 1000 commId 0xf38ebce0f501d59d - Init COMPLETE
archlinux:1169786:1169786 [0] NCCL INFO Init timings - ncclCommInitRankConfig: rank 0 nranks 2 total 0.15 (kernels 0.06, alloc 0.00, bootstrap 0.08, allgathers 0.00, topo 0.01, graphs 0.00, connections 0.00, rest 0.00)
archlinux:1169787:1169787 [1] NCCL INFO ncclCommInitRankConfig comm 0x5648ea588960 rank 1 nranks 2 cudaDev 1 nvmlDev 1 busId a000 commId 0xf38ebce0f501d59d - Init COMPLETE
archlinux:1169787:1169787 [1] NCCL INFO Init timings - ncclCommInitRankConfig: rank 1 nranks 2 total 0.15 (kernels 0.14, alloc 0.00, bootstrap 0.00, allgathers 0.00, topo 0.01, graphs 0.00, connections 0.00, rest 0.00)
[worker 0] Building model on cuda:0...
Model: 501.8M params × 2 workers
archlinux:1169786:1169786 [0] NCCL INFO P2P is disabled between connected GPUs 0 and 1. You can repress this message with NCCL_IGNORE_DISABLED_P2P=1.
archlinux:1169786:1169786 [0] NCCL INFO P2P is disabled between connected GPUs 0 and 1. You can repress this message with NCCL_IGNORE_DISABLED_P2P=1.
archlinux:1169786:1169786 [0] NCCL INFO P2P is disabled between connected GPUs 0 and 1. You can repress this message with NCCL_IGNORE_DISABLED_P2P=1.
archlinux:1169786:1169786 [0] NCCL INFO Channel 00 : 0[0] -> 1[1] via SHM/direct/direct
archlinux:1169786:1169786 [0] NCCL INFO P2P is disabled between connected GPUs 0 and 1. You can repress this message with NCCL_IGNORE_DISABLED_P2P=1.
archlinux:1169786:1169786 [0] NCCL INFO Channel 01 : 0[0] -> 1[1] via SHM/direct/direct
archlinux:1169787:1169787 [1] NCCL INFO P2P is disabled between connected GPUs 1 and 0. You can repress this message with NCCL_IGNORE_DISABLED_P2P=1.
archlinux:1169787:1169787 [1] NCCL INFO P2P is disabled between connected GPUs 1 and 0. You can repress this message with NCCL_IGNORE_DISABLED_P2P=1.
archlinux:1169787:1169787 [1] NCCL INFO P2P is disabled between connected GPUs 1 and 0. You can repress this message with NCCL_IGNORE_DISABLED_P2P=1.
archlinux:1169787:1169787 [1] NCCL INFO Channel 00 : 1[1] -> 0[0] via SHM/direct/direct
archlinux:1169787:1169787 [1] NCCL INFO P2P is disabled between connected GPUs 1 and 0. You can repress this message with NCCL_IGNORE_DISABLED_P2P=1.
archlinux:1169787:1169787 [1] NCCL INFO Channel 01 : 1[1] -> 0[0] via SHM/direct/direct
archlinux:1169787:1169787 [1] NCCL INFO Connected all rings, use ring PXN 0 GDR 1
archlinux:1169786:1169786 [0] NCCL INFO Connected all rings, use ring PXN 0 GDR 1
  Optimizer: AdamW8bit (8-bit moments)
[CachedTeacherDataset/train] 190 shards (of 199 total) under teacher_cache/phase1 | seq_len=512 top_k=128
[CachedTeacherDataset/train] 190 shards (of 199 total) under teacher_cache/phase1 | seq_len=512 top_k=128

============================================================
CTM-Transformer Dual-GPU Training (nccl, no DDP)
  Steps: 0 → 10000000
  Batch: 2 × 512 tokens
  Thought ticks: 8
  Gradient checkpointing: True
============================================================

step      0 | T=8 | loss 20.3411 | lr 0.00e+00 | grad 0.00 | 0.5k tok/s (avg 0.5k) | cert 0.02→0.02 | ticks [11.938 11.938 11.938 11.938 11.938 11.938 12.000 11.938] | Δticks +0.000 | pc 0.992 (Δ-0.001) | gate 0.500 | |M| 0.7196 | dist 8.253 | ETA 5351.1h
step     10 | T=8 | loss 18.9775 | lr 1.50e-06 | grad 0.00 | 1.5k tok/s (avg 1.2k) | cert 0.02→0.02 | ticks [12.125 12.125 12.062 12.062 12.125 12.125 12.125 12.125] | Δticks +0.000 | pc 1.008 (Δ+0.082) | gate 0.500 | |M| 0.7161 | dist 6.698 | ETA 2466.8h
step     20 | T=8 | loss 16.2354 | lr 3.00e-06 | grad 20.50 | 0.7k tok/s (avg 0.9k) | cert 0.02→0.02 | ticks [12.000 12.000 12.000 12.000 12.000 12.000 12.000 12.000] | Δticks +0.000 | pc 0.982 (Δ+0.005) | gate 0.500 | |M| 0.6628 | dist 4.090 | ETA 3255.8h
step     30 | T=8 | loss 21.3430 | lr 4.50e-06 | grad 20.50 | 1.5k tok/s (avg 1.0k) | cert 0.02→0.02 | ticks [11.938 11.938 11.938 11.938 11.938 11.938 11.938 11.938] | Δticks +0.000 | pc 0.999 (Δ+0.020) | gate 0.500 | |M| 0.7173 | dist 9.254 | ETA 2816.4h
step     40 | T=8 | loss 18.8578 | lr 6.00e-06 | grad 20.75 | 0.8k tok/s (avg 0.9k) | cert 0.02→0.02 | ticks [12.000 12.000 12.000 12.062 12.062 12.062 12.062 12.062] | Δticks +0.062 | pc 1.009 (Δ+0.034) | gate 0.500 | |M| 0.6041 | dist 6.719 | ETA 3025.8h
step     50 | T=8 | loss 26.6108 | lr 7.50e-06 | grad 20.00 | 0.9k tok/s (avg 0.9k) | cert 0.02→0.02 | ticks [11.938 11.938 11.938 11.938 12.000 12.000 12.000 12.000] | Δticks +0.062 | pc 0.983 (Δ+0.015) | gate 0.500 | |M| 0.6576 | dist 14.541 | ETA 3063.8h
step     60 | T=8 | loss 21.6908 | lr 9.00e-06 | grad 20.00 | 1.5k tok/s (avg 1.0k) | cert 0.02→0.02 | ticks [12.000 11.938 11.938 12.000 12.000 12.062 12.062 12.000] | Δticks +0.000 | pc 0.998 (Δ+0.014) | gate 0.500 | |M| 0.7688 | dist 9.539 | ETA 2878.6h
step     70 | T=8 | loss 21.4322 | lr 1.05e-05 | grad 18.25 | 0.9k tok/s (avg 1.0k) | cert 0.02→0.02 | ticks [11.938 11.875 11.812 11.875 11.875 11.938 11.938 11.938] | Δticks +0.000 | pc 0.986 (Δ-0.025) | gate 0.500 | |M| 0.8693 | dist 9.417 | ETA 2933.8h
step     80 | T=8 | loss 19.0085 | lr 1.20e-05 | grad 17.38 | 0.9k tok/s (avg 1.0k) | cert 0.02→0.02 | ticks [11.875 11.750 11.688 11.750 11.875 11.938 11.938 11.875] | Δticks +0.000 | pc 0.998 (Δ-0.017) | gate 0.500 | |M| 0.7512 | dist 7.039 | ETA 2971.0h
step     90 | T=8 | loss 19.9540 | lr 1.35e-05 | grad 17.38 | 1.4k tok/s (avg 1.0k) | cert 0.02→0.02 | ticks [11.938 11.812 11.750 11.750 11.875 11.938 11.938 11.938] | Δticks +0.000 | pc 1.002 (Δ+0.004) | gate 0.500 | |M| 0.7952 | dist 7.928 | ETA 2860.6h
step    100 | T=8 | loss 17.6574 | lr 1.50e-05 | grad 15.00 | 0.7k tok/s (avg 1.0k) | cert 0.02→0.02 | ticks [11.938 11.875 11.875 11.875 11.938 12.000 11.938 11.938] | Δticks +0.000 | pc 0.970 (Δ+0.011) | gate 0.500 | |M| 0.7848 | dist 5.555 | ETA 2964.5h
step    110 | T=8 | loss 20.8855 | lr 1.65e-05 | grad 15.00 | 1.4k tok/s (avg 1.0k) | cert 0.02→0.02 | ticks [11.875 11.688 11.625 11.688 11.812 11.938 11.938 11.875] | Δticks +0.000 | pc 0.981 (Δ-0.010) | gate 0.500 | |M| 0.8080 | dist 8.908 | ETA 2875.7h
step    120 | T=8 | loss 21.4322 | lr 1.80e-05 | grad 12.19 | 0.7k tok/s (avg 1.0k) | cert 0.02→0.02 | ticks [11.938 11.812 11.750 11.812 11.938 12.000 12.000 11.938] | Δticks +0.000 | pc 0.963 (Δ-0.056) | gate 0.500 | |M| 0.6711 | dist 9.353 | ETA 2968.4h
step    130 | T=8 | loss 22.3966 | lr 1.95e-05 | grad 10.31 | 0.7k tok/s (avg 0.9k) | cert 0.02→0.02 | ticks [11.938 11.812 11.812 11.812 11.875 11.938 11.938 11.938] | Δticks +0.000 | pc 0.963 (Δ-0.062) | gate 0.500 | |M| 0.6723 | dist 10.307 | ETA 3037.2h
step    140 | T=8 | loss 17.5815 | lr 2.10e-05 | grad 10.31 | 1.4k tok/s (avg 1.0k) | cert 0.02→0.02 | ticks [11.812 11.688 11.625 11.688 11.750 11.875 11.875 11.812] | Δticks +0.000 | pc 0.956 (Δ-0.050) | gate 0.500 | |M| 0.7254 | dist 5.617 | ETA 2963.7h
step    150 | T=8 | loss 17.5763 | lr 2.25e-05 | grad 9.25 | 0.7k tok/s (avg 0.9k) | cert 0.02→0.02 | ticks [11.875 11.875 11.875 11.875 11.875 11.875 11.875 11.875] | Δticks +0.000 | pc 0.918 (Δ-0.023) | gate 0.500 | |M| 0.7283 | dist 5.478 | ETA 3022.2h
step    160 | T=8 | loss 20.1719 | lr 2.40e-05 | grad 8.44 | 0.7k tok/s (avg 0.9k) | cert 0.02→0.02 | ticks [11.812 11.562 11.438 11.562 11.750 11.875 11.812 11.750] | Δticks -0.062 | pc 0.926 (Δ-0.052) | gate 0.500 | |M| 0.7447 | dist 8.260 | ETA 3076.5h
step    170 | T=8 | loss 20.3405 | lr 2.55e-05 | grad 8.44 | 1.4k tok/s (avg 0.9k) | cert 0.02→0.02 | ticks [11.688 11.312 11.188 11.312 11.562 11.750 11.750 11.625] | Δticks -0.062 | pc 0.882 (Δ-0.013) | gate 0.500 | |M| 0.8306 | dist 8.635 | ETA 3014.1h
step    180 | T=8 | loss 21.4496 | lr 2.70e-05 | grad 10.88 | 0.7k tok/s (avg 0.9k) | cert 0.02→0.02 | ticks [11.750 11.438 11.312 11.438 11.625 11.750 11.750 11.688] | Δticks -0.062 | pc 0.879 (Δ-0.084) | gate 0.500 | |M| 0.7998 | dist 9.597 | ETA 3061.4h
step    190 | T=8 | loss 19.7990 | lr 2.85e-05 | grad 10.88 | 1.4k tok/s (avg 0.9k) | cert 0.02→0.02 | ticks [11.750 11.375 11.250 11.375 11.625 11.750 11.750 11.688] | Δticks -0.062 | pc 0.887 (Δ-0.055) | gate 0.500 | |M| 0.9176 | dist 8.028 | ETA 3007.4h
step    200 | T=8 | loss 20.0436 | lr 3.00e-05 | grad 8.94 | 0.6k tok/s (avg 0.9k) | cert 0.02→0.02 | ticks [11.688 11.312 11.125 11.250 11.500 11.750 11.688 11.625] | Δticks -0.062 | pc 0.823 (Δ-0.081) | gate 0.500 | |M| 0.8436 | dist 8.317 | ETA 3086.1h
step    210 | T=8 | loss 18.3439 | lr 3.15e-05 | grad 8.38 | 0.7k tok/s (avg 0.9k) | cert 0.02→0.02 | ticks [11.875 11.688 11.625 11.688 11.812 11.875 11.875 11.812] | Δticks -0.062 | pc 0.811 (Δ-0.095) | gate 0.500 | |M| 0.6740 | dist 6.321 | ETA 3133.8h
step    220 | T=8 | loss 16.6824 | lr 3.30e-05 | grad 8.38 | 1.4k tok/s (avg 0.9k) | cert 0.02→0.02 | ticks [11.875 11.688 11.625 11.688 11.812 11.875 11.875 11.812] | Δticks -0.062 | pc 0.840 (Δ-0.046) | gate 0.500 | |M| 0.7577 | dist 4.675 | ETA 3084.2h
step    230 | T=8 | loss 17.6466 | lr 3.45e-05 | grad 7.66 | 0.7k tok/s (avg 0.9k) | cert 0.02→0.02 | ticks [11.812 11.562 11.500 11.562 11.688 11.812 11.750 11.688] | Δticks -0.125 | pc 0.786 (Δ-0.100) | gate 0.500 | |M| 0.6922 | dist 5.718 | ETA 3128.8h
step    240 | T=8 | loss 15.9258 | lr 3.60e-05 | grad 7.69 | 0.6k tok/s (avg 0.9k) | cert 0.02→0.02 | ticks [11.875 11.750 11.688 11.750 11.812 11.812 11.812 11.812] | Δticks -0.062 | pc 0.760 (Δ-0.092) | gate 0.500 | |M| 0.7253 | dist 3.904 | ETA 3196.5h
step    250 | T=8 | loss 18.7778 | lr 3.75e-05 | grad 7.69 | 1.4k tok/s (avg 0.9k) | cert 0.02→0.02 | ticks [11.875 11.688 11.625 11.688 11.750 11.812 11.812 11.750] | Δticks -0.125 | pc 0.749 (Δ-0.104) | gate 0.500 | |M| 0.8285 | dist 6.813 | ETA 3150.0h
step    260 | T=8 | loss 20.1744 | lr 3.90e-05 | grad 6.34 | 0.6k tok/s (avg 0.9k) | cert 0.02→0.02 | ticks [11.562 11.188 11.000 11.125 11.312 11.438 11.438 11.375] | Δticks -0.188 | pc 0.714 (Δ-0.113) | gate 0.500 | |M| 0.9642 | dist 8.640 | ETA 3215.1h
step    270 | T=8 | loss 23.7722 | lr 4.05e-05 | grad 6.34 | 1.4k tok/s (avg 0.9k) | cert 0.02→0.02 | ticks [11.750 11.500 11.375 11.438 11.562 11.688 11.688 11.625] | Δticks -0.125 | pc 0.747 (Δ-0.085) | gate 0.500 | |M| 1.1821 | dist 11.995 | ETA 3171.6h
step    280 | T=8 | loss 21.3468 | lr 4.20e-05 | grad 12.25 | 0.7k tok/s (avg 0.9k) | cert 0.02→0.02 | ticks [11.562 11.312 11.250 11.250 11.375 11.438 11.438 11.375] | Δticks -0.188 | pc 0.642 (Δ-0.108) | gate 0.500 | |M| 0.8111 | dist 9.784 | ETA 3198.8h
step    290 | T=8 | loss 19.9719 | lr 4.35e-05 | grad 6.53 | 0.9k tok/s (avg 0.9k) | cert 0.02→0.02 | ticks [11.625 11.250 11.125 11.125 11.250 11.375 11.375 11.375] | Δticks -0.250 | pc 0.595 (Δ-0.081) | gate 0.500 | |M| 0.8851 | dist 8.405 | ETA 3194.4h
step    300 | T=8 | loss 20.3590 | lr 4.50e-05 | grad 6.53 | 1.4k tok/s (avg 0.9k) | cert 0.02→0.02 | ticks [11.500 11.188 11.062 11.125 11.188 11.312 11.312 11.250] | Δticks -0.250 | pc 0.593 (Δ-0.105) | gate 0.500 | |M| 0.8264 | dist 8.914 | ETA 3156.1h
step    310 | T=8 | loss 17.5275 | lr 4.65e-05 | grad 6.28 | 0.9k tok/s (avg 0.9k) | cert 0.02→0.02 | ticks [11.750 11.562 11.500 11.500 11.562 11.625 11.625 11.562] | Δticks -0.188 | pc 0.571 (Δ-0.115) | gate 0.500 | |M| 0.7807 | dist 5.776 | ETA 3159.9h
step    320 | T=8 | loss 24.7715 | lr 4.80e-05 | grad 5.25 | 0.9k tok/s (avg 0.9k) | cert 0.02→0.02 | ticks [11.625 11.312 11.250 11.250 11.312 11.375 11.375 11.312] | Δticks -0.312 | pc 0.507 (Δ-0.085) | gate 0.500 | |M| 0.7952 | dist 13.210 | ETA 3164.9h
step    330 | T=8 | loss 18.8199 | lr 4.95e-05 | grad 5.25 | 1.4k tok/s (avg 0.9k) | cert 0.02→0.02 | ticks [11.625 11.375 11.250 11.312 11.375 11.438 11.438 11.375] | Δticks -0.250 | pc 0.508 (Δ-0.080) | gate 0.500 | |M| 0.7509 | dist 7.200 | ETA 3130.9h
step    340 | T=8 | loss 26.4335 | lr 5.10e-05 | grad 6.31 | 0.8k tok/s (avg 0.9k) | cert 0.02→0.02 | ticks [11.625 11.312 11.250 11.312 11.438 11.500 11.438 11.375] | Δticks -0.250 | pc 0.481 (Δ-0.058) | gate 0.500 | |M| 0.9161 | dist 14.774 | ETA 3137.6h
step    350 | T=8 | loss 24.2373 | lr 5.25e-05 | grad 6.31 | 1.4k tok/s (avg 0.9k) | cert 0.02→0.02 | ticks [11.688 11.375 11.312 11.312 11.375 11.438 11.438 11.438] | Δticks -0.250 | pc 0.471 (Δ-0.082) | gate 0.500 | |M| 0.8218 | dist 12.596 | ETA 3106.8h
step    360 | T=8 | loss 21.3726 | lr 5.40e-05 | grad 5.75 | 0.8k tok/s (avg 0.9k) | cert 0.02→0.02 | ticks [11.438 11.125 11.000 11.000 11.062 11.125 11.188 11.125] | Δticks -0.312 | pc 0.418 (Δ-0.029) | gate 0.500 | |M| 0.8907 | dist 9.989 | ETA 3116.5h
step    370 | T=8 | loss 16.0342 | lr 5.55e-05 | grad 4.81 | 0.9k tok/s (avg 0.9k) | cert 0.02→0.02 | ticks [11.562 11.250 11.125 11.188 11.250 11.312 11.312 11.312] | Δticks -0.250 | pc 0.388 (Δ-0.047) | gate 0.500 | |M| 1.0285 | dist 4.528 | ETA 3117.1h
step    380 | T=8 | loss 15.4067 | lr 5.70e-05 | grad 4.81 | 1.4k tok/s (avg 0.9k) | cert 0.02→0.02 | ticks [11.625 11.312 11.250 11.250 11.312 11.375 11.375 11.312] | Δticks -0.312 | pc 0.380 (Δ-0.035) | gate 0.500 | |M| 0.7796 | dist 3.845 | ETA 3088.9h
step    390 | T=8 | loss 18.7241 | lr 5.85e-05 | grad 4.50 | 0.9k tok/s (avg 0.9k) | cert 0.02→0.02 | ticks [11.312 10.875 10.688 10.688 10.750 10.875 10.938 10.938] | Δticks -0.375 | pc 0.340 (Δ-0.017) | gate 0.500 | |M| 0.8557 | dist 7.513 | ETA 3094.5h
step    400 | T=8 | loss 18.1165 | lr 6.00e-05 | grad 5.69 | 0.9k tok/s (avg 0.9k) | cert 0.02→0.02 | ticks [11.000 10.562 10.375 10.438 10.562 10.688 10.688 10.625] | Δticks -0.375 | pc 0.307 (Δ-0.008) | gate 0.500 | |M| 0.9814 | dist 7.190 | ETA 3096.7h
step    410 | T=8 | loss 19.9808 | lr 6.15e-05 | grad 5.69 | 1.4k tok/s (avg 0.9k) | cert 0.02→0.02 | ticks [11.000 10.500 10.375 10.375 10.562 10.688 10.688 10.625] | Δticks -0.375 | pc 0.311 (Δ-0.004) | gate 0.500 | |M| 1.0269 | dist 9.128 | ETA 3071.1h
step    420 | T=8 | loss 18.8556 | lr 6.30e-05 | grad 4.62 | 0.9k tok/s (avg 0.9k) | cert 0.02→0.02 | ticks [11.188 10.812 10.688 10.688 10.750 10.875 10.875 10.812] | Δticks -0.375 | pc 0.256 (Δ+0.002) | gate 0.500 | |M| 0.8081 | dist 7.765 | ETA 3076.8h
step    430 | T=8 | loss 19.7755 | lr 6.45e-05 | grad 4.62 | 1.4k tok/s (avg 0.9k) | cert 0.02→0.02 | ticks [11.562 11.312 11.250 11.250 11.312 11.375 11.375 11.312] | Δticks -0.250 | pc 0.260 (Δ-0.001) | gate 0.500 | |M| 0.7934 | dist 8.203 | ETA 3053.0h
step    440 | T=8 | loss 16.9438 | lr 6.60e-05 | grad 3.70 | 0.9k tok/s (avg 0.9k) | cert 0.02→0.02 | ticks [11.562 11.312 11.188 11.188 11.250 11.312 11.312 11.312] | Δticks -0.250 | pc 0.216 (Δ+0.013) | gate 0.500 | |M| 0.7812 | dist 5.364 | ETA 3056.7h
step    450 | T=8 | loss 18.3613 | lr 6.75e-05 | grad 4.19 | 0.9k tok/s (avg 0.9k) | cert 0.02→0.02 | ticks [10.875 10.375 10.250 10.250 10.375 10.438 10.500 10.438] | Δticks -0.438 | pc 0.178 (Δ+0.036) | gate 0.500 | |M| 0.9731 | dist 7.631 | ETA 3058.3h
step    460 | T=8 | loss 20.0117 | lr 6.90e-05 | grad 4.19 | 1.4k tok/s (avg 0.9k) | cert 0.02→0.02 | ticks [10.938 10.500 10.312 10.312 10.375 10.438 10.500 10.500] | Δticks -0.438 | pc 0.178 (Δ+0.037) | gate 0.500 | |M| 0.9279 | dist 9.234 | ETA 3036.2h
step    470 | T=8 | loss 22.9263 | lr 7.05e-05 | grad 3.59 | 0.9k tok/s (avg 0.9k) | cert 0.02→0.02 | ticks [11.312 10.812 10.688 10.688 10.812 10.875 10.938 10.875] | Δticks -0.438 | pc 0.156 (Δ+0.017) | gate 0.500 | |M| 0.8540 | dist 11.772 | ETA 3039.4h
step    480 | T=8 | loss 17.2149 | lr 7.20e-05 | grad 4.88 | 0.8k tok/s (avg 0.9k) | cert 0.02→0.02 | ticks [11.188 10.750 10.625 10.625 10.750 10.875 10.875 10.875] | Δticks -0.312 | pc 0.135 (Δ+0.034) | gate 0.500 | |M| 1.0093 | dist 6.108 | ETA 3048.4h
step    490 | T=8 | loss 7.7880 | lr 7.35e-05 | grad 4.88 | 1.4k tok/s (avg 0.9k) | cert 0.02→0.02 | ticks [5.438 2.328 1.766 2.203 3.969 5.906 5.625 4.188] | Δticks -1.250 | pc 0.536 (Δ-0.139) | gate 0.500 | |M| 4.3976 | dist 4.998 | ETA 3027.9h
step    500 | T=8 | loss 17.8820 | lr 7.50e-05 | grad 4.59 | 0.8k tok/s (avg 0.9k) | cert 0.02→0.02 | ticks [10.562 10.188 10.062 10.062 10.125 10.188 10.188 10.188] | Δticks -0.375 | pc 0.115 (Δ+0.029) | gate 0.500 | |M| 0.8719 | dist 7.469 | ETA 3043.0h
step    510 | T=8 | loss 20.8551 | lr 7.65e-05 | grad 4.59 | 1.4k tok/s (avg 0.9k) | cert 0.02→0.02 | ticks [10.688 10.250 10.188 10.250 10.312 10.375 10.375 10.312] | Δticks -0.375 | pc 0.114 (Δ+0.026) | gate 0.500 | |M| 0.8826 | dist 10.314 | ETA 3023.4h
step    520 | T=8 | loss 18.6860 | lr 7.80e-05 | grad 4.78 | 0.8k tok/s (avg 0.9k) | cert 0.02→0.02 | ticks [10.875 10.375 10.188 10.250 10.312 10.438 10.500 10.438] | Δticks -0.438 | pc 0.111 (Δ+0.029) | gate 0.500 | |M| 1.0145 | dist 8.117 | ETA 3037.2h
step    530 | T=8 | loss 15.9117 | lr 7.95e-05 | grad 4.12 | 0.8k tok/s (avg 0.9k) | cert 0.02→0.02 | ticks [10.188 9.750 9.625 9.625 9.688 9.812 9.875 9.875] | Δticks -0.312 | pc 0.102 (Δ+0.034) | gate 0.500 | |M| 0.9336 | dist 6.109 | ETA 3048.1h
step    540 | T=8 | loss 21.9840 | lr 8.10e-05 | grad 4.12 | 1.4k tok/s (avg 0.9k) | cert 0.02→0.02 | ticks [10.938 10.625 10.562 10.625 10.625 10.625 10.562 10.562] | Δticks -0.375 | pc 0.095 (Δ+0.031) | gate 0.500 | |M| 0.8248 | dist 11.205 | ETA 3029.5h
step    550 | T=8 | loss 17.5530 | lr 8.25e-05 | grad 4.12 | 0.8k tok/s (avg 0.9k) | cert 0.02→0.02 | ticks [10.062 9.562 9.438 9.438 9.500 9.625 9.688 9.625] | Δticks -0.438 | pc 0.100 (Δ+0.036) | gate 0.500 | |M| 0.9202 | dist 7.979 | ETA 3042.4h
step    560 | T=8 | loss 17.2762 | lr 8.40e-05 | grad 4.66 | 0.8k tok/s (avg 0.9k) | cert 0.02→0.02 | ticks [10.938 10.625 10.562 10.625 10.625 10.625 10.625 10.625] | Δticks -0.312 | pc 0.098 (Δ+0.061) | gate 0.500 | |M| 0.9074 | dist 6.499 | ETA 3053.1h
step    570 | T=8 | loss 18.6415 | lr 8.55e-05 | grad 4.66 | 1.4k tok/s (avg 0.9k) | cert 0.02→0.02 | ticks [10.000 9.562 9.500 9.500 9.562 9.625 9.688 9.688] | Δticks -0.312 | pc 0.091 (Δ+0.045) | gate 0.500 | |M| 0.8323 | dist 9.034 | ETA 3035.4h
step    580 | T=8 | loss 15.7314 | lr 8.70e-05 | grad 3.69 | 0.7k tok/s (avg 0.9k) | cert 0.02→0.02 | ticks [9.938 9.562 9.438 9.438 9.500 9.625 9.688 9.688] | Δticks -0.250 | pc 0.094 (Δ+0.067) | gate 0.500 | |M| 0.9883 | dist 6.172 | ETA 3048.5h
step    590 | T=8 | loss 16.3739 | lr 8.85e-05 | grad 3.69 | 1.4k tok/s (avg 0.9k) | cert 0.02→0.02 | ticks [9.125 8.625 8.500 8.500 8.625 8.812 8.938 8.938] | Δticks -0.188 | pc 0.097 (Δ+0.041) | gate 0.500 | |M| 0.9537 | dist 7.719 | ETA 3031.5h
step    600 | T=8 | loss 16.9281 | lr 9.00e-05 | grad 4.56 | 0.7k tok/s (avg 0.9k) | cert 0.02→0.02 | ticks [10.312 9.812 9.688 9.688 9.812 10.000 10.062 10.000] | Δticks -0.312 | pc 0.098 (Δ+0.039) | gate 0.500 | |M| 0.8986 | dist 7.023 | ETA 3046.2h
step    610 | T=8 | loss 26.2607 | lr 9.15e-05 | grad 3.75 | 0.8k tok/s (avg 0.9k) | cert 0.02→0.02 | ticks [10.438 10.000 9.875 9.938 10.000 10.062 10.125 10.125] | Δticks -0.312 | pc 0.094 (Δ+0.038) | gate 0.500 | |M| 0.8174 | dist 16.135 | ETA 3052.4h
step    620 | T=8 | loss 16.3527 | lr 9.30e-05 | grad 3.75 | 1.4k tok/s (avg 0.9k) | cert 0.02→0.02 | ticks [9.062 8.562 8.375 8.375 8.500 8.688 8.812 8.875] | Δticks -0.188 | pc 0.091 (Δ+0.037) | gate 0.500 | |M| 0.8798 | dist 7.820 | ETA 3036.1h
step    630 | T=8 | loss 18.1618 | lr 9.45e-05 | grad 4.06 | 0.8k tok/s (avg 0.9k) | cert 0.02→0.02 | ticks [10.188 9.750 9.625 9.688 9.750 9.750 9.812 9.750] | Δticks -0.438 | pc 0.086 (Δ+0.037) | gate 0.500 | |M| 0.7996 | dist 8.355 | ETA 3046.6h
step    640 | T=8 | loss 20.0769 | lr 9.60e-05 | grad 3.94 | 0.8k tok/s (avg 0.9k) | cert 0.02→0.02 | ticks [10.438 10.062 10.000 10.000 10.062 10.125 10.125 10.125] | Δticks -0.312 | pc 0.084 (Δ+0.036) | gate 0.500 | |M| 0.8423 | dist 9.919 | ETA 3056.2h
step    650 | T=8 | loss 16.9034 | lr 9.75e-05 | grad 3.94 | 1.4k tok/s (avg 0.9k) | cert 0.02→0.02 | ticks [10.000 9.500 9.438 9.438 9.500 9.562 9.625 9.562] | Δticks -0.438 | pc 0.083 (Δ+0.021) | gate 0.500 | |M| 0.8149 | dist 7.294 | ETA 3040.7h
step    660 | T=8 | loss 18.5124 | lr 9.90e-05 | grad 3.62 | 0.8k tok/s (avg 0.9k) | cert 0.02→0.03 | ticks [9.500 9.000 8.938 8.938 9.062 9.125 9.250 9.250] | Δticks -0.250 | pc 0.081 (Δ+0.012) | gate 0.500 | |M| 0.8036 | dist 9.381 | ETA 3050.4h
step    670 | T=8 | loss 14.7889 | lr 1.00e-04 | grad 3.62 | 1.4k tok/s (avg 0.9k) | cert 0.02→0.03 | ticks [9.750 9.312 9.250 9.188 9.250 9.375 9.438 9.438] | Δticks -0.312 | pc 0.081 (Δ+0.015) | gate 0.500 | |M| 0.8218 | dist 5.415 | ETA 3035.3h
step    680 | T=8 | loss 15.2233 | lr 1.02e-04 | grad 3.98 | 0.8k tok/s (avg 0.9k) | cert 0.03→0.03 | ticks [9.000 8.625 8.500 8.500 8.562 8.688 8.750 8.812] | Δticks -0.188 | pc 0.077 (Δ+0.012) | gate 0.500 | |M| 0.8394 | dist 6.670 | ETA 3041.5h
step    690 | T=8 | loss 17.1196 | lr 1.03e-04 | grad 3.97 | 0.8k tok/s (avg 0.9k) | cert 0.03→0.04 | ticks [8.188 7.781 7.688 7.688 7.750 7.875 8.000 8.062] | Δticks -0.125 | pc 0.076 (Δ-0.010) | gate 0.500 | |M| 0.8348 | dist 9.402 | ETA 3049.0h
step    700 | T=8 | loss 14.1675 | lr 1.05e-04 | grad 3.97 | 1.4k tok/s (avg 0.9k) | cert 0.03→0.03 | ticks [9.812 9.375 9.312 9.312 9.312 9.375 9.438 9.438] | Δticks -0.375 | pc 0.074 (Δ-0.004) | gate 0.500 | |M| 0.7948 | dist 4.741 | ETA 3034.6h
step    710 | T=8 | loss 19.2814 | lr 1.07e-04 | grad 4.25 | 0.8k tok/s (avg 0.9k) | cert 0.03→0.03 | ticks [9.875 9.500 9.375 9.375 9.438 9.500 9.562 9.562] | Δticks -0.312 | pc 0.081 (Δ-0.003) | gate 0.500 | |M| 0.9039 | dist 9.690 | ETA 3043.1h
step    720 | T=8 | loss 18.3110 | lr 1.08e-04 | grad 3.75 | 0.8k tok/s (avg 0.9k) | cert 0.03→0.04 | ticks [10.000 9.562 9.500 9.500 9.562 9.625 9.625 9.625] | Δticks -0.375 | pc 0.075 (Δ-0.021) | gate 0.500 | |M| 0.8192 | dist 8.668 | ETA 3050.1h
step    730 | T=8 | loss 13.0753 | lr 1.09e-04 | grad 3.75 | 1.4k tok/s (avg 0.9k) | cert 0.04→0.04 | ticks [8.312 7.875 7.781 7.750 7.781 7.875 8.000 8.062] | Δticks -0.250 | pc 0.070 (Δ-0.023) | gate 0.500 | |M| 0.8301 | dist 5.253 | ETA 3036.4h
step    740 | T=8 | loss 15.9262 | lr 1.11e-04 | grad 3.19 | 0.8k tok/s (avg 0.9k) | cert 0.03→0.04 | ticks [10.250 9.875 9.812 9.812 9.812 9.875 9.875 9.938] | Δticks -0.312 | pc 0.070 (Δ-0.018) | gate 0.500 | |M| 0.8868 | dist 5.985 | ETA 3041.0h
step    750 | T=8 | loss 14.2125 | lr 1.12e-04 | grad 3.19 | 1.4k tok/s (avg 0.9k) | cert 0.03→0.04 | ticks [9.875 9.438 9.375 9.375 9.438 9.500 9.562 9.562] | Δticks -0.312 | pc 0.074 (Δ-0.025) | gate 0.500 | |M| 0.9097 | dist 4.634 | ETA 3027.7h
step    760 | T=8 | loss 15.2350 | lr 1.14e-04 | grad 2.94 | 0.8k tok/s (avg 0.9k) | cert 0.03→0.04 | ticks [10.188 9.875 9.750 9.750 9.812 9.812 9.875 9.875] | Δticks -0.312 | pc 0.066 (Δ-0.020) | gate 0.500 | |M| 0.8487 | dist 5.299 | ETA 3032.6h
step    770 | T=8 | loss 13.1141 | lr 1.15e-04 | grad 3.23 | 0.9k tok/s (avg 0.9k) | cert 0.05→0.05 | ticks [8.188 7.812 7.719 7.719 7.719 7.750 7.812 7.844] | Δticks -0.344 | pc 0.085 (Δ-0.031) | gate 0.500 | |M| 1.0872 | dist 5.365 | ETA 3036.1h
step    780 | T=8 | loss 14.4301 | lr 1.17e-04 | grad 3.23 | 1.4k tok/s (avg 0.9k) | cert 0.05→0.05 | ticks [8.938 8.500 8.375 8.375 8.438 8.500 8.625 8.688] | Δticks -0.250 | pc 0.064 (Δ-0.027) | gate 0.500 | |M| 0.9448 | dist 5.893 | ETA 3023.4h
step    790 | T=8 | loss 2.3782 | lr 1.18e-04 | grad 3.08 | 0.9k tok/s (avg 0.9k) | cert 0.76→0.88 | ticks [0.340 0.186 0.185 0.201 0.241 0.307 0.264 0.205] | Δticks -0.135 | pc 0.652 (Δ-0.100) | gate 0.500 | |M| 4.7585 | dist 1.482 | ETA 3027.1h
step    800 | T=8 | loss 12.9955 | lr 1.20e-04 | grad 2.75 | 0.9k tok/s (avg 0.9k) | cert 0.06→0.07 | ticks [8.750 8.375 8.312 8.375 8.375 8.438 8.438 8.438] | Δticks -0.312 | pc 0.072 (Δ-0.050) | gate 0.500 | |M| 0.8664 | dist 4.545 | ETA 3031.1h
step    810 | T=8 | loss 19.7628 | lr 1.21e-04 | grad 2.75 | 1.4k tok/s (avg 0.9k) | cert 0.05→0.06 | ticks [8.875 8.500 8.375 8.375 8.375 8.438 8.500 8.562] | Δticks -0.312 | pc 0.071 (Δ-0.037) | gate 0.500 | |M| 0.9442 | dist 11.262 | ETA 3018.9h
step    820 | T=8 | loss 13.0538 | lr 1.23e-04 | grad 3.25 | 0.9k tok/s (avg 0.9k) | cert 0.04→0.07 | ticks [9.375 9.000 8.875 8.875 8.938 9.000 9.000 9.062] | Δticks -0.312 | pc 0.064 (Δ-0.034) | gate 0.500 | |M| 0.8527 | dist 4.007 | ETA 3022.9h
step    830 | T=8 | loss 15.2912 | lr 1.24e-04 | grad 3.25 | 1.4k tok/s (avg 0.9k) | cert 0.05→0.07 | ticks [9.188 8.812 8.688 8.688 8.750 8.812 8.875 8.875] | Δticks -0.312 | pc 0.063 (Δ-0.028) | gate 0.500 | |M| 1.0016 | dist 6.427 | ETA 3011.1h
step    840 | T=8 | loss 18.9009 | lr 1.26e-04 | grad 2.52 | 0.9k tok/s (avg 0.9k) | cert 0.07→0.09 | ticks [7.781 7.375 7.281 7.312 7.406 7.500 7.594 7.656] | Δticks -0.125 | pc 0.084 (Δ-0.065) | gate 0.500 | |M| 1.1130 | dist 11.468 | ETA 3015.0h
step    850 | T=8 | loss 11.5597 | lr 1.28e-04 | grad 2.83 | 0.9k tok/s (avg 0.9k) | cert 0.08→0.11 | ticks [6.969 6.656 6.562 6.531 6.531 6.594 6.656 6.719] | Δticks -0.250 | pc 0.058 (Δ-0.060) | gate 0.500 | |M| 0.9281 | dist 5.015 | ETA 3018.0h
step    860 | T=8 | loss 13.6023 | lr 1.29e-04 | grad 2.83 | 1.4k tok/s (avg 0.9k) | cert 0.06→0.09 | ticks [9.062 8.625 8.562 8.562 8.562 8.625 8.625 8.688] | Δticks -0.375 | pc 0.070 (Δ-0.044) | gate 0.500 | |M| 0.8894 | dist 4.950 | ETA 3006.8h
step    870 | T=8 | loss 16.1191 | lr 1.30e-04 | grad 2.50 | 0.9k tok/s (avg 0.9k) | cert 0.07→0.10 | ticks [8.125 7.625 7.531 7.531 7.531 7.562 7.594 7.656] | Δticks -0.469 | pc 0.056 (Δ-0.033) | gate 0.500 | |M| 1.0806 | dist 8.522 | ETA 3010.1h
step    880 | T=8 | loss 19.3326 | lr 1.32e-04 | grad 2.83 | 0.9k tok/s (avg 0.9k) | cert 0.08→0.12 | ticks [8.188 7.750 7.656 7.656 7.656 7.719 7.750 7.812] | Δticks -0.375 | pc 0.051 (Δ-0.047) | gate 0.500 | |M| 0.9988 | dist 11.588 | ETA 3013.3h
step    890 | T=8 | loss 20.1689 | lr 1.33e-04 | grad 2.83 | 1.4k tok/s (avg 0.9k) | cert 0.07→0.11 | ticks [8.750 8.312 8.250 8.188 8.188 8.250 8.312 8.312] | Δticks -0.438 | pc 0.054 (Δ-0.039) | gate 0.500 | |M| 0.9401 | dist 11.835 | ETA 3002.4h
step    900 | T=8 | loss 1.5748 | lr 1.35e-04 | grad 2.48 | 0.9k tok/s (avg 0.9k) | cert 0.86→0.95 | ticks [0.120 0.057 0.075 0.082 0.064 0.058 0.046 0.035] | Δticks -0.084 | pc 0.554 (Δ-0.126) | gate 0.500 | |M| 5.2708 | dist 1.084 | ETA 3005.7h
step    910 | T=8 | loss 14.7284 | lr 1.36e-04 | grad 2.48 | 1.4k tok/s (avg 0.9k) | cert 0.10→0.15 | ticks [7.250 6.812 6.719 6.719 6.812 6.875 6.969 7.000] | Δticks -0.250 | pc 0.074 (Δ-0.086) | gate 0.500 | |M| 1.1857 | dist 7.922 | ETA 2995.1h
step    920 | T=8 | loss 11.9295 | lr 1.38e-04 | grad 2.22 | 0.9k tok/s (avg 0.9k) | cert 0.09→0.15 | ticks [7.188 6.688 6.594 6.625 6.688 6.750 6.812 6.812] | Δticks -0.375 | pc 0.070 (Δ-0.046) | gate 0.500 | |M| 1.0741 | dist 5.253 | ETA 2998.5h
step    930 | T=8 | loss 12.8754 | lr 1.39e-04 | grad 2.31 | 0.9k tok/s (avg 0.9k) | cert 0.07→0.15 | ticks [8.750 8.250 8.188 8.188 8.250 8.250 8.250 8.250] | Δticks -0.500 | pc 0.065 (Δ-0.053) | gate 0.500 | |M| 1.0105 | dist 4.622 | ETA 3001.4h
step    940 | T=8 | loss 14.3013 | lr 1.41e-04 | grad 2.31 | 1.4k tok/s (avg 1.0k) | cert 0.08→0.15 | ticks [9.000 8.562 8.500 8.438 8.500 8.500 8.562 8.562] | Δticks -0.438 | pc 0.056 (Δ-0.054) | gate 0.500 | |M| 0.8721 | dist 5.740 | ETA 2991.4h
step    950 | T=8 | loss 17.0134 | lr 1.42e-04 | grad 2.47 | 0.9k tok/s (avg 0.9k) | cert 0.08→0.17 | ticks [8.750 8.188 8.062 8.062 8.062 8.125 8.125 8.188] | Δticks -0.562 | pc 0.071 (Δ-0.073) | gate 0.500 | |M| 0.9813 | dist 8.854 | ETA 2994.7h
step    960 | T=8 | loss 11.1528 | lr 1.44e-04 | grad 2.22 | 0.9k tok/s (avg 0.9k) | cert 0.16→0.26 | ticks [6.188 5.594 5.406 5.375 5.406 5.438 5.500 5.531] | Δticks -0.656 | pc 0.082 (Δ-0.114) | gate 0.500 | |M| 1.0335 | dist 5.726 | ETA 2997.7h
step    970 | T=8 | loss 13.6558 | lr 1.45e-04 | grad 2.22 | 1.4k tok/s (avg 1.0k) | cert 0.06→0.17 | ticks [8.875 8.375 8.188 8.188 8.188 8.250 8.312 8.312] | Δticks -0.562 | pc 0.070 (Δ-0.076) | gate 0.500 | |M| 0.9696 | dist 5.406 | ETA 2987.8h
step    980 | T=8 | loss 16.8345 | lr 1.47e-04 | grad 2.08 | 0.9k tok/s (avg 1.0k) | cert 0.09→0.20 | ticks [8.312 7.781 7.656 7.625 7.625 7.656 7.688 7.688] | Δticks -0.625 | pc 0.066 (Δ-0.073) | gate 0.500 | |M| 1.0594 | dist 9.165 | ETA 2991.1h
step    990 | T=8 | loss 16.5663 | lr 1.49e-04 | grad 2.08 | 1.4k tok/s (avg 1.0k) | cert 0.09→0.20 | ticks [7.719 7.125 6.969 6.906 6.906 6.938 6.969 7.000] | Δticks -0.719 | pc 0.066 (Δ-0.073) | gate 0.500 | |M| 1.1127 | dist 9.615 | ETA 2981.7h
step   1000 | T=8 | loss 13.5349 | lr 1.50e-04 | grad 2.52 | 0.9k tok/s (avg 1.0k) | cert 0.08→0.20 | ticks [7.906 7.312 7.156 7.156 7.188 7.219 7.250 7.250] | Δticks -0.656 | pc 0.064 (Δ-0.058) | gate 0.500 | |M| 1.1325 | dist 6.337 | ETA 2984.7h
[CachedTeacherDataset/eval] 9 shards (of 199 total) under teacher_cache/phase1 | seq_len=512 top_k=128
  >>> val @ step 1000:
  T=8 | CE=6.7932 | PPL=891.74 | top1=14.5% | top5=26.8% | (25600 tok)
step   1010 | T=8 | loss 10.7427 | lr 1.51e-04 | grad 2.41 | 0.4k tok/s (avg 0.9k) | cert 0.18→0.31 | ticks [6.375 5.875 5.781 5.750 5.781 5.812 5.844 5.875] | Δticks -0.500 | pc 0.077 (Δ-0.087) | gate 0.500 | |M| 1.0638 | dist 4.998 | ETA 3021.3h
step   1020 | T=8 | loss 11.9419 | lr 1.53e-04 | grad 2.41 | 1.4k tok/s (avg 0.9k) | cert 0.16→0.28 | ticks [6.594 6.125 6.062 6.031 6.031 6.031 6.062 6.062] | Δticks -0.531 | pc 0.074 (Δ-0.072) | gate 0.500 | |M| 1.1456 | dist 5.895 | ETA 3011.7h
step   1030 | T=8 | loss 12.2122 | lr 1.54e-04 | grad 2.17 | 0.9k tok/s (avg 0.9k) | cert 0.15→0.30 | ticks [6.812 6.250 6.125 6.156 6.188 6.188 6.219 6.219] | Δticks -0.594 | pc 0.079 (Δ-0.070) | gate 0.500 | |M| 1.1714 | dist 6.076 | ETA 3014.4h
step   1040 | T=8 | loss 13.1787 | lr 1.56e-04 | grad 2.31 | 0.9k tok/s (avg 0.9k) | cert 0.14→0.29 | ticks [7.031 6.469 6.375 6.375 6.406 6.438 6.469 6.500] | Δticks -0.531 | pc 0.069 (Δ-0.048) | gate 0.500 | |M| 1.2315 | dist 6.793 | ETA 3017.2h
step   1050 | T=8 | loss 11.0194 | lr 1.57e-04 | grad 2.31 | 1.4k tok/s (avg 0.9k) | cert 0.19→0.34 | ticks [6.406 5.812 5.719 5.719 5.750 5.750 5.781 5.781] | Δticks -0.625 | pc 0.103 (Δ-0.097) | gate 0.500 | |M| 1.1708 | dist 5.351 | ETA 3007.9h
step   1060 | T=8 | loss 13.7750 | lr 1.59e-04 | grad 2.55 | 0.9k tok/s (avg 0.9k) | cert 0.07→0.26 | ticks [8.812 8.188 8.062 8.062 8.125 8.125 8.188 8.188] | Δticks -0.625 | pc 0.097 (Δ-0.129) | gate 0.500 | |M| 1.0650 | dist 5.650 | ETA 3010.6h
step   1070 | T=8 | loss 10.2665 | lr 1.60e-04 | grad 2.55 | 1.4k tok/s (avg 0.9k) | cert 0.18→0.35 | ticks [5.406 4.812 4.750 4.750 4.812 4.844 4.844 4.875] | Δticks -0.531 | pc 0.115 (Δ-0.120) | gate 0.500 | |M| 1.3341 | dist 5.569 | ETA 3001.6h
step   1080 | T=8 | loss 15.2623 | lr 1.62e-04 | grad 2.09 | 0.9k tok/s (avg 0.9k) | cert 0.11→0.30 | ticks [7.688 6.906 6.656 6.562 6.562 6.562 6.594 6.656] | Δticks -1.031 | pc 0.090 (Δ-0.096) | gate 0.500 | |M| 1.2364 | dist 8.691 | ETA 3004.5h
step   1090 | T=8 | loss 14.6871 | lr 1.63e-04 | grad 2.89 | 0.9k tok/s (avg 0.9k) | cert 0.18→0.43 | ticks [6.281 5.531 5.281 5.281 5.375 5.406 5.438 5.469] | Δticks -0.812 | pc 0.174 (Δ-0.197) | gate 0.500 | |M| 1.5335 | dist 9.312 | ETA 3007.2h
step   1100 | T=8 | loss 13.0076 | lr 1.65e-04 | grad 2.89 | 1.4k tok/s (avg 0.9k) | cert 0.11→0.31 | ticks [7.906 7.281 7.188 7.156 7.156 7.188 7.219 7.219] | Δticks -0.688 | pc 0.091 (Δ-0.087) | gate 0.500 | |M| 1.3006 | dist 5.915 | ETA 2998.4h
step   1110 | T=8 | loss 12.0733 | lr 1.66e-04 | grad 2.98 | 0.9k tok/s (avg 0.9k) | cert 0.22→0.40 | ticks [6.125 5.562 5.469 5.469 5.531 5.594 5.625 5.688] | Δticks -0.438 | pc 0.115 (Δ-0.127) | gate 0.500 | |M| 1.3846 | dist 6.613 | ETA 3001.2h
step   1120 | T=8 | loss 13.2738 | lr 1.68e-04 | grad 2.33 | 0.9k tok/s (avg 0.9k) | cert 0.10→0.32 | ticks [8.312 7.656 7.531 7.531 7.562 7.594 7.625 7.656] | Δticks -0.656 | pc 0.103 (Δ-0.104) | gate 0.500 | |M| 1.3372 | dist 5.758 | ETA 3003.9h
step   1130 | T=8 | loss 12.4047 | lr 1.69e-04 | grad 2.33 | 1.4k tok/s (avg 0.9k) | cert 0.08→0.30 | ticks [8.625 7.938 7.844 7.875 7.906 7.906 7.938 7.969] | Δticks -0.656 | pc 0.086 (Δ-0.071) | gate 0.500 | |M| 1.2559 | dist 4.546 | ETA 2995.4h
step   1140 | T=8 | loss 17.2689 | lr 1.71e-04 | grad 3.36 | 0.9k tok/s (avg 0.9k) | cert 0.16→0.35 | ticks [7.406 6.812 6.750 6.781 6.844 6.844 6.844 6.875] | Δticks -0.531 | pc 0.108 (Δ-0.087) | gate 0.500 | |M| 1.2782 | dist 10.513 | ETA 2997.9h
step   1150 | T=8 | loss 12.0233 | lr 1.72e-04 | grad 3.36 | 1.4k tok/s (avg 1.0k) | cert 0.20→0.37 | ticks [6.594 5.906 5.781 5.844 5.906 5.906 5.906 5.906] | Δticks -0.688 | pc 0.105 (Δ-0.074) | gate 0.500 | |M| 1.4701 | dist 6.235 | ETA 2989.7h
step   1160 | T=8 | loss 13.0032 | lr 1.74e-04 | grad 2.61 | 0.9k tok/s (avg 1.0k) | cert 0.06→0.29 | ticks [9.438 8.562 8.312 8.250 8.250 8.312 8.312 8.312] | Δticks -1.125 | pc 0.101 (Δ-0.105) | gate 0.500 | |M| 1.1919 | dist 4.753 | ETA 2992.3h
step   1170 | T=8 | loss 17.2219 | lr 1.75e-04 | grad 2.30 | 0.9k tok/s (avg 0.9k) | cert 0.18→0.39 | ticks [7.344 6.594 6.438 6.406 6.406 6.406 6.406 6.406] | Δticks -0.938 | pc 0.084 (Δ-0.084) | gate 0.500 | |M| 1.5465 | dist 10.848 | ETA 2994.7h
step   1180 | T=8 | loss 10.0342 | lr 1.77e-04 | grad 2.30 | 1.4k tok/s (avg 1.0k) | cert 0.19→0.40 | ticks [6.062 5.250 5.094 5.062 5.094 5.125 5.156 5.188] | Δticks -0.875 | pc 0.111 (Δ-0.103) | gate 0.500 | |M| 1.4948 | dist 5.012 | ETA 2986.7h
step   1190 | T=8 | loss 9.5916 | lr 1.79e-04 | grad 2.75 | 0.9k tok/s (avg 1.0k) | cert 0.25→0.45 | ticks [5.156 4.469 4.312 4.312 4.375 4.406 4.469 4.500] | Δticks -0.656 | pc 0.131 (Δ-0.138) | gate 0.500 | |M| 1.5880 | dist 5.338 | ETA 2989.4h
step   1200 | T=8 | loss 9.4468 | lr 1.80e-04 | grad 2.44 | 0.8k tok/s (avg 1.0k) | cert 0.24→0.44 | ticks [5.375 4.625 4.438 4.438 4.469 4.531 4.594 4.656] | Δticks -0.719 | pc 0.140 (Δ-0.150) | gate 0.500 | |M| 1.7025 | dist 5.037 | ETA 2992.5h
step   1210 | T=8 | loss 12.7731 | lr 1.81e-04 | grad 2.44 | 1.4k tok/s (avg 1.0k) | cert 0.06→0.30 | ticks [9.438 8.438 8.188 8.188 8.188 8.188 8.250 8.250] | Δticks -1.188 | pc 0.121 (Δ-0.144) | gate 0.500 | |M| 1.1914 | dist 4.656 | ETA 2984.6h
step   1220 | T=8 | loss 12.5769 | lr 1.83e-04 | grad 1.77 | 0.9k tok/s (avg 1.0k) | cert 0.12→0.35 | ticks [7.719 6.906 6.625 6.594 6.656 6.719 6.750 6.750] | Δticks -0.969 | pc 0.121 (Δ-0.121) | gate 0.500 | |M| 1.5813 | dist 6.027 | ETA 2987.2h
step   1230 | T=8 | loss 14.3811 | lr 1.84e-04 | grad 1.77 | 1.4k tok/s (avg 1.0k) | cert 0.18→0.36 | ticks [8.312 7.500 7.188 7.156 7.156 7.219 7.250 7.281] | Δticks -1.031 | pc 0.125 (Δ-0.159) | gate 0.500 | |M| 1.9898 | dist 7.192 | ETA 2979.5h
step   1240 | T=8 | loss 10.4896 | lr 1.86e-04 | grad 3.22 | 0.9k tok/s (avg 1.0k) | cert 0.09→0.30 | ticks [8.312 7.375 7.188 7.188 7.281 7.375 7.438 7.438] | Δticks -0.875 | pc 0.123 (Δ-0.110) | gate 0.500 | |M| 1.5169 | dist 3.354 | ETA 2982.3h
step   1250 | T=8 | loss 12.9365 | lr 1.87e-04 | grad 2.67 | 0.9k tok/s (avg 1.0k) | cert 0.05→0.36 | ticks [9.625 8.500 7.875 8.000 8.188 8.250 8.312 8.312] | Δticks -1.312 | pc 0.217 (Δ-0.357) | gate 0.500 | |M| 1.5906 | dist 4.914 | ETA 2984.5h
step   1260 | T=8 | loss 10.7577 | lr 1.89e-04 | grad 2.67 | 1.4k tok/s (avg 1.0k) | cert 0.21→0.40 | ticks [6.344 5.562 5.406 5.406 5.469 5.562 5.625 5.656] | Δticks -0.688 | pc 0.110 (Δ-0.126) | gate 0.500 | |M| 1.6832 | dist 5.403 | ETA 2977.1h
step   1270 | T=8 | loss 9.9509 | lr 1.90e-04 | grad 2.08 | 0.9k tok/s (avg 1.0k) | cert 0.24→0.49 | ticks [5.906 5.062 4.844 4.812 4.812 4.875 4.938 5.031] | Δticks -0.875 | pc 0.155 (Δ-0.163) | gate 0.500 | |M| 1.7712 | dist 5.186 | ETA 2979.8h
step   1280 | T=8 | loss 10.6728 | lr 1.92e-04 | grad 2.69 | 0.9k tok/s (avg 1.0k) | cert 0.18→0.40 | ticks [6.719 5.969 5.844 5.844 5.875 5.875 5.875 5.938] | Δticks -0.781 | pc 0.112 (Δ-0.134) | gate 0.500 | |M| 1.5756 | dist 4.960 | ETA 2982.2h
step   1290 | T=8 | loss 12.6684 | lr 1.93e-04 | grad 2.69 | 1.4k tok/s (avg 1.0k) | cert 0.13→0.37 | ticks [8.312 7.719 7.594 7.531 7.531 7.531 7.594 7.625] | Δticks -0.688 | pc 0.112 (Δ-0.111) | gate 0.500 | |M| 1.3654 | dist 5.177 | ETA 2974.9h
step   1300 | T=8 | loss 10.0432 | lr 1.95e-04 | grad 3.28 | 0.9k tok/s (avg 1.0k) | cert 0.14→0.43 | ticks [7.812 6.938 6.656 6.625 6.625 6.625 6.656 6.656] | Δticks -1.156 | pc 0.151 (Δ-0.105) | gate 0.500 | |M| 1.5454 | dist 3.482 | ETA 2977.4h
step   1310 | T=8 | loss 14.7776 | lr 1.96e-04 | grad 3.28 | 1.4k tok/s (avg 1.0k) | cert 0.09→0.41 | ticks [8.125 7.031 6.625 6.594 6.594 6.594 6.562 6.594] | Δticks -1.531 | pc 0.183 (Δ-0.148) | gate 0.500 | |M| 1.5084 | dist 8.247 | ETA 2970.3h
step   1320 | T=8 | loss 14.3786 | lr 1.98e-04 | grad 4.31 | 0.8k tok/s (avg 1.0k) | cert 0.13→0.36 | ticks [7.875 7.031 6.875 6.875 6.906 6.938 6.938 6.938] | Δticks -0.938 | pc 0.149 (Δ-0.165) | gate 0.500 | |M| 1.6670 | dist 7.541 | ETA 2973.3h
step   1330 | T=8 | loss 14.3576 | lr 1.99e-04 | grad 2.53 | 0.7k tok/s (avg 1.0k) | cert 0.13→0.36 | ticks [7.188 6.438 6.406 6.438 6.500 6.500 6.531 6.562] | Δticks -0.625 | pc 0.130 (Δ-0.167) | gate 0.500 | |M| 1.6605 | dist 8.015 | ETA 2979.6h
step   1340 | T=8 | loss 12.0196 | lr 2.01e-04 | grad 2.53 | 1.4k tok/s (avg 1.0k) | cert 0.10→0.34 | ticks [7.969 7.094 6.969 7.000 7.062 7.094 7.094 7.125] | Δticks -0.844 | pc 0.156 (Δ-0.160) | gate 0.500 | |M| 1.6796 | dist 5.106 | ETA 2972.7h
step   1350 | T=8 | loss 12.8828 | lr 2.02e-04 | grad 3.91 | 0.8k tok/s (avg 1.0k) | cert 0.14→0.40 | ticks [6.906 5.500 5.125 5.219 5.281 5.344 5.438 5.500] | Δticks -1.406 | pc 0.156 (Δ-0.257) | gate 0.500 | |M| 1.6892 | dist 7.803 | ETA 2978.3h
step   1360 | T=8 | loss 11.6238 | lr 2.04e-04 | grad 7.91 | 0.8k tok/s (avg 1.0k) | cert 0.17→0.42 | ticks [6.938 5.781 5.375 5.312 5.375 5.469 5.531 5.594] | Δticks -1.344 | pc 0.134 (Δ-0.138) | gate 0.500 | |M| 1.8224 | dist 6.369 | ETA 2981.2h
step   1370 | T=8 | loss 14.6504 | lr 2.05e-04 | grad 7.91 | 1.4k tok/s (avg 1.0k) | cert 0.10→0.38 | ticks [8.250 7.219 6.969 6.969 7.062 7.125 7.156 7.219] | Δticks -1.031 | pc 0.125 (Δ-0.134) | gate 0.500 | |M| 1.5368 | dist 7.781 | ETA 2974.5h
step   1380 | T=8 | loss 13.6326 | lr 2.07e-04 | grad 4.38 | 0.9k tok/s (avg 1.0k) | cert 0.33→0.44 | ticks [5.812 5.406 5.312 5.312 5.406 5.469 5.500 5.562] | Δticks -0.250 | pc 0.111 (Δ-0.105) | gate 0.499 | |M| 1.8898 | dist 8.346 | ETA 2977.1h
step   1390 | T=8 | loss 9.0689 | lr 2.08e-04 | grad 4.38 | 1.4k tok/s (avg 1.0k) | cert 0.29→0.47 | ticks [5.531 4.875 4.781 4.781 4.844 4.875 4.875 4.938] | Δticks -0.594 | pc 0.147 (Δ-0.116) | gate 0.499 | |M| 1.8874 | dist 4.462 | ETA 2970.4h
step   1400 | T=8 | loss 13.1868 | lr 2.10e-04 | grad 5.50 | 1.0k tok/s (avg 1.0k) | cert 0.20→0.39 | ticks [6.500 5.906 5.781 5.812 5.875 5.938 5.969 6.000] | Δticks -0.500 | pc 0.130 (Δ-0.110) | gate 0.499 | |M| 1.9129 | dist 7.465 | ETA 2969.8h
step   1410 | T=8 | loss 17.0561 | lr 2.11e-04 | grad 7.94 | 1.0k tok/s (avg 1.0k) | cert 0.11→0.37 | ticks [7.719 6.688 6.469 6.469 6.531 6.594 6.625 6.656] | Δticks -1.062 | pc 0.140 (Δ-0.126) | gate 0.499 | |M| 1.6854 | dist 10.654 | ETA 2969.3h
step   1420 | T=8 | loss 13.1177 | lr 2.13e-04 | grad 7.94 | 1.4k tok/s (avg 1.0k) | cert 0.17→0.40 | ticks [6.656 5.562 5.375 5.406 5.469 5.500 5.562 5.594] | Δticks -1.062 | pc 0.146 (Δ-0.133) | gate 0.499 | |M| 1.7465 | dist 7.834 | ETA 2962.8h
step   1430 | T=8 | loss 15.0484 | lr 2.14e-04 | grad 2.58 | 1.0k tok/s (avg 1.0k) | cert 0.14→0.39 | ticks [7.250 6.500 6.375 6.406 6.438 6.406 6.406 6.438] | Δticks -0.812 | pc 0.204 (Δ-0.210) | gate 0.499 | |M| 1.9254 | dist 8.700 | ETA 2962.3h
step   1440 | T=8 | loss 14.7468 | lr 2.16e-04 | grad 3.11 | 1.0k tok/s (avg 1.0k) | cert 0.11→0.38 | ticks [8.375 7.531 7.406 7.406 7.469 7.469 7.469 7.531] | Δticks -0.844 | pc 0.150 (Δ-0.076) | gate 0.499 | |M| 1.6882 | dist 7.391 | ETA 2961.8h
step   1450 | T=8 | loss 14.0751 | lr 2.17e-04 | grad 3.11 | 1.4k tok/s (avg 1.0k) | cert 0.13→0.39 | ticks [7.656 6.875 6.781 6.781 6.812 6.844 6.875 6.906] | Δticks -0.750 | pc 0.200 (Δ-0.191) | gate 0.499 | |M| 1.6306 | dist 7.354 | ETA 2955.5h
step   1460 | T=8 | loss 16.5050 | lr 2.19e-04 | grad 2.20 | 1.0k tok/s (avg 1.0k) | cert 0.29→0.47 | ticks [6.562 5.875 5.688 5.688 5.781 5.812 5.844 5.844] | Δticks -0.719 | pc 0.133 (Δ-0.057) | gate 0.499 | |M| 2.0096 | dist 10.826 | ETA 2955.0h
step   1470 | T=8 | loss 11.2811 | lr 2.20e-04 | grad 2.20 | 1.4k tok/s (avg 1.0k) | cert 0.22→0.44 | ticks [6.469 5.781 5.781 5.812 5.812 5.812 5.812 5.875] | Δticks -0.594 | pc 0.134 (Δ-0.111) | gate 0.499 | |M| 1.7031 | dist 5.696 | ETA 2948.8h
step   1480 | T=8 | loss 11.1506 | lr 2.22e-04 | grad 4.09 | 1.0k tok/s (avg 1.0k) | cert 0.14→0.38 | ticks [7.688 6.594 6.406 6.406 6.469 6.500 6.500 6.469] | Δticks -1.219 | pc 0.118 (Δ-0.038) | gate 0.499 | |M| 1.6787 | dist 4.862 | ETA 2948.4h
step   1490 | T=8 | loss 11.7871 | lr 2.23e-04 | grad 3.61 | 1.0k tok/s (avg 1.0k) | cert 0.20→0.50 | ticks [6.031 5.062 4.812 4.875 4.969 5.031 5.031 5.031] | Δticks -1.000 | pc 0.184 (Δ-0.056) | gate 0.499 | |M| 1.9479 | dist 7.057 | ETA 2948.1h
step   1500 | T=8 | loss 12.4860 | lr 2.25e-04 | grad 3.61 | 1.4k tok/s (avg 1.0k) | cert 0.19→0.43 | ticks [6.469 5.531 5.375 5.406 5.469 5.469 5.438 5.438] | Δticks -1.031 | pc 0.169 (Δ-0.108) | gate 0.499 | |M| 1.9068 | dist 7.245 | ETA 2942.1h
step   1510 | T=8 | loss 12.6885 | lr 2.26e-04 | grad 2.78 | 1.0k tok/s (avg 1.0k) | cert 0.18→0.41 | ticks [7.156 6.531 6.469 6.500 6.562 6.562 6.562 6.594] | Δticks -0.562 | pc 0.113 (Δ-0.054) | gate 0.499 | |M| 1.7203 | dist 6.303 | ETA 2941.6h
step   1520 | T=8 | loss 8.5022 | lr 2.28e-04 | grad 5.16 | 1.0k tok/s (avg 1.0k) | cert 0.30→0.50 | ticks [4.688 3.844 3.828 3.906 4.000 4.062 4.062 4.125] | Δticks -0.562 | pc 0.170 (Δ-0.123) | gate 0.499 | |M| 2.0874 | dist 4.817 | ETA 2941.5h
step   1530 | T=8 | loss 12.4418 | lr 2.29e-04 | grad 5.16 | 1.4k tok/s (avg 1.0k) | cert 0.09→0.41 | ticks [8.625 7.500 7.312 7.312 7.312 7.281 7.250 7.250] | Δticks -1.375 | pc 0.139 (Δ-0.106) | gate 0.499 | |M| 1.6056 | dist 5.289 | ETA 2935.6h
step   1540 | T=8 | loss 16.1621 | lr 2.31e-04 | grad 3.45 | 1.0k tok/s (avg 1.0k) | cert 0.08→0.38 | ticks [8.375 6.812 6.406 6.375 6.438 6.500 6.469 6.500] | Δticks -1.875 | pc 0.153 (Δ-0.112) | gate 0.499 | |M| 1.5456 | dist 9.878 | ETA 2935.3h
step   1550 | T=8 | loss 14.1947 | lr 2.32e-04 | grad 3.45 | 1.4k tok/s (avg 1.0k) | cert 0.12→0.43 | ticks [7.094 5.750 5.469 5.531 5.562 5.594 5.562 5.562] | Δticks -1.531 | pc 0.194 (Δ-0.179) | gate 0.499 | |M| 1.6436 | dist 8.791 | ETA 2929.6h
step   1560 | T=8 | loss 8.6932 | lr 2.34e-04 | grad 9.56 | 1.0k tok/s (avg 1.0k) | cert 0.15→0.43 | ticks [7.312 5.531 4.969 4.969 5.062 5.219 5.250 5.219] | Δticks -2.094 | pc 0.173 (Δ-0.107) | gate 0.499 | |M| 1.8014 | dist 3.808 | ETA 2929.3h
step   1570 | T=8 | loss 11.3167 | lr 2.35e-04 | grad 10.62 | 1.0k tok/s (avg 1.0k) | cert 0.16→0.42 | ticks [6.812 5.938 5.844 5.906 5.969 6.000 5.938 5.938] | Δticks -0.875 | pc 0.139 (Δ-0.050) | gate 0.499 | |M| 1.8543 | dist 5.587 | ETA 2929.0h
step   1580 | T=8 | loss 11.2439 | lr 2.37e-04 | grad 10.62 | 1.4k tok/s (avg 1.0k) | cert 0.22→0.45 | ticks [6.438 5.688 5.625 5.656 5.688 5.688 5.594 5.594] | Δticks -0.844 | pc 0.168 (Δ-0.090) | gate 0.499 | |M| 1.8155 | dist 5.787 | ETA 2923.5h
step   1590 | T=8 | loss 8.1520 | lr 2.38e-04 | grad 2.30 | 1.0k tok/s (avg 1.0k) | cert 0.35→0.51 | ticks [4.781 4.188 4.188 4.219 4.312 4.312 4.281 4.312] | Δticks -0.469 | pc 0.146 (Δ-0.054) | gate 0.499 | |M| 2.1303 | dist 4.198 | ETA 2923.5h
step   1600 | T=8 | loss 9.8657 | lr 2.40e-04 | grad 8.06 | 1.0k tok/s (avg 1.0k) | cert 0.24→0.43 | ticks [6.562 5.906 5.844 5.844 5.906 5.938 5.969 6.000] | Δticks -0.562 | pc 0.114 (Δ-0.058) | gate 0.499 | |M| 1.8674 | dist 4.207 | ETA 2923.3h
step   1610 | T=8 | loss 11.9230 | lr 2.41e-04 | grad 8.06 | 1.4k tok/s (avg 1.0k) | cert 0.11→0.39 | ticks [8.438 7.594 7.594 7.656 7.656 7.656 7.625 7.625] | Δticks -0.812 | pc 0.142 (Δ-0.074) | gate 0.499 | |M| 1.5504 | dist 4.496 | ETA 2917.9h
step   1620 | T=8 | loss 12.3906 | lr 2.43e-04 | grad 7.94 | 1.0k tok/s (avg 1.0k) | cert 0.09→0.39 | ticks [8.375 7.219 7.125 7.250 7.312 7.250 7.188 7.156] | Δticks -1.219 | pc 0.179 (Δ-0.126) | gate 0.499 | |M| 1.6409 | dist 5.402 | ETA 2917.8h
step   1630 | T=8 | loss 10.1657 | lr 2.44e-04 | grad 7.94 | 1.4k tok/s (avg 1.0k) | cert 0.05→0.36 | ticks [8.500 6.812 6.469 6.562 6.625 6.625 6.625 6.594] | Δticks -1.906 | pc 0.137 (Δ-0.097) | gate 0.499 | |M| 1.7260 | dist 3.836 | ETA 2912.4h
step   1640 | T=8 | loss 12.0864 | lr 2.46e-04 | grad 3.50 | 1.0k tok/s (avg 1.0k) | cert 0.08→0.35 | ticks [9.312 8.125 7.719 7.719 7.781 7.812 7.781 7.750] | Δticks -1.562 | pc 0.239 (Δ-0.137) | gate 0.499 | |M| 1.4128 | dist 4.460 | ETA 2912.2h
step   1650 | T=8 | loss 10.6605 | lr 2.47e-04 | grad 7.59 | 1.0k tok/s (avg 1.0k) | cert 0.05→0.35 | ticks [8.688 7.156 6.719 6.719 6.812 6.844 6.844 6.812] | Δticks -1.875 | pc 0.175 (Δ-0.088) | gate 0.499 | |M| 1.5549 | dist 4.069 | ETA 2912.0h
step   1660 | T=8 | loss 13.1487 | lr 2.49e-04 | grad 7.59 | 1.4k tok/s (avg 1.0k) | cert 0.36→0.56 | ticks [4.562 4.000 3.969 4.125 4.219 4.156 4.094 4.094] | Δticks -0.469 | pc 0.178 (Δ-0.032) | gate 0.499 | |M| 2.3687 | dist 9.308 | ETA 2906.8h
step   1670 | T=8 | loss 8.6040 | lr 2.51e-04 | grad 2.94 | 1.0k tok/s (avg 1.0k) | cert 0.29→0.53 | ticks [4.812 3.922 3.969 4.031 4.125 4.125 4.031 4.031] | Δticks -0.781 | pc 0.119 (Δ-0.042) | gate 0.499 | |M| 2.2661 | dist 4.854 | ETA 2906.7h
step   1680 | T=8 | loss 14.8361 | lr 2.52e-04 | grad 6.25 | 1.0k tok/s (avg 1.0k) | cert 0.17→0.44 | ticks [7.938 7.312 7.406 7.438 7.406 7.344 7.281 7.312] | Δticks -0.625 | pc 0.133 (Δ-0.049) | gate 0.499 | |M| 1.6464 | dist 7.600 | ETA 2906.6h
step   1690 | T=8 | loss 14.2393 | lr 2.53e-04 | grad 6.25 | 1.4k tok/s (avg 1.0k) | cert 0.19→0.45 | ticks [7.469 6.969 7.062 7.094 7.062 7.000 6.938 6.969] | Δticks -0.500 | pc 0.124 (Δ-0.041) | gate 0.499 | |M| 1.7441 | dist 7.408 | ETA 2901.5h
step   1700 | T=8 | loss 10.2586 | lr 2.55e-04 | grad 4.75 | 1.0k tok/s (avg 1.0k) | cert 0.11→0.45 | ticks [7.844 6.312 6.188 6.250 6.250 6.188 6.188 6.188] | Δticks -1.656 | pc 0.136 (Δ-0.058) | gate 0.499 | |M| 1.9014 | dist 4.284 | ETA 2901.4h
step   1710 | T=8 | loss 8.9870 | lr 2.56e-04 | grad 4.75 | 1.4k tok/s (avg 1.0k) | cert 0.14→0.46 | ticks [6.562 4.812 4.719 4.781 4.781 4.781 4.750 4.750] | Δticks -1.812 | pc 0.121 (Δ-0.085) | gate 0.499 | |M| 2.0806 | dist 4.499 | ETA 2896.4h
step   1720 | T=8 | loss 11.0379 | lr 2.58e-04 | grad 5.66 | 1.0k tok/s (avg 1.0k) | cert 0.15→0.43 | ticks [6.812 5.438 5.281 5.281 5.344 5.438 5.438 5.438] | Δticks -1.375 | pc 0.128 (Δ-0.059) | gate 0.499 | |M| 2.0508 | dist 5.940 | ETA 2896.4h
step   1730 | T=8 | loss 10.9331 | lr 2.59e-04 | grad 6.91 | 1.0k tok/s (avg 1.0k) | cert 0.09→0.34 | ticks [7.688 6.719 6.562 6.625 6.812 6.844 6.719 6.656] | Δticks -1.031 | pc 0.178 (Δ-0.050) | gate 0.499 | |M| 1.6747 | dist 4.446 | ETA 2896.3h
step   1740 | T=8 | loss 9.2424 | lr 2.61e-04 | grad 6.91 | 1.4k tok/s (avg 1.0k) | cert 0.25→0.42 | ticks [5.594 4.750 4.625 4.750 5.000 5.125 5.062 5.000] | Δticks -0.594 | pc 0.131 (Δ-0.040) | gate 0.499 | |M| 2.2331 | dist 4.586 | ETA 2891.4h
step   1750 | T=8 | loss 10.6331 | lr 2.62e-04 | grad 3.67 | 1.0k tok/s (avg 1.0k) | cert 0.25→0.46 | ticks [5.531 4.781 4.719 4.750 4.844 4.875 4.906 4.969] | Δticks -0.562 | pc 0.119 (Δ-0.057) | gate 0.499 | |M| 2.2123 | dist 6.020 | ETA 2891.5h
step   1760 | T=8 | loss 9.8741 | lr 2.64e-04 | grad 5.16 | 1.0k tok/s (avg 1.0k) | cert 0.18→0.47 | ticks [6.375 5.312 5.281 5.375 5.438 5.406 5.344 5.375] | Δticks -1.000 | pc 0.108 (Δ-0.030) | gate 0.499 | |M| 2.3955 | dist 4.766 | ETA 2891.4h
step   1770 | T=8 | loss 9.4458 | lr 2.65e-04 | grad 5.16 | 1.4k tok/s (avg 1.0k) | cert 0.22→0.49 | ticks [5.812 4.719 4.625 4.688 4.750 4.781 4.719 4.719] | Δticks -1.094 | pc 0.114 (Δ-0.039) | gate 0.499 | |M| 2.4562 | dist 4.964 | ETA 2886.6h
step   1780 | T=8 | loss 9.4456 | lr 2.67e-04 | grad 2.73 | 1.0k tok/s (avg 1.0k) | cert 0.17→0.48 | ticks [6.281 4.344 4.062 4.125 4.250 4.344 4.344 4.281] | Δticks -2.000 | pc 0.119 (Δ-0.016) | gate 0.499 | |M| 2.7027 | dist 5.480 | ETA 2886.9h
step   1790 | T=8 | loss 11.9426 | lr 2.68e-04 | grad 2.73 | 1.4k tok/s (avg 1.0k) | cert 0.07→0.40 | ticks [9.312 7.531 7.281 7.312 7.312 7.281 7.250 7.250] | Δticks -2.062 | pc 0.150 (Δ-0.121) | gate 0.499 | |M| 1.4986 | dist 4.799 | ETA 2882.3h
step   1800 | T=8 | loss 10.3110 | lr 2.70e-04 | grad 7.66 | 1.0k tok/s (avg 1.0k) | cert 0.16→0.44 | ticks [6.500 4.719 4.562 4.594 4.656 4.719 4.719 4.656] | Δticks -1.844 | pc 0.123 (Δ-0.015) | gate 0.499 | |M| 2.4180 | dist 5.871 | ETA 2882.3h
step   1810 | T=8 | loss 13.1082 | lr 2.71e-04 | grad 6.00 | 1.0k tok/s (avg 1.0k) | cert 0.18→0.41 | ticks [6.844 5.781 5.719 5.719 5.812 5.906 5.938 5.875] | Δticks -0.969 | pc 0.141 (Δ-0.010) | gate 0.499 | |M| 2.3528 | dist 7.512 | ETA 2882.3h
step   1820 | T=8 | loss 15.0685 | lr 2.73e-04 | grad 6.00 | 1.4k tok/s (avg 1.0k) | cert 0.46→0.60 | ticks [4.281 3.766 3.688 3.844 4.094 4.281 4.250 4.062] | Δticks -0.219 | pc 0.204 (Δ-0.036) | gate 0.499 | |M| 3.3790 | dist 11.297 | ETA 2877.7h
step   1830 | T=8 | loss 9.5284 | lr 2.74e-04 | grad 3.22 | 1.0k tok/s (avg 1.0k) | cert 0.27→0.45 | ticks [5.594 4.906 4.844 4.875 4.938 5.000 5.062 5.062] | Δticks -0.531 | pc 0.138 (Δ-0.029) | gate 0.499 | |M| 2.5744 | dist 4.872 | ETA 2877.8h
step   1840 | T=8 | loss 10.9331 | lr 2.76e-04 | grad 3.80 | 1.0k tok/s (avg 1.0k) | cert 0.12→0.43 | ticks [7.656 6.656 6.562 6.656 6.750 6.656 6.594 6.625] | Δticks -1.031 | pc 0.134 (Δ-0.037) | gate 0.499 | |M| 2.2013 | dist 4.553 | ETA 2878.0h
step   1850 | T=8 | loss 13.0009 | lr 2.77e-04 | grad 3.80 | 1.4k tok/s (avg 1.0k) | cert 0.24→0.47 | ticks [6.469 5.750 5.812 6.000 6.062 6.000 5.938 5.938] | Δticks -0.531 | pc 0.157 (Δ-0.052) | gate 0.499 | |M| 2.3794 | dist 7.381 | ETA 2873.5h
step   1860 | T=8 | loss 11.3244 | lr 2.79e-04 | grad 2.95 | 1.0k tok/s (avg 1.0k) | cert 0.08→0.40 | ticks [8.562 7.344 7.062 7.062 7.125 7.125 7.094 7.125] | Δticks -1.438 | pc 0.121 (Δ-0.052) | gate 0.499 | |M| 1.7714 | dist 4.454 | ETA 2873.6h
step   1870 | T=8 | loss 11.0548 | lr 2.80e-04 | grad 2.95 | 1.4k tok/s (avg 1.0k) | cert 0.08→0.41 | ticks [8.625 7.562 7.375 7.438 7.469 7.469 7.438 7.469] | Δticks -1.156 | pc 0.111 (Δ-0.020) | gate 0.499 | |M| 1.7243 | dist 3.810 | ETA 2869.2h
step   1880 | T=8 | loss 12.3338 | lr 2.82e-04 | grad 3.28 | 1.0k tok/s (avg 1.0k) | cert 0.11→0.41 | ticks [8.500 7.344 7.156 7.188 7.219 7.188 7.156 7.156] | Δticks -1.344 | pc 0.137 (Δ-0.046) | gate 0.499 | |M| 1.6020 | dist 5.345 | ETA 2869.2h
step   1890 | T=8 | loss 9.3024 | lr 2.83e-04 | grad 2.25 | 1.0k tok/s (avg 1.0k) | cert 0.25→0.49 | ticks [5.812 4.719 4.781 4.781 4.812 4.812 4.781 4.781] | Δticks -1.031 | pc 0.113 (Δ-0.049) | gate 0.499 | |M| 2.5161 | dist 4.888 | ETA 2869.3h
step   1900 | T=8 | loss 15.8628 | lr 2.85e-04 | grad 2.25 | 1.4k tok/s (avg 1.0k) | cert 0.26→0.48 | ticks [7.188 6.281 6.094 6.156 6.219 6.188 6.156 6.125] | Δticks -1.062 | pc 0.151 (Δ-0.116) | gate 0.499 | |M| 2.2099 | dist 9.797 | ETA 2864.9h
step   1910 | T=8 | loss 12.0299 | lr 2.86e-04 | grad 2.73 | 1.0k tok/s (avg 1.0k) | cert 0.25→0.47 | ticks [6.000 4.688 4.594 4.562 4.562 4.656 4.719 4.750] | Δticks -1.250 | pc 0.123 (Δ-0.051) | gate 0.499 | |M| 2.5087 | dist 7.575 | ETA 2865.1h
step   1920 | T=8 | loss 11.7850 | lr 2.88e-04 | grad 2.86 | 1.0k tok/s (avg 1.0k) | cert 0.21→0.41 | ticks [6.781 6.031 6.031 6.062 6.125 6.125 6.125 6.094] | Δticks -0.688 | pc 0.124 (Δ-0.078) | gate 0.499 | |M| 1.9998 | dist 5.927 | ETA 2865.3h
step   1930 | T=8 | loss 10.6891 | lr 2.89e-04 | grad 2.86 | 1.4k tok/s (avg 1.0k) | cert 0.19→0.42 | ticks [6.250 5.000 4.906 4.938 5.062 5.219 5.312 5.281] | Δticks -0.969 | pc 0.108 (Δ-0.045) | gate 0.499 | |M| 2.5275 | dist 5.838 | ETA 2861.1h
step   1940 | T=8 | loss 11.4757 | lr 2.91e-04 | grad 3.92 | 1.0k tok/s (avg 1.0k) | cert 0.21→0.47 | ticks [5.938 4.594 4.500 4.562 4.656 4.688 4.750 4.812] | Δticks -1.125 | pc 0.148 (Δ-0.124) | gate 0.499 | |M| 2.8611 | dist 7.057 | ETA 2861.2h
step   1950 | T=8 | loss 11.9915 | lr 2.93e-04 | grad 3.92 | 1.4k tok/s (avg 1.0k) | cert 0.10→0.38 | ticks [8.188 6.781 6.562 6.594 6.688 6.719 6.750 6.750] | Δticks -1.438 | pc 0.129 (Δ-0.094) | gate 0.499 | |M| 1.8676 | dist 5.575 | ETA 2857.0h
step   1960 | T=8 | loss 14.0948 | lr 2.94e-04 | grad 2.34 | 1.0k tok/s (avg 1.0k) | cert 0.28→0.49 | ticks [6.688 6.000 5.938 6.000 6.094 6.094 6.094 6.156] | Δticks -0.531 | pc 0.127 (Δ-0.084) | gate 0.499 | |M| 2.4736 | dist 8.298 | ETA 2857.2h
step   1970 | T=8 | loss 7.6004 | lr 2.95e-04 | grad 3.02 | 1.0k tok/s (avg 1.0k) | cert 0.26→0.53 | ticks [4.969 3.672 3.609 3.688 3.797 3.797 3.734 3.781] | Δticks -1.188 | pc 0.089 (Δ-0.031) | gate 0.499 | |M| 2.8695 | dist 4.213 | ETA 2857.3h
step   1980 | T=8 | loss 12.8175 | lr 2.97e-04 | grad 3.02 | 1.4k tok/s (avg 1.0k) | cert 0.15→0.42 | ticks [7.375 6.500 6.438 6.531 6.594 6.531 6.469 6.438] | Δticks -0.938 | pc 0.131 (Δ-0.091) | gate 0.499 | |M| 2.0843 | dist 6.543 | ETA 2853.2h
step   1990 | T=8 | loss 11.3537 | lr 2.98e-04 | grad 3.03 | 1.0k tok/s (avg 1.0k) | cert 0.30→0.53 | ticks [5.625 4.875 4.781 4.844 4.875 4.812 4.812 4.875] | Δticks -0.750 | pc 0.121 (Δ-0.064) | gate 0.499 | |M| 2.5581 | dist 6.691 | ETA 2853.4h
step   2000 | T=8 | loss 9.9973 | lr 3.00e-04 | grad 2.94 | 1.0k tok/s (avg 1.0k) | cert 0.28→0.49 | ticks [6.812 6.125 6.188 6.219 6.188 6.094 6.094 6.094] | Δticks -0.719 | pc 0.134 (Δ-0.046) | gate 0.499 | |M| 2.2214 | dist 4.056 | ETA 2853.5h
[CachedTeacherDataset/eval] 9 shards (of 199 total) under teacher_cache/phase1 | seq_len=512 top_k=128
  >>> val @ step 2000:
  T=8 | CE=5.5360 | PPL=253.66 | top1=19.9% | top5=36.8% | (25600 tok)
step   2010 | T=8 | loss 11.7728 | lr 3.00e-04 | grad 2.94 | 0.5k tok/s (avg 1.0k) | cert 0.36→0.53 | ticks [5.844 5.188 5.094 5.062 5.156 5.188 5.188 5.219] | Δticks -0.625 | pc 0.126 (Δ-0.059) | gate 0.499 | |M| 2.5361 | dist 6.831 | ETA 2869.6h
step   2020 | T=8 | loss 11.7716 | lr 3.00e-04 | grad 3.73 | 1.1k tok/s (avg 1.0k) | cert 0.27→0.47 | ticks [5.906 4.812 4.719 4.688 4.750 4.906 4.938 4.906] | Δticks -1.000 | pc 0.115 (Δ-0.066) | gate 0.499 | |M| 2.7610 | dist 7.233 | ETA 2867.8h
step   2030 | T=8 | loss 15.1624 | lr 3.00e-04 | grad 3.73 | 1.4k tok/s (avg 1.0k) | cert 0.27→0.43 | ticks [6.250 5.594 5.531 5.562 5.656 5.688 5.625 5.562] | Δticks -0.688 | pc 0.132 (Δ-0.085) | gate 0.499 | |M| 2.0819 | dist 9.788 | ETA 2863.7h
step   2040 | T=8 | loss 11.4038 | lr 3.00e-04 | grad 2.44 | 1.0k tok/s (avg 1.0k) | cert 0.13→0.39 | ticks [8.688 7.344 7.156 7.062 7.094 7.188 7.281 7.281] | Δticks -1.406 | pc 0.157 (Δ-0.117) | gate 0.499 | |M| 2.0050 | dist 4.413 | ETA 2863.9h
step   2050 | T=8 | loss 9.1644 | lr 3.00e-04 | grad 3.34 | 1.0k tok/s (avg 1.0k) | cert 0.25→0.50 | ticks [5.938 4.906 4.844 4.781 4.844 4.906 4.938 4.969] | Δticks -0.969 | pc 0.110 (Δ-0.060) | gate 0.499 | |M| 2.9162 | dist 4.599 | ETA 2863.9h
step   2060 | T=8 | loss 10.2214 | lr 3.00e-04 | grad 3.34 | 1.4k tok/s (avg 1.0k) | cert 0.25→0.48 | ticks [6.219 5.406 5.312 5.281 5.344 5.406 5.406 5.438] | Δticks -0.781 | pc 0.113 (Δ-0.061) | gate 0.499 | |M| 2.6156 | dist 5.135 | ETA 2859.9h
step   2070 | T=8 | loss 14.7259 | lr 3.00e-04 | grad 2.50 | 1.0k tok/s (avg 1.0k) | cert 0.25→0.47 | ticks [7.375 6.656 6.656 6.719 6.812 6.781 6.688 6.688] | Δticks -0.688 | pc 0.136 (Δ-0.095) | gate 0.499 | |M| 2.0286 | dist 8.229 | ETA 2860.1h
step   2080 | T=8 | loss 13.9293 | lr 3.00e-04 | grad 2.98 | 1.0k tok/s (avg 1.0k) | cert 0.11→0.43 | ticks [8.125 6.500 6.344 6.469 6.531 6.562 6.469 6.375] | Δticks -1.750 | pc 0.142 (Δ-0.098) | gate 0.499 | |M| 1.9981 | dist 7.739 | ETA 2860.3h
step   2090 | T=8 | loss 10.2782 | lr 3.00e-04 | grad 2.98 | 1.4k tok/s (avg 1.0k) | cert 0.20→0.49 | ticks [6.656 5.250 5.219 5.219 5.219 5.219 5.188 5.156] | Δticks -1.500 | pc 0.131 (Δ-0.082) | gate 0.499 | |M| 2.7903 | dist 5.411 | ETA 2856.4h
step   2100 | T=8 | loss 11.3162 | lr 3.00e-04 | grad 4.06 | 1.0k tok/s (avg 1.0k) | cert 0.11→0.42 | ticks [8.875 7.438 7.250 7.281 7.281 7.281 7.250 7.219] | Δticks -1.656 | pc 0.141 (Δ-0.106) | gate 0.499 | |M| 1.8513 | dist 4.234 | ETA 2856.5h
step   2110 | T=8 | loss 16.8878 | lr 3.00e-04 | grad 4.06 | 1.4k tok/s (avg 1.0k) | cert 0.06→0.39 | ticks [8.688 7.031 6.844 6.969 7.125 7.156 7.062 6.906] | Δticks -1.781 | pc 0.127 (Δ-0.070) | gate 0.499 | |M| 2.0854 | dist 10.158 | ETA 2852.7h
step   2120 | T=8 | loss 12.9498 | lr 3.00e-04 | grad 4.16 | 1.0k tok/s (avg 1.0k) | cert 0.25→0.48 | ticks [7.781 6.781 6.625 6.594 6.594 6.562 6.500 6.531] | Δticks -1.250 | pc 0.145 (Δ-0.133) | gate 0.499 | |M| 2.7420 | dist 6.541 | ETA 2852.9h
step   2130 | T=8 | loss 10.5891 | lr 3.00e-04 | grad 6.06 | 1.0k tok/s (avg 1.0k) | cert 0.23→0.44 | ticks [7.406 6.594 6.531 6.562 6.656 6.750 6.719 6.719] | Δticks -0.688 | pc 0.139 (Δ-0.076) | gate 0.499 | |M| 1.7761 | dist 4.177 | ETA 2853.1h
step   2140 | T=8 | loss 10.5888 | lr 3.00e-04 | grad 6.06 | 1.4k tok/s (avg 1.0k) | cert 0.30→0.51 | ticks [6.656 5.750 5.688 5.812 5.938 6.000 5.906 5.812] | Δticks -0.844 | pc 0.152 (Δ-0.139) | gate 0.499 | |M| 2.4931 | dist 5.039 | ETA 2849.3h
step   2150 | T=8 | loss 14.5436 | lr 3.00e-04 | grad 2.78 | 1.0k tok/s (avg 1.0k) | cert 0.15→0.49 | ticks [7.938 6.031 5.844 5.875 5.875 5.875 5.844 5.781] | Δticks -2.156 | pc 0.144 (Δ-0.182) | gate 0.499 | |M| 2.8702 | dist 8.949 | ETA 2849.5h
step   2160 | T=8 | loss 11.6180 | lr 3.00e-04 | grad 6.44 | 1.0k tok/s (avg 1.0k) | cert 0.09→0.48 | ticks [8.375 6.844 6.781 6.844 6.906 6.875 6.844 6.875] | Δticks -1.500 | pc 0.135 (Δ-0.095) | gate 0.499 | |M| 2.4186 | dist 5.025 | ETA 2849.8h
step   2170 | T=8 | loss 15.9129 | lr 3.00e-04 | grad 6.44 | 1.4k tok/s (avg 1.0k) | cert 0.23→0.51 | ticks [6.188 5.188 5.219 5.375 5.438 5.375 5.281 5.250] | Δticks -0.938 | pc 0.102 (Δ-0.062) | gate 0.499 | |M| 2.9841 | dist 10.944 | ETA 2846.1h
step   2180 | T=8 | loss 11.6384 | lr 3.00e-04 | grad 4.88 | 1.0k tok/s (avg 1.0k) | cert 0.22→0.47 | ticks [6.594 5.875 5.875 5.906 5.969 6.000 6.031 6.094] | Δticks -0.500 | pc 0.156 (Δ-0.085) | gate 0.499 | |M| 2.3244 | dist 5.942 | ETA 2846.2h
step   2190 | T=8 | loss 17.1189 | lr 3.00e-04 | grad 4.88 | 1.4k tok/s (avg 1.0k) | cert 0.27→0.58 | ticks [5.656 4.500 4.750 4.969 4.938 4.812 4.750 4.750] | Δticks -0.906 | pc 0.137 (Δ-0.129) | gate 0.499 | |M| 3.1355 | dist 12.766 | ETA 2842.6h
step   2200 | T=8 | loss 10.3545 | lr 3.00e-04 | grad 3.28 | 1.0k tok/s (avg 1.0k) | cert 0.22→0.46 | ticks [6.625 5.812 5.844 5.938 6.000 5.969 5.875 5.875] | Δticks -0.750 | pc 0.162 (Δ-0.041) | gate 0.499 | |M| 2.2396 | dist 4.761 | ETA 2842.8h
step   2210 | T=8 | loss 11.0567 | lr 3.00e-04 | grad 3.09 | 1.0k tok/s (avg 1.0k) | cert 0.21→0.50 | ticks [7.438 6.125 5.906 5.938 5.906 5.938 5.969 5.906] | Δticks -1.531 | pc 0.116 (Δ-0.049) | gate 0.499 | |M| 2.6865 | dist 5.332 | ETA 2843.0h
step   2220 | T=8 | loss 10.6778 | lr 3.00e-04 | grad 3.09 | 1.4k tok/s (avg 1.0k) | cert 0.08→0.30 | ticks [9.188 7.750 7.531 7.562 7.594 7.656 7.688 7.594] | Δticks -1.594 | pc 0.111 (Δ-0.023) | gate 0.499 | |M| 1.6825 | dist 3.301 | ETA 2839.4h
step   2230 | T=8 | loss 11.4677 | lr 3.00e-04 | grad 4.09 | 1.0k tok/s (avg 1.0k) | cert 0.11→0.40 | ticks [8.125 6.625 6.500 6.562 6.656 6.625 6.594 6.531] | Δticks -1.594 | pc 0.093 (Δ-0.032) | gate 0.499 | |M| 1.7891 | dist 5.127 | ETA 2839.7h
step   2240 | T=8 | loss 9.0464 | lr 3.00e-04 | grad 3.28 | 1.0k tok/s (avg 1.0k) | cert 0.18→0.50 | ticks [6.406 5.188 5.219 5.219 5.250 5.281 5.312 5.375] | Δticks -1.031 | pc 0.126 (Δ-0.062) | gate 0.499 | |M| 2.7625 | dist 4.075 | ETA 2839.9h
step   2250 | T=8 | loss 9.2069 | lr 3.00e-04 | grad 3.28 | 1.4k tok/s (avg 1.0k) | cert 0.26→0.52 | ticks [5.906 4.938 4.906 4.875 4.938 5.000 5.062 5.094] | Δticks -0.812 | pc 0.112 (Δ-0.031) | gate 0.499 | |M| 2.9541 | dist 4.577 | ETA 2836.4h
step   2260 | T=8 | loss 9.2788 | lr 3.00e-04 | grad 3.19 | 1.0k tok/s (avg 1.0k) | cert 0.25→0.51 | ticks [6.281 5.125 5.188 5.219 5.281 5.312 5.312 5.312] | Δticks -0.969 | pc 0.111 (Δ-0.060) | gate 0.499 | |M| 2.9530 | dist 4.349 | ETA 2836.6h
step   2270 | T=8 | loss 13.3076 | lr 3.00e-04 | grad 3.19 | 1.4k tok/s (avg 1.0k) | cert 0.15→0.43 | ticks [8.688 7.531 7.500 7.500 7.531 7.500 7.438 7.438] | Δticks -1.250 | pc 0.098 (Δ-0.064) | gate 0.499 | |M| 1.9140 | dist 6.009 | ETA 2833.1h
step   2280 | T=8 | loss 10.9136 | lr 3.00e-04 | grad 2.83 | 1.0k tok/s (avg 1.0k) | cert 0.07→0.42 | ticks [8.562 6.438 6.312 6.312 6.406 6.500 6.531 6.438] | Δticks -2.125 | pc 0.139 (Δ-0.159) | gate 0.499 | |M| 2.3792 | dist 4.801 | ETA 2833.4h
step   2290 | T=8 | loss 8.8608 | lr 3.00e-04 | grad 4.50 | 1.0k tok/s (avg 1.0k) | cert 0.13→0.48 | ticks [6.719 4.844 4.812 4.875 4.938 5.031 5.062 5.000] | Δticks -1.719 | pc 0.130 (Δ-0.114) | gate 0.499 | |M| 2.9238 | dist 4.299 | ETA 2833.6h
step   2300 | T=8 | loss 10.6937 | lr 3.00e-04 | grad 4.50 | 1.4k tok/s (avg 1.0k) | cert 0.18→0.45 | ticks [7.438 6.219 6.219 6.250 6.344 6.406 6.375 6.312] | Δticks -1.125 | pc 0.114 (Δ-0.084) | gate 0.499 | |M| 2.2930 | dist 4.703 | ETA 2830.2h
step   2310 | T=8 | loss 10.9212 | lr 3.00e-04 | grad 3.47 | 1.0k tok/s (avg 1.0k) | cert 0.38→0.55 | ticks [6.125 5.281 5.188 5.219 5.250 5.312 5.344 5.250] | Δticks -0.875 | pc 0.097 (Δ-0.055) | gate 0.499 | |M| 2.8587 | dist 5.914 | ETA 2830.4h
step   2320 | T=8 | loss 10.1471 | lr 3.00e-04 | grad 2.73 | 1.0k tok/s (avg 1.0k) | cert 0.21→0.46 | ticks [7.375 6.625 6.562 6.562 6.594 6.594 6.594 6.625] | Δticks -0.750 | pc 0.119 (Δ-0.035) | gate 0.499 | |M| 1.8029 | dist 3.848 | ETA 2830.7h
step   2330 | T=8 | loss 13.6454 | lr 3.00e-04 | grad 2.73 | 1.4k tok/s (avg 1.0k) | cert 0.19→0.44 | ticks [8.125 7.219 7.188 7.219 7.188 7.156 7.062 7.094] | Δticks -1.031 | pc 0.094 (Δ-0.049) | gate 0.499 | |M| 1.9360 | dist 6.652 | ETA 2827.3h
step   2340 | T=8 | loss 18.2547 | lr 3.00e-04 | grad 3.02 | 1.0k tok/s (avg 1.0k) | cert 0.16→0.44 | ticks [7.094 6.188 6.094 6.125 6.188 6.219 6.188 6.188] | Δticks -0.906 | pc 0.119 (Δ-0.055) | gate 0.499 | |M| 2.2336 | dist 12.387 | ETA 2827.5h
step   2350 | T=8 | loss 11.9463 | lr 3.00e-04 | grad 3.02 | 1.4k tok/s (avg 1.0k) | cert 0.14→0.49 | ticks [7.438 6.125 6.000 5.969 6.000 6.031 6.062 6.125] | Δticks -1.312 | pc 0.115 (Δ-0.047) | gate 0.499 | |M| 2.5992 | dist 6.181 | ETA 2824.2h
step   2360 | T=8 | loss 15.0583 | lr 3.00e-04 | grad 3.12 | 1.0k tok/s (avg 1.0k) | cert 0.31→0.58 | ticks [6.062 4.500 4.531 4.688 4.812 4.781 4.656 4.531] | Δticks -1.531 | pc 0.129 (Δ-0.093) | gate 0.499 | |M| 4.2831 | dist 10.691 | ETA 2824.4h
step   2370 | T=8 | loss 10.9172 | lr 3.00e-04 | grad 3.05 | 1.0k tok/s (avg 1.0k) | cert 0.17→0.46 | ticks [7.938 6.750 6.906 7.031 7.062 7.031 6.969 6.969] | Δticks -0.969 | pc 0.126 (Δ-0.033) | gate 0.499 | |M| 2.2816 | dist 4.435 | ETA 2824.7h
step   2380 | T=8 | loss 10.9543 | lr 3.00e-04 | grad 3.05 | 1.4k tok/s (avg 1.0k) | cert 0.18→0.45 | ticks [7.844 6.719 6.688 6.719 6.781 6.781 6.750 6.719] | Δticks -1.125 | pc 0.114 (Δ-0.063) | gate 0.499 | |M| 2.3204 | dist 4.467 | ETA 2821.5h
step   2390 | T=8 | loss 9.6554 | lr 3.00e-04 | grad 2.20 | 1.0k tok/s (avg 1.0k) | cert 0.30→0.53 | ticks [5.562 4.531 4.531 4.531 4.625 4.625 4.625 4.625] | Δticks -0.938 | pc 0.088 (Δ-0.042) | gate 0.499 | |M| 3.4855 | dist 5.362 | ETA 2821.7h
step   2400 | T=8 | loss 9.5063 | lr 3.00e-04 | grad 2.25 | 1.0k tok/s (avg 1.0k) | cert 0.20→0.53 | ticks [5.938 4.375 4.375 4.344 4.344 4.344 4.406 4.438] | Δticks -1.500 | pc 0.108 (Δ-0.051) | gate 0.499 | |M| 3.2933 | dist 5.475 | ETA 2822.0h
step   2410 | T=8 | loss 15.9592 | lr 3.00e-04 | grad 2.25 | 1.4k tok/s (avg 1.0k) | cert 0.17→0.45 | ticks [7.156 6.188 6.125 6.188 6.344 6.406 6.344 6.344] | Δticks -0.812 | pc 0.122 (Δ-0.053) | gate 0.499 | |M| 2.1805 | dist 9.963 | ETA 2818.8h
step   2420 | T=8 | loss 13.8907 | lr 3.00e-04 | grad 3.09 | 1.0k tok/s (avg 1.0k) | cert 0.19→0.48 | ticks [6.594 5.406 5.312 5.438 5.625 5.688 5.562 5.469] | Δticks -1.125 | pc 0.137 (Δ-0.074) | gate 0.499 | |M| 2.6806 | dist 8.725 | ETA 2819.1h
step   2430 | T=8 | loss 12.8046 | lr 3.00e-04 | grad 3.09 | 1.4k tok/s (avg 1.0k) | cert 0.15→0.43 | ticks [7.906 6.781 6.719 6.750 6.844 6.875 6.812 6.750] | Δticks -1.156 | pc 0.144 (Δ-0.066) | gate 0.499 | |M| 1.9717 | dist 6.314 | ETA 2815.9h
step   2440 | T=8 | loss 11.3016 | lr 3.00e-04 | grad 2.95 | 1.0k tok/s (avg 1.0k) | cert 0.21→0.45 | ticks [7.188 6.156 6.125 6.156 6.250 6.312 6.219 6.156] | Δticks -1.031 | pc 0.091 (Δ-0.042) | gate 0.499 | |M| 2.1214 | dist 5.361 | ETA 2816.2h
step   2450 | T=8 | loss 9.3894 | lr 3.00e-04 | grad 2.06 | 1.0k tok/s (avg 1.0k) | cert 0.19→0.48 | ticks [7.812 6.938 6.906 6.906 7.000 7.031 6.969 6.938] | Δticks -0.875 | pc 0.121 (Δ-0.080) | gate 0.499 | |M| 1.9519 | dist 2.753 | ETA 2816.5h
step   2460 | T=8 | loss 13.8853 | lr 3.00e-04 | grad 2.06 | 1.4k tok/s (avg 1.0k) | cert 0.25→0.50 | ticks [6.781 5.906 5.938 6.000 6.125 6.125 6.000 5.969] | Δticks -0.812 | pc 0.122 (Δ-0.078) | gate 0.499 | |M| 2.5458 | dist 8.232 | ETA 2813.4h
step   2470 | T=8 | loss 12.2064 | lr 3.00e-04 | grad 2.44 | 1.0k tok/s (avg 1.0k) | cert 0.17→0.50 | ticks [7.125 6.062 5.969 6.062 6.188 6.188 6.094 6.062] | Δticks -1.062 | pc 0.089 (Δ-0.040) | gate 0.499 | |M| 2.8622 | dist 6.396 | ETA 2813.7h
step   2480 | T=8 | loss 12.3483 | lr 3.00e-04 | grad 2.00 | 1.0k tok/s (avg 1.0k) | cert 0.06→0.29 | ticks [9.250 7.656 7.250 7.188 7.250 7.344 7.438 7.312] | Δticks -1.938 | pc 0.091 (Δ-0.056) | gate 0.499 | |M| 1.5949 | dist 5.348 | ETA 2814.0h
step   2490 | T=8 | loss 12.6276 | lr 3.00e-04 | grad 2.00 | 1.4k tok/s (avg 1.0k) | cert 0.16→0.40 | ticks [7.688 6.406 6.281 6.344 6.406 6.469 6.469 6.375] | Δticks -1.312 | pc 0.114 (Δ-0.080) | gate 0.499 | |M| 2.3848 | dist 6.549 | ETA 2810.9h
step   2500 | T=8 | loss 10.6856 | lr 3.00e-04 | grad 5.03 | 1.0k tok/s (avg 1.0k) | cert 0.26→0.52 | ticks [6.312 5.094 5.031 5.031 5.031 5.062 5.125 5.062] | Δticks -1.250 | pc 0.102 (Δ-0.060) | gate 0.499 | |M| 3.0103 | dist 5.867 | ETA 2811.2h
step   2510 | T=8 | loss 9.9696 | lr 3.00e-04 | grad 5.03 | 1.4k tok/s (avg 1.0k) | cert 0.15→0.43 | ticks [6.656 5.125 5.094 5.125 5.156 5.250 5.375 5.312] | Δticks -1.344 | pc 0.126 (Δ-0.063) | gate 0.499 | |M| 3.0191 | dist 5.135 | ETA 2808.2h
step   2520 | T=8 | loss 15.7409 | lr 3.00e-04 | grad 3.31 | 1.0k tok/s (avg 1.0k) | cert 0.41→0.50 | ticks [4.938 4.688 4.781 4.875 4.875 4.844 4.750 4.688] | Δticks -0.250 | pc 0.125 (Δ-0.051) | gate 0.499 | |M| 2.5204 | dist 11.206 | ETA 2808.5h
step   2530 | T=8 | loss 15.6518 | lr 3.00e-04 | grad 2.48 | 1.0k tok/s (avg 1.0k) | cert 0.10→0.35 | ticks [8.688 7.938 7.938 7.969 8.062 8.062 8.000 7.938] | Δticks -0.750 | pc 0.104 (Δ-0.050) | gate 0.499 | |M| 1.7778 | dist 7.979 | ETA 2808.8h
step   2540 | T=8 | loss 8.9731 | lr 3.00e-04 | grad 2.48 | 1.4k tok/s (avg 1.0k) | cert 0.43→0.58 | ticks [5.688 4.719 4.656 4.688 4.719 4.781 4.844 4.844] | Δticks -0.844 | pc 0.111 (Δ-0.034) | gate 0.499 | |M| 3.7511 | dist 4.569 | ETA 2805.8h
step   2550 | T=8 | loss 9.9766 | lr 3.00e-04 | grad 2.62 | 1.0k tok/s (avg 1.0k) | cert 0.29→0.54 | ticks [6.969 5.844 5.906 6.094 6.156 6.094 6.000 6.000] | Δticks -0.969 | pc 0.132 (Δ-0.086) | gate 0.499 | |M| 2.8583 | dist 4.390 | ETA 2806.2h
step   2560 | T=8 | loss 10.8614 | lr 3.00e-04 | grad 2.28 | 1.0k tok/s (avg 1.0k) | cert 0.18→0.49 | ticks [7.062 5.656 5.625 5.750 5.844 5.844 5.781 5.812] | Δticks -1.250 | pc 0.091 (Δ-0.040) | gate 0.499 | |M| 2.5629 | dist 5.359 | ETA 2806.6h
step   2570 | T=8 | loss 19.1824 | lr 3.00e-04 | grad 2.28 | 1.4k tok/s (avg 1.0k) | cert 0.08→0.38 | ticks [8.625 7.344 7.125 7.094 7.188 7.281 7.188 7.156] | Δticks -1.469 | pc 0.107 (Δ-0.058) | gate 0.499 | |M| 1.8475 | dist 12.253 | ETA 2803.7h
step   2580 | T=8 | loss 9.7389 | lr 3.00e-04 | grad 4.03 | 1.0k tok/s (avg 1.0k) | cert 0.21→0.54 | ticks [6.438 4.938 4.781 4.781 4.812 4.812 4.844 4.844] | Δticks -1.594 | pc 0.099 (Δ-0.059) | gate 0.499 | |M| 3.4219 | dist 5.278 | ETA 2804.0h
step   2590 | T=8 | loss 9.5019 | lr 3.00e-04 | grad 4.03 | 1.4k tok/s (avg 1.0k) | cert 0.27→0.55 | ticks [5.312 4.062 4.000 4.000 4.062 4.125 4.125 4.156] | Δticks -1.156 | pc 0.092 (Δ-0.050) | gate 0.499 | |M| 3.7697 | dist 5.750 | ETA 2801.1h
step   2600 | T=8 | loss 10.2067 | lr 3.00e-04 | grad 3.05 | 1.0k tok/s (avg 1.0k) | cert 0.22→0.50 | ticks [7.406 6.469 6.406 6.406 6.438 6.438 6.375 6.375] | Δticks -1.031 | pc 0.146 (Δ-0.079) | gate 0.499 | |M| 2.6190 | dist 4.105 | ETA 2801.4h
step   2610 | T=8 | loss 9.3665 | lr 3.00e-04 | grad 2.36 | 1.0k tok/s (avg 1.0k) | cert 0.40→0.56 | ticks [5.688 4.781 4.844 4.906 4.875 4.875 4.906 4.812] | Δticks -0.875 | pc 0.107 (Δ-0.062) | gate 0.499 | |M| 3.5334 | dist 4.904 | ETA 2801.8h
step   2620 | T=8 | loss 15.8180 | lr 3.00e-04 | grad 2.36 | 1.4k tok/s (avg 1.0k) | cert 0.32→0.53 | ticks [6.656 5.719 5.781 5.781 5.688 5.531 5.406 5.406] | Δticks -1.250 | pc 0.119 (Δ-0.076) | gate 0.499 | |M| 3.1568 | dist 10.516 | ETA 2798.9h
step   2630 | T=8 | loss 15.7915 | lr 3.00e-04 | grad 2.50 | 1.0k tok/s (avg 1.0k) | cert 0.21→0.38 | ticks [6.719 5.938 5.875 5.844 5.938 6.094 6.125 6.031] | Δticks -0.688 | pc 0.113 (Δ-0.054) | gate 0.499 | |M| 2.2126 | dist 10.209 | ETA 2799.2h
step   2640 | T=8 | loss 9.4776 | lr 3.00e-04 | grad 2.75 | 1.0k tok/s (avg 1.0k) | cert 0.21→0.52 | ticks [5.875 4.500 4.406 4.438 4.531 4.625 4.656 4.625] | Δticks -1.250 | pc 0.111 (Δ-0.091) | gate 0.499 | |M| 3.6541 | dist 5.329 | ETA 2799.5h
step   2650 | T=8 | loss 8.3652 | lr 3.00e-04 | grad 2.75 | 1.4k tok/s (avg 1.0k) | cert 0.21→0.52 | ticks [6.062 4.531 4.406 4.406 4.531 4.656 4.719 4.625] | Δticks -1.438 | pc 0.111 (Δ-0.097) | gate 0.499 | |M| 3.5001 | dist 4.209 | ETA 2796.7h
step   2660 | T=8 | loss 10.4216 | lr 3.00e-04 | grad 2.97 | 1.0k tok/s (avg 1.0k) | cert 0.29→0.54 | ticks [5.812 4.906 4.906 5.000 5.062 4.969 4.906 4.906] | Δticks -0.906 | pc 0.099 (Δ-0.053) | gate 0.499 | |M| 3.2022 | dist 5.808 | ETA 2797.1h
step   2670 | T=8 | loss 10.2572 | lr 3.00e-04 | grad 2.97 | 1.4k tok/s (avg 1.0k) | cert 0.15→0.50 | ticks [7.281 6.188 6.188 6.250 6.281 6.281 6.219 6.281] | Δticks -1.000 | pc 0.115 (Δ-0.060) | gate 0.499 | |M| 2.0033 | dist 4.311 | ETA 2794.3h
step   2680 | T=8 | loss 10.1043 | lr 3.00e-04 | grad 2.22 | 1.0k tok/s (avg 1.0k) | cert 0.16→0.47 | ticks [6.812 5.781 5.875 5.969 6.000 5.938 5.750 5.781] | Δticks -1.031 | pc 0.111 (Δ-0.034) | gate 0.499 | |M| 2.2324 | dist 4.547 | ETA 2794.6h
step   2690 | T=8 | loss 10.7714 | lr 3.00e-04 | grad 2.64 | 1.0k tok/s (avg 1.0k) | cert 0.13→0.37 | ticks [7.094 5.750 5.688 5.719 5.812 5.938 5.875 5.719] | Δticks -1.375 | pc 0.110 (Δ-0.043) | gate 0.499 | |M| 1.9237 | dist 5.322 | ETA 2794.9h
step   2700 | T=8 | loss 7.8301 | lr 3.00e-04 | grad 2.64 | 1.4k tok/s (avg 1.0k) | cert 0.27→0.50 | ticks [5.062 3.984 4.031 4.031 4.000 4.156 4.219 4.188] | Δticks -0.875 | pc 0.089 (Δ-0.052) | gate 0.499 | |M| 3.9140 | dist 4.128 | ETA 2792.2h
step   2710 | T=8 | loss 10.0545 | lr 3.00e-04 | grad 2.08 | 1.0k tok/s (avg 1.0k) | cert 0.14→0.43 | ticks [8.250 6.844 6.781 6.812 6.844 6.906 6.844 6.781] | Δticks -1.469 | pc 0.115 (Δ-0.050) | gate 0.499 | |M| 2.4576 | dist 3.619 | ETA 2792.5h
step   2720 | T=8 | loss 9.1079 | lr 3.00e-04 | grad 2.47 | 1.0k tok/s (avg 1.0k) | cert 0.23→0.54 | ticks [6.281 4.812 4.781 4.844 4.906 4.969 4.969 4.938] | Δticks -1.344 | pc 0.091 (Δ-0.098) | gate 0.499 | |M| 3.2772 | dist 4.539 | ETA 2792.9h
step   2730 | T=8 | loss 10.1529 | lr 3.00e-04 | grad 2.47 | 1.4k tok/s (avg 1.0k) | cert 0.18→0.48 | ticks [7.125 5.875 5.812 5.844 5.906 5.938 5.875 5.812] | Δticks -1.312 | pc 0.092 (Δ-0.063) | gate 0.499 | |M| 2.3893 | dist 4.547 | ETA 2790.2h
step   2740 | T=8 | loss 7.6376 | lr 3.00e-04 | grad 1.79 | 1.0k tok/s (avg 1.0k) | cert 0.38→0.60 | ticks [5.406 4.438 4.500 4.438 4.344 4.344 4.438 4.531] | Δticks -0.875 | pc 0.083 (Δ-0.069) | gate 0.499 | |M| 3.7724 | dist 3.490 | ETA 2790.5h
step   2750 | T=8 | loss 10.8376 | lr 3.00e-04 | grad 1.79 | 1.4k tok/s (avg 1.0k) | cert 0.58→0.61 | ticks [5.375 4.500 4.438 4.531 4.500 4.531 4.562 4.562] | Δticks -0.812 | pc 0.119 (Δ-0.080) | gate 0.499 | |M| 4.8428 | dist 6.699 | ETA 2787.9h
step   2760 | T=8 | loss 10.3910 | lr 3.00e-04 | grad 1.97 | 1.0k tok/s (avg 1.0k) | cert 0.10→0.38 | ticks [8.812 7.750 7.719 7.750 7.812 7.844 7.781 7.719] | Δticks -1.094 | pc 0.095 (Δ-0.031) | gate 0.499 | |M| 1.7969 | dist 2.949 | ETA 2788.2h
step   2770 | T=8 | loss 10.4770 | lr 3.00e-04 | grad 2.39 | 1.0k tok/s (avg 1.0k) | cert 0.16→0.39 | ticks [8.125 7.000 6.875 6.875 6.906 6.938 6.906 6.844] | Δticks -1.281 | pc 0.096 (Δ-0.057) | gate 0.499 | |M| 2.2532 | dist 3.877 | ETA 2788.6h
step   2780 | T=8 | loss 7.8507 | lr 3.00e-04 | grad 2.39 | 1.4k tok/s (avg 1.0k) | cert 0.27→0.52 | ticks [5.656 4.656 4.625 4.594 4.562 4.625 4.688 4.656] | Δticks -1.000 | pc 0.087 (Δ-0.053) | gate 0.499 | |M| 3.5811 | dist 3.554 | ETA 2785.9h
step   2790 | T=8 | loss 10.3608 | lr 3.00e-04 | grad 1.95 | 1.0k tok/s (avg 1.0k) | cert 0.10→0.40 | ticks [7.812 6.156 6.062 6.156 6.250 6.344 6.281 6.094] | Δticks -1.719 | pc 0.098 (Δ-0.058) | gate 0.499 | |M| 2.5503 | dist 4.491 | ETA 2786.3h
step   2800 | T=8 | loss 10.0027 | lr 3.00e-04 | grad 2.42 | 1.0k tok/s (avg 1.0k) | cert 0.18→0.46 | ticks [8.375 7.156 7.062 7.000 7.000 7.062 7.125 7.094] | Δticks -1.281 | pc 0.101 (Δ-0.074) | gate 0.498 | |M| 2.5833 | dist 3.281 | ETA 2786.7h
step   2810 | T=8 | loss 11.6354 | lr 3.00e-04 | grad 2.42 | 1.4k tok/s (avg 1.0k) | cert 0.27→0.49 | ticks [6.375 5.625 5.594 5.625 5.688 5.781 5.812 5.750] | Δticks -0.625 | pc 0.093 (Δ-0.065) | gate 0.498 | |M| 2.8884 | dist 6.280 | ETA 2784.0h
step   2820 | T=8 | loss 10.6334 | lr 3.00e-04 | grad 2.02 | 1.0k tok/s (avg 1.0k) | cert 0.16→0.47 | ticks [7.969 6.750 6.625 6.625 6.719 6.812 6.812 6.812] | Δticks -1.156 | pc 0.089 (Δ-0.044) | gate 0.498 | |M| 2.2295 | dist 4.233 | ETA 2784.4h
step   2830 | T=8 | loss 7.9588 | lr 3.00e-04 | grad 2.02 | 1.4k tok/s (avg 1.0k) | cert 0.30→0.58 | ticks [5.125 4.094 4.000 4.000 4.031 4.094 4.156 4.156] | Δticks -0.969 | pc 0.081 (Δ-0.053) | gate 0.498 | |M| 3.9921 | dist 4.207 | ETA 2781.8h
step   2840 | T=8 | loss 11.7309 | lr 3.00e-04 | grad 1.91 | 1.0k tok/s (avg 1.0k) | cert 0.21→0.48 | ticks [6.750 5.781 5.719 5.719 5.781 5.844 5.812 5.844] | Δticks -0.906 | pc 0.110 (Δ-0.072) | gate 0.498 | |M| 2.5908 | dist 6.229 | ETA 2782.2h
step   2850 | T=8 | loss 8.6616 | lr 3.00e-04 | grad 1.98 | 1.0k tok/s (avg 1.0k) | cert 0.35→0.56 | ticks [5.000 4.062 4.094 4.094 4.156 4.188 4.125 4.062] | Δticks -0.938 | pc 0.080 (Δ-0.040) | gate 0.498 | |M| 4.1289 | dist 4.928 | ETA 2782.6h
step   2860 | T=8 | loss 9.8566 | lr 3.00e-04 | grad 1.98 | 1.4k tok/s (avg 1.0k) | cert 0.37→0.58 | ticks [4.719 3.781 3.828 3.828 3.828 3.828 3.797 3.797] | Δticks -0.922 | pc 0.106 (Δ-0.078) | gate 0.498 | |M| 4.3728 | dist 6.504 | ETA 2780.0h
step   2870 | T=8 | loss 9.8153 | lr 3.00e-04 | grad 2.69 | 1.0k tok/s (avg 1.0k) | cert 0.35→0.52 | ticks [5.812 5.094 5.156 5.250 5.312 5.281 5.219 5.125] | Δticks -0.688 | pc 0.077 (Δ-0.047) | gate 0.498 | |M| 2.5854 | dist 4.936 | ETA 2780.4h
step   2880 | T=8 | loss 9.7439 | lr 3.00e-04 | grad 2.41 | 1.0k tok/s (avg 1.0k) | cert 0.35→0.54 | ticks [5.562 4.812 4.969 4.938 4.906 4.938 4.938 4.844] | Δticks -0.719 | pc 0.095 (Δ-0.066) | gate 0.498 | |M| 3.6253 | dist 5.277 | ETA 2780.8h
step   2890 | T=8 | loss 8.8823 | lr 3.00e-04 | grad 2.41 | 1.4k tok/s (avg 1.0k) | cert 0.22→0.47 | ticks [7.000 6.062 6.062 6.062 6.094 6.156 6.125 6.094] | Δticks -0.906 | pc 0.084 (Δ-0.050) | gate 0.498 | |M| 2.6975 | dist 3.149 | ETA 2778.3h
step   2900 | T=8 | loss 11.4871 | lr 3.00e-04 | grad 2.58 | 1.0k tok/s (avg 1.0k) | cert 0.15→0.48 | ticks [7.219 5.562 5.438 5.375 5.375 5.500 5.531 5.469] | Δticks -1.750 | pc 0.109 (Δ-0.052) | gate 0.498 | |M| 3.8711 | dist 6.413 | ETA 2778.7h
step   2910 | T=8 | loss 11.0881 | lr 3.00e-04 | grad 2.58 | 1.4k tok/s (avg 1.0k) | cert 0.30→0.55 | ticks [6.844 5.812 5.875 5.906 5.938 6.062 6.125 6.062] | Δticks -0.781 | pc 0.114 (Δ-0.089) | gate 0.498 | |M| 3.6322 | dist 5.542 | ETA 2776.1h
step   2920 | T=8 | loss 10.6269 | lr 3.00e-04 | grad 3.05 | 1.0k tok/s (avg 1.0k) | cert 0.56→0.66 | ticks [4.562 3.812 3.984 3.969 3.891 4.031 4.219 4.250] | Δticks -0.312 | pc 0.125 (Δ-0.102) | gate 0.498 | |M| 4.8163 | dist 6.980 | ETA 2776.5h
step   2930 | T=8 | loss 9.6285 | lr 3.00e-04 | grad 2.98 | 1.0k tok/s (avg 1.0k) | cert 0.22→0.47 | ticks [7.875 7.031 6.938 6.906 7.000 7.062 7.062 7.000] | Δticks -0.875 | pc 0.111 (Δ-0.069) | gate 0.498 | |M| 2.1997 | dist 2.928 | ETA 2776.9h
step   2940 | T=8 | loss 8.0302 | lr 3.00e-04 | grad 2.98 | 1.4k tok/s (avg 1.0k) | cert 0.30→0.54 | ticks [5.625 4.719 4.656 4.656 4.688 4.844 4.938 4.875] | Δticks -0.750 | pc 0.103 (Δ-0.105) | gate 0.498 | |M| 3.8142 | dist 3.627 | ETA 2774.4h
step   2950 | T=8 | loss 9.2638 | lr 3.00e-04 | grad 2.19 | 1.0k tok/s (avg 1.0k) | cert 0.17→0.45 | ticks [7.125 6.156 6.094 6.125 6.219 6.281 6.219 6.156] | Δticks -0.969 | pc 0.075 (Δ-0.049) | gate 0.498 | |M| 2.6503 | dist 3.399 | ETA 2774.8h
step   2960 | T=8 | loss 11.5515 | lr 3.00e-04 | grad 2.11 | 1.0k tok/s (avg 1.0k) | cert 0.15→0.42 | ticks [8.000 6.969 6.906 6.969 7.062 7.094 7.000 6.938] | Δticks -1.062 | pc 0.092 (Δ-0.059) | gate 0.498 | |M| 2.5223 | dist 4.848 | ETA 2775.2h
step   2970 | T=8 | loss 7.8680 | lr 3.00e-04 | grad 2.11 | 1.4k tok/s (avg 1.0k) | cert 0.31→0.62 | ticks [5.656 4.219 4.312 4.250 4.219 4.219 4.250 4.250] | Δticks -1.406 | pc 0.099 (Δ-0.068) | gate 0.498 | |M| 4.0477 | dist 3.902 | ETA 2772.7h
step   2980 | T=8 | loss 7.9053 | lr 3.00e-04 | grad 2.19 | 1.0k tok/s (avg 1.0k) | cert 0.15→0.50 | ticks [6.719 5.156 5.062 5.031 5.000 5.000 4.938 4.938] | Δticks -1.781 | pc 0.115 (Δ-0.035) | gate 0.498 | |M| 3.1528 | dist 3.214 | ETA 2773.1h
step   2990 | T=8 | loss 11.2145 | lr 3.00e-04 | grad 2.19 | 1.4k tok/s (avg 1.0k) | cert 0.42→0.55 | ticks [5.188 4.594 4.625 4.688 4.719 4.656 4.531 4.500] | Δticks -0.688 | pc 0.092 (Δ-0.058) | gate 0.498 | |M| 3.0937 | dist 6.863 | ETA 2770.7h
step   3000 | T=8 | loss 9.3735 | lr 3.00e-04 | grad 2.36 | 1.0k tok/s (avg 1.0k) | cert 0.37→0.57 | ticks [5.094 4.188 4.219 4.219 4.281 4.406 4.344 4.219] | Δticks -0.875 | pc 0.075 (Δ-0.045) | gate 0.498 | |M| 4.4056 | dist 5.492 | ETA 2771.1h
[CachedTeacherDataset/eval] 9 shards (of 199 total) under teacher_cache/phase1 | seq_len=512 top_k=128
  >>> val @ step 3000:
  T=8 | CE=5.0976 | PPL=163.63 | top1=20.9% | top5=39.9% | (25600 tok)
step   3010 | T=8 | loss 9.8964 | lr 3.00e-04 | grad 2.00 | 0.4k tok/s (avg 1.0k) | cert 0.15→0.44 | ticks [7.594 6.469 6.500 6.500 6.562 6.625 6.562 6.500] | Δticks -1.094 | pc 0.095 (Δ-0.066) | gate 0.498 | |M| 2.6764 | dist 3.736 | ETA 2783.8h
step   3020 | T=8 | loss 8.0445 | lr 3.00e-04 | grad 2.00 | 1.4k tok/s (avg 1.0k) | cert 0.25→0.53 | ticks [5.625 4.656 4.594 4.562 4.656 4.844 4.875 4.781] | Δticks -0.844 | pc 0.080 (Δ-0.062) | gate 0.498 | |M| 4.0069 | dist 3.711 | ETA 2781.4h
step   3030 | T=8 | loss 8.2588 | lr 3.00e-04 | grad 2.09 | 1.0k tok/s (avg 1.0k) | cert 0.17→0.49 | ticks [6.531 5.312 5.188 5.188 5.312 5.406 5.406 5.344] | Δticks -1.188 | pc 0.075 (Δ-0.046) | gate 0.498 | |M| 2.7791 | dist 3.274 | ETA 2781.7h
step   3040 | T=8 | loss 8.5830 | lr 3.00e-04 | grad 2.06 | 1.0k tok/s (avg 1.0k) | cert 0.34→0.61 | ticks [5.438 4.031 3.984 4.031 4.156 4.250 4.281 4.219] | Δticks -1.219 | pc 0.099 (Δ-0.096) | gate 0.498 | |M| 4.2580 | dist 4.801 | ETA 2782.0h
step   3050 | T=8 | loss 7.9888 | lr 3.00e-04 | grad 2.06 | 1.4k tok/s (avg 1.0k) | cert 0.17→0.51 | ticks [6.812 5.344 5.156 5.188 5.219 5.312 5.281 5.250] | Δticks -1.562 | pc 0.118 (Δ-0.072) | gate 0.498 | |M| 2.9250 | dist 3.131 | ETA 2779.6h
step   3060 | T=8 | loss 10.8934 | lr 3.00e-04 | grad 2.12 | 1.0k tok/s (avg 1.0k) | cert 0.23→0.58 | ticks [6.594 5.375 5.312 5.312 5.344 5.344 5.281 5.281] | Δticks -1.312 | pc 0.109 (Δ-0.083) | gate 0.498 | |M| 3.1213 | dist 5.985 | ETA 2780.0h
step   3070 | T=8 | loss 11.7920 | lr 3.00e-04 | grad 2.12 | 1.4k tok/s (avg 1.0k) | cert 0.45→0.59 | ticks [5.500 4.812 5.094 5.156 5.156 5.094 4.969 5.031] | Δticks -0.469 | pc 0.139 (Δ-0.109) | gate 0.498 | |M| 4.3507 | dist 7.187 | ETA 2777.6h
step   3080 | T=8 | loss 10.7195 | lr 3.00e-04 | grad 2.55 | 1.0k tok/s (avg 1.0k) | cert 0.31→0.53 | ticks [6.188 5.562 5.500 5.500 5.562 5.594 5.531 5.500] | Δticks -0.688 | pc 0.097 (Δ-0.062) | gate 0.498 | |M| 3.3752 | dist 5.493 | ETA 2778.0h
step   3090 | T=8 | loss 12.1884 | lr 3.00e-04 | grad 2.78 | 1.0k tok/s (avg 1.0k) | cert 0.23→0.43 | ticks [6.844 6.125 6.062 6.125 6.188 6.219 6.156 6.094] | Δticks -0.750 | pc 0.078 (Δ-0.036) | gate 0.498 | |M| 2.6179 | dist 6.329 | ETA 2778.3h
step   3100 | T=8 | loss 9.4107 | lr 3.00e-04 | grad 2.78 | 1.4k tok/s (avg 1.0k) | cert 0.32→0.54 | ticks [6.375 5.094 5.094 5.156 5.219 5.312 5.250 5.094] | Δticks -1.281 | pc 0.106 (Δ-0.105) | gate 0.498 | |M| 3.6445 | dist 4.667 | ETA 2775.9h
step   3110 | T=8 | loss 10.6295 | lr 3.00e-04 | grad 2.05 | 1.0k tok/s (avg 1.0k) | cert 0.14→0.41 | ticks [8.500 7.188 7.094 7.188 7.312 7.375 7.344 7.250] | Δticks -1.250 | pc 0.073 (Δ-0.032) | gate 0.498 | |M| 2.2891 | dist 3.756 | ETA 2776.3h
step   3120 | T=8 | loss 9.4722 | lr 3.00e-04 | grad 2.55 | 1.0k tok/s (avg 1.0k) | cert 0.38→0.54 | ticks [6.312 5.406 5.406 5.406 5.375 5.406 5.500 5.469] | Δticks -0.844 | pc 0.092 (Δ-0.092) | gate 0.498 | |M| 2.7983 | dist 4.267 | ETA 2776.8h
step   3130 | T=8 | loss 11.6592 | lr 3.00e-04 | grad 2.55 | 1.4k tok/s (avg 1.0k) | cert 0.20→0.47 | ticks [7.438 6.250 6.188 6.219 6.281 6.375 6.406 6.312] | Δticks -1.125 | pc 0.132 (Δ-0.092) | gate 0.498 | |M| 2.6909 | dist 5.748 | ETA 2774.4h
step   3140 | T=8 | loss 13.1151 | lr 3.00e-04 | grad 2.58 | 1.0k tok/s (avg 1.0k) | cert 0.16→0.48 | ticks [8.375 7.469 7.469 7.531 7.594 7.625 7.531 7.562] | Δticks -0.812 | pc 0.117 (Δ-0.080) | gate 0.498 | |M| 2.1736 | dist 5.877 | ETA 2774.8h
step   3150 | T=8 | loss 9.2645 | lr 3.00e-04 | grad 2.58 | 1.4k tok/s (avg 1.0k) | cert 0.36→0.54 | ticks [5.656 4.969 4.969 5.000 5.125 5.219 5.250 5.156] | Δticks -0.500 | pc 0.117 (Δ-0.089) | gate 0.498 | |M| 3.5619 | dist 4.559 | ETA 2772.5h
step   3160 | T=8 | loss 11.4083 | lr 3.00e-04 | grad 2.83 | 1.0k tok/s (avg 1.0k) | cert 0.17→0.48 | ticks [7.844 6.719 6.719 6.750 6.750 6.781 6.781 6.844] | Δticks -1.000 | pc 0.131 (Δ-0.100) | gate 0.498 | |M| 2.1709 | dist 4.928 | ETA 2772.9h
step   3170 | T=8 | loss 9.7293 | lr 3.00e-04 | grad 2.47 | 1.0k tok/s (avg 1.0k) | cert 0.29→0.57 | ticks [6.188 4.938 4.969 5.000 4.969 5.031 5.000 4.938] | Δticks -1.250 | pc 0.103 (Δ-0.073) | gate 0.498 | |M| 3.6372 | dist 5.214 | ETA 2773.3h
step   3180 | T=8 | loss 7.2087 | lr 3.00e-04 | grad 2.47 | 1.4k tok/s (avg 1.0k) | cert 0.12→0.51 | ticks [6.656 4.562 4.438 4.531 4.531 4.594 4.594 4.562] | Δticks -2.094 | pc 0.147 (Δ-0.106) | gate 0.498 | |M| 2.9899 | dist 3.029 | ETA 2771.0h
step   3190 | T=8 | loss 10.2070 | lr 3.00e-04 | grad 5.66 | 1.0k tok/s (avg 1.0k) | cert 0.15→0.45 | ticks [8.562 7.188 7.062 7.125 7.188 7.188 7.125 7.125] | Δticks -1.438 | pc 0.106 (Δ-0.049) | gate 0.498 | |M| 2.6792 | dist 3.454 | ETA 2771.4h
step   3200 | T=8 | loss 8.5900 | lr 3.00e-04 | grad 3.91 | 1.0k tok/s (avg 1.0k) | cert 0.41→0.57 | ticks [5.250 4.344 4.344 4.469 4.594 4.688 4.500 4.375] | Δticks -0.875 | pc 0.134 (Δ-0.077) | gate 0.498 | |M| 3.9391 | dist 4.606 | ETA 2771.8h
step   3210 | T=8 | loss 14.3705 | lr 3.00e-04 | grad 3.91 | 1.4k tok/s (avg 1.0k) | cert 0.38→0.50 | ticks [6.000 5.469 5.438 5.594 5.719 5.750 5.562 5.438] | Δticks -0.562 | pc 0.095 (Δ-0.052) | gate 0.498 | |M| 3.1072 | dist 9.221 | ETA 2769.5h
step   3220 | T=8 | loss 8.4143 | lr 3.00e-04 | grad 2.28 | 1.0k tok/s (avg 1.0k) | cert 0.40→0.62 | ticks [4.938 3.969 4.031 4.062 4.188 4.219 4.125 3.938] | Δticks -1.000 | pc 0.100 (Δ-0.061) | gate 0.498 | |M| 4.2373 | dist 4.907 | ETA 2769.9h
step   3230 | T=8 | loss 10.4383 | lr 3.00e-04 | grad 2.28 | 1.4k tok/s (avg 1.0k) | cert 0.26→0.50 | ticks [6.375 5.531 5.531 5.656 5.750 5.781 5.656 5.562] | Δticks -0.812 | pc 0.083 (Δ-0.035) | gate 0.498 | |M| 3.4398 | dist 5.196 | ETA 2767.7h
step   3240 | T=8 | loss 11.2181 | lr 3.00e-04 | grad 2.75 | 1.0k tok/s (avg 1.0k) | cert 0.34→0.55 | ticks [6.062 5.250 5.281 5.375 5.500 5.500 5.312 5.219] | Δticks -0.844 | pc 0.094 (Δ-0.063) | gate 0.498 | |M| 3.2738 | dist 6.285 | ETA 2768.0h
step   3250 | T=8 | loss 9.7144 | lr 3.00e-04 | grad 1.91 | 1.0k tok/s (avg 1.0k) | cert 0.19→0.51 | ticks [7.312 6.000 5.875 5.812 5.781 5.812 5.781 5.812] | Δticks -1.500 | pc 0.126 (Δ-0.052) | gate 0.498 | |M| 3.1196 | dist 4.242 | ETA 2768.3h
step   3260 | T=8 | loss 10.4713 | lr 3.00e-04 | grad 1.91 | 1.4k tok/s (avg 1.0k) | cert 0.17→0.48 | ticks [7.531 6.281 6.156 6.094 6.062 6.094 6.125 6.125] | Δticks -1.406 | pc 0.099 (Δ-0.033) | gate 0.498 | |M| 2.8157 | dist 4.600 | ETA 2766.1h
step   3270 | T=8 | loss 9.8964 | lr 3.00e-04 | grad 2.88 | 1.0k tok/s (avg 1.0k) | cert 0.12→0.43 | ticks [8.500 6.938 6.688 6.656 6.750 6.875 6.875 6.812] | Δticks -1.688 | pc 0.083 (Δ-0.024) | gate 0.498 | |M| 2.1946 | dist 3.459 | ETA 2766.5h
step   3280 | T=8 | loss 9.1028 | lr 3.00e-04 | grad 2.25 | 1.0k tok/s (avg 1.0k) | cert 0.28→0.54 | ticks [6.094 5.188 5.219 5.125 5.125 5.250 5.344 5.281] | Δticks -0.812 | pc 0.083 (Δ-0.055) | gate 0.498 | |M| 4.1042 | dist 4.365 | ETA 2766.9h
step   3290 | T=8 | loss 10.5532 | lr 3.00e-04 | grad 2.25 | 1.4k tok/s (avg 1.0k) | cert 0.35→0.57 | ticks [5.531 4.719 4.781 4.719 4.688 4.812 4.906 4.844] | Δticks -0.688 | pc 0.085 (Δ-0.057) | gate 0.498 | |M| 4.2539 | dist 6.189 | ETA 2764.7h
step   3300 | T=8 | loss 10.6563 | lr 3.00e-04 | grad 2.53 | 1.0k tok/s (avg 1.0k) | cert 0.20→0.45 | ticks [7.375 6.438 6.438 6.469 6.562 6.688 6.688 6.594] | Δticks -0.781 | pc 0.083 (Δ-0.048) | gate 0.498 | |M| 2.5488 | dist 4.482 | ETA 2765.1h
step   3310 | T=8 | loss 10.2447 | lr 3.00e-04 | grad 2.53 | 1.4k tok/s (avg 1.0k) | cert 0.44→0.57 | ticks [5.000 4.250 4.375 4.469 4.531 4.688 4.719 4.562] | Δticks -0.438 | pc 0.090 (Δ-0.076) | gate 0.498 | |M| 4.3969 | dist 6.207 | ETA 2762.9h
step   3320 | T=8 | loss 9.5326 | lr 3.00e-04 | grad 2.19 | 1.0k tok/s (avg 1.0k) | cert 0.21→0.49 | ticks [7.094 5.750 5.562 5.625 5.781 5.906 5.844 5.750] | Δticks -1.344 | pc 0.078 (Δ-0.051) | gate 0.498 | |M| 3.1015 | dist 4.153 | ETA 2763.2h
step   3330 | T=8 | loss 14.6880 | lr 3.00e-04 | grad 2.45 | 1.0k tok/s (avg 1.0k) | cert 0.22→0.50 | ticks [7.344 6.406 6.375 6.406 6.500 6.500 6.344 6.312] | Δticks -1.031 | pc 0.092 (Δ-0.064) | gate 0.498 | |M| 2.9553 | dist 8.658 | ETA 2763.6h
step   3340 | T=8 | loss 9.1586 | lr 3.00e-04 | grad 2.45 | 1.4k tok/s (avg 1.0k) | cert 0.20→0.54 | ticks [6.688 5.344 5.250 5.281 5.344 5.375 5.312 5.281] | Δticks -1.406 | pc 0.075 (Δ-0.034) | gate 0.498 | |M| 3.3827 | dist 4.209 | ETA 2761.4h
step   3350 | T=8 | loss 10.0853 | lr 3.00e-04 | grad 2.44 | 1.0k tok/s (avg 1.0k) | cert 0.36→0.60 | ticks [5.656 5.094 5.344 5.312 5.219 5.062 5.000 5.031] | Δticks -0.625 | pc 0.079 (Δ-0.041) | gate 0.498 | |M| 4.1615 | dist 5.340 | ETA 2761.8h
step   3360 | T=8 | loss 13.4195 | lr 3.00e-04 | grad 2.69 | 1.0k tok/s (avg 1.0k) | cert 0.33→0.51 | ticks [6.062 5.406 5.438 5.531 5.562 5.531 5.375 5.281] | Δticks -0.781 | pc 0.072 (Δ-0.035) | gate 0.498 | |M| 2.6824 | dist 8.369 | ETA 2762.2h
step   3370 | T=8 | loss 24.2976 | lr 3.00e-04 | grad 2.69 | 1.4k tok/s (avg 1.0k) | cert 0.33→0.49 | ticks [6.844 6.625 6.688 6.719 6.781 6.750 6.562 6.562] | Δticks -0.281 | pc 0.086 (Δ-0.052) | gate 0.498 | |M| 2.7293 | dist 18.006 | ETA 2760.1h
step   3380 | T=8 | loss 9.7195 | lr 3.00e-04 | grad 2.28 | 1.0k tok/s (avg 1.0k) | cert 0.17→0.44 | ticks [7.656 6.500 6.375 6.406 6.531 6.625 6.562 6.438] | Δticks -1.219 | pc 0.090 (Δ-0.027) | gate 0.498 | |M| 2.5569 | dist 3.615 | ETA 2760.4h
step   3390 | T=8 | loss 10.9984 | lr 3.00e-04 | grad 2.28 | 1.4k tok/s (avg 1.0k) | cert 0.19→0.42 | ticks [7.562 6.656 6.625 6.688 6.812 6.906 6.844 6.719] | Δticks -0.844 | pc 0.109 (Δ-0.067) | gate 0.498 | |M| 2.4347 | dist 4.675 | ETA 2758.3h
step   3400 | T=8 | loss 9.7079 | lr 3.00e-04 | grad 2.47 | 1.0k tok/s (avg 1.0k) | cert 0.24→0.46 | ticks [6.875 5.938 5.812 5.812 5.906 6.000 6.062 5.969] | Δticks -0.906 | pc 0.082 (Δ-0.058) | gate 0.498 | |M| 2.5473 | dist 4.089 | ETA 2758.7h
step   3410 | T=8 | loss 8.7006 | lr 3.00e-04 | grad 2.89 | 1.0k tok/s (avg 1.0k) | cert 0.32→0.57 | ticks [5.531 4.625 4.625 4.656 4.719 4.812 4.812 4.750] | Δticks -0.781 | pc 0.103 (Δ-0.089) | gate 0.498 | |M| 4.1971 | dist 4.387 | ETA 2759.0h
step   3420 | T=8 | loss 8.4520 | lr 3.00e-04 | grad 2.89 | 1.4k tok/s (avg 1.0k) | cert 0.44→0.57 | ticks [6.000 5.344 5.344 5.219 5.188 5.250 5.375 5.344] | Δticks -0.656 | pc 0.084 (Δ-0.063) | gate 0.498 | |M| 3.7619 | dist 3.427 | ETA 2756.9h
step   3430 | T=8 | loss 11.4601 | lr 3.00e-04 | grad 1.88 | 1.0k tok/s (avg 1.0k) | cert 0.30→0.51 | ticks [6.406 5.812 5.781 5.812 5.875 5.906 5.906 5.875] | Δticks -0.531 | pc 0.100 (Δ-0.053) | gate 0.498 | |M| 2.7051 | dist 5.963 | ETA 2757.3h
step   3440 | T=8 | loss 11.0778 | lr 3.00e-04 | grad 2.19 | 1.0k tok/s (avg 1.0k) | cert 0.13→0.41 | ticks [9.312 8.625 8.562 8.500 8.562 8.562 8.500 8.562] | Δticks -0.750 | pc 0.098 (Δ-0.052) | gate 0.498 | |M| 2.1727 | dist 2.890 | ETA 2757.8h
step   3450 | T=8 | loss 11.1440 | lr 3.00e-04 | grad 2.19 | 1.4k tok/s (avg 1.0k) | cert 0.29→0.52 | ticks [6.500 5.719 5.750 5.812 5.781 5.781 5.750 5.719] | Δticks -0.781 | pc 0.078 (Δ-0.034) | gate 0.498 | |M| 2.8192 | dist 5.789 | ETA 2755.7h
step   3460 | T=8 | loss 9.8674 | lr 3.00e-04 | grad 2.36 | 1.0k tok/s (avg 1.0k) | cert 0.32→0.55 | ticks [5.500 4.438 4.375 4.438 4.531 4.688 4.625 4.438] | Δticks -1.062 | pc 0.103 (Δ-0.067) | gate 0.498 | |M| 4.3689 | dist 5.734 | ETA 2756.1h
step   3470 | T=8 | loss 12.2831 | lr 3.00e-04 | grad 2.36 | 1.4k tok/s (avg 1.0k) | cert 0.27→0.50 | ticks [6.844 6.000 6.000 6.000 5.969 5.938 5.875 5.875] | Δticks -0.969 | pc 0.081 (Δ-0.054) | gate 0.498 | |M| 2.5728 | dist 6.683 | ETA 2754.0h
step   3480 | T=8 | loss 9.7138 | lr 3.00e-04 | grad 1.91 | 1.0k tok/s (avg 1.0k) | cert 0.11→0.43 | ticks [8.438 6.938 6.938 6.938 6.969 7.062 7.031 6.938] | Δticks -1.500 | pc 0.077 (Δ-0.024) | gate 0.498 | |M| 2.7893 | dist 3.230 | ETA 2754.4h
step   3490 | T=8 | loss 11.9949 | lr 3.00e-04 | grad 2.77 | 1.0k tok/s (avg 1.0k) | cert 0.44→0.61 | ticks [5.156 4.125 4.312 4.375 4.375 4.469 4.438 4.312] | Δticks -0.844 | pc 0.085 (Δ-0.063) | gate 0.498 | |M| 4.7164 | dist 8.173 | ETA 2754.8h
step   3500 | T=8 | loss 8.9426 | lr 3.00e-04 | grad 2.77 | 1.4k tok/s (avg 1.0k) | cert 0.41→0.59 | ticks [4.969 4.031 4.031 4.062 4.188 4.375 4.344 4.156] | Δticks -0.812 | pc 0.077 (Δ-0.053) | gate 0.498 | |M| 4.7816 | dist 5.167 | ETA 2752.7h
step   3510 | T=8 | loss 9.3319 | lr 3.00e-04 | grad 2.73 | 1.0k tok/s (avg 1.0k) | cert 0.37→0.61 | ticks [5.031 3.984 4.094 4.156 4.219 4.281 4.250 4.094] | Δticks -0.938 | pc 0.088 (Δ-0.056) | gate 0.498 | |M| 4.7751 | dist 5.690 | ETA 2753.2h
step   3520 | T=8 | loss 11.6528 | lr 3.00e-04 | grad 2.36 | 1.0k tok/s (avg 1.0k) | cert 0.31→0.53 | ticks [6.094 5.219 5.188 5.219 5.281 5.375 5.312 5.219] | Δticks -0.875 | pc 0.091 (Δ-0.060) | gate 0.498 | |M| 3.1397 | dist 6.769 | ETA 2753.6h
step   3530 | T=8 | loss 8.5397 | lr 3.00e-04 | grad 2.36 | 1.4k tok/s (avg 1.0k) | cert 0.34→0.61 | ticks [5.656 4.625 4.562 4.500 4.594 4.625 4.625 4.500] | Δticks -1.156 | pc 0.083 (Δ-0.046) | gate 0.498 | |M| 4.5929 | dist 4.400 | ETA 2751.6h
step   3540 | T=8 | loss 11.1757 | lr 3.00e-04 | grad 2.55 | 1.0k tok/s (avg 1.0k) | cert 0.42→0.59 | ticks [5.562 4.844 4.812 4.844 4.875 4.906 4.875 4.781] | Δticks -0.781 | pc 0.084 (Δ-0.052) | gate 0.498 | |M| 3.8294 | dist 6.698 | ETA 2752.0h
step   3550 | T=8 | loss 9.6653 | lr 3.00e-04 | grad 2.55 | 1.4k tok/s (avg 1.0k) | cert 0.14→0.47 | ticks [7.969 6.719 6.688 6.719 6.719 6.688 6.625 6.688] | Δticks -1.281 | pc 0.101 (Δ-0.013) | gate 0.498 | |M| 2.9982 | dist 3.379 | ETA 2750.0h
step   3560 | T=8 | loss 13.2247 | lr 3.00e-04 | grad 2.12 | 1.0k tok/s (avg 1.0k) | cert 0.31→0.54 | ticks [6.250 5.281 5.375 5.406 5.375 5.312 5.281 5.219] | Δticks -1.031 | pc 0.099 (Δ-0.067) | gate 0.498 | |M| 3.8711 | dist 8.311 | ETA 2750.4h
step   3570 | T=8 | loss 9.4422 | lr 3.00e-04 | grad 2.08 | 1.0k tok/s (avg 1.0k) | cert 0.16→0.44 | ticks [7.375 6.125 6.125 6.125 6.125 6.156 6.156 6.094] | Δticks -1.281 | pc 0.093 (Δ-0.063) | gate 0.498 | |M| 2.8652 | dist 3.698 | ETA 2750.8h
step   3580 | T=8 | loss 9.2262 | lr 3.00e-04 | grad 2.08 | 1.4k tok/s (avg 1.0k) | cert 0.12→0.44 | ticks [7.719 6.312 6.188 6.188 6.156 6.219 6.219 6.188] | Δticks -1.531 | pc 0.091 (Δ-0.018) | gate 0.498 | |M| 2.9131 | dist 3.438 | ETA 2748.8h
step   3590 | T=8 | loss 9.4125 | lr 3.00e-04 | grad 1.70 | 1.0k tok/s (avg 1.0k) | cert 0.29→0.53 | ticks [5.812 4.906 4.844 4.781 4.844 5.000 5.094 5.031] | Δticks -0.781 | pc 0.091 (Δ-0.061) | gate 0.498 | |M| 3.7303 | dist 4.870 | ETA 2749.2h
step   3600 | T=8 | loss 8.2564 | lr 3.00e-04 | grad 2.14 | 1.0k tok/s (avg 1.0k) | cert 0.43→0.61 | ticks [4.812 4.062 4.188 4.188 4.188 4.219 4.156 4.031] | Δticks -0.781 | pc 0.088 (Δ-0.062) | gate 0.498 | |M| 4.6052 | dist 4.501 | ETA 2749.5h
step   3610 | T=8 | loss 9.7628 | lr 3.00e-04 | grad 2.14 | 1.4k tok/s (avg 1.0k) | cert 0.21→0.50 | ticks [6.469 5.781 5.844 5.781 5.812 5.875 5.844 5.781] | Δticks -0.688 | pc 0.070 (Δ-0.035) | gate 0.498 | |M| 3.2925 | dist 4.316 | ETA 2747.6h
step   3620 | T=8 | loss 10.6713 | lr 3.00e-04 | grad 1.78 | 1.0k tok/s (avg 1.0k) | cert 0.39→0.56 | ticks [5.625 4.719 4.812 4.906 4.938 4.938 4.812 4.781] | Δticks -0.844 | pc 0.077 (Δ-0.043) | gate 0.498 | |M| 3.5588 | dist 6.243 | ETA 2748.0h
step   3630 | T=8 | loss 10.6038 | lr 3.00e-04 | grad 1.78 | 1.4k tok/s (avg 1.0k) | cert 0.22→0.50 | ticks [7.219 6.125 6.125 6.156 6.250 6.281 6.219 6.125] | Δticks -1.094 | pc 0.073 (Δ-0.020) | gate 0.498 | |M| 2.6408 | dist 4.835 | ETA 2746.0h
step   3640 | T=8 | loss 9.3818 | lr 3.00e-04 | grad 1.79 | 1.0k tok/s (avg 1.0k) | cert 0.35→0.58 | ticks [5.250 4.375 4.344 4.344 4.406 4.438 4.375 4.281] | Δticks -0.969 | pc 0.089 (Δ-0.052) | gate 0.498 | |M| 4.8446 | dist 5.351 | ETA 2746.4h
step   3650 | T=8 | loss 13.7936 | lr 3.00e-04 | grad 1.88 | 1.0k tok/s (avg 1.0k) | cert 0.46→0.55 | ticks [5.156 4.531 4.531 4.594 4.562 4.562 4.562 4.500] | Δticks -0.656 | pc 0.084 (Δ-0.065) | gate 0.498 | |M| 3.8677 | dist 9.645 | ETA 2746.8h
step   3660 | T=8 | loss 10.4067 | lr 3.00e-04 | grad 1.88 | 1.4k tok/s (avg 1.0k) | cert 0.43→0.61 | ticks [5.875 5.188 5.094 5.000 5.000 5.031 5.156 5.031] | Δticks -0.844 | pc 0.125 (Δ-0.066) | gate 0.498 | |M| 4.6085 | dist 5.838 | ETA 2744.9h
step   3670 | T=8 | loss 8.4119 | lr 3.00e-04 | grad 2.33 | 1.0k tok/s (avg 1.0k) | cert 0.33→0.54 | ticks [5.531 4.844 4.812 4.781 4.781 4.875 4.969 4.906] | Δticks -0.625 | pc 0.088 (Δ-0.070) | gate 0.498 | |M| 4.2066 | dist 4.064 | ETA 2745.3h
step   3680 | T=8 | loss 12.2150 | lr 3.00e-04 | grad 2.38 | 1.0k tok/s (avg 1.0k) | cert 0.22→0.47 | ticks [6.938 6.062 6.125 6.219 6.219 6.250 6.250 6.219] | Δticks -0.719 | pc 0.080 (Δ-0.026) | gate 0.498 | |M| 3.4342 | dist 6.425 | ETA 2745.7h
step   3690 | T=8 | loss 8.9353 | lr 3.00e-04 | grad 2.38 | 1.4k tok/s (avg 1.0k) | cert 0.29→0.54 | ticks [5.438 4.375 4.344 4.438 4.500 4.594 4.656 4.594] | Δticks -0.844 | pc 0.088 (Δ-0.021) | gate 0.498 | |M| 4.5647 | dist 4.886 | ETA 2743.8h
step   3700 | T=8 | loss 9.4031 | lr 3.00e-04 | grad 2.05 | 1.0k tok/s (avg 1.0k) | cert 0.21→0.60 | ticks [6.562 4.812 4.688 4.656 4.594 4.656 4.688 4.625] | Δticks -1.938 | pc 0.094 (Δ-0.084) | gate 0.498 | |M| 4.4410 | dist 5.193 | ETA 2744.2h
step   3710 | T=8 | loss 8.9018 | lr 3.00e-04 | grad 2.05 | 1.4k tok/s (avg 1.0k) | cert 0.31→0.62 | ticks [5.188 3.797 3.859 3.906 3.938 4.062 4.125 4.062] | Δticks -1.125 | pc 0.075 (Δ-0.066) | gate 0.498 | |M| 4.8256 | dist 5.440 | ETA 2742.3h
step   3720 | T=8 | loss 8.3284 | lr 3.00e-04 | grad 2.95 | 1.0k tok/s (avg 1.0k) | cert 0.43→0.66 | ticks [4.250 3.516 3.688 3.812 3.812 3.797 3.688 3.594] | Δticks -0.656 | pc 0.103 (Δ-0.092) | gate 0.498 | |M| 4.5825 | dist 5.080 | ETA 2742.7h
step   3730 | T=8 | loss 10.1843 | lr 3.00e-04 | grad 1.72 | 1.0k tok/s (avg 1.0k) | cert 0.28→0.51 | ticks [6.500 5.656 5.656 5.719 5.781 5.875 5.812 5.688] | Δticks -0.812 | pc 0.105 (Δ-0.057) | gate 0.498 | |M| 3.3972 | dist 4.782 | ETA 2743.1h
step   3740 | T=8 | loss 8.2220 | lr 3.00e-04 | grad 1.72 | 1.4k tok/s (avg 1.0k) | cert 0.25→0.54 | ticks [5.875 4.812 4.812 4.812 4.844 5.000 4.938 4.719] | Δticks -1.156 | pc 0.107 (Δ-0.066) | gate 0.498 | |M| 4.5815 | dist 3.816 | ETA 2741.2h
step   3750 | T=8 | loss 9.2262 | lr 3.00e-04 | grad 2.11 | 1.0k tok/s (avg 1.0k) | cert 0.40→0.54 | ticks [6.562 5.656 5.656 5.656 5.719 5.812 5.781 5.562] | Δticks -1.000 | pc 0.104 (Δ-0.022) | gate 0.498 | |M| 3.7700 | dist 3.930 | ETA 2741.6h
step   3760 | T=8 | loss 14.3201 | lr 3.00e-04 | grad 2.06 | 1.0k tok/s (avg 1.0k) | cert 0.50→0.55 | ticks [4.750 4.312 4.406 4.500 4.594 4.562 4.438 4.250] | Δticks -0.500 | pc 0.079 (Δ-0.056) | gate 0.498 | |M| 3.7630 | dist 10.242 | ETA 2742.0h
step   3770 | T=8 | loss 8.7391 | lr 3.00e-04 | grad 2.06 | 1.4k tok/s (avg 1.0k) | cert 0.39→0.59 | ticks [5.125 4.188 4.125 4.094 4.094 4.188 4.188 4.031] | Δticks -1.094 | pc 0.085 (Δ-0.045) | gate 0.498 | |M| 5.0087 | dist 5.037 | ETA 2740.2h
step   3780 | T=8 | loss 11.1958 | lr 3.00e-04 | grad 2.36 | 1.0k tok/s (avg 1.0k) | cert 0.42→0.59 | ticks [5.406 4.625 4.562 4.531 4.594 4.625 4.594 4.469] | Δticks -0.938 | pc 0.076 (Δ-0.060) | gate 0.498 | |M| 5.1421 | dist 7.007 | ETA 2740.6h
step   3790 | T=8 | loss 9.4615 | lr 3.00e-04 | grad 2.36 | 1.4k tok/s (avg 1.0k) | cert 0.39→0.59 | ticks [5.688 4.781 4.750 4.656 4.656 4.625 4.625 4.531] | Δticks -1.156 | pc 0.079 (Δ-0.039) | gate 0.498 | |M| 4.3660 | dist 5.214 | ETA 2738.8h
step   3800 | T=8 | loss 8.1190 | lr 3.00e-04 | grad 1.92 | 1.0k tok/s (avg 1.0k) | cert 0.32→0.54 | ticks [5.688 4.750 4.594 4.531 4.594 4.719 4.719 4.594] | Δticks -1.094 | pc 0.099 (Δ-0.060) | gate 0.498 | |M| 4.2777 | dist 3.802 | ETA 2739.1h
step   3810 | T=8 | loss 10.8767 | lr 3.00e-04 | grad 2.53 | 1.0k tok/s (avg 1.0k) | cert 0.33→0.55 | ticks [5.844 5.062 5.000 4.938 4.938 5.000 5.000 4.938] | Δticks -0.906 | pc 0.081 (Δ-0.045) | gate 0.498 | |M| 4.2860 | dist 6.206 | ETA 2739.5h
step   3820 | T=8 | loss 9.3320 | lr 3.00e-04 | grad 2.53 | 1.4k tok/s (avg 1.0k) | cert 0.35→0.59 | ticks [5.938 5.156 5.062 5.000 5.062 5.156 5.156 5.094] | Δticks -0.844 | pc 0.079 (Δ-0.039) | gate 0.498 | |M| 4.3940 | dist 4.622 | ETA 2737.7h
step   3830 | T=8 | loss 9.0054 | lr 3.00e-04 | grad 2.61 | 1.0k tok/s (avg 1.0k) | cert 0.40→0.61 | ticks [4.938 4.156 4.312 4.281 4.281 4.375 4.344 4.188] | Δticks -0.750 | pc 0.073 (Δ-0.054) | gate 0.498 | |M| 5.3339 | dist 5.171 | ETA 2738.1h
step   3840 | T=8 | loss 6.3108 | lr 3.00e-04 | grad 2.31 | 1.0k tok/s (avg 1.0k) | cert 0.19→0.54 | ticks [6.000 4.344 4.219 4.219 4.281 4.375 4.344 4.188] | Δticks -1.812 | pc 0.096 (Δ-0.030) | gate 0.498 | |M| 3.3775 | dist 2.420 | ETA 2738.5h
step   3850 | T=8 | loss 12.8489 | lr 3.00e-04 | grad 2.31 | 1.4k tok/s (avg 1.0k) | cert 0.22→0.49 | ticks [6.188 5.344 5.469 5.500 5.562 5.594 5.531 5.438] | Δticks -0.750 | pc 0.081 (Δ-0.046) | gate 0.498 | |M| 3.7632 | dist 7.704 | ETA 2736.7h
step   3860 | T=8 | loss 13.6321 | lr 3.00e-04 | grad 2.59 | 1.0k tok/s (avg 1.0k) | cert 0.32→0.57 | ticks [6.969 5.469 5.531 5.656 5.750 5.781 5.719 5.625] | Δticks -1.344 | pc 0.140 (Δ-0.167) | gate 0.498 | |M| 3.9167 | dist 8.317 | ETA 2737.1h
step   3870 | T=8 | loss 11.0387 | lr 3.00e-04 | grad 2.59 | 1.4k tok/s (avg 1.0k) | cert 0.30→0.54 | ticks [5.812 4.844 4.906 4.938 4.969 5.000 4.938 4.781] | Δticks -1.031 | pc 0.077 (Δ-0.063) | gate 0.498 | |M| 4.2043 | dist 6.581 | ETA 2735.3h
step   3880 | T=8 | loss 7.6462 | lr 3.00e-04 | grad 2.56 | 1.0k tok/s (avg 1.0k) | cert 0.47→0.61 | ticks [4.719 4.062 4.125 4.156 4.219 4.219 4.188 4.094] | Δticks -0.625 | pc 0.070 (Δ-0.067) | gate 0.498 | |M| 4.9661 | dist 4.004 | ETA 2735.7h
step   3890 | T=8 | loss 8.2221 | lr 3.00e-04 | grad 1.89 | 1.0k tok/s (avg 1.0k) | cert 0.52→0.64 | ticks [4.219 3.594 3.703 3.797 3.812 3.797 3.719 3.625] | Δticks -0.594 | pc 0.071 (Δ-0.065) | gate 0.498 | |M| 5.2313 | dist 5.020 | ETA 2736.1h
step   3900 | T=8 | loss 9.2829 | lr 3.00e-04 | grad 1.89 | 1.4k tok/s (avg 1.0k) | cert 0.20→0.46 | ticks [7.312 6.438 6.406 6.500 6.594 6.656 6.594 6.500] | Δticks -0.812 | pc 0.072 (Δ-0.057) | gate 0.498 | |M| 2.6792 | dist 3.143 | ETA 2734.3h
step   3910 | T=8 | loss 8.4020 | lr 3.00e-04 | grad 1.65 | 1.0k tok/s (avg 1.0k) | cert 0.18→0.48 | ticks [6.781 5.625 5.500 5.500 5.500 5.531 5.469 5.438] | Δticks -1.344 | pc 0.087 (Δ-0.017) | gate 0.498 | |M| 3.4912 | dist 3.248 | ETA 2734.7h
step   3920 | T=8 | loss 8.4941 | lr 3.00e-04 | grad 2.02 | 1.0k tok/s (avg 1.0k) | cert 0.28→0.54 | ticks [5.531 4.531 4.500 4.594 4.594 4.625 4.562 4.500] | Δticks -1.031 | pc 0.075 (Δ-0.030) | gate 0.498 | |M| 4.5109 | dist 4.336 | ETA 2735.1h
step   3930 | T=8 | loss 9.8297 | lr 3.00e-04 | grad 2.02 | 1.4k tok/s (avg 1.0k) | cert 0.18→0.46 | ticks [7.500 6.406 6.406 6.500 6.562 6.625 6.531 6.438] | Δticks -1.062 | pc 0.097 (Δ-0.067) | gate 0.498 | |M| 2.7517 | dist 3.791 | ETA 2733.4h
step   3940 | T=8 | loss 9.1321 | lr 3.00e-04 | grad 2.03 | 1.0k tok/s (avg 1.0k) | cert 0.24→0.49 | ticks [6.562 5.625 5.594 5.594 5.656 5.781 5.750 5.625] | Δticks -0.938 | pc 0.072 (Δ-0.049) | gate 0.498 | |M| 2.7232 | dist 3.840 | ETA 2733.7h
step   3950 | T=8 | loss 8.4446 | lr 3.00e-04 | grad 2.03 | 1.4k tok/s (avg 1.0k) | cert 0.23→0.50 | ticks [6.438 5.469 5.438 5.469 5.531 5.656 5.594 5.469] | Δticks -0.969 | pc 0.067 (Δ-0.038) | gate 0.498 | |M| 2.9806 | dist 3.300 | ETA 2732.0h
step   3960 | T=8 | loss 9.9551 | lr 3.00e-04 | grad 1.64 | 1.0k tok/s (avg 1.0k) | cert 0.36→0.55 | ticks [5.312 4.531 4.562 4.625 4.750 4.844 4.781 4.531] | Δticks -0.781 | pc 0.065 (Δ-0.049) | gate 0.498 | |M| 4.1509 | dist 5.746 | ETA 2732.5h
step   3970 | T=8 | loss 10.2336 | lr 3.00e-04 | grad 1.73 | 1.0k tok/s (avg 1.0k) | cert 0.18→0.46 | ticks [7.625 6.500 6.375 6.312 6.312 6.406 6.406 6.406] | Δticks -1.219 | pc 0.070 (Δ-0.037) | gate 0.498 | |M| 2.7103 | dist 4.196 | ETA 2732.9h
step   3980 | T=8 | loss 14.8020 | lr 3.00e-04 | grad 1.73 | 1.4k tok/s (avg 1.0k) | cert 0.26→0.48 | ticks [6.094 5.438 5.406 5.406 5.406 5.469 5.469 5.406] | Δticks -0.688 | pc 0.074 (Δ-0.043) | gate 0.498 | |M| 3.6397 | dist 9.709 | ETA 2731.2h
step   3990 | T=8 | loss 8.9769 | lr 3.00e-04 | grad 2.27 | 1.0k tok/s (avg 1.0k) | cert 0.27→0.52 | ticks [6.156 5.312 5.281 5.312 5.344 5.344 5.250 5.219] | Δticks -0.938 | pc 0.065 (Δ-0.037) | gate 0.498 | |M| 3.2858 | dist 4.034 | ETA 2731.6h
step   4000 | T=8 | loss 10.7521 | lr 3.00e-04 | grad 1.80 | 1.0k tok/s (avg 1.0k) | cert 0.28→0.55 | ticks [5.562 4.812 4.844 4.844 4.875 4.906 4.906 4.875] | Δticks -0.688 | pc 0.075 (Δ-0.051) | gate 0.498 | |M| 4.2047 | dist 6.283 | ETA 2732.0h
[CachedTeacherDataset/eval] 9 shards (of 199 total) under teacher_cache/phase1 | seq_len=512 top_k=128
  >>> val @ step 4000:
  T=8 | CE=4.9777 | PPL=145.14 | top1=21.0% | top5=38.3% | (25600 tok)
step   4010 | T=8 | loss 8.8791 | lr 3.00e-04 | grad 1.80 | 0.5k tok/s (avg 1.0k) | cert 0.27→0.62 | ticks [6.469 5.375 5.469 5.438 5.469 5.469 5.531 5.500] | Δticks -0.969 | pc 0.085 (Δ-0.069) | gate 0.498 | |M| 3.8723 | dist 3.931 | ETA 2740.6h
step   4020 | T=8 | loss 17.3701 | lr 3.00e-04 | grad 2.12 | 1.1k tok/s (avg 1.0k) | cert 0.20→0.45 | ticks [7.375 6.750 6.781 6.875 6.969 7.031 7.000 6.906] | Δticks -0.469 | pc 0.082 (Δ-0.057) | gate 0.498 | |M| 3.2189 | dist 10.819 | ETA 2740.1h
step   4030 | T=8 | loss 7.8234 | lr 3.00e-04 | grad 2.12 | 1.4k tok/s (avg 1.0k) | cert 0.49→0.64 | ticks [4.625 3.953 4.156 4.219 4.188 4.156 4.188 4.062] | Δticks -0.562 | pc 0.083 (Δ-0.062) | gate 0.498 | |M| 4.6947 | dist 4.216 | ETA 2738.4h
step   4040 | T=8 | loss 10.9234 | lr 3.00e-04 | grad 1.78 | 1.0k tok/s (avg 1.0k) | cert 0.24→0.51 | ticks [6.625 5.438 5.312 5.312 5.344 5.438 5.469 5.406] | Δticks -1.219 | pc 0.062 (Δ-0.039) | gate 0.498 | |M| 2.9201 | dist 5.851 | ETA 2738.8h
step   4050 | T=8 | loss 8.1609 | lr 3.00e-04 | grad 2.34 | 1.0k tok/s (avg 1.0k) | cert 0.43→0.62 | ticks [4.531 3.719 3.703 3.734 3.812 3.906 3.859 3.750] | Δticks -0.781 | pc 0.082 (Δ-0.067) | gate 0.498 | |M| 5.2655 | dist 4.838 | ETA 2739.1h
step   4060 | T=8 | loss 10.1249 | lr 3.00e-04 | grad 2.34 | 1.4k tok/s (avg 1.0k) | cert 0.20→0.48 | ticks [7.312 6.188 6.125 6.156 6.156 6.219 6.125 6.062] | Δticks -1.250 | pc 0.093 (Δ-0.042) | gate 0.498 | |M| 3.1151 | dist 4.378 | ETA 2737.4h
step   4070 | T=8 | loss 8.2958 | lr 3.00e-04 | grad 2.48 | 1.0k tok/s (avg 1.0k) | cert 0.52→0.65 | ticks [4.375 3.703 3.828 3.891 3.906 3.828 3.766 3.734] | Δticks -0.641 | pc 0.071 (Δ-0.046) | gate 0.498 | |M| 4.8647 | dist 4.979 | ETA 2737.8h
step   4080 | T=8 | loss 9.0713 | lr 3.00e-04 | grad 2.08 | 1.0k tok/s (avg 1.0k) | cert 0.20→0.51 | ticks [7.188 6.094 6.094 6.156 6.188 6.219 6.125 6.062] | Δticks -1.125 | pc 0.065 (Δ-0.037) | gate 0.498 | |M| 3.4165 | dist 3.350 | ETA 2738.2h
step   4090 | T=8 | loss 7.9627 | lr 3.00e-04 | grad 2.08 | 1.4k tok/s (avg 1.0k) | cert 0.31→0.60 | ticks [5.312 4.250 4.344 4.500 4.500 4.531 4.438 4.312] | Δticks -1.000 | pc 0.106 (Δ-0.068) | gate 0.498 | |M| 5.1665 | dist 4.062 | ETA 2736.5h
step   4100 | T=8 | loss 7.9303 | lr 3.00e-04 | grad 1.95 | 1.0k tok/s (avg 1.0k) | cert 0.36→0.61 | ticks [5.344 4.312 4.344 4.344 4.375 4.469 4.500 4.312] | Δticks -1.031 | pc 0.078 (Δ-0.083) | gate 0.498 | |M| 5.6775 | dist 4.017 | ETA 2736.9h
step   4110 | T=8 | loss 12.3912 | lr 3.00e-04 | grad 1.95 | 1.4k tok/s (avg 1.0k) | cert 0.25→0.50 | ticks [7.125 6.156 6.156 6.188 6.250 6.281 6.250 6.125] | Δticks -1.000 | pc 0.104 (Δ-0.127) | gate 0.498 | |M| 3.2279 | dist 6.587 | ETA 2735.2h
step   4120 | T=8 | loss 11.3154 | lr 3.00e-04 | grad 2.52 | 1.0k tok/s (avg 1.0k) | cert 0.38→0.53 | ticks [6.000 5.406 5.531 5.625 5.594 5.625 5.625 5.469] | Δticks -0.531 | pc 0.079 (Δ-0.075) | gate 0.498 | |M| 3.4182 | dist 6.248 | ETA 2735.6h
step   4130 | T=8 | loss 9.7306 | lr 3.00e-04 | grad 1.93 | 1.0k tok/s (avg 1.0k) | cert 0.27→0.51 | ticks [6.750 5.875 5.906 5.969 6.000 6.000 5.969 5.875] | Δticks -0.875 | pc 0.059 (Δ-0.051) | gate 0.498 | |M| 3.1242 | dist 4.162 | ETA 2736.0h
step   4140 | T=8 | loss 12.2493 | lr 3.00e-04 | grad 1.93 | 1.4k tok/s (avg 1.0k) | cert 0.32→0.54 | ticks [7.250 6.344 6.219 6.125 6.094 6.156 6.281 6.219] | Δticks -1.031 | pc 0.091 (Δ-0.083) | gate 0.498 | |M| 3.1570 | dist 6.308 | ETA 2734.3h
step   4150 | T=8 | loss 11.4849 | lr 3.00e-04 | grad 2.08 | 1.0k tok/s (avg 1.0k) | cert 0.31→0.55 | ticks [6.938 6.281 6.250 6.250 6.281 6.344 6.250 6.188] | Δticks -0.750 | pc 0.077 (Δ-0.054) | gate 0.498 | |M| 3.7713 | dist 5.738 | ETA 2734.8h
step   4160 | T=8 | loss 8.8116 | lr 3.00e-04 | grad 2.50 | 1.0k tok/s (avg 1.0k) | cert 0.43→0.63 | ticks [5.156 4.250 4.312 4.312 4.344 4.375 4.312 4.219] | Δticks -0.938 | pc 0.092 (Δ-0.095) | gate 0.498 | |M| 4.8170 | dist 5.009 | ETA 2735.1h
step   4170 | T=8 | loss 15.5530 | lr 3.00e-04 | grad 2.50 | 1.4k tok/s (avg 1.0k) | cert 0.35→0.57 | ticks [6.156 5.406 5.469 5.594 5.688 5.719 5.594 5.438] | Δticks -0.719 | pc 0.080 (Δ-0.077) | gate 0.498 | |M| 4.3960 | dist 10.416 | ETA 2733.5h
step   4180 | T=8 | loss 8.4816 | lr 3.00e-04 | grad 1.96 | 1.0k tok/s (avg 1.0k) | cert 0.38→0.58 | ticks [5.562 4.906 4.844 4.812 4.875 5.000 5.000 4.844] | Δticks -0.719 | pc 0.100 (Δ-0.091) | gate 0.498 | |M| 5.5410 | dist 4.013 | ETA 2733.9h
step   4190 | T=8 | loss 9.4751 | lr 3.00e-04 | grad 1.96 | 1.4k tok/s (avg 1.0k) | cert 0.46→0.60 | ticks [6.594 5.875 6.000 6.156 6.188 6.125 5.875 5.906] | Δticks -0.688 | pc 0.108 (Δ-0.098) | gate 0.498 | |M| 4.1516 | dist 3.935 | ETA 2732.2h
step   4200 | T=8 | loss 9.3724 | lr 3.00e-04 | grad 3.12 | 1.0k tok/s (avg 1.0k) | cert 0.53→0.62 | ticks [5.750 5.156 5.250 5.312 5.344 5.312 5.188 5.156] | Δticks -0.594 | pc 0.084 (Δ-0.048) | gate 0.498 | |M| 4.7974 | dist 4.593 | ETA 2732.6h
step   4210 | T=8 | loss 12.9288 | lr 3.00e-04 | grad 2.03 | 1.0k tok/s (avg 1.0k) | cert 0.45→0.53 | ticks [5.094 4.750 4.844 4.906 5.000 5.156 5.188 4.906] | Δticks -0.188 | pc 0.073 (Δ-0.061) | gate 0.498 | |M| 4.4443 | dist 8.530 | ETA 2733.0h
step   4220 | T=8 | loss 9.0511 | lr 3.00e-04 | grad 2.03 | 1.4k tok/s (avg 1.0k) | cert 0.24→0.48 | ticks [6.719 5.750 5.719 5.656 5.688 5.812 5.875 5.719] | Δticks -1.000 | pc 0.092 (Δ-0.081) | gate 0.498 | |M| 3.0129 | dist 3.729 | ETA 2731.4h
step   4230 | T=8 | loss 10.2323 | lr 3.00e-04 | grad 2.42 | 1.0k tok/s (avg 1.0k) | cert 0.23→0.52 | ticks [6.656 5.594 5.531 5.625 5.719 5.812 5.781 5.594] | Δticks -1.062 | pc 0.075 (Δ-0.053) | gate 0.498 | |M| 3.1389 | dist 4.986 | ETA 2731.7h
step   4240 | T=8 | loss 8.7634 | lr 3.00e-04 | grad 1.84 | 1.0k tok/s (avg 1.0k) | cert 0.20→0.54 | ticks [6.938 5.906 5.938 5.938 5.906 5.938 5.938 5.969] | Δticks -0.969 | pc 0.075 (Δ-0.043) | gate 0.498 | |M| 3.4494 | dist 3.321 | ETA 2732.1h
step   4250 | T=8 | loss 8.9688 | lr 3.00e-04 | grad 1.84 | 1.4k tok/s (avg 1.0k) | cert 0.24→0.53 | ticks [7.250 6.312 6.250 6.281 6.312 6.344 6.250 6.219] | Δticks -1.031 | pc 0.099 (Δ-0.083) | gate 0.498 | |M| 2.7708 | dist 3.070 | ETA 2730.5h
step   4260 | T=8 | loss 9.1814 | lr 3.00e-04 | grad 1.81 | 1.0k tok/s (avg 1.0k) | cert 0.41→0.61 | ticks [5.156 4.250 4.250 4.219 4.281 4.438 4.375 4.188] | Δticks -0.969 | pc 0.094 (Δ-0.100) | gate 0.498 | |M| 4.2041 | dist 5.344 | ETA 2730.8h
step   4270 | T=8 | loss 11.5205 | lr 3.00e-04 | grad 1.81 | 1.4k tok/s (avg 1.0k) | cert 0.22→0.51 | ticks [7.156 6.219 6.219 6.250 6.281 6.344 6.250 6.219] | Δticks -0.938 | pc 0.100 (Δ-0.085) | gate 0.498 | |M| 2.9215 | dist 5.681 | ETA 2729.3h
step   4280 | T=8 | loss 10.7866 | lr 3.00e-04 | grad 2.98 | 1.0k tok/s (avg 1.0k) | cert 0.25→0.51 | ticks [7.156 6.094 6.031 6.125 6.094 6.062 6.000 5.969] | Δticks -1.188 | pc 0.062 (Δ-0.057) | gate 0.498 | |M| 3.0592 | dist 5.029 | ETA 2729.6h
step   4290 | T=8 | loss 8.6956 | lr 3.00e-04 | grad 2.28 | 1.0k tok/s (avg 1.0k) | cert 0.30→0.49 | ticks [6.469 5.688 5.656 5.625 5.656 5.719 5.719 5.562] | Δticks -0.906 | pc 0.066 (Δ-0.054) | gate 0.498 | |M| 3.4370 | dist 3.470 | ETA 2730.0h
step   4300 | T=8 | loss 10.9095 | lr 3.00e-04 | grad 2.28 | 1.4k tok/s (avg 1.0k) | cert 0.39→0.53 | ticks [5.625 4.875 4.938 5.031 5.031 5.094 5.000 4.844] | Δticks -0.781 | pc 0.071 (Δ-0.065) | gate 0.498 | |M| 3.5218 | dist 6.327 | ETA 2728.4h
step   4310 | T=8 | loss 8.7553 | lr 3.00e-04 | grad 3.03 | 1.0k tok/s (avg 1.0k) | cert 0.36→0.49 | ticks [6.219 5.375 5.344 5.375 5.406 5.531 5.562 5.406] | Δticks -0.812 | pc 0.065 (Δ-0.054) | gate 0.498 | |M| 3.6076 | dist 3.801 | ETA 2728.7h
step   4320 | T=8 | loss 9.9160 | lr 3.00e-04 | grad 2.55 | 1.0k tok/s (avg 1.0k) | cert 0.18→0.45 | ticks [7.375 6.250 6.156 6.156 6.188 6.250 6.250 6.125] | Δticks -1.250 | pc 0.077 (Δ-0.038) | gate 0.498 | |M| 3.7322 | dist 4.132 | ETA 2729.1h
step   4330 | T=8 | loss 13.2166 | lr 3.00e-04 | grad 2.55 | 1.4k tok/s (avg 1.0k) | cert 0.49→0.58 | ticks [4.719 4.031 4.062 4.125 4.156 4.188 4.250 4.062] | Δticks -0.656 | pc 0.081 (Δ-0.065) | gate 0.498 | |M| 3.9967 | dist 9.453 | ETA 2727.5h
step   4340 | T=8 | loss 9.1234 | lr 3.00e-04 | grad 3.45 | 1.0k tok/s (avg 1.0k) | cert 0.31→0.52 | ticks [5.906 4.875 4.938 4.969 4.969 5.000 4.969 4.875] | Δticks -1.031 | pc 0.066 (Δ-0.040) | gate 0.498 | |M| 3.6588 | dist 4.576 | ETA 2727.9h
step   4350 | T=8 | loss 10.0014 | lr 3.00e-04 | grad 3.45 | 1.4k tok/s (avg 1.0k) | cert 0.28→0.50 | ticks [6.531 5.281 5.281 5.406 5.469 5.594 5.594 5.406] | Δticks -1.125 | pc 0.074 (Δ-0.054) | gate 0.498 | |M| 3.1186 | dist 5.107 | ETA 2726.4h
step   4360 | T=8 | loss 9.3264 | lr 3.00e-04 | grad 3.17 | 1.0k tok/s (avg 1.0k) | cert 0.23→0.47 | ticks [7.156 6.156 6.062 6.062 6.125 6.188 6.188 6.062] | Δticks -1.094 | pc 0.062 (Δ-0.028) | gate 0.498 | |M| 3.3698 | dist 3.665 | ETA 2726.7h
step   4370 | T=8 | loss 10.5189 | lr 3.00e-04 | grad 1.91 | 1.0k tok/s (avg 1.0k) | cert 0.27→0.50 | ticks [6.938 6.125 6.062 6.031 6.125 6.219 6.281 6.188] | Δticks -0.750 | pc 0.067 (Δ-0.059) | gate 0.498 | |M| 3.1996 | dist 4.754 | ETA 2727.1h
step   4380 | T=8 | loss 9.5458 | lr 3.00e-04 | grad 1.91 | 1.4k tok/s (avg 1.0k) | cert 0.37→0.64 | ticks [5.469 4.656 4.688 4.781 4.844 4.875 4.781 4.688] | Δticks -0.781 | pc 0.075 (Δ-0.073) | gate 0.498 | |M| 4.5172 | dist 5.406 | ETA 2725.6h
step   4390 | T=8 | loss 9.7261 | lr 3.00e-04 | grad 1.76 | 1.0k tok/s (avg 1.0k) | cert 0.31→0.58 | ticks [8.062 6.688 6.719 6.906 6.969 7.031 6.969 6.969] | Δticks -1.094 | pc 0.113 (Δ-0.105) | gate 0.498 | |M| 3.2222 | dist 3.209 | ETA 2725.9h
step   4400 | T=8 | loss 8.4724 | lr 3.00e-04 | grad 2.41 | 1.0k tok/s (avg 1.0k) | cert 0.24→0.51 | ticks [6.688 5.719 5.625 5.656 5.688 5.781 5.781 5.625] | Δticks -1.062 | pc 0.065 (Δ-0.034) | gate 0.498 | |M| 3.5487 | dist 3.239 | ETA 2726.3h
step   4410 | T=8 | loss 10.1419 | lr 3.00e-04 | grad 2.41 | 1.4k tok/s (avg 1.0k) | cert 0.25→0.52 | ticks [7.156 5.969 5.844 5.812 5.875 5.938 5.938 5.844] | Δticks -1.312 | pc 0.072 (Δ-0.055) | gate 0.498 | |M| 3.8414 | dist 4.668 | ETA 2724.7h
step   4420 | T=8 | loss 9.0240 | lr 3.00e-04 | grad 1.95 | 1.0k tok/s (avg 1.0k) | cert 0.29→0.56 | ticks [6.188 5.062 5.219 5.312 5.281 5.250 5.219 5.125] | Δticks -1.062 | pc 0.072 (Δ-0.047) | gate 0.498 | |M| 3.7800 | dist 4.349 | ETA 2725.1h
step   4430 | T=8 | loss 16.0076 | lr 3.00e-04 | grad 1.95 | 1.4k tok/s (avg 1.0k) | cert 0.23→0.46 | ticks [7.219 6.531 6.500 6.562 6.594 6.625 6.625 6.562] | Δticks -0.656 | pc 0.073 (Δ-0.062) | gate 0.498 | |M| 3.2764 | dist 9.805 | ETA 2723.6h
step   4440 | T=8 | loss 8.1629 | lr 3.00e-04 | grad 1.88 | 1.0k tok/s (avg 1.0k) | cert 0.45→0.63 | ticks [4.938 4.406 4.406 4.375 4.281 4.281 4.250 4.125] | Δticks -0.812 | pc 0.069 (Δ-0.068) | gate 0.498 | |M| 5.4880 | dist 4.404 | ETA 2723.9h
step   4450 | T=8 | loss 8.6253 | lr 3.00e-04 | grad 2.05 | 1.0k tok/s (avg 1.0k) | cert 0.33→0.54 | ticks [6.594 5.625 5.531 5.562 5.625 5.656 5.656 5.531] | Δticks -1.062 | pc 0.077 (Δ-0.050) | gate 0.497 | |M| 3.1873 | dist 3.434 | ETA 2724.3h
step   4460 | T=8 | loss 9.2810 | lr 3.00e-04 | grad 2.05 | 1.4k tok/s (avg 1.0k) | cert 0.29→0.52 | ticks [6.156 5.250 5.188 5.281 5.375 5.469 5.406 5.281] | Δticks -0.875 | pc 0.072 (Δ-0.044) | gate 0.497 | |M| 3.1741 | dist 4.387 | ETA 2722.8h
step   4470 | T=8 | loss 9.2443 | lr 3.00e-04 | grad 2.03 | 1.0k tok/s (avg 1.0k) | cert 0.23→0.50 | ticks [7.062 5.906 5.875 5.844 5.906 5.938 5.938 5.781] | Δticks -1.281 | pc 0.085 (Δ-0.047) | gate 0.497 | |M| 3.0408 | dist 3.809 | ETA 2723.2h
step   4480 | T=8 | loss 6.4422 | lr 3.00e-04 | grad 2.44 | 1.0k tok/s (avg 1.0k) | cert 0.22→0.55 | ticks [5.656 4.312 4.250 4.219 4.156 4.188 4.281 4.250] | Δticks -1.406 | pc 0.077 (Δ-0.039) | gate 0.498 | |M| 3.6709 | dist 2.664 | ETA 2723.6h
step   4490 | T=8 | loss 7.5870 | lr 3.00e-04 | grad 2.44 | 1.4k tok/s (avg 1.0k) | cert 0.35→0.61 | ticks [5.250 4.406 4.406 4.375 4.438 4.500 4.531 4.344] | Δticks -0.906 | pc 0.063 (Δ-0.064) | gate 0.498 | |M| 5.0943 | dist 3.658 | ETA 2722.1h
step   4500 | T=8 | loss 10.4061 | lr 3.00e-04 | grad 1.98 | 1.0k tok/s (avg 1.0k) | cert 0.25→0.52 | ticks [8.000 6.969 7.094 7.125 7.125 7.062 7.062 7.094] | Δticks -0.906 | pc 0.156 (Δ-0.085) | gate 0.498 | |M| 3.1201 | dist 3.776 | ETA 2722.5h
step   4510 | T=8 | loss 19.1666 | lr 3.00e-04 | grad 1.98 | 1.4k tok/s (avg 1.0k) | cert 0.25→0.43 | ticks [6.969 6.500 6.562 6.531 6.500 6.500 6.500 6.531] | Δticks -0.438 | pc 0.077 (Δ-0.064) | gate 0.498 | |M| 3.3933 | dist 13.035 | ETA 2721.0h
step   4520 | T=8 | loss 10.5292 | lr 3.00e-04 | grad 1.93 | 1.0k tok/s (avg 1.0k) | cert 0.32→0.53 | ticks [5.875 5.094 5.031 5.062 5.062 5.094 5.062 5.031] | Δticks -0.844 | pc 0.067 (Δ-0.033) | gate 0.497 | |M| 3.8871 | dist 5.805 | ETA 2721.3h
step   4530 | T=8 | loss 10.4672 | lr 3.00e-04 | grad 2.19 | 1.0k tok/s (avg 1.0k) | cert 0.32→0.53 | ticks [6.219 5.531 5.562 5.656 5.656 5.688 5.625 5.562] | Δticks -0.656 | pc 0.067 (Δ-0.041) | gate 0.498 | |M| 3.7138 | dist 5.239 | ETA 2721.7h
step   4540 | T=8 | loss 9.1681 | lr 3.00e-04 | grad 2.19 | 1.4k tok/s (avg 1.0k) | cert 0.25→0.56 | ticks [6.594 5.594 5.500 5.438 5.469 5.625 5.688 5.531] | Δticks -1.062 | pc 0.101 (Δ-0.058) | gate 0.498 | |M| 4.8740 | dist 4.072 | ETA 2720.2h
step   4550 | T=8 | loss 12.4704 | lr 3.00e-04 | grad 2.16 | 1.0k tok/s (avg 1.0k) | cert 0.23→0.52 | ticks [7.000 6.188 6.250 6.312 6.344 6.375 6.250 6.094] | Δticks -0.906 | pc 0.085 (Δ-0.043) | gate 0.498 | |M| 2.9974 | dist 6.715 | ETA 2720.6h
step   4560 | T=8 | loss 11.8785 | lr 3.00e-04 | grad 2.03 | 1.0k tok/s (avg 1.0k) | cert 0.51→0.63 | ticks [5.594 4.625 4.656 4.656 4.656 4.688 4.688 4.500] | Δticks -1.094 | pc 0.088 (Δ-0.062) | gate 0.498 | |M| 4.3907 | dist 7.728 | ETA 2721.0h
step   4570 | T=8 | loss 10.9047 | lr 3.00e-04 | grad 2.03 | 1.4k tok/s (avg 1.0k) | cert 0.27→0.52 | ticks [7.344 6.531 6.562 6.562 6.531 6.469 6.406 6.438] | Δticks -0.906 | pc 0.083 (Δ-0.040) | gate 0.498 | |M| 2.6283 | dist 4.758 | ETA 2719.5h
step   4580 | T=8 | loss 10.6537 | lr 3.00e-04 | grad 2.06 | 1.0k tok/s (avg 1.0k) | cert 0.23→0.55 | ticks [6.281 4.875 4.812 4.906 5.000 5.094 5.000 4.781] | Δticks -1.500 | pc 0.082 (Δ-0.050) | gate 0.498 | |M| 4.0307 | dist 6.252 | ETA 2719.9h
step   4590 | T=8 | loss 9.1178 | lr 3.00e-04 | grad 2.06 | 1.4k tok/s (avg 1.0k) | cert 0.30→0.59 | ticks [5.531 4.500 4.406 4.312 4.281 4.312 4.375 4.281] | Δticks -1.250 | pc 0.063 (Δ-0.040) | gate 0.498 | |M| 6.1000 | dist 5.192 | ETA 2718.4h
step   4600 | T=8 | loss 7.1932 | lr 3.00e-04 | grad 2.36 | 1.0k tok/s (avg 1.0k) | cert 0.13→0.52 | ticks [6.719 5.094 4.938 4.906 4.875 4.875 4.906 4.844] | Δticks -1.875 | pc 0.070 (Δ-0.029) | gate 0.498 | |M| 3.7520 | dist 2.845 | ETA 2718.8h
step   4610 | T=8 | loss 11.8442 | lr 3.00e-04 | grad 1.92 | 1.0k tok/s (avg 1.0k) | cert 0.57→0.68 | ticks [4.656 3.844 4.062 4.219 4.312 4.281 4.219 4.062] | Δticks -0.594 | pc 0.079 (Δ-0.037) | gate 0.498 | |M| 6.3524 | dist 8.318 | ETA 2719.1h
step   4620 | T=8 | loss 12.2679 | lr 3.00e-04 | grad 1.92 | 1.4k tok/s (avg 1.0k) | cert 0.52→0.67 | ticks [4.969 4.094 4.125 4.125 4.219 4.312 4.406 4.219] | Δticks -0.750 | pc 0.082 (Δ-0.040) | gate 0.498 | |M| 6.8204 | dist 8.609 | ETA 2717.7h
step   4630 | T=8 | loss 10.0059 | lr 3.00e-04 | grad 1.67 | 1.0k tok/s (avg 1.0k) | cert 0.38→0.60 | ticks [5.750 5.125 5.062 5.094 5.125 5.188 5.125 4.969] | Δticks -0.781 | pc 0.083 (Δ-0.043) | gate 0.498 | |M| 4.9865 | dist 5.385 | ETA 2718.1h
step   4640 | T=8 | loss 8.9321 | lr 3.00e-04 | grad 2.84 | 1.0k tok/s (avg 1.0k) | cert 0.29→0.51 | ticks [6.938 6.469 6.531 6.531 6.594 6.531 6.500 6.500] | Δticks -0.438 | pc 0.073 (Δ-0.047) | gate 0.498 | |M| 3.9866 | dist 2.910 | ETA 2718.4h
step   4650 | T=8 | loss 11.7396 | lr 3.00e-04 | grad 2.84 | 1.4k tok/s (avg 1.0k) | cert 0.19→0.47 | ticks [7.625 7.188 7.250 7.312 7.375 7.438 7.250 7.219] | Δticks -0.406 | pc 0.092 (Δ-0.060) | gate 0.498 | |M| 3.3976 | dist 4.958 | ETA 2717.0h
step   4660 | T=8 | loss 9.3391 | lr 3.00e-04 | grad 1.91 | 1.0k tok/s (avg 1.0k) | cert 0.38→0.63 | ticks [5.812 4.656 4.656 4.719 4.750 4.812 4.656 4.500] | Δticks -1.312 | pc 0.101 (Δ-0.066) | gate 0.497 | |M| 5.4595 | dist 5.232 | ETA 2717.4h
step   4670 | T=8 | loss 10.1963 | lr 3.00e-04 | grad 1.91 | 1.4k tok/s (avg 1.0k) | cert 0.33→0.54 | ticks [5.875 5.000 5.000 5.156 5.250 5.281 5.156 5.000] | Δticks -0.875 | pc 0.061 (Δ-0.041) | gate 0.497 | |M| 3.9848 | dist 5.488 | ETA 2715.9h
step   4680 | T=8 | loss 11.0123 | lr 3.00e-04 | grad 2.62 | 1.0k tok/s (avg 1.0k) | cert 0.24→0.57 | ticks [6.750 5.562 5.500 5.531 5.531 5.500 5.469 5.344] | Δticks -1.406 | pc 0.100 (Δ-0.053) | gate 0.497 | |M| 5.0883 | dist 5.961 | ETA 2716.3h
step   4690 | T=8 | loss 8.9451 | lr 3.00e-04 | grad 2.41 | 1.0k tok/s (avg 1.0k) | cert 0.34→0.51 | ticks [6.375 5.781 5.812 5.844 5.875 5.906 5.844 5.656] | Δticks -0.719 | pc 0.059 (Δ-0.039) | gate 0.497 | |M| 3.2643 | dist 3.568 | ETA 2716.6h
step   4700 | T=8 | loss 11.4321 | lr 3.00e-04 | grad 2.41 | 1.4k tok/s (avg 1.0k) | cert 0.32→0.55 | ticks [6.719 5.969 6.000 6.031 6.062 6.094 6.062 5.969] | Δticks -0.750 | pc 0.090 (Δ-0.042) | gate 0.497 | |M| 3.9833 | dist 5.815 | ETA 2715.2h
step   4710 | T=8 | loss 7.3864 | lr 3.00e-04 | grad 2.69 | 1.0k tok/s (avg 1.0k) | cert 0.37→0.63 | ticks [5.219 4.219 4.188 4.125 4.125 4.250 4.375 4.219] | Δticks -1.000 | pc 0.076 (Δ-0.048) | gate 0.497 | |M| 5.4692 | dist 3.702 | ETA 2715.6h
step   4720 | T=8 | loss 8.0856 | lr 3.00e-04 | grad 1.92 | 1.0k tok/s (avg 1.0k) | cert 0.30→0.59 | ticks [5.812 4.594 4.750 4.812 4.844 4.906 4.938 4.812] | Δticks -1.000 | pc 0.104 (Δ-0.074) | gate 0.497 | |M| 5.0629 | dist 3.756 | ETA 2716.0h
step   4730 | T=8 | loss 11.0235 | lr 3.00e-04 | grad 1.92 | 1.4k tok/s (avg 1.0k) | cert 0.39→0.55 | ticks [5.469 4.906 5.125 5.188 5.156 5.188 5.156 5.094] | Δticks -0.375 | pc 0.086 (Δ-0.064) | gate 0.497 | |M| 4.2573 | dist 6.488 | ETA 2714.6h
step   4740 | T=8 | loss 8.4455 | lr 3.00e-04 | grad 2.94 | 1.0k tok/s (avg 1.0k) | cert 0.29→0.62 | ticks [5.344 4.188 4.188 4.094 4.062 4.125 4.156 4.031] | Δticks -1.312 | pc 0.085 (Δ-0.065) | gate 0.497 | |M| 5.2926 | dist 4.825 | ETA 2714.9h
step   4750 | T=8 | loss 12.6318 | lr 3.00e-04 | grad 2.94 | 1.4k tok/s (avg 1.0k) | cert 0.44→0.62 | ticks [5.688 4.719 4.750 4.938 4.969 4.906 4.781 4.656] | Δticks -1.031 | pc 0.095 (Δ-0.079) | gate 0.497 | |M| 4.6631 | dist 8.283 | ETA 2713.5h
step   4760 | T=8 | loss 9.9368 | lr 3.00e-04 | grad 2.77 | 1.0k tok/s (avg 1.0k) | cert 0.44→0.60 | ticks [6.312 5.594 5.562 5.625 5.656 5.656 5.625 5.500] | Δticks -0.812 | pc 0.081 (Δ-0.045) | gate 0.497 | |M| 4.6466 | dist 4.743 | ETA 2713.9h
step   4770 | T=8 | loss 13.4043 | lr 3.00e-04 | grad 1.54 | 1.0k tok/s (avg 1.0k) | cert 0.31→0.46 | ticks [6.469 6.000 5.938 5.969 6.000 6.031 6.000 5.875] | Δticks -0.594 | pc 0.063 (Δ-0.041) | gate 0.497 | |M| 4.1884 | dist 7.844 | ETA 2714.2h
step   4780 | T=8 | loss 8.5536 | lr 3.00e-04 | grad 1.54 | 1.4k tok/s (avg 1.0k) | cert 0.23→0.48 | ticks [6.969 5.969 5.875 6.000 6.062 6.094 6.031 5.844] | Δticks -1.125 | pc 0.068 (Δ-0.055) | gate 0.497 | |M| 3.7750 | dist 3.082 | ETA 2712.8h
step   4790 | T=8 | loss 8.7838 | lr 3.00e-04 | grad 1.91 | 1.0k tok/s (avg 1.0k) | cert 0.23→0.49 | ticks [6.781 5.719 5.625 5.656 5.719 5.812 5.844 5.656] | Δticks -1.125 | pc 0.059 (Δ-0.045) | gate 0.497 | |M| 3.3729 | dist 3.527 | ETA 2713.2h
step   4800 | T=8 | loss 7.6402 | lr 3.00e-04 | grad 1.81 | 1.0k tok/s (avg 1.0k) | cert 0.44→0.65 | ticks [4.656 3.922 3.922 3.969 4.062 4.094 4.094 3.844] | Δticks -0.812 | pc 0.059 (Δ-0.038) | gate 0.497 | |M| 6.1225 | dist 4.258 | ETA 2713.7h
step   4810 | T=8 | loss 9.3187 | lr 3.00e-04 | grad 1.81 | 1.4k tok/s (avg 1.0k) | cert 0.38→0.58 | ticks [5.000 4.188 4.219 4.281 4.312 4.438 4.500 4.312] | Δticks -0.688 | pc 0.054 (Δ-0.043) | gate 0.497 | |M| 4.1938 | dist 5.472 | ETA 2712.3h
step   4820 | T=8 | loss 9.1195 | lr 3.00e-04 | grad 1.92 | 1.0k tok/s (avg 1.0k) | cert 0.37→0.66 | ticks [4.875 4.031 4.062 4.000 4.062 4.125 4.094 3.953] | Δticks -0.922 | pc 0.073 (Δ-0.059) | gate 0.497 | |M| 5.3126 | dist 5.622 | ETA 2712.6h
step   4830 | T=8 | loss 9.2607 | lr 3.00e-04 | grad 1.92 | 1.4k tok/s (avg 1.0k) | cert 0.39→0.66 | ticks [5.656 4.656 4.656 4.562 4.531 4.594 4.656 4.562] | Δticks -1.094 | pc 0.073 (Δ-0.049) | gate 0.497 | |M| 6.5154 | dist 5.127 | ETA 2711.2h
step   4840 | T=8 | loss 7.0661 | lr 3.00e-04 | grad 1.94 | 1.0k tok/s (avg 1.0k) | cert 0.42→0.66 | ticks [4.938 4.219 4.344 4.156 4.062 4.094 4.094 4.031] | Δticks -0.906 | pc 0.081 (Δ-0.055) | gate 0.497 | |M| 5.9982 | dist 3.507 | ETA 2711.6h
step   4850 | T=8 | loss 10.1331 | lr 3.00e-04 | grad 1.88 | 1.0k tok/s (avg 1.0k) | cert 0.32→0.54 | ticks [6.125 5.469 5.469 5.469 5.500 5.531 5.438 5.406] | Δticks -0.719 | pc 0.062 (Δ-0.033) | gate 0.497 | |M| 3.4944 | dist 5.046 | ETA 2712.0h
step   4860 | T=8 | loss 10.1739 | lr 3.00e-04 | grad 1.88 | 1.4k tok/s (avg 1.0k) | cert 0.34→0.53 | ticks [6.031 5.281 5.312 5.406 5.438 5.500 5.375 5.250] | Δticks -0.781 | pc 0.076 (Δ-0.037) | gate 0.497 | |M| 3.9878 | dist 5.299 | ETA 2710.6h
step   4870 | T=8 | loss 9.7177 | lr 3.00e-04 | grad 1.83 | 1.0k tok/s (avg 1.0k) | cert 0.26→0.50 | ticks [6.688 5.875 5.906 6.031 6.094 6.094 5.938 5.750] | Δticks -0.938 | pc 0.069 (Δ-0.037) | gate 0.497 | |M| 3.4072 | dist 4.344 | ETA 2711.0h
step   4880 | T=8 | loss 9.3524 | lr 3.00e-04 | grad 2.17 | 1.0k tok/s (avg 1.0k) | cert 0.15→0.54 | ticks [7.719 6.281 6.250 6.344 6.406 6.375 6.312 6.188] | Δticks -1.531 | pc 0.090 (Δ-0.054) | gate 0.497 | |M| 3.6749 | dist 3.556 | ETA 2711.4h
step   4890 | T=8 | loss 9.5347 | lr 3.00e-04 | grad 2.17 | 1.4k tok/s (avg 1.0k) | cert 0.36→0.60 | ticks [5.562 4.688 4.719 4.781 4.781 4.844 4.812 4.531] | Δticks -1.031 | pc 0.077 (Δ-0.037) | gate 0.497 | |M| 5.8704 | dist 5.439 | ETA 2710.0h
step   4900 | T=8 | loss 9.4582 | lr 3.00e-04 | grad 1.79 | 1.0k tok/s (avg 1.0k) | cert 0.35→0.56 | ticks [5.781 5.125 5.156 5.281 5.312 5.281 5.250 5.156] | Δticks -0.625 | pc 0.058 (Δ-0.023) | gate 0.497 | |M| 5.2427 | dist 4.673 | ETA 2710.4h
step   4910 | T=8 | loss 7.0154 | lr 3.00e-04 | grad 1.79 | 1.4k tok/s (avg 1.0k) | cert 0.33→0.62 | ticks [5.375 4.375 4.375 4.250 4.156 4.219 4.375 4.219] | Δticks -1.156 | pc 0.067 (Δ-0.032) | gate 0.497 | |M| 6.3643 | dist 3.353 | ETA 2709.1h
step   4920 | T=8 | loss 8.5428 | lr 3.00e-04 | grad 1.63 | 1.0k tok/s (avg 1.0k) | cert 0.41→0.65 | ticks [5.188 4.250 4.344 4.344 4.312 4.250 4.406 4.281] | Δticks -0.906 | pc 0.063 (Δ-0.029) | gate 0.497 | |M| 6.1486 | dist 4.712 | ETA 2709.5h
step   4930 | T=8 | loss 10.5499 | lr 3.00e-04 | grad 1.62 | 1.0k tok/s (avg 1.0k) | cert 0.29→0.52 | ticks [6.406 5.656 5.719 5.781 5.750 5.750 5.750 5.719] | Δticks -0.688 | pc 0.067 (Δ-0.039) | gate 0.497 | |M| 4.6458 | dist 5.243 | ETA 2709.8h
step   4940 | T=8 | loss 9.8368 | lr 3.00e-04 | grad 1.62 | 1.4k tok/s (avg 1.0k) | cert 0.26→0.52 | ticks [6.688 5.688 5.750 5.719 5.688 5.688 5.625 5.594] | Δticks -1.094 | pc 0.079 (Δ-0.058) | gate 0.497 | |M| 4.2067 | dist 4.603 | ETA 2708.5h
step   4950 | T=8 | loss 10.8538 | lr 3.00e-04 | grad 1.88 | 1.0k tok/s (avg 1.0k) | cert 0.47→0.58 | ticks [5.562 5.031 5.094 5.156 5.188 5.188 5.125 5.000] | Δticks -0.562 | pc 0.072 (Δ-0.059) | gate 0.497 | |M| 4.5660 | dist 6.203 | ETA 2708.9h
step   4960 | T=8 | loss 11.8789 | lr 3.00e-04 | grad 1.71 | 1.0k tok/s (avg 1.0k) | cert 0.41→0.58 | ticks [6.531 5.656 5.562 5.500 5.562 5.656 5.688 5.562] | Δticks -0.969 | pc 0.074 (Δ-0.081) | gate 0.497 | |M| 4.4106 | dist 6.520 | ETA 2709.3h
step   4970 | T=8 | loss 12.5640 | lr 3.00e-04 | grad 1.71 | 1.4k tok/s (avg 1.0k) | cert 0.56→0.62 | ticks [4.062 3.641 3.672 3.719 3.750 3.938 4.000 3.734] | Δticks -0.328 | pc 0.068 (Δ-0.047) | gate 0.497 | |M| 5.6341 | dist 9.323 | ETA 2707.9h
step   4980 | T=8 | loss 8.5302 | lr 3.00e-04 | grad 2.02 | 1.0k tok/s (avg 1.0k) | cert 0.45→0.62 | ticks [4.656 3.969 4.000 4.031 4.031 4.031 4.062 3.969] | Δticks -0.688 | pc 0.058 (Δ-0.038) | gate 0.497 | |M| 6.4226 | dist 5.077 | ETA 2708.3h
step   4990 | T=8 | loss 9.2691 | lr 3.00e-04 | grad 2.02 | 1.4k tok/s (avg 1.1k) | cert 0.23→0.49 | ticks [6.562 5.719 5.750 5.875 5.844 5.844 5.812 5.688] | Δticks -0.875 | pc 0.063 (Δ-0.051) | gate 0.497 | |M| 4.7667 | dist 3.930 | ETA 2706.9h
step   5000 | T=8 | loss 6.7374 | lr 3.00e-04 | grad 1.62 | 1.0k tok/s (avg 1.1k) | cert 0.40→0.65 | ticks [4.406 3.609 3.594 3.562 3.594 3.703 3.656 3.438] | Δticks -0.969 | pc 0.064 (Δ-0.042) | gate 0.497 | |M| 6.6821 | dist 3.707 | ETA 2707.3h
[CachedTeacherDataset/eval] 9 shards (of 199 total) under teacher_cache/phase1 | seq_len=512 top_k=128
  >>> val @ step 5000:
  T=8 | CE=4.8669 | PPL=129.92 | top1=20.3% | top5=37.2% | (25600 tok)
  Saved checkpoint at step 5000
step   5010 | T=8 | loss 10.7683 | lr 3.00e-04 | grad 1.70 | 0.4k tok/s (avg 1.0k) | cert 0.34→0.57 | ticks [5.906 5.156 5.125 5.188 5.219 5.250 5.156 5.062] | Δticks -0.844 | pc 0.059 (Δ-0.038) | gate 0.497 | |M| 3.8235 | dist 6.018 | ETA 2716.4h
step   5020 | T=8 | loss 8.9195 | lr 3.00e-04 | grad 1.70 | 1.4k tok/s (avg 1.0k) | cert 0.26→0.53 | ticks [6.969 6.156 6.125 6.250 6.250 6.188 6.031 6.031] | Δticks -0.938 | pc 0.076 (Δ-0.026) | gate 0.497 | |M| 3.7466 | dist 3.265 | ETA 2715.0h
step   5030 | T=8 | loss 7.4710 | lr 3.00e-04 | grad 1.64 | 1.0k tok/s (avg 1.0k) | cert 0.33→0.61 | ticks [5.469 4.375 4.438 4.406 4.312 4.375 4.469 4.375] | Δticks -1.094 | pc 0.088 (Δ-0.054) | gate 0.497 | |M| 5.4524 | dist 3.618 | ETA 2715.4h
step   5040 | T=8 | loss 9.0787 | lr 3.00e-04 | grad 1.84 | 1.0k tok/s (avg 1.0k) | cert 0.46→0.60 | ticks [5.281 4.688 4.688 4.656 4.688 4.750 4.750 4.562] | Δticks -0.719 | pc 0.085 (Δ-0.054) | gate 0.497 | |M| 4.7857 | dist 4.904 | ETA 2715.8h
step   5050 | T=8 | loss 10.0435 | lr 3.00e-04 | grad 1.84 | 1.4k tok/s (avg 1.0k) | cert 0.35→0.58 | ticks [5.500 4.750 4.812 4.875 4.906 5.000 4.938 4.719] | Δticks -0.781 | pc 0.060 (Δ-0.058) | gate 0.497 | |M| 4.2287 | dist 5.622 | ETA 2714.4h
step   5060 | T=8 | loss 9.3086 | lr 3.00e-04 | grad 1.99 | 1.0k tok/s (avg 1.0k) | cert 0.54→0.61 | ticks [5.094 4.375 4.469 4.500 4.406 4.375 4.469 4.281] | Δticks -0.812 | pc 0.077 (Δ-0.055) | gate 0.497 | |M| 5.6607 | dist 5.377 | ETA 2714.8h
step   5070 | T=8 | loss 9.4146 | lr 3.00e-04 | grad 1.99 | 1.4k tok/s (avg 1.0k) | cert 0.53→0.63 | ticks [5.781 5.156 5.250 5.344 5.312 5.312 5.219 5.094] | Δticks -0.688 | pc 0.098 (Δ-0.074) | gate 0.497 | |M| 4.1097 | dist 4.660 | ETA 2713.5h
step   5080 | T=8 | loss 9.6000 | lr 3.00e-04 | grad 2.28 | 1.0k tok/s (avg 1.0k) | cert 0.42→0.62 | ticks [6.125 5.250 5.406 5.344 5.312 5.344 5.344 5.125] | Δticks -1.000 | pc 0.079 (Δ-0.033) | gate 0.497 | |M| 4.4343 | dist 4.870 | ETA 2713.9h
step   5090 | T=8 | loss 9.8963 | lr 3.00e-04 | grad 1.91 | 1.0k tok/s (avg 1.0k) | cert 0.24→0.52 | ticks [6.906 5.938 5.906 5.875 5.938 6.000 6.000 5.906] | Δticks -1.000 | pc 0.062 (Δ-0.021) | gate 0.497 | |M| 4.4448 | dist 4.397 | ETA 2714.2h
step   5100 | T=8 | loss 8.8688 | lr 3.00e-04 | grad 1.91 | 1.4k tok/s (avg 1.0k) | cert 0.15→0.52 | ticks [7.719 6.250 6.219 6.281 6.281 6.344 6.250 6.188] | Δticks -1.531 | pc 0.080 (Δ-0.027) | gate 0.497 | |M| 4.2904 | dist 3.120 | ETA 2712.9h
step   5110 | T=8 | loss 9.3329 | lr 3.00e-04 | grad 2.05 | 1.0k tok/s (avg 1.0k) | cert 0.26→0.49 | ticks [7.250 6.375 6.312 6.344 6.406 6.531 6.500 6.312] | Δticks -0.938 | pc 0.080 (Δ-0.045) | gate 0.497 | |M| 3.7852 | dist 3.461 | ETA 2713.3h
step   5120 | T=8 | loss 9.3042 | lr 3.00e-04 | grad 2.00 | 1.0k tok/s (avg 1.0k) | cert 0.38→0.62 | ticks [5.438 4.719 4.688 4.594 4.625 4.719 4.688 4.500] | Δticks -0.938 | pc 0.089 (Δ-0.074) | gate 0.497 | |M| 5.3784 | dist 5.258 | ETA 2713.7h
step   5130 | T=8 | loss 11.6557 | lr 3.00e-04 | grad 2.00 | 1.4k tok/s (avg 1.0k) | cert 0.64→0.68 | ticks [4.781 4.031 4.000 4.125 4.188 4.281 4.219 3.984] | Δticks -0.797 | pc 0.083 (Δ-0.062) | gate 0.497 | |M| 5.7569 | dist 8.073 | ETA 2712.4h
step   5140 | T=8 | loss 9.1532 | lr 3.00e-04 | grad 2.12 | 1.0k tok/s (avg 1.0k) | cert 0.32→0.61 | ticks [6.219 5.406 5.375 5.219 5.219 5.312 5.438 5.250] | Δticks -0.969 | pc 0.105 (Δ-0.082) | gate 0.497 | |M| 5.0589 | dist 4.368 | ETA 2712.7h
step   5150 | T=8 | loss 9.3390 | lr 3.00e-04 | grad 2.12 | 1.4k tok/s (avg 1.0k) | cert 0.20→0.52 | ticks [6.969 5.969 5.875 5.812 5.906 6.125 6.156 5.875] | Δticks -1.094 | pc 0.119 (Δ-0.065) | gate 0.497 | |M| 4.6452 | dist 3.897 | ETA 2711.4h
step   5160 | T=8 | loss 11.4293 | lr 3.00e-04 | grad 1.98 | 1.0k tok/s (avg 1.0k) | cert 0.32→0.61 | ticks [6.125 5.312 5.406 5.344 5.312 5.406 5.500 5.312] | Δticks -0.812 | pc 0.122 (Δ-0.094) | gate 0.497 | |M| 4.4698 | dist 6.700 | ETA 2711.8h
step   5170 | T=8 | loss 9.8460 | lr 3.00e-04 | grad 2.03 | 1.0k tok/s (avg 1.0k) | cert 0.68→0.69 | ticks [4.219 3.641 3.875 4.094 4.062 3.969 4.000 3.672] | Δticks -0.547 | pc 0.076 (Δ-0.048) | gate 0.497 | |M| 7.2208 | dist 6.614 | ETA 2712.2h
step   5180 | T=8 | loss 9.7188 | lr 3.00e-04 | grad 2.03 | 1.4k tok/s (avg 1.0k) | cert 0.27→0.61 | ticks [5.281 4.250 4.375 4.344 4.375 4.469 4.469 4.219] | Δticks -1.062 | pc 0.075 (Δ-0.039) | gate 0.497 | |M| 6.2186 | dist 5.915 | ETA 2710.9h
step   5190 | T=8 | loss 9.7417 | lr 3.00e-04 | grad 1.76 | 1.0k tok/s (avg 1.0k) | cert 0.43→0.61 | ticks [5.562 4.719 4.750 4.719 4.781 4.781 4.719 4.500] | Δticks -1.062 | pc 0.109 (Δ-0.093) | gate 0.497 | |M| 4.4670 | dist 5.526 | ETA 2711.2h
step   5200 | T=8 | loss 8.6834 | lr 3.00e-04 | grad 1.97 | 1.0k tok/s (avg 1.0k) | cert 0.25→0.58 | ticks [6.438 5.469 5.406 5.344 5.406 5.469 5.438 5.250] | Δticks -1.188 | pc 0.095 (Δ-0.046) | gate 0.497 | |M| 5.6492 | dist 3.850 | ETA 2711.6h
step   5210 | T=8 | loss 9.1608 | lr 3.00e-04 | grad 1.97 | 1.4k tok/s (avg 1.0k) | cert 0.39→0.61 | ticks [5.719 5.125 5.156 5.094 5.062 5.188 5.156 4.938] | Δticks -0.781 | pc 0.102 (Δ-0.060) | gate 0.497 | |M| 4.7221 | dist 4.669 | ETA 2710.3h
step   5220 | T=8 | loss 8.4026 | lr 3.00e-04 | grad 1.77 | 1.0k tok/s (avg 1.0k) | cert 0.22→0.52 | ticks [6.531 5.375 5.219 5.188 5.250 5.312 5.312 5.156] | Δticks -1.375 | pc 0.090 (Δ-0.049) | gate 0.497 | |M| 3.8348 | dist 3.665 | ETA 2710.7h
step   5230 | T=8 | loss 15.3832 | lr 3.00e-04 | grad 1.77 | 1.4k tok/s (avg 1.0k) | cert 0.59→0.62 | ticks [4.531 4.188 4.312 4.375 4.406 4.500 4.469 4.219] | Δticks -0.312 | pc 0.071 (Δ-0.045) | gate 0.497 | |M| 4.9770 | dist 11.464 | ETA 2709.4h
step   5240 | T=8 | loss 10.3446 | lr 3.00e-04 | grad 1.80 | 1.0k tok/s (avg 1.0k) | cert 0.55→0.68 | ticks [4.906 3.969 4.094 3.984 4.125 4.281 4.375 4.031] | Δticks -0.875 | pc 0.083 (Δ-0.047) | gate 0.497 | |M| 6.5808 | dist 6.767 | ETA 2709.7h
step   5250 | T=8 | loss 10.7828 | lr 3.00e-04 | grad 1.88 | 1.0k tok/s (avg 1.0k) | cert 0.25→0.60 | ticks [6.844 5.844 5.719 5.656 5.688 5.750 5.812 5.688] | Δticks -1.156 | pc 0.105 (Δ-0.053) | gate 0.497 | |M| 5.2183 | dist 5.605 | ETA 2710.1h
step   5260 | T=8 | loss 10.3188 | lr 3.00e-04 | grad 1.88 | 1.4k tok/s (avg 1.0k) | cert 0.39→0.63 | ticks [5.875 4.938 5.000 4.938 4.906 5.031 5.094 4.812] | Δticks -1.062 | pc 0.085 (Δ-0.075) | gate 0.497 | |M| 4.7567 | dist 5.965 | ETA 2708.8h
step   5270 | T=8 | loss 9.5265 | lr 3.00e-04 | grad 2.06 | 1.0k tok/s (avg 1.0k) | cert 0.22→0.47 | ticks [7.562 6.719 6.688 6.625 6.594 6.594 6.656 6.562] | Δticks -1.000 | pc 0.065 (Δ-0.037) | gate 0.497 | |M| 3.6365 | dist 3.378 | ETA 2709.2h
step   5280 | T=8 | loss 8.9381 | lr 3.00e-04 | grad 2.17 | 1.0k tok/s (avg 1.0k) | cert 0.25→0.52 | ticks [7.031 6.281 6.188 6.156 6.219 6.188 6.188 6.125] | Δticks -0.906 | pc 0.059 (Δ-0.034) | gate 0.497 | |M| 3.9311 | dist 3.227 | ETA 2709.5h
step   5290 | T=8 | loss 8.9039 | lr 3.00e-04 | grad 2.17 | 1.4k tok/s (avg 1.0k) | cert 0.50→0.66 | ticks [4.906 4.312 4.469 4.406 4.406 4.406 4.375 4.188] | Δticks -0.719 | pc 0.072 (Δ-0.043) | gate 0.497 | |M| 5.8698 | dist 5.119 | ETA 2708.3h
step   5300 | T=8 | loss 9.4999 | lr 3.00e-04 | grad 2.30 | 1.0k tok/s (avg 1.0k) | cert 0.34→0.62 | ticks [5.875 4.750 4.781 4.719 4.781 4.812 4.750 4.531] | Δticks -1.344 | pc 0.082 (Δ-0.085) | gate 0.497 | |M| 5.6182 | dist 5.401 | ETA 2708.6h
step   5310 | T=8 | loss 12.6893 | lr 3.00e-04 | grad 2.30 | 1.4k tok/s (avg 1.1k) | cert 0.50→0.66 | ticks [5.188 4.219 4.281 4.281 4.469 4.531 4.438 4.281] | Δticks -0.906 | pc 0.080 (Δ-0.043) | gate 0.497 | |M| 5.9990 | dist 8.905 | ETA 2707.4h
step   5320 | T=8 | loss 8.7894 | lr 3.00e-04 | grad 2.11 | 1.0k tok/s (avg 1.0k) | cert 0.30→0.57 | ticks [5.844 4.906 4.969 4.906 4.938 4.969 4.906 4.594] | Δticks -1.250 | pc 0.070 (Δ-0.047) | gate 0.497 | |M| 4.6381 | dist 4.534 | ETA 2707.7h
step   5330 | T=8 | loss 14.2322 | lr 3.00e-04 | grad 2.05 | 1.0k tok/s (avg 1.0k) | cert 0.67→0.68 | ticks [4.219 3.812 4.094 4.156 4.125 4.000 3.828 3.781] | Δticks -0.438 | pc 0.069 (Δ-0.036) | gate 0.497 | |M| 6.2273 | dist 10.858 | ETA 2708.1h
step   5340 | T=8 | loss 10.7459 | lr 3.00e-04 | grad 2.05 | 1.4k tok/s (avg 1.1k) | cert 0.38→0.60 | ticks [5.312 4.594 4.750 4.875 4.969 4.875 4.812 4.656] | Δticks -0.656 | pc 0.083 (Δ-0.047) | gate 0.497 | |M| 4.6279 | dist 6.505 | ETA 2706.8h
step   5350 | T=8 | loss 9.4916 | lr 3.00e-04 | grad 1.73 | 1.0k tok/s (avg 1.1k) | cert 0.35→0.62 | ticks [5.969 5.219 5.188 5.188 5.156 5.219 5.281 5.062] | Δticks -0.906 | pc 0.082 (Δ-0.047) | gate 0.497 | |M| 5.0775 | dist 4.923 | ETA 2707.2h
step   5360 | T=8 | loss 8.8748 | lr 3.00e-04 | grad 2.19 | 1.0k tok/s (avg 1.1k) | cert 0.27→0.51 | ticks [6.750 5.781 5.875 5.938 5.906 5.969 6.031 5.812] | Δticks -0.938 | pc 0.072 (Δ-0.047) | gate 0.497 | |M| 3.4203 | dist 3.555 | ETA 2707.5h
step   5370 | T=8 | loss 8.6544 | lr 3.00e-04 | grad 2.19 | 1.4k tok/s (avg 1.1k) | cert 0.22→0.50 | ticks [6.688 5.625 5.656 5.750 5.750 5.812 5.812 5.656] | Δticks -1.031 | pc 0.064 (Δ-0.045) | gate 0.497 | |M| 3.8454 | dist 3.394 | ETA 2706.3h
step   5380 | T=8 | loss 9.2146 | lr 3.00e-04 | grad 1.88 | 1.0k tok/s (avg 1.1k) | cert 0.26→0.56 | ticks [6.125 4.969 4.938 4.906 4.906 5.031 5.062 4.906] | Δticks -1.219 | pc 0.094 (Δ-0.055) | gate 0.497 | |M| 5.0946 | dist 4.810 | ETA 2706.6h
step   5390 | T=8 | loss 14.0119 | lr 3.00e-04 | grad 1.88 | 1.4k tok/s (avg 1.1k) | cert 0.50→0.62 | ticks [5.250 4.438 4.531 4.656 4.688 4.844 4.844 4.562] | Δticks -0.688 | pc 0.068 (Δ-0.052) | gate 0.497 | |M| 4.7841 | dist 9.916 | ETA 2705.4h
step   5400 | T=8 | loss 8.8465 | lr 3.00e-04 | grad 2.34 | 1.0k tok/s (avg 1.1k) | cert 0.30→0.60 | ticks [6.156 5.156 5.188 5.125 5.250 5.375 5.312 5.094] | Δticks -1.062 | pc 0.083 (Δ-0.070) | gate 0.497 | |M| 4.7858 | dist 4.221 | ETA 2705.7h
step   5410 | T=8 | loss 12.1754 | lr 3.00e-04 | grad 1.84 | 1.0k tok/s (avg 1.1k) | cert 0.31→0.55 | ticks [6.469 5.719 5.688 5.625 5.625 5.625 5.656 5.656] | Δticks -0.812 | pc 0.069 (Δ-0.036) | gate 0.497 | |M| 5.3591 | dist 6.907 | ETA 2706.1h
step   5420 | T=8 | loss 9.7470 | lr 3.00e-04 | grad 1.84 | 1.4k tok/s (avg 1.1k) | cert 0.35→0.61 | ticks [6.125 5.531 5.469 5.281 5.406 5.562 5.562 5.250] | Δticks -0.875 | pc 0.095 (Δ-0.055) | gate 0.497 | |M| 4.5475 | dist 4.885 | ETA 2704.9h
step   5430 | T=8 | loss 8.0765 | lr 3.00e-04 | grad 2.11 | 1.0k tok/s (avg 1.1k) | cert 0.40→0.63 | ticks [5.125 4.750 4.719 4.469 4.469 4.562 4.562 4.406] | Δticks -0.719 | pc 0.081 (Δ-0.046) | gate 0.497 | |M| 5.4779 | dist 4.111 | ETA 2705.3h
step   5440 | T=8 | loss 9.5291 | lr 3.00e-04 | grad 2.33 | 1.0k tok/s (avg 1.1k) | cert 0.47→0.56 | ticks [4.875 4.250 4.281 4.562 4.656 4.719 4.531 4.438] | Δticks -0.438 | pc 0.070 (Δ-0.013) | gate 0.497 | |M| 5.4618 | dist 5.573 | ETA 2705.6h
step   5450 | T=8 | loss 10.3957 | lr 3.00e-04 | grad 2.33 | 1.4k tok/s (avg 1.1k) | cert 0.35→0.62 | ticks [6.031 4.938 5.000 5.219 5.250 5.250 5.031 4.844] | Δticks -1.188 | pc 0.084 (Δ-0.044) | gate 0.497 | |M| 5.3362 | dist 5.981 | ETA 2704.4h
step   5460 | T=8 | loss 10.4879 | lr 3.00e-04 | grad 3.30 | 1.0k tok/s (avg 1.1k) | cert 0.50→0.60 | ticks [4.656 4.219 4.281 4.469 4.500 4.562 4.469 4.188] | Δticks -0.469 | pc 0.067 (Δ-0.022) | gate 0.497 | |M| 5.4195 | dist 6.629 | ETA 2704.7h
step   5470 | T=8 | loss 8.7654 | lr 3.00e-04 | grad 3.30 | 1.4k tok/s (avg 1.1k) | cert 0.30→0.50 | ticks [6.594 6.000 6.062 6.094 6.188 6.188 6.219 6.094] | Δticks -0.500 | pc 0.069 (Δ-0.054) | gate 0.497 | |M| 6.1840 | dist 3.141 | ETA 2703.5h
step   5480 | T=8 | loss 10.4565 | lr 3.00e-04 | grad 2.56 | 1.0k tok/s (avg 1.1k) | cert 0.23→0.43 | ticks [6.719 6.281 6.375 6.531 6.531 6.625 6.625 6.312] | Δticks -0.406 | pc 0.073 (Δ-0.028) | gate 0.497 | |M| 4.2042 | dist 4.535 | ETA 2703.9h
step   5490 | T=8 | loss 17.0232 | lr 3.00e-04 | grad 2.16 | 1.0k tok/s (avg 1.1k) | cert 0.28→0.46 | ticks [6.562 6.125 6.156 6.188 6.188 6.250 6.344 6.188] | Δticks -0.375 | pc 0.094 (Δ-0.042) | gate 0.497 | |M| 4.2734 | dist 11.276 | ETA 2704.3h
step   5500 | T=8 | loss 10.9026 | lr 3.00e-04 | grad 2.16 | 1.4k tok/s (avg 1.1k) | cert 0.25→0.51 | ticks [7.281 6.406 6.438 6.562 6.531 6.562 6.531 6.406] | Δticks -0.875 | pc 0.086 (Δ-0.023) | gate 0.497 | |M| 4.2034 | dist 4.938 | ETA 2703.0h
step   5510 | T=8 | loss 8.5072 | lr 3.00e-04 | grad 2.02 | 1.0k tok/s (avg 1.1k) | cert 0.26→0.60 | ticks [5.656 4.656 4.656 4.594 4.562 4.656 4.750 4.531] | Δticks -1.125 | pc 0.085 (Δ-0.059) | gate 0.497 | |M| 6.1905 | dist 4.449 | ETA 2703.4h
step   5520 | T=8 | loss 12.9730 | lr 3.00e-04 | grad 1.83 | 1.0k tok/s (avg 1.1k) | cert 0.29→0.56 | ticks [6.906 6.000 6.000 6.062 6.094 6.125 6.062 5.938] | Δticks -0.969 | pc 0.074 (Δ-0.064) | gate 0.497 | |M| 4.3690 | dist 7.384 | ETA 2703.8h
step   5530 | T=8 | loss 8.1746 | lr 3.00e-04 | grad 1.83 | 1.4k tok/s (avg 1.1k) | cert 0.27→0.62 | ticks [5.719 4.656 4.688 4.531 4.500 4.500 4.562 4.438] | Δticks -1.281 | pc 0.068 (Δ-0.038) | gate 0.497 | |M| 6.7834 | dist 4.182 | ETA 2702.6h
step   5540 | T=8 | loss 10.1979 | lr 3.00e-04 | grad 2.11 | 1.0k tok/s (avg 1.1k) | cert 0.48→0.64 | ticks [5.125 4.531 4.438 4.344 4.406 4.438 4.438 4.281] | Δticks -0.844 | pc 0.059 (Δ-0.043) | gate 0.497 | |M| 6.2727 | dist 6.321 | ETA 2702.9h
step   5550 | T=8 | loss 8.9245 | lr 3.00e-04 | grad 2.11 | 1.4k tok/s (avg 1.1k) | cert 0.48→0.56 | ticks [5.062 4.594 4.562 4.594 4.719 4.875 4.656 4.594] | Δticks -0.469 | pc 0.067 (Δ-0.037) | gate 0.497 | |M| 4.9415 | dist 4.697 | ETA 2701.7h
step   5560 | T=8 | loss 9.0261 | lr 3.00e-04 | grad 1.48 | 1.0k tok/s (avg 1.1k) | cert 0.30→0.58 | ticks [6.156 5.562 5.531 5.500 5.562 5.594 5.500 5.375] | Δticks -0.781 | pc 0.067 (Δ-0.028) | gate 0.497 | |M| 5.2919 | dist 4.100 | ETA 2702.1h
step   5570 | T=8 | loss 9.3628 | lr 3.00e-04 | grad 1.98 | 1.0k tok/s (avg 1.1k) | cert 0.47→0.62 | ticks [5.250 4.719 4.906 5.000 5.000 5.000 4.938 4.688] | Δticks -0.562 | pc 0.074 (Δ-0.045) | gate 0.497 | |M| 5.4025 | dist 5.110 | ETA 2702.4h
step   5580 | T=8 | loss 10.4968 | lr 3.00e-04 | grad 1.98 | 1.4k tok/s (avg 1.1k) | cert 0.67→0.68 | ticks [3.516 3.016 3.250 3.375 3.469 3.484 3.406 3.188] | Δticks -0.328 | pc 0.083 (Δ-0.056) | gate 0.497 | |M| 8.7746 | dist 7.765 | ETA 2701.2h
step   5590 | T=8 | loss 12.4615 | lr 3.00e-04 | grad 1.92 | 1.0k tok/s (avg 1.1k) | cert 0.41→0.61 | ticks [5.406 4.562 4.625 4.688 4.719 4.719 4.719 4.500] | Δticks -0.906 | pc 0.063 (Δ-0.055) | gate 0.497 | |M| 5.0401 | dist 8.340 | ETA 2701.6h
step   5600 | T=8 | loss 8.9546 | lr 3.00e-04 | grad 2.34 | 1.0k tok/s (avg 1.1k) | cert 0.50→0.70 | ticks [4.312 3.438 3.656 3.719 3.609 3.547 3.672 3.438] | Δticks -0.875 | pc 0.074 (Δ-0.047) | gate 0.497 | |M| 6.4445 | dist 6.009 | ETA 2701.9h
step   5610 | T=8 | loss 8.9485 | lr 3.00e-04 | grad 2.34 | 1.4k tok/s (avg 1.1k) | cert 0.38→0.60 | ticks [6.844 6.062 6.062 6.094 6.188 6.094 6.125 5.969] | Δticks -0.875 | pc 0.064 (Δ-0.049) | gate 0.497 | |M| 5.7413 | dist 3.403 | ETA 2700.8h
step   5620 | T=8 | loss 9.7055 | lr 3.00e-04 | grad 1.76 | 1.0k tok/s (avg 1.1k) | cert 0.47→0.64 | ticks [5.219 4.594 4.656 4.656 4.656 4.625 4.781 4.625] | Δticks -0.594 | pc 0.069 (Δ-0.047) | gate 0.497 | |M| 5.8738 | dist 5.656 | ETA 2701.1h
step   5630 | T=8 | loss 7.9150 | lr 3.00e-04 | grad 1.76 | 1.4k tok/s (avg 1.1k) | cert 0.38→0.64 | ticks [5.031 4.281 4.344 4.281 4.219 4.219 4.344 4.188] | Δticks -0.844 | pc 0.067 (Δ-0.033) | gate 0.497 | |M| 7.0072 | dist 4.225 | ETA 2699.9h
step   5640 | T=8 | loss 10.6451 | lr 3.00e-04 | grad 1.88 | 1.0k tok/s (avg 1.1k) | cert 0.51→0.64 | ticks [5.031 4.281 4.406 4.344 4.312 4.406 4.625 4.312] | Δticks -0.719 | pc 0.079 (Δ-0.057) | gate 0.497 | |M| 5.8183 | dist 6.823 | ETA 2700.3h
step   5650 | T=8 | loss 7.1393 | lr 3.00e-04 | grad 1.64 | 1.0k tok/s (avg 1.1k) | cert 0.48→0.64 | ticks [4.562 4.031 4.125 4.031 3.984 4.031 4.094 3.844] | Δticks -0.719 | pc 0.066 (Δ-0.034) | gate 0.497 | |M| 6.4065 | dist 3.697 | ETA 2700.7h
step   5660 | T=8 | loss 7.7574 | lr 3.00e-04 | grad 1.64 | 1.4k tok/s (avg 1.1k) | cert 0.46→0.65 | ticks [4.781 4.250 4.219 4.156 4.188 4.250 4.250 3.906] | Δticks -0.875 | pc 0.076 (Δ-0.055) | gate 0.497 | |M| 7.0163 | dist 4.195 | ETA 2699.5h
step   5670 | T=8 | loss 7.3424 | lr 3.00e-04 | grad 1.59 | 1.0k tok/s (avg 1.1k) | cert 0.20→0.55 | ticks [5.969 4.562 4.531 4.594 4.656 4.781 4.719 4.531] | Δticks -1.438 | pc 0.059 (Δ-0.030) | gate 0.497 | |M| 4.4858 | dist 3.227 | ETA 2699.8h
step   5680 | T=8 | loss 9.1486 | lr 3.00e-04 | grad 1.95 | 1.0k tok/s (avg 1.1k) | cert 0.50→0.58 | ticks [4.594 4.031 4.156 4.250 4.344 4.375 4.125 4.094] | Δticks -0.500 | pc 0.059 (Δ-0.036) | gate 0.497 | |M| 5.0647 | dist 5.495 | ETA 2700.2h
step   5690 | T=8 | loss 9.6078 | lr 3.00e-04 | grad 1.95 | 1.4k tok/s (avg 1.1k) | cert 0.34→0.54 | ticks [6.688 5.875 5.938 5.938 5.938 5.938 5.812 5.719] | Δticks -0.969 | pc 0.064 (Δ-0.028) | gate 0.497 | |M| 4.2150 | dist 4.244 | ETA 2699.1h
step   5700 | T=8 | loss 8.2111 | lr 3.00e-04 | grad 1.74 | 1.0k tok/s (avg 1.1k) | cert 0.33→0.62 | ticks [5.875 4.906 4.719 4.562 4.656 4.875 4.844 4.469] | Δticks -1.406 | pc 0.101 (Δ-0.044) | gate 0.497 | |M| 5.1047 | dist 4.081 | ETA 2699.4h
step   5710 | T=8 | loss 10.5992 | lr 3.00e-04 | grad 1.74 | 1.4k tok/s (avg 1.1k) | cert 0.36→0.62 | ticks [5.219 4.406 4.375 4.281 4.312 4.375 4.312 4.031] | Δticks -1.188 | pc 0.075 (Δ-0.047) | gate 0.497 | |M| 7.0188 | dist 6.874 | ETA 2698.2h
step   5720 | T=8 | loss 9.3476 | lr 3.00e-04 | grad 2.25 | 1.0k tok/s (avg 1.1k) | cert 0.33→0.60 | ticks [5.969 5.125 4.969 4.844 4.938 5.031 5.062 4.844] | Δticks -1.125 | pc 0.082 (Δ-0.065) | gate 0.497 | |M| 6.0244 | dist 5.005 | ETA 2698.6h
step   5730 | T=8 | loss 8.8447 | lr 3.00e-04 | grad 1.61 | 1.0k tok/s (avg 1.1k) | cert 0.46→0.66 | ticks [5.094 4.312 4.344 4.312 4.344 4.344 4.469 4.312] | Δticks -0.781 | pc 0.071 (Δ-0.068) | gate 0.497 | |M| 6.4958 | dist 5.109 | ETA 2698.9h
step   5740 | T=8 | loss 8.6559 | lr 3.00e-04 | grad 1.61 | 1.4k tok/s (avg 1.1k) | cert 0.39→0.58 | ticks [6.281 5.750 5.812 5.750 5.781 5.688 5.688 5.688] | Δticks -0.594 | pc 0.078 (Δ-0.045) | gate 0.497 | |M| 4.8044 | dist 3.421 | ETA 2697.8h
step   5750 | T=8 | loss 9.7955 | lr 3.00e-04 | grad 1.70 | 1.0k tok/s (avg 1.1k) | cert 0.19→0.48 | ticks [6.781 5.875 6.031 6.094 6.094 6.156 6.062 5.906] | Δticks -0.875 | pc 0.065 (Δ-0.049) | gate 0.496 | |M| 4.8281 | dist 4.229 | ETA 2698.2h
step   5760 | T=8 | loss 9.2277 | lr 3.00e-04 | grad 1.84 | 1.0k tok/s (avg 1.1k) | cert 0.34→0.56 | ticks [6.156 5.062 5.156 5.188 5.156 5.094 5.094 5.062] | Δticks -1.094 | pc 0.051 (Δ-0.043) | gate 0.496 | |M| 5.2653 | dist 4.537 | ETA 2698.5h
step   5770 | T=8 | loss 10.4054 | lr 3.00e-04 | grad 1.84 | 1.4k tok/s (avg 1.1k) | cert 0.28→0.57 | ticks [6.594 5.531 5.625 5.594 5.562 5.594 5.562 5.594] | Δticks -1.000 | pc 0.067 (Δ-0.054) | gate 0.496 | |M| 5.0709 | dist 5.376 | ETA 2697.4h
step   5780 | T=8 | loss 9.5331 | lr 3.00e-04 | grad 2.11 | 1.0k tok/s (avg 1.1k) | cert 0.32→0.62 | ticks [5.531 4.438 4.531 4.562 4.594 4.562 4.438 4.250] | Δticks -1.281 | pc 0.073 (Δ-0.061) | gate 0.496 | |M| 6.2674 | dist 5.741 | ETA 2697.7h
step   5790 | T=8 | loss 10.4160 | lr 3.00e-04 | grad 2.11 | 1.4k tok/s (avg 1.1k) | cert 0.41→0.57 | ticks [6.500 6.062 6.188 6.125 6.125 6.094 6.062 6.031] | Δticks -0.469 | pc 0.061 (Δ-0.062) | gate 0.496 | |M| 4.4156 | dist 4.822 | ETA 2696.6h
step   5800 | T=8 | loss 10.1796 | lr 3.00e-04 | grad 2.06 | 1.0k tok/s (avg 1.1k) | cert 0.27→0.51 | ticks [7.156 6.500 6.531 6.500 6.562 6.688 6.656 6.469] | Δticks -0.688 | pc 0.082 (Δ-0.027) | gate 0.496 | |M| 3.8837 | dist 4.182 | ETA 2696.9h
step   5810 | T=8 | loss 8.3157 | lr 3.00e-04 | grad 3.00 | 1.0k tok/s (avg 1.1k) | cert 0.46→0.61 | ticks [4.469 4.125 4.094 4.000 4.125 4.250 4.281 3.953] | Δticks -0.516 | pc 0.062 (Δ-0.032) | gate 0.496 | |M| 7.6499 | dist 4.793 | ETA 2697.3h
step   5820 | T=8 | loss 11.5648 | lr 3.00e-04 | grad 3.00 | 1.4k tok/s (avg 1.1k) | cert 0.54→0.62 | ticks [5.594 4.844 4.781 4.750 4.719 4.688 4.719 4.594] | Δticks -1.000 | pc 0.062 (Δ-0.031) | gate 0.496 | |M| 5.6717 | dist 7.257 | ETA 2696.2h
step   5830 | T=8 | loss 9.2229 | lr 3.00e-04 | grad 2.06 | 1.0k tok/s (avg 1.1k) | cert 0.36→0.60 | ticks [5.406 4.562 4.500 4.406 4.531 4.750 4.812 4.469] | Δticks -0.938 | pc 0.067 (Δ-0.057) | gate 0.496 | |M| 6.7513 | dist 5.227 | ETA 2696.5h
step   5840 | T=8 | loss 7.4744 | lr 3.00e-04 | grad 1.69 | 1.0k tok/s (avg 1.1k) | cert 0.33→0.61 | ticks [5.312 4.344 4.406 4.562 4.562 4.625 4.562 4.438] | Δticks -0.875 | pc 0.064 (Δ-0.034) | gate 0.496 | |M| 5.7969 | dist 3.521 | ETA 2696.8h
step   5850 | T=8 | loss 8.9400 | lr 3.00e-04 | grad 1.69 | 1.4k tok/s (avg 1.1k) | cert 0.26→0.55 | ticks [6.500 5.312 5.219 5.281 5.344 5.344 5.312 5.156] | Δticks -1.344 | pc 0.051 (Δ-0.033) | gate 0.496 | |M| 5.2536 | dist 4.090 | ETA 2695.7h
step   5860 | T=8 | loss 9.0129 | lr 3.00e-04 | grad 3.55 | 1.0k tok/s (avg 1.1k) | cert 0.24→0.55 | ticks [6.750 5.719 5.562 5.562 5.719 5.844 5.812 5.562] | Δticks -1.188 | pc 0.055 (Δ-0.032) | gate 0.496 | |M| 4.7421 | dist 3.882 | ETA 2696.2h
step   5870 | T=8 | loss 10.4587 | lr 3.00e-04 | grad 3.55 | 1.4k tok/s (avg 1.1k) | cert 0.29→0.57 | ticks [6.500 5.531 5.594 5.688 5.688 5.719 5.688 5.562] | Δticks -0.938 | pc 0.066 (Δ-0.042) | gate 0.496 | |M| 4.2062 | dist 5.338 | ETA 2695.0h
step   5880 | T=8 | loss 8.7888 | lr 3.00e-04 | grad 2.59 | 1.0k tok/s (avg 1.1k) | cert 0.49→0.60 | ticks [5.594 4.812 4.812 4.938 4.875 4.812 4.812 4.750] | Δticks -0.844 | pc 0.060 (Δ-0.030) | gate 0.496 | |M| 4.9540 | dist 4.322 | ETA 2695.4h
step   5890 | T=8 | loss 13.3839 | lr 3.00e-04 | grad 1.87 | 1.0k tok/s (avg 1.1k) | cert 0.64→0.66 | ticks [4.625 4.125 4.344 4.344 4.375 4.312 4.219 4.312] | Δticks -0.312 | pc 0.078 (Δ-0.024) | gate 0.496 | |M| 5.5392 | dist 9.751 | ETA 2695.7h
step   5900 | T=8 | loss 8.8801 | lr 3.00e-04 | grad 1.87 | 1.4k tok/s (avg 1.1k) | cert 0.36→0.55 | ticks [6.000 5.375 5.375 5.344 5.344 5.438 5.469 5.312] | Δticks -0.688 | pc 0.067 (Δ-0.018) | gate 0.496 | |M| 5.1727 | dist 4.017 | ETA 2694.6h
step   5910 | T=8 | loss 12.2017 | lr 3.00e-04 | grad 2.23 | 1.0k tok/s (avg 1.1k) | cert 0.25→0.44 | ticks [6.719 5.906 5.875 5.938 5.969 6.000 6.000 5.781] | Δticks -0.938 | pc 0.065 (Δ-0.021) | gate 0.496 | |M| 4.1069 | dist 6.774 | ETA 2695.0h
step   5920 | T=8 | loss 7.8439 | lr 3.00e-04 | grad 1.99 | 1.0k tok/s (avg 1.1k) | cert 0.35→0.62 | ticks [5.500 4.438 4.500 4.344 4.344 4.406 4.531 4.344] | Δticks -1.156 | pc 0.068 (Δ-0.035) | gate 0.496 | |M| 5.5880 | dist 3.995 | ETA 2695.3h
step   5930 | T=8 | loss 9.9497 | lr 3.00e-04 | grad 1.99 | 1.4k tok/s (avg 1.1k) | cert 0.25→0.59 | ticks [6.219 5.125 5.125 5.094 5.125 5.219 5.156 4.969] | Δticks -1.250 | pc 0.058 (Δ-0.021) | gate 0.496 | |M| 6.2154 | dist 5.426 | ETA 2694.2h
step   5940 | T=8 | loss 10.1648 | lr 3.00e-04 | grad 2.22 | 1.0k tok/s (avg 1.1k) | cert 0.54→0.66 | ticks [5.250 4.344 4.531 4.594 4.562 4.469 4.375 4.219] | Δticks -1.031 | pc 0.070 (Δ-0.026) | gate 0.496 | |M| 6.7500 | dist 6.355 | ETA 2694.6h
step   5950 | T=8 | loss 7.7451 | lr 3.00e-04 | grad 2.22 | 1.4k tok/s (avg 1.1k) | cert 0.20→0.59 | ticks [6.188 5.000 5.062 5.000 5.062 5.250 5.156 5.000] | Δticks -1.188 | pc 0.067 (Δ-0.031) | gate 0.496 | |M| 5.9506 | dist 3.359 | ETA 2693.5h
step   5960 | T=8 | loss 9.6006 | lr 3.00e-04 | grad 2.30 | 1.0k tok/s (avg 1.1k) | cert 0.41→0.62 | ticks [5.500 4.688 4.812 4.875 4.906 4.938 4.938 4.750] | Δticks -0.750 | pc 0.075 (Δ-0.044) | gate 0.496 | |M| 5.5536 | dist 5.351 | ETA 2693.8h
step   5970 | T=8 | loss 7.5131 | lr 3.00e-04 | grad 1.71 | 1.0k tok/s (avg 1.1k) | cert 0.33→0.65 | ticks [5.469 4.500 4.438 4.344 4.375 4.438 4.500 4.312] | Δticks -1.156 | pc 0.058 (Δ-0.031) | gate 0.496 | |M| 6.7578 | dist 3.681 | ETA 2694.2h
step   5980 | T=8 | loss 8.0997 | lr 3.00e-04 | grad 1.71 | 1.4k tok/s (avg 1.1k) | cert 0.44→0.69 | ticks [4.469 3.688 3.703 3.656 3.641 3.688 3.766 3.516] | Δticks -0.953 | pc 0.063 (Δ-0.045) | gate 0.496 | |M| 7.0498 | dist 5.068 | ETA 2693.1h
step   5990 | T=8 | loss 9.6099 | lr 3.00e-04 | grad 1.85 | 1.0k tok/s (avg 1.1k) | cert 0.46→0.65 | ticks [5.188 4.375 4.344 4.250 4.281 4.312 4.469 4.250] | Δticks -0.938 | pc 0.081 (Δ-0.057) | gate 0.496 | |M| 5.6542 | dist 5.829 | ETA 2693.5h
step   6000 | T=8 | loss 10.2601 | lr 3.00e-04 | grad 1.73 | 1.0k tok/s (avg 1.1k) | cert 0.71→0.70 | ticks [4.062 3.562 3.609 3.547 3.625 3.734 3.781 3.500] | Δticks -0.562 | pc 0.063 (Δ-0.038) | gate 0.496 | |M| 8.5432 | dist 7.238 | ETA 2693.8h
[CachedTeacherDataset/eval] 9 shards (of 199 total) under teacher_cache/phase1 | seq_len=512 top_k=128
  >>> val @ step 6000:
  T=8 | CE=4.7892 | PPL=120.21 | top1=20.8% | top5=39.5% | (25600 tok)
step   6010 | T=8 | loss 11.1029 | lr 3.00e-04 | grad 1.73 | 0.4k tok/s (avg 1.1k) | cert 0.45→0.57 | ticks [5.438 4.875 5.000 5.062 5.031 5.031 4.938 4.844] | Δticks -0.594 | pc 0.063 (Δ-0.040) | gate 0.496 | |M| 4.4965 | dist 6.674 | ETA 2699.8h
step   6020 | T=8 | loss 10.4183 | lr 3.00e-04 | grad 1.76 | 1.1k tok/s (avg 1.1k) | cert 0.43→0.61 | ticks [4.688 4.031 4.156 4.250 4.312 4.312 4.125 4.031] | Δticks -0.656 | pc 0.055 (Δ-0.034) | gate 0.496 | |M| 5.0469 | dist 6.787 | ETA 2699.5h
step   6030 | T=8 | loss 10.2064 | lr 3.00e-04 | grad 1.76 | 1.4k tok/s (avg 1.1k) | cert 0.35→0.56 | ticks [6.406 5.625 5.625 5.719 5.781 5.812 5.781 5.594] | Δticks -0.812 | pc 0.067 (Δ-0.039) | gate 0.496 | |M| 4.4444 | dist 4.998 | ETA 2698.5h
step   6040 | T=8 | loss 10.8171 | lr 3.00e-04 | grad 1.78 | 1.0k tok/s (avg 1.1k) | cert 0.42→0.56 | ticks [6.062 5.594 5.719 5.750 5.875 6.031 5.719 5.469] | Δticks -0.594 | pc 0.079 (Δ-0.047) | gate 0.496 | |M| 4.5089 | dist 5.833 | ETA 2698.7h
step   6050 | T=8 | loss 11.5567 | lr 3.00e-04 | grad 1.73 | 1.0k tok/s (avg 1.1k) | cert 0.64→0.66 | ticks [4.062 3.906 4.156 4.094 4.062 4.312 4.219 4.188] | Δticks +0.125 | pc 0.061 (Δ-0.034) | gate 0.496 | |M| 8.0536 | dist 8.183 | ETA 2699.1h
step   6060 | T=8 | loss 9.5956 | lr 3.00e-04 | grad 1.73 | 1.4k tok/s (avg 1.1k) | cert 0.43→0.62 | ticks [5.344 4.844 4.906 4.750 4.750 4.812 4.781 4.562] | Δticks -0.781 | pc 0.060 (Δ-0.025) | gate 0.496 | |M| 6.8094 | dist 5.387 | ETA 2698.0h
step   6070 | T=8 | loss 12.6437 | lr 3.00e-04 | grad 1.82 | 1.0k tok/s (avg 1.1k) | cert 0.67→0.67 | ticks [4.406 3.969 4.219 4.375 4.406 4.375 4.250 4.312] | Δticks -0.094 | pc 0.055 (Δ-0.019) | gate 0.496 | |M| 7.8407 | dist 8.939 | ETA 2698.3h
step   6080 | T=8 | loss 9.6363 | lr 3.00e-04 | grad 1.75 | 1.0k tok/s (avg 1.1k) | cert 0.31→0.55 | ticks [6.312 5.344 5.281 5.312 5.406 5.406 5.344 5.188] | Δticks -1.125 | pc 0.052 (Δ-0.038) | gate 0.496 | |M| 4.9031 | dist 4.765 | ETA 2698.7h
step   6090 | T=8 | loss 15.8946 | lr 3.00e-04 | grad 1.75 | 1.4k tok/s (avg 1.1k) | cert 0.57→0.64 | ticks [5.000 4.406 4.375 4.250 4.281 4.375 4.531 4.312] | Δticks -0.688 | pc 0.060 (Δ-0.056) | gate 0.496 | |M| 4.9048 | dist 11.893 | ETA 2697.6h
step   6100 | T=8 | loss 13.9675 | lr 3.00e-04 | grad 1.98 | 1.0k tok/s (avg 1.1k) | cert 0.35→0.59 | ticks [5.312 4.562 4.594 4.594 4.625 4.656 4.688 4.500] | Δticks -0.812 | pc 0.051 (Δ-0.024) | gate 0.496 | |M| 6.4082 | dist 9.888 | ETA 2698.0h
step   6110 | T=8 | loss 10.9952 | lr 3.00e-04 | grad 1.98 | 1.4k tok/s (avg 1.1k) | cert 0.36→0.63 | ticks [5.156 4.312 4.406 4.406 4.406 4.469 4.531 4.219] | Δticks -0.938 | pc 0.089 (Δ-0.049) | gate 0.496 | |M| 5.7034 | dist 7.214 | ETA 2696.9h
step   6120 | T=8 | loss 10.5354 | lr 3.00e-04 | grad 2.36 | 1.0k tok/s (avg 1.1k) | cert 0.52→0.65 | ticks [5.250 4.594 4.719 4.656 4.719 4.812 4.906 4.594] | Δticks -0.656 | pc 0.085 (Δ-0.081) | gate 0.496 | |M| 6.0848 | dist 6.393 | ETA 2697.2h
step   6130 | T=8 | loss 9.3829 | lr 3.00e-04 | grad 1.72 | 1.0k tok/s (avg 1.1k) | cert 0.32→0.53 | ticks [6.469 5.656 5.562 5.594 5.688 5.719 5.781 5.594] | Δticks -0.875 | pc 0.056 (Δ-0.036) | gate 0.496 | |M| 4.1071 | dist 4.167 | ETA 2697.6h
step   6140 | T=8 | loss 9.5403 | lr 3.00e-04 | grad 1.72 | 1.4k tok/s (avg 1.1k) | cert 0.47→0.65 | ticks [4.844 4.281 4.281 4.250 4.344 4.375 4.375 4.188] | Δticks -0.656 | pc 0.059 (Δ-0.034) | gate 0.496 | |M| 5.5685 | dist 5.813 | ETA 2696.5h
step   6150 | T=8 | loss 9.2024 | lr 3.00e-04 | grad 1.31 | 1.0k tok/s (avg 1.1k) | cert 0.30→0.61 | ticks [6.469 5.344 5.312 5.312 5.406 5.469 5.344 5.156] | Δticks -1.312 | pc 0.080 (Δ-0.022) | gate 0.496 | |M| 5.8060 | dist 4.433 | ETA 2696.8h
step   6160 | T=8 | loss 9.7783 | lr 3.00e-04 | grad 2.03 | 1.0k tok/s (avg 1.1k) | cert 0.46→0.61 | ticks [4.812 4.312 4.344 4.438 4.625 4.750 4.500 4.219] | Δticks -0.594 | pc 0.068 (Δ-0.018) | gate 0.496 | |M| 6.0404 | dist 5.888 | ETA 2697.2h
step   6170 | T=8 | loss 10.0621 | lr 3.00e-04 | grad 2.03 | 1.4k tok/s (avg 1.1k) | cert 0.35→0.55 | ticks [6.281 5.625 5.562 5.562 5.594 5.750 5.656 5.469] | Δticks -0.812 | pc 0.053 (Δ-0.023) | gate 0.496 | |M| 4.5902 | dist 4.997 | ETA 2696.1h
step   6180 | T=8 | loss 14.1429 | lr 3.00e-04 | grad 2.09 | 1.0k tok/s (avg 1.1k) | cert 0.34→0.59 | ticks [6.281 5.281 5.375 5.438 5.469 5.688 5.469 5.219] | Δticks -1.062 | pc 0.068 (Δ-0.054) | gate 0.496 | |M| 4.3134 | dist 9.343 | ETA 2696.5h
step   6190 | T=8 | loss 8.3787 | lr 3.00e-04 | grad 2.09 | 1.4k tok/s (avg 1.1k) | cert 0.33→0.54 | ticks [6.312 5.500 5.531 5.594 5.656 5.750 5.594 5.406] | Δticks -0.906 | pc 0.066 (Δ-0.051) | gate 0.496 | |M| 3.9103 | dist 3.253 | ETA 2695.4h
step   6200 | T=8 | loss 8.9759 | lr 3.00e-04 | grad 2.47 | 1.0k tok/s (avg 1.1k) | cert 0.16→0.50 | ticks [7.438 6.062 6.062 6.156 6.156 6.125 6.062 5.906] | Δticks -1.531 | pc 0.065 (Δ-0.036) | gate 0.496 | |M| 4.9949 | dist 3.451 | ETA 2695.7h
step   6210 | T=8 | loss 9.1193 | lr 3.00e-04 | grad 2.56 | 1.0k tok/s (avg 1.1k) | cert 0.42→0.62 | ticks [5.312 4.938 5.094 5.125 5.031 4.938 4.969 4.812] | Δticks -0.500 | pc 0.075 (Δ-0.049) | gate 0.496 | |M| 5.6548 | dist 4.807 | ETA 2696.1h
step   6220 | T=8 | loss 9.5636 | lr 3.00e-04 | grad 2.56 | 1.4k tok/s (avg 1.1k) | cert 0.63→0.67 | ticks [4.750 4.438 4.625 4.812 4.844 4.719 4.500 4.438] | Δticks -0.312 | pc 0.075 (Δ-0.064) | gate 0.496 | |M| 6.5730 | dist 5.680 | ETA 2695.0h
step   6230 | T=8 | loss 8.0438 | lr 3.00e-04 | grad 2.62 | 1.0k tok/s (avg 1.1k) | cert 0.44→0.66 | ticks [5.375 4.562 4.719 4.844 4.969 4.844 4.688 4.500] | Δticks -0.875 | pc 0.091 (Δ-0.109) | gate 0.497 | |M| 6.2596 | dist 3.933 | ETA 2695.3h
step   6240 | T=8 | loss 8.8952 | lr 3.00e-04 | grad 1.74 | 1.0k tok/s (avg 1.1k) | cert 0.33→0.67 | ticks [5.500 4.219 4.250 4.062 3.938 4.125 4.344 4.062] | Δticks -1.438 | pc 0.059 (Δ-0.042) | gate 0.496 | |M| 6.6555 | dist 5.354 | ETA 2695.7h
step   6250 | T=8 | loss 9.4792 | lr 3.00e-04 | grad 1.74 | 1.4k tok/s (avg 1.1k) | cert 0.42→0.70 | ticks [5.375 4.250 4.281 4.156 3.984 4.094 4.312 4.125] | Δticks -1.250 | pc 0.069 (Δ-0.051) | gate 0.496 | |M| 7.0517 | dist 5.808 | ETA 2694.6h
step   6260 | T=8 | loss 10.0784 | lr 3.00e-04 | grad 3.48 | 1.0k tok/s (avg 1.1k) | cert 0.31→0.61 | ticks [5.781 4.719 4.656 4.500 4.438 4.656 4.938 4.656] | Δticks -1.125 | pc 0.081 (Δ-0.048) | gate 0.496 | |M| 6.6590 | dist 6.012 | ETA 2694.9h
step   6270 | T=8 | loss 8.8534 | lr 3.00e-04 | grad 3.48 | 1.4k tok/s (avg 1.1k) | cert 0.42→0.67 | ticks [5.594 4.688 4.812 4.656 4.656 4.719 4.906 4.656] | Δticks -0.938 | pc 0.080 (Δ-0.050) | gate 0.496 | |M| 5.2051 | dist 4.791 | ETA 2693.9h
step   6280 | T=8 | loss 6.9283 | lr 3.00e-04 | grad 2.19 | 1.0k tok/s (avg 1.1k) | cert 0.18→0.55 | ticks [6.094 4.625 4.594 4.531 4.500 4.625 4.781 4.625] | Δticks -1.469 | pc 0.065 (Δ-0.032) | gate 0.496 | |M| 5.1163 | dist 2.862 | ETA 2694.2h
step   6290 | T=8 | loss 8.5559 | lr 3.00e-04 | grad 2.22 | 1.0k tok/s (avg 1.1k) | cert 0.35→0.62 | ticks [5.969 5.281 5.188 5.062 5.188 5.188 5.250 5.031] | Δticks -0.938 | pc 0.087 (Δ-0.045) | gate 0.496 | |M| 6.2306 | dist 3.933 | ETA 2694.6h
step   6300 | T=8 | loss 9.2644 | lr 3.00e-04 | grad 2.22 | 1.4k tok/s (avg 1.1k) | cert 0.25→0.51 | ticks [7.375 6.625 6.625 6.625 6.656 6.719 6.688 6.562] | Δticks -0.812 | pc 0.068 (Δ-0.039) | gate 0.496 | |M| 4.4085 | dist 3.180 | ETA 2693.5h
step   6310 | T=8 | loss 8.6261 | lr 3.00e-04 | grad 2.09 | 1.0k tok/s (avg 1.1k) | cert 0.21→0.55 | ticks [7.219 5.719 5.625 5.750 5.844 6.000 5.781 5.562] | Δticks -1.656 | pc 0.090 (Δ-0.053) | gate 0.496 | |M| 3.9397 | dist 3.356 | ETA 2693.9h
step   6320 | T=8 | loss 9.4382 | lr 3.00e-04 | grad 1.77 | 1.0k tok/s (avg 1.1k) | cert 0.14→0.54 | ticks [7.312 5.812 5.719 5.844 5.938 6.094 5.969 5.719] | Δticks -1.594 | pc 0.101 (Δ-0.063) | gate 0.496 | |M| 4.3264 | dist 4.004 | ETA 2694.2h
step   6330 | T=8 | loss 10.7241 | lr 3.00e-04 | grad 1.77 | 1.4k tok/s (avg 1.1k) | cert 0.33→0.56 | ticks [6.344 5.562 5.562 5.625 5.688 5.781 5.719 5.594] | Δticks -0.750 | pc 0.080 (Δ-0.057) | gate 0.496 | |M| 4.9255 | dist 5.541 | ETA 2693.2h
step   6340 | T=8 | loss 8.5043 | lr 3.00e-04 | grad 1.96 | 1.0k tok/s (avg 1.1k) | cert 0.21→0.53 | ticks [7.125 5.969 5.969 5.875 5.906 6.031 5.969 5.781] | Δticks -1.344 | pc 0.074 (Δ-0.054) | gate 0.496 | |M| 4.0785 | dist 3.060 | ETA 2693.5h
step   6350 | T=8 | loss 8.4046 | lr 3.00e-04 | grad 1.96 | 1.4k tok/s (avg 1.1k) | cert 0.23→0.54 | ticks [7.344 5.969 5.875 5.875 5.938 6.062 6.031 5.812] | Δticks -1.531 | pc 0.067 (Δ-0.036) | gate 0.496 | |M| 3.9888 | dist 2.934 | ETA 2692.5h
step   6360 | T=8 | loss 8.6073 | lr 3.00e-04 | grad 1.78 | 1.0k tok/s (avg 1.1k) | cert 0.30→0.55 | ticks [6.688 5.750 5.688 5.719 5.594 5.688 5.750 5.562] | Δticks -1.125 | pc 0.064 (Δ-0.029) | gate 0.496 | |M| 4.8876 | dist 3.452 | ETA 2692.8h
step   6370 | T=8 | loss 11.0694 | lr 3.00e-04 | grad 2.62 | 1.0k tok/s (avg 1.1k) | cert 0.49→0.59 | ticks [5.719 5.156 5.219 5.344 5.219 5.188 5.062 5.094] | Δticks -0.625 | pc 0.065 (Δ-0.050) | gate 0.496 | |M| 4.8928 | dist 6.445 | ETA 2693.1h
step   6380 | T=8 | loss 12.1073 | lr 3.00e-04 | grad 2.62 | 1.4k tok/s (avg 1.1k) | cert 0.35→0.54 | ticks [6.469 5.875 5.875 5.906 5.906 6.000 5.969 5.656] | Δticks -0.812 | pc 0.075 (Δ-0.037) | gate 0.496 | |M| 4.9624 | dist 6.934 | ETA 2692.1h
step   6390 | T=8 | loss 9.9006 | lr 3.00e-04 | grad 1.85 | 1.0k tok/s (avg 1.1k) | cert 0.19→0.48 | ticks [7.844 6.594 6.625 6.688 6.656 6.688 6.688 6.562] | Δticks -1.281 | pc 0.068 (Δ-0.044) | gate 0.496 | |M| 4.7362 | dist 3.849 | ETA 2692.4h
step   6400 | T=8 | loss 8.0882 | lr 3.00e-04 | grad 1.88 | 1.0k tok/s (avg 1.1k) | cert 0.42→0.67 | ticks [5.094 4.500 4.469 4.344 4.312 4.438 4.500 4.281] | Δticks -0.812 | pc 0.075 (Δ-0.062) | gate 0.496 | |M| 6.3220 | dist 4.294 | ETA 2692.7h
step   6410 | T=8 | loss 8.1362 | lr 3.00e-04 | grad 1.88 | 1.4k tok/s (avg 1.1k) | cert 0.25→0.58 | ticks [6.344 5.281 5.281 5.281 5.344 5.375 5.250 5.156] | Δticks -1.188 | pc 0.067 (Δ-0.046) | gate 0.496 | |M| 4.4123 | dist 3.367 | ETA 2691.7h
step   6420 | T=8 | loss 9.5028 | lr 3.00e-04 | grad 2.05 | 1.0k tok/s (avg 1.1k) | cert 0.30→0.53 | ticks [6.438 5.781 5.688 5.594 5.719 5.875 5.812 5.594] | Δticks -0.844 | pc 0.061 (Δ-0.038) | gate 0.496 | |M| 4.6078 | dist 4.344 | ETA 2692.0h
step   6430 | T=8 | loss 10.4982 | lr 3.00e-04 | grad 2.05 | 1.4k tok/s (avg 1.1k) | cert 0.39→0.66 | ticks [5.125 4.469 4.562 4.500 4.438 4.562 4.625 4.438] | Δticks -0.688 | pc 0.081 (Δ-0.059) | gate 0.496 | |M| 5.1534 | dist 6.740 | ETA 2691.0h
step   6440 | T=8 | loss 13.9805 | lr 3.00e-04 | grad 1.94 | 1.0k tok/s (avg 1.1k) | cert 0.46→0.60 | ticks [5.500 4.812 4.750 4.812 4.906 5.000 4.906 4.781] | Δticks -0.719 | pc 0.079 (Δ-0.043) | gate 0.496 | |M| 4.8087 | dist 9.664 | ETA 2691.4h
step   6450 | T=8 | loss 8.7468 | lr 3.00e-04 | grad 2.05 | 1.0k tok/s (avg 1.1k) | cert 0.31→0.59 | ticks [6.438 5.375 5.406 5.469 5.500 5.625 5.438 5.312] | Δticks -1.125 | pc 0.073 (Δ-0.058) | gate 0.496 | |M| 4.5780 | dist 3.799 | ETA 2691.7h
step   6460 | T=8 | loss 9.1823 | lr 3.00e-04 | grad 2.05 | 1.4k tok/s (avg 1.1k) | cert 0.57→0.68 | ticks [5.719 4.781 4.844 4.875 4.875 4.750 5.000 4.719] | Δticks -1.000 | pc 0.061 (Δ-0.049) | gate 0.496 | |M| 7.8660 | dist 4.878 | ETA 2690.7h
step   6470 | T=8 | loss 9.1799 | lr 3.00e-04 | grad 2.17 | 1.0k tok/s (avg 1.1k) | cert 0.26→0.48 | ticks [7.031 6.156 6.094 6.094 6.125 6.250 6.250 6.062] | Δticks -0.969 | pc 0.050 (Δ-0.031) | gate 0.496 | |M| 5.3534 | dist 3.519 | ETA 2691.0h
step   6480 | T=8 | loss 7.6113 | lr 3.00e-04 | grad 1.97 | 1.0k tok/s (avg 1.1k) | cert 0.41→0.68 | ticks [4.594 3.844 3.969 4.000 3.969 3.953 3.938 3.781] | Δticks -0.812 | pc 0.070 (Δ-0.046) | gate 0.496 | |M| 6.6382 | dist 4.253 | ETA 2691.3h
step   6490 | T=8 | loss 7.8043 | lr 3.00e-04 | grad 1.97 | 1.4k tok/s (avg 1.1k) | cert 0.30→0.62 | ticks [5.469 4.719 4.625 4.438 4.469 4.562 4.625 4.375] | Δticks -1.094 | pc 0.074 (Δ-0.044) | gate 0.496 | |M| 7.3611 | dist 3.841 | ETA 2690.3h
step   6500 | T=8 | loss 9.2839 | lr 3.00e-04 | grad 1.59 | 1.0k tok/s (avg 1.1k) | cert 0.33→0.65 | ticks [5.906 5.062 5.000 4.906 4.844 5.000 5.062 4.812] | Δticks -1.094 | pc 0.077 (Δ-0.034) | gate 0.496 | |M| 6.0409 | dist 4.974 | ETA 2690.6h
step   6510 | T=8 | loss 9.4515 | lr 3.00e-04 | grad 1.59 | 1.4k tok/s (avg 1.1k) | cert 0.27→0.56 | ticks [6.125 5.281 5.156 5.031 5.031 5.188 5.250 5.000] | Δticks -1.125 | pc 0.081 (Δ-0.019) | gate 0.496 | |M| 6.1361 | dist 4.864 | ETA 2689.7h
step   6520 | T=8 | loss 9.1332 | lr 3.00e-04 | grad 1.73 | 1.0k tok/s (avg 1.1k) | cert 0.33→0.54 | ticks [6.156 5.219 5.188 5.281 5.250 5.406 5.344 5.188] | Δticks -0.969 | pc 0.051 (Δ-0.038) | gate 0.496 | |M| 5.4459 | dist 4.344 | ETA 2690.0h
step   6530 | T=8 | loss 9.7087 | lr 3.00e-04 | grad 2.16 | 1.0k tok/s (avg 1.1k) | cert 0.33→0.54 | ticks [6.344 5.562 5.562 5.625 5.656 5.656 5.625 5.531] | Δticks -0.812 | pc 0.056 (Δ-0.031) | gate 0.496 | |M| 4.6764 | dist 4.588 | ETA 2690.3h
step   6540 | T=8 | loss 7.5005 | lr 3.00e-04 | grad 2.16 | 1.4k tok/s (avg 1.1k) | cert 0.52→0.65 | ticks [4.719 4.219 4.125 4.219 4.156 4.375 4.375 4.125] | Δticks -0.594 | pc 0.075 (Δ-0.043) | gate 0.496 | |M| 6.7519 | dist 3.841 | ETA 2689.3h
step   6550 | T=8 | loss 8.8365 | lr 3.00e-04 | grad 2.56 | 1.0k tok/s (avg 1.1k) | cert 0.33→0.55 | ticks [5.719 4.875 4.906 5.000 5.031 5.031 5.031 4.875] | Δticks -0.844 | pc 0.053 (Δ-0.033) | gate 0.496 | |M| 5.2589 | dist 4.335 | ETA 2689.6h
step   6560 | T=8 | loss 9.0502 | lr 3.00e-04 | grad 2.17 | 1.0k tok/s (avg 1.1k) | cert 0.35→0.58 | ticks [6.125 5.156 5.219 5.250 5.344 5.375 5.281 5.156] | Δticks -0.969 | pc 0.078 (Δ-0.049) | gate 0.496 | |M| 5.0889 | dist 4.464 | ETA 2690.0h
step   6570 | T=8 | loss 7.2548 | lr 3.00e-04 | grad 2.17 | 1.4k tok/s (avg 1.1k) | cert 0.29→0.56 | ticks [6.438 5.094 5.094 5.188 5.125 5.156 5.188 4.969] | Δticks -1.469 | pc 0.069 (Δ-0.058) | gate 0.496 | |M| 5.1496 | dist 2.692 | ETA 2689.0h
step   6580 | T=8 | loss 7.2611 | lr 3.00e-04 | grad 2.39 | 1.0k tok/s (avg 1.1k) | cert 0.48→0.66 | ticks [4.281 3.719 3.703 3.672 3.750 3.766 3.688 3.359] | Δticks -0.922 | pc 0.059 (Δ-0.041) | gate 0.496 | |M| 7.4531 | dist 4.366 | ETA 2689.3h
step   6590 | T=8 | loss 7.9360 | lr 3.00e-04 | grad 2.39 | 1.4k tok/s (avg 1.1k) | cert 0.41→0.59 | ticks [5.219 4.375 4.375 4.375 4.562 4.531 4.469 4.250] | Δticks -0.969 | pc 0.055 (Δ-0.032) | gate 0.496 | |M| 5.0750 | dist 3.984 | ETA 2688.3h
step   6600 | T=8 | loss 9.4014 | lr 3.00e-04 | grad 2.14 | 1.0k tok/s (avg 1.1k) | cert 0.28→0.54 | ticks [6.188 5.344 5.281 5.188 5.344 5.375 5.344 5.156] | Δticks -1.031 | pc 0.075 (Δ-0.035) | gate 0.496 | |M| 5.4972 | dist 4.663 | ETA 2688.6h
step   6610 | T=8 | loss 10.0773 | lr 3.00e-04 | grad 2.14 | 1.0k tok/s (avg 1.1k) | cert 0.59→0.66 | ticks [4.500 4.094 4.125 4.125 4.281 4.344 4.219 4.000] | Δticks -0.500 | pc 0.072 (Δ-0.068) | gate 0.496 | |M| 6.5722 | dist 6.588 | ETA 2688.9h
step   6620 | T=8 | loss 9.0093 | lr 3.00e-04 | grad 2.14 | 1.4k tok/s (avg 1.1k) | cert 0.32→0.55 | ticks [5.594 4.875 4.938 4.938 5.000 4.938 4.938 4.875] | Δticks -0.719 | pc 0.049 (Δ-0.028) | gate 0.496 | |M| 5.0194 | dist 4.505 | ETA 2688.0h
step   6630 | T=8 | loss 9.1296 | lr 3.00e-04 | grad 1.52 | 1.0k tok/s (avg 1.1k) | cert 0.54→0.64 | ticks [4.531 4.000 4.031 4.125 4.188 4.219 4.125 3.781] | Δticks -0.750 | pc 0.059 (Δ-0.051) | gate 0.496 | |M| 6.3175 | dist 5.705 | ETA 2688.3h
step   6640 | T=8 | loss 7.5261 | lr 3.00e-04 | grad 1.71 | 1.0k tok/s (avg 1.1k) | cert 0.35→0.57 | ticks [5.625 4.750 4.688 4.750 4.781 4.938 4.875 4.688] | Δticks -0.938 | pc 0.044 (Δ-0.027) | gate 0.496 | |M| 5.8457 | dist 3.200 | ETA 2688.6h
step   6650 | T=8 | loss 7.6792 | lr 3.00e-04 | grad 1.71 | 1.4k tok/s (avg 1.1k) | cert 0.28→0.57 | ticks [5.844 4.906 4.969 4.938 4.812 4.781 4.844 4.719] | Δticks -1.125 | pc 0.064 (Δ-0.036) | gate 0.496 | |M| 6.0162 | dist 3.381 | ETA 2687.7h
step   6660 | T=8 | loss 11.1289 | lr 3.00e-04 | grad 2.88 | 1.0k tok/s (avg 1.1k) | cert 0.33→0.62 | ticks [6.125 5.250 5.344 5.344 5.281 5.344 5.406 5.188] | Δticks -0.938 | pc 0.068 (Δ-0.032) | gate 0.496 | |M| 5.3627 | dist 6.446 | ETA 2688.0h
step   6670 | T=8 | loss 6.2777 | lr 3.00e-04 | grad 2.88 | 1.4k tok/s (avg 1.1k) | cert 0.39→0.66 | ticks [4.531 3.797 3.766 3.703 3.641 3.750 3.797 3.516] | Δticks -1.016 | pc 0.049 (Δ-0.041) | gate 0.496 | |M| 7.7685 | dist 3.190 | ETA 2687.0h
step   6680 | T=8 | loss 14.7689 | lr 3.00e-04 | grad 2.53 | 1.0k tok/s (avg 1.1k) | cert 0.31→0.51 | ticks [6.062 5.438 5.469 5.531 5.438 5.375 5.469 5.344] | Δticks -0.719 | pc 0.062 (Δ-0.033) | gate 0.496 | |M| 4.6720 | dist 9.776 | ETA 2687.3h
step   6690 | T=8 | loss 9.7533 | lr 3.00e-04 | grad 1.62 | 1.0k tok/s (avg 1.1k) | cert 0.44→0.55 | ticks [5.781 5.062 5.031 5.094 5.125 5.188 5.188 4.938] | Δticks -0.844 | pc 0.048 (Δ-0.027) | gate 0.496 | |M| 5.6273 | dist 5.102 | ETA 2687.6h
step   6700 | T=8 | loss 11.0717 | lr 3.00e-04 | grad 1.62 | 1.4k tok/s (avg 1.1k) | cert 0.50→0.60 | ticks [5.531 5.125 4.969 5.031 5.125 5.188 5.125 4.875] | Δticks -0.656 | pc 0.061 (Δ-0.024) | gate 0.496 | |M| 5.5727 | dist 6.516 | ETA 2686.7h
step   6710 | T=8 | loss 8.0916 | lr 3.00e-04 | grad 2.38 | 1.0k tok/s (avg 1.1k) | cert 0.36→0.52 | ticks [5.906 5.219 5.219 5.219 5.156 5.156 5.156 5.031] | Δticks -0.875 | pc 0.045 (Δ-0.027) | gate 0.496 | |M| 4.8449 | dist 3.387 | ETA 2687.0h
step   6720 | T=8 | loss 8.2139 | lr 3.00e-04 | grad 2.20 | 1.0k tok/s (avg 1.1k) | cert 0.18→0.44 | ticks [7.250 5.812 5.781 5.875 5.844 5.812 5.719 5.625] | Δticks -1.625 | pc 0.075 (Δ-0.039) | gate 0.496 | |M| 5.1708 | dist 3.003 | ETA 2687.3h
step   6730 | T=8 | loss 8.7287 | lr 3.00e-04 | grad 2.20 | 1.4k tok/s (avg 1.1k) | cert 0.33→0.53 | ticks [6.188 5.344 5.344 5.344 5.312 5.281 5.250 5.156] | Δticks -1.031 | pc 0.048 (Δ-0.037) | gate 0.496 | |M| 5.4052 | dist 3.899 | ETA 2686.4h
step   6740 | T=8 | loss 10.1566 | lr 3.00e-04 | grad 1.79 | 1.0k tok/s (avg 1.1k) | cert 0.46→0.64 | ticks [5.031 4.281 4.312 4.344 4.312 4.375 4.438 4.188] | Δticks -0.844 | pc 0.055 (Δ-0.048) | gate 0.496 | |M| 7.5838 | dist 6.501 | ETA 2686.7h
step   6750 | T=8 | loss 9.0827 | lr 3.00e-04 | grad 1.79 | 1.4k tok/s (avg 1.1k) | cert 0.48→0.66 | ticks [5.406 4.562 4.594 4.750 4.781 4.688 4.562 4.406] | Δticks -1.000 | pc 0.057 (Δ-0.055) | gate 0.496 | |M| 5.6520 | dist 5.044 | ETA 2685.8h
step   6760 | T=8 | loss 10.3895 | lr 3.00e-04 | grad 1.66 | 1.0k tok/s (avg 1.1k) | cert 0.41→0.65 | ticks [5.094 4.219 4.219 4.156 4.188 4.188 4.188 4.000] | Δticks -1.094 | pc 0.057 (Δ-0.059) | gate 0.496 | |M| 7.6944 | dist 6.857 | ETA 2686.1h
step   6770 | T=8 | loss 8.4805 | lr 3.00e-04 | grad 1.61 | 1.0k tok/s (avg 1.1k) | cert 0.34→0.53 | ticks [6.406 5.875 5.750 5.625 5.656 5.812 5.844 5.656] | Δticks -0.750 | pc 0.051 (Δ-0.030) | gate 0.496 | |M| 4.3552 | dist 3.268 | ETA 2686.4h
step   6780 | T=8 | loss 8.8691 | lr 3.00e-04 | grad 1.61 | 1.4k tok/s (avg 1.1k) | cert 0.23→0.51 | ticks [7.094 6.281 6.156 6.094 6.156 6.312 6.250 6.062] | Δticks -1.031 | pc 0.059 (Δ-0.020) | gate 0.496 | |M| 4.7070 | dist 3.215 | ETA 2685.5h
step   6790 | T=8 | loss 9.0657 | lr 3.00e-04 | grad 1.71 | 1.0k tok/s (avg 1.1k) | cert 0.26→0.51 | ticks [6.688 5.875 5.812 5.781 5.781 5.812 5.906 5.750] | Δticks -0.938 | pc 0.044 (Δ-0.018) | gate 0.496 | |M| 4.5442 | dist 3.794 | ETA 2685.8h
step   6800 | T=8 | loss 7.7311 | lr 3.00e-04 | grad 1.76 | 1.0k tok/s (avg 1.1k) | cert 0.29→0.60 | ticks [5.625 4.812 4.781 4.625 4.625 4.625 4.719 4.531] | Δticks -1.094 | pc 0.064 (Δ-0.032) | gate 0.496 | |M| 7.2994 | dist 3.650 | ETA 2686.1h
step   6810 | T=8 | loss 12.7803 | lr 3.00e-04 | grad 1.76 | 1.4k tok/s (avg 1.1k) | cert 0.45→0.60 | ticks [5.188 4.656 4.750 4.750 4.688 4.719 4.750 4.594] | Δticks -0.594 | pc 0.059 (Δ-0.032) | gate 0.496 | |M| 6.2703 | dist 8.607 | ETA 2685.1h
step   6820 | T=8 | loss 7.3393 | lr 3.00e-04 | grad 1.80 | 1.0k tok/s (avg 1.1k) | cert 0.40→0.65 | ticks [5.250 4.188 4.375 4.250 4.219 4.281 4.344 4.125] | Δticks -1.125 | pc 0.069 (Δ-0.036) | gate 0.496 | |M| 7.8773 | dist 3.811 | ETA 2685.4h
step   6830 | T=8 | loss 8.8247 | lr 3.00e-04 | grad 1.80 | 1.4k tok/s (avg 1.1k) | cert 0.26→0.53 | ticks [6.062 4.812 4.781 4.750 4.750 4.719 4.812 4.656] | Δticks -1.406 | pc 0.057 (Δ-0.019) | gate 0.496 | |M| 4.7894 | dist 4.650 | ETA 2684.5h
step   6840 | T=8 | loss 10.3687 | lr 3.00e-04 | grad 1.98 | 1.0k tok/s (avg 1.1k) | cert 0.25→0.54 | ticks [6.781 5.562 5.594 5.750 5.719 5.688 5.688 5.562] | Δticks -1.219 | pc 0.054 (Δ-0.039) | gate 0.496 | |M| 4.9058 | dist 5.280 | ETA 2684.8h
step   6850 | T=8 | loss 13.1030 | lr 3.00e-04 | grad 2.17 | 1.0k tok/s (avg 1.1k) | cert 0.33→0.56 | ticks [5.500 5.094 5.156 5.188 5.281 5.281 5.250 5.094] | Δticks -0.406 | pc 0.053 (Δ-0.046) | gate 0.496 | |M| 6.0190 | dist 8.441 | ETA 2685.1h
step   6860 | T=8 | loss 10.6057 | lr 3.00e-04 | grad 2.17 | 1.4k tok/s (avg 1.1k) | cert 0.42→0.58 | ticks [5.812 5.188 5.125 5.000 5.156 5.344 5.375 5.062] | Δticks -0.750 | pc 0.060 (Δ-0.045) | gate 0.496 | |M| 5.5864 | dist 5.972 | ETA 2684.2h
step   6870 | T=8 | loss 8.6715 | lr 3.00e-04 | grad 2.02 | 1.0k tok/s (avg 1.1k) | cert 0.30→0.58 | ticks [6.312 5.250 5.344 5.438 5.438 5.469 5.344 5.219] | Δticks -1.094 | pc 0.069 (Δ-0.052) | gate 0.496 | |M| 4.2507 | dist 3.918 | ETA 2684.5h
step   6880 | T=8 | loss 12.7319 | lr 3.00e-04 | grad 1.52 | 1.0k tok/s (avg 1.1k) | cert 0.31→0.57 | ticks [6.562 5.312 5.375 5.531 5.594 5.656 5.406 5.281] | Δticks -1.281 | pc 0.048 (Δ-0.048) | gate 0.496 | |M| 5.5696 | dist 7.842 | ETA 2684.8h
step   6890 | T=8 | loss 8.8432 | lr 3.00e-04 | grad 1.52 | 1.4k tok/s (avg 1.1k) | cert 0.30→0.59 | ticks [5.219 4.250 4.188 4.188 4.312 4.406 4.312 4.094] | Δticks -1.125 | pc 0.052 (Δ-0.030) | gate 0.496 | |M| 6.5768 | dist 5.156 | ETA 2683.9h
step   6900 | T=8 | loss 11.1557 | lr 3.00e-04 | grad 2.19 | 1.0k tok/s (avg 1.1k) | cert 0.50→0.62 | ticks [5.094 4.531 4.500 4.594 4.625 4.750 4.656 4.406] | Δticks -0.688 | pc 0.060 (Δ-0.046) | gate 0.496 | |M| 6.3246 | dist 7.189 | ETA 2684.2h
step   6910 | T=8 | loss 7.7247 | lr 3.00e-04 | grad 2.19 | 1.4k tok/s (avg 1.1k) | cert 0.24→0.54 | ticks [6.406 5.188 5.281 5.250 5.125 5.188 5.188 5.031] | Δticks -1.375 | pc 0.057 (Δ-0.034) | gate 0.496 | |M| 5.0623 | dist 3.076 | ETA 2683.3h
step   6920 | T=8 | loss 13.4610 | lr 3.00e-04 | grad 2.95 | 0.8k tok/s (avg 1.1k) | cert 0.37→0.57 | ticks [6.281 5.750 5.750 5.781 5.781 5.844 5.750 5.562] | Δticks -0.719 | pc 0.066 (Δ-0.029) | gate 0.496 | |M| 5.1785 | dist 8.352 | ETA 2684.3h
step   6930 | T=8 | loss 8.3591 | lr 3.00e-04 | grad 1.89 | 0.9k tok/s (avg 1.1k) | cert 0.47→0.68 | ticks [5.094 4.594 4.562 4.469 4.469 4.406 4.438 4.250] | Δticks -0.844 | pc 0.064 (Δ-0.046) | gate 0.496 | |M| 6.6420 | dist 4.557 | ETA 2685.2h
step   6940 | T=8 | loss 7.7076 | lr 3.00e-04 | grad 1.89 | 1.4k tok/s (avg 1.1k) | cert 0.56→0.71 | ticks [4.250 3.750 3.688 3.734 3.688 3.656 3.703 3.562] | Δticks -0.688 | pc 0.061 (Δ-0.030) | gate 0.496 | |M| 7.4546 | dist 4.638 | ETA 2684.2h
step   6950 | T=8 | loss 9.7527 | lr 3.00e-04 | grad 2.56 | 0.9k tok/s (avg 1.1k) | cert 0.38→0.61 | ticks [5.688 4.969 5.031 4.875 4.875 4.844 4.969 4.781] | Δticks -0.906 | pc 0.059 (Δ-0.046) | gate 0.496 | |M| 5.4376 | dist 5.379 | ETA 2685.2h
step   6960 | T=8 | loss 8.0724 | lr 3.00e-04 | grad 1.64 | 0.8k tok/s (avg 1.1k) | cert 0.36→0.64 | ticks [4.906 4.250 4.125 4.031 4.000 4.031 4.219 3.922] | Δticks -0.984 | pc 0.052 (Δ-0.037) | gate 0.496 | |M| 7.2078 | dist 4.654 | ETA 2686.2h
step   6970 | T=8 | loss 8.2821 | lr 3.00e-04 | grad 1.64 | 1.4k tok/s (avg 1.1k) | cert 0.21→0.49 | ticks [7.156 5.969 6.031 6.000 5.969 5.938 6.000 5.844] | Δticks -1.312 | pc 0.060 (Δ-0.019) | gate 0.496 | |M| 4.6381 | dist 2.857 | ETA 2685.3h
step   6980 | T=8 | loss 11.4804 | lr 3.00e-04 | grad 2.00 | 0.9k tok/s (avg 1.1k) | cert 0.55→0.63 | ticks [4.812 4.469 4.469 4.438 4.469 4.656 4.656 4.469] | Δticks -0.344 | pc 0.065 (Δ-0.056) | gate 0.496 | |M| 6.1463 | dist 7.676 | ETA 2686.0h
step   6990 | T=8 | loss 7.6091 | lr 3.00e-04 | grad 2.00 | 1.4k tok/s (avg 1.1k) | cert 0.35→0.61 | ticks [5.156 4.531 4.500 4.375 4.312 4.406 4.531 4.188] | Δticks -0.969 | pc 0.054 (Δ-0.041) | gate 0.496 | |M| 6.8766 | dist 3.866 | ETA 2685.1h
step   7000 | T=8 | loss 6.9310 | lr 3.00e-04 | grad 2.38 | 0.9k tok/s (avg 1.1k) | cert 0.25→0.57 | ticks [5.688 4.406 4.438 4.469 4.469 4.469 4.375 4.250] | Δticks -1.438 | pc 0.046 (Δ-0.033) | gate 0.496 | |M| 5.9359 | dist 3.029 | ETA 2685.9h
[CachedTeacherDataset/eval] 9 shards (of 199 total) under teacher_cache/phase1 | seq_len=512 top_k=128
  >>> val @ step 7000:
  T=8 | CE=4.6767 | PPL=107.41 | top1=22.4% | top5=41.1% | (25600 tok)
